{"type":"FeatureCollection","name":"Сражения и военные события","crs":{"type":"name","properties":{"name":"urn:ogc:def:crs:OGC:1.3/CRS84"}},"features":[{"type":"Feature","id":"battles:0b2a32a99cb9","geometry":{"type":"Point","coordinates":[35.7675,52.689722]},"properties":{"uid":"battles:0b2a32a99cb9","layer":"battles","layer_title":"Сражения и военные события","group":"military","title":"Осада Кром","category":"Смутное время 1598–1613","date_precision":"unknown","date_approx":false,"work":"Смутное время 1598–1613","url":"https://ru.wikipedia.org/wiki/Осада Кром","source":"Русская Википедия / Викиданные","source_id":"Q21394606","license":"CC BY-SA 4.0","confidence":"ok","extra":{"era":"Русское царство","war_raw":"Смутное время 1598–1613"}}},{"type":"Feature","id":"battles:a46ad3e5210c","geometry":{"type":"Point","coordinates":[38.1297,56.31]},"properties":{"uid":"battles:a46ad3e5210c","layer":"battles","layer_title":"Сражения и военные события","group":"military","title":"Троицкая осада","category":"Смутное время 1598–1613","date_precision":"unknown","date_approx":false,"work":"Смутное время 1598–1613","url":"https://ru.wikipedia.org/wiki/Троицкая осада","source":"Русская Википедия / Викиданные","source_id":"Q4463439","license":"CC BY-SA 4.0","confidence":"ok","extra":{"era":"Русское царство","war_raw":"Смутное время 1598–1613"}}},{"type":"Feature","id":"battles:1712697483d6","geometry":{"type":"Point","coordinates":[37.511389,55.796944]},"properties":{"uid":"battles:1712697483d6","layer":"battles","layer_title":"Сражения и военные события","group":"military","title":"Бои на Ходынке","category":"Смутное время 1598–1613","date_precision":"unknown","date_approx":false,"work":"Смутное время 1598–1613","summary":"Бои на Ходынке — бои на реке Ходынке между обосновавшимися в Тушинском лагере отрядами Лжедмитрия II и войсками Василия Шуйского. В их результате ни одна сторона не смогла достичь решительной победы. Войска Лжедмитрия II безуспешно пытались захватить Москву, а войска царя Василия Шуйского — выбить своего противника из его лагеря и устранить угрозу столице.","url":"https://ru.wikipedia.org/wiki/Бои на Ходынке","source":"Русская Википедия / Викиданные","source_id":"Q111751015","license":"CC BY-SA 4.0","confidence":"place_level","extra":{"era":"Русское царство","war_raw":"Смутное время 1598–1613"}}},{"type":"Feature","id":"battles:cebfc8bfb64d","geometry":{"type":"Point","coordinates":[26.361111,59.350556]},"properties":{"uid":"battles:cebfc8bfb64d","layer":"battles","layer_title":"Сражения и военные события","group":"military","title":"Осада Везенберга (1574)","category":"Ливонская война 1558–1583","year_from":1574,"year_to":1574,"date_precision":"year","date_approx":false,"work":"Ливонская война 1558–1583","summary":"Осада Везенберга — эпизод Ливонской войны, в ходе которого шведское войско попыталось овладеть замком Везенберг , удерживаемым русским гарнизоном. После нескольких неудачных штурмов осада была прервана из-за кровавого конфликта, вспыхнувшего в рядах наёмников шведского войска.","url":"https://ru.wikipedia.org/wiki/Осада Везенберга (1574)","source":"Русская Википедия / Викиданные","source_id":"Q7510514","license":"CC BY-SA 4.0","confidence":"ok","extra":{"era":"Русское царство","war_raw":"Ливонская война 1558–1583"}}},{"type":"Feature","id":"battles:e13454f0c8c9","geometry":{"type":"Point","coordinates":[25.566667,58.883333]},"properties":{"uid":"battles:e13454f0c8c9","layer":"battles","layer_title":"Сражения и военные события","group":"military","title":"Осада Вейсенштейна (1573)","category":"Ливонская война 1558–1583","year_from":1573,"year_to":1573,"date_precision":"year","date_approx":false,"work":"Ливонская война 1558–1583","url":"https://ru.wikipedia.org/wiki/Осада Вейсенштейна (1573)","source":"Русская Википедия / Викиданные","source_id":"Q3739720","license":"CC BY-SA 4.0","confidence":"ok","extra":{"era":"Русское царство","war_raw":"Ливонская война 1558–1583"}}},{"type":"Feature","id":"battles:48fd82e80d37","geometry":{"type":"Point","coordinates":[29.451194,56.408861]},"properties":{"uid":"battles:48fd82e80d37","layer":"battles","layer_title":"Сражения и военные события","group":"military","title":"Осада Заволочья","category":"Ливонская война 1558–1583","date_precision":"unknown","date_approx":false,"work":"Ливонская война 1558–1583","url":"https://ru.wikipedia.org/wiki/Осада Заволочья","source":"Русская Википедия / Викиданные","source_id":"Q11794925","license":"CC BY-SA 4.0","confidence":"place_level","extra":{"era":"Русское царство","war_raw":"Ливонская война 1558–1583"}}},{"type":"Feature","id":"battles:6a73a167d2d0","geometry":{"type":"Point","coordinates":[27.050278,57.423889]},"properties":{"uid":"battles:6a73a167d2d0","layer":"battles","layer_title":"Сражения и военные события","group":"military","title":"Осада Мариенбурга (1560)","category":"Ливонская война 1558–1583","year_from":1560,"year_to":1560,"date_precision":"year","date_approx":false,"work":"Ливонская война 1558–1583","url":"https://ru.wikipedia.org/wiki/Осада Мариенбурга (1560)","source":"Русская Википедия / Викиданные","source_id":"Q137462193","license":"CC BY-SA 4.0","confidence":"place_level","extra":{"era":"Русское царство","war_raw":"Ливонская война 1558–1583"}}},{"type":"Feature","id":"battles:2e6c180f4ec8","geometry":{"type":"Point","coordinates":[24.745,59.437222]},"properties":{"uid":"battles:2e6c180f4ec8","layer":"battles","layer_title":"Сражения и военные события","group":"military","title":"Осада Ревеля (1570—1571)","category":"Ливонская война 1558–1583","year_from":1570,"year_to":1571,"date_precision":"year","date_approx":false,"work":"Ливонская война 1558–1583","url":"https://ru.wikipedia.org/wiki/Осада Ревеля (1570—1571)","source":"Русская Википедия / Викиданные","source_id":"Q18623473","license":"CC BY-SA 4.0","confidence":"ok","extra":{"era":"Русское царство","war_raw":"Ливонская война 1558–1583"}}},{"type":"Feature","id":"battles:f28499304a15","geometry":{"type":"Point","coordinates":[28.539722,55.731111]},"properties":{"uid":"battles:f28499304a15","layer":"battles","layer_title":"Сражения и военные события","group":"military","title":"Осада крепости Сокол","category":"Ливонская война 1558–1583","date_precision":"unknown","date_approx":false,"work":"Ливонская война 1558–1583","url":"https://ru.wikipedia.org/wiki/Осада крепости Сокол","source":"Русская Википедия / Викиданные","source_id":"Q4337467","license":"CC BY-SA 4.0","confidence":"place_level","extra":{"era":"Русское царство","war_raw":"Ливонская война 1558–1583"}}},{"type":"Feature","id":"battles:651041263df9","geometry":{"type":"Point","coordinates":[31.294722,51.493889]},"properties":{"uid":"battles:651041263df9","layer":"battles","layer_title":"Сражения и военные события","group":"military","title":"Осада Чернигова (1579)","category":"Ливонская война 1558–1583","year_from":1579,"year_to":1579,"date_precision":"year","date_approx":false,"work":"Ливонская война 1558–1583","url":"https://ru.wikipedia.org/wiki/Осада Чернигова (1579)","source":"Русская Википедия / Викиданные","source_id":"Q97315681","license":"CC BY-SA 4.0","confidence":"place_level","extra":{"era":"Русское царство","war_raw":"Ливонская война 1558–1583"}}},{"type":"Feature","id":"battles:cb4e063ec4ff","geometry":{"type":"Point","coordinates":[35.945639,54.667583]},"properties":{"uid":"battles:cb4e063ec4ff","layer":"battles","layer_title":"Сражения и военные события","group":"military","title":"Осада Калуги (1617—1618)","category":"Русско-польская война 1609–1618","year_from":1617,"year_to":1618,"date_precision":"year","date_approx":false,"work":"Русско-польская война 1609–1618","url":"https://ru.wikipedia.org/wiki/Осада Калуги (1617—1618)","source":"Русская Википедия / Викиданные","source_id":"Q120653269","license":"CC BY-SA 4.0","confidence":"ok","extra":{"era":"Русское царство","war_raw":"Русско-польская война 1609–1618"}}},{"type":"Feature","id":"battles:876e74426d34","geometry":{"type":"Point","coordinates":[37.617778,55.755833]},"properties":{"uid":"battles:876e74426d34","layer":"battles","layer_title":"Сражения и военные события","group":"military","title":"Осада Москвы (1618)","category":"Русско-польская война 1609–1618","year_from":1618,"year_to":1618,"date_precision":"year","date_approx":false,"work":"Русско-польская война 1609–1618","url":"https://ru.wikipedia.org/wiki/Осада Москвы (1618)","source":"Русская Википедия / Викиданные","source_id":"Q16683527","license":"CC BY-SA 4.0","confidence":"ok","extra":{"era":"Русское царство","war_raw":"Русско-польская война 1609–1618"}}},{"type":"Feature","id":"battles:6f9edf9a3877","geometry":{"type":"Point","coordinates":[32.05,54.783333]},"properties":{"uid":"battles:6f9edf9a3877","layer":"battles","layer_title":"Сражения и военные события","group":"military","title":"Осада Смоленска (1613—1617)","category":"Русско-польская война 1609–1618","year_from":1613,"year_to":1617,"date_precision":"year","date_approx":false,"work":"Русско-польская война 1609–1618","url":"https://ru.wikipedia.org/wiki/Осада Смоленска (1613—1617)","source":"Русская Википедия / Викиданные","source_id":"Q16683537","license":"CC BY-SA 4.0","confidence":"ok","extra":{"era":"Русское царство","war_raw":"Русско-польская война 1609–1618"}}},{"type":"Feature","id":"battles:159ff3c7abd5","geometry":{"type":"Point","coordinates":[44.003212,56.328453]},"properties":{"uid":"battles:159ff3c7abd5","layer":"battles","layer_title":"Сражения и военные события","group":"military","title":"Осада Нижнего Новгорода (1505)","category":"Русско-казанские войны","year_from":1505,"year_to":1505,"date_precision":"year","date_approx":false,"work":"Русско-казанские войны","url":"https://ru.wikipedia.org/wiki/Осада Нижнего Новгорода (1505)","source":"Русская Википедия / Викиданные","source_id":"Q124966575","license":"CC BY-SA 4.0","confidence":"ok","extra":{"era":"Русское царство","war_raw":"Русско-казанские войны"}}},{"type":"Feature","id":"battles:02811011d067","geometry":{"type":"Point","coordinates":[31.039116,59.954012]},"properties":{"uid":"battles:02811011d067","layer":"battles","layer_title":"Сражения и военные события","group":"military","title":"Осада Орешка (1611—1612)","category":"Русско-шведская война 1610–1617","year_from":1611,"year_to":1612,"date_precision":"year","date_approx":false,"work":"Русско-шведская война 1610–1617","url":"https://ru.wikipedia.org/wiki/Осада Орешка (1611—1612)","source":"Русская Википедия / Викиданные","source_id":"Q60851480","license":"CC BY-SA 4.0","confidence":"ok","extra":{"era":"Русское царство","war_raw":"Русско-шведская война 1610–1617"}}},{"type":"Feature","id":"battles:4a61e55b74ec","geometry":{"type":"Point","coordinates":[28.333333,57.816667]},"properties":{"uid":"battles:4a61e55b74ec","layer":"battles","layer_title":"Сражения и военные события","group":"military","title":"Осада Пскова (1611, осень)","category":"Русско-шведская война 1610–1617","date_precision":"unknown","date_approx":false,"work":"Русско-шведская война 1610–1617","url":"https://ru.wikipedia.org/wiki/Осада Пскова (1611, осень)","source":"Русская Википедия / Викиданные","source_id":"Q107649436","license":"CC BY-SA 4.0","confidence":"place_level","extra":{"era":"Русское царство","war_raw":"Русско-шведская война 1610–1617"}}},{"type":"Feature","id":"battles:c0c22be95893","geometry":{"type":"Point","coordinates":[33.5,59.633333]},"properties":{"uid":"battles:c0c22be95893","layer":"battles","layer_title":"Сражения и военные события","group":"military","title":"Тихвинская осада","category":"Русско-шведская война 1610–1617","date_precision":"unknown","date_approx":false,"work":"Русско-шведская война 1610–1617","url":"https://ru.wikipedia.org/wiki/Тихвинская осада","source":"Русская Википедия / Викиданные","source_id":"Q19916938","license":"CC BY-SA 4.0","confidence":"ok","extra":{"era":"Русское царство","war_raw":"Русско-шведская война 1610–1617"}}},{"type":"Feature","id":"battles:e53e85401884","geometry":{"type":"Point","coordinates":[26.5,55.883333]},"properties":{"uid":"battles:e53e85401884","layer":"battles","layer_title":"Сражения и военные события","group":"military","title":"Осада Динабурга","category":"Русско-шведская война 1656–1658","date_precision":"unknown","date_approx":false,"work":"Русско-шведская война 1656–1658","url":"https://ru.wikipedia.org/wiki/Осада Динабурга","source":"Русская Википедия / Викиданные","source_id":"Q4337377","license":"CC BY-SA 4.0","confidence":"ok","extra":{"era":"Русское царство","war_raw":"Русско-шведская война 1656–1658"}}},{"type":"Feature","id":"battles:b387ab396c26","geometry":{"type":"Point","coordinates":[19.04435,54.02846]},"properties":{"uid":"battles:b387ab396c26","layer":"battles","layer_title":"Сражения и военные события","group":"military","title":"Осады Мариенбурга (1657)","category":"Русско-шведская война 1656–1658","year_from":1657,"year_to":1657,"date_precision":"year","date_approx":false,"work":"Русско-шведская война 1656–1658","url":"https://ru.wikipedia.org/wiki/Осады Мариенбурга (1657)","source":"Русская Википедия / Викиданные","source_id":"Q131378685","license":"CC BY-SA 4.0","confidence":"place_level","extra":{"era":"Русское царство","war_raw":"Русско-шведская война 1656–1658"}}},{"type":"Feature","id":"battles:c47eabcdea07","geometry":{"type":"Point","coordinates":[24.1064,56.9489]},"properties":{"uid":"battles:c47eabcdea07","layer":"battles","layer_title":"Сражения и военные события","group":"military","title":"Осада Риги (1656)","category":"Русско-шведская война 1656–1658","year_from":1656,"year_to":1656,"date_precision":"year","date_approx":false,"work":"Русско-шведская война 1656–1658","url":"https://ru.wikipedia.org/wiki/Осада Риги (1656)","source":"Русская Википедия / Викиданные","source_id":"Q595785","license":"CC BY-SA 4.0","confidence":"ok","extra":{"era":"Русское царство","war_raw":"Русско-шведская война 1656–1658"}}},{"type":"Feature","id":"battles:b02057faba02","geometry":{"type":"Point","coordinates":[44.003212,56.328453]},"properties":{"uid":"battles:b02057faba02","layer":"battles","layer_title":"Сражения и военные события","group":"military","title":"Битва за Нижний Новгород (1439)","category":"Русско-казанские войны","year_from":1439,"year_to":1439,"date_precision":"day","date_approx":false,"period_raw":"1439-01-01","work":"Русско-казанские войны","summary":"Битва за Нижний Новгород — сражение между татарскими войсками под командованием Улуг-Мухаммеда и русскими войсками.","url":"https://ru.wikipedia.org/wiki/Битва за Нижний Новгород (1439)","source":"Русская Википедия / Викиданные","source_id":"Q120531939","license":"CC BY-SA 4.0","confidence":"ok","extra":{"era":"Русское царство","war_raw":"Русско-казанские войны"}}},{"type":"Feature","id":"battles:b0b0cd7b8fd0","geometry":{"type":"Point","coordinates":[40.433333,56.433333]},"properties":{"uid":"battles:b0b0cd7b8fd0","layer":"battles","layer_title":"Сражения и военные события","group":"military","title":"Битва под Суздалем (1445)","category":"Русско-казанские войны","year_from":1445,"year_to":1445,"date_precision":"day","date_approx":false,"period_raw":"1445-07-16","work":"Русско-казанские войны","summary":"Битва под Суздалем — сражение, состоявшееся 7 июля 1445 года вблизи Суздаля между войсками великого князя московского Василия II Тёмного и казанскими татарами под предводительством царевичей Махмуда и Якуба, посланных на Русь ханом Улу-Мухаммедом. Итогом сражения стал полный разгром московского войска и пленение великого князя. Сражение решило исход неудачной для Василия II кампании против казанск","url":"https://ru.wikipedia.org/wiki/Битва под Суздалем (1445)","source":"Русская Википедия / Викиданные","source_id":"Q2070570","license":"CC BY-SA 4.0","confidence":"ok","extra":{"era":"Русское царство","war_raw":"Русско-казанские войны"}}},{"type":"Feature","id":"battles:73a7fd49f3aa","geometry":{"type":"Point","coordinates":[28.749722,60.710556]},"properties":{"uid":"battles:73a7fd49f3aa","layer":"battles","layer_title":"Сражения и военные события","group":"military","title":"Осада Выборга (1495)","category":"Русско-шведская война 1495–1497","year_from":1495,"year_to":1495,"date_precision":"year","date_approx":false,"period_raw":"1495.0","work":"Русско-шведская война 1495–1497","summary":"Осада Выборга 1495 года (швед. Belägringen av Viborg (1495)) — первое крупное сражение русско-шведской войны 1495—1497 годов. Русское войско на протяжении двух с половиной месяцев осаждало шведскую крепость Выборг, однако не смогло добиться её взятия и отступило, ограничившись разорением её окрестностей.","url":"https://ru.wikipedia.org/wiki/Осада Выборга (1495)","source":"Русская Википедия / Викиданные","source_id":"Q98598525","license":"CC BY-SA 4.0","confidence":"place_level","extra":{"era":"Русское царство","war_raw":"Русско-шведская война 1495–1497"}}},{"type":"Feature","id":"battles:fc6f0564a4c4","geometry":{"type":"Point","coordinates":[28.216667,59.366667]},"properties":{"uid":"battles:fc6f0564a4c4","layer":"battles","layer_title":"Сражения и военные события","group":"military","title":"Осада Ивангорода (1496)","category":"Русско-шведская война 1495–1497","year_from":1496,"year_to":1496,"date_precision":"day","date_approx":false,"period_raw":"1496-01-01","work":"Русско-шведская война 1495–1497","url":"https://ru.wikipedia.org/wiki/Осада Ивангорода (1496)","source":"Русская Википедия / Викиданные","source_id":"Q21643643","license":"CC BY-SA 4.0","confidence":"ok","extra":{"era":"Русское царство","war_raw":"Русско-шведская война 1495–1497"}}},{"type":"Feature","id":"battles:08e939093d8e","geometry":{"type":"Point","coordinates":[49.114444,55.790833]},"properties":{"uid":"battles:08e939093d8e","layer":"battles","layer_title":"Сражения и военные события","group":"military","title":"Взятие Казани","category":"Русско-казанские войны","year_from":1552,"year_to":1552,"date_precision":"day","date_approx":false,"period_raw":"1552-01-01","work":"Русско-казанские войны","summary":"Осада и взятие Казани — центральный эпизод Третьего Казанского похода русских войск, предпринятого царём Иваном IV в июне-октябре 1552 года для укрепления восточных границ и расширения территории Русского государства, завершением которого стали ликвидация Казанского ханства и включение его территорий в состав Русского государства. Осада 1552 года была пятой по счёту после целого ряда осад, предпри","url":"https://ru.wikipedia.org/wiki/Взятие Казани","source":"Русская Википедия / Викиданные","source_id":"Q2670327","license":"CC BY-SA 4.0","confidence":"ok","extra":{"era":"Русское царство","war_raw":"Русско-казанские войны"}}},{"type":"Feature","id":"battles:cc35a46fe0ac","geometry":{"type":"Point","coordinates":[28.200556,59.379167]},"properties":{"uid":"battles:cc35a46fe0ac","layer":"battles","layer_title":"Сражения и военные события","group":"military","title":"Осада Нарвы (1558)","category":"Ливонская война 1558–1583","year_from":1558,"year_to":1558,"date_precision":"day","date_approx":false,"period_raw":"1558-01-01","work":"Ливонская война 1558–1583","url":"https://ru.wikipedia.org/wiki/Осада Нарвы (1558)","source":"Русская Википедия / Викиданные","source_id":"Q4337412","license":"CC BY-SA 4.0","confidence":"ok","extra":{"era":"Русское царство","war_raw":"Ливонская война 1558–1583"}}},{"type":"Feature","id":"battles:7e428514a058","geometry":{"type":"Point","coordinates":[25.595556,58.363333]},"properties":{"uid":"battles:7e428514a058","layer":"battles","layer_title":"Сражения и военные события","group":"military","title":"Осада Феллина (1560)","category":"Ливонская война 1558–1583","year_from":1560,"year_to":1560,"date_precision":"day","date_approx":false,"period_raw":"1560-08-01","work":"Ливонская война 1558–1583","url":"https://ru.wikipedia.org/wiki/Осада Феллина (1560)","source":"Русская Википедия / Викиданные","source_id":"Q15710003","license":"CC BY-SA 4.0","confidence":"ok","extra":{"era":"Русское царство","war_raw":"Ливонская война 1558–1583"}}},{"type":"Feature","id":"battles:3ef76f18e8f5","geometry":{"type":"Point","coordinates":[25.815828,57.805506]},"properties":{"uid":"battles:3ef76f18e8f5","layer":"battles","layer_title":"Сражения и военные события","group":"military","title":"Битва под Эрмесом","category":"Ливонская война 1558–1583","year_from":1560,"year_to":1560,"date_precision":"day","date_approx":false,"period_raw":"1560-08-02","work":"Ливонская война 1558–1583","summary":"Битва под Эрмесом (нем. Schlacht bei Ermes) произошла 2 августа 1560 года в ходе Ливонской войны между войсками Ливонской конфедерации с одной стороны и русским войском с другой примерно в 16 километрах от замка Эрмес (ныне Эргеме в Латвии), который находится у современной латвийско-эстонской границы, недалеко от города Валга. Последнее крупное полевое сражение первого этапа Ливонской войны. Оконч","url":"https://ru.wikipedia.org/wiki/Битва под Эрмесом","source":"Русская Википедия / Викиданные","source_id":"Q497806","license":"CC BY-SA 4.0","confidence":"ok","extra":{"era":"Русское царство","war_raw":"Ливонская война 1558–1583"}}},{"type":"Feature","id":"battles:3a4445986fd4","geometry":{"type":"Point","coordinates":[29.933333,56.016667]},"properties":{"uid":"battles:3a4445986fd4","layer":"battles","layer_title":"Сражения и военные события","group":"military","title":"Бой под Невелем (1562)","category":"Ливонская война 1558–1583","year_from":1562,"year_to":1562,"date_precision":"day","date_approx":false,"period_raw":"1562-08-19","work":"Ливонская война 1558–1583","summary":"Бой под Невелем — эпизод русско-литовской войны 1561—1570 годов (части Ливонской войны), в котором отряд Великого княжества Литовского под предводительством Станислава Лесновольского успешно отразил в 1562 году близ Невеля посланный против него русский отряд во главе с князем Андреем Курбским.","url":"https://ru.wikipedia.org/wiki/Бой под Невелем (1562)","source":"Русская Википедия / Викиданные","source_id":"Q15533030","license":"CC BY-SA 4.0","confidence":"place_level","extra":{"era":"Русское царство","war_raw":"Ливонская война 1558–1583"}}},{"type":"Feature","id":"battles:044007c5fb74","geometry":{"type":"Point","coordinates":[28.8,55.483333]},"properties":{"uid":"battles:044007c5fb74","layer":"battles","layer_title":"Сражения и военные события","group":"military","title":"Осада Полоцка (1563)","category":"Ливонская война 1558–1583","year_from":1563,"year_to":1563,"date_precision":"day","date_approx":false,"period_raw":"1563-01-01","work":"Ливонская война 1558–1583","url":"https://ru.wikipedia.org/wiki/Осада Полоцка (1563)","source":"Русская Википедия / Викиданные","source_id":"Q4337432","license":"CC BY-SA 4.0","confidence":"ok","extra":{"era":"Русское царство","war_raw":"Ливонская война 1558–1583"}}},{"type":"Feature","id":"battles:40bdc5eea1fd","geometry":{"type":"Point","coordinates":[29.155,54.8975]},"properties":{"uid":"battles:40bdc5eea1fd","layer":"battles","layer_title":"Сражения и военные события","group":"military","title":"Битва при Чашниках (1564)","category":"Ливонская война 1558–1583","year_from":1564,"year_to":1564,"date_precision":"day","date_approx":false,"period_raw":"1564-02-05","work":"Ливонская война 1558–1583","summary":"Битва при Чашниках или Битва на Улле — одно из сражений русско-литовской войны 1561—1570 годов, части Ливонской войны, в котором войско Великого княжества Литовского одержало победу над одним из двух отрядов русского войска, наступавшего вглубь государства.","url":"https://ru.wikipedia.org/wiki/Битва при Чашниках (1564)","source":"Русская Википедия / Викиданные","source_id":"Q2623793","license":"CC BY-SA 4.0","confidence":"ok","extra":{"era":"Русское царство","war_raw":"Ливонская война 1558–1583"}}},{"type":"Feature","id":"battles:1266305c278a","geometry":{"type":"Point","coordinates":[24.104167,58.905556]},"properties":{"uid":"battles:1266305c278a","layer":"battles","layer_title":"Сражения и военные события","group":"military","title":"Бой близ замка Лоде","category":"Ливонская война 1558–1583","year_from":1573,"year_to":1573,"date_precision":"day","date_approx":false,"period_raw":"1573-01-23","work":"Ливонская война 1558–1583","summary":"Бой близ замка Лоде — сражение, произошедшее 23 января 1573 года в ходе Ливонской войны между русскими и шведскими войсками около замка Лоде на территории современной Эстонии, окончившееся победой шведских войск.","url":"https://ru.wikipedia.org/wiki/Бой близ замка Лоде","source":"Русская Википедия / Викиданные","source_id":"Q2063447","license":"CC BY-SA 4.0","confidence":"ok","extra":{"era":"Русское царство","war_raw":"Ливонская война 1558–1583"}}},{"type":"Feature","id":"battles:f96ff46ea688","geometry":{"type":"Point","coordinates":[25.2689,57.3139]},"properties":{"uid":"battles:f96ff46ea688","layer":"battles","layer_title":"Сражения и военные события","group":"military","title":"Битва под Венденом (1578)","category":"Ливонская война 1558–1583","year_from":1578,"year_to":1578,"date_precision":"day","date_approx":false,"period_raw":"1578-10-31","work":"Ливонская война 1558–1583","summary":"Битва под Венденом (польск. Bitwy pod Kiesią) — битва между русскими и объединёнными войсками Речи Посполитой и Шведского королевства, состоявшееся 21—22 октября 1578 года в ходе Ливонской войны у стен Цесисского замка.","url":"https://ru.wikipedia.org/wiki/Битва под Венденом (1578)","source":"Русская Википедия / Викиданные","source_id":"Q2364604","license":"CC BY-SA 4.0","confidence":"ok","extra":{"era":"Русское царство","war_raw":"Ливонская война 1558–1583"}}},{"type":"Feature","id":"battles:981f211b5b5f","geometry":{"type":"Point","coordinates":[28.7608,55.4869]},"properties":{"uid":"battles:981f211b5b5f","layer":"battles","layer_title":"Сражения и военные события","group":"military","title":"Осада Полоцка (1579)","category":"Ливонская война 1558–1583","year_from":1579,"year_to":1579,"date_precision":"day","date_approx":false,"period_raw":"1579-01-01","work":"Ливонская война 1558–1583","url":"https://ru.wikipedia.org/wiki/Осада Полоцка (1579)","source":"Русская Википедия / Викиданные","source_id":"Q4337433","license":"CC BY-SA 4.0","confidence":"ok","extra":{"era":"Русское царство","war_raw":"Ливонская война 1558–1583"}}},{"type":"Feature","id":"battles:0d478751598d","geometry":{"type":"Point","coordinates":[30.516667,56.35]},"properties":{"uid":"battles:0d478751598d","layer":"battles","layer_title":"Сражения и военные события","group":"military","title":"Осада Великих Лук","category":"Ливонская война 1558–1583","year_from":1580,"year_to":1580,"date_precision":"day","date_approx":false,"period_raw":"1580-09-15","work":"Ливонская война 1558–1583","url":"https://ru.wikipedia.org/wiki/Осада Великих Лук","source":"Русская Википедия / Викиданные","source_id":"Q11794919","license":"CC BY-SA 4.0","confidence":"ok","extra":{"era":"Русское царство","war_raw":"Ливонская война 1558–1583"}}},{"type":"Feature","id":"battles:2d5e6da61c59","geometry":{"type":"Point","coordinates":[31.633333,56.5]},"properties":{"uid":"battles:2d5e6da61c59","layer":"battles","layer_title":"Сражения и военные события","group":"military","title":"Битва под Торопцем (1580)","category":"Ливонская война 1558–1583","year_from":1580,"year_to":1580,"date_precision":"day","date_approx":false,"period_raw":"1580-09-20","work":"Ливонская война 1558–1583","summary":"Битва под Торопцем (польск. Bitwa pod Toropcem) — одно из сражений Ливонской войны, произошедшее 20 сентября 1580 года между польско-литовскими и русскими войсками возле Торопца.","url":"https://ru.wikipedia.org/wiki/Битва под Торопцем (1580)","source":"Русская Википедия / Викиданные","source_id":"Q4456465","license":"CC BY-SA 4.0","confidence":"place_level","extra":{"era":"Русское царство","war_raw":"Ливонская война 1558–1583"}}},{"type":"Feature","id":"battles:b4511c7b6ba8","geometry":{"type":"Point","coordinates":[28.200556,59.379167]},"properties":{"uid":"battles:b4511c7b6ba8","layer":"battles","layer_title":"Сражения и военные события","group":"military","title":"Осада Нарвы (1581)","category":"Ливонская война 1558–1583","year_from":1581,"year_to":1581,"date_precision":"day","date_approx":false,"period_raw":"1581-01-01","work":"Ливонская война 1558–1583","url":"https://ru.wikipedia.org/wiki/Осада Нарвы (1581)","source":"Русская Википедия / Викиданные","source_id":"Q15701718","license":"CC BY-SA 4.0","confidence":"ok","extra":{"era":"Русское царство","war_raw":"Ливонская война 1558–1583"}}},{"type":"Feature","id":"battles:b7a0612dc6a9","geometry":{"type":"Point","coordinates":[28.3333,57.8167]},"properties":{"uid":"battles:b7a0612dc6a9","layer":"battles","layer_title":"Сражения и военные события","group":"military","title":"Оборона Пскова (1581—1582)","category":"Ливонская война 1558–1583","year_from":1581,"year_to":1581,"date_precision":"year","date_approx":false,"period_raw":"1581.0","work":"Ливонская война 1558–1583","summary":"Псковская оборона, в зарубежной историографии — Осада Пскова (18 августа 1581 — 4 февраля 1582) — крупный вооружённый конфликт между русским войском, оборонявшим город Псков, и войском Речи Посполитой на заключительном этапе Ливонской войны. Осада длилась с 18 августа 1581 года по 4 февраля 1582 года. Потерпев неудачу под стенами Пскова, король польский и великий князь литовский Стефан Баторий был","url":"https://ru.wikipedia.org/wiki/Оборона Пскова (1581—1582)","source":"Русская Википедия / Викиданные","source_id":"Q815196","license":"CC BY-SA 4.0","confidence":"ok","extra":{"era":"Русское царство","war_raw":"Ливонская война 1558–1583"}}},{"type":"Feature","id":"battles:83b16d6fbc52","geometry":{"type":"Point","coordinates":[37.6175,55.750556]},"properties":{"uid":"battles:83b16d6fbc52","layer":"battles","layer_title":"Сражения и военные события","group":"military","title":"Рейд Радзивилла","category":"Ливонская война 1558–1583","year_from":1581,"year_to":1581,"date_precision":"day","date_approx":false,"period_raw":"1581-11-01","work":"Ливонская война 1558–1583","url":"https://ru.wikipedia.org/wiki/Рейд Радзивилла","source":"Русская Википедия / Викиданные","source_id":"Q16931621","license":"CC BY-SA 4.0","confidence":"place_level","extra":{"era":"Русское царство","war_raw":"Ливонская война 1558–1583"}}},{"type":"Feature","id":"battles:0207f4ecf585","geometry":{"type":"Point","coordinates":[30.286944,54.208333]},"properties":{"uid":"battles:0207f4ecf585","layer":"battles","layer_title":"Сражения и военные события","group":"military","title":"Битва под Шкловом (1581)","category":"Ливонская война 1558–1583","year_from":1581,"year_to":1581,"date_precision":"day","date_approx":false,"period_raw":"1581-06-01","work":"Ливонская война 1558–1583","summary":"Битва под Шкловом — военная операция русских войск, осуществлявшаяся в конце июня 1581 года в районе города Шклова во время Ливонской войны. В ходе операции отряд под командованием воеводы Дмитрия Хворостинина одержал победу над польско-литовскими войсками, состоявшими преимущественно из иностранных наёмников.","url":"https://ru.wikipedia.org/wiki/Битва под Шкловом (1581)","source":"Русская Википедия / Викиданные","source_id":"Q16537275","license":"CC BY-SA 4.0","confidence":"place_level","extra":{"era":"Русское царство","war_raw":"Ливонская война 1558–1583"}}},{"type":"Feature","id":"battles:73ed6c66f342","geometry":{"type":"Point","coordinates":[33.266667,51.997222]},"properties":{"uid":"battles:73ed6c66f342","layer":"battles","layer_title":"Сражения и военные события","group":"military","title":"Битва под Новгородом-Северским","category":"Смутное время 1598–1613","year_from":1604,"year_to":1604,"date_precision":"day","date_approx":false,"period_raw":"1604-12-31","work":"Смутное время 1598–1613","summary":"Би́тва под Но́вгородом-Се́верским или би́тва в уро́чище Узру́й — первое крупное сражение Лжедмитрия I с царскими войсками.","url":"https://ru.wikipedia.org/wiki/Битва под Новгородом-Северским","source":"Русская Википедия / Викиданные","source_id":"Q21394628","license":"CC BY-SA 4.0","confidence":"place_level","extra":{"era":"Русское царство","war_raw":"Смутное время 1598–1613"}}},{"type":"Feature","id":"battles:2199b29bbfb8","geometry":{"type":"Point","coordinates":[34.3,52.266667]},"properties":{"uid":"battles:2199b29bbfb8","layer":"battles","layer_title":"Сражения и военные события","group":"military","title":"Битва при Добрыничах","category":"Смутное время 1598–1613","year_from":1605,"year_to":1605,"date_precision":"day","date_approx":false,"period_raw":"1605-01-21","work":"Смутное время 1598–1613","summary":"Битва при Добры́ничах — сражение, состоявшееся 21 (31) января 1605 года между армией Лжедмитрия I и царскими войсками под предводительством князя Ф. И. Мстиславского близ деревни Добрыничи (ныне Добрунь Брянской области). Битва завершилась полным разгромом Лжедмитрия I, потерявшего в сражении значительную часть своего войска. По количеству участников битва при Добрыничах являлась крупнейшим сражен","url":"https://ru.wikipedia.org/wiki/Битва при Добрыничах","source":"Русская Википедия / Викиданные","source_id":"Q4087421","license":"CC BY-SA 4.0","confidence":"ok","extra":{"era":"Русское царство","war_raw":"Смутное время 1598–1613"}}},{"type":"Feature","id":"battles:6378d48d14cb","geometry":{"type":"Point","coordinates":[34.690999,51.570218]},"properties":{"uid":"battles:6378d48d14cb","layer":"battles","layer_title":"Сражения и военные события","group":"military","title":"Осада Рыльска","category":"Смутное время 1598–1613","year_from":1605,"year_to":1605,"date_precision":"day","date_approx":false,"period_raw":"1605-02-01","work":"Смутное время 1598–1613","url":"https://ru.wikipedia.org/wiki/Осада Рыльска","source":"Русская Википедия / Викиданные","source_id":"Q126918363","license":"CC BY-SA 4.0","confidence":"place_level","extra":{"era":"Русское царство","war_raw":"Смутное время 1598–1613"}}},{"type":"Feature","id":"battles:af2cd32de9c5","geometry":{"type":"Point","coordinates":[38.883611,54.765278]},"properties":{"uid":"battles:af2cd32de9c5","layer":"battles","layer_title":"Сражения и военные события","group":"military","title":"Зарайская битва","category":"Смутное время 1598–1613","year_from":1608,"year_to":1608,"date_precision":"day","date_approx":false,"period_raw":"1608-04-09","work":"Смутное время 1598–1613","summary":"Зарайская битва — эпизод Смутного времени, в ходе которого 30 марта (9 апреля) 1608 года отряды Лжедмитрия II под руководством полковника Александра Лисовского разгромили под Зарайском армию царя Василия Шуйского — рязанско-арзамасское ополчение, под руководством воевод Захария Ляпунова и Ивана Хованского.","url":"https://ru.wikipedia.org/wiki/Зарайская битва","source":"Русская Википедия / Викиданные","source_id":"Q4187109","license":"CC BY-SA 4.0","confidence":"place_level","extra":{"era":"Русское царство","war_raw":"Смутное время 1598–1613"}}},{"type":"Feature","id":"battles:b400166ca2e3","geometry":{"type":"Point","coordinates":[37.85,57.233333]},"properties":{"uid":"battles:b400166ca2e3","layer":"battles","layer_title":"Сражения и военные события","group":"military","title":"Битва под Калязином","category":"Смутное время 1598–1613","year_from":1609,"year_to":1609,"date_precision":"day","date_approx":false,"period_raw":"1609-08-28","work":"Смутное время 1598–1613","summary":"Битва под Калязином (польск. Bitwa pod Kalazinem) — одно из сражений Смутного времени, в котором русское войско под командованием князя Михаила Скопина-Шуйского одержало победу над польско-литовским войском гетмана Яна Сапеги, поддерживавшего Лжедмитрия II.","url":"https://ru.wikipedia.org/wiki/Битва под Калязином","source":"Русская Википедия / Викиданные","source_id":"Q4087373","license":"CC BY-SA 4.0","confidence":"place_level","extra":{"era":"Русское царство","war_raw":"Смутное время 1598–1613"}}},{"type":"Feature","id":"battles:826685d4dc79","geometry":{"type":"Point","coordinates":[38.66639,56.37389]},"properties":{"uid":"battles:826685d4dc79","layer":"battles","layer_title":"Сражения и военные события","group":"military","title":"Битва на Каринском поле","category":"Смутное время 1598–1613","year_from":1609,"year_to":1609,"date_precision":"year","date_approx":false,"period_raw":"1609.0","work":"Смутное время 1598–1613","summary":"Битва на Каринском поле или Битва под Александровской слободой — эпизод борьбы против польско-литовской интервенции времён Лжедмитрия II и русско-польской войны 1609—1618 годов. В сражении, состоявшемся 18 (28) октября 1609 года у Александровской слободы, русское войско под командованием Михаила Васильевича Скопина-Шуйского победило войско литовского гетмана Яна Петра Сапеги.","url":"https://ru.wikipedia.org/wiki/Битва на Каринском поле","source":"Русская Википедия / Викиданные","source_id":"Q16537222","license":"CC BY-SA 4.0","confidence":"ok","extra":{"era":"Русское царство","war_raw":"Смутное время 1598–1613"}}},{"type":"Feature","id":"battles:12252ef8e13c","geometry":{"type":"Point","coordinates":[32.05,54.7833]},"properties":{"uid":"battles:12252ef8e13c","layer":"battles","layer_title":"Сражения и военные события","group":"military","title":"Оборона Смоленска (1609—1611)","category":"Русско-польская война 1609–1618","year_from":1609,"year_to":1609,"date_precision":"year","date_approx":false,"period_raw":"1609.0","work":"Русско-польская война 1609–1618","summary":"Оборона Смоленска (Смоленская оборона) — один из ключевых эпизодов русско-польской войны 1609—1618 годов. Польско-литовские войска короля Сигизмунда III под командованием польного гетмана коронного Станислава Жолкевского с 16 (26) сентября 1609 по 3 (13) июня 1611 осаждали стратегически важный Смоленск, обороняемый русским гарнизоном под командованием воеводы Михаила Шеина. Осада окончилась взятие","url":"https://ru.wikipedia.org/wiki/Оборона Смоленска (1609—1611)","source":"Русская Википедия / Викиданные","source_id":"Q937828","license":"CC BY-SA 4.0","confidence":"ok","extra":{"era":"Русское царство","war_raw":"Русско-польская война 1609–1618"}}},{"type":"Feature","id":"battles:bdbf056ca944","geometry":{"type":"Point","coordinates":[34.93,55.6575]},"properties":{"uid":"battles:bdbf056ca944","layer":"battles","layer_title":"Сражения и военные события","group":"military","title":"Битва при Клушине","category":"Русско-польская война 1609–1618","year_from":1610,"year_to":1610,"date_precision":"day","date_approx":false,"period_raw":"1610-07-04","work":"Русско-польская война 1609–1618","summary":"Битва при Клушине (польск. Bitwa pod Kłuszynem) — первое сражение русско-польской войны 1609—1618 годов, произошедшее 24 июня (4 июля) 1610 года между русско-шведскими войсками Д. И. Шуйского и Якоба Делагарди, с одной стороны, и войсками Речи Посполитой под командованием Станислава Жолкевского, с другой.","url":"https://ru.wikipedia.org/wiki/Битва при Клушине","source":"Русская Википедия / Викиданные","source_id":"Q932228","license":"CC BY-SA 4.0","confidence":"ok","extra":{"era":"Русское царство","war_raw":"Русско-польская война 1609–1618"}}},{"type":"Feature","id":"battles:c5dc88e1e5c6","geometry":{"type":"Point","coordinates":[34.821111,55.426667]},"properties":{"uid":"battles:c5dc88e1e5c6","layer":"battles","layer_title":"Сражения и военные события","group":"military","title":"Битва под Царёвым-Займищем","category":"Русско-польская война 1609–1618","year_from":1610,"year_to":1610,"date_precision":"day","date_approx":false,"period_raw":"1610-06-23","work":"Русско-польская война 1609–1618","summary":"Битва под Царёвым-Займищем (польск. Bitwa pod Carowym Zajmiszczem) — одно из первых сражений русско-польской войны 1609—1618 годов, произошедшее 14 (24)—24 июня (4 июля) 1610 года. Войско Речи Посполитой под командованием Станислава Жолкевского без успеха штурмовало укреплённые позиции авангарда русской армии князя Ф. А. Елецкого и Г. Л. Валуева. После того, как польско-литовское войско направилос","url":"https://ru.wikipedia.org/wiki/Битва под Царёвым-Займищем","source":"Русская Википедия / Викиданные","source_id":"Q9172853","license":"CC BY-SA 4.0","confidence":"ok","extra":{"era":"Русское царство","war_raw":"Русско-польская война 1609–1618"}}},{"type":"Feature","id":"battles:1cb57574862a","geometry":{"type":"Point","coordinates":[31.294722,51.493889]},"properties":{"uid":"battles:1cb57574862a","layer":"battles","layer_title":"Сражения и военные события","group":"military","title":"Взятие Чернигова (1610)","category":"Русско-польская война 1609–1618","year_from":1610,"year_to":1610,"date_precision":"day","date_approx":false,"period_raw":"1610-03-01","work":"Русско-польская война 1609–1618","summary":"Взятие Чернигова 1610 года — эпизод Смутного времени и начального этапа русско-польской войны 1609—1618 годов, в ходе которого польские отряды под предводительством Самуила Горностая хитростью овладели русским пограничным городом Черниговом и предали его опустошению. В результате Чернигов более чем на десятилетие сделался практически безлюдным и впоследствии, после вхождения в состав Речи Посполит","url":"https://ru.wikipedia.org/wiki/Взятие Чернигова (1610)","source":"Русская Википедия / Викиданные","source_id":"Q97212393","license":"CC BY-SA 4.0","confidence":"place_level","extra":{"era":"Русское царство","war_raw":"Русско-польская война 1609–1618"}}},{"type":"Feature","id":"battles:7e91b70e02ff","geometry":{"type":"Point","coordinates":[27.816667,58.75]},"properties":{"uid":"battles:7e91b70e02ff","layer":"battles","layer_title":"Сражения и военные события","group":"military","title":"Осада Гдова (1614)","category":"Русско-шведская война 1610–1617","year_from":1610,"year_to":1610,"date_precision":"year","date_approx":false,"period_raw":"1610.0","work":"Русско-шведская война 1610–1617","summary":"Осада Гдова — одно из сражений эпохи Смутного времени, эпизод русско-шведской войны 1610—1617 годов. В 1613 году шведы, захватившие Новгород, дважды подступали ко Гдову, но в результате вылазок гарнизона и с псковской помощью осады снимались. В июле 1614 года шведам удалось разбить в битве под Бронницей посланное на освобождение Новгорода русское войско, после чего они прочно овладели военной иниц","url":"https://ru.wikipedia.org/wiki/Осада Гдова (1614)","source":"Русская Википедия / Викиданные","source_id":"Q19908237","license":"CC BY-SA 4.0","confidence":"ok","extra":{"era":"Русское царство","war_raw":"Русско-шведская война 1610–1617"}}},{"type":"Feature","id":"battles:0692852054e5","geometry":{"type":"Point","coordinates":[31.27579,58.52099]},"properties":{"uid":"battles:0692852054e5","layer":"battles","layer_title":"Сражения и военные события","group":"military","title":"Взятие Новгорода (1611)","category":"Русско-шведская война 1610–1617","year_from":1611,"year_to":1611,"date_precision":"day","date_approx":false,"period_raw":"1611-01-01","work":"Русско-шведская война 1610–1617","summary":"Взятие Новгорода шведами (швед. Belägringen av Novgorod 1611) — событие эпохи Смутного времени, повлекшее за собой шведскую оккупацию Новгорода с июля 1611 года до его возвращения Русскому царству по Столбовскому миру в 1617 году.","url":"https://ru.wikipedia.org/wiki/Взятие Новгорода (1611)","source":"Русская Википедия / Викиданные","source_id":"Q10428012","license":"CC BY-SA 4.0","confidence":"ok","extra":{"era":"Русское царство","war_raw":"Русско-шведская война 1610–1617"}}},{"type":"Feature","id":"battles:e9b222af9dde","geometry":{"type":"Point","coordinates":[35.95,56.033333]},"properties":{"uid":"battles:e9b222af9dde","layer":"battles","layer_title":"Сражения и военные события","group":"military","title":"Оборона Волоколамска (1612)","category":"Русско-польская война 1609–1618","year_from":1612,"year_to":1612,"date_precision":"day","date_approx":false,"period_raw":"1612-12-07","work":"Русско-польская война 1609–1618","summary":"Оборона Волоколамска — оборона русским гарнизоном города Волоколамск от польских войск короля Сигизмунда III в декабре 1612 года. Перед польским отрядом численностью около 5 тысяч человек стояла цель взять Москву, освобождённую в октябре того же года ополчением Минина и Пожарского от польского гарнизона, и в которую собирались депутаты Земского собора, призванные избрать нового царя. На пути к Мос","url":"https://ru.wikipedia.org/wiki/Оборона Волоколамска (1612)","source":"Русская Википедия / Викиданные","source_id":"Q651319","license":"CC BY-SA 4.0","confidence":"ok","extra":{"era":"Русское царство","war_raw":"Русско-польская война 1609–1618"}}},{"type":"Feature","id":"battles:1ea90f2160bd","geometry":{"type":"Point","coordinates":[37.6175,55.750556]},"properties":{"uid":"battles:1ea90f2160bd","layer":"battles","layer_title":"Сражения и военные события","group":"military","title":"Московская битва (1612)","category":"Русско-польская война 1609–1618","year_from":1612,"year_to":1612,"date_precision":"day","date_approx":false,"period_raw":"1612-09-03","work":"Русско-польская война 1609–1618","summary":"Московская битва 1612, также известная как Битва на Девичьем поле — одно из решающих сражений Смутного времени, в ходе которого польско-литовское войско Яна Кароля Ходкевича, шедшее на Москву с целью деблокады польско-литовского гарнизона в Московском кремле, было разбито войском Второго народного ополчения. Следствием данного сражения стала капитуляция осаждённых в кремле польско-литовских войск.","url":"https://ru.wikipedia.org/wiki/Московская битва (1612)","source":"Русская Википедия / Викиданные","source_id":"Q4303874","license":"CC BY-SA 4.0","confidence":"place_level","extra":{"era":"Русское царство","war_raw":"Русско-польская война 1609–1618"}}},{"type":"Feature","id":"battles:9ee92216798c","geometry":{"type":"Point","coordinates":[32.383333,58.433333]},"properties":{"uid":"battles:9ee92216798c","layer":"battles","layer_title":"Сражения и военные события","group":"military","title":"Битва под Бронницей","category":"Русско-шведская война 1610–1617","year_from":1614,"year_to":1614,"date_precision":"day","date_approx":false,"period_raw":"1614-07-16","work":"Русско-шведская война 1610–1617","summary":"Битва под Бронницей — сражение 16 июля 1614 года между русским войском под командованием Дмитрия Трубецкого и шведским войском под командованием Якоба Делагарди. Посланное царём Михаилом Фёдоровичем на освобождение оккупированного Новгорода войско потерпело поражение, после чего русская сторона утратила на северо-западе военную инициативу.","url":"https://ru.wikipedia.org/wiki/Битва под Бронницей","source":"Русская Википедия / Викиданные","source_id":"Q16537239","license":"CC BY-SA 4.0","confidence":"place_level","extra":{"era":"Русское царство","war_raw":"Русско-шведская война 1610–1617"}}},{"type":"Feature","id":"battles:7ffc486c9ca2","geometry":{"type":"Point","coordinates":[30.035944,61.7085]},"properties":{"uid":"battles:7ffc486c9ca2","layer":"battles","layer_title":"Сражения и военные события","group":"military","title":"Битва при Ристилахти","category":"Русско-шведская война 1610–1617","year_from":1614,"year_to":1614,"date_precision":"day","date_approx":false,"period_raw":"1614-01-01","work":"Русско-шведская война 1610–1617","summary":"Битва при Ристилахти — сражение между русскими и шведскими войсками на территории современного Лахденпохского района в Карелии, произошедшее в 1614 году и закончившееся победой шведов.","url":"https://ru.wikipedia.org/wiki/Битва при Ристилахти","source":"Русская Википедия / Викиданные","source_id":"Q125092483","license":"CC BY-SA 4.0","confidence":"ok","extra":{"era":"Русское царство","war_raw":"Русско-шведская война 1610–1617"}}},{"type":"Feature","id":"battles:a561e09f7fc5","geometry":{"type":"Point","coordinates":[28.333333,57.816667]},"properties":{"uid":"battles:a561e09f7fc5","layer":"battles","layer_title":"Сражения и военные события","group":"military","title":"Осада Пскова (1615)","category":"Русско-шведская война 1610–1617","year_from":1615,"year_to":1615,"date_precision":"day","date_approx":false,"period_raw":"1615-01-01","work":"Русско-шведская война 1610–1617","url":"https://ru.wikipedia.org/wiki/Осада Пскова (1615)","source":"Русская Википедия / Викиданные","source_id":"Q10428014","license":"CC BY-SA 4.0","confidence":"ok","extra":{"era":"Русское царство","war_raw":"Русско-шведская война 1610–1617"}}},{"type":"Feature","id":"battles:c5927c9a1703","geometry":{"type":"Point","coordinates":[36.010076,55.510256]},"properties":{"uid":"battles:c5927c9a1703","layer":"battles","layer_title":"Сражения и военные события","group":"military","title":"Можайское сражение (1618)","category":"Русско-польская война 1609–1618","year_from":1618,"year_to":1618,"date_precision":"day","date_approx":false,"period_raw":"1618-07-30","work":"Русско-польская война 1609–1618","summary":"Можайское сражение (пол. Bitwa pod Możajskiem) — серия боёв между русскими войсками под командованием воевод Бориса Лыкова, Дмитрия Черкасского и Дмитрия Пожарского и польско-литовской армией во главе с Владиславом Вазой и Яном Каролем Ходкевичем на завершающем этапе русско-польской войны 1609—1618 гг. на западных подступах к Москве, в основном, в районе Можайска. Сражение стало частью Московског","url":"https://ru.wikipedia.org/wiki/Можайское сражение (1618)","source":"Русская Википедия / Викиданные","source_id":"Q16677281","license":"CC BY-SA 4.0","confidence":"ok","extra":{"era":"Русское царство","war_raw":"Русско-польская война 1609–1618"}}},{"type":"Feature","id":"battles:61e771273662","geometry":{"type":"Point","coordinates":[26.7225,58.38]},"properties":{"uid":"battles:61e771273662","layer":"battles","layer_title":"Сражения и военные события","group":"military","title":"Осада Дерпта (1656)","category":"Русско-шведская война 1656–1658","year_from":1656,"year_to":1656,"date_precision":"year","date_approx":false,"period_raw":"1656.0","work":"Русско-шведская война 1656–1658","summary":"Осада Дерпта (эст. Tartu piiramine) — осада в ходе русско-шведской войны 1656-58 годов русской армией под командованием князя Алексея Трубецкого крепости Дерпт, завершившаяся в октябре 1656 года взятием крепости.","url":"https://ru.wikipedia.org/wiki/Осада Дерпта (1656)","source":"Русская Википедия / Викиданные","source_id":"Q4337374","license":"CC BY-SA 4.0","confidence":"ok","extra":{"era":"Русское царство","war_raw":"Русско-шведская война 1656–1658"}}},{"type":"Feature","id":"battles:3e612256877c","geometry":{"type":"Point","coordinates":[25.4175,56.638056]},"properties":{"uid":"battles:3e612256877c","layer":"battles","layer_title":"Сражения и военные события","group":"military","title":"Осада Кокенгаузена","category":"Русско-шведская война 1656–1658","year_from":1656,"year_to":1656,"date_precision":"day","date_approx":false,"period_raw":"1656-08-14","work":"Русско-шведская война 1656–1658","url":"https://ru.wikipedia.org/wiki/Осада Кокенгаузена","source":"Русская Википедия / Викиданные","source_id":"Q4337389","license":"CC BY-SA 4.0","confidence":"ok","extra":{"era":"Русское царство","war_raw":"Русско-шведская война 1656–1658"}}},{"type":"Feature","id":"battles:bdca9bccaf96","geometry":{"type":"Point","coordinates":[30.406944,59.944167]},"properties":{"uid":"battles:bdca9bccaf96","layer":"battles","layer_title":"Сражения и военные события","group":"military","title":"Взятие Ниеншанца (1656)","category":"Русско-шведская война 1656–1658","year_from":1656,"year_to":1656,"date_precision":"day","date_approx":false,"period_raw":"1656-06-01","work":"Русско-шведская война 1656–1658","summary":"Взятие Ниеншанца 1656 года — эпизод русско-шведской войны 1656—1658 годов, в ходе которого русский отряд под командованием воеводы Петра Ивановича Потёмкина в кампанию 1656 года овладел шведской крепостью Ниеншанц (Nyenskans) при впадении Охты в Неву. Крепость и город Ниен были сожжены, однако закрепиться в устье Невы русскому отряду не удалось.","url":"https://ru.wikipedia.org/wiki/Взятие Ниеншанца (1656)","source":"Русская Википедия / Викиданные","source_id":"Q55648623","license":"CC BY-SA 4.0","confidence":"ok","extra":{"era":"Русское царство","war_raw":"Русско-шведская война 1656–1658"}}},{"type":"Feature","id":"battles:d3539a049cd7","geometry":{"type":"Point","coordinates":[31.034722,59.945]},"properties":{"uid":"battles:d3539a049cd7","layer":"battles","layer_title":"Сражения и военные события","group":"military","title":"Осада Нотебурга (1656)","category":"Русско-шведская война 1656–1658","year_from":1656,"year_to":1656,"date_precision":"day","date_approx":false,"period_raw":"1656-07-01","work":"Русско-шведская война 1656–1658","url":"https://ru.wikipedia.org/wiki/Осада Нотебурга (1656)","source":"Русская Википедия / Викиданные","source_id":"Q13839293","license":"CC BY-SA 4.0","confidence":"place_level","extra":{"era":"Русское царство","war_raw":"Русско-шведская война 1656–1658"}}},{"type":"Feature","id":"battles:a2992d55f2e5","geometry":{"type":"Point","coordinates":[26.033333,57.783333]},"properties":{"uid":"battles:a2992d55f2e5","layer":"battles","layer_title":"Сражения и военные события","group":"military","title":"Битва под Валком","category":"Русско-шведская война 1656–1658","year_from":1657,"year_to":1657,"date_precision":"day","date_approx":false,"period_raw":"1657-07-08","work":"Русско-шведская война 1656–1658","summary":"Битва под Валком — одно из событий русско-шведской войны 1656—1658. Войска псковского воеводы Матвея Шереметева потерпели поражение от шведской армии генерала Фредрика (Фрица) фон Левена.","url":"https://ru.wikipedia.org/wiki/Битва под Валком","source":"Русская Википедия / Викиданные","source_id":"Q3742513","license":"CC BY-SA 4.0","confidence":"ok","extra":{"era":"Русское царство","war_raw":"Русско-шведская война 1656–1658"}}},{"type":"Feature","id":"battles:3d9d581d6c1b","geometry":{"type":"Point","coordinates":[94.25,66.416667]},"properties":{"uid":"battles:3d9d581d6c1b","layer":"battles","layer_title":"Сражения и военные события","group":"military","title":"Битва под Гдовом","category":"Русско-шведская война 1656–1658","year_from":1657,"year_to":1657,"date_precision":"day","date_approx":false,"period_raw":"1657-09-16","work":"Русско-шведская война 1656–1658","summary":"Битва под Гдовом — одно из сражений русско-шведской войны 1656—1658. Войска псковского воеводы Ивана Хованского одержали победу над шведскими войсками графа Магнуса Делагарди, после чего русские войска перешли в наступление.","url":"https://ru.wikipedia.org/wiki/Битва под Гдовом","source":"Русская Википедия / Викиданные","source_id":"Q4087368","license":"CC BY-SA 4.0","confidence":"place_level","extra":{"era":"Русское царство","war_raw":"Русско-шведская война 1656–1658"}}},{"type":"Feature","id":"battles:dab660c30b33","geometry":{"type":"Point","coordinates":[26.7225,58.38]},"properties":{"uid":"battles:dab660c30b33","layer":"battles","layer_title":"Сражения и военные события","group":"military","title":"Осада Юрьева (1657)","category":"Русско-шведская война 1656–1658","year_from":1657,"year_to":1657,"date_precision":"day","date_approx":false,"period_raw":"1657-01-01","work":"Русско-шведская война 1656–1658","url":"https://ru.wikipedia.org/wiki/Осада Юрьева (1657)","source":"Русская Википедия / Викиданные","source_id":"Q4337376","license":"CC BY-SA 4.0","confidence":"ok","extra":{"era":"Русское царство","war_raw":"Русско-шведская война 1656–1658"}}},{"type":"Feature","id":"battles:8037d19c4031","geometry":{"type":"Point","coordinates":[45.383423,39.149497]},"properties":{"uid":"battles:8037d19c4031","layer":"battles","layer_title":"Сражения и военные события","group":"military","title":"Взятие Аббас-Абада","category":"Русско-персидская война (1826—1828)","date_precision":"unknown","date_approx":false,"work":"Русско-персидская война (1826—1828)","url":"https://ru.wikipedia.org/wiki/Взятие Аббас-Абада","source":"Русская Википедия / Викиданные","source_id":"Q27534739","license":"CC BY-SA 4.0","confidence":"ok","extra":{"era":"Российская Империя","war_raw":"Русско-персидская война (1826—1828)"}}},{"type":"Feature","id":"battles:cedf9e28f3d5","geometry":{"type":"Point","coordinates":[65.516667,44.85]},"properties":{"uid":"battles:cedf9e28f3d5","layer":"battles","layer_title":"Сражения и военные события","group":"military","title":"Взятие Ак-Мечети","category":"Русско-кокандская война","date_precision":"unknown","date_approx":false,"work":"Русско-кокандская война","url":"https://ru.wikipedia.org/wiki/Взятие Ак-Мечети","source":"Русская Википедия / Викиданные","source_id":"Q97006770","license":"CC BY-SA 4.0","confidence":"ok","extra":{"era":"Российская Империя","war_raw":"Русско-кокандская война"}}},{"type":"Feature","id":"battles:a8c0a567406b","geometry":{"type":"Point","coordinates":[50.266667,44.516667]},"properties":{"uid":"battles:a8c0a567406b","layer":"battles","layer_title":"Сражения и военные события","group":"military","title":"Оборона Александровского форта (1870)","category":"Российская Империя","year_from":1870,"year_to":1870,"date_precision":"year","date_approx":false,"url":"https://ru.wikipedia.org/wiki/Оборона Александровского форта (1870)","source":"Русская Википедия / Викиданные","source_id":"Q48948726","license":"CC BY-SA 4.0","confidence":"ok","extra":{"era":"Российская Империя","war_raw":null}}},{"type":"Feature","id":"battles:9e89ccc39b22","geometry":{"type":"Point","coordinates":[4.141944,48.538056]},"properties":{"uid":"battles:9e89ccc39b22","layer":"battles","layer_title":"Сражения и военные события","group":"military","title":"Сражение при Арси-сюр-Обе","category":"Война шестой коалиции","date_precision":"unknown","date_approx":false,"work":"Война шестой коалиции","url":"https://ru.wikipedia.org/wiki/Сражение при Арси-сюр-Обе","source":"Русская Википедия / Викиданные","source_id":"Q776552","license":"CC BY-SA 4.0","confidence":"outside_bbox","extra":{"era":"Российская Империя","war_raw":"Война шестой коалиции"}}},{"type":"Feature","id":"battles:a5cc9bf4c047","geometry":{"type":"Point","coordinates":[14.4167,51.1833]},"properties":{"uid":"battles:a5cc9bf4c047","layer":"battles","layer_title":"Сражения и военные события","group":"military","title":"Сражение при Бауцене","category":"Война шестой коалиции","date_precision":"unknown","date_approx":false,"work":"Война шестой коалиции","url":"https://ru.wikipedia.org/wiki/Сражение при Бауцене","source":"Русская Википедия / Викиданные","source_id":"Q170265","license":"CC BY-SA 4.0","confidence":"outside_bbox","extra":{"era":"Российская Империя","war_raw":"Война шестой коалиции"}}},{"type":"Feature","id":"battles:031eee122f12","geometry":{"type":"Point","coordinates":[28.354531,54.324789]},"properties":{"uid":"battles:031eee122f12","layer":"battles","layer_title":"Сражения и военные события","group":"military","title":"Сражение на Березине","category":"Отечественная война 1812 года","date_precision":"unknown","date_approx":false,"work":"Отечественная война 1812 года","url":"https://ru.wikipedia.org/wiki/Сражение на Березине","source":"Русская Википедия / Викиданные","source_id":"Q555839","license":"CC BY-SA 4.0","confidence":"ok","extra":{"era":"Российская Империя","war_raw":"Отечественная война 1812 года"}}},{"type":"Feature","id":"battles:281632f2f485","geometry":{"type":"Point","coordinates":[27.9575,45.269167]},"properties":{"uid":"battles:281632f2f485","layer":"battles","layer_title":"Сражения и военные события","group":"military","title":"Осада Браилова (1828)","category":"Российская Империя","year_from":1828,"year_to":1828,"date_precision":"year","date_approx":false,"url":"https://ru.wikipedia.org/wiki/Осада Браилова (1828)","source":"Русская Википедия / Викиданные","source_id":"Q20500528","license":"CC BY-SA 4.0","confidence":"ok","extra":{"era":"Российская Империя","war_raw":null}}},{"type":"Feature","id":"battles:c75556c923f5","geometry":{"type":"Point","coordinates":[21.158056,52.213889]},"properties":{"uid":"battles:c75556c923f5","layer":"battles","layer_title":"Сражения и военные события","group":"military","title":"Первое сражение под Вавром","category":"Польское восстание 1830–1831","date_precision":"unknown","date_approx":false,"work":"Польское восстание 1830–1831","url":"https://ru.wikipedia.org/wiki/Первое сражение под Вавром","source":"Русская Википедия / Викиданные","source_id":"Q1157138","license":"CC BY-SA 4.0","confidence":"ok","extra":{"era":"Российская Империя","war_raw":"Польское восстание 1830 года"}}},{"type":"Feature","id":"battles:a4859d0e6239","geometry":{"type":"Point","coordinates":[27.916944,43.207778]},"properties":{"uid":"battles:a4859d0e6239","layer":"battles","layer_title":"Сражения и военные события","group":"military","title":"Осада Варны (1828)","category":"Русско-турецкая война 1828—1829 годов","year_from":1828,"year_to":1828,"date_precision":"year","date_approx":false,"work":"Русско-турецкая война 1828—1829 годов","url":"https://ru.wikipedia.org/wiki/Осада Варны (1828)","source":"Русская Википедия / Викиданные","source_id":"Q2073130","license":"CC BY-SA 4.0","confidence":"ok","extra":{"era":"Российская Империя","war_raw":"Русско-турецкая война 1828—1829 годов"}}},{"type":"Feature","id":"battles:b67ad7984fd6","geometry":{"type":"Point","coordinates":[18.6333,54.3667]},"properties":{"uid":"battles:b67ad7984fd6","layer":"battles","layer_title":"Сражения и военные события","group":"military","title":"Осада Данцига (1807)","category":"Campaigns of Prussia and Poland","year_from":1807,"year_to":1807,"date_precision":"year","date_approx":false,"work":"Campaigns of Prussia and Poland","url":"https://ru.wikipedia.org/wiki/Осада Данцига (1807)","source":"Русская Википедия / Викиданные","source_id":"Q901954","license":"CC BY-SA 4.0","confidence":"ok","extra":{"era":"Российская Империя","war_raw":"Campaigns of Prussia and Poland"}}},{"type":"Feature","id":"battles:875c71627917","geometry":{"type":"Point","coordinates":[18.6333,54.3667]},"properties":{"uid":"battles:875c71627917","layer":"battles","layer_title":"Сражения и военные события","group":"military","title":"Осада Данцига (1813)","category":"Война шестой коалиции","year_from":1813,"year_to":1813,"date_precision":"year","date_approx":false,"work":"Война шестой коалиции","url":"https://ru.wikipedia.org/wiki/Осада Данцига (1813)","source":"Русская Википедия / Викиданные","source_id":"Q1992111","license":"CC BY-SA 4.0","confidence":"ok","extra":{"era":"Российская Империя","war_raw":"Война шестой коалиции"}}},{"type":"Feature","id":"battles:48727c6e8cd7","geometry":{"type":"Point","coordinates":[21.6033,52.505]},"properties":{"uid":"battles:48727c6e8cd7","layer":"battles","layer_title":"Сражения и военные события","group":"military","title":"Сражение при Дембе-Вельке","category":"Польское восстание 1830–1831","date_precision":"unknown","date_approx":false,"work":"Польское восстание 1830–1831","url":"https://ru.wikipedia.org/wiki/Сражение при Дембе-Вельке","source":"Русская Википедия / Викиданные","source_id":"Q2445578","license":"CC BY-SA 4.0","confidence":"ok","extra":{"era":"Российская Империя","war_raw":"Польское восстание 1830 года"}}},{"type":"Feature","id":"battles:c21794f5efaa","geometry":{"type":"Point","coordinates":[13.733333,51.033333]},"properties":{"uid":"battles:c21794f5efaa","layer":"battles","layer_title":"Сражения и военные события","group":"military","title":"Сражение при Дрездене","category":"Освободительная война в Германии","date_precision":"unknown","date_approx":false,"work":"Освободительная война в Германии","url":"https://ru.wikipedia.org/wiki/Сражение при Дрездене","source":"Русская Википедия / Викиданные","source_id":"Q17594","license":"CC BY-SA 4.0","confidence":"outside_bbox","extra":{"era":"Российская Империя","war_raw":"Освободительная война в Германии"}}},{"type":"Feature","id":"battles:5acfd71814a1","geometry":{"type":"Point","coordinates":[18.5375,42.45306]},"properties":{"uid":"battles:5acfd71814a1","layer":"battles","layer_title":"Сражения и военные события","group":"military","title":"Сражение при Кастельнуово","category":"Российская Империя","date_precision":"unknown","date_approx":false,"url":"https://ru.wikipedia.org/wiki/Сражение при Кастельнуово","source":"Русская Википедия / Викиданные","source_id":"Q16531638","license":"CC BY-SA 4.0","confidence":"ok","extra":{"era":"Российская Империя","war_raw":null}}},{"type":"Feature","id":"battles:3d205ce417ba","geometry":{"type":"Point","coordinates":[19.277222,50.966667]},"properties":{"uid":"battles:3d205ce417ba","layer":"battles","layer_title":"Сражения и военные события","group":"military","title":"Сражение под Крушиной","category":"Польское восстание 1863–1864","date_precision":"unknown","date_approx":false,"work":"Польское восстание 1863–1864","url":"https://ru.wikipedia.org/wiki/Сражение под Крушиной","source":"Русская Википедия / Викиданные","source_id":"Q9173126","license":"CC BY-SA 4.0","confidence":"ok","extra":{"era":"Российская Империя","war_raw":"Польское восстание (1863)"}}},{"type":"Feature","id":"battles:1cfdf3b42a06","geometry":{"type":"Point","coordinates":[22.312968,60.393632]},"properties":{"uid":"battles:1cfdf3b42a06","layer":"battles","layer_title":"Сражения и военные события","group":"military","title":"Сражение в Лему (1808)","category":"Русско-шведская война","year_from":1808,"year_to":1808,"date_precision":"year","date_approx":false,"work":"Русско-шведская война","url":"https://ru.wikipedia.org/wiki/Сражение в Лему (1808)","source":"Русская Википедия / Викиданные","source_id":"Q2562633","license":"CC BY-SA 4.0","confidence":"ok","extra":{"era":"Российская Империя","war_raw":"Русско-шведская война"}}},{"type":"Feature","id":"battles:b094f5f5925a","geometry":{"type":"Point","coordinates":[22.0,54.0]},"properties":{"uid":"battles:b094f5f5925a","layer":"battles","layer_title":"Сражения и военные события","group":"military","title":"Мазурское сражение (1914)","category":"Первая мировая война 1914–1918","year_from":1914,"year_to":1914,"date_precision":"year","date_approx":false,"work":"Первая мировая война 1914–1918","url":"https://ru.wikipedia.org/wiki/Мазурское сражение (1914)","source":"Русская Википедия / Викиданные","source_id":"Q660655","license":"CC BY-SA 4.0","confidence":"ok","extra":{"era":"Российская Империя","war_raw":"Первая мировая война"}}},{"type":"Feature","id":"battles:7227c05b7865","geometry":{"type":"Point","coordinates":[6.176944,49.119722]},"properties":{"uid":"battles:7227c05b7865","layer":"battles","layer_title":"Сражения и военные события","group":"military","title":"Осада Меца (1814)","category":"Война шестой коалиции","year_from":1814,"year_to":1814,"date_precision":"year","date_approx":false,"work":"Война шестой коалиции","url":"https://ru.wikipedia.org/wiki/Осада Меца (1814)","source":"Русская Википедия / Викиданные","source_id":"Q3485959","license":"CC BY-SA 4.0","confidence":"outside_bbox","extra":{"era":"Российская Империя","war_raw":"Война шестой коалиции"}}},{"type":"Feature","id":"battles:37972a3f3eb9","geometry":{"type":"Point","coordinates":[42.108333,42.083333]},"properties":{"uid":"battles:37972a3f3eb9","layer":"battles","layer_title":"Сражения и военные события","group":"military","title":"Сражение при Нигоети (1854)","category":"Крымская война 1853–1856","year_from":1854,"year_to":1854,"date_precision":"year","date_approx":false,"work":"Крымская война 1853–1856","url":"https://ru.wikipedia.org/wiki/Сражение при Нигоети (1854)","source":"Русская Википедия / Викиданные","source_id":"Q12867550","license":"CC BY-SA 4.0","confidence":"ok","extra":{"era":"Российская Империя","war_raw":"Кавказская кампания Крымской войны"}}},{"type":"Feature","id":"battles:b8f08a486e99","geometry":{"type":"Point","coordinates":[24.986389,60.148056]},"properties":{"uid":"battles:b8f08a486e99","layer":"battles","layer_title":"Сражения и военные события","group":"military","title":"Оборона Свеаборга","category":"Крымская война 1853–1856","date_precision":"unknown","date_approx":false,"work":"Крымская война 1853–1856","url":"https://ru.wikipedia.org/wiki/Оборона Свеаборга","source":"Русская Википедия / Викиданные","source_id":"Q4872467","license":"CC BY-SA 4.0","confidence":"ok","extra":{"era":"Российская Империя","war_raw":"Крымская война"}}},{"type":"Feature","id":"battles:25a17e0f66e3","geometry":{"type":"Point","coordinates":[2.35183,48.8566]},"properties":{"uid":"battles:25a17e0f66e3","layer":"battles","layer_title":"Сражения и военные события","group":"military","title":"Взятие Парижа (1814)","category":"Освободительная война в Германии","year_from":1814,"year_to":1814,"date_precision":"year","date_approx":false,"work":"Освободительная война в Германии","url":"https://ru.wikipedia.org/wiki/Взятие Парижа (1814)","source":"Русская Википедия / Викиданные","source_id":"Q780921","license":"CC BY-SA 4.0","confidence":"outside_bbox","extra":{"era":"Российская Империя","war_raw":"Освободительная война в Германии"}}},{"type":"Feature","id":"battles:005e8dc94ae6","geometry":{"type":"Point","coordinates":[66.959722,39.654167]},"properties":{"uid":"battles:005e8dc94ae6","layer":"battles","layer_title":"Сражения и военные события","group":"military","title":"Оборона Самарканда (1868)","category":"Российское завоевание Бухарского эмирата","year_from":1868,"year_to":1868,"date_precision":"year","date_approx":false,"work":"Российское завоевание Бухарского эмирата","url":"https://ru.wikipedia.org/wiki/Оборона Самарканда (1868)","source":"Русская Википедия / Викиданные","source_id":"Q60791909","license":"CC BY-SA 4.0","confidence":"ok","extra":{"era":"Российская Империя","war_raw":"Российское завоевание Бухарского эмирата"}}},{"type":"Feature","id":"battles:35b5dfc2f977","geometry":{"type":"Point","coordinates":[22.8625,52.427222]},"properties":{"uid":"battles:35b5dfc2f977","layer":"battles","layer_title":"Сражения и военные события","group":"military","title":"Сражение за Семятыче","category":"Польское восстание 1863–1864","date_precision":"unknown","date_approx":false,"work":"Польское восстание 1863–1864","url":"https://ru.wikipedia.org/wiki/Сражение за Семятыче","source":"Русская Википедия / Викиданные","source_id":"Q2591328","license":"CC BY-SA 4.0","confidence":"ok","extra":{"era":"Российская Империя","war_raw":"Польское восстание (1863)"}}},{"type":"Feature","id":"battles:b13743f4d4ca","geometry":{"type":"Point","coordinates":[27.260278,44.118611]},"properties":{"uid":"battles:b13743f4d4ca","layer":"battles","layer_title":"Сражения и военные события","group":"military","title":"Осада Силистрии (1828)","category":"Российская Империя","year_from":1828,"year_to":1828,"date_precision":"year","date_approx":false,"url":"https://ru.wikipedia.org/wiki/Осада Силистрии (1828)","source":"Русская Википедия / Викиданные","source_id":"Q20500317","license":"CC BY-SA 4.0","confidence":"ok","extra":{"era":"Российская Империя","war_raw":null}}},{"type":"Feature","id":"battles:8aef81db60b4","geometry":{"type":"Point","coordinates":[27.260278,44.118611]},"properties":{"uid":"battles:8aef81db60b4","layer":"battles","layer_title":"Сражения и военные события","group":"military","title":"Осада Силистрии (1829)","category":"Российская Империя","year_from":1829,"year_to":1829,"date_precision":"year","date_approx":false,"url":"https://ru.wikipedia.org/wiki/Осада Силистрии (1829)","source":"Русская Википедия / Викиданные","source_id":"Q20500323","license":"CC BY-SA 4.0","confidence":"ok","extra":{"era":"Российская Империя","war_raw":null}}},{"type":"Feature","id":"battles:f9480c75f381","geometry":{"type":"Point","coordinates":[25.906839,43.858253]},"properties":{"uid":"battles:f9480c75f381","layer":"battles","layer_title":"Сражения и военные события","group":"military","title":"Слободзейское сражение","category":"Русско-турецкая война 1806—1812 годов","date_precision":"unknown","date_approx":false,"work":"Русско-турецкая война 1806—1812 годов","url":"https://ru.wikipedia.org/wiki/Слободзейское сражение","source":"Русская Википедия / Викиданные","source_id":"Q21644425","license":"CC BY-SA 4.0","confidence":"ok","extra":{"era":"Российская Империя","war_raw":"Русско-турецкая война 1806—1812 годов"}}},{"type":"Feature","id":"battles:87576585fb60","geometry":{"type":"Point","coordinates":[39.491389,39.746389]},"properties":{"uid":"battles:87576585fb60","layer":"battles","layer_title":"Сражения и военные события","group":"military","title":"Эрзинджанская операция","category":"Первая мировая война 1914–1918","date_precision":"unknown","date_approx":false,"work":"Первая мировая война 1914–1918","url":"https://ru.wikipedia.org/wiki/Эрзинджанская операция","source":"Русская Википедия / Викиданные","source_id":"Q836837","license":"CC BY-SA 4.0","confidence":"ok","extra":{"era":"Российская Империя","war_raw":"Первая мировая война"}}},{"type":"Feature","id":"battles:19b04d175eea","geometry":{"type":"Point","coordinates":[41.275556,39.909722]},"properties":{"uid":"battles:19b04d175eea","layer":"battles","layer_title":"Сражения и военные события","group":"military","title":"Эрзурумская операция","category":"Первая мировая война 1914–1918","date_precision":"unknown","date_approx":false,"work":"Первая мировая война 1914–1918","url":"https://ru.wikipedia.org/wiki/Эрзурумская операция","source":"Русская Википедия / Викиданные","source_id":"Q524208","license":"CC BY-SA 4.0","confidence":"ok","extra":{"era":"Российская Империя","war_raw":"Первая мировая война"}}},{"type":"Feature","id":"battles:992091196842","geometry":{"type":"Point","coordinates":[44.514444,40.181389]},"properties":{"uid":"battles:992091196842","layer":"battles","layer_title":"Сражения и военные события","group":"military","title":"Осада Эривани (1804)","category":"Русско-персидская война (1804—1813)","year_from":1804,"year_to":1804,"date_precision":"year","date_approx":false,"work":"Русско-персидская война (1804—1813)","url":"https://ru.wikipedia.org/wiki/Осада Эривани (1804)","source":"Русская Википедия / Викиданные","source_id":"Q48803703","license":"CC BY-SA 4.0","confidence":"ok","extra":{"era":"Российская Империя","war_raw":"Русско-персидская война (1804—1813)"}}},{"type":"Feature","id":"battles:acc124e42927","geometry":{"type":"Point","coordinates":[19.097028,50.812528]},"properties":{"uid":"battles:acc124e42927","layer":"battles","layer_title":"Сражения и военные события","group":"military","title":"Осада Ясной Горы (1813)","category":"Российская Империя","year_from":1813,"year_to":1813,"date_precision":"year","date_approx":false,"url":"https://ru.wikipedia.org/wiki/Осада Ясной Горы (1813)","source":"Русская Википедия / Викиданные","source_id":"Q11794855","license":"CC BY-SA 4.0","confidence":"ok","extra":{"era":"Российская Империя","war_raw":null}}},{"type":"Feature","id":"battles:79132d6f7a5f","geometry":{"type":"Point","coordinates":[23.0,58.5]},"properties":{"uid":"battles:79132d6f7a5f","layer":"battles","layer_title":"Сражения и военные события","group":"military","title":"Моонзундское сражение (1917)","category":"ПМВ","year_from":1917,"year_to":1917,"date_precision":"year","date_approx":false,"work":"ПМВ","url":"https://ru.wikipedia.org/wiki/Моонзундское сражение (1917)","source":"Русская Википедия / Викиданные","source_id":"Q871617","license":"CC BY-SA 4.0","confidence":"ok","extra":{"era":"Российская Империя","war_raw":"ПМВ"}}},{"type":"Feature","id":"battles:bd76b3756815","geometry":{"type":"Point","coordinates":[39.721111,41.005278]},"properties":{"uid":"battles:bd76b3756815","layer":"battles","layer_title":"Сражения и военные события","group":"military","title":"Трапезундская операция","category":"ПМВ","date_precision":"unknown","date_approx":false,"work":"ПМВ","url":"https://ru.wikipedia.org/wiki/Трапезундская операция","source":"Русская Википедия / Викиданные","source_id":"Q2058905","license":"CC BY-SA 4.0","confidence":"ok","extra":{"era":"Российская Империя","war_raw":"ПМВ"}}},{"type":"Feature","id":"battles:dd7e94a07b7c","geometry":{"type":"Point","coordinates":[22.0,60.0]},"properties":{"uid":"battles:dd7e94a07b7c","layer":"battles","layer_title":"Сражения и военные события","group":"military","title":"Сражение у острова Корпо","category":"Русско-шведские войны","date_precision":"unknown","date_approx":false,"work":"Русско-шведские войны","url":"https://ru.wikipedia.org/wiki/Сражение у острова Корпо","source":"Русская Википедия / Викиданные","source_id":"Q10669529","license":"CC BY-SA 4.0","confidence":"ok","extra":{"era":"Российская Империя","war_raw":"Русско-шведские войны"}}},{"type":"Feature","id":"battles:067e7b9bbd30","geometry":{"type":"Point","coordinates":[29.253,60.072]},"properties":{"uid":"battles:067e7b9bbd30","layer":"battles","layer_title":"Сражения и военные события","group":"military","title":"Красногорское сражение","category":"Русско-шведские войны","date_precision":"unknown","date_approx":false,"work":"Русско-шведские войны","url":"https://ru.wikipedia.org/wiki/Красногорское сражение","source":"Русская Википедия / Викиданные","source_id":"Q4238502","license":"CC BY-SA 4.0","confidence":"ok","extra":{"era":"Российская Империя","war_raw":"Русско-шведские войны"}}},{"type":"Feature","id":"battles:423b5e830e6e","geometry":{"type":"Point","coordinates":[28.606667,55.887222]},"properties":{"uid":"battles:423b5e830e6e","layer":"battles","layer_title":"Сражения и военные события","group":"military","title":"Сражение под Клястицами","category":"Отечественная война 1812 года","date_precision":"unknown","date_approx":false,"work":"Отечественная война 1812 года","url":"https://ru.wikipedia.org/wiki/Сражение под Клястицами","source":"Русская Википедия / Викиданные","source_id":"Q840194","license":"CC BY-SA 4.0","confidence":"ok","extra":{"era":"Российская Империя","war_raw":"Отечественная война 1812"}}},{"type":"Feature","id":"battles:df8946c73a8b","geometry":{"type":"Point","coordinates":[31.43,54.56]},"properties":{"uid":"battles:df8946c73a8b","layer":"battles","layer_title":"Сражения и военные события","group":"military","title":"Сражение под Красным","category":"Отечественная война 1812 года","date_precision":"unknown","date_approx":false,"work":"Отечественная война 1812 года","url":"https://ru.wikipedia.org/wiki/Сражение под Красным","source":"Русская Википедия / Викиданные","source_id":"Q25809","license":"CC BY-SA 4.0","confidence":"ok","extra":{"era":"Российская Империя","war_raw":"Отечественная война 1812"}}},{"type":"Feature","id":"battles:5b525f01e295","geometry":{"type":"Point","coordinates":[30.166667,55.183333]},"properties":{"uid":"battles:5b525f01e295","layer":"battles","layer_title":"Сражения и военные события","group":"military","title":"Сражение при реке Лучосе","category":"Отечественная война 1812 года","date_precision":"unknown","date_approx":false,"work":"Отечественная война 1812 года","url":"https://ru.wikipedia.org/wiki/Сражение при реке Лучосе","source":"Русская Википедия / Викиданные","source_id":"Q4872691","license":"CC BY-SA 4.0","confidence":"ok","extra":{"era":"Российская Империя","war_raw":"Отечественная война 1812"}}},{"type":"Feature","id":"battles:db6697a10df1","geometry":{"type":"Point","coordinates":[28.8,55.483333]},"properties":{"uid":"battles:db6697a10df1","layer":"battles","layer_title":"Сражения и военные события","group":"military","title":"Первое сражение под Полоцком","category":"Отечественная война 1812 года","date_precision":"unknown","date_approx":false,"work":"Отечественная война 1812 года","url":"https://ru.wikipedia.org/wiki/Первое сражение под Полоцком","source":"Русская Википедия / Викиданные","source_id":"Q903248","license":"CC BY-SA 4.0","confidence":"ok","extra":{"era":"Российская Империя","war_raw":"Отечественная война 1812"}}},{"type":"Feature","id":"battles:8749061a4289","geometry":{"type":"Point","coordinates":[28.8,55.483333]},"properties":{"uid":"battles:8749061a4289","layer":"battles","layer_title":"Сражения и военные события","group":"military","title":"Второе сражение под Полоцком","category":"Отечественная война 1812 года","date_precision":"unknown","date_approx":false,"work":"Отечественная война 1812 года","url":"https://ru.wikipedia.org/wiki/Второе сражение под Полоцком","source":"Русская Википедия / Викиданные","source_id":"Q738802","license":"CC BY-SA 4.0","confidence":"ok","extra":{"era":"Российская Империя","war_raw":"Отечественная война 1812"}}},{"type":"Feature","id":"battles:a7ab1751df78","geometry":{"type":"Point","coordinates":[24.583333,52.55]},"properties":{"uid":"battles:a7ab1751df78","layer":"battles","layer_title":"Сражения и военные события","group":"military","title":"Сражение под Смолянами","category":"Отечественная война 1812 года","date_precision":"unknown","date_approx":false,"work":"Отечественная война 1812 года","url":"https://ru.wikipedia.org/wiki/Сражение под Смолянами","source":"Русская Википедия / Викиданные","source_id":"Q738813","license":"CC BY-SA 4.0","confidence":"ok","extra":{"era":"Российская Империя","war_raw":"Отечественная война 1812"}}},{"type":"Feature","id":"battles:dc7c84ddf12e","geometry":{"type":"Point","coordinates":[23.216667,44.1]},"properties":{"uid":"battles:dc7c84ddf12e","layer":"battles","layer_title":"Сражения и военные события","group":"military","title":"Сражение при Четати","category":"Крымская война 1853–1856","date_precision":"unknown","date_approx":false,"work":"Крымская война 1853–1856","url":"https://ru.wikipedia.org/wiki/Сражение при Четати","source":"Русская Википедия / Викиданные","source_id":"Q1351343","license":"CC BY-SA 4.0","confidence":"ok","extra":{"era":"Российская Империя","war_raw":"Крымская война"}}},{"type":"Feature","id":"battles:afd9130e5237","geometry":{"type":"Point","coordinates":[47.065774,42.505037]},"properties":{"uid":"battles:afd9130e5237","layer":"battles","layer_title":"Сражения и военные события","group":"military","title":"Взятие Гергебиля (1848)","category":"Кавказская война 1817–1864","year_from":1848,"year_to":1848,"date_precision":"year","date_approx":false,"work":"Кавказская война 1817–1864","summary":"Гергебиль — аул в Северном Дагестане, расположенный при впадении реки Аймякинки в реку Казикумыхское-Койсу.","url":"https://ru.wikipedia.org/wiki/Взятие Гергебиля (1848)","source":"Русская Википедия / Викиданные","source_id":"Q32362203","license":"CC BY-SA 4.0","confidence":"ok","extra":{"era":"Российская Империя","war_raw":"Кавказская война"}}},{"type":"Feature","id":"battles:d3ea7191e801","geometry":{"type":"Point","coordinates":[47.455909,42.941848]},"properties":{"uid":"battles:d3ea7191e801","layer":"battles","layer_title":"Сражения и военные события","group":"military","title":"Осада Бурной","category":"Кавказская война 1817–1864","date_precision":"unknown","date_approx":false,"work":"Кавказская война 1817–1864","url":"https://ru.wikipedia.org/wiki/Осада Бурной","source":"Русская Википедия / Викиданные","source_id":"Q113289079","license":"CC BY-SA 4.0","confidence":"ok","extra":{"era":"Российская Империя","war_raw":"Кавказская война"}}},{"type":"Feature","id":"battles:a897a1aaba90","geometry":{"type":"Point","coordinates":[28.7442,60.7092]},"properties":{"uid":"battles:a897a1aaba90","layer":"battles","layer_title":"Сражения и военные события","group":"military","title":"Осада Выборга (1710)","category":"Северная война 1700–1721","year_from":1710,"year_to":1710,"date_precision":"year","date_approx":false,"work":"Северная война 1700–1721","url":"https://ru.wikipedia.org/wiki/Осада Выборга (1710)","source":"Русская Википедия / Викиданные","source_id":"Q815229","license":"CC BY-SA 4.0","confidence":"ok","extra":{"era":"Российская Империя","war_raw":"Северная война"}}},{"type":"Feature","id":"battles:6fbbd53a87bf","geometry":{"type":"Point","coordinates":[26.7225,58.38]},"properties":{"uid":"battles:6fbbd53a87bf","layer":"battles","layer_title":"Сражения и военные события","group":"military","title":"Осада Дерпта (1704)","category":"Северная война 1700–1721","year_from":1704,"year_to":1704,"date_precision":"year","date_approx":false,"work":"Северная война 1700–1721","url":"https://ru.wikipedia.org/wiki/Осада Дерпта (1704)","source":"Русская Википедия / Викиданные","source_id":"Q645939","license":"CC BY-SA 4.0","confidence":"ok","extra":{"era":"Российская Империя","war_raw":"Северная война"}}},{"type":"Feature","id":"battles:5ca0ce7093fd","geometry":{"type":"Point","coordinates":[30.123,61.03]},"properties":{"uid":"battles:5ca0ce7093fd","layer":"battles","layer_title":"Сражения и военные события","group":"military","title":"Осада Кексгольма (1710)","category":"Северная война 1700–1721","year_from":1710,"year_to":1710,"date_precision":"year","date_approx":false,"work":"Северная война 1700–1721","url":"https://ru.wikipedia.org/wiki/Осада Кексгольма (1710)","source":"Русская Википедия / Викиданные","source_id":"Q655180","license":"CC BY-SA 4.0","confidence":"ok","extra":{"era":"Российская Империя","war_raw":"Северная война"}}},{"type":"Feature","id":"battles:89301c29c3fd","geometry":{"type":"Point","coordinates":[28.200556,59.379167]},"properties":{"uid":"battles:89301c29c3fd","layer":"battles","layer_title":"Сражения и военные события","group":"military","title":"Осада Нарвы (1704)","category":"Северная война 1700–1721","year_from":1704,"year_to":1704,"date_precision":"year","date_approx":false,"work":"Северная война 1700–1721","url":"https://ru.wikipedia.org/wiki/Осада Нарвы (1704)","source":"Русская Википедия / Викиданные","source_id":"Q694054","license":"CC BY-SA 4.0","confidence":"ok","extra":{"era":"Российская Империя","war_raw":"Северная война"}}},{"type":"Feature","id":"battles:95c6bc48082a","geometry":{"type":"Point","coordinates":[24.106389,56.948889]},"properties":{"uid":"battles:95c6bc48082a","layer":"battles","layer_title":"Сражения и военные события","group":"military","title":"Осада Риги (1709—1710)","category":"Северная война 1700–1721","year_from":1709,"year_to":1710,"date_precision":"year","date_approx":false,"work":"Северная война 1700–1721","url":"https://ru.wikipedia.org/wiki/Осада Риги (1709—1710)","source":"Русская Википедия / Викиданные","source_id":"Q447901","license":"CC BY-SA 4.0","confidence":"ok","extra":{"era":"Российская Империя","war_raw":"Северная война"}}},{"type":"Feature","id":"battles:8c80c0689281","geometry":{"type":"Point","coordinates":[8.942778,54.317222]},"properties":{"uid":"battles:8c80c0689281","layer":"battles","layer_title":"Сражения и военные события","group":"military","title":"Осада Тённинга (1713—1714)","category":"Северная война 1700–1721","year_from":1713,"year_to":1714,"date_precision":"year","date_approx":false,"work":"Северная война 1700–1721","url":"https://ru.wikipedia.org/wiki/Осада Тённинга (1713—1714)","source":"Русская Википедия / Викиданные","source_id":"Q815222","license":"CC BY-SA 4.0","confidence":"outside_bbox","extra":{"era":"Российская Империя","war_raw":"Северная война"}}},{"type":"Feature","id":"battles:1c195b009492","geometry":{"type":"Point","coordinates":[18.616667,53.016667]},"properties":{"uid":"battles:1c195b009492","layer":"battles","layer_title":"Сражения и военные события","group":"military","title":"Осада Торуня (1703)","category":"Северная война 1700–1721","year_from":1703,"year_to":1703,"date_precision":"year","date_approx":false,"work":"Северная война 1700–1721","url":"https://ru.wikipedia.org/wiki/Осада Торуня (1703)","source":"Русская Википедия / Викиданные","source_id":"Q815214","license":"CC BY-SA 4.0","confidence":"ok","extra":{"era":"Российская Империя","war_raw":"Северная война"}}},{"type":"Feature","id":"battles:ec382f41ba4f","geometry":{"type":"Point","coordinates":[14.555278,53.424722]},"properties":{"uid":"battles:ec382f41ba4f","layer":"battles","layer_title":"Сражения и военные события","group":"military","title":"Осада Штеттина (1713)","category":"Северная война 1700–1721","year_from":1713,"year_to":1713,"date_precision":"year","date_approx":false,"work":"Северная война 1700–1721","url":"https://ru.wikipedia.org/wiki/Осада Штеттина (1713)","source":"Русская Википедия / Викиданные","source_id":"Q815206","license":"CC BY-SA 4.0","confidence":"outside_bbox","extra":{"era":"Российская Империя","war_raw":"Северная война"}}},{"type":"Feature","id":"battles:73e47fab7ff9","geometry":{"type":"Point","coordinates":[13.083333,54.3]},"properties":{"uid":"battles:73e47fab7ff9","layer":"battles","layer_title":"Сражения и военные события","group":"military","title":"Осада Штральзунда (1715)","category":"Северная война 1700–1721","year_from":1715,"year_to":1715,"date_precision":"year","date_approx":false,"work":"Северная война 1700–1721","url":"https://ru.wikipedia.org/wiki/Осада Штральзунда (1715)","source":"Русская Википедия / Викиданные","source_id":"Q571699","license":"CC BY-SA 4.0","confidence":"outside_bbox","extra":{"era":"Российская Империя","war_raw":"Северная война"}}},{"type":"Feature","id":"battles:e3c6c69c9d92","geometry":{"type":"Point","coordinates":[-82.374722,23.096389]},"properties":{"uid":"battles:e3c6c69c9d92","layer":"battles","layer_title":"Сражения и военные события","group":"military","title":"Осада Гаваны (1762)","category":"Семилетняя война 1756–1763","year_from":1762,"year_to":1762,"date_precision":"year","date_approx":false,"work":"Семилетняя война 1756–1763","url":"https://ru.wikipedia.org/wiki/Осада Гаваны (1762)","source":"Русская Википедия / Викиданные","source_id":"Q562277","license":"CC BY-SA 4.0","confidence":"outside_bbox","extra":{"era":"Российская Империя","war_raw":"Семилетняя война"}}},{"type":"Feature","id":"battles:8e4676ce73e4","geometry":{"type":"Point","coordinates":[-59.970278,45.921389]},"properties":{"uid":"battles:8e4676ce73e4","layer":"battles","layer_title":"Сражения и военные события","group":"military","title":"Осада Луисбурга (1758)","category":"Семилетняя война 1756–1763","year_from":1758,"year_to":1758,"date_precision":"year","date_approx":false,"work":"Семилетняя война 1756–1763","url":"https://ru.wikipedia.org/wiki/Осада Луисбурга (1758)","source":"Русская Википедия / Викиданные","source_id":"Q3050672","license":"CC BY-SA 4.0","confidence":"outside_bbox","extra":{"era":"Российская Империя","war_raw":"Семилетняя война"}}},{"type":"Feature","id":"battles:e73a88532507","geometry":{"type":"Point","coordinates":[80.2701,13.0901]},"properties":{"uid":"battles:e73a88532507","layer":"battles","layer_title":"Сражения и военные события","group":"military","title":"Осада Мадраса","category":"Семилетняя война 1756–1763","date_precision":"unknown","date_approx":false,"work":"Семилетняя война 1756–1763","url":"https://ru.wikipedia.org/wiki/Осада Мадраса","source":"Русская Википедия / Викиданные","source_id":"Q7510220","license":"CC BY-SA 4.0","confidence":"outside_bbox","extra":{"era":"Российская Империя","war_raw":"Семилетняя война"}}},{"type":"Feature","id":"battles:316d75954b3f","geometry":{"type":"Point","coordinates":[-61.0,14.67]},"properties":{"uid":"battles:316d75954b3f","layer":"battles","layer_title":"Сражения и военные события","group":"military","title":"Вторжение на Мартинику (1762)","category":"Семилетняя война 1756–1763","year_from":1762,"year_to":1762,"date_precision":"year","date_approx":false,"work":"Семилетняя война 1756–1763","url":"https://ru.wikipedia.org/wiki/Вторжение на Мартинику (1762)","source":"Русская Википедия / Викиданные","source_id":"Q63431","license":"CC BY-SA 4.0","confidence":"outside_bbox","extra":{"era":"Российская Империя","war_raw":"Семилетняя война"}}},{"type":"Feature","id":"battles:790662243ef0","geometry":{"type":"Point","coordinates":[81.1349,16.1844]},"properties":{"uid":"battles:790662243ef0","layer":"battles","layer_title":"Сражения и военные события","group":"military","title":"Осада Масулипатама","category":"Семилетняя война 1756–1763","date_precision":"unknown","date_approx":false,"work":"Семилетняя война 1756–1763","url":"https://ru.wikipedia.org/wiki/Осада Масулипатама","source":"Русская Википедия / Викиданные","source_id":"Q3485950","license":"CC BY-SA 4.0","confidence":"outside_bbox","extra":{"era":"Российская Империя","war_raw":"Семилетняя война"}}},{"type":"Feature","id":"battles:1a61987d6500","geometry":{"type":"Point","coordinates":[-73.7125,43.425]},"properties":{"uid":"battles:1a61987d6500","layer":"battles","layer_title":"Сражения и военные события","group":"military","title":"Осада форта Уильям-Генри","category":"Семилетняя война 1756–1763","date_precision":"unknown","date_approx":false,"work":"Семилетняя война 1756–1763","url":"https://ru.wikipedia.org/wiki/Осада форта Уильям-Генри","source":"Русская Википедия / Викиданные","source_id":"Q2080325","license":"CC BY-SA 4.0","confidence":"outside_bbox","extra":{"era":"Российская Империя","war_raw":"Семилетняя война"}}},{"type":"Feature","id":"battles:e1cee6e39cd3","geometry":{"type":"Point","coordinates":[13.933,50.967]},"properties":{"uid":"battles:e1cee6e39cd3","layer":"battles","layer_title":"Сражения и военные события","group":"military","title":"Осада Пирны","category":"Семилетняя война 1756–1763","date_precision":"unknown","date_approx":false,"work":"Семилетняя война 1756–1763","url":"https://ru.wikipedia.org/wiki/Осада Пирны","source":"Русская Википедия / Викиданные","source_id":"Q539707","license":"CC BY-SA 4.0","confidence":"outside_bbox","extra":{"era":"Российская Империя","war_raw":"Семилетняя война"}}},{"type":"Feature","id":"battles:25521547f5f9","geometry":{"type":"Point","coordinates":[79.83,11.933]},"properties":{"uid":"battles:25521547f5f9","layer":"battles","layer_title":"Сражения и военные события","group":"military","title":"Осада Пондишерри (1760)","category":"Семилетняя война 1756–1763","year_from":1760,"year_to":1760,"date_precision":"year","date_approx":false,"work":"Семилетняя война 1756–1763","url":"https://ru.wikipedia.org/wiki/Осада Пондишерри (1760)","source":"Русская Википедия / Викиданные","source_id":"Q3073029","license":"CC BY-SA 4.0","confidence":"outside_bbox","extra":{"era":"Российская Империя","war_raw":"Семилетняя война"}}},{"type":"Feature","id":"battles:bf95db13fc34","geometry":{"type":"Point","coordinates":[7.995278,51.662222]},"properties":{"uid":"battles:bf95db13fc34","layer":"battles","layer_title":"Сражения и военные события","group":"military","title":"Сражение при Фелинггаузене","category":"Семилетняя война 1756–1763","date_precision":"unknown","date_approx":false,"work":"Семилетняя война 1756–1763","url":"https://ru.wikipedia.org/wiki/Сражение при Фелинггаузене","source":"Русская Википедия / Викиданные","source_id":"Q689007","license":"CC BY-SA 4.0","confidence":"outside_bbox","extra":{"era":"Российская Империя","war_raw":"Семилетняя война"}}},{"type":"Feature","id":"battles:3ec728cff6ad","geometry":{"type":"Point","coordinates":[88.39,22.9]},"properties":{"uid":"battles:3ec728cff6ad","layer":"battles","layer_title":"Сражения и военные события","group":"military","title":"Битва при Чинсуре","category":"Семилетняя война 1756–1763","date_precision":"unknown","date_approx":false,"work":"Семилетняя война 1756–1763","summary":"Битва при Чинсуре (англ. Battle of Chinsurah) — сражение во время Семилетней войны между британскими войсками и войсками Голландской Ост-Индской компании, которая попросила о помощи наваба Бенгалии Мир Джафара, чтобы помочь им изгнать британцев из Бенгалии. Хотя Великобритания и Республика Соединённых провинций формально не были в состоянии войны, голландцы продвинулись вверх п","url":"https://ru.wikipedia.org/wiki/Битва при Чинсуре","source":"Русская Википедия / Викиданные","source_id":"Q211219","license":"CC BY-SA 4.0","confidence":"outside_bbox","extra":{"era":"Российская Империя","war_raw":"Семилетняя война"}}},{"type":"Feature","id":"battles:0017be8a41dd","geometry":{"type":"Point","coordinates":[123.448056,41.795556]},"properties":{"uid":"battles:0017be8a41dd","layer":"battles","layer_title":"Сражения и военные события","group":"military","title":"Сражение при Ляояне","category":"Русско-японская война 1904–1905","date_precision":"unknown","date_approx":false,"work":"Русско-японская война 1904–1905","url":"https://ru.wikipedia.org/wiki/Сражение при Ляояне","source":"Русская Википедия / Викиданные","source_id":"Q2440191","license":"CC BY-SA 4.0","confidence":"ok","extra":{"era":"Российская Империя","war_raw":"Русско-японская война 1904–1905"}}},{"type":"Feature","id":"battles:82463c07a992","geometry":{"type":"Point","coordinates":[123.433333,41.783333]},"properties":{"uid":"battles:82463c07a992","layer":"battles","layer_title":"Сражения и военные события","group":"military","title":"Мукденское сражение","category":"Русско-японская война 1904–1905","date_precision":"unknown","date_approx":false,"work":"Русско-японская война 1904–1905","summary":"Мукде́нское сраже́ние — наиболее масштабное, продолжительное по времени и самое кровопролитное сражение русско-японской войны, окончившееся победой Японии. Сражение развернулось на фронте общим протяжением до 150 километров. С обеих сторон в нём участвовало около полумиллиона солдат и офицеров, две с половиной тысячи артиллерийских орудий, 250 пулемётов. Суммарные людские потери сражающихся армий","url":"https://ru.wikipedia.org/wiki/Мукденское сражение","source":"Русская Википедия / Викиданные","source_id":"Q384091","license":"CC BY-SA 4.0","confidence":"ok","extra":{"era":"Российская Империя","war_raw":"Русско-японская война 1904–1905"}}},{"type":"Feature","id":"battles:1105be20b81e","geometry":{"type":"Point","coordinates":[121.236111,38.796389]},"properties":{"uid":"battles:1105be20b81e","layer":"battles","layer_title":"Сражения и военные события","group":"military","title":"Оборона Порт-Артура","category":"Русско-японская война 1904–1905","date_precision":"unknown","date_approx":false,"work":"Русско-японская война 1904–1905","url":"https://ru.wikipedia.org/wiki/Оборона Порт-Артура","source":"Русская Википедия / Викиданные","source_id":"Q210800","license":"CC BY-SA 4.0","confidence":"ok","extra":{"era":"Российская Империя","war_raw":"Русско-японская война 1904–1905"}}},{"type":"Feature","id":"battles:79310b9d67fa","geometry":{"type":"Point","coordinates":[123.433333,41.783333]},"properties":{"uid":"battles:79310b9d67fa","layer":"battles","layer_title":"Сражения и военные события","group":"military","title":"Сражение при Сандепу","category":"Русско-японская война 1904–1905","date_precision":"unknown","date_approx":false,"work":"Русско-японская война 1904–1905","url":"https://ru.wikipedia.org/wiki/Сражение при Сандепу","source":"Русская Википедия / Викиданные","source_id":"Q1358032","license":"CC BY-SA 4.0","confidence":"ok","extra":{"era":"Российская Империя","war_raw":"Русско-японская война 1904–1905"}}},{"type":"Feature","id":"battles:b13bb5d43182","geometry":{"type":"Point","coordinates":[122.5,40.633333]},"properties":{"uid":"battles:b13bb5d43182","layer":"battles","layer_title":"Сражения и военные события","group":"military","title":"Сражение при Ташичао","category":"Русско-японская война 1904–1905","date_precision":"unknown","date_approx":false,"work":"Русско-японская война 1904–1905","url":"https://ru.wikipedia.org/wiki/Сражение при Ташичао","source":"Русская Википедия / Викиданные","source_id":"Q2409264","license":"CC BY-SA 4.0","confidence":"ok","extra":{"era":"Российская Империя","war_raw":"Русско-японская война 1904–1905"}}},{"type":"Feature","id":"battles:08dd0d78abc9","geometry":{"type":"Point","coordinates":[123.457,41.5986]},"properties":{"uid":"battles:08dd0d78abc9","layer":"battles","layer_title":"Сражения и военные события","group":"military","title":"Сражение на реке Шахе","category":"Русско-японская война 1904–1905","date_precision":"unknown","date_approx":false,"work":"Русско-японская война 1904–1905","url":"https://ru.wikipedia.org/wiki/Сражение на реке Шахе","source":"Русская Википедия / Викиданные","source_id":"Q920679","license":"CC BY-SA 4.0","confidence":"ok","extra":{"era":"Российская Империя","war_raw":"Русско-японская война 1904–1905"}}},{"type":"Feature","id":"battles:717f26a4b3f1","geometry":{"type":"Point","coordinates":[39.421581,47.115956]},"properties":{"uid":"battles:717f26a4b3f1","layer":"battles","layer_title":"Сражения и военные события","group":"military","title":"Осада Азова (1736)","category":"Русско-турецкая война 1735—1739 годов","year_from":1736,"year_to":1736,"date_precision":"year","date_approx":false,"work":"Русско-турецкая война 1735—1739 годов","url":"https://ru.wikipedia.org/wiki/Осада Азова (1736)","source":"Русская Википедия / Викиданные","source_id":"Q4337347","license":"CC BY-SA 4.0","confidence":"place_level","extra":{"era":"Российская Империя","war_raw":"Русско-турецкая война 1735—1739 годов"}}},{"type":"Feature","id":"battles:1d60c204492a","geometry":{"type":"Point","coordinates":[49.835183,40.366656]},"properties":{"uid":"battles:1d60c204492a","layer":"battles","layer_title":"Сражения и военные события","group":"military","title":"Осада Баку","category":"Российская Империя","date_precision":"unknown","date_approx":false,"url":"https://ru.wikipedia.org/wiki/Осада Баку","source":"Русская Википедия / Викиданные","source_id":"Q97175293","license":"CC BY-SA 4.0","confidence":"place_level","extra":{"era":"Российская Империя","war_raw":null}}},{"type":"Feature","id":"battles:d1d81fd9503b","geometry":{"type":"Point","coordinates":[44.083333,39.55]},"properties":{"uid":"battles:d1d81fd9503b","layer":"battles","layer_title":"Сражения и военные события","group":"military","title":"Оборона Баязета (1829)","category":"Русско-турецкая война 1828—1829 годов","year_from":1829,"year_to":1829,"date_precision":"year","date_approx":false,"work":"Русско-турецкая война 1828—1829 годов","url":"https://ru.wikipedia.org/wiki/Оборона Баязета (1829)","source":"Русская Википедия / Викиданные","source_id":"Q16682121","license":"CC BY-SA 4.0","confidence":"place_level","extra":{"era":"Российская Империя","war_raw":"Русско-турецкая война 1828—1829 годов"}}},{"type":"Feature","id":"battles:349bbd1619ee","geometry":{"type":"Point","coordinates":[21.011111,52.23]},"properties":{"uid":"battles:349bbd1619ee","layer":"battles","layer_title":"Сражения и военные события","group":"military","title":"Осада Варшавы (1794)","category":"Восстание Костюшко","year_from":1794,"year_to":1794,"date_precision":"year","date_approx":false,"work":"Восстание Костюшко","url":"https://ru.wikipedia.org/wiki/Осада Варшавы (1794)","source":"Русская Википедия / Викиданные","source_id":"Q982413","license":"CC BY-SA 4.0","confidence":"place_level","extra":{"era":"Российская Империя","war_raw":"Восстание Костюшко"}}},{"type":"Feature","id":"battles:f2074f4cc2f6","geometry":{"type":"Point","coordinates":[4.833333,52.666667]},"properties":{"uid":"battles:f2074f4cc2f6","layer":"battles","layer_title":"Сражения и военные события","group":"military","title":"Голландская экспедиция (1799)","category":"Война второй коалиции","year_from":1799,"year_to":1799,"date_precision":"year","date_approx":false,"work":"Война второй коалиции","url":"https://ru.wikipedia.org/wiki/Голландская экспедиция (1799)","source":"Русская Википедия / Викиданные","source_id":"Q4141642","license":"CC BY-SA 4.0","confidence":"outside_bbox","extra":{"era":"Российская Империя","war_raw":"Война второй коалиции"}}},{"type":"Feature","id":"battles:41806d156385","geometry":{"type":"Point","coordinates":[68.533333,43.183333]},"properties":{"uid":"battles:41806d156385","layer":"battles","layer_title":"Сражения и военные события","group":"military","title":"Иканское сражение","category":"Российское завоевание Средней Азии","date_precision":"unknown","date_approx":false,"work":"Российское завоевание Средней Азии","url":"https://ru.wikipedia.org/wiki/Иканское сражение","source":"Русская Википедия / Викиданные","source_id":"Q12823517","license":"CC BY-SA 4.0","confidence":"place_level","extra":{"era":"Российская Империя","war_raw":"Российское завоевание Средней Азии"}}},{"type":"Feature","id":"battles:6e86989dedbe","geometry":{"type":"Point","coordinates":[47.059167,41.466944]},"properties":{"uid":"battles:6e86989dedbe","layer":"battles","layer_title":"Сражения и военные события","group":"military","title":"Штурм Илису","category":"Кавказская война 1817–1864","date_precision":"unknown","date_approx":false,"work":"Кавказская война 1817–1864","url":"https://ru.wikipedia.org/wiki/Штурм Илису","source":"Русская Википедия / Викиданные","source_id":"Q19916588","license":"CC BY-SA 4.0","confidence":"place_level","extra":{"era":"Российская Империя","war_raw":"Кавказская война"}}},{"type":"Feature","id":"battles:ed8dc49e3475","geometry":{"type":"Point","coordinates":[125.0,45.0]},"properties":{"uid":"battles:ed8dc49e3475","layer":"battles","layer_title":"Сражения и военные события","group":"military","title":"Разгром ихэтуаней в Южной Маньчжурии","category":"Ихэтуаньское восстание","date_precision":"unknown","date_approx":false,"work":"Ихэтуаньское восстание","url":"https://ru.wikipedia.org/wiki/Разгром ихэтуаней в Южной Маньчжурии","source":"Русская Википедия / Викиданные","source_id":"Q2177009","license":"CC BY-SA 4.0","confidence":"place_level","extra":{"era":"Российская Империя","war_raw":"Ихэтуаньское восстание"}}},{"type":"Feature","id":"battles:f9302c57c0e8","geometry":{"type":"Point","coordinates":[125.0,45.0]},"properties":{"uid":"battles:f9302c57c0e8","layer":"battles","layer_title":"Сражения и военные события","group":"military","title":"Нападение ихэтуаней на КВЖД","category":"Ихэтуаньское восстание","date_precision":"unknown","date_approx":false,"work":"Ихэтуаньское восстание","url":"https://ru.wikipedia.org/wiki/Нападение ихэтуаней на КВЖД","source":"Русская Википедия / Викиданные","source_id":"Q4312947","license":"CC BY-SA 4.0","confidence":"place_level","extra":{"era":"Российская Империя","war_raw":"Ихэтуаньское восстание"}}},{"type":"Feature","id":"battles:bf5fbd260a6f","geometry":{"type":"Point","coordinates":[48.516667,34.8]},"properties":{"uid":"battles:bf5fbd260a6f","layer":"battles","layer_title":"Сражения и военные события","group":"military","title":"Хамаданская операция","category":"Первая мировая война 1914–1918","date_precision":"unknown","date_approx":false,"work":"Первая мировая война 1914–1918","url":"https://ru.wikipedia.org/wiki/Хамаданская операция","source":"Русская Википедия / Викиданные","source_id":"Q4495210","license":"CC BY-SA 4.0","confidence":"outside_bbox","extra":{"era":"Российская Империя","war_raw":"Первая мировая война"}}},{"type":"Feature","id":"battles:ac6aa7b2af91","geometry":{"type":"Point","coordinates":[60.363889,41.378333]},"properties":{"uid":"battles:ac6aa7b2af91","layer":"battles","layer_title":"Сражения и военные события","group":"military","title":"Хивинский поход (1873)","category":"Российское завоевание Средней Азии","year_from":1873,"year_to":1873,"date_precision":"year","date_approx":false,"work":"Российское завоевание Средней Азии","url":"https://ru.wikipedia.org/wiki/Хивинский поход (1873)","source":"Русская Википедия / Викиданные","source_id":"Q4497452","license":"CC BY-SA 4.0","confidence":"place_level","extra":{"era":"Российская Империя","war_raw":"Российское завоевание Средней Азии"}}},{"type":"Feature","id":"battles:f11467ff4ed4","geometry":{"type":"Point","coordinates":[34.26,43.41]},"properties":{"uid":"battles:f11467ff4ed4","layer":"battles","layer_title":"Сражения и военные события","group":"military","title":"Блокада Босфора","category":"ПМВ","date_precision":"unknown","date_approx":false,"work":"ПМВ","summary":"Блокада Босфора — составная часть общей морской блокады турецкого побережья, проводившаяся русским Черноморским флотом во время Первой мировой войны. Блокадные действия осуществляли линейные корабли, крейсера, эскадренные миноносцы и подводные лодки; цель блокады — недопущение прорыва судов снабжения из Чёрного моря в Мраморное и оборона собственных коммуникаций от набегов герм","url":"https://ru.wikipedia.org/wiki/Блокада Босфора","source":"Русская Википедия / Викиданные","source_id":"Q4088288","license":"CC BY-SA 4.0","confidence":"place_level","extra":{"era":"Российская Империя","war_raw":"ПМВ"}}},{"type":"Feature","id":"battles:d06c444f5e0e","geometry":{"type":"Point","coordinates":[20.0,58.0]},"properties":{"uid":"battles:d06c444f5e0e","layer":"battles","layer_title":"Сражения и военные события","group":"military","title":"Десанты на побережье Швеции","category":"Северная война 1700–1721","date_precision":"unknown","date_approx":false,"work":"Северная война 1700–1721","url":"https://ru.wikipedia.org/wiki/Десанты на побережье Швеции","source":"Русская Википедия / Викиданные","source_id":"Q3428126","license":"CC BY-SA 4.0","confidence":"place_level","extra":{"era":"Российская Империя","war_raw":"Северная война"}}},{"type":"Feature","id":"battles:3dca5e474eda","geometry":{"type":"Point","coordinates":[44.766667,43.216667]},"properties":{"uid":"battles:3dca5e474eda","layer":"battles","layer_title":"Сражения и военные события","group":"military","title":"Назрановское восстание","category":"Кавказская война 1817–1864","date_precision":"unknown","date_approx":false,"work":"Кавказская война 1817–1864","url":"https://ru.wikipedia.org/wiki/Назрановское восстание","source":"Русская Википедия / Викиданные","source_id":"Q86662998","license":"CC BY-SA 4.0","confidence":"place_level","extra":{"era":"Российская Империя","war_raw":"Кавказская война"}}},{"type":"Feature","id":"battles:3f40134749d8","geometry":{"type":"Point","coordinates":[47.338889,42.278056]},"properties":{"uid":"battles:3f40134749d8","layer":"battles","layer_title":"Сражения и военные события","group":"military","title":"Поход Ермолова в Акушу","category":"Кавказская война 1817–1864","date_precision":"unknown","date_approx":false,"work":"Кавказская война 1817–1864","url":"https://ru.wikipedia.org/wiki/Поход Ермолова в Акушу","source":"Русская Википедия / Викиданные","source_id":"Q16687597","license":"CC BY-SA 4.0","confidence":"place_level","extra":{"era":"Российская Империя","war_raw":"Кавказская война"}}},{"type":"Feature","id":"battles:6e221824bec4","geometry":{"type":"Point","coordinates":[122.22972,40.66525]},"properties":{"uid":"battles:6e221824bec4","layer":"battles","layer_title":"Сражения и военные события","group":"military","title":"Набег на Инкоу","category":"Русско-японская война 1904–1905","date_precision":"unknown","date_approx":false,"work":"Русско-японская война 1904–1905","url":"https://ru.wikipedia.org/wiki/Набег на Инкоу","source":"Русская Википедия / Викиданные","source_id":"Q4311063","license":"CC BY-SA 4.0","confidence":"place_level","extra":{"era":"Российская Империя","war_raw":"Русско-японская война 1904–1905"}}},{"type":"Feature","id":"battles:c84b18089919","geometry":{"type":"Point","coordinates":[159.0,56.0]},"properties":{"uid":"battles:c84b18089919","layer":"battles","layer_title":"Сражения и военные события","group":"military","title":"Оборона Камчатки в Русско-японскую войну","category":"Русско-японская война 1904–1905","date_precision":"unknown","date_approx":false,"work":"Русско-японская война 1904–1905","url":"https://ru.wikipedia.org/wiki/Оборона Камчатки в Русско-японскую войну","source":"Русская Википедия / Викиданные","source_id":"Q16682127","license":"CC BY-SA 4.0","confidence":"place_level","extra":{"era":"Российская Империя","war_raw":"Русско-японская война 1904–1905"}}},{"type":"Feature","id":"battles:38a28843501c","geometry":{"type":"Point","coordinates":[25.966667,43.9]},"properties":{"uid":"battles:38a28843501c","layer":"battles","layer_title":"Сражения и военные события","group":"military","title":"Штурм Журжи (1771)","category":"Русско-турецкая война 1768–1774","year_from":1771,"year_to":1771,"date_precision":"year","date_approx":false,"work":"Русско-турецкая война 1768–1774","url":"https://ru.wikipedia.org/wiki/Штурм Журжи (1771)","source":"Русская Википедия / Викиданные","source_id":"Q131468287","license":"CC BY-SA 4.0","confidence":"place_level","extra":{"era":"Российская Империя","war_raw":"Русско-турецкая война 1768–1774"}}},{"type":"Feature","id":"battles:e3eb89d11635","geometry":{"type":"Point","coordinates":[25.3,38.5]},"properties":{"uid":"battles:e3eb89d11635","layer":"battles","layer_title":"Сражения и военные события","group":"military","title":"Пелопоннесское восстание","category":"Русско-турецкая война 1768–1774","date_precision":"unknown","date_approx":false,"work":"Русско-турецкая война 1768–1774","url":"https://ru.wikipedia.org/wiki/Пелопоннесское восстание","source":"Русская Википедия / Викиданные","source_id":"Q783310","license":"CC BY-SA 4.0","confidence":"place_level","extra":{"era":"Российская Империя","war_raw":"Русско-турецкая война 1768–1774"}}},{"type":"Feature","id":"battles:ddca79757121","geometry":{"type":"Point","coordinates":[27.179722,45.699722]},"properties":{"uid":"battles:ddca79757121","layer":"battles","layer_title":"Сражения и военные события","group":"military","title":"Сражение при Фокшанах (1770)","category":"Русско-турецкая война 1768–1774","year_from":1770,"year_to":1770,"date_precision":"year","date_approx":false,"work":"Русско-турецкая война 1768–1774","url":"https://ru.wikipedia.org/wiki/Сражение при Фокшанах (1770)","source":"Русская Википедия / Викиданные","source_id":"Q121176904","license":"CC BY-SA 4.0","confidence":"place_level","extra":{"era":"Российская Империя","war_raw":"Русско-турецкая война 1768–1774"}}},{"type":"Feature","id":"battles:28d98d635668","geometry":{"type":"Point","coordinates":[26.485972,48.507778]},"properties":{"uid":"battles:28d98d635668","layer":"battles","layer_title":"Сражения и военные события","group":"military","title":"Осада Хотина (1769)","category":"Русско-турецкая война 1768–1774","year_from":1769,"year_to":1769,"date_precision":"year","date_approx":false,"work":"Русско-турецкая война 1768–1774","url":"https://ru.wikipedia.org/wiki/Осада Хотина (1769)","source":"Русская Википедия / Викиданные","source_id":"Q4337462","license":"CC BY-SA 4.0","confidence":"place_level","extra":{"era":"Российская Империя","war_raw":"Русско-турецкая война 1768–1774"}}},{"type":"Feature","id":"battles:3717e8d314bd","geometry":{"type":"Point","coordinates":[26.797222,60.938889]},"properties":{"uid":"battles:3717e8d314bd","layer":"battles","layer_title":"Сражения и военные события","group":"military","title":"Сражение при Валкеале","category":"Русско-шведская война 1788–1790","date_precision":"unknown","date_approx":false,"work":"Русско-шведская война 1788–1790","url":"https://ru.wikipedia.org/wiki/Сражение при Валкеале","source":"Русская Википедия / Викиданные","source_id":"Q4872645","license":"CC BY-SA 4.0","confidence":"place_level","extra":{"era":"Российская Империя","war_raw":"Русско-шведская война 1788–1790"}}},{"type":"Feature","id":"battles:0f47d57fcb28","geometry":{"type":"Point","coordinates":[21.616667,63.1]},"properties":{"uid":"battles:0f47d57fcb28","layer":"battles","layer_title":"Сражения и военные события","group":"military","title":"Сражение при Вазе","category":"Русско-шведская война 1808–1809","date_precision":"unknown","date_approx":false,"work":"Русско-шведская война 1808–1809","url":"https://ru.wikipedia.org/wiki/Сражение при Вазе","source":"Русская Википедия / Викиданные","source_id":"Q3362340","license":"CC BY-SA 4.0","confidence":"ok","extra":{"era":"Российская Империя","war_raw":"Русско-шведская война 1808–1809"}}},{"type":"Feature","id":"battles:7f5bb5041529","geometry":{"type":"Point","coordinates":[23.488056,62.845278]},"properties":{"uid":"battles:7f5bb5041529","layer":"battles","layer_title":"Сражения и военные события","group":"military","title":"Сражение при Куортане","category":"Русско-шведская война 1808–1809","date_precision":"unknown","date_approx":false,"work":"Русско-шведская война 1808–1809","url":"https://ru.wikipedia.org/wiki/Сражение при Куортане","source":"Русская Википедия / Викиданные","source_id":"Q3439893","license":"CC BY-SA 4.0","confidence":"ok","extra":{"era":"Российская Империя","war_raw":"Русско-шведская война 1808–1809"}}},{"type":"Feature","id":"battles:93b87c6dd215","geometry":{"type":"Point","coordinates":[21.437409,60.605467]},"properties":{"uid":"battles:93b87c6dd215","layer":"battles","layer_title":"Сражения и военные события","group":"military","title":"Сражение при Гельзинге","category":"Русско-шведская война 1808–1809","date_precision":"unknown","date_approx":false,"work":"Русско-шведская война 1808–1809","url":"https://ru.wikipedia.org/wiki/Сражение при Гельзинге","source":"Русская Википедия / Викиданные","source_id":"Q5710574","license":"CC BY-SA 4.0","confidence":"ok","extra":{"era":"Российская Империя","war_raw":"Русско-шведская война 1808–1809"}}},{"type":"Feature","id":"battles:5ee4168fe791","geometry":{"type":"Point","coordinates":[20.534722,63.892222]},"properties":{"uid":"battles:5ee4168fe791","layer":"battles","layer_title":"Сражения и военные события","group":"military","title":"Сражение при Севаре","category":"Русско-шведская война 1808–1809","date_precision":"unknown","date_approx":false,"work":"Русско-шведская война 1808–1809","url":"https://ru.wikipedia.org/wiki/Сражение при Севаре","source":"Русская Википедия / Викиданные","source_id":"Q106897030","license":"CC BY-SA 4.0","confidence":"ok","extra":{"era":"Российская Империя","war_raw":"Русско-шведская война 1808–1809"}}},{"type":"Feature","id":"battles:e69d79b15af1","geometry":{"type":"Point","coordinates":[23.0,38.5]},"properties":{"uid":"battles:e69d79b15af1","layer":"battles","layer_title":"Сражения и военные события","group":"military","title":"Третья Архипелагская экспедиция","category":"Русско-турецкая война 1828–1829","date_precision":"unknown","date_approx":false,"work":"Русско-турецкая война 1828–1829","url":"https://ru.wikipedia.org/wiki/Третья Архипелагская экспедиция","source":"Русская Википедия / Викиданные","source_id":"Q1147833","license":"CC BY-SA 4.0","confidence":"place_level","extra":{"era":"Российская Империя","war_raw":"Русско-турецкая война 1828–1829"}}},{"type":"Feature","id":"battles:b7748b1d9f7f","geometry":{"type":"Point","coordinates":[19.575,53.174722]},"properties":{"uid":"battles:b7748b1d9f7f","layer":"battles","layer_title":"Сражения и военные события","group":"military","title":"Сражение под Ксентем","category":"Польское восстание 1830–1831","date_precision":"unknown","date_approx":false,"work":"Польское восстание 1830–1831","url":"https://ru.wikipedia.org/wiki/Сражение под Ксентем","source":"Русская Википедия / Викиданные","source_id":"Q4438372","license":"CC BY-SA 4.0","confidence":"ok","extra":{"era":"Российская Империя","war_raw":"Польское восстание 1830–1831"}}},{"type":"Feature","id":"battles:56cee32882d4","geometry":{"type":"Point","coordinates":[20.268333,50.813333]},"properties":{"uid":"battles:56cee32882d4","layer":"battles","layer_title":"Сражения и военные события","group":"military","title":"Второе сражение за Малогощ","category":"Польское восстание 1863–1864","date_precision":"unknown","date_approx":false,"work":"Польское восстание 1863–1864","url":"https://ru.wikipedia.org/wiki/Второе сражение за Малогощ","source":"Русская Википедия / Викиданные","source_id":"Q9296064","license":"CC BY-SA 4.0","confidence":"ok","extra":{"era":"Российская Империя","war_raw":"Польское восстание 1863–1864"}}},{"type":"Feature","id":"battles:02875618a36b","geometry":{"type":"Point","coordinates":[27.705833,50.1075]},"properties":{"uid":"battles:02875618a36b","layer":"battles","layer_title":"Сражения и военные события","group":"military","title":"Сражение под Мирополем","category":"Польское восстание 1863–1864","date_precision":"unknown","date_approx":false,"work":"Польское восстание 1863–1864","url":"https://ru.wikipedia.org/wiki/Сражение под Мирополем","source":"Русская Википедия / Викиданные","source_id":"Q9173265","license":"CC BY-SA 4.0","confidence":"ok","extra":{"era":"Российская Империя","war_raw":"Польское восстание 1863–1864"}}},{"type":"Feature","id":"battles:734e7e86927a","geometry":{"type":"Point","coordinates":[18.836194,51.249158]},"properties":{"uid":"battles:734e7e86927a","layer":"battles","layer_title":"Сражения и военные события","group":"military","title":"Сражение под Радошевицеми","category":"Польское восстание 1863–1864","date_precision":"unknown","date_approx":false,"work":"Польское восстание 1863–1864","url":"https://ru.wikipedia.org/wiki/Сражение под Радошевицеми","source":"Русская Википедия / Викиданные","source_id":"Q16532590","license":"CC BY-SA 4.0","confidence":"ok","extra":{"era":"Российская Империя","war_raw":"Польское восстание 1863–1864"}}},{"type":"Feature","id":"battles:c1b7f1378e6a","geometry":{"type":"Point","coordinates":[18.066944,52.337222]},"properties":{"uid":"battles:c1b7f1378e6a","layer":"battles","layer_title":"Сражения и военные события","group":"military","title":"Сражение под Добросолово","category":"Польское восстание 1863–1864","date_precision":"unknown","date_approx":false,"work":"Польское восстание 1863–1864","url":"https://ru.wikipedia.org/wiki/Сражение под Добросолово","source":"Русская Википедия / Викиданные","source_id":"Q16486517","license":"CC BY-SA 4.0","confidence":"ok","extra":{"era":"Российская Империя","war_raw":"Польское восстание 1863–1864"}}},{"type":"Feature","id":"battles:2a1139f87000","geometry":{"type":"Point","coordinates":[18.731389,52.325556]},"properties":{"uid":"battles:2a1139f87000","layer":"battles","layer_title":"Сражения и военные события","group":"military","title":"Сражение при Оссове","category":"Польское восстание 1863–1864","date_precision":"unknown","date_approx":false,"work":"Польское восстание 1863–1864","url":"https://ru.wikipedia.org/wiki/Сражение при Оссове","source":"Русская Википедия / Викиданные","source_id":"Q9172819","license":"CC BY-SA 4.0","confidence":"ok","extra":{"era":"Российская Империя","war_raw":"Польское восстание 1863–1864"}}},{"type":"Feature","id":"battles:86e6f1d930ad","geometry":{"type":"Point","coordinates":[42.7,41.116667]},"properties":{"uid":"battles:86e6f1d930ad","layer":"battles","layer_title":"Сражения и военные события","group":"military","title":"Взятие Ардагана","category":"Русско-турецкая война 1877–1878","date_precision":"unknown","date_approx":false,"work":"Русско-турецкая война 1877–1878","url":"https://ru.wikipedia.org/wiki/Взятие Ардагана","source":"Русская Википедия / Викиданные","source_id":"Q4110439","license":"CC BY-SA 4.0","confidence":"ok","extra":{"era":"Российская Империя","war_raw":"Русско-турецкая война 1877–1878"}}},{"type":"Feature","id":"battles:e49b3402cd4e","geometry":{"type":"Point","coordinates":[25.316667,42.766667]},"properties":{"uid":"battles:e49b3402cd4e","layer":"battles","layer_title":"Сражения и военные события","group":"military","title":"Оборона Шипки","category":"Русско-турецкая война 1877–1878","date_precision":"unknown","date_approx":false,"work":"Русско-турецкая война 1877–1878","url":"https://ru.wikipedia.org/wiki/Оборона Шипки","source":"Русская Википедия / Викиданные","source_id":"Q116004","license":"CC BY-SA 4.0","confidence":"ok","extra":{"era":"Российская Империя","war_raw":"Русско-турецкая война 1877–1878"}}},{"type":"Feature","id":"battles:bb4f6a5dc4a8","geometry":{"type":"Point","coordinates":[29.483333,46.833333]},"properties":{"uid":"battles:bb4f6a5dc4a8","layer":"battles","layer_title":"Сражения и военные события","group":"military","title":"Осада Бендер (1789)","category":"Русско-турецкая война 1787–1791","year_from":1789,"year_to":1789,"date_precision":"year","date_approx":false,"work":"Русско-турецкая война 1787–1791","url":"https://ru.wikipedia.org/wiki/Осада Бендер (1789)","source":"Русская Википедия / Викиданные","source_id":"Q119166599","license":"CC BY-SA 4.0","confidence":"place_level","extra":{"era":"Российская Империя","war_raw":"Русско-турецкая война 1787–1791"}}},{"type":"Feature","id":"battles:d756b06f8cb5","geometry":{"type":"Point","coordinates":[31.539167,46.618611]},"properties":{"uid":"battles:d756b06f8cb5","layer":"battles","layer_title":"Сражения и военные события","group":"military","title":"Штурм Очакова","category":"Русско-турецкая война 1787–1791","date_precision":"unknown","date_approx":false,"work":"Русско-турецкая война 1787–1791","url":"https://ru.wikipedia.org/wiki/Штурм Очакова","source":"Русская Википедия / Викиданные","source_id":"Q2724886","license":"CC BY-SA 4.0","confidence":"ok","extra":{"era":"Российская Империя","war_raw":"Русско-турецкая война 1787–1791"}}},{"type":"Feature","id":"battles:8aa289914692","geometry":{"type":"Point","coordinates":[28.42222,45.885417]},"properties":{"uid":"battles:8aa289914692","layer":"battles","layer_title":"Сражения и военные события","group":"military","title":"Сражение у Сальчи","category":"Русско-турецкая война 1787–1791","date_precision":"unknown","date_approx":false,"work":"Русско-турецкая война 1787–1791","url":"https://ru.wikipedia.org/wiki/Сражение у Сальчи","source":"Русская Википедия / Викиданные","source_id":"Q4438419","license":"CC BY-SA 4.0","confidence":"ok","extra":{"era":"Российская Империя","war_raw":"Русско-турецкая война 1787–1791"}}},{"type":"Feature","id":"battles:7ba1b7b3bc3b","geometry":{"type":"Point","coordinates":[31.8333,46.2]},"properties":{"uid":"battles:7ba1b7b3bc3b","layer":"battles","layer_title":"Сражения и военные события","group":"military","title":"Сражение у мыса Тендра","category":"Русско-турецкая война 1787–1791","date_precision":"unknown","date_approx":false,"work":"Русско-турецкая война 1787–1791","url":"https://ru.wikipedia.org/wiki/Сражение у мыса Тендра","source":"Русская Википедия / Викиданные","source_id":"Q4438427","license":"CC BY-SA 4.0","confidence":"ok","extra":{"era":"Российская Империя","war_raw":"Русско-турецкая война 1787–1791"}}},{"type":"Feature","id":"battles:8296ba38119b","geometry":{"type":"Point","coordinates":[32.866667,51.333333]},"properties":{"uid":"battles:8296ba38119b","layer":"battles","layer_title":"Сражения и военные события","group":"military","title":"Взятие Батурина","category":"Северная война 1700–1721","year_from":1700,"year_to":1700,"date_precision":"year","date_approx":false,"period_raw":"1700.0","work":"Северная война 1700–1721","summary":"Взятие Бату́рина, также Бату́ринская трагедия (укр. Бату́ринська трагедія) — эпизод Северной войны (1700—1721), в ходе которого войска Петра I захватили и разрушили 2 (13) ноября 1708 года столицу гетмана Мазепы — город Батурин, и были убиты по разным оценкам, от 9 до 15 тыс. мирных жителей и защитников Батурина.","url":"https://ru.wikipedia.org/wiki/Взятие Батурина","source":"Русская Википедия / Викиданные","source_id":"Q4110445","license":"CC BY-SA 4.0","confidence":"ok","extra":{"era":"Российская Империя","war_raw":"Северная война"}}},{"type":"Feature","id":"battles:f1c8656e6a4a","geometry":{"type":"Point","coordinates":[28.18,59.375]},"properties":{"uid":"battles:f1c8656e6a4a","layer":"battles","layer_title":"Сражения и военные события","group":"military","title":"Битва при Нарве","category":"Северная война 1700–1721","year_from":1700,"year_to":1700,"date_precision":"day","date_approx":false,"period_raw":"1700-11-30","work":"Северная война 1700–1721","summary":"Битва при На́рве (швед. Slaget vid Narva) — сражение начального этапа Северной войны между шведской армией под командованием короля Карла XII и русской армией под командованием Карла-Евгения де Круа, произошедшее 19 (30) ноября 1700 года у города Нарвы и окончившееся поражением русских войск. Русская армия под руководством царя Петра I смогла взять Нарву только при повторной ос","url":"https://ru.wikipedia.org/wiki/Битва при Нарве","source":"Русская Википедия / Викиданные","source_id":"Q155726","license":"CC BY-SA 4.0","confidence":"ok","extra":{"era":"Российская Империя","war_raw":"Северная война"}}},{"type":"Feature","id":"battles:fa7c55f55745","geometry":{"type":"Point","coordinates":[24.106944,56.9475]},"properties":{"uid":"battles:fa7c55f55745","layer":"battles","layer_title":"Сражения и военные события","group":"military","title":"Осада Риги (1700)","category":"Северная война 1700–1721","year_from":1700,"year_to":1700,"date_precision":"day","date_approx":false,"period_raw":"1700-02-22","work":"Северная война 1700–1721","url":"https://ru.wikipedia.org/wiki/Осада Риги (1700)","source":"Русская Википедия / Викиданные","source_id":"Q815200","license":"CC BY-SA 4.0","confidence":"ok","extra":{"era":"Российская Империя","war_raw":"Северная война"}}},{"type":"Feature","id":"battles:fa8c479bf833","geometry":{"type":"Point","coordinates":[24.066667,56.983333]},"properties":{"uid":"battles:fa8c479bf833","layer":"battles","layer_title":"Сражения и военные события","group":"military","title":"Битва на Двине","category":"Северная война 1700–1721","year_from":1701,"year_to":1701,"date_precision":"day","date_approx":false,"period_raw":"1701-07-18","work":"Северная война 1700–1721","summary":"Битва на Двине (швед. Slaget vid Düna), или Спилвская битва, или Переправа через Двину — сражение во время Северной войны между саксонско-польско-русской и шведской армиями, произошедшее 8 (19) июля 1701 года (9 июля 1701 года по шведскому календарю) и принесшее победу Карлу XII на раннем этапе прибалтийской кампании. В результате была снята осада Риги армией Августа II Сильног","url":"https://ru.wikipedia.org/wiki/Битва на Двине","source":"Русская Википедия / Викиданные","source_id":"Q826133","license":"CC BY-SA 4.0","confidence":"ok","extra":{"era":"Российская Империя","war_raw":"Северная война"}}},{"type":"Feature","id":"battles:f72781ca994e","geometry":{"type":"Point","coordinates":[26.909722,57.727778]},"properties":{"uid":"battles:f72781ca994e","layer":"battles","layer_title":"Сражения и военные события","group":"military","title":"Сражение у мызы Рауге","category":"Северная война 1700–1721","year_from":1701,"year_to":1701,"date_precision":"day","date_approx":false,"period_raw":"1701-09-04","work":"Северная война 1700–1721","url":"https://ru.wikipedia.org/wiki/Сражение у мызы Рауге","source":"Русская Википедия / Викиданные","source_id":"Q481518","license":"CC BY-SA 4.0","confidence":"ok","extra":{"era":"Российская Империя","war_raw":"Северная война"}}},{"type":"Feature","id":"battles:d0bdd8e56746","geometry":{"type":"Point","coordinates":[27.6,57.816667]},"properties":{"uid":"battles:d0bdd8e56746","layer":"battles","layer_title":"Сражения и военные события","group":"military","title":"Сражение при Печорах","category":"Северная война 1700–1721","year_from":1701,"year_to":1701,"date_precision":"day","date_approx":false,"period_raw":"1701-02-12","work":"Северная война 1700–1721","url":"https://ru.wikipedia.org/wiki/Сражение при Печорах","source":"Русская Википедия / Викиданные","source_id":"Q15848328","license":"CC BY-SA 4.0","confidence":"place_level","extra":{"era":"Российская Империя","war_raw":"Северная война"}}},{"type":"Feature","id":"battles:a64c4821babd","geometry":{"type":"Point","coordinates":[26.0333,57.7833]},"properties":{"uid":"battles:a64c4821babd","layer":"battles","layer_title":"Сражения и военные события","group":"military","title":"Сражение при Гуммельсгофе","category":"Северная война 1700–1721","year_from":1702,"year_to":1702,"date_precision":"day","date_approx":false,"period_raw":"1702-07-29","work":"Северная война 1700–1721","url":"https://ru.wikipedia.org/wiki/Сражение при Гуммельсгофе","source":"Русская Википедия / Викиданные","source_id":"Q620947","license":"CC BY-SA 4.0","confidence":"ok","extra":{"era":"Российская Империя","war_raw":"Северная война"}}},{"type":"Feature","id":"battles:d1e943aa8176","geometry":{"type":"Point","coordinates":[20.525833,50.616667]},"properties":{"uid":"battles:d1e943aa8176","layer":"battles","layer_title":"Сражения и военные события","group":"military","title":"Сражение при Клишове","category":"Северная война 1700–1721","year_from":1702,"year_to":1702,"date_precision":"day","date_approx":false,"period_raw":"1702-07-19","work":"Северная война 1700–1721","url":"https://ru.wikipedia.org/wiki/Сражение при Клишове","source":"Русская Википедия / Викиданные","source_id":"Q704762","license":"CC BY-SA 4.0","confidence":"ok","extra":{"era":"Российская Империя","war_raw":"Северная война"}}},{"type":"Feature","id":"battles:fc9c07ae8811","geometry":{"type":"Point","coordinates":[31.0333,59.95]},"properties":{"uid":"battles:fc9c07ae8811","layer":"battles","layer_title":"Сражения и военные события","group":"military","title":"Осада Нотебурга (1702)","category":"Северная война 1700–1721","year_from":1702,"year_to":1702,"date_precision":"day","date_approx":false,"period_raw":"1702-10-11","work":"Северная война 1700–1721","url":"https://ru.wikipedia.org/wiki/Осада Нотебурга (1702)","source":"Русская Википедия / Викиданные","source_id":"Q633067","license":"CC BY-SA 4.0","confidence":"ok","extra":{"era":"Российская Империя","war_raw":"Северная война"}}},{"type":"Feature","id":"battles:2bedd77191a7","geometry":{"type":"Point","coordinates":[26.783333,57.966667]},"properties":{"uid":"battles:2bedd77191a7","layer":"battles","layer_title":"Сражения и военные события","group":"military","title":"Битва при Эрестфере","category":"Северная война 1700–1721","year_from":1702,"year_to":1702,"date_precision":"day","date_approx":false,"period_raw":"1702-01-09","work":"Северная война 1700–1721","summary":"Битва при Э́рестфере (швед. Slaget vid Errastfer) — битва, состоявшаяся 29 декабря 1701 года (9 января 1702 года) (30 декабря по шведскому календарю) между русской и шведской армиями в 2 милях к юго-востоку от мызы Эрестфер, находившейся в 7 милях от Дерпта . Первая крупная победа русской армии над шведской в ходе Северной войны.","url":"https://ru.wikipedia.org/wiki/Битва при Эрестфере","source":"Русская Википедия / Викиданные","source_id":"Q694883","license":"CC BY-SA 4.0","confidence":"ok","extra":{"era":"Российская Империя","war_raw":"Северная война"}}},{"type":"Feature","id":"battles:89b5ccf3ae7f","geometry":{"type":"Point","coordinates":[21.1,52.7167]},"properties":{"uid":"battles:89b5ccf3ae7f","layer":"battles","layer_title":"Сражения и военные события","group":"military","title":"Битва при Пултуске (1703)","category":"Северная война 1700–1721","year_from":1703,"year_to":1703,"date_precision":"day","date_approx":false,"period_raw":"1703-05-01","work":"Северная война 1700–1721","summary":"Битва при Пултуске (польск. Bitwa pod Pułtuskiem) — сражение в ходе Северной войны, произошедшее 1 мая 1703 года (21 апреля 1703 года по шведскому календарю) близ Пултуска и закончившееся победой шведской армии Карла XII над саксонскими войсками.","url":"https://ru.wikipedia.org/wiki/Битва при Пултуске (1703)","source":"Русская Википедия / Викиданные","source_id":"Q626762","license":"CC BY-SA 4.0","confidence":"ok","extra":{"era":"Российская Империя","war_raw":"Северная война"}}},{"type":"Feature","id":"battles:32f38b55bfff","geometry":{"type":"Point","coordinates":[24.3617,56.2486]},"properties":{"uid":"battles:32f38b55bfff","layer":"battles","layer_title":"Сражения и военные события","group":"military","title":"Сражение при Салатах","category":"Северная война 1700–1721","year_from":1703,"year_to":1703,"date_precision":"day","date_approx":false,"period_raw":"1703-03-29","work":"Северная война 1700–1721","url":"https://ru.wikipedia.org/wiki/Сражение при Салатах","source":"Русская Википедия / Викиданные","source_id":"Q445663","license":"CC BY-SA 4.0","confidence":"ok","extra":{"era":"Российская Империя","war_raw":"Северная война"}}},{"type":"Feature","id":"battles:1b613966c7de","geometry":{"type":"Point","coordinates":[29.9781,60.1211]},"properties":{"uid":"battles:1b613966c7de","layer":"battles","layer_title":"Сражения и военные события","group":"military","title":"Бой на реке Сестра","category":"Северная война 1700–1721","year_from":1703,"year_to":1703,"date_precision":"day","date_approx":false,"period_raw":"1703-07-19","work":"Северная война 1700–1721","summary":"Бой на реке Сестре (швед. Slaget vid Systerbäck) — сражение, состоявшееся 8 (19) июля 1703 года (9 июля по шведскому календарю) во время Северной войны между русским отрядом под командованием царя Петра I и шведским корпусом А. Крониорта. Закончилось полным поражением шведских войск.","url":"https://ru.wikipedia.org/wiki/Бой на реке Сестра","source":"Русская Википедия / Викиданные","source_id":"Q820263","license":"CC BY-SA 4.0","confidence":"ok","extra":{"era":"Российская Империя","war_raw":"Северная война"}}},{"type":"Feature","id":"battles:beb5e8898bef","geometry":{"type":"Point","coordinates":[26.35,59.35]},"properties":{"uid":"battles:beb5e8898bef","layer":"battles","layer_title":"Сражения и военные события","group":"military","title":"Битва при Везенберге","category":"Северная война 1700–1721","year_from":1704,"year_to":1704,"date_precision":"day","date_approx":false,"period_raw":"1704-06-15","work":"Северная война 1700–1721","summary":"Би́тва при Везенбе́рге (нем. Slaget vid Wedenberg) или сражение при Лезне — сражение между русскими войсками под командованием фельдмаршала К. Э. Рённе и шведским отрядом под командованием генерал-майора В. А. Шлиппенбаха в ходе Великой Северной войны. Произошло 15 (26) июня 1704 года (16 июня по шведскому календарю) у местечка Везенберг (Раквере) в период второй осады крепости","url":"https://ru.wikipedia.org/wiki/Битва при Везенберге","source":"Русская Википедия / Викиданные","source_id":"Q2237139","license":"CC BY-SA 4.0","confidence":"ok","extra":{"era":"Российская Империя","war_raw":"Северная война"}}},{"type":"Feature","id":"battles:67da24ad9a96","geometry":{"type":"Point","coordinates":[24.032222,49.8425]},"properties":{"uid":"battles:67da24ad9a96","layer":"battles","layer_title":"Сражения и военные события","group":"military","title":"Штурм Львова (1704)","category":"Северная война 1700–1721","year_from":1704,"year_to":1704,"date_precision":"day","date_approx":false,"period_raw":"1704-09-06","work":"Северная война 1700–1721","url":"https://ru.wikipedia.org/wiki/Штурм Львова (1704)","source":"Русская Википедия / Викиданные","source_id":"Q15963786","license":"CC BY-SA 4.0","confidence":"ok","extra":{"era":"Российская Империя","war_raw":"Северная война"}}},{"type":"Feature","id":"battles:0c516fd95868","geometry":{"type":"Point","coordinates":[16.916667,52.4]},"properties":{"uid":"battles:0c516fd95868","layer":"battles","layer_title":"Сражения и военные события","group":"military","title":"Осада Познани (1704)","category":"Северная война 1700–1721","year_from":1704,"year_to":1704,"date_precision":"day","date_approx":false,"period_raw":"1704-08-09","work":"Северная война 1700–1721","url":"https://ru.wikipedia.org/wiki/Осада Познани (1704)","source":"Русская Википедия / Викиданные","source_id":"Q562324","license":"CC BY-SA 4.0","confidence":"outside_bbox","extra":{"era":"Российская Империя","war_raw":"Северная война"}}},{"type":"Feature","id":"battles:73092b4bf2ba","geometry":{"type":"Point","coordinates":[16.8167,51.7583]},"properties":{"uid":"battles:73092b4bf2ba","layer":"battles","layer_title":"Сражения и военные события","group":"military","title":"Сражение при Понице","category":"Северная война 1700–1721","year_from":1704,"year_to":1704,"date_precision":"day","date_approx":false,"period_raw":"1704-10-28","work":"Северная война 1700–1721","url":"https://ru.wikipedia.org/wiki/Сражение при Понице","source":"Русская Википедия / Викиданные","source_id":"Q649567","license":"CC BY-SA 4.0","confidence":"outside_bbox","extra":{"era":"Российская Империя","war_raw":"Северная война"}}},{"type":"Feature","id":"battles:d28ff3784c07","geometry":{"type":"Point","coordinates":[25.870833,56.503611]},"properties":{"uid":"battles:d28ff3784c07","layer":"battles","layer_title":"Сражения и военные события","group":"military","title":"Сражение у Якобштадта","category":"Северная война 1700–1721","year_from":1704,"year_to":1704,"date_precision":"day","date_approx":false,"period_raw":"1704-08-05","work":"Северная война 1700–1721","url":"https://ru.wikipedia.org/wiki/Сражение у Якобштадта","source":"Русская Википедия / Викиданные","source_id":"Q169602","license":"CC BY-SA 4.0","confidence":"ok","extra":{"era":"Российская Империя","war_raw":"Северная война"}}},{"type":"Feature","id":"battles:cc1c9884a474","geometry":{"type":"Point","coordinates":[23.5253,56.4344]},"properties":{"uid":"battles:cc1c9884a474","layer":"battles","layer_title":"Сражения и военные события","group":"military","title":"Битва при Гемауэртгофе","category":"Северная война 1700–1721","year_from":1705,"year_to":1705,"date_precision":"day","date_approx":false,"period_raw":"1705-07-26","work":"Северная война 1700–1721","summary":"Сражение при Мур-мызе или Битва при Гемауэртгофе (швед. Slaget vid Gemauerthof) — сражение между шведскими войсками генерала А. Л. Левенгаупта и русскими войсками генерал-фельдмаршала Б. П. Шереметева в ходе Северной войны, произошедшее 15 (26) июля 1705 года (16 июля по шведскому календарю) у местечка Гемауэртгоф (Мурмыза). Окончилась победой шведских войск.","url":"https://ru.wikipedia.org/wiki/Битва при Гемауэртгофе","source":"Русская Википедия / Викиданные","source_id":"Q704567","license":"CC BY-SA 4.0","confidence":"ok","extra":{"era":"Российская Империя","war_raw":"Северная война"}}},{"type":"Feature","id":"battles:26baf99c7e90","geometry":{"type":"Point","coordinates":[20.957222,52.233333]},"properties":{"uid":"battles:26baf99c7e90","layer":"battles","layer_title":"Сражения и военные события","group":"military","title":"Битва при Варшаве (1705)","category":"Северная война 1700–1721","year_from":1705,"year_to":1705,"date_precision":"day","date_approx":false,"period_raw":"1705-07-21","work":"Северная война 1700–1721","summary":"Битва под Варшавой (швед. Slaget vid Rakowitz, пол. Bitwa pod Warszawą) — сражение, состоявшееся 31 июля 1705 года в окрестностях Варшавы на территории Речи Посполитой в ходе Северной войны и шведского вторжения в Польшу 1701—1706 годов. Битва стала частью борьбы за польский престол между Августом II Сильным и Станиславом Лещинским. Август II вступил в войну как курфюрст Саксон","url":"https://ru.wikipedia.org/wiki/Битва при Варшаве (1705)","source":"Русская Википедия / Викиданные","source_id":"Q481334","license":"CC BY-SA 4.0","confidence":"place_level","extra":{"era":"Российская Империя","war_raw":"Северная война"}}},{"type":"Feature","id":"battles:9558871bdcd8","geometry":{"type":"Point","coordinates":[18.08,51.7575]},"properties":{"uid":"battles:9558871bdcd8","layer":"battles","layer_title":"Сражения и военные события","group":"military","title":"Битва при Калише","category":"Северная война 1700–1721","year_from":1706,"year_to":1706,"date_precision":"day","date_approx":false,"period_raw":"1706-10-29","work":"Северная война 1700–1721","summary":"Битва при Калише (швед. Slaget vid Kalisch) — сражение, произошедшее 18 (29) октября 1706 года (19 октября по шведскому календарю) близ города Калиш в Польше между союзными русско-польско-саксонскими войсками (командовали саксонский курфюрст и польский король Август II и князь А. Д. Меншиков) и польско-шведским корпусом под командованием генерала А. Мардефельта.","url":"https://ru.wikipedia.org/wiki/Битва при Калише","source":"Русская Википедия / Викиданные","source_id":"Q554447","license":"CC BY-SA 4.0","confidence":"ok","extra":{"era":"Российская Империя","war_raw":"Северная война"}}},{"type":"Feature","id":"battles:f383323d5458","geometry":{"type":"Point","coordinates":[26.639167,53.063611]},"properties":{"uid":"battles:f383323d5458","layer":"battles","layer_title":"Сражения и военные события","group":"military","title":"Бой у Клецка","category":"Северная война 1700–1721","year_from":1706,"year_to":1706,"date_precision":"day","date_approx":false,"period_raw":"1706-04-30","work":"Северная война 1700–1721","summary":"Бой у Клецка (швед. Slaget vid Kletsk) — сражение между русскими и шведскими войсками, произошедшее 19 (30) апреля 1706 года на территории Великого княжества Литовского во время Северной войны.","url":"https://ru.wikipedia.org/wiki/Бой у Клецка","source":"Русская Википедия / Викиданные","source_id":"Q445710","license":"CC BY-SA 4.0","confidence":"ok","extra":{"era":"Российская Империя","war_raw":"Северная война"}}},{"type":"Feature","id":"battles:d86d5e6ed5cd","geometry":{"type":"Point","coordinates":[16.3167,51.8]},"properties":{"uid":"battles:d86d5e6ed5cd","layer":"battles","layer_title":"Сражения и военные события","group":"military","title":"Битва при Фрауштадте","category":"Северная война 1700–1721","year_from":1706,"year_to":1706,"date_precision":"day","date_approx":false,"period_raw":"1706-02-13","work":"Северная война 1700–1721","summary":"Битва при Фрауштадте (швед. Slaget vid Fraustadt) — сражение во время Северной войны между саксонско-русской армией Маттиаса Иоганна фон дер Шуленбурга и шведской армией Карла Густава Реншильда, произошедшее возле Фрауштадта (в настоящее время Всхова — город в Польше, пол. Wschowa, нем. Fraustadt). В сражении союзники потерпели катастрофическое поражение. В начале 1706 года сак","url":"https://ru.wikipedia.org/wiki/Битва при Фрауштадте","source":"Русская Википедия / Викиданные","source_id":"Q694068","license":"CC BY-SA 4.0","confidence":"outside_bbox","extra":{"era":"Российская Империя","war_raw":"Северная война"}}},{"type":"Feature","id":"battles:f407f17348a1","geometry":{"type":"Point","coordinates":[23.816667,53.666667]},"properties":{"uid":"battles:f407f17348a1","layer":"battles","layer_title":"Сражения и военные события","group":"military","title":"Блокада Гродно (1706)","category":"Северная война 1700–1721","year_from":1706,"year_to":1706,"date_precision":"day","date_approx":false,"period_raw":"1706-04-10","work":"Северная война 1700–1721","summary":"Блокада Гродно — одно из решающих событий кампании 1706 года во время Северной войны, когда русская армия генерал-фельдмаршал-лейтенанта Г. Б. Огильви избежала разгрома, будучи блокированной шведской армией Карла XII в районе Гродно.","url":"https://ru.wikipedia.org/wiki/Блокада Гродно (1706)","source":"Русская Википедия / Викиданные","source_id":"Q1153384","license":"CC BY-SA 4.0","confidence":"place_level","extra":{"era":"Российская Империя","war_raw":"Северная война"}}},{"type":"Feature","id":"battles:0d2b4087a633","geometry":{"type":"Point","coordinates":[31.5417,53.8578]},"properties":{"uid":"battles:0d2b4087a633","layer":"battles","layer_title":"Сражения и военные события","group":"military","title":"Сражение при Добром","category":"Северная война 1700–1721","year_from":1708,"year_to":1708,"date_precision":"day","date_approx":false,"period_raw":"1708-09-10","work":"Северная война 1700–1721","url":"https://ru.wikipedia.org/wiki/Сражение при Добром","source":"Русская Википедия / Викиданные","source_id":"Q554462","license":"CC BY-SA 4.0","confidence":"ok","extra":{"era":"Российская Империя","war_raw":"Северная война"}}},{"type":"Feature","id":"battles:29ac96e57fd7","geometry":{"type":"Point","coordinates":[29.805833,50.106667]},"properties":{"uid":"battles:29ac96e57fd7","layer":"battles","layer_title":"Сражения и военные события","group":"military","title":"Оборона Веприка","category":"Северная война 1700–1721","year_from":1708,"year_to":1708,"date_precision":"day","date_approx":false,"period_raw":"1708-12-23","work":"Северная война 1700–1721","url":"https://ru.wikipedia.org/wiki/Оборона Веприка","source":"Русская Википедия / Викиданные","source_id":"Q138025","license":"CC BY-SA 4.0","confidence":"ok","extra":{"era":"Российская Империя","war_raw":"Северная война"}}},{"type":"Feature","id":"battles:d3f715675f0b","geometry":{"type":"Point","coordinates":[28.9133,54.0583]},"properties":{"uid":"battles:d3f715675f0b","layer":"battles","layer_title":"Сражения и военные события","group":"military","title":"Битва при Головчине","category":"Северная война 1700–1721","year_from":1708,"year_to":1708,"date_precision":"day","date_approx":false,"period_raw":"1708-07-14","work":"Северная война 1700–1721","summary":"Битва при Головчине — сражение между русскими и шведскими войсками, произошедшее 3 (14) июля 1708 года (4 июля по шведскому календарю) западнее Могилёва в ходе Северной войны. «Сражением этим начался смелый поход Шведского короля во внутренние области России».","url":"https://ru.wikipedia.org/wiki/Битва при Головчине","source":"Русская Википедия / Викиданные","source_id":"Q663359","license":"CC BY-SA 4.0","confidence":"ok","extra":{"era":"Российская Империя","war_raw":"Северная война"}}},{"type":"Feature","id":"battles:35c6ab5bb931","geometry":{"type":"Point","coordinates":[19.683333,50.783333]},"properties":{"uid":"battles:35c6ab5bb931","layer":"battles","layer_title":"Сражения и военные события","group":"military","title":"Битва под Конецполем","category":"Северная война 1700–1721","year_from":1708,"year_to":1708,"date_precision":"day","date_approx":false,"period_raw":"1708-11-21","work":"Северная война 1700–1721","summary":"Битва под Конецполем (пол. Bitwa pod Koniecpolem) — сражение, произошедшее 21 ноября 1708 года во время Северной войны. Войска Сандомирской конфедерации под командованием гетмана польного литовского Людвика Констанция Поцея и Зыгмунта Рыбинского нанесли поражение войскам короля Станислава Лещинского, возглавляемые великим коронным гетманом Юзефом Потоцким.","url":"https://ru.wikipedia.org/wiki/Битва под Конецполем","source":"Русская Википедия / Викиданные","source_id":"Q404561","license":"CC BY-SA 4.0","confidence":"ok","extra":{"era":"Российская Империя","war_raw":"Северная война"}}},{"type":"Feature","id":"battles:5065c4e41eb4","geometry":{"type":"Point","coordinates":[30.915,53.542222]},"properties":{"uid":"battles:5065c4e41eb4","layer":"battles","layer_title":"Сражения и военные события","group":"military","title":"Битва при Лесной","category":"Северная война 1700–1721","year_from":1708,"year_to":1708,"date_precision":"day","date_approx":false,"period_raw":"1708-10-09","work":"Северная война 1700–1721","summary":"Битва при Лесной (швед. Slaget vid Lesna) — сражение во время Северной войны, произошедшее вблизи деревни Лесная (ныне в Славгородском районе Могилёвской области Беларуси) 28 сентября (9 октября) 1708 года. В результате сражения корволант (летучий корпус) под командованием Петра I разбил шведский корпус генерала Адама Левенгаупта. Эта победа, по словам Петра I, стала «матерью П","url":"https://ru.wikipedia.org/wiki/Битва при Лесной","source":"Русская Википедия / Викиданные","source_id":"Q166015","license":"CC BY-SA 4.0","confidence":"ok","extra":{"era":"Российская Империя","war_raw":"Северная война"}}},{"type":"Feature","id":"battles:a4be6ab2441b","geometry":{"type":"Point","coordinates":[23.816667,53.666667]},"properties":{"uid":"battles:a4be6ab2441b","layer":"battles","layer_title":"Сражения и военные события","group":"military","title":"Штурм Гродно (1708)","category":"Северная война 1700–1721","year_from":1708,"year_to":1708,"date_precision":"day","date_approx":false,"period_raw":"1708-01-26","work":"Северная война 1700–1721","url":"https://ru.wikipedia.org/wiki/Штурм Гродно (1708)","source":"Русская Википедия / Викиданные","source_id":"Q16253643","license":"CC BY-SA 4.0","confidence":"place_level","extra":{"era":"Российская Империя","war_raw":"Северная война"}}},{"type":"Feature","id":"battles:29108e890a06","geometry":{"type":"Point","coordinates":[30.5378,50.5503]},"properties":{"uid":"battles:29108e890a06","layer":"battles","layer_title":"Сражения и военные события","group":"military","title":"Форсирование Десны","category":"Северная война 1700–1721","year_from":1708,"year_to":1708,"date_precision":"day","date_approx":false,"period_raw":"1708-11-01","work":"Северная война 1700–1721","url":"https://ru.wikipedia.org/wiki/Форсирование Десны","source":"Русская Википедия / Викиданные","source_id":"Q15905209","license":"CC BY-SA 4.0","confidence":"place_level","extra":{"era":"Российская Империя","war_raw":"Северная война"}}},{"type":"Feature","id":"battles:3a2d347e71f8","geometry":{"type":"Point","coordinates":[30.3094,59.9447]},"properties":{"uid":"battles:3a2d347e71f8","layer":"battles","layer_title":"Сражения и военные события","group":"military","title":"Бой у Невы (1708)","category":"Северная война 1700–1721","year_from":1708,"year_to":1708,"date_precision":"day","date_approx":false,"period_raw":"1708-09-09","work":"Северная война 1700–1721","summary":"Бой у Невы — бой во время Северной войны, произошедший 9 сентября 1708 года между русскими и шведскими войсками. Шведские войска, пытавшиеся захватить Санкт-Петербург, потерпели неудачу и из-за нехватки припасов вынуждены были отступить.","url":"https://ru.wikipedia.org/wiki/Бой у Невы (1708)","source":"Русская Википедия / Викиданные","source_id":"Q15838566","license":"CC BY-SA 4.0","confidence":"place_level","extra":{"era":"Российская Империя","war_raw":"Северная война"}}},{"type":"Feature","id":"battles:177220c602d7","geometry":{"type":"Point","coordinates":[32.0,49.0]},"properties":{"uid":"battles:177220c602d7","layer":"battles","layer_title":"Сражения и военные события","group":"military","title":"Бой у Раевки","category":"Северная война 1700–1721","year_from":1708,"year_to":1708,"date_precision":"day","date_approx":false,"period_raw":"1708-09-20","work":"Северная война 1700–1721","summary":"Бой у Раёвки (швед. Slaget vid Rajovka) — сражение Северной войны, произошедшее 9 (20) сентября 1708 года (10 сентября по шведскому календарю) между шведскими и русскими войсками у Раёвки во время движения шведского войска от Могилёва к Смоленску.","url":"https://ru.wikipedia.org/wiki/Бой у Раевки","source":"Русская Википедия / Викиданные","source_id":"Q46003","license":"CC BY-SA 4.0","confidence":"place_level","extra":{"era":"Российская Империя","war_raw":"Северная война"}}},{"type":"Feature","id":"battles:f2eddd5700ab","geometry":{"type":"Point","coordinates":[34.116667,48.816667]},"properties":{"uid":"battles:f2eddd5700ab","layer":"battles","layer_title":"Сражения и военные события","group":"military","title":"Капитуляция у Переволочны","category":"Северная война 1700–1721","year_from":1709,"year_to":1709,"date_precision":"day","date_approx":false,"period_raw":"1709-07-12","work":"Северная война 1700–1721","url":"https://ru.wikipedia.org/wiki/Капитуляция у Переволочны","source":"Русская Википедия / Викиданные","source_id":"Q2671292","license":"CC BY-SA 4.0","confidence":"ok","extra":{"era":"Российская Империя","war_raw":"Северная война"}}},{"type":"Feature","id":"battles:bcec36fe9055","geometry":{"type":"Point","coordinates":[34.552778,49.631389]},"properties":{"uid":"battles:bcec36fe9055","layer":"battles","layer_title":"Сражения и военные события","group":"military","title":"Полтавская битва","category":"Северная война 1700–1721","year_from":1709,"year_to":1709,"date_precision":"day","date_approx":false,"period_raw":"1709-07-08","work":"Северная война 1700–1721","url":"https://ru.wikipedia.org/wiki/Полтавская битва","source":"Русская Википедия / Викиданные","source_id":"Q152486","license":"CC BY-SA 4.0","confidence":"ok","extra":{"era":"Российская Империя","war_raw":"Северная война"}}},{"type":"Feature","id":"battles:20086186eae9","geometry":{"type":"Point","coordinates":[35.149167,50.056667]},"properties":{"uid":"battles:20086186eae9","layer":"battles","layer_title":"Сражения и военные события","group":"military","title":"Сражение у Красного Кута","category":"Северная война 1700–1721","year_from":1709,"year_to":1709,"date_precision":"day","date_approx":false,"period_raw":"1709-01-01","work":"Северная война 1700–1721","url":"https://ru.wikipedia.org/wiki/Сражение у Красного Кута","source":"Русская Википедия / Викиданные","source_id":"Q167971","license":"CC BY-SA 4.0","confidence":"place_level","extra":{"era":"Российская Империя","war_raw":"Северная война"}}},{"type":"Feature","id":"battles:997ade551ac3","geometry":{"type":"Point","coordinates":[12.72,56.0775]},"properties":{"uid":"battles:997ade551ac3","layer":"battles","layer_title":"Сражения и военные события","group":"military","title":"Битва при Хельсингборге","category":"Северная война 1700–1721","year_from":1710,"year_to":1710,"date_precision":"day","date_approx":false,"period_raw":"1710-03-10","work":"Северная война 1700–1721","summary":"Битва при Хельсингборге (швед. Slaget vid Helsingborg) — сражение, состоявшееся 27 февраля (10 марта) 1710 года (28 февраля по шведскому календарю) в ходе Великой Северной войны у шведского города Хельсингборг между датскими и шведскими войсками во время повторного вступления Дании в войну (в датской истории этот период считается отдельной войной и носит название Одиннадцатилет","url":"https://ru.wikipedia.org/wiki/Битва при Хельсингборге","source":"Русская Википедия / Викиданные","source_id":"Q705409","license":"CC BY-SA 4.0","confidence":"outside_bbox","extra":{"era":"Российская Империя","war_raw":"Северная война"}}},{"type":"Feature","id":"battles:a075e4ec24aa","geometry":{"type":"Point","coordinates":[12.55,55.683333]},"properties":{"uid":"battles:a075e4ec24aa","layer":"battles","layer_title":"Сражения и военные события","group":"military","title":"Сражение у бухты Кёге (1710)","category":"Северная война 1700–1721","year_from":1710,"year_to":1710,"date_precision":"day","date_approx":false,"period_raw":"1710-10-04","work":"Северная война 1700–1721","url":"https://ru.wikipedia.org/wiki/Сражение у бухты Кёге (1710)","source":"Русская Википедия / Викиданные","source_id":"Q1446460","license":"CC BY-SA 4.0","confidence":"outside_bbox","extra":{"era":"Российская Империя","war_raw":"Северная война"}}},{"type":"Feature","id":"battles:076c84b0ddb5","geometry":{"type":"Point","coordinates":[11.11667,53.7]},"properties":{"uid":"battles:076c84b0ddb5","layer":"battles","layer_title":"Сражения и военные события","group":"military","title":"Сражение при Гадебуше","category":"Северная война 1700–1721","year_from":1712,"year_to":1712,"date_precision":"day","date_approx":false,"period_raw":"1712-12-20","work":"Северная война 1700–1721","url":"https://ru.wikipedia.org/wiki/Сражение при Гадебуше","source":"Русская Википедия / Викиданные","source_id":"Q708866","license":"CC BY-SA 4.0","confidence":"outside_bbox","extra":{"era":"Российская Империя","war_raw":"Северная война"}}},{"type":"Feature","id":"battles:fba4b090b277","geometry":{"type":"Point","coordinates":[25.599,59.986]},"properties":{"uid":"battles:fba4b090b277","layer":"battles","layer_title":"Сражения и военные события","group":"military","title":"Поход флота к Ревелю (1713)","category":"Северная война 1700–1721","year_from":1713,"year_to":1713,"date_precision":"day","date_approx":false,"period_raw":"1713-01-01","work":"Северная война 1700–1721","url":"https://ru.wikipedia.org/wiki/Поход флота к Ревелю (1713)","source":"Русская Википедия / Викиданные","source_id":"Q3606777","license":"CC BY-SA 4.0","confidence":"ok","extra":{"era":"Российская Империя","war_raw":"Северная война"}}},{"type":"Feature","id":"battles:3fce32cde254","geometry":{"type":"Point","coordinates":[24.266667,61.338333]},"properties":{"uid":"battles:3fce32cde254","layer":"battles","layer_title":"Сражения и военные события","group":"military","title":"Битва у реки Пялькане","category":"Северная война 1700–1721","year_from":1713,"year_to":1713,"date_precision":"day","date_approx":false,"period_raw":"1713-10-17","work":"Северная война 1700–1721","summary":"Битва у реки Пялькане (швед. Slaget vid Pälkäne) — одно из сражений Северной войны, произошедшее 6 (17) октября 1713 года между русским корпусом под командованием Ф. М. Апраксина и М. М. Голицына и шведскими войсками под командованием генерала К. Армфельдта.","url":"https://ru.wikipedia.org/wiki/Битва у реки Пялькане","source":"Русская Википедия / Викиданные","source_id":"Q638374","license":"CC BY-SA 4.0","confidence":"ok","extra":{"era":"Российская Империя","war_raw":"Северная война"}}},{"type":"Feature","id":"battles:df3dd9f87a63","geometry":{"type":"Point","coordinates":[23.081667,59.937222]},"properties":{"uid":"battles:df3dd9f87a63","layer":"battles","layer_title":"Сражения и военные события","group":"military","title":"Гангутское сражение","category":"Русско-шведские войны","year_from":1714,"year_to":1714,"date_precision":"day","date_approx":false,"period_raw":"1714-08-06","work":"Русско-шведские войны","summary":"Га́нгутское сраже́ние (швед. Sjöslaget vid Hangö udd, Шёслагет вид Гаӈӈё-Удд или Slaget vid Rilax, Слагет вид Рилакс; фин. Riilahden meritaistelu, Риилахден меритайстелу) — морское сражение Северной войны, состоявшееся 27 июля (7 августа) 1714 года у мыса Гангут (ныне полуостров Ханко в Финляндии, от его шведского названия Ганге-удд) в Балтийском море между русским армейски","url":"https://ru.wikipedia.org/wiki/Гангутское сражение","source":"Русская Википедия / Викиданные","source_id":"Q681712","license":"CC BY-SA 4.0","confidence":"ok","extra":{"era":"Российская Империя","war_raw":"Русско-шведские войны"}}},{"type":"Feature","id":"battles:e23da0cc3062","geometry":{"type":"Point","coordinates":[22.316667,63.0]},"properties":{"uid":"battles:e23da0cc3062","layer":"battles","layer_title":"Сражения и военные события","group":"military","title":"Битва при Лапполе","category":"Северная война 1700–1721","year_from":1714,"year_to":1714,"date_precision":"day","date_approx":false,"period_raw":"1714-03-02","work":"Северная война 1700–1721","summary":"Битва при Лапполе, или Битва при Сторкюре (швед. Slaget vid Storkyro), или Битва у Напо (фин. Napuen taistelu) — сражение Северной войны, произошедшее между русскими и шведскими войсками 19 февраля (2 марта) 1714 года у деревни Лаппола (по-фински Напо, фин. Napue).","url":"https://ru.wikipedia.org/wiki/Битва при Лапполе","source":"Русская Википедия / Викиданные","source_id":"Q694122","license":"CC BY-SA 4.0","confidence":"ok","extra":{"era":"Российская Империя","war_raw":"Северная война"}}},{"type":"Feature","id":"battles:e2475f3bb9f5","geometry":{"type":"Point","coordinates":[8.95,54.316667]},"properties":{"uid":"battles:e2475f3bb9f5","layer":"battles","layer_title":"Сражения и военные события","group":"military","title":"Осада Тённинга (1700)","category":"Северная война 1700–1721","year_from":1714,"year_to":1714,"date_precision":"day","date_approx":false,"period_raw":"1714-02-01","work":"Северная война 1700–1721","url":"https://ru.wikipedia.org/wiki/Осада Тённинга (1700)","source":"Русская Википедия / Викиданные","source_id":"Q464517","license":"CC BY-SA 4.0","confidence":"outside_bbox","extra":{"era":"Российская Империя","war_raw":"Северная война"}}},{"type":"Feature","id":"battles:0ad94505cb39","geometry":{"type":"Point","coordinates":[11.31899,54.5816]},"properties":{"uid":"battles:0ad94505cb39","layer":"battles","layer_title":"Сражения и военные события","group":"military","title":"Сражение у Фемарна (1715)","category":"Северная война 1700–1721","year_from":1715,"year_to":1715,"date_precision":"day","date_approx":false,"period_raw":"1715-04-24","work":"Северная война 1700–1721","url":"https://ru.wikipedia.org/wiki/Сражение у Фемарна (1715)","source":"Русская Википедия / Викиданные","source_id":"Q1780316","license":"CC BY-SA 4.0","confidence":"outside_bbox","extra":{"era":"Российская Империя","war_raw":"Северная война"}}},{"type":"Feature","id":"battles:0fd1b7aae7e6","geometry":{"type":"Point","coordinates":[11.2217,59.0083]},"properties":{"uid":"battles:0fd1b7aae7e6","layer":"battles","layer_title":"Сражения и военные события","group":"military","title":"Битва в Дюнекилене","category":"Северная война 1700–1721","year_from":1716,"year_to":1716,"date_precision":"day","date_approx":false,"period_raw":"1716-07-08","work":"Северная война 1700–1721","summary":"Битва в Дюнекилене (дат. Slaget i Dynekilen) — морское сражение, которое произошло 8 июля 1716 во время Северной войны, когда лёгкие датско-норвежские силы под командованием Торденшельда заперли в Дюнекиле-фьорде (к северу от Стрёмстада, на западном побережье Швеции) и нанесли поражение равному по силе шведскому отряду. Шведский отряд кораблей занимался перевозкой войск из Гёт","url":"https://ru.wikipedia.org/wiki/Битва в Дюнекилене","source":"Русская Википедия / Викиданные","source_id":"Q1844815","license":"CC BY-SA 4.0","confidence":"outside_bbox","extra":{"era":"Российская Империя","war_raw":"Северная война"}}},{"type":"Feature","id":"battles:68a78875eb5c","geometry":{"type":"Point","coordinates":[22.5,58.4167]},"properties":{"uid":"battles:68a78875eb5c","layer":"battles","layer_title":"Сражения и военные события","group":"military","title":"Эзельский бой","category":"Северная война 1700–1721","year_from":1719,"year_to":1719,"date_precision":"day","date_approx":false,"period_raw":"1719-06-04","work":"Северная война 1700–1721","url":"https://ru.wikipedia.org/wiki/Эзельский бой","source":"Русская Википедия / Викиданные","source_id":"Q645723","license":"CC BY-SA 4.0","confidence":"ok","extra":{"era":"Российская Империя","war_raw":"Северная война"}}},{"type":"Feature","id":"battles:ee922cf1a743","geometry":{"type":"Point","coordinates":[18.281944,59.302222]},"properties":{"uid":"battles:ee922cf1a743","layer":"battles","layer_title":"Сражения и военные события","group":"military","title":"Битва при Стекете","category":"Северная война 1700–1721","year_from":1719,"year_to":1719,"date_precision":"day","date_approx":false,"period_raw":"1719-08-24","work":"Северная война 1700–1721","summary":"Битва при Стекете (швед. Battle of Stäket) — одно из сражений Северной войны, произошедшее 13 августа 1719 года. Русские войска попытались пройти через пролив Баггенсстекет (очень узкий проход в Стокгольмском архипелаге) для разведки пути на Стокгольм. Десантный отряд достиг крепости Ваксхольм, но после контратаки шведской пехоты отступил.","url":"https://ru.wikipedia.org/wiki/Битва при Стекете","source":"Русская Википедия / Викиданные","source_id":"Q3500708","license":"CC BY-SA 4.0","confidence":"ok","extra":{"era":"Российская Империя","war_raw":"Северная война"}}},{"type":"Feature","id":"battles:81d75fc04097","geometry":{"type":"Point","coordinates":[20.3,60.0]},"properties":{"uid":"battles:81d75fc04097","layer":"battles","layer_title":"Сражения и военные события","group":"military","title":"Сражение при Гренгаме","category":"Русско-шведские войны","year_from":1720,"year_to":1720,"date_precision":"day","date_approx":false,"period_raw":"1720-08-07","work":"Русско-шведские войны","url":"https://ru.wikipedia.org/wiki/Сражение при Гренгаме","source":"Русская Википедия / Викиданные","source_id":"Q338370","license":"CC BY-SA 4.0","confidence":"ok","extra":{"era":"Российская Империя","war_raw":"Русско-шведские войны"}}},{"type":"Feature","id":"battles:98322ebfda04","geometry":{"type":"Point","coordinates":[48.288889,42.057778]},"properties":{"uid":"battles:98322ebfda04","layer":"battles","layer_title":"Сражения и военные события","group":"military","title":"Взятие Дербента","category":"Персидский поход","year_from":1722,"year_to":1722,"date_precision":"day","date_approx":false,"period_raw":"1722-08-01","work":"Персидский поход","summary":"Взятие Дербента — взятие русскими войсками персидской крепости Дербент в ходе Персидского похода Петра I в 1722 году.","url":"https://ru.wikipedia.org/wiki/Взятие Дербента","source":"Русская Википедия / Викиданные","source_id":"Q113107465","license":"CC BY-SA 4.0","confidence":"place_level","extra":{"era":"Российская Империя","war_raw":"Персидский поход"}}},{"type":"Feature","id":"battles:ca033e1d2e6b","geometry":{"type":"Point","coordinates":[164.613,62.688]},"properties":{"uid":"battles:ca033e1d2e6b","layer":"battles","layer_title":"Сражения и военные события","group":"military","title":"Бой при Егаче","category":"Завоевание Чукотки","year_from":1730,"year_to":1730,"date_precision":"day","date_approx":false,"period_raw":"1730-03-25","work":"Завоевание Чукотки","summary":"Бой при Егаче — вооруженное столкновение, произошедшее 14 (25) марта 1730 года между войсками Российской империи, представленными преимущественно казаками и подвластными России народами Сибири, с одной стороны, и чукчами — с другой. Завершилось победой чукчей и гибелью казацкого головы А. Ф. Шестакова.","url":"https://ru.wikipedia.org/wiki/Бой при Егаче","source":"Русская Википедия / Викиданные","source_id":"Q16626942","license":"CC BY-SA 4.0","confidence":"ok","extra":{"era":"Российская Империя","war_raw":"Завоевание Чукотки"}}},{"type":"Feature","id":"battles:1a374995413e","geometry":{"type":"Point","coordinates":[18.633333,54.366667]},"properties":{"uid":"battles:1a374995413e","layer":"battles","layer_title":"Сражения и военные события","group":"military","title":"Осада Данцига (1734)","category":"Война за польское наследство","year_from":1734,"year_to":1734,"date_precision":"day","date_approx":false,"period_raw":"1734-01-01","work":"Война за польское наследство","url":"https://ru.wikipedia.org/wiki/Осада Данцига (1734)","source":"Русская Википедия / Викиданные","source_id":"Q2354105","license":"CC BY-SA 4.0","confidence":"ok","extra":{"era":"Российская Империя","war_raw":"Война за польское наследство"}}},{"type":"Feature","id":"battles:73bcf5902de1","geometry":{"type":"Point","coordinates":[31.539167,46.618611]},"properties":{"uid":"battles:73bcf5902de1","layer":"battles","layer_title":"Сражения и военные события","group":"military","title":"Осада Очакова (лето 1737)","category":"Русско-турецкая война 1735—1739 годов","year_from":1737,"year_to":1737,"date_precision":"day","date_approx":false,"period_raw":"1737-07-02","work":"Русско-турецкая война 1735—1739 годов","url":"https://ru.wikipedia.org/wiki/Осада Очакова (лето 1737)","source":"Русская Википедия / Викиданные","source_id":"Q4337426","license":"CC BY-SA 4.0","confidence":"ok","extra":{"era":"Российская Империя","war_raw":"Русско-турецкая война 1735—1739 годов"}}},{"type":"Feature","id":"battles:6d7bd6e8e5d2","geometry":{"type":"Point","coordinates":[26.386889,48.406139]},"properties":{"uid":"battles:6d7bd6e8e5d2","layer":"battles","layer_title":"Сражения и военные события","group":"military","title":"Сражение под Ставучанами","category":"Русско-турецкая война 1735—1739 годов","year_from":1739,"year_to":1739,"date_precision":"day","date_approx":false,"period_raw":"1739-01-01","work":"Русско-турецкая война 1735—1739 годов","url":"https://ru.wikipedia.org/wiki/Сражение под Ставучанами","source":"Русская Википедия / Викиданные","source_id":"Q4438379","license":"CC BY-SA 4.0","confidence":"ok","extra":{"era":"Российская Империя","war_raw":"Русско-турецкая война 1735—1739 годов"}}},{"type":"Feature","id":"battles:1a69bd952efb","geometry":{"type":"Point","coordinates":[28.186111,61.058333]},"properties":{"uid":"battles:1a69bd952efb","layer":"battles","layer_title":"Сражения и военные события","group":"military","title":"Взятие Вильманстранда","category":"Русско-шведская война 1741—1743 годов","year_from":1741,"year_to":1741,"date_precision":"day","date_approx":false,"period_raw":"1741-08-23","work":"Русско-шведская война 1741—1743 годов","url":"https://ru.wikipedia.org/wiki/Взятие Вильманстранда","source":"Русская Википедия / Викиданные","source_id":"Q2890333","license":"CC BY-SA 4.0","confidence":"place_level","extra":{"era":"Российская Империя","war_raw":"Русско-шведская война 1741—1743 годов"}}},{"type":"Feature","id":"battles:d565f024e8c8","geometry":{"type":"Point","coordinates":[172.001,66.252778]},"properties":{"uid":"battles:d565f024e8c8","layer":"battles","layer_title":"Сражения и военные события","group":"military","title":"Бой на реке Орловой","category":"Завоевание Чукотки","year_from":1747,"year_to":1747,"date_precision":"day","date_approx":false,"period_raw":"1747-03-23","work":"Завоевание Чукотки","summary":"Бой на реке Орловой — бой, произошедшей 14 (25) марта 1747 года между войсками Российской империи, состоявшими преимущественно из казаков и подвластных России коряков, с одной стороны, и чукчами — с другой. Завершилось уверенной победой чукчей и гибелью командовавшего русскими силами известного полярного первопроходца майора Д. И. Павлуцкого. Оно также явилось самым тяжёлым пор","url":"https://ru.wikipedia.org/wiki/Бой на реке Орловой","source":"Русская Википедия / Викиданные","source_id":"Q16537229","license":"CC BY-SA 4.0","confidence":"place_level","extra":{"era":"Российская Империя","war_raw":"Завоевание Чукотки"}}},{"type":"Feature","id":"battles:cf571b3497fc","geometry":{"type":"Point","coordinates":[-79.587106,39.814139]},"properties":{"uid":"battles:cf571b3497fc","layer":"battles","layer_title":"Сражения и военные события","group":"military","title":"Стычка у Грейт-Медоуз","category":"Семилетняя война 1756–1763","year_from":1754,"year_to":1754,"date_precision":"day","date_approx":false,"period_raw":"1754-05-28","work":"Семилетняя война 1756–1763","url":"https://ru.wikipedia.org/wiki/Стычка у Грейт-Медоуз","source":"Русская Википедия / Викиданные","source_id":"Q695485","license":"CC BY-SA 4.0","confidence":"outside_bbox","extra":{"era":"Российская Империя","war_raw":"Семилетняя война"}}},{"type":"Feature","id":"battles:6e381288afbf","geometry":{"type":"Point","coordinates":[-64.290792,45.865508]},"properties":{"uid":"battles:6e381288afbf","layer":"battles","layer_title":"Сражения и военные события","group":"military","title":"Осада форта Босежур","category":"Семилетняя война 1756–1763","year_from":1755,"year_to":1755,"date_precision":"day","date_approx":false,"period_raw":"1755-06-16","work":"Семилетняя война 1756–1763","url":"https://ru.wikipedia.org/wiki/Осада форта Босежур","source":"Русская Википедия / Викиданные","source_id":"Q2346041","license":"CC BY-SA 4.0","confidence":"outside_bbox","extra":{"era":"Российская Империя","war_raw":"Семилетняя война"}}},{"type":"Feature","id":"battles:6f468c51d84f","geometry":{"type":"Point","coordinates":[-73.706944,43.415]},"properties":{"uid":"battles:6f468c51d84f","layer":"battles","layer_title":"Сражения и военные события","group":"military","title":"Битва на озере Джордж","category":"Семилетняя война 1756–1763","year_from":1755,"year_to":1755,"date_precision":"day","date_approx":false,"period_raw":"1755-09-08","work":"Семилетняя война 1756–1763","summary":"Битва на озере Джордж (англ. Battle of Lake George) — сражение, состоявшееся 8 сентября 1755 года между союзными франко-индейскими и британскими войсками близ озера Джордж во время войны с французами и индейцами. Несмотря на крупные потери, ни одна сторона не смогла добиться успеха, однако наступление французских войск было остановлено.","url":"https://ru.wikipedia.org/wiki/Битва на озере Джордж","source":"Русская Википедия / Викиданные","source_id":"Q579971","license":"CC BY-SA 4.0","confidence":"outside_bbox","extra":{"era":"Российская Империя","war_raw":"Семилетняя война"}}},{"type":"Feature","id":"battles:c857391f2a7b","geometry":{"type":"Point","coordinates":[-80.011,40.442]},"properties":{"uid":"battles:c857391f2a7b","layer":"battles","layer_title":"Сражения и военные события","group":"military","title":"Битва при Мононгахеле","category":"Семилетняя война 1756–1763","year_from":1755,"year_to":1755,"date_precision":"day","date_approx":false,"period_raw":"1755-07-09","work":"Семилетняя война 1756–1763","summary":"Битва при Мононгахеле (англ. Battle of the Monongahela) — сражение, состоявшееся 9 июля 1755 года между союзными франко-индейскими и британскими войсками в Канаде во время Франко-индейской войны и закончившееся решительной победой французов и их индейских союзников. Сражение проходило на территории современного штата Пенсильвания в 10 милях (16 км) к востоку из Питтсбурга, и ст","url":"https://ru.wikipedia.org/wiki/Битва при Мононгахеле","source":"Русская Википедия / Викиданные","source_id":"Q524828","license":"CC BY-SA 4.0","confidence":"outside_bbox","extra":{"era":"Российская Империя","war_raw":"Семилетняя война"}}},{"type":"Feature","id":"battles:a2c38353325e","geometry":{"type":"Point","coordinates":[14.033333,50.512778]},"properties":{"uid":"battles:a2c38353325e","layer":"battles","layer_title":"Сражения и военные события","group":"military","title":"Лобозицкая битва","category":"Семилетняя война 1756–1763","year_from":1756,"year_to":1756,"date_precision":"day","date_approx":false,"period_raw":"1756-10-01","work":"Семилетняя война 1756–1763","url":"https://ru.wikipedia.org/wiki/Лобозицкая битва","source":"Русская Википедия / Викиданные","source_id":"Q694478","license":"CC BY-SA 4.0","confidence":"outside_bbox","extra":{"era":"Российская Империя","war_raw":"Семилетняя война"}}},{"type":"Feature","id":"battles:b259baff6814","geometry":{"type":"Point","coordinates":[4.35,39.89]},"properties":{"uid":"battles:b259baff6814","layer":"battles","layer_title":"Сражения и военные события","group":"military","title":"Сражение при Менорке","category":"Семилетняя война 1756–1763","year_from":1756,"year_to":1756,"date_precision":"day","date_approx":false,"period_raw":"1756-05-20","work":"Семилетняя война 1756–1763","url":"https://ru.wikipedia.org/wiki/Сражение при Менорке","source":"Русская Википедия / Викиданные","source_id":"Q1196554","license":"CC BY-SA 4.0","confidence":"outside_bbox","extra":{"era":"Российская Империя","war_raw":"Семилетняя война"}}},{"type":"Feature","id":"battles:edfb664ff1f1","geometry":{"type":"Point","coordinates":[-75.5025,43.224167]},"properties":{"uid":"battles:edfb664ff1f1","layer":"battles","layer_title":"Сражения и военные события","group":"military","title":"Штурм форта Булл","category":"Семилетняя война 1756–1763","year_from":1756,"year_to":1756,"date_precision":"day","date_approx":false,"period_raw":"1756-03-27","work":"Семилетняя война 1756–1763","url":"https://ru.wikipedia.org/wiki/Штурм форта Булл","source":"Русская Википедия / Викиданные","source_id":"Q2888540","license":"CC BY-SA 4.0","confidence":"outside_bbox","extra":{"era":"Российская Империя","war_raw":"Семилетняя война"}}},{"type":"Feature","id":"battles:c78234b88639","geometry":{"type":"Point","coordinates":[21.48,54.62]},"properties":{"uid":"battles:c78234b88639","layer":"battles","layer_title":"Сражения и военные события","group":"military","title":"Грос-Егерсдорфское сражение","category":"Семилетняя война 1756–1763","year_from":1757,"year_to":1757,"date_precision":"day","date_approx":false,"period_raw":"1757-08-30","work":"Семилетняя война 1756–1763","url":"https://ru.wikipedia.org/wiki/Грос-Егерсдорфское сражение","source":"Русская Википедия / Викиданные","source_id":"Q696689","license":"CC BY-SA 4.0","confidence":"ok","extra":{"era":"Российская Империя","war_raw":"Семилетняя война"}}},{"type":"Feature","id":"battles:4ee79a6ad00c","geometry":{"type":"Point","coordinates":[13.4114,52.5234]},"properties":{"uid":"battles:4ee79a6ad00c","layer":"battles","layer_title":"Сражения и военные события","group":"military","title":"Рейд на Берлин (1757)","category":"Семилетняя война 1756–1763","year_from":1757,"year_to":1757,"date_precision":"day","date_approx":false,"period_raw":"1757-10-16","work":"Семилетняя война 1756–1763","url":"https://ru.wikipedia.org/wiki/Рейд на Берлин (1757)","source":"Русская Википедия / Викиданные","source_id":"Q322882","license":"CC BY-SA 4.0","confidence":"outside_bbox","extra":{"era":"Российская Империя","war_raw":"Семилетняя война"}}},{"type":"Feature","id":"battles:bcb648d96233","geometry":{"type":"Point","coordinates":[17.033333,51.116667]},"properties":{"uid":"battles:bcb648d96233","layer":"battles","layer_title":"Сражения и военные события","group":"military","title":"Битва под Бреслау (1757)","category":"Семилетняя война 1756–1763","year_from":1757,"year_to":1757,"date_precision":"day","date_approx":false,"period_raw":"1757-11-22","work":"Семилетняя война 1756–1763","summary":"Битва под Бреслау (нем. Schlacht bei Breslau) или Битва на реке Лоэ (нем. Schlacht an der Lohe) — сражение во время Семилетней войны, произошедшее 22 ноября 1757 года между 84-тысячной австрийской армией принца Лотарингского и 28-тысячной прусской армией герцога Бевернского в 5 километрах от силезского города и крепости Бреслау (в традиционной русской передаче — Бреславль, ныне","url":"https://ru.wikipedia.org/wiki/Битва под Бреслау (1757)","source":"Русская Википедия / Викиданные","source_id":"Q695312","license":"CC BY-SA 4.0","confidence":"outside_bbox","extra":{"era":"Российская Империя","war_raw":"Семилетняя война"}}},{"type":"Feature","id":"battles:e93cda18187a","geometry":{"type":"Point","coordinates":[-72.2,19.8]},"properties":{"uid":"battles:e93cda18187a","layer":"battles","layer_title":"Сражения и военные события","group":"military","title":"Сражение у Кап-Франсе","category":"Семилетняя война 1756–1763","year_from":1757,"year_to":1757,"date_precision":"day","date_approx":false,"period_raw":"1757-10-21","work":"Семилетняя война 1756–1763","url":"https://ru.wikipedia.org/wiki/Сражение у Кап-Франсе","source":"Русская Википедия / Викиданные","source_id":"Q2888245","license":"CC BY-SA 4.0","confidence":"outside_bbox","extra":{"era":"Российская Империя","war_raw":"Семилетняя война"}}},{"type":"Feature","id":"battles:a428cf1cc7a3","geometry":{"type":"Point","coordinates":[15.121944,50.028889]},"properties":{"uid":"battles:a428cf1cc7a3","layer":"battles","layer_title":"Сражения и военные события","group":"military","title":"Колинское сражение","category":"Семилетняя война 1756–1763","year_from":1757,"year_to":1757,"date_precision":"day","date_approx":false,"period_raw":"1757-06-18","work":"Семилетняя война 1756–1763","url":"https://ru.wikipedia.org/wiki/Колинское сражение","source":"Русская Википедия / Викиданные","source_id":"Q127299","license":"CC BY-SA 4.0","confidence":"outside_bbox","extra":{"era":"Российская Империя","war_raw":"Семилетняя война"}}},{"type":"Feature","id":"battles:db58981a0d01","geometry":{"type":"Point","coordinates":[16.752528,51.152111]},"properties":{"uid":"battles:db58981a0d01","layer":"battles","layer_title":"Сражения и военные события","group":"military","title":"Сражение при Лейтене","category":"Семилетняя война 1756–1763","year_from":1757,"year_to":1757,"date_precision":"day","date_approx":false,"period_raw":"1757-12-05","work":"Семилетняя война 1756–1763","url":"https://ru.wikipedia.org/wiki/Сражение при Лейтене","source":"Русская Википедия / Викиданные","source_id":"Q313435","license":"CC BY-SA 4.0","confidence":"outside_bbox","extra":{"era":"Российская Империя","war_raw":"Семилетняя война"}}},{"type":"Feature","id":"battles:81f8d2427b33","geometry":{"type":"Point","coordinates":[15.016589,51.126301]},"properties":{"uid":"battles:81f8d2427b33","layer":"battles","layer_title":"Сражения и военные события","group":"military","title":"Сражение при Мойсе","category":"Семилетняя война 1756–1763","year_from":1757,"year_to":1757,"date_precision":"day","date_approx":false,"period_raw":"1757-09-07","work":"Семилетняя война 1756–1763","url":"https://ru.wikipedia.org/wiki/Сражение при Мойсе","source":"Русская Википедия / Викиданные","source_id":"Q663524","license":"CC BY-SA 4.0","confidence":"outside_bbox","extra":{"era":"Российская Империя","war_raw":"Семилетняя война"}}},{"type":"Feature","id":"battles:a8734a270437","geometry":{"type":"Point","coordinates":[88.25,23.8]},"properties":{"uid":"battles:a8734a270437","layer":"battles","layer_title":"Сражения и военные события","group":"military","title":"Битва при Плесси","category":"Семилетняя война 1756–1763","year_from":1757,"year_to":1757,"date_precision":"day","date_approx":false,"period_raw":"1757-06-23","work":"Семилетняя война 1756–1763","summary":"Битва при Плесси (англ. Battle of Plassey) — сражение у берегов реки Хугли в Западной Бенгалии, в котором 23 июня 1757 года британский полковник Роберт Клайв, представлявший интересы Британской Ост-Индской компании, нанёс сокрушительное поражение войскам бенгальского наваба Сирадж уд-Даула, на стороне которого выступала Французская Ост-Индская компания. В 1756 году армия наваба","url":"https://ru.wikipedia.org/wiki/Битва при Плесси","source":"Русская Википедия / Викиданные","source_id":"Q203233","license":"CC BY-SA 4.0","confidence":"outside_bbox","extra":{"era":"Российская Империя","war_raw":"Семилетняя война"}}},{"type":"Feature","id":"battles:92c881e425c8","geometry":{"type":"Point","coordinates":[14.557,50.076]},"properties":{"uid":"battles:92c881e425c8","layer":"battles","layer_title":"Сражения и военные события","group":"military","title":"Битва под Прагой","category":"Семилетняя война 1756–1763","year_from":1757,"year_to":1757,"date_precision":"day","date_approx":false,"period_raw":"1757-05-06","work":"Семилетняя война 1756–1763","summary":"Сражение под Прагой (нем. Schlacht von Prag) — второе крупное сражение Семилетней войны, произошедшее 6 мая 1757 года у Праги между 67-тысячной армией прусского короля Фридриха II и 61-тысячной австрийской армией под командованием принца Лотарингского, в котором австрийцы потерпели поражение. Остатки разбитой австрийской армии были блокированы в Праге, осада которой, однако, пр","url":"https://ru.wikipedia.org/wiki/Битва под Прагой","source":"Русская Википедия / Викиданные","source_id":"Q223622","license":"CC BY-SA 4.0","confidence":"outside_bbox","extra":{"era":"Российская Империя","war_raw":"Семилетняя война"}}},{"type":"Feature","id":"battles:85711814e6ad","geometry":{"type":"Point","coordinates":[15.056135,50.76702]},"properties":{"uid":"battles:85711814e6ad","layer":"battles","layer_title":"Сражения и военные события","group":"military","title":"Бой при Рейхенберге","category":"Семилетняя война 1756–1763","year_from":1757,"year_to":1757,"date_precision":"day","date_approx":false,"period_raw":"1757-04-21","work":"Семилетняя война 1756–1763","summary":"Бой при Рейхенберге (нем. Gefecht bei Reichenberg) — сражение у богемского города Рейхенберг (Райхенберг) (ныне Либерец), состоявшееся 21 апреля 1757 года в ходе Семилетней войны, в преддверии битвы под Прагой, между 14-тысячным прусским корпусом герцога Бевернского и австрийским корпусом графа Кёнигсегга.","url":"https://ru.wikipedia.org/wiki/Бой при Рейхенберге","source":"Русская Википедия / Викиданные","source_id":"Q694061","license":"CC BY-SA 4.0","confidence":"outside_bbox","extra":{"era":"Российская Империя","war_raw":"Семилетняя война"}}},{"type":"Feature","id":"battles:1e22f0fda09e","geometry":{"type":"Point","coordinates":[11.894444,51.269444]},"properties":{"uid":"battles:1e22f0fda09e","layer":"battles","layer_title":"Сражения и военные события","group":"military","title":"Росбахское сражение","category":"Семилетняя война 1756–1763","year_from":1757,"year_to":1757,"date_precision":"day","date_approx":false,"period_raw":"1757-11-05","work":"Семилетняя война 1756–1763","url":"https://ru.wikipedia.org/wiki/Росбахское сражение","source":"Русская Википедия / Викиданные","source_id":"Q573972","license":"CC BY-SA 4.0","confidence":"outside_bbox","extra":{"era":"Российская Империя","war_raw":"Семилетняя война"}}},{"type":"Feature","id":"battles:a634b0659b18","geometry":{"type":"Point","coordinates":[9.416944,52.080611]},"properties":{"uid":"battles:a634b0659b18","layer":"battles","layer_title":"Сражения и военные события","group":"military","title":"Сражение при Хастенбеке","category":"Семилетняя война 1756–1763","year_from":1757,"year_to":1757,"date_precision":"day","date_approx":false,"period_raw":"1757-07-26","work":"Семилетняя война 1756–1763","url":"https://ru.wikipedia.org/wiki/Сражение при Хастенбеке","source":"Русская Википедия / Викиданные","source_id":"Q677959","license":"CC BY-SA 4.0","confidence":"outside_bbox","extra":{"era":"Российская Империя","war_raw":"Семилетняя война"}}},{"type":"Feature","id":"battles:099f5e3cda56","geometry":{"type":"Point","coordinates":[88.38,22.855886]},"properties":{"uid":"battles:099f5e3cda56","layer":"battles","layer_title":"Сражения и военные события","group":"military","title":"Взятие Чанданнагара","category":"Семилетняя война 1756–1763","year_from":1757,"year_to":1757,"date_precision":"day","date_approx":false,"period_raw":"1757-03-23","work":"Семилетняя война 1756–1763","url":"https://ru.wikipedia.org/wiki/Взятие Чанданнагара","source":"Русская Википедия / Викиданные","source_id":"Q211220","license":"CC BY-SA 4.0","confidence":"outside_bbox","extra":{"era":"Российская Империя","war_raw":"Семилетняя война"}}},{"type":"Feature","id":"battles:482dc92a13eb","geometry":{"type":"Point","coordinates":[9.716667,52.366667]},"properties":{"uid":"battles:482dc92a13eb","layer":"battles","layer_title":"Сражения и военные события","group":"military","title":"Вторжение в Ганновер (1757)","category":"Семилетняя война 1756–1763","year_from":1757,"year_to":1757,"date_precision":"day","date_approx":false,"period_raw":"1757-01-01","work":"Семилетняя война 1756–1763","summary":"Вторжение в Ганновер состоялось в 1757 году во время Семилетней войны, когда французская армия под руководством генерала Луи Д’Эсте разбила Обсервационную армию герцога Камберлендского в сражении при Хастенбеке и вступила на территорию курфюршества Ганновер. Французские войска захватили большую часть Ганновера, вынудив армию Камберленда разместиться на побережье Северного моря","url":"https://ru.wikipedia.org/wiki/Вторжение в Ганновер (1757)","source":"Русская Википедия / Викиданные","source_id":"Q13638353","license":"CC BY-SA 4.0","confidence":"outside_bbox","extra":{"era":"Российская Империя","war_raw":"Семилетняя война"}}},{"type":"Feature","id":"battles:0ed4bb48956e","geometry":{"type":"Point","coordinates":[14.649722,52.587222]},"properties":{"uid":"battles:0ed4bb48956e","layer":"battles","layer_title":"Сражения и военные события","group":"military","title":"Осада Кюстрина","category":"Семилетняя война 1756–1763","year_from":1758,"year_to":1758,"date_precision":"day","date_approx":false,"period_raw":"1758-01-01","work":"Семилетняя война 1756–1763","url":"https://ru.wikipedia.org/wiki/Осада Кюстрина","source":"Русская Википедия / Викиданные","source_id":"Q4337392","license":"CC BY-SA 4.0","confidence":"outside_bbox","extra":{"era":"Российская Империя","war_raw":"Семилетняя война"}}},{"type":"Feature","id":"battles:a6136bbe15ae","geometry":{"type":"Point","coordinates":[14.654444,52.671944]},"properties":{"uid":"battles:a6136bbe15ae","layer":"battles","layer_title":"Сражения и военные события","group":"military","title":"Цорндорфское сражение","category":"Семилетняя война 1756–1763","year_from":1758,"year_to":1758,"date_precision":"day","date_approx":false,"period_raw":"1758-09-05","work":"Семилетняя война 1756–1763","url":"https://ru.wikipedia.org/wiki/Цорндорфское сражение","source":"Русская Википедия / Викиданные","source_id":"Q663405","license":"CC BY-SA 4.0","confidence":"outside_bbox","extra":{"era":"Российская Империя","war_raw":"Семилетняя война"}}},{"type":"Feature","id":"battles:36d2b16373e7","geometry":{"type":"Point","coordinates":[-17.3983,14.6669]},"properties":{"uid":"battles:36d2b16373e7","layer":"battles","layer_title":"Сражения и военные события","group":"military","title":"Захват острова Горе","category":"Семилетняя война 1756–1763","year_from":1758,"year_to":1758,"date_precision":"day","date_approx":false,"period_raw":"1758-12-01","work":"Семилетняя война 1756–1763","url":"https://ru.wikipedia.org/wiki/Захват острова Горе","source":"Русская Википедия / Викиданные","source_id":"Q3403823","license":"CC BY-SA 4.0","confidence":"outside_bbox","extra":{"era":"Российская Империя","war_raw":"Семилетняя война"}}},{"type":"Feature","id":"battles:dd330edcbe8f","geometry":{"type":"Point","coordinates":[17.443333,49.738333]},"properties":{"uid":"battles:dd330edcbe8f","layer":"battles","layer_title":"Сражения и военные события","group":"military","title":"Бой у Домштадля","category":"Семилетняя война 1756–1763","year_from":1758,"year_to":1758,"date_precision":"day","date_approx":false,"period_raw":"1758-06-30","work":"Семилетняя война 1756–1763","summary":"Бой у Домштадля (нем. Domstadl) — бой во время Семилетней войны, произошедший в Моравии 30 июня 1758 года между 14-тысячным прусским отрядом генерала фон Цитена и 15-тысячным австрийским отрядом генералов Лаудона и Сисковца у селения Домштадль (также Домштэдтель (нем. Domstädtel), ныне Домасов в Чехии (Domasov n. Bystricí). Бой закончился поражением пруссаков. Весной и летом 1","url":"https://ru.wikipedia.org/wiki/Бой у Домштадля","source":"Русская Википедия / Викиданные","source_id":"Q331725","license":"CC BY-SA 4.0","confidence":"outside_bbox","extra":{"era":"Российская Империя","war_raw":"Семилетняя война"}}},{"type":"Feature","id":"battles:ed132d2da11c","geometry":{"type":"Point","coordinates":[-80.010944,40.441628]},"properties":{"uid":"battles:ed132d2da11c","layer":"battles","layer_title":"Сражения и военные события","group":"military","title":"Битва за форт Дюкен","category":"Семилетняя война 1756–1763","year_from":1758,"year_to":1758,"date_precision":"day","date_approx":false,"period_raw":"1758-09-13","work":"Семилетняя война 1756–1763","summary":"Би́тва за форт Дюке́н — сражение, состоявшееся между союзными франко-индейскими и британскими войсками под фортом Дюкен в Северной Америке 15 сентября 1758 года во время Франко-индейской войны. Сражение было результатом неудачной разведки английских войск под командованием генерала Джона Форбса в окрестностях французского форта Дюкен.","url":"https://ru.wikipedia.org/wiki/Битва за форт Дюкен","source":"Русская Википедия / Викиданные","source_id":"Q2391801","license":"CC BY-SA 4.0","confidence":"outside_bbox","extra":{"era":"Российская Империя","war_raw":"Семилетняя война"}}},{"type":"Feature","id":"battles:2a7a2afc52a0","geometry":{"type":"Point","coordinates":[-16.5,16.0333]},"properties":{"uid":"battles:2a7a2afc52a0","layer":"battles","layer_title":"Сражения и военные события","group":"military","title":"Захват Сенегала","category":"Семилетняя война 1756–1763","year_from":1758,"year_to":1758,"date_precision":"day","date_approx":false,"period_raw":"1758-01-01","work":"Семилетняя война 1756–1763","url":"https://ru.wikipedia.org/wiki/Захват Сенегала","source":"Русская Википедия / Викиданные","source_id":"Q5037057","license":"CC BY-SA 4.0","confidence":"outside_bbox","extra":{"era":"Российская Империя","war_raw":"Семилетняя война"}}},{"type":"Feature","id":"battles:d13881e873e8","geometry":{"type":"Point","coordinates":[-73.3875,43.841667]},"properties":{"uid":"battles:d13881e873e8","layer":"battles","layer_title":"Сражения и военные события","group":"military","title":"Битва при Карильоне","category":"Семилетняя война 1756–1763","year_from":1758,"year_to":1758,"date_precision":"day","date_approx":false,"period_raw":"1758-07-08","work":"Семилетняя война 1756–1763","summary":"Битва при Карильоне (англ. Battle of Carillon), оно же сражение при Тикондероге (англ. Battle of Ticonderoga) — одно из крупнейших сражений Франко-Индейской войны, которое произошло 8 июля 1758 года около французского форта Карильон на берегу озера Шамплейн на пограничной территории между британской колонией Нью-Йорк и французской колонией Новая Франция. Непосредственно сам фор","url":"https://ru.wikipedia.org/wiki/Битва при Карильоне","source":"Русская Википедия / Викиданные","source_id":"Q697897","license":"CC BY-SA 4.0","confidence":"outside_bbox","extra":{"era":"Российская Империя","war_raw":"Семилетняя война"}}},{"type":"Feature","id":"battles:65b963113562","geometry":{"type":"Point","coordinates":[81.1349,16.1844]},"properties":{"uid":"battles:65b963113562","layer":"battles","layer_title":"Сражения и военные события","group":"military","title":"Битва при Кондоре","category":"Семилетняя война 1756–1763","year_from":1758,"year_to":1758,"date_precision":"day","date_approx":false,"period_raw":"1758-12-09","work":"Семилетняя война 1756–1763","summary":"Битва при Кондоре (англ. Battle of Condore) произошла около Масулипатама 9 декабря 1758 года в Западной Бенгалии в рамках Семилетней войны. Англо-индийские войска под командованием полковника Фрэнсиса Форда атаковали и разбили равные по численности французские войска под командованием Юбера де Бриена, графа де Конфлана, захватив весь обоз и артиллерию противника. Эта победа поз","url":"https://ru.wikipedia.org/wiki/Битва при Кондоре","source":"Русская Википедия / Викиданные","source_id":"Q656522","license":"CC BY-SA 4.0","confidence":"outside_bbox","extra":{"era":"Российская Империя","war_raw":"Семилетняя война"}}},{"type":"Feature","id":"battles:c5af330c98bd","geometry":{"type":"Point","coordinates":[6.5109,51.3028]},"properties":{"uid":"battles:c5af330c98bd","layer":"battles","layer_title":"Сражения и военные события","group":"military","title":"Битва при Крефельде","category":"Семилетняя война 1756–1763","year_from":1758,"year_to":1758,"date_precision":"day","date_approx":false,"period_raw":"1758-06-23","work":"Семилетняя война 1756–1763","summary":"Битва при Крефельде (нем. Schlacht bei Krefeld) — сражение Семилетней войны, состоявшееся 23 июня 1758 года на окраине Крефельда между 47-тысячным французским войском под командованием дальнего родственника короля Франции графа Клермона и 30,5-тысячным объединённым войском пруссаков и их союзников ганноверцев, гессенцев, брауншвейнгцев, возглавляемых принцем Фердинандом Брауншв","url":"https://ru.wikipedia.org/wiki/Битва при Крефельде","source":"Русская Википедия / Викиданные","source_id":"Q663450","license":"CC BY-SA 4.0","confidence":"outside_bbox","extra":{"era":"Российская Империя","war_raw":"Семилетняя война"}}},{"type":"Feature","id":"battles:9c0f10037cd4","geometry":{"type":"Point","coordinates":[79.75,11.75]},"properties":{"uid":"battles:9c0f10037cd4","layer":"battles","layer_title":"Сражения и военные события","group":"military","title":"Сражение у Куддалора (1758)","category":"Семилетняя война 1756–1763","year_from":1758,"year_to":1758,"date_precision":"day","date_approx":false,"period_raw":"1758-04-29","work":"Семилетняя война 1756–1763","url":"https://ru.wikipedia.org/wiki/Сражение у Куддалора (1758)","source":"Русская Википедия / Викиданные","source_id":"Q2606331","license":"CC BY-SA 4.0","confidence":"outside_bbox","extra":{"era":"Российская Империя","war_raw":"Семилетняя война"}}},{"type":"Feature","id":"battles:aca4d8b12b3b","geometry":{"type":"Point","coordinates":[9.599722,51.35]},"properties":{"uid":"battles:aca4d8b12b3b","layer":"battles","layer_title":"Сражения и военные события","group":"military","title":"Бой у Лутерберга (1758)","category":"Семилетняя война 1756–1763","year_from":1758,"year_to":1758,"date_precision":"day","date_approx":false,"period_raw":"1758-10-10","work":"Семилетняя война 1756–1763","summary":"Бой у Лутерберга — сражение Семилетней войны у деревни Лутерберг в окрестностях Касселя, состоявшееся 10 октября 1758 года. В ходе сражения 18 тысячный корпус генерала Союзной армии Оберга потерпел поражение от 42 тысячной армии французов и саксонцев под началом принца Субиза. Принц Субиз получил за свою победу жезл маршала Франции.","url":"https://ru.wikipedia.org/wiki/Бой у Лутерберга (1758)","source":"Русская Википедия / Викиданные","source_id":"Q541362","license":"CC BY-SA 4.0","confidence":"outside_bbox","extra":{"era":"Российская Империя","war_raw":"Семилетняя война"}}},{"type":"Feature","id":"battles:d5ea58f0c6cb","geometry":{"type":"Point","coordinates":[79.833333,10.766667]},"properties":{"uid":"battles:d5ea58f0c6cb","layer":"battles","layer_title":"Сражения и военные события","group":"military","title":"Сражение у Негапатама (1758)","category":"Семилетняя война 1756–1763","year_from":1758,"year_to":1758,"date_precision":"day","date_approx":false,"period_raw":"1758-08-03","work":"Семилетняя война 1756–1763","url":"https://ru.wikipedia.org/wiki/Сражение у Негапатама (1758)","source":"Русская Википедия / Викиданные","source_id":"Q2606313","license":"CC BY-SA 4.0","confidence":"outside_bbox","extra":{"era":"Российская Империя","war_raw":"Семилетняя война"}}},{"type":"Feature","id":"battles:87899033195d","geometry":{"type":"Point","coordinates":[17.2519,49.5954]},"properties":{"uid":"battles:87899033195d","layer":"battles","layer_title":"Сражения и военные события","group":"military","title":"Осада Ольмюца","category":"Семилетняя война 1756–1763","year_from":1758,"year_to":1758,"date_precision":"day","date_approx":false,"period_raw":"1758-01-01","work":"Семилетняя война 1756–1763","url":"https://ru.wikipedia.org/wiki/Осада Ольмюца","source":"Русская Википедия / Викиданные","source_id":"Q508088","license":"CC BY-SA 4.0","confidence":"outside_bbox","extra":{"era":"Российская Империя","war_raw":"Семилетняя война"}}},{"type":"Feature","id":"battles:fcee1235294e","geometry":{"type":"Point","coordinates":[13.290833,53.0625]},"properties":{"uid":"battles:fcee1235294e","layer":"battles","layer_title":"Сражения и военные события","group":"military","title":"Бой у Тармова","category":"Семилетняя война 1756–1763","year_from":1758,"year_to":1758,"date_precision":"day","date_approx":false,"period_raw":"1758-09-26","work":"Семилетняя война 1756–1763","summary":"Бой при Тармове (нем. Tarmow) — бой, произошедший 26 сентября 1758 года на второстепенном военном театре Семилетней войны между небольшим шведским отрядом и кавалерией корпуса прусского генерала Веделя. В немецкой литературе упоминается мимоходом, как незначительное событие — в Швеции зачастую возводится в разряд битвы.","url":"https://ru.wikipedia.org/wiki/Бой у Тармова","source":"Русская Википедия / Викиданные","source_id":"Q1037476","license":"CC BY-SA 4.0","confidence":"outside_bbox","extra":{"era":"Российская Империя","war_raw":"Семилетняя война"}}},{"type":"Feature","id":"battles:25a204761faf","geometry":{"type":"Point","coordinates":[14.57,51.148611]},"properties":{"uid":"battles:25a204761faf","layer":"battles","layer_title":"Сражения и военные события","group":"military","title":"Битва при Хохкирхе","category":"Семилетняя война 1756–1763","year_from":1758,"year_to":1758,"date_precision":"day","date_approx":false,"period_raw":"1758-10-14","work":"Семилетняя война 1756–1763","summary":"Сражение при Хохкирхе (нем. Schlacht von Hochkirch), в традиционной русской передаче Сражение при Гохкирхене — сражение в ходе Семилетней войны у селения Хохкирх, в Саксонии, в 6 км к востоку от Бауцена, состоявшееся 14 октября 1758 года между австрийской армией под началом фельдмаршала Дауна и прусской армией Фридриха II. В этом сражении Фридрих потерпел второе в своей жизни,","url":"https://ru.wikipedia.org/wiki/Битва при Хохкирхе","source":"Русская Википедия / Викиданные","source_id":"Q695925","license":"CC BY-SA 4.0","confidence":"outside_bbox","extra":{"era":"Российская Империя","war_raw":"Семилетняя война"}}},{"type":"Feature","id":"battles:3d385716645f","geometry":{"type":"Point","coordinates":[15.533333,52.1]},"properties":{"uid":"battles:3d385716645f","layer":"battles","layer_title":"Сражения и военные события","group":"military","title":"Сражение при Пальциге","category":"Семилетняя война 1756–1763","year_from":1759,"year_to":1759,"date_precision":"day","date_approx":false,"period_raw":"1759-08-03","work":"Семилетняя война 1756–1763","url":"https://ru.wikipedia.org/wiki/Сражение при Пальциге","source":"Русская Википедия / Викиданные","source_id":"Q473706","license":"CC BY-SA 4.0","confidence":"outside_bbox","extra":{"era":"Российская Империя","war_raw":"Семилетняя война"}}},{"type":"Feature","id":"battles:fad1681d05c6","geometry":{"type":"Point","coordinates":[8.753056,50.155]},"properties":{"uid":"battles:fad1681d05c6","layer":"battles","layer_title":"Сражения и военные события","group":"military","title":"Битва у Бергена (1759)","category":"Семилетняя война 1756–1763","year_from":1759,"year_to":1759,"date_precision":"day","date_approx":false,"period_raw":"1759-04-13","work":"Семилетняя война 1756–1763","summary":"Битва у Бергена (фр. Bataille de Bergen, нем. Schlacht bei Bergen) — сражение Семилетней войны, состоявшееся 13 апреля 1759 года у городка Берген под Франкфуртом-на-Майне (ныне район Франкфурта Берген-Энкхайм), на пути в Ханау, на правом берегу Майна между соединённым корпусом французов и саксонцев под командованием герцога де Брольи и Союзной армией пруссаков и их союзников пр","url":"https://ru.wikipedia.org/wiki/Битва у Бергена (1759)","source":"Русская Википедия / Викиданные","source_id":"Q571694","license":"CC BY-SA 4.0","confidence":"outside_bbox","extra":{"era":"Российская Империя","war_raw":"Семилетняя война"}}},{"type":"Feature","id":"battles:e24804b2474a","geometry":{"type":"Point","coordinates":[-61.7333,16.0]},"properties":{"uid":"battles:e24804b2474a","layer":"battles","layer_title":"Сражения и военные события","group":"military","title":"Вторжение на Гваделупу (1759)","category":"Семилетняя война 1756–1763","year_from":1759,"year_to":1759,"date_precision":"year","date_approx":false,"period_raw":"1759.0","work":"Семилетняя война 1756–1763","summary":"Вторжение на Гваделупу (анг. Invasion of Guadeloupe) — британская военная экспедиция против французского острова Гваделупа с января по май 1759 года в рамках Семилетней войны. Большие британские силы прибыли в Вест-Индию, намереваясь захватить французские владения. После полугодовых попыток захватить Гваделупу они наконец-то добились официальной сдачи острова, всего за нескольк","url":"https://ru.wikipedia.org/wiki/Вторжение на Гваделупу (1759)","source":"Русская Википедия / Викиданные","source_id":"Q3153837","license":"CC BY-SA 4.0","confidence":"outside_bbox","extra":{"era":"Российская Империя","war_raw":"Семилетняя война"}}},{"type":"Feature","id":"battles:8f93f8857418","geometry":{"type":"Point","coordinates":[-71.22,46.801667]},"properties":{"uid":"battles:8f93f8857418","layer":"battles","layer_title":"Сражения и военные события","group":"military","title":"Битва при Квебеке (1759)","category":"Семилетняя война 1756–1763","year_from":1759,"year_to":1759,"date_precision":"day","date_approx":false,"period_raw":"1759-09-13","work":"Семилетняя война 1756–1763","summary":"Битва при Квебеке или битва на полях Авраама, (англ. Battle of the Plains of Abraham,фр. Bataille des Plaines d'Abraham) — решающее сражение, произошедшее на (североамериканском театре Семилетней войны) 13 сентября 1759 года года на плато перед крепостными стенами города Квебек. В этом сражении британская армия под командованием Джеймса Вольфа сумела разбить французскую армию м","url":"https://ru.wikipedia.org/wiki/Битва при Квебеке (1759)","source":"Русская Википедия / Викиданные","source_id":"Q311726","license":"CC BY-SA 4.0","confidence":"outside_bbox","extra":{"era":"Российская Империя","war_raw":"Семилетняя война"}}},{"type":"Feature","id":"battles:d352a69b7d9c","geometry":{"type":"Point","coordinates":[-3.0,47.516667]},"properties":{"uid":"battles:d352a69b7d9c","layer":"battles","layer_title":"Сражения и военные события","group":"military","title":"Битва при Кибероне (1759)","category":"Семилетняя война 1756–1763","year_from":1759,"year_to":1759,"date_precision":"day","date_approx":false,"period_raw":"1759-11-20","work":"Семилетняя война 1756–1763","summary":"Сражение в бухте Киберон (англ. Battle of Quiberon Bay, фр. Bataille des Cardinaux) — морское сражение Семилетней войны между флотами Великобритании и Франции, состоявшееся в бухте Киберон, на побережье Франции в Бискайском заливе 20 ноября 1759 года.","url":"https://ru.wikipedia.org/wiki/Битва при Кибероне (1759)","source":"Русская Википедия / Викиданные","source_id":"Q450318","license":"CC BY-SA 4.0","confidence":"outside_bbox","extra":{"era":"Российская Империя","war_raw":"Семилетняя война"}}},{"type":"Feature","id":"battles:801c9e7fa437","geometry":{"type":"Point","coordinates":[15.5833,54.1833]},"properties":{"uid":"battles:801c9e7fa437","layer":"battles","layer_title":"Сражения и военные события","group":"military","title":"Осада Кольберга","category":"Семилетняя война 1756–1763","year_from":1759,"year_to":1759,"date_precision":"day","date_approx":false,"period_raw":"1759-01-01","work":"Семилетняя война 1756–1763","url":"https://ru.wikipedia.org/wiki/Осада Кольберга","source":"Русская Википедия / Викиданные","source_id":"Q2639377","license":"CC BY-SA 4.0","confidence":"outside_bbox","extra":{"era":"Российская Империя","war_raw":"Семилетняя война"}}},{"type":"Feature","id":"battles:df38ab8819d4","geometry":{"type":"Point","coordinates":[14.612778,52.353056]},"properties":{"uid":"battles:df38ab8819d4","layer":"battles","layer_title":"Сражения и военные события","group":"military","title":"Кунерсдорфское сражение","category":"Семилетняя война 1756–1763","year_from":1759,"year_to":1759,"date_precision":"day","date_approx":false,"period_raw":"1759-08-12","work":"Семилетняя война 1756–1763","url":"https://ru.wikipedia.org/wiki/Кунерсдорфское сражение","source":"Русская Википедия / Викиданные","source_id":"Q170400","license":"CC BY-SA 4.0","confidence":"outside_bbox","extra":{"era":"Российская Империя","war_raw":"Семилетняя война"}}},{"type":"Feature","id":"battles:b6b0a5f43555","geometry":{"type":"Point","coordinates":[13.802778,50.923611]},"properties":{"uid":"battles:b6b0a5f43555","layer":"battles","layer_title":"Сражения и военные события","group":"military","title":"Сражение при Максене","category":"Семилетняя война 1756–1763","year_from":1759,"year_to":1759,"date_precision":"day","date_approx":false,"period_raw":"1759-11-21","work":"Семилетняя война 1756–1763","url":"https://ru.wikipedia.org/wiki/Сражение при Максене","source":"Русская Википедия / Викиданные","source_id":"Q699758","license":"CC BY-SA 4.0","confidence":"outside_bbox","extra":{"era":"Российская Империя","war_raw":"Семилетняя война"}}},{"type":"Feature","id":"battles:b8008f08fed9","geometry":{"type":"Point","coordinates":[-61.0,14.67]},"properties":{"uid":"battles:b8008f08fed9","layer":"battles","layer_title":"Сражения и военные события","group":"military","title":"Вторжение на Мартинику (1759)","category":"Семилетняя война 1756–1763","year_from":1759,"year_to":1759,"date_precision":"year","date_approx":false,"period_raw":"1759.0","work":"Семилетняя война 1756–1763","summary":"Вторжение на Мартинику — попытка британского вторжения в январе 1759 года на французский остров Мартиника в рамках Семилетней войны. Большой десант под командованием Перегрина Хопсона попытался высадиться на острове. Канонада британского флота оказалась неэффективна против крепости Форт-Роял из-за расположения форта на господствующих высотах, а десант не смог найти подходящее","url":"https://ru.wikipedia.org/wiki/Вторжение на Мартинику (1759)","source":"Русская Википедия / Викиданные","source_id":"Q3153838","license":"CC BY-SA 4.0","confidence":"outside_bbox","extra":{"era":"Российская Империя","war_raw":"Семилетняя война"}}},{"type":"Feature","id":"battles:da2fdf03145f","geometry":{"type":"Point","coordinates":[13.4775,51.163612]},"properties":{"uid":"battles:da2fdf03145f","layer":"battles","layer_title":"Сражения и военные события","group":"military","title":"Бой у Мейссена","category":"Семилетняя война 1756–1763","year_from":1759,"year_to":1759,"date_precision":"day","date_approx":false,"period_raw":"1759-12-03","work":"Семилетняя война 1756–1763","summary":"Бой у Мейссена — сражение у Мейссена 4 декабря 1759 года, локальный эпизод Семилетней войны. Небольшой деташемент прусского генерала Дирике (3 батальона пехоты), направленный для охраны переправы через Эльбу, был окружён у Заксендорфа недалеко от Мейссена намного превосходящим его по силам корпусом австрийского генерала Бека, подошедшего из окрестностей Циттау. Ледоход на Эльбе","url":"https://ru.wikipedia.org/wiki/Бой у Мейссена","source":"Русская Википедия / Викиданные","source_id":"Q1075269","license":"CC BY-SA 4.0","confidence":"outside_bbox","extra":{"era":"Российская Империя","war_raw":"Семилетняя война"}}},{"type":"Feature","id":"battles:a7b915ea8511","geometry":{"type":"Point","coordinates":[8.890858,52.327786]},"properties":{"uid":"battles:a7b915ea8511","layer":"battles","layer_title":"Сражения и военные события","group":"military","title":"Сражение у Миндена","category":"Семилетняя война 1756–1763","year_from":1759,"year_to":1759,"date_precision":"day","date_approx":false,"period_raw":"1759-08-01","work":"Семилетняя война 1756–1763","url":"https://ru.wikipedia.org/wiki/Сражение у Миндена","source":"Русская Википедия / Викиданные","source_id":"Q683044","license":"CC BY-SA 4.0","confidence":"outside_bbox","extra":{"era":"Российская Империя","war_raw":"Семилетняя война"}}},{"type":"Feature","id":"battles:44cb9650a7a3","geometry":{"type":"Point","coordinates":[-71.14726,46.89018]},"properties":{"uid":"battles:44cb9650a7a3","layer":"battles","layer_title":"Сражения и военные события","group":"military","title":"Сражение при Монморанси","category":"Семилетняя война 1756–1763","year_from":1759,"year_to":1759,"date_precision":"day","date_approx":false,"period_raw":"1759-07-31","work":"Семилетняя война 1756–1763","url":"https://ru.wikipedia.org/wiki/Сражение при Монморанси","source":"Русская Википедия / Викиданные","source_id":"Q2659387","license":"CC BY-SA 4.0","confidence":"outside_bbox","extra":{"era":"Российская Империя","war_raw":"Семилетняя война"}}},{"type":"Feature","id":"battles:a71a40bead6f","geometry":{"type":"Point","coordinates":[79.833333,11.933333]},"properties":{"uid":"battles:a71a40bead6f","layer":"battles","layer_title":"Сражения и военные события","group":"military","title":"Сражение у Пондишерри","category":"Семилетняя война 1756–1763","year_from":1759,"year_to":1759,"date_precision":"day","date_approx":false,"period_raw":"1759-09-10","work":"Семилетняя война 1756–1763","url":"https://ru.wikipedia.org/wiki/Сражение у Пондишерри","source":"Русская Википедия / Викиданные","source_id":"Q2662144","license":"CC BY-SA 4.0","confidence":"outside_bbox","extra":{"era":"Российская Империя","war_raw":"Семилетняя война"}}},{"type":"Feature","id":"battles:c6045da04438","geometry":{"type":"Point","coordinates":[14.15,51.56]},"properties":{"uid":"battles:c6045da04438","layer":"battles","layer_title":"Сражения и военные события","group":"military","title":"Бой у Хойерсверды","category":"Семилетняя война 1756–1763","year_from":1759,"year_to":1759,"date_precision":"day","date_approx":false,"period_raw":"1759-09-25","work":"Семилетняя война 1756–1763","summary":"Бой у Хойерсверды в Саксонии 25 сентября 1759 года, состоявшийся вскоре после Кунерсдорфского сражения, — локальный эпизод Семилетней войны. При Хойерсверде принц Генрих Прусский окружил и уничтожил 3 тысячный корпус австрийского генерала Вела.","url":"https://ru.wikipedia.org/wiki/Бой у Хойерсверды","source":"Русская Википедия / Викиданные","source_id":"Q688986","license":"CC BY-SA 4.0","confidence":"outside_bbox","extra":{"era":"Российская Империя","war_raw":"Семилетняя война"}}},{"type":"Feature","id":"battles:447423c3637c","geometry":{"type":"Point","coordinates":[-8.666667,37.1]},"properties":{"uid":"battles:447423c3637c","layer":"battles","layer_title":"Сражения и военные события","group":"military","title":"Битва при Лагуше (1759)","category":"Семилетняя война 1756–1763","year_from":1759,"year_to":1759,"date_precision":"day","date_approx":false,"period_raw":"1759-08-19","work":"Семилетняя война 1756–1763","summary":"Битва при Лагуше (англ. Battle of Lagos) — морское сражение Семилетней войны между флотами Великобритании и Франции, состоявшееся у португальского порта Лагуш к западу от Кадисского залива 18-19 августа 1759 года. Завершилось победой английской эскадры сэра Эдварда Боскауэна над эскадрой адмирала Жана-Франсуа де Сорбана, графа де ла Клю, которая потеряла 2 линейных корабля унич","url":"https://ru.wikipedia.org/wiki/Битва при Лагуше (1759)","source":"Русская Википедия / Викиданные","source_id":"Q464226","license":"CC BY-SA 4.0","confidence":"outside_bbox","extra":{"era":"Российская Империя","war_raw":"Семилетняя война"}}},{"type":"Feature","id":"battles:e94d65b96a39","geometry":{"type":"Point","coordinates":[13.4081,52.5186]},"properties":{"uid":"battles:e94d65b96a39","layer":"battles","layer_title":"Сражения и военные события","group":"military","title":"Рейд на Берлин (1760)","category":"Семилетняя война 1756–1763","year_from":1760,"year_to":1760,"date_precision":"day","date_approx":false,"period_raw":"1760-10-01","work":"Семилетняя война 1756–1763","url":"https://ru.wikipedia.org/wiki/Рейд на Берлин (1760)","source":"Русская Википедия / Викиданные","source_id":"Q167143","license":"CC BY-SA 4.0","confidence":"outside_bbox","extra":{"era":"Российская Империя","war_raw":"Семилетняя война"}}},{"type":"Feature","id":"battles:c8572ed21d83","geometry":{"type":"Point","coordinates":[79.62,12.5]},"properties":{"uid":"battles:c8572ed21d83","layer":"battles","layer_title":"Сражения и военные события","group":"military","title":"Битва при Вандиваше","category":"Семилетняя война 1756–1763","year_from":1760,"year_to":1760,"date_precision":"day","date_approx":false,"period_raw":"1760-01-22","work":"Семилетняя война 1756–1763","summary":"Битва при Вандиваше (фр. Bataille de Wandiwash) — решающее сражение в Тамилнаде во время Семилетней войны. Французская армия графа де Лалли, оставшаяся без военно-морской поддержки и поставок, пыталась вернуть себе форт в Вандиваше (в настоящее время в штате Тамилнад).","url":"https://ru.wikipedia.org/wiki/Битва при Вандиваше","source":"Русская Википедия / Викиданные","source_id":"Q658845","license":"CC BY-SA 4.0","confidence":"outside_bbox","extra":{"era":"Российская Империя","war_raw":"Семилетняя война"}}},{"type":"Feature","id":"battles:e7f7bc94773e","geometry":{"type":"Point","coordinates":[9.128953,51.497361]},"properties":{"uid":"battles:e7f7bc94773e","layer":"battles","layer_title":"Сражения и военные события","group":"military","title":"Сражение при Варбурге","category":"Семилетняя война 1756–1763","year_from":1760,"year_to":1760,"date_precision":"day","date_approx":false,"period_raw":"1760-07-31","work":"Семилетняя война 1756–1763","url":"https://ru.wikipedia.org/wiki/Сражение при Варбурге","source":"Русская Википедия / Викиданные","source_id":"Q506909","license":"CC BY-SA 4.0","confidence":"outside_bbox","extra":{"era":"Российская Империя","war_raw":"Семилетняя война"}}},{"type":"Feature","id":"battles:03361efda279","geometry":{"type":"Point","coordinates":[6.516111,51.502222]},"properties":{"uid":"battles:03361efda279","layer":"battles","layer_title":"Сражения и военные события","group":"military","title":"Сражение при Клостеркампене","category":"Семилетняя война 1756–1763","year_from":1760,"year_to":1760,"date_precision":"day","date_approx":false,"period_raw":"1760-10-15","work":"Семилетняя война 1756–1763","url":"https://ru.wikipedia.org/wiki/Сражение при Клостеркампене","source":"Русская Википедия / Викиданные","source_id":"Q573963","license":"CC BY-SA 4.0","confidence":"outside_bbox","extra":{"era":"Российская Империя","war_raw":"Семилетняя война"}}},{"type":"Feature","id":"battles:a4434e54eba0","geometry":{"type":"Point","coordinates":[16.033333,50.783333]},"properties":{"uid":"battles:a4434e54eba0","layer":"battles","layer_title":"Сражения и военные события","group":"military","title":"Сражение при Ландесхуте","category":"Семилетняя война 1756–1763","year_from":1760,"year_to":1760,"date_precision":"day","date_approx":false,"period_raw":"1760-06-23","work":"Семилетняя война 1756–1763","url":"https://ru.wikipedia.org/wiki/Сражение при Ландесхуте","source":"Русская Википедия / Викиданные","source_id":"Q697913","license":"CC BY-SA 4.0","confidence":"outside_bbox","extra":{"era":"Российская Империя","war_raw":"Семилетняя война"}}},{"type":"Feature","id":"battles:f599e54afcde","geometry":{"type":"Point","coordinates":[16.166667,51.216667]},"properties":{"uid":"battles:f599e54afcde","layer":"battles","layer_title":"Сражения и военные события","group":"military","title":"Сражение при Лигнице (1760)","category":"Семилетняя война 1756–1763","year_from":1760,"year_to":1760,"date_precision":"day","date_approx":false,"period_raw":"1760-08-15","work":"Семилетняя война 1756–1763","url":"https://ru.wikipedia.org/wiki/Сражение при Лигнице (1760)","source":"Русская Википедия / Викиданные","source_id":"Q701139","license":"CC BY-SA 4.0","confidence":"outside_bbox","extra":{"era":"Российская Империя","war_raw":"Семилетняя война"}}},{"type":"Feature","id":"battles:4f9d820cd53b","geometry":{"type":"Point","coordinates":[12.9146,51.5733]},"properties":{"uid":"battles:4f9d820cd53b","layer":"battles","layer_title":"Сражения и военные события","group":"military","title":"Сражение при Торгау","category":"Семилетняя война 1756–1763","year_from":1760,"year_to":1760,"date_precision":"day","date_approx":false,"period_raw":"1760-11-03","work":"Семилетняя война 1756–1763","url":"https://ru.wikipedia.org/wiki/Сражение при Торгау","source":"Русская Википедия / Викиданные","source_id":"Q688802","license":"CC BY-SA 4.0","confidence":"outside_bbox","extra":{"era":"Российская Империя","war_raw":"Семилетняя война"}}},{"type":"Feature","id":"battles:1df3d702a7ea","geometry":{"type":"Point","coordinates":[8.916667,50.816667]},"properties":{"uid":"battles:1df3d702a7ea","layer":"battles","layer_title":"Сражения и военные события","group":"military","title":"Бой при Эмсдорфе","category":"Семилетняя война 1756–1763","year_from":1760,"year_to":1760,"date_precision":"day","date_approx":false,"period_raw":"1760-07-14","work":"Семилетняя война 1756–1763","summary":"Бой при Эмсдорфе (нем. Gefecht bei Emsdorf) — сражение Семилетней войны, во время которого 16 июля 1760 года неподалёку от Марбурга силами союзной армии под командованием наследного принца Брауншвейгского был почти полностью уничтожен французский отряд барона Глаубица.","url":"https://ru.wikipedia.org/wiki/Бой при Эмсдорфе","source":"Русская Википедия / Викиданные","source_id":"Q561824","license":"CC BY-SA 4.0","confidence":"outside_bbox","extra":{"era":"Российская Империя","war_raw":"Семилетняя война"}}},{"type":"Feature","id":"battles:943b1cffef88","geometry":{"type":"Point","coordinates":[8.95,50.6]},"properties":{"uid":"battles:943b1cffef88","layer":"battles","layer_title":"Сражения и военные события","group":"military","title":"Сражение при Грюнберге","category":"Семилетняя война 1756–1763","year_from":1761,"year_to":1761,"date_precision":"day","date_approx":false,"period_raw":"1761-03-21","work":"Семилетняя война 1756–1763","url":"https://ru.wikipedia.org/wiki/Сражение при Грюнберге","source":"Русская Википедия / Викиданные","source_id":"Q2888705","license":"CC BY-SA 4.0","confidence":"outside_bbox","extra":{"era":"Российская Империя","war_raw":"Семилетняя война"}}},{"type":"Feature","id":"battles:328292643a47","geometry":{"type":"Point","coordinates":[-61.383,15.3]},"properties":{"uid":"battles:328292643a47","layer":"battles","layer_title":"Сражения и военные события","group":"military","title":"Вторжение на Доминику (1761)","category":"Семилетняя война 1756–1763","year_from":1761,"year_to":1761,"date_precision":"day","date_approx":false,"period_raw":"1761-06-01","work":"Семилетняя война 1756–1763","summary":"Вторжение на Доминику (анг. Invasion of Dominica) — британская военная экспедиция против французского острова Доминика в июне 1761 года во время Семилетней войны.","url":"https://ru.wikipedia.org/wiki/Вторжение на Доминику (1761)","source":"Русская Википедия / Викиданные","source_id":"Q74009","license":"CC BY-SA 4.0","confidence":"outside_bbox","extra":{"era":"Российская Империя","war_raw":"Семилетняя война"}}},{"type":"Feature","id":"battles:fed721ea7f59","geometry":{"type":"Point","coordinates":[9.49778,51.3197]},"properties":{"uid":"battles:fed721ea7f59","layer":"battles","layer_title":"Сражения и военные события","group":"military","title":"Осада Касселя","category":"Семилетняя война 1756–1763","year_from":1761,"year_to":1761,"date_precision":"day","date_approx":false,"period_raw":"1761-03-01","work":"Семилетняя война 1756–1763","url":"https://ru.wikipedia.org/wiki/Осада Касселя","source":"Русская Википедия / Викиданные","source_id":"Q3485856","license":"CC BY-SA 4.0","confidence":"outside_bbox","extra":{"era":"Российская Империя","war_raw":"Семилетняя война"}}},{"type":"Feature","id":"battles:d1e7408cbfaa","geometry":{"type":"Point","coordinates":[10.6468,51.108]},"properties":{"uid":"battles:d1e7408cbfaa","layer":"battles","layer_title":"Сражения и военные события","group":"military","title":"Сражение при Лангензальце (1761)","category":"Семилетняя война 1756–1763","year_from":1761,"year_to":1761,"date_precision":"day","date_approx":false,"period_raw":"1761-02-15","work":"Семилетняя война 1756–1763","url":"https://ru.wikipedia.org/wiki/Сражение при Лангензальце (1761)","source":"Русская Википедия / Викиданные","source_id":"Q74119","license":"CC BY-SA 4.0","confidence":"outside_bbox","extra":{"era":"Российская Империя","war_raw":"Семилетняя война"}}},{"type":"Feature","id":"battles:4baed3440a2b","geometry":{"type":"Point","coordinates":[16.466111,50.793056]},"properties":{"uid":"battles:4baed3440a2b","layer":"battles","layer_title":"Сражения и военные события","group":"military","title":"Сражение при Буркерсдорфе","category":"Семилетняя война 1756–1763","year_from":1762,"year_to":1762,"date_precision":"day","date_approx":false,"period_raw":"1762-07-21","work":"Семилетняя война 1756–1763","url":"https://ru.wikipedia.org/wiki/Сражение при Буркерсдорфе","source":"Русская Википедия / Викиданные","source_id":"Q697982","license":"CC BY-SA 4.0","confidence":"outside_bbox","extra":{"era":"Российская Империя","war_raw":"Семилетняя война"}}},{"type":"Feature","id":"battles:7b1fccc85687","geometry":{"type":"Point","coordinates":[-7.23333,39.4167]},"properties":{"uid":"battles:7b1fccc85687","layer":"battles","layer_title":"Сражения и военные события","group":"military","title":"Битва за Валенсия-де-Алькантара","category":"Семилетняя война 1756–1763","year_from":1762,"year_to":1762,"date_precision":"day","date_approx":false,"period_raw":"1762-08-27","work":"Семилетняя война 1756–1763","summary":"Битва за Вале́нсия-де-Алька́нтара — сражение в августе 1762 года в рамках Англо-испанской войны 1761—1763 годов между британскими и португальскими войсками под общим командованием Джона Бергойна с одной стороны и испанскими войсками с другой. В результате сражения 27 августа союзные войска захватили город Валенсия-де-Алькантара, что обезопасило Португалию от испанского вторжени","url":"https://ru.wikipedia.org/wiki/Битва за Валенсия-де-Алькантара","source":"Русская Википедия / Викиданные","source_id":"Q2890281","license":"CC BY-SA 4.0","confidence":"outside_bbox","extra":{"era":"Российская Империя","war_raw":"Семилетняя война"}}},{"type":"Feature","id":"battles:f633ecb90cb0","geometry":{"type":"Point","coordinates":[-7.67,39.65]},"properties":{"uid":"battles:f633ecb90cb0","layer":"battles","layer_title":"Сражения и военные события","group":"military","title":"Сражение у Вила-Велья","category":"Семилетняя война 1756–1763","year_from":1762,"year_to":1762,"date_precision":"day","date_approx":false,"period_raw":"1762-10-05","work":"Семилетняя война 1756–1763","url":"https://ru.wikipedia.org/wiki/Сражение у Вила-Велья","source":"Русская Википедия / Викиданные","source_id":"Q335174","license":"CC BY-SA 4.0","confidence":"outside_bbox","extra":{"era":"Российская Империя","war_raw":"Семилетняя война"}}},{"type":"Feature","id":"battles:94ac8ad920c7","geometry":{"type":"Point","coordinates":[9.4,51.416667]},"properties":{"uid":"battles:94ac8ad920c7","layer":"battles","layer_title":"Сражения и военные события","group":"military","title":"Сражение при Вильгельмстале","category":"Семилетняя война 1756–1763","year_from":1762,"year_to":1762,"date_precision":"day","date_approx":false,"period_raw":"1762-06-24","work":"Семилетняя война 1756–1763","url":"https://ru.wikipedia.org/wiki/Сражение при Вильгельмстале","source":"Русская Википедия / Викиданные","source_id":"Q644004","license":"CC BY-SA 4.0","confidence":"outside_bbox","extra":{"era":"Российская Империя","war_raw":"Семилетняя война"}}},{"type":"Feature","id":"battles:18a0516484c3","geometry":{"type":"Point","coordinates":[9.599722,51.35]},"properties":{"uid":"battles:18a0516484c3","layer":"battles","layer_title":"Сражения и военные события","group":"military","title":"Бой у Лутерберга (1762)","category":"Семилетняя война 1756–1763","year_from":1762,"year_to":1762,"date_precision":"day","date_approx":false,"period_raw":"1762-07-23","work":"Семилетняя война 1756–1763","summary":"Бой у Лутерберга (англ. Combat of Lutterberg) — сражение завершающего года Семилетней войны у деревни Лутерберг (в Нижней Саксонии, на границе с Гессеном) состоявшееся 23 июля 1762 года, в котором отряд Союзной армии (Пруссия, Англия, Ганновер, Гессен, их союзники) в составе 22 батальонов пехоты и 22 эскадронов кавалерии смог нанести поражение корпусу принца Ксавера Саксонского","url":"https://ru.wikipedia.org/wiki/Бой у Лутерберга (1762)","source":"Русская Википедия / Викиданные","source_id":"Q2444672","license":"CC BY-SA 4.0","confidence":"outside_bbox","extra":{"era":"Российская Империя","war_raw":"Семилетняя война"}}},{"type":"Feature","id":"battles:ac6410ab8a69","geometry":{"type":"Point","coordinates":[-84.401111,11.017778]},"properties":{"uid":"battles:ac6410ab8a69","layer":"battles","layer_title":"Сражения и военные события","group":"military","title":"Битва на реке Сан-Хуан-де-Никарагуа","category":"Семилетняя война 1756–1763","year_from":1762,"year_to":1762,"date_precision":"year","date_approx":false,"period_raw":"1762.0","work":"Семилетняя война 1756–1763","summary":"Битва на реке Сан-Хуан-де-Никарагуа — сражение в июле-августе 1762 года в рамках Англо-испанской войны 1761—1763 годов между британскими и испанскими войсками. Битва произошла в ходе экспедиции, направленной британским губернатором и командующим войсками Ямайки Уильямом Литтлтоном в Никарагуа с целью захвата города Гранада.","url":"https://ru.wikipedia.org/wiki/Битва на реке Сан-Хуан-де-Никарагуа","source":"Русская Википедия / Викиданные","source_id":"Q4870194","license":"CC BY-SA 4.0","confidence":"outside_bbox","extra":{"era":"Российская Империя","war_raw":"Семилетняя война"}}},{"type":"Feature","id":"battles:5366df8c9e24","geometry":{"type":"Point","coordinates":[-52.681944,47.569722]},"properties":{"uid":"battles:5366df8c9e24","layer":"battles","layer_title":"Сражения и военные события","group":"military","title":"Битва при Сигнал-Хилле","category":"Семилетняя война 1756–1763","year_from":1762,"year_to":1762,"date_precision":"day","date_approx":false,"period_raw":"1762-09-15","work":"Семилетняя война 1756–1763","summary":"Битва при Сигнал-Хилл (англ. Battle of Signal Hill) — состоялась 12 сентября 1762 года и была завершающим сражением Семилетней войны на Северо-американском театре военных действий.","url":"https://ru.wikipedia.org/wiki/Битва при Сигнал-Хилле","source":"Русская Википедия / Викиданные","source_id":"Q251184","license":"CC BY-SA 4.0","confidence":"outside_bbox","extra":{"era":"Российская Империя","war_raw":"Семилетняя война"}}},{"type":"Feature","id":"battles:8c337abee350","geometry":{"type":"Point","coordinates":[13.342778,50.911945]},"properties":{"uid":"battles:8c337abee350","layer":"battles","layer_title":"Сражения и военные события","group":"military","title":"Сражение при Фрайберге","category":"Семилетняя война 1756–1763","year_from":1762,"year_to":1762,"date_precision":"day","date_approx":false,"period_raw":"1762-10-29","work":"Семилетняя война 1756–1763","url":"https://ru.wikipedia.org/wiki/Сражение при Фрайберге","source":"Русская Википедия / Викиданные","source_id":"Q677892","license":"CC BY-SA 4.0","confidence":"outside_bbox","extra":{"era":"Российская Империя","war_raw":"Семилетняя война"}}},{"type":"Feature","id":"battles:7678af13a1e3","geometry":{"type":"Point","coordinates":[12.783333,53.816667]},"properties":{"uid":"battles:7678af13a1e3","layer":"battles","layer_title":"Сражения и военные события","group":"military","title":"Бой при Нойкалене","category":"Семилетняя война 1756–1763","year_from":1762,"year_to":1762,"date_precision":"day","date_approx":false,"period_raw":"1762-01-02","work":"Семилетняя война 1756–1763","summary":"Бой при Нойкалене (швед. Slaget vid Neukalden) — последнее боевое столкновение шведских и прусских войск во время Семилетней войны, произошедшее 2 января 1762 года возле Нойкалена. Шведским войскам под командованием Карла Константина де Карналла удалось наголову разбить прусский отряд, который расположился лагерем на холме возле города Мальхин.","url":"https://ru.wikipedia.org/wiki/Бой при Нойкалене","source":"Русская Википедия / Викиданные","source_id":"Q2943339","license":"CC BY-SA 4.0","confidence":"outside_bbox","extra":{"era":"Российская Империя","war_raw":"Семилетняя война"}}},{"type":"Feature","id":"battles:93d2ba76f486","geometry":{"type":"Point","coordinates":[30.341111,46.193917]},"properties":{"uid":"battles:93d2ba76f486","layer":"battles","layer_title":"Сражения и военные события","group":"military","title":"Осада Аккермана","category":"Русско-турецкая война 1768–1774","year_from":1768,"year_to":1768,"date_precision":"year","date_approx":false,"period_raw":"1768.0","work":"Русско-турецкая война 1768–1774","summary":"Осада Аккермана — одно из сражений русско-турецкой войны 1768—1774 годов, произошедшее в сентябре 1770 года во время кампании русской армии в Приднестровье.","url":"https://ru.wikipedia.org/wiki/Осада Аккермана","source":"Русская Википедия / Викиданные","source_id":"Q124729135","license":"CC BY-SA 4.0","confidence":"place_level","extra":{"era":"Российская Империя","war_raw":"Русско-турецкая война 1768–1774"}}},{"type":"Feature","id":"battles:5c529df4eedd","geometry":{"type":"Point","coordinates":[29.483333,46.833333]},"properties":{"uid":"battles:5c529df4eedd","layer":"battles","layer_title":"Сражения и военные события","group":"military","title":"Осада Бендер (1770)","category":"Русско-турецкая война 1768–1774","year_from":1768,"year_to":1768,"date_precision":"year","date_approx":false,"period_raw":"1768.0","work":"Русско-турецкая война 1768–1774","summary":"Осада Бендер — сражение русско-турецкой войны 1768—1774 годов. 2-я русская армия во главе с графом Петром Ивановичем Паниным взяла турецкую крепость Бендеры, расположенную в Бессарабии.","url":"https://ru.wikipedia.org/wiki/Осада Бендер (1770)","source":"Русская Википедия / Викиданные","source_id":"Q48940579","license":"CC BY-SA 4.0","confidence":"ok","extra":{"era":"Российская Империя","war_raw":"Русско-турецкая война 1768–1774"}}},{"type":"Feature","id":"battles:2107f1f867d1","geometry":{"type":"Point","coordinates":[23.208056,51.913056]},"properties":{"uid":"battles:2107f1f867d1","layer":"battles","layer_title":"Сражения и военные события","group":"military","title":"Бой при Влодаве","category":"Российская Империя","year_from":1769,"year_to":1769,"date_precision":"year","date_approx":false,"period_raw":"1769.0","summary":"Бой при Вло́даве или Битва под Ло́мжами (польск. Bitwa pod Łomazami) — бой, произошедший 3 (14) сентября 1769 года при местечке Ломжи (пол. Łomazy), в котором Каргопольский карабинерный полк русской армии под командованием полковника Карла фон Рённе разгромил колонну барских конфедератов Казимира Пулавского.","url":"https://ru.wikipedia.org/wiki/Бой при Влодаве","source":"Русская Википедия / Викиданные","source_id":"Q3545939","license":"CC BY-SA 4.0","confidence":"ok","extra":{"era":"Российская Империя","war_raw":null}}},{"type":"Feature","id":"battles:174637f5b0cf","geometry":{"type":"Point","coordinates":[32.253889,48.498056]},"properties":{"uid":"battles:174637f5b0cf","layer":"battles","layer_title":"Сражения и военные события","group":"military","title":"Осада Крепости Святой Елисаветы","category":"Русско-турецкая война 1768–1774","year_from":1769,"year_to":1769,"date_precision":"day","date_approx":false,"period_raw":"1769-01-07","work":"Русско-турецкая война 1768–1774","summary":"Осада Крепости Святой Елисаветы — первый этап русско-турецкой войны 1768—1774 годов Это был единственный раз когда Крепость Святой Елисаветы построенная для обороны этих земель от татар и турок брала участие в боевых действиях . 4 января 1769 года турецко-татарская армия ао главе с крымским ханом Кырым Гераем перешла границу возле Орловского шанца , двинулась в сторону Елисаветградской провинции с","url":"https://ru.wikipedia.org/wiki/Осада Крепости Святой Елисаветы","source":"Русская Википедия / Викиданные","source_id":"Q127868401","license":"CC BY-SA 4.0","confidence":"ok","extra":{"era":"Российская Империя","war_raw":"Русско-турецкая война 1768–1774"}}},{"type":"Feature","id":"battles:e77cbc841c5c","geometry":{"type":"Point","coordinates":[18.615361,51.916233]},"properties":{"uid":"battles:e77cbc841c5c","layer":"battles","layer_title":"Сражения и военные события","group":"military","title":"Бой при Добре (1770)","category":"Российская Империя","year_from":1770,"year_to":1770,"date_precision":"year","date_approx":false,"period_raw":"1770.0","summary":"Бой при До́бре (польск. Bitwa pod Dobrą) — бой, произошедший 12 (23) января 1770 года, в котором отряд русской армии под руководством Карла фон Рённе и Ивана Древица разгромил колонну барских конфедератов под командованием Адама Шанявского.","url":"https://ru.wikipedia.org/wiki/Бой при Добре (1770)","source":"Русская Википедия / Викиданные","source_id":"Q9172921","license":"CC BY-SA 4.0","confidence":"ok","extra":{"era":"Российская Империя","war_raw":null}}},{"type":"Feature","id":"battles:d7f6d26c463d","geometry":{"type":"Point","coordinates":[28.183333,45.916667]},"properties":{"uid":"battles:d7f6d26c463d","layer":"battles","layer_title":"Сражения и военные события","group":"military","title":"Сражение при Кагуле","category":"Русско-турецкая война 1768–1774","year_from":1770,"year_to":1770,"date_precision":"day","date_approx":false,"period_raw":"1770-08-01","work":"Русско-турецкая война 1768–1774","url":"https://ru.wikipedia.org/wiki/Сражение при Кагуле","source":"Русская Википедия / Викиданные","source_id":"Q700218","license":"CC BY-SA 4.0","confidence":"ok","extra":{"era":"Российская Империя","war_raw":"Русско-турецкая война 1768–1774"}}},{"type":"Feature","id":"battles:2d5d608facef","geometry":{"type":"Point","coordinates":[29.245777,46.654016]},"properties":{"uid":"battles:2d5d608facef","layer":"battles","layer_title":"Сражения и военные события","group":"military","title":"Битва при Ларге","category":"Русско-турецкая война 1768–1774","year_from":1770,"year_to":1770,"date_precision":"day","date_approx":false,"period_raw":"1770-07-07","work":"Русско-турецкая война 1768–1774","summary":"Битва при Ларге — сражение русско-турецкой войны 1768—1774 годов у реки Ларги, левого притока Прута.","url":"https://ru.wikipedia.org/wiki/Битва при Ларге","source":"Русская Википедия / Викиданные","source_id":"Q2456110","license":"CC BY-SA 4.0","confidence":"ok","extra":{"era":"Российская Империя","war_raw":"Русско-турецкая война 1768–1774"}}},{"type":"Feature","id":"battles:9799081f7f97","geometry":{"type":"Point","coordinates":[26.2,38.3333]},"properties":{"uid":"battles:9799081f7f97","layer":"battles","layer_title":"Сражения и военные события","group":"military","title":"Хиосское сражение","category":"Русско-турецкая война 1768–1774","year_from":1770,"year_to":1770,"date_precision":"day","date_approx":false,"period_raw":"1770-07-05","work":"Русско-турецкая война 1768–1774","url":"https://ru.wikipedia.org/wiki/Хиосское сражение","source":"Русская Википедия / Викиданные","source_id":"Q4497840","license":"CC BY-SA 4.0","confidence":"place_level","extra":{"era":"Российская Империя","war_raw":"Русско-турецкая война 1768–1774"}}},{"type":"Feature","id":"battles:2c8415f47cf5","geometry":{"type":"Point","coordinates":[26.29,38.33]},"properties":{"uid":"battles:2c8415f47cf5","layer":"battles","layer_title":"Сражения и военные события","group":"military","title":"Чесменское сражение","category":"Русско-турецкая война 1768–1774","year_from":1770,"year_to":1770,"date_precision":"day","date_approx":false,"period_raw":"1770-07-07","work":"Русско-турецкая война 1768–1774","url":"https://ru.wikipedia.org/wiki/Чесменское сражение","source":"Русская Википедия / Викиданные","source_id":"Q1620408","license":"CC BY-SA 4.0","confidence":"ok","extra":{"era":"Российская Империя","war_raw":"Русско-турецкая война 1768–1774"}}},{"type":"Feature","id":"battles:9dc2027d2977","geometry":{"type":"Point","coordinates":[19.802153,50.019397]},"properties":{"uid":"battles:9dc2027d2977","layer":"battles","layer_title":"Сражения и военные события","group":"military","title":"Бой при монастыре Тынец (1771)","category":"Российская Империя","year_from":1771,"year_to":1771,"date_precision":"year","date_approx":false,"period_raw":"1771.0","summary":"Бой при монастыре Тынец (пол. Tyniec) — одно из сражений во время борьбы России против Барской конфедерации. Отряд русских войск под командованием А. В. Суворова, попытавшийся захватить укрепления вокруг монастыря, был отбит оборонявшими их конфедератами. Весной 1771 года отряды конфедератов, сосредоточившись в городках староства Ланцкорона, предпринимали все более смелые дейст","url":"https://ru.wikipedia.org/wiki/Бой при монастыре Тынец (1771)","source":"Русская Википедия / Викиданные","source_id":"Q123440090","license":"CC BY-SA 4.0","confidence":"ok","extra":{"era":"Российская Империя","war_raw":null}}},{"type":"Feature","id":"battles:7b653cdb18ec","geometry":{"type":"Point","coordinates":[26.097778,44.413361]},"properties":{"uid":"battles:7b653cdb18ec","layer":"battles","layer_title":"Сражения и военные события","group":"military","title":"Сражение при Бухаресте (1771)","category":"Русско-турецкая война 1768–1774","year_from":1771,"year_to":1771,"date_precision":"day","date_approx":false,"period_raw":"1771-10-20","work":"Русско-турецкая война 1768–1774","url":"https://ru.wikipedia.org/wiki/Сражение при Бухаресте (1771)","source":"Русская Википедия / Викиданные","source_id":"Q124966534","license":"CC BY-SA 4.0","confidence":"place_level","extra":{"era":"Российская Империя","war_raw":"Русско-турецкая война 1768–1774"}}},{"type":"Feature","id":"battles:43c98bbad7bf","geometry":{"type":"Point","coordinates":[35.513056,33.886944]},"properties":{"uid":"battles:43c98bbad7bf","layer":"battles","layer_title":"Сражения и военные события","group":"military","title":"Осады Бейрута (1772—1773)","category":"Русско-турецкая война 1768–1774","year_from":1772,"year_to":1772,"date_precision":"day","date_approx":false,"period_raw":"1772-06-18","work":"Русско-турецкая война 1768–1774","summary":"Бейрут — во второй половине XVIII века главный город сирийского вилайета Османской империи — в Русско-турецкую войну 1768—1774 годов дважды становился местом боевых действий Российского военно-морского флота во время Первой Архипелагской экспедиции.","url":"https://ru.wikipedia.org/wiki/Осады Бейрута (1772—1773)","source":"Русская Википедия / Викиданные","source_id":"Q53791833","license":"CC BY-SA 4.0","confidence":"outside_bbox","extra":{"era":"Российская Империя","war_raw":"Русско-турецкая война 1768–1774"}}},{"type":"Feature","id":"battles:64ee528381d1","geometry":{"type":"Point","coordinates":[21.608611,38.258611]},"properties":{"uid":"battles:64ee528381d1","layer":"battles","layer_title":"Сражения и военные события","group":"military","title":"Патрасское сражение","category":"Русско-турецкая война 1768–1774","year_from":1772,"year_to":1772,"date_precision":"day","date_approx":false,"period_raw":"1772-11-09","work":"Русско-турецкая война 1768–1774","url":"https://ru.wikipedia.org/wiki/Патрасское сражение","source":"Русская Википедия / Викиданные","source_id":"Q2040773","license":"CC BY-SA 4.0","confidence":"place_level","extra":{"era":"Российская Империя","war_raw":"Русско-турецкая война 1768–1774"}}},{"type":"Feature","id":"battles:375cf7ecc1ea","geometry":{"type":"Point","coordinates":[27.265381,44.109238]},"properties":{"uid":"battles:375cf7ecc1ea","layer":"battles","layer_title":"Сражения и военные события","group":"military","title":"Осада Силистрии (июнь 1773)","category":"Русско-турецкая война 1768–1774","year_from":1773,"year_to":1773,"date_precision":"day","date_approx":false,"period_raw":"1773-01-01","work":"Русско-турецкая война 1768–1774","url":"https://ru.wikipedia.org/wiki/Осада Силистрии (июнь 1773)","source":"Русская Википедия / Викиданные","source_id":"Q131303457","license":"CC BY-SA 4.0","confidence":"place_level","extra":{"era":"Российская Империя","war_raw":"Русско-турецкая война 1768–1774"}}},{"type":"Feature","id":"battles:8f17d549241d","geometry":{"type":"Point","coordinates":[34.26,43.41]},"properties":{"uid":"battles:8f17d549241d","layer":"battles","layer_title":"Сражения и военные события","group":"military","title":"Морское сражение под Керчью (1774)","category":"Русско-турецкая война 1768–1774","year_from":1774,"year_to":1774,"date_precision":"day","date_approx":false,"period_raw":"1774-01-01","work":"Русско-турецкая война 1768–1774","summary":"Морское сражение под Керчью — двойное сражение между русским и турецким флотами состоявшееся южнее Керчи 9 (20) июня и 28 июня (9 июля) 1774 год, во время русско—турецкой войны 1768—74 годов.","url":"https://ru.wikipedia.org/wiki/Морское сражение под Керчью (1774)","source":"Русская Википедия / Викиданные","source_id":"Q4303326","license":"CC BY-SA 4.0","confidence":"place_level","extra":{"era":"Российская Империя","war_raw":"Русско-турецкая война 1768–1774"}}},{"type":"Feature","id":"battles:37b5f19ff0dd","geometry":{"type":"Point","coordinates":[27.592753,43.329417]},"properties":{"uid":"battles:37b5f19ff0dd","layer":"battles","layer_title":"Сражения и военные события","group":"military","title":"Сражение при Козлудже","category":"Русско-турецкая война 1768–1774","year_from":1774,"year_to":1774,"date_precision":"day","date_approx":false,"period_raw":"1774-06-09","work":"Русско-турецкая война 1768–1774","url":"https://ru.wikipedia.org/wiki/Сражение при Козлудже","source":"Русская Википедия / Викиданные","source_id":"Q1985387","license":"CC BY-SA 4.0","confidence":"ok","extra":{"era":"Российская Империя","war_raw":"Русско-турецкая война 1768–1774"}}},{"type":"Feature","id":"battles:29a78046c902","geometry":{"type":"Point","coordinates":[43.771667,42.053611]},"properties":{"uid":"battles:29a78046c902","layer":"battles","layer_title":"Сражения и военные события","group":"military","title":"Битва при Мохиси (1785)","category":"Georgian–Ottoman conflicts","year_from":1785,"year_to":1785,"date_precision":"day","date_approx":false,"period_raw":"1785-04-16","work":"Georgian–Ottoman conflicts","summary":"Битва при Мохиси (груз. მოხისის ბრძოლა) — сражение, произошедшее 16 апреля 1785 года у села Мохиси на левом берегу Куры (в семи верстах от Сурами) между русским отрядом майора Сенненберга и вторгшимися войсками османов и лезгин. Закончилось полной победой русских войск.","url":"https://ru.wikipedia.org/wiki/Битва при Мохиси (1785)","source":"Русская Википедия / Викиданные","source_id":"Q61137913","license":"CC BY-SA 4.0","confidence":"place_level","extra":{"era":"Российская Империя","war_raw":"Georgian–Ottoman conflicts"}}},{"type":"Feature","id":"battles:7ced457cd595","geometry":{"type":"Point","coordinates":[31.559722,46.571944]},"properties":{"uid":"battles:7ced457cd595","layer":"battles","layer_title":"Сражения и военные события","group":"military","title":"Кинбурнская баталия","category":"Русско-турецкая война 1787–1791","year_from":1787,"year_to":1787,"date_precision":"day","date_approx":false,"period_raw":"1787-10-12","work":"Русско-турецкая война 1787–1791","summary":"Кинбурнская баталия — одно из сражений русско-турецкой войны 1787—1791 годов, когда русские войска под командованием генерал-аншефа А. В. Суворова разбили 1 (12) октября 1787 года турецкий десант на Кинбурнской косе, который пытался овладеть укреплениями Кинбурна. Победа при Кинбурне стала первой крупной победой русских войск в русско-турецкой войне 1787—1791 годов. Она фактически завершила кампан","url":"https://ru.wikipedia.org/wiki/Кинбурнская баталия","source":"Русская Википедия / Викиданные","source_id":"Q2914954","license":"CC BY-SA 4.0","confidence":"ok","extra":{"era":"Российская Империя","war_raw":"Русско-турецкая война 1787–1791"}}},{"type":"Feature","id":"battles:6e657095fe5f","geometry":{"type":"Point","coordinates":[26.941,60.114]},"properties":{"uid":"battles:6e657095fe5f","layer":"battles","layer_title":"Сражения и военные события","group":"military","title":"Гогландское сражение","category":"Русско-шведские войны","year_from":1788,"year_to":1788,"date_precision":"day","date_approx":false,"period_raw":"1788-07-17","work":"Русско-шведские войны","summary":"Гогландское сражение (швед. Sjöslaget vid Hogland) — морское сражение 6 (17) июля 1788 года в районе острова Гогланд (Финский залив), между российским и шведским флотами во время русско-шведской войны 1788—1790 годов.","url":"https://ru.wikipedia.org/wiki/Гогландское сражение","source":"Русская Википедия / Викиданные","source_id":"Q2657874","license":"CC BY-SA 4.0","confidence":"ok","extra":{"era":"Российская Империя","war_raw":"Русско-шведские войны"}}},{"type":"Feature","id":"battles:340a1d857c94","geometry":{"type":"Point","coordinates":[26.958333,60.433333]},"properties":{"uid":"battles:340a1d857c94","layer":"battles","layer_title":"Сражения и военные события","group":"military","title":"Второе Роченсальмское сражение","category":"Русско-шведские войны","year_from":1788,"year_to":1788,"date_precision":"year","date_approx":false,"period_raw":"1788.0","work":"Русско-шведские войны","summary":"Второе Роченса́льмское сражение — морское сражение в ходе русско-шведской войны (1788—1790), произошедшее 28—29 июня (9—10 июля) 1790 года в проливе Балтийского моря Роченсальм (Руотсинсальми) между островами Котка, Муссало и Кутсало. Шведские военно-морские силы нанесли сокрушительное поражение русскому армейскому флоту, что привело к почётному для шведов окончанию практически","url":"https://ru.wikipedia.org/wiki/Второе Роченсальмское сражение","source":"Русская Википедия / Викиданные","source_id":"Q2578430","license":"CC BY-SA 4.0","confidence":"ok","extra":{"era":"Российская Империя","war_raw":"Русско-шведские войны"}}},{"type":"Feature","id":"battles:c45c0ed2d767","geometry":{"type":"Point","coordinates":[31.410278,46.598611]},"properties":{"uid":"battles:c45c0ed2d767","layer":"battles","layer_title":"Сражения и военные события","group":"military","title":"Штурм острова Березань","category":"Русско-турецкая война 1787–1791","year_from":1788,"year_to":1788,"date_precision":"day","date_approx":false,"period_raw":"1788-11-07","work":"Русско-турецкая война 1787–1791","url":"https://ru.wikipedia.org/wiki/Штурм острова Березань","source":"Русская Википедия / Викиданные","source_id":"Q28664359","license":"CC BY-SA 4.0","confidence":"ok","extra":{"era":"Российская Империя","war_raw":"Русско-турецкая война 1787–1791"}}},{"type":"Feature","id":"battles:99b9a2ebd456","geometry":{"type":"Point","coordinates":[34.26,43.41]},"properties":{"uid":"battles:99b9a2ebd456","layer":"battles","layer_title":"Сражения и военные события","group":"military","title":"Сражение у Фидониси","category":"Русско-турецкая война 1787–1791","year_from":1788,"year_to":1788,"date_precision":"day","date_approx":false,"period_raw":"1788-07-14","work":"Русско-турецкая война 1787–1791","url":"https://ru.wikipedia.org/wiki/Сражение у Фидониси","source":"Русская Википедия / Викиданные","source_id":"Q2008820","license":"CC BY-SA 4.0","confidence":"place_level","extra":{"era":"Российская Империя","war_raw":"Русско-турецкая война 1787–1791"}}},{"type":"Feature","id":"battles:cbc32b9e98fb","geometry":{"type":"Point","coordinates":[26.498333,48.521944]},"properties":{"uid":"battles:cbc32b9e98fb","layer":"battles","layer_title":"Сражения и военные события","group":"military","title":"Осада Хотина (1788)","category":"Русско-турецкая война 1787–1791","year_from":1788,"year_to":1788,"date_precision":"day","date_approx":false,"period_raw":"1788-01-01","work":"Русско-турецкая война 1787–1791","url":"https://ru.wikipedia.org/wiki/Осада Хотина (1788)","source":"Русская Википедия / Викиданные","source_id":"Q4337461","license":"CC BY-SA 4.0","confidence":"ok","extra":{"era":"Российская Империя","war_raw":"Русско-турецкая война 1787–1791"}}},{"type":"Feature","id":"battles:e9fbede5ce44","geometry":{"type":"Point","coordinates":[27.3046,45.5015]},"properties":{"uid":"battles:e9fbede5ce44","layer":"battles","layer_title":"Сражения и военные события","group":"military","title":"Сражение при Рымнике","category":"Австро-турецкая война","year_from":1789,"year_to":1789,"date_precision":"day","date_approx":false,"period_raw":"1789-09-22","work":"Австро-турецкая война","url":"https://ru.wikipedia.org/wiki/Сражение при Рымнике","source":"Русская Википедия / Викиданные","source_id":"Q2234632","license":"CC BY-SA 4.0","confidence":"ok","extra":{"era":"Российская Империя","war_raw":"Австро-турецкая война"}}},{"type":"Feature","id":"battles:3f1423a6427d","geometry":{"type":"Point","coordinates":[27.179722,45.7]},"properties":{"uid":"battles:3f1423a6427d","layer":"battles","layer_title":"Сражения и военные события","group":"military","title":"Сражение под Фокшанами","category":"Русско-турецкая война 1787—1791 годов","year_from":1789,"year_to":1789,"date_precision":"day","date_approx":false,"period_raw":"1789-08-01","work":"Русско-турецкая война 1787—1791 годов","url":"https://ru.wikipedia.org/wiki/Сражение под Фокшанами","source":"Русская Википедия / Викиданные","source_id":"Q1025134","license":"CC BY-SA 4.0","confidence":"ok","extra":{"era":"Российская Империя","war_raw":"Русско-турецкая война 1787—1791 годов"}}},{"type":"Feature","id":"battles:191ed9f78efb","geometry":{"type":"Point","coordinates":[26.99,60.45]},"properties":{"uid":"battles:191ed9f78efb","layer":"battles","layer_title":"Сражения и военные события","group":"military","title":"Первое Роченсальмское сражение","category":"Русско-шведские войны","year_from":1789,"year_to":1789,"date_precision":"day","date_approx":false,"period_raw":"1789-08-24","work":"Русско-шведские войны","url":"https://ru.wikipedia.org/wiki/Первое Роченсальмское сражение","source":"Русская Википедия / Викиданные","source_id":"Q2564536","license":"CC BY-SA 4.0","confidence":"ok","extra":{"era":"Российская Империя","war_raw":"Русско-шведские войны"}}},{"type":"Feature","id":"battles:528fe70cac81","geometry":{"type":"Point","coordinates":[16.4458,56.1484]},"properties":{"uid":"battles:528fe70cac81","layer":"battles","layer_title":"Сражения и военные события","group":"military","title":"Эландское сражение (1789)","category":"Русско-шведские войны","year_from":1789,"year_to":1789,"date_precision":"day","date_approx":false,"period_raw":"1789-07-26","work":"Русско-шведские войны","url":"https://ru.wikipedia.org/wiki/Эландское сражение (1789)","source":"Русская Википедия / Викиданные","source_id":"Q2036383","license":"CC BY-SA 4.0","confidence":"outside_bbox","extra":{"era":"Российская Империя","war_raw":"Русско-шведские войны"}}},{"type":"Feature","id":"battles:bf06f7647e9a","geometry":{"type":"Point","coordinates":[26.704167,60.868056]},"properties":{"uid":"battles:bf06f7647e9a","layer":"battles","layer_title":"Сражения и военные события","group":"military","title":"Сражение при Кайпиасе","category":"Русско-шведская война 1788—1790 годов","year_from":1789,"year_to":1789,"date_precision":"day","date_approx":false,"period_raw":"1789-07-15","work":"Русско-шведская война 1788—1790 годов","url":"https://ru.wikipedia.org/wiki/Сражение при Кайпиасе","source":"Русская Википедия / Викиданные","source_id":"Q10671369","license":"CC BY-SA 4.0","confidence":"place_level","extra":{"era":"Российская Империя","war_raw":"Русско-шведская война 1788—1790 годов"}}},{"type":"Feature","id":"battles:d73a667eabf3","geometry":{"type":"Point","coordinates":[27.2847,61.6307]},"properties":{"uid":"battles:d73a667eabf3","layer":"battles","layer_title":"Сражения и военные события","group":"military","title":"Сражения при Парасальми","category":"Русско-шведская война 1788–1790","year_from":1789,"year_to":1789,"date_precision":"day","date_approx":false,"period_raw":"1789-06-13","work":"Русско-шведская война 1788–1790","url":"https://ru.wikipedia.org/wiki/Сражения при Парасальми","source":"Русская Википедия / Викиданные","source_id":"Q4872085","license":"CC BY-SA 4.0","confidence":"place_level","extra":{"era":"Российская Империя","war_raw":"Русско-шведская война 1788–1790"}}},{"type":"Feature","id":"battles:57c31a1375a8","geometry":{"type":"Point","coordinates":[28.518323,61.974904]},"properties":{"uid":"battles:57c31a1375a8","layer":"battles","layer_title":"Сражения и военные события","group":"military","title":"Бой при Паркумяки","category":"Русско-шведская война 1788–1790","year_from":1789,"year_to":1789,"date_precision":"day","date_approx":false,"period_raw":"1789-07-21","work":"Русско-шведская война 1788–1790","summary":"Бой при Паркумяки (фин. Parkumäen taistelu; швед. Slaget vid Parkumäki) — одно из сражений во время Русско-шведской войны 1788—1790 годов. Состоялось 21 июля 1789 года и закончилось победой шведской армии. В то время, когда русский генерал Иван Михельсон отступил со своим отрядом, шведский командующий Курт фон Стедингк с силами в 1260 человек начал своё наступление на позиции отряда Вильгельма Шул","url":"https://ru.wikipedia.org/wiki/Бой при Паркумяки","source":"Русская Википедия / Викиданные","source_id":"Q4871992","license":"CC BY-SA 4.0","confidence":"ok","extra":{"era":"Российская Империя","war_raw":"Русско-шведская война 1788–1790"}}},{"type":"Feature","id":"battles:228843fa4e1d","geometry":{"type":"Point","coordinates":[26.9239,60.8819]},"properties":{"uid":"battles:228843fa4e1d","layer":"battles","layer_title":"Сражения и военные события","group":"military","title":"Сражение при Уттисмальме","category":"Русско-шведская война 1788–1790","year_from":1789,"year_to":1789,"date_precision":"day","date_approx":false,"period_raw":"1789-06-28","work":"Русско-шведская война 1788–1790","url":"https://ru.wikipedia.org/wiki/Сражение при Уттисмальме","source":"Русская Википедия / Викиданные","source_id":"Q4872639","license":"CC BY-SA 4.0","confidence":"place_level","extra":{"era":"Российская Империя","war_raw":"Русско-шведская война 1788–1790"}}},{"type":"Feature","id":"battles:1a41a459e79c","geometry":{"type":"Point","coordinates":[28.516667,60.583333]},"properties":{"uid":"battles:1a41a459e79c","layer":"battles","layer_title":"Сражения и военные события","group":"military","title":"Выборгское морское сражение","category":"Русско-шведские войны","year_from":1790,"year_to":1790,"date_precision":"day","date_approx":false,"period_raw":"1790-07-04","work":"Русско-шведские войны","summary":"Вы́боргское морское сражение — сражение в ходе Русско-шведской войны (1788—1790), произошедшее 22 июня (3 июля) 1790 года в Выборгском заливе Балтийского моря. Шведский флот под командованием короля Швеции Густава III и гранд-адмирала принца Карла, герцога Сёдерманландского, блокированный в северной части залива двумя эскадрами русского Балтийского флота под общим командованием","url":"https://ru.wikipedia.org/wiki/Выборгское морское сражение","source":"Русская Википедия / Викиданные","source_id":"Q2004436","license":"CC BY-SA 4.0","confidence":"ok","extra":{"era":"Российская Империя","war_raw":"Русско-шведские войны"}}},{"type":"Feature","id":"battles:98699b46ce65","geometry":{"type":"Point","coordinates":[24.75,59.5]},"properties":{"uid":"battles:98699b46ce65","layer":"battles","layer_title":"Сражения и военные события","group":"military","title":"Ревельское сражение","category":"Русско-шведские войны","year_from":1790,"year_to":1790,"date_precision":"day","date_approx":false,"period_raw":"1790-05-13","work":"Русско-шведские войны","url":"https://ru.wikipedia.org/wiki/Ревельское сражение","source":"Русская Википедия / Викиданные","source_id":"Q2495510","license":"CC BY-SA 4.0","confidence":"ok","extra":{"era":"Российская Империя","war_raw":"Русско-шведские войны"}}},{"type":"Feature","id":"battles:b8648ebe6269","geometry":{"type":"Point","coordinates":[27.18,60.52]},"properties":{"uid":"battles:b8648ebe6269","layer":"battles","layer_title":"Сражения и военные события","group":"military","title":"Фридрихсгамское сражение","category":"Русско-шведские войны","year_from":1790,"year_to":1790,"date_precision":"day","date_approx":false,"period_raw":"1790-05-15","work":"Русско-шведские войны","url":"https://ru.wikipedia.org/wiki/Фридрихсгамское сражение","source":"Русская Википедия / Викиданные","source_id":"Q4871066","license":"CC BY-SA 4.0","confidence":"ok","extra":{"era":"Российская Империя","war_raw":"Русско-шведские войны"}}},{"type":"Feature","id":"battles:76d1f80c8d1d","geometry":{"type":"Point","coordinates":[27.683333,61.2]},"properties":{"uid":"battles:76d1f80c8d1d","layer":"battles","layer_title":"Сражения и военные события","group":"military","title":"Бой у Керникоски","category":"Русско-шведская война 1788—1790 годов","year_from":1790,"year_to":1790,"date_precision":"day","date_approx":false,"period_raw":"1790-01-01","work":"Русско-шведская война 1788—1790 годов","summary":"Бой у Керникоски (швед. Andra slaget vid Pardakoski–Kärnakoski) — сражение русско-шведской войны 1788—1790 гг. между русской императорской армией и вооружёнными силами Швеции, которое произошло 18 (30) апреля 1790 года близ Керникоски. Боевые действия на суше весой 1790 года оказались довольно неудачными для России. Шведский король Густав III, прибывший к войскам, планировал де","url":"https://ru.wikipedia.org/wiki/Бой у Керникоски","source":"Русская Википедия / Викиданные","source_id":"Q28155578","license":"CC BY-SA 4.0","confidence":"place_level","extra":{"era":"Российская Империя","war_raw":"Русско-шведская война 1788—1790 годов"}}},{"type":"Feature","id":"battles:b0915466e3a4","geometry":{"type":"Point","coordinates":[26.704167,60.868056]},"properties":{"uid":"battles:b0915466e3a4","layer":"battles","layer_title":"Сражения и военные события","group":"military","title":"Бой при Келтисе","category":"Русско-шведская война 1788–1790","year_from":1790,"year_to":1790,"date_precision":"day","date_approx":false,"period_raw":"1790-01-01","work":"Русско-шведская война 1788–1790","summary":"Бой при Келтисе или бой при казармах Келтиса (швед. Slaget vid Keltis baracker) произошёл во время русско-шведской войны (1788—1790) 20 мая 1790 года в Келтти на территории современной Финляндии. Бой закончился победой шведов, оттеснивших русские войска за реку Кюмень. После победы над русскими войсками в сражении при Валкеале шведские и русские войска на этом участке боевых действий оказались втя","url":"https://ru.wikipedia.org/wiki/Бой при Келтисе","source":"Русская Википедия / Викиданные","source_id":"Q4871412","license":"CC BY-SA 4.0","confidence":"place_level","extra":{"era":"Российская Империя","war_raw":"Русско-шведская война 1788–1790"}}},{"type":"Feature","id":"battles:1fbaa3e6ebd3","geometry":{"type":"Point","coordinates":[27.683333,61.2]},"properties":{"uid":"battles:1fbaa3e6ebd3","layer":"battles","layer_title":"Сражения и военные события","group":"military","title":"Сражение при Савитайпале","category":"Русско-шведская война 1788–1790","year_from":1790,"year_to":1790,"date_precision":"day","date_approx":false,"period_raw":"1790-06-03","work":"Русско-шведская война 1788–1790","url":"https://ru.wikipedia.org/wiki/Сражение при Савитайпале","source":"Русская Википедия / Викиданные","source_id":"Q28134617","license":"CC BY-SA 4.0","confidence":"place_level","extra":{"era":"Российская Империя","war_raw":"Русско-шведская война 1788–1790"}}},{"type":"Feature","id":"battles:2ba95e6b0cf6","geometry":{"type":"Point","coordinates":[42.047222,44.263333]},"properties":{"uid":"battles:2ba95e6b0cf6","layer":"battles","layer_title":"Сражения и военные события","group":"military","title":"Бой у Абазинки","category":"Русско-турецкая война 1787–1791","year_from":1790,"year_to":1790,"date_precision":"day","date_approx":false,"period_raw":"1790-09-30","work":"Русско-турецкая война 1787–1791","summary":"Бой у Абазинки — одно из сражений русско-турецкой войны, произошедшее 30 сентября 1790 года близ речки Абазинка. По турецкой версии боя не было. Военная операция, подготовленная турками, была сорвана предательством командующего Батал-паши, неожиданно сбежавшего с казной крепости Анапы и гарнизона, и нашедшего убежище у русских. Турецкая армия была обезглавлена. Несмотря на бегство Батал-паши черке","url":"https://ru.wikipedia.org/wiki/Бой у Абазинки","source":"Русская Википедия / Викиданные","source_id":"Q58620429","license":"CC BY-SA 4.0","confidence":"place_level","extra":{"era":"Российская Империя","war_raw":"Русско-турецкая война 1787–1791"}}},{"type":"Feature","id":"battles:dd663f4efdfa","geometry":{"type":"Point","coordinates":[24.65,38.0]},"properties":{"uid":"battles:dd663f4efdfa","layer":"battles","layer_title":"Сражения и военные события","group":"military","title":"Сражение при Андросе (1790)","category":"Русско-турецкая война 1787–1791","year_from":1790,"year_to":1790,"date_precision":"day","date_approx":false,"period_raw":"1790-05-18","work":"Русско-турецкая война 1787–1791","url":"https://ru.wikipedia.org/wiki/Сражение при Андросе (1790)","source":"Русская Википедия / Викиданные","source_id":"Q12881604","license":"CC BY-SA 4.0","confidence":"ok","extra":{"era":"Российская Империя","war_raw":"Русско-турецкая война 1787–1791"}}},{"type":"Feature","id":"battles:808033c782da","geometry":{"type":"Point","coordinates":[28.834556,45.341778]},"properties":{"uid":"battles:808033c782da","layer":"battles","layer_title":"Сражения и военные события","group":"military","title":"Штурм Измаила","category":"Русско-турецкая война 1787–1791","year_from":1790,"year_to":1790,"date_precision":"day","date_approx":false,"period_raw":"1790-12-22","work":"Русско-турецкая война 1787–1791","url":"https://ru.wikipedia.org/wiki/Штурм Измаила","source":"Русская Википедия / Викиданные","source_id":"Q2372093","license":"CC BY-SA 4.0","confidence":"place_level","extra":{"era":"Российская Империя","war_raw":"Русско-турецкая война 1787–1791"}}},{"type":"Feature","id":"battles:f91e17907b40","geometry":{"type":"Point","coordinates":[37.0,44.9]},"properties":{"uid":"battles:f91e17907b40","layer":"battles","layer_title":"Сражения и военные события","group":"military","title":"Керченское сражение (1790)","category":"Русско-турецкая война 1787–1791","year_from":1790,"year_to":1790,"date_precision":"day","date_approx":false,"period_raw":"1790-01-01","work":"Русско-турецкая война 1787–1791","summary":"Сражение у Керченского пролива — морское сражение в ходе русско-турецкой войны 1787—1791 годов между флотами Российской и Османской империй, состоявшееся 8 (19) июля 1790 год близ Еникальского (Керченского) пролива. В ходе боя русский Черноморский флот под командованием контр-адмирала Ф. Ф. Ушакова одержал победу нерешительного характера над турецким флотом под командованием капудан-паши Гиритли Х","url":"https://ru.wikipedia.org/wiki/Керченское сражение (1790)","source":"Русская Википедия / Викиданные","source_id":"Q72454","license":"CC BY-SA 4.0","confidence":"ok","extra":{"era":"Российская Империя","war_raw":"Русско-турецкая война 1787–1791"}}},{"type":"Feature","id":"battles:e816bbbe8862","geometry":{"type":"Point","coordinates":[37.316667,44.894444]},"properties":{"uid":"battles:e816bbbe8862","layer":"battles","layer_title":"Сражения и военные события","group":"military","title":"Штурм Анапы","category":"Русско-турецкая война 1787–1791","year_from":1791,"year_to":1791,"date_precision":"day","date_approx":false,"period_raw":"1791-07-03","work":"Русско-турецкая война 1787–1791","url":"https://ru.wikipedia.org/wiki/Штурм Анапы","source":"Русская Википедия / Викиданные","source_id":"Q4527017","license":"CC BY-SA 4.0","confidence":"place_level","extra":{"era":"Российская Империя","war_raw":"Русско-турецкая война 1787–1791"}}},{"type":"Feature","id":"battles:18405ddb8be5","geometry":{"type":"Point","coordinates":[28.5974,43.3741]},"properties":{"uid":"battles:18405ddb8be5","layer":"battles","layer_title":"Сражения и военные события","group":"military","title":"Сражение при Калиакрии","category":"Русско-турецкая война 1787–1791","year_from":1791,"year_to":1791,"date_precision":"day","date_approx":false,"period_raw":"1791-08-11","work":"Русско-турецкая война 1787–1791","url":"https://ru.wikipedia.org/wiki/Сражение при Калиакрии","source":"Русская Википедия / Викиданные","source_id":"Q648223","license":"CC BY-SA 4.0","confidence":"ok","extra":{"era":"Российская Империя","war_raw":"Русско-турецкая война 1787–1791"}}},{"type":"Feature","id":"battles:d255486b40ef","geometry":{"type":"Point","coordinates":[28.123056,45.245556]},"properties":{"uid":"battles:d255486b40ef","layer":"battles","layer_title":"Сражения и военные события","group":"military","title":"Мачинское сражение","category":"Русско-турецкая война 1787–1791","year_from":1791,"year_to":1791,"date_precision":"day","date_approx":false,"period_raw":"1791-07-10","work":"Русско-турецкая война 1787–1791","summary":"Мачинское сражение — последнее крупное сражение Русско-турецкой войны 1787—1791, произошло 28 июня (9 июля) 1791 год в районе города Мэчин, на правом берегу реки Дунай.","url":"https://ru.wikipedia.org/wiki/Мачинское сражение","source":"Русская Википедия / Викиданные","source_id":"Q2897258","license":"CC BY-SA 4.0","confidence":"ok","extra":{"era":"Российская Империя","war_raw":"Русско-турецкая война 1787–1791"}}},{"type":"Feature","id":"battles:94c5ee3cdafc","geometry":{"type":"Point","coordinates":[24.35,52.216667]},"properties":{"uid":"battles:94c5ee3cdafc","layer":"battles","layer_title":"Сражения и военные события","group":"military","title":"Сражение у Крупчиц","category":"Российская Империя","year_from":1794,"year_to":1794,"date_precision":"day","date_approx":false,"period_raw":"1794-09-17","url":"https://ru.wikipedia.org/wiki/Сражение у Крупчиц","source":"Русская Википедия / Викиданные","source_id":"Q4438414","license":"CC BY-SA 4.0","confidence":"ok","extra":{"era":"Российская Империя","war_raw":null}}},{"type":"Feature","id":"battles:e1ac0b7bee18","geometry":{"type":"Point","coordinates":[48.288889,42.057778]},"properties":{"uid":"battles:e1ac0b7bee18","layer":"battles","layer_title":"Сражения и военные события","group":"military","title":"Штурм Дербента","category":"Русско-персидская война (1796)","year_from":1796,"year_to":1796,"date_precision":"day","date_approx":false,"period_raw":"1796-05-10","work":"Русско-персидская война (1796)","url":"https://ru.wikipedia.org/wiki/Штурм Дербента","source":"Русская Википедия / Викиданные","source_id":"Q4527020","license":"CC BY-SA 4.0","confidence":"place_level","extra":{"era":"Российская Империя","war_raw":"Русско-персидская война (1796)"}}},{"type":"Feature","id":"battles:6b09be098120","geometry":{"type":"Point","coordinates":[9.51667,45.5333]},"properties":{"uid":"battles:6b09be098120","layer":"battles","layer_title":"Сражения и военные события","group":"military","title":"Сражение на реке Адде","category":"Вторая Итальянская кампания Наполеона","year_from":1799,"year_to":1799,"date_precision":"day","date_approx":false,"period_raw":"1799-04-27","work":"Вторая Итальянская кампания Наполеона","url":"https://ru.wikipedia.org/wiki/Сражение на реке Адде","source":"Русская Википедия / Викиданные","source_id":"Q858913","license":"CC BY-SA 4.0","confidence":"outside_bbox","extra":{"era":"Российская Империя","war_raw":"Вторая Итальянская кампания Наполеона"}}},{"type":"Feature","id":"battles:25941739d990","geometry":{"type":"Point","coordinates":[4.746389,52.634444]},"properties":{"uid":"battles:25941739d990","layer":"battles","layer_title":"Сражения и военные события","group":"military","title":"Сражение при Алкмаре","category":"Голландская экспедиция (1799)","year_from":1799,"year_to":1799,"date_precision":"day","date_approx":false,"period_raw":"1799-10-02","work":"Голландская экспедиция (1799)","url":"https://ru.wikipedia.org/wiki/Сражение при Алкмаре","source":"Русская Википедия / Викиданные","source_id":"Q1933601","license":"CC BY-SA 4.0","confidence":"outside_bbox","extra":{"era":"Российская Империя","war_raw":"Голландская экспедиция (1799)"}}},{"type":"Feature","id":"battles:5db4ce324182","geometry":{"type":"Point","coordinates":[8.73333,45.0]},"properties":{"uid":"battles:5db4ce324182","layer":"battles","layer_title":"Сражения и военные события","group":"military","title":"Сражение у Бассиньяно (1799)","category":"Российская Империя","year_from":1799,"year_to":1799,"date_precision":"day","date_approx":false,"period_raw":"1799-05-12","url":"https://ru.wikipedia.org/wiki/Сражение у Бассиньяно (1799)","source":"Русская Википедия / Викиданные","source_id":"Q5114097","license":"CC BY-SA 4.0","confidence":"outside_bbox","extra":{"era":"Российская Империя","war_raw":null}}},{"type":"Feature","id":"battles:5c452b370cdb","geometry":{"type":"Point","coordinates":[4.7,52.67]},"properties":{"uid":"battles:5c452b370cdb","layer":"battles","layer_title":"Сражения и военные события","group":"military","title":"Битва у Бергена (1799)","category":"Революционные войны","year_from":1799,"year_to":1799,"date_precision":"day","date_approx":false,"period_raw":"1799-09-19","work":"Революционные войны","summary":"Битва у Бе́ргена (фр. Bataille de Bergen) — сражение в ходе Голландской экспедиции в период французских революционных войн. Произошла 8 (19) сентября 1799 года возле деревни Берген Алкмарского округа Северной Голландии после высадки анго-русского десанта под командованием герцога Йоркского. Французской армией командовал генерал Брюн, придаными батавскими войсками — генерал Данд","url":"https://ru.wikipedia.org/wiki/Битва у Бергена (1799)","source":"Русская Википедия / Викиданные","source_id":"Q793448","license":"CC BY-SA 4.0","confidence":"outside_bbox","extra":{"era":"Российская Империя","war_raw":"Революционные войны"}}},{"type":"Feature","id":"battles:2be7e79cc20a","geometry":{"type":"Point","coordinates":[4.65426,52.54344]},"properties":{"uid":"battles:2be7e79cc20a","layer":"battles","layer_title":"Сражения и военные события","group":"military","title":"Битва при Кастрикуме","category":"Голландская экспедиция (1799)","year_from":1799,"year_to":1799,"date_precision":"day","date_approx":false,"period_raw":"1799-10-06","work":"Голландская экспедиция (1799)","summary":"Битва при Кастрикуме (фр. Bataille de Castricum) — сражение, произошедшее в ходе Войны второй коалиции вблизи города Кастрикум, Батавская республика, между союзническими войсками голландцев и французов и союзническими войсками британцев и русских.","url":"https://ru.wikipedia.org/wiki/Битва при Кастрикуме","source":"Русская Википедия / Викиданные","source_id":"Q370376","license":"CC BY-SA 4.0","confidence":"outside_bbox","extra":{"era":"Российская Империя","war_raw":"Голландская экспедиция (1799)"}}},{"type":"Feature","id":"battles:6cdbac2cce7f","geometry":{"type":"Point","coordinates":[8.792778,44.761111]},"properties":{"uid":"battles:6cdbac2cce7f","layer":"battles","layer_title":"Сражения и военные события","group":"military","title":"Битва при Нови","category":"Итальянский поход Суворова","year_from":1799,"year_to":1799,"date_precision":"day","date_approx":false,"period_raw":"1799-08-15","work":"Итальянский поход Суворова","summary":"Битва при Нови (фр. Bataille de Novi) — крупнейшее сражение между русско-австрийскими войсками под командованием генерал-фельдмаршала А. В. Суворова и французской армией во время Итальянского похода Суворова. Русско-австрийские войска прорвали центр французской армии, нанесли ей поражение и отбросили в Генуэзскую Ривьеру.","url":"https://ru.wikipedia.org/wiki/Битва при Нови","source":"Русская Википедия / Викиданные","source_id":"Q1194172","license":"CC BY-SA 4.0","confidence":"outside_bbox","extra":{"era":"Российская Империя","war_raw":"Итальянский поход Суворова"}}},{"type":"Feature","id":"battles:91d8356c7fd8","geometry":{"type":"Point","coordinates":[8.567778,46.55625]},"properties":{"uid":"battles:91d8356c7fd8","layer":"battles","layer_title":"Сражения и военные события","group":"military","title":"Сражение за Сен-Готард","category":"Война второй коалиции","year_from":1799,"year_to":1799,"date_precision":"day","date_approx":false,"period_raw":"1799-09-26","work":"Война второй коалиции","url":"https://ru.wikipedia.org/wiki/Сражение за Сен-Готард","source":"Русская Википедия / Викиданные","source_id":"Q55605028","license":"CC BY-SA 4.0","confidence":"outside_bbox","extra":{"era":"Российская Империя","war_raw":"Война второй коалиции"}}},{"type":"Feature","id":"battles:31cec980b5f3","geometry":{"type":"Point","coordinates":[9.6,45.05]},"properties":{"uid":"battles:31cec980b5f3","layer":"battles","layer_title":"Сражения и военные события","group":"military","title":"Битва при Треббии (1799)","category":"Вторая Итальянская кампания Наполеона","year_from":1799,"year_to":1799,"date_precision":"day","date_approx":false,"period_raw":"1799-01-01","work":"Вторая Итальянская кампания Наполеона","summary":"Битва при Треббии (фр. Bataille de la Trebbia) — сражение во время Войны второй коалиции между французской Неаполитанской армией и русско-австрийскими союзными войсками, произошедшее на реках Тидоне и Треббия 6 (17) июня — 8 (19) июня 1799 года. Закончилось победой союзников. Стало одним из лучших в суворовской военной карьере наряду со штурмом Измаила (1790).","url":"https://ru.wikipedia.org/wiki/Битва при Треббии (1799)","source":"Русская Википедия / Викиданные","source_id":"Q1088879","license":"CC BY-SA 4.0","confidence":"outside_bbox","extra":{"era":"Российская Империя","war_raw":"Вторая Итальянская кампания Наполеона"}}},{"type":"Feature","id":"battles:db66658e1e42","geometry":{"type":"Point","coordinates":[8.55,47.366667]},"properties":{"uid":"battles:db66658e1e42","layer":"battles","layer_title":"Сражения и военные события","group":"military","title":"Вторая битва при Цюрихе","category":"Война второй коалиции","year_from":1799,"year_to":1799,"date_precision":"year","date_approx":false,"period_raw":"1799.0","work":"Война второй коалиции","summary":"Вторая битва при Цюрихе (фр. Deuxième bataille de Zurich) — сражение между русской и французской армиями во время Войны второй коалиции. Состоялось 14 (25) сентября — 15 (26) сентября 1799 года. Сражение завершилось поражением русских войск.","url":"https://ru.wikipedia.org/wiki/Вторая битва при Цюрихе","source":"Русская Википедия / Викиданные","source_id":"Q233426","license":"CC BY-SA 4.0","confidence":"outside_bbox","extra":{"era":"Российская Империя","war_raw":"Война второй коалиции"}}},{"type":"Feature","id":"battles:cef5f3c3c7b5","geometry":{"type":"Point","coordinates":[8.59052,46.64731]},"properties":{"uid":"battles:cef5f3c3c7b5","layer":"battles","layer_title":"Сражения и военные события","group":"military","title":"Бой за Чёртов мост","category":"Швейцарский поход Суворова","year_from":1799,"year_to":1799,"date_precision":"day","date_approx":false,"period_raw":"1799-09-25","work":"Швейцарский поход Суворова","summary":"Бой за Чёртов мост — один из победных боёв Швейцарского похода А. В. Суворова, в результате которого было преодолено ущелье Шёлленен и 26 сентября достигнут Альтдорф у Люцернского озера. 25 сентября 1799 года войска фельдмаршала А. В. Суворова с боем преодолели перевал Сен-Готард и вышли к долине реки Ройс. Отправив полк Каменского (пехотный Архангелогородский полк) на левый бе","url":"https://ru.wikipedia.org/wiki/Бой за Чёртов мост","source":"Русская Википедия / Викиданные","source_id":"Q120269321","license":"CC BY-SA 4.0","confidence":"outside_bbox","extra":{"era":"Российская Империя","war_raw":"Швейцарский поход Суворова"}}},{"type":"Feature","id":"battles:0ae938a852b1","geometry":{"type":"Point","coordinates":[9.062778,47.098889]},"properties":{"uid":"battles:0ae938a852b1","layer":"battles","layer_title":"Сражения и военные события","group":"military","title":"Бой при Гларусе","category":"Российская Империя","year_from":1799,"year_to":1799,"date_precision":"day","date_approx":false,"period_raw":"1799-01-01","summary":"Бой при Гларусе — произошёл 1 октября 1799 года во время Швейцарского похода Суворова. В нём русско-австрийский авангард под командованием фельдмаршала А. В. Суворова, генерала-майора П. И. Багратиона и генерала Ф. фон Ауфенберга, разбил французский отряд бригадного генерала Г. Ж. Ж. Молитора и дивизионного генерала О. Газана, захватив Гларус.","url":"https://ru.wikipedia.org/wiki/Бой при Гларусе","source":"Русская Википедия / Викиданные","source_id":"Q118670639","license":"CC BY-SA 4.0","confidence":"outside_bbox","extra":{"era":"Российская Империя","war_raw":null}}},{"type":"Feature","id":"battles:82d316c79cdf","geometry":{"type":"Point","coordinates":[45.4944,41.7083]},"properties":{"uid":"battles:82d316c79cdf","layer":"battles","layer_title":"Сражения и военные события","group":"military","title":"Битва на реке Иори","category":"Набеги аварцев","year_from":1800,"year_to":1800,"date_precision":"day","date_approx":false,"period_raw":"1800-11-07","work":"Набеги аварцев","summary":"Битва на реке Ио́ри или Какабе́тское сражение — сражение, произошедшее 7 (19) ноября 1800 года, в ходе которого вторгшееся в пределы Картли-Кахетинского царства (Грузии) войско Умма-хана аварского, находившегося вкупе с оппозиционным грузинским царевичем Александром, потерпело сокрушительное поражение от двух русских батальонов генерал-майоров Ивана Лазарева и Василия Гулякова","url":"https://ru.wikipedia.org/wiki/Битва на реке Иори","source":"Русская Википедия / Викиданные","source_id":"Q12867548","license":"CC BY-SA 4.0","confidence":"ok","extra":{"era":"Российская Империя","war_raw":"Набеги аварцев"}}},{"type":"Feature","id":"battles:fcc0be971576","geometry":{"type":"Point","coordinates":[46.360556,40.682778]},"properties":{"uid":"battles:fcc0be971576","layer":"battles","layer_title":"Сражения и военные события","group":"military","title":"Штурм Гянджи","category":"Русско-персидская война (1804—1813)","year_from":1804,"year_to":1804,"date_precision":"day","date_approx":false,"period_raw":"1804-01-15","work":"Русско-персидская война (1804—1813)","url":"https://ru.wikipedia.org/wiki/Штурм Гянджи","source":"Русская Википедия / Викиданные","source_id":"Q3687987","license":"CC BY-SA 4.0","confidence":"place_level","extra":{"era":"Российская Империя","war_raw":"Русско-персидская война (1804—1813)"}}},{"type":"Feature","id":"battles:d056f21b2d2a","geometry":{"type":"Point","coordinates":[44.2925,40.172778]},"properties":{"uid":"battles:d056f21b2d2a","layer":"battles","layer_title":"Сражения и военные события","group":"military","title":"Эчмиадзинская битва (1804)","category":"Русско-персидская война (1804—1813)","year_from":1804,"year_to":1804,"date_precision":"day","date_approx":false,"period_raw":"1804-01-01","work":"Русско-персидская война (1804—1813)","url":"https://ru.wikipedia.org/wiki/Эчмиадзинская битва (1804)","source":"Русская Википедия / Викиданные","source_id":"Q48803831","license":"CC BY-SA 4.0","confidence":"place_level","extra":{"era":"Российская Империя","war_raw":"Русско-персидская война (1804—1813)"}}},{"type":"Feature","id":"battles:fa772d348d45","geometry":{"type":"Point","coordinates":[14.815556,48.124722]},"properties":{"uid":"battles:fa772d348d45","layer":"battles","layer_title":"Сражения и военные события","group":"military","title":"Сражение при Амштеттене","category":"Война третьей коалиции","year_from":1805,"year_to":1805,"date_precision":"day","date_approx":false,"period_raw":"1805-11-05","work":"Война третьей коалиции","url":"https://ru.wikipedia.org/wiki/Сражение при Амштеттене","source":"Русская Википедия / Викиданные","source_id":"Q697034","license":"CC BY-SA 4.0","confidence":"outside_bbox","extra":{"era":"Российская Империя","war_raw":"Война третьей коалиции"}}},{"type":"Feature","id":"battles:e3a6f5ecf747","geometry":{"type":"Point","coordinates":[16.7625,49.128056]},"properties":{"uid":"battles:e3a6f5ecf747","layer":"battles","layer_title":"Сражения и военные события","group":"military","title":"Битва под Аустерлицем","category":"Война третьей коалиции","year_from":1805,"year_to":1805,"date_precision":"day","date_approx":false,"period_raw":"1805-12-02","work":"Война третьей коалиции","summary":"Би́тва при А́устерли́це (фр. Bataille d'Austerlitz) — решающее сражение наполеоновской армии против армий третьей антифранцузской коалиции, произошедшее 20 ноября (2 декабря) 1805 года у Аустерлица (совр. Славков-у-Брна) в Моравии. Вошло в историю как «битва трёх императоров», поскольку против армии императора Наполеона I сражались армии императоров австрийского Франца II и рус","url":"https://ru.wikipedia.org/wiki/Битва под Аустерлицем","source":"Русская Википедия / Викиданные","source_id":"Q134114","license":"CC BY-SA 4.0","confidence":"outside_bbox","extra":{"era":"Российская Империя","war_raw":"Война третьей коалиции"}}},{"type":"Feature","id":"battles:2df02ce5c373","geometry":{"type":"Point","coordinates":[15.520278,48.387222]},"properties":{"uid":"battles:2df02ce5c373","layer":"battles","layer_title":"Сражения и военные события","group":"military","title":"Сражение при Кремсе","category":"Война третьей коалиции","year_from":1805,"year_to":1805,"date_precision":"day","date_approx":false,"period_raw":"1805-11-11","work":"Война третьей коалиции","url":"https://ru.wikipedia.org/wiki/Сражение при Кремсе","source":"Русская Википедия / Викиданные","source_id":"Q699665","license":"CC BY-SA 4.0","confidence":"outside_bbox","extra":{"era":"Российская Империя","war_raw":"Война третьей коалиции"}}},{"type":"Feature","id":"battles:c56b412fe141","geometry":{"type":"Point","coordinates":[13.8775,48.0944]},"properties":{"uid":"battles:c56b412fe141","layer":"battles","layer_title":"Сражения и военные события","group":"military","title":"Бой при Ламбахе","category":"Война третьей коалиции","year_from":1805,"year_to":1805,"date_precision":"year","date_approx":false,"period_raw":"1805.0","work":"Война третьей коалиции","summary":"Бой при Ламбахе (фр. Bataille de Lambach, нем. Gefecht bei Lambach) — бой, произошедший 31 октября 1805 года между французским авангардом и русско-австрийским арьергардом во время отступления армии Кутузова от Браунау.","url":"https://ru.wikipedia.org/wiki/Бой при Ламбахе","source":"Русская Википедия / Викиданные","source_id":"Q1346666","license":"CC BY-SA 4.0","confidence":"outside_bbox","extra":{"era":"Российская Империя","war_raw":"Война третьей коалиции"}}},{"type":"Feature","id":"battles:5da7d72b1f1f","geometry":{"type":"Point","coordinates":[16.065611,48.592583]},"properties":{"uid":"battles:5da7d72b1f1f","layer":"battles","layer_title":"Сражения и военные события","group":"military","title":"Шёнграбенский бой","category":"Война третьей коалиции","year_from":1805,"year_to":1805,"date_precision":"day","date_approx":false,"period_raw":"1805-11-16","work":"Война третьей коалиции","url":"https://ru.wikipedia.org/wiki/Шёнграбенский бой","source":"Русская Википедия / Викиданные","source_id":"Q948810","license":"CC BY-SA 4.0","confidence":"outside_bbox","extra":{"era":"Российская Империя","war_raw":"Война третьей коалиции"}}},{"type":"Feature","id":"battles:3d3aeb554f42","geometry":{"type":"Point","coordinates":[20.866667,52.816667]},"properties":{"uid":"battles:3d3aeb554f42","layer":"battles","layer_title":"Сражения и военные события","group":"military","title":"Битва при Голымине","category":"Наполеоновские войны","year_from":1806,"year_to":1806,"date_precision":"day","date_approx":false,"period_raw":"1806-12-26","work":"Наполеоновские войны","summary":"Битва при Голымине (фр. Bataille de Golymin) — сражение во время Войны четвёртой коалиции между французскими и русскими войсками, произошедшее 26 декабря 1806 года на территории Польши.","url":"https://ru.wikipedia.org/wiki/Битва при Голымине","source":"Русская Википедия / Викиданные","source_id":"Q945596","license":"CC BY-SA 4.0","confidence":"ok","extra":{"era":"Российская Империя","war_raw":"Наполеоновские войны"}}},{"type":"Feature","id":"battles:b2ca960d5e06","geometry":{"type":"Point","coordinates":[18.108333,42.640278]},"properties":{"uid":"battles:b2ca960d5e06","layer":"battles","layer_title":"Сражения и военные события","group":"military","title":"Блокада Новой Рагузы","category":"Российская Империя","year_from":1806,"year_to":1806,"date_precision":"year","date_approx":false,"period_raw":"1806.0","summary":"Блокада Новой Рагузы (фр. Siège de Raguse) — блокада русским флотом совместно с черногорцами в июне 1806 года во время Второй Архипелагской экспедиции занятой французскими войсками крепости Новая Рагуза. К началу лета 1806 года и Наполеон, и Александр I стали рассматривать восточную часть Средиземного моря и Адриатику как арену серьезной борьбы. По приказу французского импера","url":"https://ru.wikipedia.org/wiki/Блокада Новой Рагузы","source":"Русская Википедия / Викиданные","source_id":"Q18199199","license":"CC BY-SA 4.0","confidence":"ok","extra":{"era":"Российская Империя","war_raw":null}}},{"type":"Feature","id":"battles:6c72a13f439c","geometry":{"type":"Point","coordinates":[21.075,52.708333]},"properties":{"uid":"battles:6c72a13f439c","layer":"battles","layer_title":"Сражения и военные события","group":"military","title":"Битва при Пултуске (1806)","category":"Война четвёртой коалиции","year_from":1806,"year_to":1806,"date_precision":"day","date_approx":false,"period_raw":"1806-12-26","work":"Война четвёртой коалиции","summary":"Битва при Пултуске (фр. Bataille de Pultusk) — сражение, произошедшее 14 (26) декабря 1806 года между русской и французской армиями у города Пултуск во время Войны четвёртой коалиции.","url":"https://ru.wikipedia.org/wiki/Битва при Пултуске (1806)","source":"Русская Википедия / Викиданные","source_id":"Q1192867","license":"CC BY-SA 4.0","confidence":"ok","extra":{"era":"Российская Империя","war_raw":"Война четвёртой коалиции"}}},{"type":"Feature","id":"battles:8d19fc90a875","geometry":{"type":"Point","coordinates":[20.745278,52.445833]},"properties":{"uid":"battles:8d19fc90a875","layer":"battles","layer_title":"Сражения и военные события","group":"military","title":"Сражение при Чарново","category":"Война четвёртой коалиции","year_from":1806,"year_to":1806,"date_precision":"day","date_approx":false,"period_raw":"1806-12-23","work":"Война четвёртой коалиции","url":"https://ru.wikipedia.org/wiki/Сражение при Чарново","source":"Русская Википедия / Викиданные","source_id":"Q1982573","license":"CC BY-SA 4.0","confidence":"ok","extra":{"era":"Российская Империя","war_raw":"Война четвёртой коалиции"}}},{"type":"Feature","id":"battles:7374d50df4b7","geometry":{"type":"Point","coordinates":[28.834556,45.341778]},"properties":{"uid":"battles:7374d50df4b7","layer":"battles","layer_title":"Сражения и военные события","group":"military","title":"Блокада Измаила","category":"Русско-турецкая война 1806—1812 годов","year_from":1806,"year_to":1806,"date_precision":"year","date_approx":false,"period_raw":"1806.0","work":"Русско-турецкая война 1806—1812 годов","summary":"Блокада Измаила (турецк. İsmail Kuşatması (1806-1807)) — военная операция, осуществлявшаяся в 1807 году российской армией в ходе русско-турецкой войны 1806—1812 годов.","url":"https://ru.wikipedia.org/wiki/Блокада Измаила","source":"Русская Википедия / Викиданные","source_id":"Q119167115","license":"CC BY-SA 4.0","confidence":"place_level","extra":{"era":"Российская Империя","war_raw":"Русско-турецкая война 1806—1812 годов"}}},{"type":"Feature","id":"battles:a93a2b112bdb","geometry":{"type":"Point","coordinates":[20.396944,53.862778]},"properties":{"uid":"battles:a93a2b112bdb","layer":"battles","layer_title":"Сражения и военные события","group":"military","title":"Битва при Бергфриде","category":"Война четвёртой коалиции","year_from":1807,"year_to":1807,"date_precision":"day","date_approx":false,"period_raw":"1807-02-03","work":"Война четвёртой коалиции","summary":"Битва при Бергфриде (нем. Bergfriede) или Бой при Янково — одно из сражений Войны четвёртой коалиции между французскими и русскими войсками, произошедшее 3 февраля 1807 года.","url":"https://ru.wikipedia.org/wiki/Битва при Бергфриде","source":"Русская Википедия / Викиданные","source_id":"Q19872050","license":"CC BY-SA 4.0","confidence":"ok","extra":{"era":"Российская Империя","war_raw":"Война четвёртой коалиции"}}},{"type":"Feature","id":"battles:5824c662af5e","geometry":{"type":"Point","coordinates":[20.583333,54.116667]},"properties":{"uid":"battles:5824c662af5e","layer":"battles","layer_title":"Сражения и военные события","group":"military","title":"Сражение при Гейльсберге","category":"Война четвёртой коалиции","year_from":1807,"year_to":1807,"date_precision":"day","date_approx":false,"period_raw":"1807-06-10","work":"Война четвёртой коалиции","url":"https://ru.wikipedia.org/wiki/Сражение при Гейльсберге","source":"Русская Википедия / Викиданные","source_id":"Q926489","license":"CC BY-SA 4.0","confidence":"ok","extra":{"era":"Российская Империя","war_raw":"Война четвёртой коалиции"}}},{"type":"Feature","id":"battles:302be750d81c","geometry":{"type":"Point","coordinates":[20.4,53.983333]},"properties":{"uid":"battles:302be750d81c","layer":"battles","layer_title":"Сражения и военные события","group":"military","title":"Сражение при Гуттштадте","category":"Война четвёртой коалиции","year_from":1807,"year_to":1807,"date_precision":"day","date_approx":false,"period_raw":"1807-06-07","work":"Война четвёртой коалиции","url":"https://ru.wikipedia.org/wiki/Сражение при Гуттштадте","source":"Русская Википедия / Викиданные","source_id":"Q2090505","license":"CC BY-SA 4.0","confidence":"ok","extra":{"era":"Российская Империя","war_raw":"Война четвёртой коалиции"}}},{"type":"Feature","id":"battles:42ff168b0b80","geometry":{"type":"Point","coordinates":[19.9333,53.9167]},"properties":{"uid":"battles:42ff168b0b80","layer":"battles","layer_title":"Сражения и военные события","group":"military","title":"Сражение при Морунгене","category":"Война четвёртой коалиции","year_from":1807,"year_to":1807,"date_precision":"day","date_approx":false,"period_raw":"1807-01-25","work":"Война четвёртой коалиции","url":"https://ru.wikipedia.org/wiki/Сражение при Морунгене","source":"Русская Википедия / Викиданные","source_id":"Q4871761","license":"CC BY-SA 4.0","confidence":"ok","extra":{"era":"Российская Империя","war_raw":"Война четвёртой коалиции"}}},{"type":"Feature","id":"battles:d91b977c6d51","geometry":{"type":"Point","coordinates":[21.5833,53.0833]},"properties":{"uid":"battles:d91b977c6d51","layer":"battles","layer_title":"Сражения и военные события","group":"military","title":"Битва при Остроленке (1807)","category":"Война четвёртой коалиции","year_from":1807,"year_to":1807,"date_precision":"year","date_approx":false,"period_raw":"1807.0","work":"Война четвёртой коалиции","summary":"Битва при Остроленке (фр. Bataille d'Ostrolenka) — сражение, состоявшееся 4 (16) февраля 1807 года у польского города Остроленка, между французскими и русскими войсками во время Войны четвёртой коалиции. Савари командовал 5-м корпусом на крайнем правом фланге французов, чтобы охранять подступы к Варшаве у Нарева и Буга и прикрывать справа тыл движения наполеоновской армии на се","url":"https://ru.wikipedia.org/wiki/Битва при Остроленке (1807)","source":"Русская Википедия / Викиданные","source_id":"Q2888026","license":"CC BY-SA 4.0","confidence":"ok","extra":{"era":"Российская Империя","war_raw":"Война четвёртой коалиции"}}},{"type":"Feature","id":"battles:70ded2b11b0a","geometry":{"type":"Point","coordinates":[20.633333,54.4]},"properties":{"uid":"battles:70ded2b11b0a","layer":"battles","layer_title":"Сражения и военные события","group":"military","title":"Битва при Прейсиш-Эйлау","category":"Наполеоновские войны","year_from":1807,"year_to":1807,"date_precision":"year","date_approx":false,"period_raw":"1807.0","work":"Наполеоновские войны","summary":"Битва при Прейсиш-Эйлау (фр. Bataille d'Eylau, нем. Schlacht bei Preußisch Eylau) — самая кровавая битва Войны четвёртой коалиции. Произошла 7–8 февраля 1807 года между французскими и российскими войсками на территории Восточной Пруссии. В ходе сражения было убито и ранено около 50 000 человек с обеих сторон.","url":"https://ru.wikipedia.org/wiki/Битва при Прейсиш-Эйлау","source":"Русская Википедия / Викиданные","source_id":"Q331347","license":"CC BY-SA 4.0","confidence":"ok","extra":{"era":"Российская Империя","war_raw":"Наполеоновские войны"}}},{"type":"Feature","id":"battles:5ad2a655ed0c","geometry":{"type":"Point","coordinates":[21.016667,54.45]},"properties":{"uid":"battles:5ad2a655ed0c","layer":"battles","layer_title":"Сражения и военные события","group":"military","title":"Фридландское сражение","category":"Война четвёртой коалиции","year_from":1807,"year_to":1807,"date_precision":"day","date_approx":false,"period_raw":"1807-06-14","work":"Война четвёртой коалиции","url":"https://ru.wikipedia.org/wiki/Фридландское сражение","source":"Русская Википедия / Викиданные","source_id":"Q241108","license":"CC BY-SA 4.0","confidence":"ok","extra":{"era":"Российская Империя","war_raw":"Война четвёртой коалиции"}}},{"type":"Feature","id":"battles:f987a217e26e","geometry":{"type":"Point","coordinates":[43.833333,40.783333]},"properties":{"uid":"battles:f987a217e26e","layer":"battles","layer_title":"Сражения и военные события","group":"military","title":"Оборона Гумры","category":"Российская Империя","year_from":1807,"year_to":1807,"date_precision":"day","date_approx":false,"period_raw":"1807-01-01","url":"https://ru.wikipedia.org/wiki/Оборона Гумры","source":"Русская Википедия / Викиданные","source_id":"Q124812351","license":"CC BY-SA 4.0","confidence":"place_level","extra":{"era":"Российская Империя","war_raw":null}}},{"type":"Feature","id":"battles:674569b2b4dd","geometry":{"type":"Point","coordinates":[23.6158,62.5864]},"properties":{"uid":"battles:674569b2b4dd","layer":"battles","layer_title":"Сражения и военные события","group":"military","title":"Сражение при Алаво","category":"Русско-шведская война","year_from":1808,"year_to":1808,"date_precision":"day","date_approx":false,"period_raw":"1808-08-17","work":"Русско-шведская война","url":"https://ru.wikipedia.org/wiki/Сражение при Алаво","source":"Русская Википедия / Викиданные","source_id":"Q2599254","license":"CC BY-SA 4.0","confidence":"ok","extra":{"era":"Российская Империя","war_raw":"Русско-шведская война"}}},{"type":"Feature","id":"battles:2afd832d22ec","geometry":{"type":"Point","coordinates":[24.4,63.233333]},"properties":{"uid":"battles:2afd832d22ec","layer":"battles","layer_title":"Сражения и военные события","group":"military","title":"Бой на Коконсаарском болоте","category":"Русско-шведская война","year_from":1808,"year_to":1808,"date_precision":"day","date_approx":false,"period_raw":"1808-07-11","work":"Русско-шведская война","summary":"Бой на Коконсаарском болоте (швед. Slaget vid Kokonsaari; Бой у Перхо) — одно из сражений русско-шведской войны (1808—1809), произошедшее 29 июня (11 июля) 1808 на территории Северной Финляндии (Остроботния).","url":"https://ru.wikipedia.org/wiki/Бой на Коконсаарском болоте","source":"Русская Википедия / Викиданные","source_id":"Q10671375","license":"CC BY-SA 4.0","confidence":"ok","extra":{"era":"Российская Империя","war_raw":"Русско-шведская война"}}},{"type":"Feature","id":"battles:037e54e831d6","geometry":{"type":"Point","coordinates":[24.802222,62.876944]},"properties":{"uid":"battles:037e54e831d6","layer":"battles","layer_title":"Сражения и военные события","group":"military","title":"Сражение при Карстуле","category":"Русско-шведская война","year_from":1808,"year_to":1808,"date_precision":"day","date_approx":false,"period_raw":"1808-08-21","work":"Русско-шведская война","url":"https://ru.wikipedia.org/wiki/Сражение при Карстуле","source":"Русская Википедия / Викиданные","source_id":"Q10671371","license":"CC BY-SA 4.0","confidence":"ok","extra":{"era":"Российская Империя","war_raw":"Русско-шведская война"}}},{"type":"Feature","id":"battles:82961527ac89","geometry":{"type":"Point","coordinates":[23.0167,62.9667]},"properties":{"uid":"battles:82961527ac89","layer":"battles","layer_title":"Сражения и военные события","group":"military","title":"Сражение при Лаппо","category":"Русско-шведская война","year_from":1808,"year_to":1808,"date_precision":"day","date_approx":false,"period_raw":"1808-07-14","work":"Русско-шведская война","url":"https://ru.wikipedia.org/wiki/Сражение при Лаппо","source":"Русская Википедия / Викиданные","source_id":"Q2600584","license":"CC BY-SA 4.0","confidence":"ok","extra":{"era":"Российская Империя","war_raw":"Русско-шведская война"}}},{"type":"Feature","id":"battles:a3bfb50a4202","geometry":{"type":"Point","coordinates":[22.37503,63.28273]},"properties":{"uid":"battles:a3bfb50a4202","layer":"battles","layer_title":"Сражения и военные события","group":"military","title":"Сражение при Оровайсе","category":"Русско-шведская война","year_from":1808,"year_to":1808,"date_precision":"day","date_approx":false,"period_raw":"1808-09-14","work":"Русско-шведская война","url":"https://ru.wikipedia.org/wiki/Сражение при Оровайсе","source":"Русская Википедия / Викиданные","source_id":"Q2286332","license":"CC BY-SA 4.0","confidence":"ok","extra":{"era":"Российская Империя","war_raw":"Русско-шведская война"}}},{"type":"Feature","id":"battles:2a7bb82ded54","geometry":{"type":"Point","coordinates":[24.733333,64.833333]},"properties":{"uid":"battles:2a7bb82ded54","layer":"battles","layer_title":"Сражения и военные события","group":"military","title":"Сражение при Сикайоки","category":"Русско-шведская война","year_from":1808,"year_to":1808,"date_precision":"day","date_approx":false,"period_raw":"1808-04-18","work":"Русско-шведская война","url":"https://ru.wikipedia.org/wiki/Сражение при Сикайоки","source":"Русская Википедия / Викиданные","source_id":"Q2182031","license":"CC BY-SA 4.0","confidence":"ok","extra":{"era":"Российская Империя","war_raw":"Русско-шведская война"}}},{"type":"Feature","id":"battles:6355df6bcecd","geometry":{"type":"Point","coordinates":[21.418,60.5]},"properties":{"uid":"battles:6355df6bcecd","layer":"battles","layer_title":"Сражения и военные события","group":"military","title":"Сражение у острова Судсало","category":"Русско-шведская война","year_from":1808,"year_to":1808,"date_precision":"day","date_approx":false,"period_raw":"1808-08-30","work":"Русско-шведская война","url":"https://ru.wikipedia.org/wiki/Сражение у острова Судсало","source":"Русская Википедия / Викиданные","source_id":"Q3379096","license":"CC BY-SA 4.0","confidence":"ok","extra":{"era":"Российская Империя","war_raw":"Русско-шведская война"}}},{"type":"Feature","id":"battles:515bf4e238fc","geometry":{"type":"Point","coordinates":[44.514444,40.181389]},"properties":{"uid":"battles:515bf4e238fc","layer":"battles","layer_title":"Сражения и военные события","group":"military","title":"Осада Эривани (1808)","category":"Русско-персидская война (1804—1813)","year_from":1808,"year_to":1808,"date_precision":"day","date_approx":false,"period_raw":"1808-01-01","work":"Русско-персидская война (1804—1813)","url":"https://ru.wikipedia.org/wiki/Осада Эривани (1808)","source":"Русская Википедия / Викиданные","source_id":"Q48804713","license":"CC BY-SA 4.0","confidence":"ok","extra":{"era":"Российская Империя","war_raw":"Русско-персидская война (1804—1813)"}}},{"type":"Feature","id":"battles:6e5a9e83a2c6","geometry":{"type":"Point","coordinates":[18.55,57.5]},"properties":{"uid":"battles:6e5a9e83a2c6","layer":"battles","layer_title":"Сражения и военные события","group":"military","title":"Готландская экспедиция (1808)","category":"Русско-шведская война 1808–1809","year_from":1808,"year_to":1808,"date_precision":"year","date_approx":false,"period_raw":"1808.0","work":"Русско-шведская война 1808–1809","summary":"Русская оккупация острова Готланд (швед. Ryska ockupationen av Gotland 1808) — десантная операция в ходе русско-шведской войны 1808—1809 года, во время проведения которой русский отряд под командованием Н. А. Бодиско высадился 22 апреля и полностью овладел всей территорией шведского острова Готланд, но после прибытия шведского флота и войск в результате переговоров, сдав шведам оружие, 18 мая 1808","url":"https://ru.wikipedia.org/wiki/Готландская экспедиция (1808)","source":"Русская Википедия / Викиданные","source_id":"Q17634343","license":"CC BY-SA 4.0","confidence":"place_level","extra":{"era":"Российская Империя","war_raw":"Русско-шведская война 1808–1809"}}},{"type":"Feature","id":"battles:4bbb29b26689","geometry":{"type":"Point","coordinates":[27.164167,63.588611]},"properties":{"uid":"battles:4bbb29b26689","layer":"battles","layer_title":"Сражения и военные события","group":"military","title":"Сражение при Иденсальми","category":"Русско-шведская война 1808–1809","year_from":1808,"year_to":1808,"date_precision":"day","date_approx":false,"period_raw":"1808-10-27","work":"Русско-шведская война 1808–1809","url":"https://ru.wikipedia.org/wiki/Сражение при Иденсальми","source":"Русская Википедия / Викиданные","source_id":"Q2638217","license":"CC BY-SA 4.0","confidence":"ok","extra":{"era":"Российская Империя","war_raw":"Русско-шведская война 1808–1809"}}},{"type":"Feature","id":"battles:22057b9b1cfc","geometry":{"type":"Point","coordinates":[22.533333,63.516667]},"properties":{"uid":"battles:22057b9b1cfc","layer":"battles","layer_title":"Сражения и военные события","group":"military","title":"Сражение при Нюкарлебю","category":"Русско-шведская война 1808–1809","year_from":1808,"year_to":1808,"date_precision":"day","date_approx":false,"period_raw":"1808-06-24","work":"Русско-шведская война 1808–1809","url":"https://ru.wikipedia.org/wiki/Сражение при Нюкарлебю","source":"Русская Википедия / Викиданные","source_id":"Q3363513","license":"CC BY-SA 4.0","confidence":"ok","extra":{"era":"Российская Империя","war_raw":"Русско-шведская война 1808–1809"}}},{"type":"Feature","id":"battles:44a497209b11","geometry":{"type":"Point","coordinates":[24.258333,64.463889]},"properties":{"uid":"battles:44a497209b11","layer":"battles","layer_title":"Сражения и военные события","group":"military","title":"Сражение при Пюхяйоки","category":"Русско-шведская война 1808–1809","year_from":1808,"year_to":1808,"date_precision":"day","date_approx":false,"period_raw":"1808-04-16","work":"Русско-шведская война 1808–1809","url":"https://ru.wikipedia.org/wiki/Сражение при Пюхяйоки","source":"Русская Википедия / Викиданные","source_id":"Q2600543","license":"CC BY-SA 4.0","confidence":"ok","extra":{"era":"Российская Империя","war_raw":"Русско-шведская война 1808–1809"}}},{"type":"Feature","id":"battles:8b5842a56541","geometry":{"type":"Point","coordinates":[25.866667,64.268056]},"properties":{"uid":"battles:8b5842a56541","layer":"battles","layer_title":"Сражения и военные события","group":"military","title":"Сражение при Пулкила","category":"Русско-шведская война 1808–1809","year_from":1808,"year_to":1808,"date_precision":"day","date_approx":false,"period_raw":"1808-05-02","work":"Русско-шведская война 1808–1809","url":"https://ru.wikipedia.org/wiki/Сражение при Пулкила","source":"Русская Википедия / Викиданные","source_id":"Q2600996","license":"CC BY-SA 4.0","confidence":"ok","extra":{"era":"Российская Империя","war_raw":"Русско-шведская война 1808–1809"}}},{"type":"Feature","id":"battles:dfcd7ca8f1e3","geometry":{"type":"Point","coordinates":[24.963889,64.718056]},"properties":{"uid":"battles:dfcd7ca8f1e3","layer":"battles","layer_title":"Сражения и военные события","group":"military","title":"Сражение при Револаксе","category":"Русско-шведская война 1808–1809","year_from":1808,"year_to":1808,"date_precision":"day","date_approx":false,"period_raw":"1808-04-27","work":"Русско-шведская война 1808–1809","url":"https://ru.wikipedia.org/wiki/Сражение при Револаксе","source":"Русская Википедия / Викиданные","source_id":"Q1978178","license":"CC BY-SA 4.0","confidence":"ok","extra":{"era":"Российская Империя","war_raw":"Русско-шведская война 1808–1809"}}},{"type":"Feature","id":"battles:3ab92af87697","geometry":{"type":"Point","coordinates":[24.987222,60.147222]},"properties":{"uid":"battles:3ab92af87697","layer":"battles","layer_title":"Сражения и военные события","group":"military","title":"Осада Свеаборга","category":"Русско-шведская война 1808–1809","year_from":1808,"year_to":1808,"date_precision":"year","date_approx":false,"period_raw":"1808.0","work":"Русско-шведская война 1808–1809","summary":"Осада Свеаборга — осада русскими войсками, продолжавшаяся с 2 (14) марта по 21 апреля (3 мая) 1808 года во время русско-шведской войны 1808—1809 годов.","url":"https://ru.wikipedia.org/wiki/Осада Свеаборга","source":"Русская Википедия / Викиданные","source_id":"Q2600573","license":"CC BY-SA 4.0","confidence":"ok","extra":{"era":"Российская Империя","war_raw":"Русско-шведская война 1808–1809"}}},{"type":"Feature","id":"battles:e56b276ce289","geometry":{"type":"Point","coordinates":[19.911944,63.624167]},"properties":{"uid":"battles:e56b276ce289","layer":"battles","layer_title":"Сражения и военные события","group":"military","title":"Дело при Гернефорсе","category":"Русско-шведская война","year_from":1809,"year_to":1809,"date_precision":"day","date_approx":false,"period_raw":"1809-07-05","work":"Русско-шведская война","url":"https://ru.wikipedia.org/wiki/Дело при Гернефорсе","source":"Русская Википедия / Викиданные","source_id":"Q3424817","license":"CC BY-SA 4.0","confidence":"ok","extra":{"era":"Российская Империя","war_raw":"Русско-шведская война"}}},{"type":"Feature","id":"battles:09ed32299bbe","geometry":{"type":"Point","coordinates":[20.95,64.75]},"properties":{"uid":"battles:09ed32299bbe","layer":"battles","layer_title":"Сражения и военные события","group":"military","title":"Дело при Шелефте","category":"Русско-шведская война","year_from":1809,"year_to":1809,"date_precision":"day","date_approx":false,"period_raw":"1809-05-15","work":"Русско-шведская война","summary":"Дело при Шелефте (швед. Slaget vid Lejonströmsbron) — бой русско-шведской войны(1808—1809), в ходе которого русский отряд генерала Шувалова нанес 3 (15) мая 1809 года на реке Шелефте поражение шведским войскам генерала Фурумарка.","url":"https://ru.wikipedia.org/wiki/Дело при Шелефте","source":"Русская Википедия / Викиданные","source_id":"Q10671379","license":"CC BY-SA 4.0","confidence":"ok","extra":{"era":"Российская Империя","war_raw":"Русско-шведская война"}}},{"type":"Feature","id":"battles:2bdf49992d74","geometry":{"type":"Point","coordinates":[20.897778,63.992222]},"properties":{"uid":"battles:2bdf49992d74","layer":"battles","layer_title":"Сражения и военные события","group":"military","title":"Сражение при Ратане","category":"Русско-шведская война","year_from":1809,"year_to":1809,"date_precision":"day","date_approx":false,"period_raw":"1809-08-20","work":"Русско-шведская война","url":"https://ru.wikipedia.org/wiki/Сражение при Ратане","source":"Русская Википедия / Викиданные","source_id":"Q3427997","license":"CC BY-SA 4.0","confidence":"ok","extra":{"era":"Российская Империя","war_raw":"Русско-шведская война"}}},{"type":"Feature","id":"battles:6326292e99b3","geometry":{"type":"Point","coordinates":[25.666667,43.666667]},"properties":{"uid":"battles:6326292e99b3","layer":"battles","layer_title":"Сражения и военные события","group":"military","title":"Батинская битва (1810)","category":"Русско-турецкая война 1806—1812 годов","year_from":1810,"year_to":1810,"date_precision":"day","date_approx":false,"period_raw":"1810-08-26","work":"Русско-турецкая война 1806—1812 годов","summary":"Батинская битва — одно из сражений русско-турецкой войны 1806—1812 годов. Произошло 26 августа 1810 года в Болгарии в устье реки Янтры в районе села Батин. В сражении принимали участие русские войска под командованием Н. М. Каменского и турецкие — под командованием сераскера Кушанец-Али. Летом 1810 года турки начали стягивать крупные силы к осаждённой русскими войсками крепости","url":"https://ru.wikipedia.org/wiki/Батинская битва (1810)","source":"Русская Википедия / Викиданные","source_id":"Q4079386","license":"CC BY-SA 4.0","confidence":"ok","extra":{"era":"Российская Империя","war_raw":"Русско-турецкая война 1806—1812 годов"}}},{"type":"Feature","id":"battles:ab0d1e3d4b0b","geometry":{"type":"Point","coordinates":[47.405556,39.443889]},"properties":{"uid":"battles:ab0d1e3d4b0b","layer":"battles","layer_title":"Сражения и военные события","group":"military","title":"Битва при Асландузе","category":"Русско-персидская война (1804—1813)","year_from":1812,"year_to":1812,"date_precision":"year","date_approx":false,"period_raw":"1812.0","work":"Русско-персидская война (1804—1813)","summary":"Битва при Асланду́зе — двухдневное сражение между русской и персидской армиями, шедшее 19 (31) октября — 20 октября (1 ноября) 1812 года во время Русско-персидской войны 1804—1813 годов. Персидский шах Фетх-Али направил в Закавказье 30-тысячную армию под предводительством наследника персидского престола Аббаса-Мирзы. Русский отряд, возглавляемый генерал-майором Петром Котляревс","url":"https://ru.wikipedia.org/wiki/Битва при Асландузе","source":"Русская Википедия / Викиданные","source_id":"Q2887908","license":"CC BY-SA 4.0","confidence":"ok","extra":{"era":"Российская Империя","war_raw":"Русско-персидская война (1804—1813)"}}},{"type":"Feature","id":"battles:5bfa4a14976f","geometry":{"type":"Point","coordinates":[24.466667,53.166667]},"properties":{"uid":"battles:5bfa4a14976f","layer":"battles","layer_title":"Сражения и военные события","group":"military","title":"Волковысское сражение","category":"Отечественная война 1812 года","year_from":1812,"year_to":1812,"date_precision":"day","date_approx":false,"period_raw":"1812-11-01","work":"Отечественная война 1812 года","url":"https://ru.wikipedia.org/wiki/Волковысское сражение","source":"Русская Википедия / Викиданные","source_id":"Q106616328","license":"CC BY-SA 4.0","confidence":"ok","extra":{"era":"Российская Империя","war_raw":"Отечественная война 1812 года"}}},{"type":"Feature","id":"battles:6b73df5f0ac9","geometry":{"type":"Point","coordinates":[32.05,54.783333]},"properties":{"uid":"battles:6b73df5f0ac9","layer":"battles","layer_title":"Сражения и военные события","group":"military","title":"Смоленское сражение (1812)","category":"Отечественная война 1812 года","year_from":1812,"year_to":1812,"date_precision":"day","date_approx":false,"period_raw":"1812-01-01","work":"Отечественная война 1812 года","url":"https://ru.wikipedia.org/wiki/Смоленское сражение (1812)","source":"Русская Википедия / Викиданные","source_id":"Q1071578","license":"CC BY-SA 4.0","confidence":"ok","extra":{"era":"Российская Империя","war_raw":"Отечественная война 1812 года"}}},{"type":"Feature","id":"battles:628d571fc55b","geometry":{"type":"Point","coordinates":[29.25,54.75]},"properties":{"uid":"battles:628d571fc55b","layer":"battles","layer_title":"Сражения и военные события","group":"military","title":"Бой под Чашниками","category":"Отечественная война 1812 года","year_from":1812,"year_to":1812,"date_precision":"day","date_approx":false,"period_raw":"1812-10-31","work":"Отечественная война 1812 года","summary":"Бой под Ча́шниками — сражение, произошедшее 19 (31) октября во время Отечественной войны 1812 года между 1-м Отдельным корпусом под командованием генерала П. Х. Витгенштейна и французскими войсками маршала Виктора. Этот бой был неудавшейся попыткой французов восстановить их позиции по линии Западной Двины.","url":"https://ru.wikipedia.org/wiki/Бой под Чашниками","source":"Русская Википедия / Викиданные","source_id":"Q738791","license":"CC BY-SA 4.0","confidence":"ok","extra":{"era":"Российская Империя","war_raw":"Отечественная война 1812 года"}}},{"type":"Feature","id":"battles:16ac380ec4a2","geometry":{"type":"Point","coordinates":[35.816667,55.516667]},"properties":{"uid":"battles:16ac380ec4a2","layer":"battles","layer_title":"Сражения и военные события","group":"military","title":"Бородинское сражение","category":"Отечественная война 1812 года","year_from":1812,"year_to":1812,"date_precision":"day","date_approx":false,"period_raw":"1812-09-07","work":"Отечественная война 1812 года","url":"https://ru.wikipedia.org/wiki/Бородинское сражение","source":"Русская Википедия / Викиданные","source_id":"Q184320","license":"CC BY-SA 4.0","confidence":"ok","extra":{"era":"Российская Империя","war_raw":"Отечественная война 1812"}}},{"type":"Feature","id":"battles:84b313bcea2b","geometry":{"type":"Point","coordinates":[32.2411,54.8231]},"properties":{"uid":"battles:84b313bcea2b","layer":"battles","layer_title":"Сражения и военные события","group":"military","title":"Бой у Валутиной горы","category":"Отечественная война 1812 года","year_from":1812,"year_to":1812,"date_precision":"day","date_approx":false,"period_raw":"1812-08-18","work":"Отечественная война 1812 года","url":"https://ru.wikipedia.org/wiki/Бой у Валутиной горы","source":"Русская Википедия / Викиданные","source_id":"Q771425","license":"CC BY-SA 4.0","confidence":"ok","extra":{"era":"Российская Империя","war_raw":"Отечественная война 1812"}}},{"type":"Feature","id":"battles:f18618c27e13","geometry":{"type":"Point","coordinates":[34.3,55.2]},"properties":{"uid":"battles:f18618c27e13","layer":"battles","layer_title":"Сражения и военные события","group":"military","title":"Сражение под Вязьмой (1812)","category":"Отечественная война 1812 года","year_from":1812,"year_to":1812,"date_precision":"day","date_approx":false,"period_raw":"1812-11-03","work":"Отечественная война 1812 года","url":"https://ru.wikipedia.org/wiki/Сражение под Вязьмой (1812)","source":"Русская Википедия / Викиданные","source_id":"Q903472","license":"CC BY-SA 4.0","confidence":"ok","extra":{"era":"Российская Империя","war_raw":"Отечественная война 1812"}}},{"type":"Feature","id":"battles:cddabb321a45","geometry":{"type":"Point","coordinates":[32.603,54.566]},"properties":{"uid":"battles:cddabb321a45","layer":"battles","layer_title":"Сражения и военные события","group":"military","title":"Бой под Ляховом","category":"Отечественная война 1812 года","year_from":1812,"year_to":1812,"date_precision":"day","date_approx":false,"period_raw":"1812-11-09","work":"Отечественная война 1812 года","summary":"Бой под Ляховом — бой у деревни Ляхово 28 октября (9 ноября) 1812 года, в ходе которого соединённые силы партизанских отрядов Д. В. Давыдова, А. Н. Сеславина, А. С. Фигнера и кавалерийского отряда В. В. Орлова-Денисова разгромили французскую бригаду генерала Ж. П. Ожеро.","url":"https://ru.wikipedia.org/wiki/Бой под Ляховом","source":"Русская Википедия / Викиданные","source_id":"Q4090308","license":"CC BY-SA 4.0","confidence":"ok","extra":{"era":"Российская Империя","war_raw":"Отечественная война 1812"}}},{"type":"Feature","id":"battles:86c5bb5c46e5","geometry":{"type":"Point","coordinates":[36.458333,55.021667]},"properties":{"uid":"battles:86c5bb5c46e5","layer":"battles","layer_title":"Сражения и военные события","group":"military","title":"Сражение под Малоярославцем","category":"Отечественная война 1812 года","year_from":1812,"year_to":1812,"date_precision":"day","date_approx":false,"period_raw":"1812-10-24","work":"Отечественная война 1812 года","url":"https://ru.wikipedia.org/wiki/Сражение под Малоярославцем","source":"Русская Википедия / Викиданные","source_id":"Q598090","license":"CC BY-SA 4.0","confidence":"ok","extra":{"era":"Российская Империя","war_raw":"Отечественная война 1812"}}},{"type":"Feature","id":"battles:90e8b5c9a691","geometry":{"type":"Point","coordinates":[26.466667,53.45]},"properties":{"uid":"battles:90e8b5c9a691","layer":"battles","layer_title":"Сражения и военные события","group":"military","title":"Битва под Миром (1812)","category":"Отечественная война 1812 года","year_from":1812,"year_to":1812,"date_precision":"year","date_approx":false,"period_raw":"1812.0","work":"Отечественная война 1812 года","summary":"Бой под Миром — 27—28 июня по старому стилю 1812 года, первый серьёзный арьергардный бой Отечественной войны 1812 года и второй вообще после стычки около Гродно, так называемое «дело казаков Платова», между казачьим корпусом 2-й Западной армии и кавалерийской дивизией генерала Рожнецкого правого крыла «Великой армии».","url":"https://ru.wikipedia.org/wiki/Битва под Миром (1812)","source":"Русская Википедия / Викиданные","source_id":"Q2889345","license":"CC BY-SA 4.0","confidence":"ok","extra":{"era":"Российская Империя","war_raw":"Отечественная война 1812"}}},{"type":"Feature","id":"battles:1945f0afa486","geometry":{"type":"Point","coordinates":[24.106944,56.9475]},"properties":{"uid":"battles:1945f0afa486","layer":"battles","layer_title":"Сражения и военные события","group":"military","title":"Оборона Риги (1812)","category":"Отечественная война 1812 года","year_from":1812,"year_to":1812,"date_precision":"day","date_approx":false,"period_raw":"1812-07-01","work":"Отечественная война 1812 года","url":"https://ru.wikipedia.org/wiki/Оборона Риги (1812)","source":"Русская Википедия / Викиданные","source_id":"Q7510345","license":"CC BY-SA 4.0","confidence":"ok","extra":{"era":"Российская Империя","war_raw":"Отечественная война 1812"}}},{"type":"Feature","id":"battles:72e74e3df770","geometry":{"type":"Point","coordinates":[29.8554,55.139]},"properties":{"uid":"battles:72e74e3df770","layer":"battles","layer_title":"Сражения и военные события","group":"military","title":"Бой под Островно","category":"Отечественная война 1812 года","year_from":1812,"year_to":1812,"date_precision":"year","date_approx":false,"period_raw":"1812.0","work":"Отечественная война 1812 года","summary":"Бой под Островно — арьергардные бои 13 (25) — 15 (27) июля 1812 года отступающей 1-й русской армии Барклая-де-Толли с французской армией под Витебском с целью сдержать продвижение французского авангарда. Трёхдневные бои часто именуются во французской истории как бои под Витебском.","url":"https://ru.wikipedia.org/wiki/Бой под Островно","source":"Русская Википедия / Викиданные","source_id":"Q903304","license":"CC BY-SA 4.0","confidence":"ok","extra":{"era":"Российская Империя","war_raw":"Отечественная война 1812"}}},{"type":"Feature","id":"battles:0cfb480ddafb","geometry":{"type":"Point","coordinates":[30.230741,53.812705]},"properties":{"uid":"battles:0cfb480ddafb","layer":"battles","layer_title":"Сражения и военные события","group":"military","title":"Бой под Салтановкой","category":"Отечественная война 1812 года","year_from":1812,"year_to":1812,"date_precision":"day","date_approx":false,"period_raw":"1812-07-23","work":"Отечественная война 1812 года","summary":"Бой под Салтановкой (часто также именуется Бой при Дашкове) — бой корпуса Раевского из 2-й русской Западной армии П. И. Багратиона с французами 11 (23) июля 1812 года под Могилёвом (село Салтановка) на начальном этапе Отечественной войны 1812 года. Также третий бой всей войны 1812 года.","url":"https://ru.wikipedia.org/wiki/Бой под Салтановкой","source":"Русская Википедия / Викиданные","source_id":"Q840790","license":"CC BY-SA 4.0","confidence":"ok","extra":{"era":"Российская Империя","war_raw":"Отечественная война 1812"}}},{"type":"Feature","id":"battles:1fbe5eac397a","geometry":{"type":"Point","coordinates":[37.002778,55.177222]},"properties":{"uid":"battles:1fbe5eac397a","layer":"battles","layer_title":"Сражения и военные события","group":"military","title":"Тарутинский бой","category":"Отечественная война 1812 года","year_from":1812,"year_to":1812,"date_precision":"day","date_approx":false,"period_raw":"1812-10-18","work":"Отечественная война 1812 года","url":"https://ru.wikipedia.org/wiki/Тарутинский бой","source":"Русская Википедия / Викиданные","source_id":"Q1083718","license":"CC BY-SA 4.0","confidence":"ok","extra":{"era":"Российская Империя","war_raw":"Отечественная война 1812"}}},{"type":"Feature","id":"battles:ad65e4eb44ba","geometry":{"type":"Point","coordinates":[30.166667,55.183333]},"properties":{"uid":"battles:ad65e4eb44ba","layer":"battles","layer_title":"Сражения и военные события","group":"military","title":"Взятие Витебска","category":"Отечественная война 1812 года","year_from":1812,"year_to":1812,"date_precision":"day","date_approx":false,"period_raw":"1812-11-07","work":"Отечественная война 1812 года","url":"https://ru.wikipedia.org/wiki/Взятие Витебска","source":"Русская Википедия / Викиданные","source_id":"Q124312242","license":"CC BY-SA 4.0","confidence":"place_level","extra":{"era":"Российская Империя","war_raw":"Отечественная война 1812"}}},{"type":"Feature","id":"battles:ef6e69b60942","geometry":{"type":"Point","coordinates":[24.666667,55.233333]},"properties":{"uid":"battles:ef6e69b60942","layer":"battles","layer_title":"Сражения и военные события","group":"military","title":"Бой при Вилькомире","category":"Отечественная война 1812 года","year_from":1812,"year_to":1812,"date_precision":"year","date_approx":false,"period_raw":"1812.0","work":"Отечественная война 1812 года","summary":"Бой при Вилькомире — боестолкновение между авангардом французского корпуса маршала Удино с арьергардом русского корпуса графа Витгенштейна под командованием генерал-майора Кульнева у литовского города Вилькомир 28 июня 1812 года.","url":"https://ru.wikipedia.org/wiki/Бой при Вилькомире","source":"Русская Википедия / Викиданные","source_id":"Q9172941","license":"CC BY-SA 4.0","confidence":"place_level","extra":{"era":"Российская Империя","war_raw":"Отечественная война 1812"}}},{"type":"Feature","id":"battles:ccea0d218476","geometry":{"type":"Point","coordinates":[24.356667,52.2125]},"properties":{"uid":"battles:ccea0d218476","layer":"battles","layer_title":"Сражения и военные события","group":"military","title":"Бой под Кобрином","category":"Отечественная война 1812 года","year_from":1812,"year_to":1812,"date_precision":"day","date_approx":false,"period_raw":"1812-07-27","work":"Отечественная война 1812 года","summary":"Бой под Ко́брином — полный разгром 15 (27) июля 1812 года русскими войсками саксонской бригады в городе Кобрин на начальном этапе Отечественной войны. Первая крупная победа русских войск в Отечественной войне 1812 года. По своим масштабам и военно-политическим последствиям стала самой крупной и значительной победой на начальном этапе войны 1812 года.","url":"https://ru.wikipedia.org/wiki/Бой под Кобрином","source":"Русская Википедия / Викиданные","source_id":"Q743671","license":"CC BY-SA 4.0","confidence":"place_level","extra":{"era":"Российская Империя","war_raw":"Отечественная война 1812"}}},{"type":"Feature","id":"battles:d9ee3cc0c203","geometry":{"type":"Point","coordinates":[24.053889,56.441111]},"properties":{"uid":"battles:d9ee3cc0c203","layer":"battles","layer_title":"Сражения и военные события","group":"military","title":"Сражение при Мезотене","category":"Отечественная война 1812 года","year_from":1812,"year_to":1812,"date_precision":"day","date_approx":false,"period_raw":"1812-09-29","work":"Отечественная война 1812 года","url":"https://ru.wikipedia.org/wiki/Сражение при Мезотене","source":"Русская Википедия / Викиданные","source_id":"Q4438394","license":"CC BY-SA 4.0","confidence":"place_level","extra":{"era":"Российская Империя","war_raw":"Отечественная война 1812"}}},{"type":"Feature","id":"battles:cbaf5b98635a","geometry":{"type":"Point","coordinates":[24.2,56.6]},"properties":{"uid":"battles:cbaf5b98635a","layer":"battles","layer_title":"Сражения и военные события","group":"military","title":"Битва при Экау","category":"Отечественная война 1812 года","year_from":1812,"year_to":1812,"date_precision":"day","date_approx":false,"period_raw":"1812-07-19","work":"Отечественная война 1812 года","summary":"Битва при Экау — сражение начального этапа Отечественной войны 1812 года, произошедшее 7 (19) июля. Прусская дивизия генерала Граверта, входившая в состав наполеоновского 10-го армейского корпуса маршала Этьена Макдональда одержала победу над русскими войсками генерала Ф. Ф. Левиза при Экау (совр. Иецава).","url":"https://ru.wikipedia.org/wiki/Битва при Экау","source":"Русская Википедия / Викиданные","source_id":"Q4087482","license":"CC BY-SA 4.0","confidence":"place_level","extra":{"era":"Российская Империя","war_raw":"Отечественная война 1812"}}},{"type":"Feature","id":"battles:9e247438bd86","geometry":{"type":"Point","coordinates":[12.413333,51.312222]},"properties":{"uid":"battles:9e247438bd86","layer":"battles","layer_title":"Сражения и военные события","group":"military","title":"Битва народов","category":"Освободительная война в Германии","year_from":1813,"year_to":1813,"date_precision":"year","date_approx":false,"period_raw":"1813.0","work":"Освободительная война в Германии","summary":"Би́тва под Ле́йпцигом (в литературе также часто встречается название Би́тва наро́дов, нем. Völkerschlacht bei Leipzig, 16—19 октября 1813 года) — крупнейшее сражение во время Наполеоновских войн и в мировой истории до Первой мировой войны. Армия императора французов Наполеона I потерпела поражение от союзных армий России, Австрии, Пруссии и Швеции. Битва произошла на территории","url":"https://ru.wikipedia.org/wiki/Битва народов","source":"Русская Википедия / Викиданные","source_id":"Q151005","license":"CC BY-SA 4.0","confidence":"outside_bbox","extra":{"era":"Российская Империя","war_raw":"Освободительная война в Германии"}}},{"type":"Feature","id":"battles:4b099cae68fb","geometry":{"type":"Point","coordinates":[11.966667,51.483333]},"properties":{"uid":"battles:4b099cae68fb","layer":"battles","layer_title":"Сражения и военные события","group":"military","title":"Бой при Галле (1813 год)","category":"Освободительная война в Германии","year_from":1813,"year_to":1813,"date_precision":"day","date_approx":false,"period_raw":"1813-05-02","work":"Освободительная война в Германии","summary":"Бой при Галле (нем. Gefecht um Halle) — бой отряда русско-прусской объединённой армии под командованием Бюлова с французским гарнизоном города Галле 2 мая 1813 года.","url":"https://ru.wikipedia.org/wiki/Бой при Галле (1813 год)","source":"Русская Википедия / Викиданные","source_id":"Q1497948","license":"CC BY-SA 4.0","confidence":"outside_bbox","extra":{"era":"Российская Империя","war_raw":"Освободительная война в Германии"}}},{"type":"Feature","id":"battles:76c6b34411fb","geometry":{"type":"Point","coordinates":[10.8355,53.1531]},"properties":{"uid":"battles:76c6b34411fb","layer":"battles","layer_title":"Сражения и военные события","group":"military","title":"Сражение при Гёрде","category":"Освободительная война в Германии","year_from":1813,"year_to":1813,"date_precision":"day","date_approx":false,"period_raw":"1813-09-16","work":"Освободительная война в Германии","url":"https://ru.wikipedia.org/wiki/Сражение при Гёрде","source":"Русская Википедия / Викиданные","source_id":"Q541647","license":"CC BY-SA 4.0","confidence":"outside_bbox","extra":{"era":"Российская Империя","war_raw":"Освободительная война в Германии"}}},{"type":"Feature","id":"battles:c22cb5d82253","geometry":{"type":"Point","coordinates":[13.3,52.35]},"properties":{"uid":"battles:c22cb5d82253","layer":"battles","layer_title":"Сражения и военные события","group":"military","title":"Сражение у Гросберена","category":"Освободительная война в Германии","year_from":1813,"year_to":1813,"date_precision":"day","date_approx":false,"period_raw":"1813-09-04","work":"Освободительная война в Германии","url":"https://ru.wikipedia.org/wiki/Сражение у Гросберена","source":"Русская Википедия / Викиданные","source_id":"Q339052","license":"CC BY-SA 4.0","confidence":"outside_bbox","extra":{"era":"Российская Империя","war_raw":"Освободительная война в Германии"}}},{"type":"Feature","id":"battles:5403803ebe9a","geometry":{"type":"Point","coordinates":[13.0,51.966667]},"properties":{"uid":"battles:5403803ebe9a","layer":"battles","layer_title":"Сражения и военные события","group":"military","title":"Сражение при Денневице","category":"Война шестой коалиции","year_from":1813,"year_to":1813,"date_precision":"day","date_approx":false,"period_raw":"1813-09-06","work":"Война шестой коалиции","url":"https://ru.wikipedia.org/wiki/Сражение при Денневице","source":"Русская Википедия / Викиданные","source_id":"Q647827","license":"CC BY-SA 4.0","confidence":"outside_bbox","extra":{"era":"Российская Империя","war_raw":"Война шестой коалиции"}}},{"type":"Feature","id":"battles:89a55cb63af4","geometry":{"type":"Point","coordinates":[18.11491,51.76392]},"properties":{"uid":"battles:89a55cb63af4","layer":"battles","layer_title":"Сражения и военные события","group":"military","title":"Сражение при Калише (1813)","category":"Российская Империя","year_from":1813,"year_to":1813,"date_precision":"day","date_approx":false,"period_raw":"1813-01-01","url":"https://ru.wikipedia.org/wiki/Сражение при Калише (1813)","source":"Русская Википедия / Викиданные","source_id":"Q9173070","license":"CC BY-SA 4.0","confidence":"ok","extra":{"era":"Российская Империя","war_raw":null}}},{"type":"Feature","id":"battles:b5ffd46aa496","geometry":{"type":"Point","coordinates":[16.07,51.126667]},"properties":{"uid":"battles:b5ffd46aa496","layer":"battles","layer_title":"Сражения и военные события","group":"military","title":"Сражение на реке Кацбах","category":"Освободительная война в Германии","year_from":1813,"year_to":1813,"date_precision":"day","date_approx":false,"period_raw":"1813-08-26","work":"Освободительная война в Германии","url":"https://ru.wikipedia.org/wiki/Сражение на реке Кацбах","source":"Русская Википедия / Викиданные","source_id":"Q1085401","license":"CC BY-SA 4.0","confidence":"outside_bbox","extra":{"era":"Российская Империя","war_raw":"Освободительная война в Германии"}}},{"type":"Feature","id":"battles:7d14aa6948c2","geometry":{"type":"Point","coordinates":[38.6535,53.6525]},"properties":{"uid":"battles:7d14aa6948c2","layer":"battles","layer_title":"Сражения и военные события","group":"military","title":"Штурм Ленкорани","category":"Русско-персидская война (1804—1813)","year_from":1813,"year_to":1813,"date_precision":"day","date_approx":false,"period_raw":"1813-01-13","work":"Русско-персидская война (1804—1813)","url":"https://ru.wikipedia.org/wiki/Штурм Ленкорани","source":"Русская Википедия / Викиданные","source_id":"Q20820893","license":"CC BY-SA 4.0","confidence":"ok","extra":{"era":"Российская Империя","war_raw":"Русско-персидская война (1804—1813)"}}},{"type":"Feature","id":"battles:634de09415e3","geometry":{"type":"Point","coordinates":[12.4333,50.95]},"properties":{"uid":"battles:634de09415e3","layer":"battles","layer_title":"Сражения и военные события","group":"military","title":"Сражение при Мёккерне","category":"Освободительная война в Германии","year_from":1813,"year_to":1813,"date_precision":"day","date_approx":false,"period_raw":"1813-04-05","work":"Освободительная война в Германии","url":"https://ru.wikipedia.org/wiki/Сражение при Мёккерне","source":"Русская Википедия / Викиданные","source_id":"Q1497923","license":"CC BY-SA 4.0","confidence":"outside_bbox","extra":{"era":"Российская Империя","war_raw":"Освободительная война в Германии"}}},{"type":"Feature","id":"battles:40f3eafffb49","geometry":{"type":"Point","coordinates":[13.383333,52.516667]},"properties":{"uid":"battles:40f3eafffb49","layer":"battles","layer_title":"Сражения и военные события","group":"military","title":"Атака Берлина отрядами Чернышёва и Теттенборна (1813)","category":"Освободительная война в Германии","year_from":1813,"year_to":1813,"date_precision":"day","date_approx":false,"period_raw":"1813-02-20","work":"Освободительная война в Германии","summary":"Атака Берлина отрядами Чернышёва и Теттенборна — спланированное нападение отрядов русской армии генерал-адъютанта А. И. Чернышёва и полковника Ф.-К. Теттенборна на французский гарнизон города Берлина под командованием маршала Ожеро 20 февраля 1813 года.","url":"https://ru.wikipedia.org/wiki/Атака Берлина отрядами Чернышёва и Теттенборна (1813)","source":"Русская Википедия / Викиданные","source_id":"Q136193670","license":"CC BY-SA 4.0","confidence":"outside_bbox","extra":{"era":"Российская Империя","war_raw":"Освободительная война в Германии"}}},{"type":"Feature","id":"battles:6d5d37fef15d","geometry":{"type":"Point","coordinates":[11.046667,51.895833]},"properties":{"uid":"battles:6d5d37fef15d","layer":"battles","layer_title":"Сражения и военные события","group":"military","title":"Бой при Гальберштадте","category":"Освободительная война в Германии","year_from":1813,"year_to":1813,"date_precision":"day","date_approx":false,"period_raw":"1813-05-30","work":"Освободительная война в Германии","summary":"Бой при Гальберштадте (нем. Gefecht bei Halberstadt) — бой отряда русско-прусской объединённой армии под командованием Чернышёва с отрядом «вестфальцев» генерала Охса из армии Наполеона 30 мая 1813 года у города Хальберштадта.","url":"https://ru.wikipedia.org/wiki/Бой при Гальберштадте","source":"Русская Википедия / Викиданные","source_id":"Q130355194","license":"CC BY-SA 4.0","confidence":"outside_bbox","extra":{"era":"Российская Империя","war_raw":"Освободительная война в Германии"}}},{"type":"Feature","id":"battles:91d1e85d2e6c","geometry":{"type":"Point","coordinates":[14.8,51.141389]},"properties":{"uid":"battles:91d1e85d2e6c","layer":"battles","layer_title":"Сражения и военные события","group":"military","title":"Сражения при Рейхенбахе и Маркерсдорфе","category":"Освободительная война в Германии","year_from":1813,"year_to":1813,"date_precision":"day","date_approx":false,"period_raw":"1813-05-22","work":"Освободительная война в Германии","url":"https://ru.wikipedia.org/wiki/Сражения при Рейхенбахе и Маркерсдорфе","source":"Русская Википедия / Викиданные","source_id":"Q2237082","license":"CC BY-SA 4.0","confidence":"outside_bbox","extra":{"era":"Российская Империя","war_raw":"Освободительная война в Германии"}}},{"type":"Feature","id":"battles:ed562a9846f5","geometry":{"type":"Point","coordinates":[18.6014,53.0144]},"properties":{"uid":"battles:ed562a9846f5","layer":"battles","layer_title":"Сражения и военные события","group":"military","title":"Осада Торна (1813)","category":"Прусско-польская кампания (1812-1813)","year_from":1813,"year_to":1813,"date_precision":"day","date_approx":false,"period_raw":"1813-01-01","work":"Прусско-польская кампания (1812-1813)","url":"https://ru.wikipedia.org/wiki/Осада Торна (1813)","source":"Русская Википедия / Викиданные","source_id":"Q4337456","license":"CC BY-SA 4.0","confidence":"place_level","extra":{"era":"Российская Империя","war_raw":"Прусско-польская кампания (1812-1813)"}}},{"type":"Feature","id":"battles:dca68ffc5589","geometry":{"type":"Point","coordinates":[15.933333,51.266667]},"properties":{"uid":"battles:dca68ffc5589","layer":"battles","layer_title":"Сражения и военные события","group":"military","title":"Бой при Хайнау (1813 год)","category":"Освободительная война в Германии","year_from":1813,"year_to":1813,"date_precision":"day","date_approx":false,"period_raw":"1813-05-26","work":"Освободительная война в Германии","summary":"Бой при Хайнау (фр. Combat d’Haynau) — последний бой перед Плейсвицким перемирием, произошедший 26 мая 1813 года между французским авангардом колонны Лористона под командованием генерала Мезона и арьергардом правой колонны русско-прусской объединённой армии Блюхера.","url":"https://ru.wikipedia.org/wiki/Бой при Хайнау (1813 год)","source":"Русская Википедия / Викиданные","source_id":"Q1497904","license":"CC BY-SA 4.0","confidence":"outside_bbox","extra":{"era":"Российская Империя","war_raw":"Освободительная война в Германии"}}},{"type":"Feature","id":"battles:5fab3a233162","geometry":{"type":"Point","coordinates":[4.520833,48.391389]},"properties":{"uid":"battles:5fab3a233162","layer":"battles","layer_title":"Сражения и военные события","group":"military","title":"Сражение при Бриенне","category":"Освободительная война в Германии","year_from":1814,"year_to":1814,"date_precision":"day","date_approx":false,"period_raw":"1814-01-29","work":"Освободительная война в Германии","url":"https://ru.wikipedia.org/wiki/Сражение при Бриенне","source":"Русская Википедия / Викиданные","source_id":"Q763551","license":"CC BY-SA 4.0","confidence":"outside_bbox","extra":{"era":"Российская Империя","war_raw":"Освободительная война в Германии"}}},{"type":"Feature","id":"battles:e4aaa834cf9f","geometry":{"type":"Point","coordinates":[3.6164,48.8811]},"properties":{"uid":"battles:e4aaa834cf9f","layer":"battles","layer_title":"Сражения и военные события","group":"military","title":"Сражение при Вошане","category":"Освободительная война в Германии","year_from":1814,"year_to":1814,"date_precision":"day","date_approx":false,"period_raw":"1814-02-14","work":"Освободительная война в Германии","url":"https://ru.wikipedia.org/wiki/Сражение при Вошане","source":"Русская Википедия / Викиданные","source_id":"Q1192053","license":"CC BY-SA 4.0","confidence":"outside_bbox","extra":{"era":"Российская Империя","war_raw":"Освободительная война в Германии"}}},{"type":"Feature","id":"battles:97b98004f6da","geometry":{"type":"Point","coordinates":[3.724167,49.441111]},"properties":{"uid":"battles:97b98004f6da","layer":"battles","layer_title":"Сражения и военные события","group":"military","title":"Сражение при Краоне","category":"Освободительная война в Германии","year_from":1814,"year_to":1814,"date_precision":"day","date_approx":false,"period_raw":"1814-03-07","work":"Освободительная война в Германии","url":"https://ru.wikipedia.org/wiki/Сражение при Краоне","source":"Русская Википедия / Викиданные","source_id":"Q747386","license":"CC BY-SA 4.0","confidence":"outside_bbox","extra":{"era":"Российская Империя","war_raw":"Освободительная война в Германии"}}},{"type":"Feature","id":"battles:75f7adf99251","geometry":{"type":"Point","coordinates":[4.558333,48.345833]},"properties":{"uid":"battles:75f7adf99251","layer":"battles","layer_title":"Сражения и военные события","group":"military","title":"Сражение при Ла-Ротьере","category":"Война шестой коалиции","year_from":1814,"year_to":1814,"date_precision":"day","date_approx":false,"period_raw":"1814-02-01","work":"Война шестой коалиции","url":"https://ru.wikipedia.org/wiki/Сражение при Ла-Ротьере","source":"Русская Википедия / Викиданные","source_id":"Q568253","license":"CC BY-SA 4.0","confidence":"outside_bbox","extra":{"era":"Российская Империя","war_raw":"Война шестой коалиции"}}},{"type":"Feature","id":"battles:79fa2c06a89c","geometry":{"type":"Point","coordinates":[3.48066,48.8958]},"properties":{"uid":"battles:79fa2c06a89c","layer":"battles","layer_title":"Сражения и военные события","group":"military","title":"Сражение при Монмирале","category":"Освободительная война в Германии","year_from":1814,"year_to":1814,"date_precision":"day","date_approx":false,"period_raw":"1814-02-11","work":"Освободительная война в Германии","url":"https://ru.wikipedia.org/wiki/Сражение при Монмирале","source":"Русская Википедия / Викиданные","source_id":"Q745543","license":"CC BY-SA 4.0","confidence":"outside_bbox","extra":{"era":"Российская Империя","war_raw":"Освободительная война в Германии"}}},{"type":"Feature","id":"battles:46ffe832f45e","geometry":{"type":"Point","coordinates":[2.95,48.4]},"properties":{"uid":"battles:46ffe832f45e","layer":"battles","layer_title":"Сражения и военные события","group":"military","title":"Сражение при Монтро","category":"1814 campaign in France","year_from":1814,"year_to":1814,"date_precision":"day","date_approx":false,"period_raw":"1814-02-18","work":"1814 campaign in France","url":"https://ru.wikipedia.org/wiki/Сражение при Монтро","source":"Русская Википедия / Викиданные","source_id":"Q976655","license":"CC BY-SA 4.0","confidence":"outside_bbox","extra":{"era":"Российская Империя","war_raw":"1814 campaign in France"}}},{"type":"Feature","id":"battles:4c23f2078b4f","geometry":{"type":"Point","coordinates":[2.888611,48.607778]},"properties":{"uid":"battles:4c23f2078b4f","layer":"battles","layer_title":"Сражения и военные события","group":"military","title":"Сражение при Мормане","category":"Освободительная война в Германии","year_from":1814,"year_to":1814,"date_precision":"day","date_approx":false,"period_raw":"1814-02-17","work":"Освободительная война в Германии","url":"https://ru.wikipedia.org/wiki/Сражение при Мормане","source":"Русская Википедия / Викиданные","source_id":"Q752253","license":"CC BY-SA 4.0","confidence":"outside_bbox","extra":{"era":"Российская Империя","war_raw":"Освободительная война в Германии"}}},{"type":"Feature","id":"battles:c35ecb70a1f0","geometry":{"type":"Point","coordinates":[4.03472,49.2628]},"properties":{"uid":"battles:c35ecb70a1f0","layer":"battles","layer_title":"Сражения и военные события","group":"military","title":"Бой под Реймсом (1814)","category":"Освободительная война в Германии","year_from":1814,"year_to":1814,"date_precision":"day","date_approx":false,"period_raw":"1814-03-13","work":"Освободительная война в Германии","summary":"Бой под Реймсом (фр. Bataille de Reims) — одно из сражений во время кампании 1814 года под французским городом Реймсом, в котором император Наполеон разгромил русско-прусский корпус под началом генерала Э. Сен-При. После поражения 10 марта 1814 от русско-прусской армии фельдмаршала Г. Блюхера под Лаоном, Наполеон отступил в порядке, а затем стремительным манёвром внезапно атако","url":"https://ru.wikipedia.org/wiki/Бой под Реймсом (1814)","source":"Русская Википедия / Викиданные","source_id":"Q1051804","license":"CC BY-SA 4.0","confidence":"outside_bbox","extra":{"era":"Российская Империя","war_raw":"Освободительная война в Германии"}}},{"type":"Feature","id":"battles:8167a8a9e9fc","geometry":{"type":"Point","coordinates":[4.70764,48.2318]},"properties":{"uid":"battles:8167a8a9e9fc","layer":"battles","layer_title":"Сражения и военные события","group":"military","title":"Сражение при Бар-сюр-Обе","category":"Освободительная война в Германии","year_from":1814,"year_to":1814,"date_precision":"day","date_approx":false,"period_raw":"1814-02-27","work":"Освободительная война в Германии","url":"https://ru.wikipedia.org/wiki/Сражение при Бар-сюр-Обе","source":"Русская Википедия / Викиданные","source_id":"Q790119","license":"CC BY-SA 4.0","confidence":"outside_bbox","extra":{"era":"Российская Империя","war_raw":"Освободительная война в Германии"}}},{"type":"Feature","id":"battles:45382874b05c","geometry":{"type":"Point","coordinates":[4.0983,48.75]},"properties":{"uid":"battles:45382874b05c","layer":"battles","layer_title":"Сражения и военные события","group":"military","title":"Сражение при Фер-Шампенуазе","category":"Освободительная война в Германии","year_from":1814,"year_to":1814,"date_precision":"day","date_approx":false,"period_raw":"1814-03-25","work":"Освободительная война в Германии","url":"https://ru.wikipedia.org/wiki/Сражение при Фер-Шампенуазе","source":"Русская Википедия / Викиданные","source_id":"Q597249","license":"CC BY-SA 4.0","confidence":"outside_bbox","extra":{"era":"Российская Империя","war_raw":"Освободительная война в Германии"}}},{"type":"Feature","id":"battles:14aa177aeb8a","geometry":{"type":"Point","coordinates":[3.77591,48.8809]},"properties":{"uid":"battles:14aa177aeb8a","layer":"battles","layer_title":"Сражения и военные события","group":"military","title":"Сражение при Шампобере","category":"Освободительная война в Германии","year_from":1814,"year_to":1814,"date_precision":"day","date_approx":false,"period_raw":"1814-02-10","work":"Освободительная война в Германии","url":"https://ru.wikipedia.org/wiki/Сражение при Шампобере","source":"Русская Википедия / Викиданные","source_id":"Q642517","license":"CC BY-SA 4.0","confidence":"outside_bbox","extra":{"era":"Российская Империя","war_raw":"Освободительная война в Германии"}}},{"type":"Feature","id":"battles:223d191f5cce","geometry":{"type":"Point","coordinates":[3.4,49.04]},"properties":{"uid":"battles:223d191f5cce","layer":"battles","layer_title":"Сражения и военные события","group":"military","title":"Сражение при Шато-Тьерри (1814)","category":"Освободительная война в Германии","year_from":1814,"year_to":1814,"date_precision":"day","date_approx":false,"period_raw":"1814-02-12","work":"Освободительная война в Германии","url":"https://ru.wikipedia.org/wiki/Сражение при Шато-Тьерри (1814)","source":"Русская Википедия / Викиданные","source_id":"Q867154","license":"CC BY-SA 4.0","confidence":"outside_bbox","extra":{"era":"Российская Империя","war_raw":"Освободительная война в Германии"}}},{"type":"Feature","id":"battles:4a9ad71d47f4","geometry":{"type":"Point","coordinates":[47.846389,42.258333]},"properties":{"uid":"battles:4a9ad71d47f4","layer":"battles","layer_title":"Сражения и военные события","group":"military","title":"Башлынская битва","category":"Кавказская война 1817–1864","year_from":1818,"year_to":1818,"date_precision":"day","date_approx":false,"period_raw":"1818-10-26","work":"Кавказская война 1817–1864","summary":"Башлынская битва — сражение между отрядом русской императорской армии под руководством генерал-майора Андрея Пестеля, который занял аул Башлы — столицу Кайтагского уцмийства, и объединёнными силами дагестанских обществ (октябрь 1818 года). Бои продолжались 4 дня. Русские войска, потеряв убитыми и ранеными до четверти личного состава, были вынуждены отступить к Дербенту.","url":"https://ru.wikipedia.org/wiki/Башлынская битва","source":"Русская Википедия / Викиданные","source_id":"Q113411772","license":"CC BY-SA 4.0","confidence":"place_level","extra":{"era":"Российская Империя","war_raw":"Кавказская война"}}},{"type":"Feature","id":"battles:b07d50a09995","geometry":{"type":"Point","coordinates":[46.977222,42.805833]},"properties":{"uid":"battles:b07d50a09995","layer":"battles","layer_title":"Сражения и военные события","group":"military","title":"Сражение при Эрпели (1823)","category":"Кавказская война 1817–1864","year_from":1823,"year_to":1823,"date_precision":"day","date_approx":false,"period_raw":"1823-07-30","work":"Кавказская война 1817–1864","url":"https://ru.wikipedia.org/wiki/Сражение при Эрпели (1823)","source":"Русская Википедия / Викиданные","source_id":"Q48940644","license":"CC BY-SA 4.0","confidence":"place_level","extra":{"era":"Российская Империя","war_raw":"Кавказская война"}}},{"type":"Feature","id":"battles:e70e075add54","geometry":{"type":"Point","coordinates":[48.796111,38.992778]},"properties":{"uid":"battles:e70e075add54","layer":"battles","layer_title":"Сражения и военные события","group":"military","title":"Битва при Кызылагадже","category":"Российская Империя","year_from":1826,"year_to":1826,"date_precision":"day","date_approx":false,"period_raw":"1826-08-13","summary":"Битва при Кызылагадже — значимый эпизод противостояния между силами Талышского ханства под предводительством Мир Гасан-хана и российскими войсками. Сражение развернулось в окрестностях селения Кызылагадж, которое сегодня относится к Масаллинскому району.","url":"https://ru.wikipedia.org/wiki/Битва при Кызылагадже","source":"Русская Википедия / Викиданные","source_id":"Q110105519","license":"CC BY-SA 4.0","confidence":"place_level","extra":{"era":"Российская Империя","war_raw":null}}},{"type":"Feature","id":"battles:41972a71ffb6","geometry":{"type":"Point","coordinates":[46.360556,40.682778]},"properties":{"uid":"battles:41972a71ffb6","layer":"battles","layer_title":"Сражения и военные события","group":"military","title":"Сражение под Елисаветполем","category":"Русско-персидская война (1826—1828)","year_from":1826,"year_to":1826,"date_precision":"day","date_approx":false,"period_raw":"1826-09-26","work":"Русско-персидская война (1826—1828)","url":"https://ru.wikipedia.org/wiki/Сражение под Елисаветполем","source":"Русская Википедия / Викиданные","source_id":"Q4438370","license":"CC BY-SA 4.0","confidence":"place_level","extra":{"era":"Российская Империя","war_raw":"Русско-персидская война (1826—1828)"}}},{"type":"Feature","id":"battles:a8cc8317428b","geometry":{"type":"Point","coordinates":[44.516667,40.183333]},"properties":{"uid":"battles:a8cc8317428b","layer":"battles","layer_title":"Сражения и военные события","group":"military","title":"Взятие Эривани (1827)","category":"Русско-персидская война (1826—1828)","year_from":1827,"year_to":1827,"date_precision":"day","date_approx":false,"period_raw":"1827-10-13","work":"Русско-персидская война (1826—1828)","summary":"Взятие Эрива́ни — осада Отдельным Кавказским корпусом русской армии столицы Эриванского ханства города-крепости Эривани (Еревана) в ходе русско-персидской войны 1826—1828 годов. Осада завершилась 1 (13) октября 1827 года и стала кульминацией нескольких попыток (в 1804 и 1808 годах) установления контроля Российской империи над городом — самым значительным символом персидского м","url":"https://ru.wikipedia.org/wiki/Взятие Эривани (1827)","source":"Русская Википедия / Викиданные","source_id":"Q4110457","license":"CC BY-SA 4.0","confidence":"ok","extra":{"era":"Российская Империя","war_raw":"Русско-персидская война (1826—1828)"}}},{"type":"Feature","id":"battles:6b2f91a6002f","geometry":{"type":"Point","coordinates":[43.093056,40.606944]},"properties":{"uid":"battles:6b2f91a6002f","layer":"battles","layer_title":"Сражения и военные события","group":"military","title":"Осада Карса (1828)","category":"Русско-турецкая война 1828—1829 годов","year_from":1828,"year_to":1828,"date_precision":"day","date_approx":false,"period_raw":"1828-01-01","work":"Русско-турецкая война 1828—1829 годов","url":"https://ru.wikipedia.org/wiki/Осада Карса (1828)","source":"Русская Википедия / Викиданные","source_id":"Q14824597","license":"CC BY-SA 4.0","confidence":"ok","extra":{"era":"Российская Империя","war_raw":"Русско-турецкая война 1828—1829 годов"}}},{"type":"Feature","id":"battles:e7d742242117","geometry":{"type":"Point","coordinates":[26.924444,43.27]},"properties":{"uid":"battles:e7d742242117","layer":"battles","layer_title":"Сражения и военные события","group":"military","title":"Блокада Шумлы","category":"Российская Империя","year_from":1828,"year_to":1828,"date_precision":"year","date_approx":false,"period_raw":"1828.0","summary":"Блокада Шумлы (болг. Обсада на Шумен) — военная операция по блокаде османского укреплённого города Шумла, предпринимавшаяся российской армией во время русско-турецкой войны 1828—1829 годов.","url":"https://ru.wikipedia.org/wiki/Блокада Шумлы","source":"Русская Википедия / Викиданные","source_id":"Q20500830","license":"CC BY-SA 4.0","confidence":"ok","extra":{"era":"Российская Империя","war_raw":null}}},{"type":"Feature","id":"battles:0b6d60145a33","geometry":{"type":"Point","coordinates":[27.116111,43.257222]},"properties":{"uid":"battles:0b6d60145a33","layer":"battles","layer_title":"Сражения и военные события","group":"military","title":"Кулевчинское сражение","category":"Русско-турецкая война 1828—1829 годов","year_from":1829,"year_to":1829,"date_precision":"day","date_approx":false,"period_raw":"1829-06-11","work":"Русско-турецкая война 1828—1829 годов","url":"https://ru.wikipedia.org/wiki/Кулевчинское сражение","source":"Русская Википедия / Викиданные","source_id":"Q2032250","license":"CC BY-SA 4.0","confidence":"ok","extra":{"era":"Российская Империя","war_raw":"Русско-турецкая война 1828—1829 годов"}}},{"type":"Feature","id":"battles:7a25c490aeac","geometry":{"type":"Point","coordinates":[40.226,40.254639]},"properties":{"uid":"battles:7a25c490aeac","layer":"battles","layer_title":"Сражения и военные события","group":"military","title":"Штурм Байбурта","category":"Русско-турецкая война 1828—1829 годов","year_from":1829,"year_to":1829,"date_precision":"day","date_approx":false,"period_raw":"1829-10-09","work":"Русско-турецкая война 1828—1829 годов","url":"https://ru.wikipedia.org/wiki/Штурм Байбурта","source":"Русская Википедия / Викиданные","source_id":"Q124966618","license":"CC BY-SA 4.0","confidence":"place_level","extra":{"era":"Российская Империя","war_raw":"Русско-турецкая война 1828—1829 годов"}}},{"type":"Feature","id":"battles:0bbf972be90d","geometry":{"type":"Point","coordinates":[23.354444,54.556667]},"properties":{"uid":"battles:0bbf972be90d","layer":"battles","layer_title":"Сражения и военные события","group":"military","title":"Бой при Мариямполе","category":"Польское восстание 1830–1831","year_from":1830,"year_to":1830,"date_precision":"year","date_approx":false,"period_raw":"1830.0","work":"Польское восстание 1830–1831","summary":"Бой при Мариямполе (пол. Bitwa pod Mariampolem) — вооружённое столкновение в ходе Польского восстания 1830—1831 годов, произошедшее 10 (22) апреля 1831 года между подразделениями Русской императорской армии под командованием полковника Николая Анненкова и отрядами польско-литовских повстанцев под началом Антония Пушеты и майора Кароля Шона.","url":"https://ru.wikipedia.org/wiki/Бой при Мариямполе","source":"Русская Википедия / Викиданные","source_id":"Q7130796","license":"CC BY-SA 4.0","confidence":"place_level","extra":{"era":"Российская Империя","war_raw":"Польское восстание 1830 года"}}},{"type":"Feature","id":"battles:bf69c943ca0f","geometry":{"type":"Point","coordinates":[44.908042,42.658278]},"properties":{"uid":"battles:bf69c943ca0f","layer":"battles","layer_title":"Сражения и военные события","group":"military","title":"Военная экспедиция Абхазова в Ингушетию","category":"Кавказская война 1817–1864","year_from":1830,"year_to":1830,"date_precision":"day","date_approx":false,"period_raw":"1830-07-01","work":"Кавказская война 1817–1864","summary":"Военная экспедиция Абхазова в Ингушетию — военная операция Отдельного Кавказского корпуса в Ингушетию, которая была проведена в июле 1830 года в период Кавказской войны. Целями экспедиции были «устрашение» и «приведение в повиновение» живших в ущелье Ассы ингушей, которые считались российской администрацией крайне «неспокойными». Российский отряд под командованием И. Н. Абхазов","url":"https://ru.wikipedia.org/wiki/Военная экспедиция Абхазова в Ингушетию","source":"Русская Википедия / Викиданные","source_id":"Q125658233","license":"CC BY-SA 4.0","confidence":"place_level","extra":{"era":"Российская Империя","war_raw":"Кавказская война"}}},{"type":"Feature","id":"battles:6167213a7548","geometry":{"type":"Point","coordinates":[22.224444,51.669722]},"properties":{"uid":"battles:6167213a7548","layer":"battles","layer_title":"Сражения и военные события","group":"military","title":"Бой у Будзиски","category":"Польское восстание 1830–1831","year_from":1831,"year_to":1831,"date_precision":"day","date_approx":false,"period_raw":"1831-06-18","work":"Польское восстание 1830–1831","url":"https://ru.wikipedia.org/wiki/Бой у Будзиски","source":"Русская Википедия / Викиданные","source_id":"Q9172824","license":"CC BY-SA 4.0","confidence":"ok","extra":{"era":"Российская Империя","war_raw":"Польское восстание 1830 года"}}},{"type":"Feature","id":"battles:19bf4549d244","geometry":{"type":"Point","coordinates":[20.943056,52.227222]},"properties":{"uid":"battles:19bf4549d244","layer":"battles","layer_title":"Сражения и военные события","group":"military","title":"Осада Варшавы (1831)","category":"Польское восстание 1830–1831","year_from":1831,"year_to":1831,"date_precision":"day","date_approx":false,"period_raw":"1831-01-01","work":"Польское восстание 1830–1831","url":"https://ru.wikipedia.org/wiki/Осада Варшавы (1831)","source":"Русская Википедия / Викиданные","source_id":"Q570456","license":"CC BY-SA 4.0","confidence":"ok","extra":{"era":"Российская Империя","war_raw":"Польское восстание 1830 года"}}},{"type":"Feature","id":"battles:b4bc9cf64fef","geometry":{"type":"Point","coordinates":[21.107778,52.248611]},"properties":{"uid":"battles:b4bc9cf64fef","layer":"battles","layer_title":"Сражения и военные события","group":"military","title":"Сражение при Грохове","category":"Польское восстание 1830–1831","year_from":1831,"year_to":1831,"date_precision":"day","date_approx":false,"period_raw":"1831-02-25","work":"Польское восстание 1830–1831","url":"https://ru.wikipedia.org/wiki/Сражение при Грохове","source":"Русская Википедия / Викиданные","source_id":"Q1576383","license":"CC BY-SA 4.0","confidence":"ok","extra":{"era":"Российская Империя","war_raw":"Польское восстание 1830 года"}}},{"type":"Feature","id":"battles:892b65b88127","geometry":{"type":"Point","coordinates":[21.678333,52.321389]},"properties":{"uid":"battles:892b65b88127","layer":"battles","layer_title":"Сражения и военные события","group":"military","title":"Бой под Добрым","category":"Польское восстание 1830–1831","year_from":1831,"year_to":1831,"date_precision":"day","date_approx":false,"period_raw":"1831-02-17","work":"Польское восстание 1830–1831","summary":"Бой под Добрым (польск. Bitwa pod Dobrem) — одно из сражений в ходе Польского восстания 1830—1831 годов, которое произошло 5 (17) февраля 1831 года близ населённого пункта Добре (Доброе) (приблизительно в 40 километрах. к северо-востоку от Варшавы, на шоссе в Белосток) между русскими войсками корпуса барона Григория Владимировича Розена и польской дивизией генерала Яна Скржинец","url":"https://ru.wikipedia.org/wiki/Бой под Добрым","source":"Русская Википедия / Викиданные","source_id":"Q2888416","license":"CC BY-SA 4.0","confidence":"ok","extra":{"era":"Российская Империя","war_raw":"Польское восстание 1830 года"}}},{"type":"Feature","id":"battles:feedbd6d0a86","geometry":{"type":"Point","coordinates":[21.236944,51.162222]},"properties":{"uid":"battles:feedbd6d0a86","layer":"battles","layer_title":"Сражения и военные события","group":"military","title":"Бой под Илжей","category":"Польское восстание 1830–1831","year_from":1831,"year_to":1831,"date_precision":"day","date_approx":false,"period_raw":"1831-08-09","work":"Польское восстание 1830–1831","summary":"Бой под Илжей (пол. Bitwa pod Iłżą) — одно из вооруженных столкновений в ходе Польского восстания 1830—1831 годов, которое произошло 28 июля (9 августа) 1831 года близ населённого пункта Илжа между польскими повстанческими отрядами под началом Самуэля Ружицкого и частями русской армии под командованием генерала Ксенофонта Фёдоровича Квитницкого. Во время движения армии графа","url":"https://ru.wikipedia.org/wiki/Бой под Илжей","source":"Русская Википедия / Викиданные","source_id":"Q20032282","license":"CC BY-SA 4.0","confidence":"ok","extra":{"era":"Российская Империя","war_raw":"Польское восстание 1830 года"}}},{"type":"Feature","id":"battles:09827286dc68","geometry":{"type":"Point","coordinates":[22.186667,51.389167]},"properties":{"uid":"battles:09827286dc68","layer":"battles","layer_title":"Сражения и военные события","group":"military","title":"Бой под Курувом","category":"Польское восстание 1830–1831","year_from":1831,"year_to":1831,"date_precision":"day","date_approx":false,"period_raw":"1831-03-03","work":"Польское восстание 1830–1831","summary":"Бой под Курувом (польск. Bitwa pod Kurowem) — одно из вооруженных столкновений в ходе Польского восстания 1830—1831 годов, которое произошло 19 февраля (3 марта) 1831 года близ населённого пункта Курув между польскими повстанческими отрядами под началом генерала Юзефа Дверницкого и частями российской армии под командованием полковника Трухачевского.","url":"https://ru.wikipedia.org/wiki/Бой под Курувом","source":"Русская Википедия / Викиданные","source_id":"Q9173141","license":"CC BY-SA 4.0","confidence":"ok","extra":{"era":"Российская Империя","war_raw":"Польское восстание 1830 года"}}},{"type":"Feature","id":"battles:068d2e78d331","geometry":{"type":"Point","coordinates":[21.966944,52.375]},"properties":{"uid":"battles:068d2e78d331","layer":"battles","layer_title":"Сражения и военные события","group":"military","title":"Битва под Ливом","category":"Польское восстание 1830–1831","year_from":1831,"year_to":1831,"date_precision":"year","date_approx":false,"period_raw":"1831.0","work":"Польское восстание 1830–1831","summary":"Битва под Ливом (пол. Bitwa pod Liwem) — ряд боестолкновений произошедших в ходе Польского восстания в феврале-марте 1831 года близ населённого пункта Лив на берегах болотистой речки Ливец. На 1 (13) февраля 1831 года I корпусу русской армии было приказано наступать через Венгров на Лив, VI корпусу облегчить переправу I, а III резервному кавалерийскому следовать за Первым. В н","url":"https://ru.wikipedia.org/wiki/Битва под Ливом","source":"Русская Википедия / Викиданные","source_id":"Q11688198","license":"CC BY-SA 4.0","confidence":"ok","extra":{"era":"Российская Империя","war_raw":"Польское восстание 1830 года"}}},{"type":"Feature","id":"battles:7e381d432f12","geometry":{"type":"Point","coordinates":[22.608611,51.462222]},"properties":{"uid":"battles:7e381d432f12","layer":"battles","layer_title":"Сражения и военные события","group":"military","title":"Сражение под Любартовом","category":"Российская Империя","year_from":1831,"year_to":1831,"date_precision":"day","date_approx":false,"period_raw":"1831-05-10","url":"https://ru.wikipedia.org/wiki/Сражение под Любартовом","source":"Русская Википедия / Викиданные","source_id":"Q9173205","license":"CC BY-SA 4.0","confidence":"ok","extra":{"era":"Российская Империя","war_raw":null}}},{"type":"Feature","id":"battles:406ca0b20710","geometry":{"type":"Point","coordinates":[21.5833,53.0833]},"properties":{"uid":"battles:406ca0b20710","layer":"battles","layer_title":"Сражения и военные события","group":"military","title":"Битва при Остроленке (1831)","category":"Польское восстание 1830–1831","year_from":1831,"year_to":1831,"date_precision":"day","date_approx":false,"period_raw":"1831-05-26","work":"Польское восстание 1830–1831","summary":"Сражение при Остроленке (пол. Bitwa pod Ostrołęką) — сражение между русскими и польскими войсками, произошедшее возле Остроленки 14 (26) мая 1831 года в ходе Польского восстания 1830 года.","url":"https://ru.wikipedia.org/wiki/Битва при Остроленке (1831)","source":"Русская Википедия / Викиданные","source_id":"Q2237094","license":"CC BY-SA 4.0","confidence":"ok","extra":{"era":"Российская Империя","war_raw":"Польское восстание 1830 года"}}},{"type":"Feature","id":"battles:ff79d7a867c6","geometry":{"type":"Point","coordinates":[21.966667,51.966667]},"properties":{"uid":"battles:ff79d7a867c6","layer":"battles","layer_title":"Сражения и военные события","group":"military","title":"Битва под Сточеком","category":"Польское восстание 1830–1831","year_from":1831,"year_to":1831,"date_precision":"day","date_approx":false,"period_raw":"1831-02-14","work":"Польское восстание 1830–1831","summary":"Би́тва под Сто́чеком (пол. Bitwa pod Stoczkiem) — одно их сражений в ходе польского восстания 1830 года, произошедшее 14 февраля 1831 года у села Сточек (пол. Stoczek Łukowski, Люблинское воеводство). Первая полевая битва восстания. В результате сражения дивизия Юзефа Дверницкого обратила в бегство полки 1-й бригады 2-й конно-егерской дивизии генерал-адъютанта барона Фёдора Ге","url":"https://ru.wikipedia.org/wiki/Битва под Сточеком","source":"Русская Википедия / Викиданные","source_id":"Q2288966","license":"CC BY-SA 4.0","confidence":"ok","extra":{"era":"Российская Империя","war_raw":"Польское восстание 1830 года"}}},{"type":"Feature","id":"battles:2c50665bc7a3","geometry":{"type":"Point","coordinates":[47.3675,42.947]},"properties":{"uid":"battles:2c50665bc7a3","layer":"battles","layer_title":"Сражения и военные события","group":"military","title":"Сражение при Атлы-Боюне","category":"Шамхальское восстание 1831 года","year_from":1831,"year_to":1831,"date_precision":"day","date_approx":false,"period_raw":"1831-05-20","work":"Шамхальское восстание 1831 года","url":"https://ru.wikipedia.org/wiki/Сражение при Атлы-Боюне","source":"Русская Википедия / Викиданные","source_id":"Q134662749","license":"CC BY-SA 4.0","confidence":"place_level","extra":{"era":"Российская Империя","war_raw":"Шамхальское восстание 1831 года"}}},{"type":"Feature","id":"battles:a9da45eb60b0","geometry":{"type":"Point","coordinates":[25.179722,50.476111]},"properties":{"uid":"battles:a9da45eb60b0","layer":"battles","layer_title":"Сражения и военные события","group":"military","title":"Бой под Боремелем","category":"Польское восстание 1830–1831","year_from":1831,"year_to":1831,"date_precision":"day","date_approx":false,"period_raw":"1831-04-19","work":"Польское восстание 1830–1831","summary":"Бой под Боремелем — одно из вооруженных столкновений в ходе Польского восстания 1830—1831 годов, которое произошло 7 (19) апреля 1831 года близ населённого пункта Боремель, на левом берегу реки Стыри, между польским повстанческим отрядом под началом генерала Юзефа Дверницкого и частями русской императорской армии под командованием генерала Фёдора Васильевича Ридигера.","url":"https://ru.wikipedia.org/wiki/Бой под Боремелем","source":"Русская Википедия / Викиданные","source_id":"Q9296057","license":"CC BY-SA 4.0","confidence":"place_level","extra":{"era":"Российская Империя","war_raw":"Польское восстание 1830 года"}}},{"type":"Feature","id":"battles:58d928937a95","geometry":{"type":"Point","coordinates":[47.498611,42.947222]},"properties":{"uid":"battles:58d928937a95","layer":"battles","layer_title":"Сражения и военные события","group":"military","title":"Шамхальское восстание (1831)","category":"Кавказская война 1817–1864","year_from":1831,"year_to":1831,"date_precision":"day","date_approx":false,"period_raw":"1831-01-01","work":"Кавказская война 1817–1864","url":"https://ru.wikipedia.org/wiki/Шамхальское восстание (1831)","source":"Русская Википедия / Викиданные","source_id":"Q48954504","license":"CC BY-SA 4.0","confidence":"place_level","extra":{"era":"Российская Империя","war_raw":"Кавказская война"}}},{"type":"Feature","id":"battles:92195dc1ff03","geometry":{"type":"Point","coordinates":[22.15,51.1667]},"properties":{"uid":"battles:92195dc1ff03","layer":"battles","layer_title":"Сражения и военные события","group":"military","title":"Битва под Вроновом","category":"Польское восстание 1830–1831","year_from":1831,"year_to":1831,"date_precision":"day","date_approx":false,"period_raw":"1831-04-17","work":"Польское восстание 1830–1831","summary":"Битва под Вроновом — одно из вооруженных столкновений в ходе Польского восстания 1830—1831 годов, которое произошло 5 (17) апреля 1831 года близ населённого пункта Вронов между русским отрядом под командованием генерала Киприана Антоновича Крейца и польским войском под началом генерала Юлиана Серавского.","url":"https://ru.wikipedia.org/wiki/Битва под Вроновом","source":"Русская Википедия / Викиданные","source_id":"Q9173716","license":"CC BY-SA 4.0","confidence":"place_level","extra":{"era":"Российская Империя","war_raw":"Польское восстание 1830–1831"}}},{"type":"Feature","id":"battles:275217dbda0b","geometry":{"type":"Point","coordinates":[29.427778,49.004722]},"properties":{"uid":"battles:275217dbda0b","layer":"battles","layer_title":"Сражения и военные события","group":"military","title":"Бой под Дашевом","category":"Польское восстание 1830–1831","year_from":1831,"year_to":1831,"date_precision":"day","date_approx":false,"period_raw":"1831-05-14","work":"Польское восстание 1830–1831","summary":"Бой под Дашевом (польск. Bitwa pod Daszowem) — один из боёв в ходе Польского восстания 1830—1831 годов, который произошёл 2 (14) мая 1831 года близ населённого пункта Дашев между польским войском под командованием генерала Бенедыкта Колышко и отрядами Русской императорской армии под началом генерала от инфантерии Логгина Осиповича Рота.","url":"https://ru.wikipedia.org/wiki/Бой под Дашевом","source":"Русская Википедия / Викиданные","source_id":"Q9172906","license":"CC BY-SA 4.0","confidence":"ok","extra":{"era":"Российская Империя","war_raw":"Польское восстание 1830–1831"}}},{"type":"Feature","id":"battles:1fd9a5dc85aa","geometry":{"type":"Point","coordinates":[23.258611,50.720556]},"properties":{"uid":"battles:1fd9a5dc85aa","layer":"battles","layer_title":"Сражения и военные события","group":"military","title":"Осада Замостья (1831)","category":"Польское восстание 1830–1831","year_from":1831,"year_to":1831,"date_precision":"day","date_approx":false,"period_raw":"1831-01-01","work":"Польское восстание 1830–1831","url":"https://ru.wikipedia.org/wiki/Осада Замостья (1831)","source":"Русская Википедия / Викиданные","source_id":"Q59071294","license":"CC BY-SA 4.0","confidence":"place_level","extra":{"era":"Российская Империя","war_raw":"Польское восстание 1830–1831"}}},{"type":"Feature","id":"battles:77aa404da572","geometry":{"type":"Point","coordinates":[22.2106,52.1672]},"properties":{"uid":"battles:77aa404da572","layer":"battles","layer_title":"Сражения и военные события","group":"military","title":"Сражение при Игане","category":"Польское восстание 1830–1831","year_from":1831,"year_to":1831,"date_precision":"day","date_approx":false,"period_raw":"1831-04-10","work":"Польское восстание 1830–1831","url":"https://ru.wikipedia.org/wiki/Сражение при Игане","source":"Русская Википедия / Викиданные","source_id":"Q2887984","license":"CC BY-SA 4.0","confidence":"ok","extra":{"era":"Российская Империя","war_raw":"Польское восстание 1830–1831"}}},{"type":"Feature","id":"battles:2067a7a7769d","geometry":{"type":"Point","coordinates":[21.9475,51.322222]},"properties":{"uid":"battles:2067a7a7769d","layer":"battles","layer_title":"Сражения и военные события","group":"military","title":"Сражение под Казимеж-Дольны","category":"Польское восстание 1830–1831","year_from":1831,"year_to":1831,"date_precision":"day","date_approx":false,"period_raw":"1831-04-18","work":"Польское восстание 1830–1831","url":"https://ru.wikipedia.org/wiki/Сражение под Казимеж-Дольны","source":"Русская Википедия / Викиданные","source_id":"Q2888894","license":"CC BY-SA 4.0","confidence":"place_level","extra":{"era":"Российская Империя","war_raw":"Польское восстание 1830–1831"}}},{"type":"Feature","id":"battles:89e9e750da1f","geometry":{"type":"Point","coordinates":[22.784836,51.985411]},"properties":{"uid":"battles:89e9e750da1f","layer":"battles","layer_title":"Сражения и военные события","group":"military","title":"Битва под Мендзыжецем-Подляским","category":"Польское восстание 1830–1831","year_from":1831,"year_to":1831,"date_precision":"day","date_approx":false,"period_raw":"1831-08-29","work":"Польское восстание 1830–1831","summary":"Битва под Мендзыжецем-Подляским (пол. Bitwa pod Międzyrzecem Podlaskim) — одно из сражений в ходе Польского восстания между восставшими и частями Русской императорской армии, которое произошло 17 (29) августа 1831 года близ польского города Мендзыжец-Подляски.","url":"https://ru.wikipedia.org/wiki/Битва под Мендзыжецем-Подляским","source":"Русская Википедия / Викиданные","source_id":"Q4500223","license":"CC BY-SA 4.0","confidence":"ok","extra":{"era":"Российская Империя","war_raw":"Польское восстание 1830–1831"}}},{"type":"Feature","id":"battles:3ee9b38f3b03","geometry":{"type":"Point","coordinates":[21.492222,51.638333]},"properties":{"uid":"battles:3ee9b38f3b03","layer":"battles","layer_title":"Сражения и военные события","group":"military","title":"Сражение под Новой Весью (1831)","category":"Польское восстание 1830–1831","year_from":1831,"year_to":1831,"date_precision":"day","date_approx":false,"period_raw":"1831-02-19","work":"Польское восстание 1830–1831","url":"https://ru.wikipedia.org/wiki/Сражение под Новой Весью (1831)","source":"Русская Википедия / Викиданные","source_id":"Q2889555","license":"CC BY-SA 4.0","confidence":"ok","extra":{"era":"Российская Империя","war_raw":"Польское восстание 1830–1831"}}},{"type":"Feature","id":"battles:53a8821dd8e2","geometry":{"type":"Point","coordinates":[22.316667,52.670833]},"properties":{"uid":"battles:53a8821dd8e2","layer":"battles","layer_title":"Сражения и военные события","group":"military","title":"Бой при Нуре","category":"Польское восстание 1830–1831","year_from":1831,"year_to":1831,"date_precision":"day","date_approx":false,"period_raw":"1831-05-22","work":"Польское восстание 1830–1831","summary":"Бой при Нуре (пол. Bitwa pod Nurem) — один из эпизодов Польского восстания 1830—1831 годов, который произошёл 10 (22) мая 1831 на территории сельской волости Нур в Польше. Получив известие о наступлении польских повстанцев под началом Яна Скржинецкого с фронта и о перерыве у Нура, занятого польским отрядом генерала Томаша Лубенского (12 000 человек и 20 артиллерийских орудий), который хотел связат","url":"https://ru.wikipedia.org/wiki/Бой при Нуре","source":"Русская Википедия / Викиданные","source_id":"Q9173366","license":"CC BY-SA 4.0","confidence":"ok","extra":{"era":"Российская Империя","war_raw":"Польское восстание 1830–1831"}}},{"type":"Feature","id":"battles:3564d482ef5f","geometry":{"type":"Point","coordinates":[25.1917,54.6356]},"properties":{"uid":"battles:3564d482ef5f","layer":"battles","layer_title":"Сражения и военные события","group":"military","title":"Сражение под Понарами","category":"Польское восстание 1830–1831","year_from":1831,"year_to":1831,"date_precision":"day","date_approx":false,"period_raw":"1831-06-19","work":"Польское восстание 1830–1831","url":"https://ru.wikipedia.org/wiki/Сражение под Понарами","source":"Русская Википедия / Викиданные","source_id":"Q9173440","license":"CC BY-SA 4.0","confidence":"place_level","extra":{"era":"Российская Империя","war_raw":"Польское восстание 1830–1831"}}},{"type":"Feature","id":"battles:873a51cdc10d","geometry":{"type":"Point","coordinates":[22.7,53.7333]},"properties":{"uid":"battles:873a51cdc10d","layer":"battles","layer_title":"Сражения и военные события","group":"military","title":"Бой при Райгруде","category":"Польское восстание 1830–1831","year_from":1831,"year_to":1831,"date_precision":"day","date_approx":false,"period_raw":"1831-05-29","work":"Польское восстание 1830–1831","summary":"Бой при Райгруде (польск. Bitwa pod Rajgrodem) — одно из сражений во время Польского восстания, произошедшее у городка Райгруд (в русских источниках Райгород, ныне Подляское воеводство), 17 (29) мая 1831 года. После сражения при Остроленке на военном совете, собранном главнокомандующим польскими войсками Я. Скржинецким, было решено основной армии отступить к Варшаве, а отдельному корпусу (около 12","url":"https://ru.wikipedia.org/wiki/Бой при Райгруде","source":"Русская Википедия / Викиданные","source_id":"Q968251","license":"CC BY-SA 4.0","confidence":"ok","extra":{"era":"Российская Империя","war_raw":"Польское восстание 1830–1831"}}},{"type":"Feature","id":"battles:6e00edeccf27","geometry":{"type":"Point","coordinates":[46.842222,42.757778]},"properties":{"uid":"battles:6e00edeccf27","layer":"battles","layer_title":"Сражения и военные события","group":"military","title":"Битва за Гимры","category":"Кавказская война 1817–1864","year_from":1832,"year_to":1832,"date_precision":"day","date_approx":false,"period_raw":"1832-10-01","work":"Кавказская война 1817–1864","summary":"Би́тва за Гимры́ — военная операция, проведённая 17—18 октября 1832 года силами отряда под командованием генерала А. А. Вельяминова, целью которой был захват аула Гимры, расположенного в труднодоступной горной местности Дагестана.","url":"https://ru.wikipedia.org/wiki/Битва за Гимры","source":"Русская Википедия / Викиданные","source_id":"Q15925422","license":"CC BY-SA 4.0","confidence":"place_level","extra":{"era":"Российская Империя","war_raw":"Кавказская война"}}},{"type":"Feature","id":"battles:d020f86951bc","geometry":{"type":"Point","coordinates":[46.742,42.777]},"properties":{"uid":"battles:d020f86951bc","layer":"battles","layer_title":"Сражения и военные события","group":"military","title":"Штурм Ахульго","category":"Кавказская война 1817–1864","year_from":1839,"year_to":1839,"date_precision":"day","date_approx":false,"period_raw":"1839-08-22","work":"Кавказская война 1817–1864","url":"https://ru.wikipedia.org/wiki/Штурм Ахульго","source":"Русская Википедия / Викиданные","source_id":"Q4116960","license":"CC BY-SA 4.0","confidence":"ok","extra":{"era":"Российская Империя","war_raw":"Кавказская война"}}},{"type":"Feature","id":"battles:f0f0ebdb3af3","geometry":{"type":"Point","coordinates":[46.3444,42.4833]},"properties":{"uid":"battles:f0f0ebdb3af3","layer":"battles","layer_title":"Сражения и военные события","group":"military","title":"Штурм Аргвани","category":"Кавказская война 1817–1864","year_from":1839,"year_to":1839,"date_precision":"day","date_approx":false,"period_raw":"1839-05-31","work":"Кавказская война 1817–1864","url":"https://ru.wikipedia.org/wiki/Штурм Аргвани","source":"Русская Википедия / Викиданные","source_id":"Q113411524","license":"CC BY-SA 4.0","confidence":"ok","extra":{"era":"Российская Империя","war_raw":"Кавказская война"}}},{"type":"Feature","id":"battles:c2a8202534ff","geometry":{"type":"Point","coordinates":[48.188889,41.455]},"properties":{"uid":"battles:c2a8202534ff","layer":"battles","layer_title":"Сражения и военные события","group":"military","title":"Аджиахурское сражение","category":"Кавказская война 1817–1864","year_from":1839,"year_to":1839,"date_precision":"day","date_approx":false,"period_raw":"1839-05-30","work":"Кавказская война 1817–1864","summary":"Аджиахурское сражение (лезг. ЭчIехуьрин гъазват, рут. Ajiahurdi Da'vi) — сражение между горцами Самурской долины и отрядом русских войск в урочище Аджиахур 30 мая 1839 года. Конечный эпизод Кубинского восстания.","url":"https://ru.wikipedia.org/wiki/Аджиахурское сражение","source":"Русская Википедия / Викиданные","source_id":"Q4057531","license":"CC BY-SA 4.0","confidence":"place_level","extra":{"era":"Российская Империя","war_raw":"Кавказская война"}}},{"type":"Feature","id":"battles:c7c2e1501fe6","geometry":{"type":"Point","coordinates":[39.071944,44.096667]},"properties":{"uid":"battles:c7c2e1501fe6","layer":"battles","layer_title":"Сражения и военные события","group":"military","title":"Оборона Вельяминовского форта","category":"Кавказская война 1817–1864","year_from":1840,"year_to":1840,"date_precision":"day","date_approx":false,"period_raw":"1840-02-29","work":"Кавказская война 1817–1864","url":"https://ru.wikipedia.org/wiki/Оборона Вельяминовского форта","source":"Русская Википедия / Викиданные","source_id":"Q113408026","license":"CC BY-SA 4.0","confidence":"ok","extra":{"era":"Российская Империя","war_raw":"Кавказская война"}}},{"type":"Feature","id":"battles:e9ee780b98ad","geometry":{"type":"Point","coordinates":[39.335492,43.899768]},"properties":{"uid":"battles:e9ee780b98ad","layer":"battles","layer_title":"Сражения и военные события","group":"military","title":"Оборона Лазаревского форта","category":"Кавказская война 1817–1864","year_from":1840,"year_to":1840,"date_precision":"day","date_approx":false,"period_raw":"1840-02-19","work":"Кавказская война 1817–1864","url":"https://ru.wikipedia.org/wiki/Оборона Лазаревского форта","source":"Русская Википедия / Викиданные","source_id":"Q98085279","license":"CC BY-SA 4.0","confidence":"ok","extra":{"era":"Российская Империя","war_raw":"Кавказская война"}}},{"type":"Feature","id":"battles:99057d201ea7","geometry":{"type":"Point","coordinates":[46.233,42.95]},"properties":{"uid":"battles:99057d201ea7","layer":"battles","layer_title":"Сражения и военные события","group":"military","title":"Даргинский поход","category":"Кавказская война 1817–1864","year_from":1845,"year_to":1845,"date_precision":"day","date_approx":false,"period_raw":"1845-01-01","work":"Кавказская война 1817–1864","summary":"Даргинский поход — военная операция Отдельного Кавказского корпуса под командованием графа М. С. Воронцова (май-июль 1845 года), целью которой был захват ставки имама Шамиля в ауле Дарго, расположенном на территории современного Веденского района Чеченской Республики. Несмотря на занятия отрядом Воронцова Дарго, в целом экспедиция не увенчалась успехом. Русский отряд, неся тяжё","url":"https://ru.wikipedia.org/wiki/Даргинский поход","source":"Русская Википедия / Викиданные","source_id":"Q4530556","license":"CC BY-SA 4.0","confidence":"ok","extra":{"era":"Российская Империя","war_raw":"Кавказская война"}}},{"type":"Feature","id":"battles:4e66929a483b","geometry":{"type":"Point","coordinates":[21.597,47.523389]},"properties":{"uid":"battles:4e66929a483b","layer":"battles","layer_title":"Сражения и военные события","group":"military","title":"Сражение при Дебрецене","category":"Российская Империя","year_from":1849,"year_to":1849,"date_precision":"day","date_approx":false,"period_raw":"1849-08-02","url":"https://ru.wikipedia.org/wiki/Сражение при Дебрецене","source":"Русская Википедия / Викиданные","source_id":"Q4870855","license":"CC BY-SA 4.0","confidence":"ok","extra":{"era":"Российская Империя","war_raw":null}}},{"type":"Feature","id":"battles:8de099ec6c84","geometry":{"type":"Point","coordinates":[17.846694,48.101111]},"properties":{"uid":"battles:8de099ec6c84","layer":"battles","layer_title":"Сражения и военные события","group":"military","title":"Битва при Переде","category":"Революция 1848—1849 годов в Венгрии","year_from":1849,"year_to":1849,"date_precision":"day","date_approx":false,"period_raw":"1849-06-21","work":"Революция 1848—1849 годов в Венгрии","summary":"Битва при Переде (венг. Peredi csata) — одно из сражений в ходе революции 1848—1849 годов в Венгрии союзных австрийских и русских войск с венгерской армией, которое произошло 9 (21) июня 1849 года близ деревни Перед (ныне Тешедиково, Словакия). Победа осталась на стороне союзников и, обеспечив левое крыло австрийской армии, имела важное влияние на дальнейшие действия, так как д","url":"https://ru.wikipedia.org/wiki/Битва при Переде","source":"Русская Википедия / Викиданные","source_id":"Q28114623","license":"CC BY-SA 4.0","confidence":"outside_bbox","extra":{"era":"Российская Империя","war_raw":"Революция 1848—1849 годов в Венгрии"}}},{"type":"Feature","id":"battles:9ca2bddba80d","geometry":{"type":"Point","coordinates":[24.846,46.236278]},"properties":{"uid":"battles:9ca2bddba80d","layer":"battles","layer_title":"Сражения и военные события","group":"military","title":"Сражение при Шегешваре","category":"Революция 1848—1849 годов в Венгрии","year_from":1849,"year_to":1849,"date_precision":"day","date_approx":false,"period_raw":"1849-07-31","work":"Революция 1848—1849 годов в Венгрии","url":"https://ru.wikipedia.org/wiki/Сражение при Шегешваре","source":"Русская Википедия / Викиданные","source_id":"Q258069","license":"CC BY-SA 4.0","confidence":"ok","extra":{"era":"Российская Империя","war_raw":"Революция 1848—1849 годов в Венгрии"}}},{"type":"Feature","id":"battles:3ec3992f2c83","geometry":{"type":"Point","coordinates":[43.559136,40.652222]},"properties":{"uid":"battles:3ec3992f2c83","layer":"battles","layer_title":"Сражения и военные события","group":"military","title":"Башкадыкларское сражение","category":"Крымская война 1853–1856","year_from":1853,"year_to":1853,"date_precision":"day","date_approx":false,"period_raw":"1853-12-01","work":"Крымская война 1853–1856","summary":"Башкадыкларское сражение — сражение в районе населённого пункта Башкадыклар, произошедшее 19 ноября (1 декабря) 1853 года между турецкими войсками под командованием сераскера Ахмет-паши и русским отрядом генерала В. О. Бебутова.","url":"https://ru.wikipedia.org/wiki/Башкадыкларское сражение","source":"Русская Википедия / Викиданные","source_id":"Q19631987","license":"CC BY-SA 4.0","confidence":"ok","extra":{"era":"Российская Империя","war_raw":"Кавказская кампания Крымской войны"}}},{"type":"Feature","id":"battles:11321361a406","geometry":{"type":"Point","coordinates":[42.993444,41.643431]},"properties":{"uid":"battles:11321361a406","layer":"battles","layer_title":"Сражения и военные события","group":"military","title":"Ахалцихское сражение (1853)","category":"Крымская война 1853–1856","year_from":1853,"year_to":1853,"date_precision":"day","date_approx":false,"period_raw":"1853-11-13","work":"Крымская война 1853–1856","summary":"Ахалцихское сражение или Ахалцихский разгром (тур. Ahısha bozgunu) — сражение, произошедшее 12 (24) ноября 1853 года у крепости Ахалцих в ходе Крымской войны между русской и османской армиями. Одним из направлений ударов турецкой армии с начала Крымской войны 1853—1856 годов была крепость Ахалцихе, которая с 1829 года по итогам Адрианопольского мира была присоединена к Российс","url":"https://ru.wikipedia.org/wiki/Ахалцихское сражение (1853)","source":"Русская Википедия / Викиданные","source_id":"Q4072912","license":"CC BY-SA 4.0","confidence":"ok","extra":{"era":"Российская Империя","war_raw":"Крымская война"}}},{"type":"Feature","id":"battles:9f221d9d52a4","geometry":{"type":"Point","coordinates":[26.636667,44.086667]},"properties":{"uid":"battles:9f221d9d52a4","layer":"battles","layer_title":"Сражения и военные события","group":"military","title":"Сражение при Ольтенице","category":"Крымская война 1853–1856","year_from":1853,"year_to":1853,"date_precision":"day","date_approx":false,"period_raw":"1853-11-04","work":"Крымская война 1853–1856","url":"https://ru.wikipedia.org/wiki/Сражение при Ольтенице","source":"Русская Википедия / Викиданные","source_id":"Q601152","license":"CC BY-SA 4.0","confidence":"ok","extra":{"era":"Российская Империя","war_raw":"Крымская война"}}},{"type":"Feature","id":"battles:b8b361dfadfb","geometry":{"type":"Point","coordinates":[35.15,42.02]},"properties":{"uid":"battles:b8b361dfadfb","layer":"battles","layer_title":"Сражения и военные события","group":"military","title":"Синопское сражение","category":"Крымская война 1853–1856","year_from":1853,"year_to":1853,"date_precision":"day","date_approx":false,"period_raw":"1853-11-30","work":"Крымская война 1853–1856","url":"https://ru.wikipedia.org/wiki/Синопское сражение","source":"Русская Википедия / Викиданные","source_id":"Q427958","license":"CC BY-SA 4.0","confidence":"ok","extra":{"era":"Российская Империя","war_raw":"Крымская война"}}},{"type":"Feature","id":"battles:3a3833d1e115","geometry":{"type":"Point","coordinates":[20.238333,60.212222]},"properties":{"uid":"battles:3a3833d1e115","layer":"battles","layer_title":"Сражения и военные события","group":"military","title":"Битва за Бомарсунд","category":"Аландская война","year_from":1854,"year_to":1854,"date_precision":"day","date_approx":false,"period_raw":"1854-08-01","work":"Аландская война","summary":"Битва за Бомарсу́нд (англ. Battle of Bomarsund) — одно из сражений Крымской войны, происходившее на Аландских островах 3—16 августа 1854 года. Англо-французский флот обстрелял и заставил капитулировать гарнизон русской крепости Бомарсунд.","url":"https://ru.wikipedia.org/wiki/Битва за Бомарсунд","source":"Русская Википедия / Викиданные","source_id":"Q2091915","license":"CC BY-SA 4.0","confidence":"ok","extra":{"era":"Российская Империя","war_raw":"Аландская война"}}},{"type":"Feature","id":"battles:dd51fedd2420","geometry":{"type":"Point","coordinates":[33.592,44.585]},"properties":{"uid":"battles:dd51fedd2420","layer":"battles","layer_title":"Сражения и военные события","group":"military","title":"Инкерманское сражение","category":"Крымская война 1853–1856","year_from":1854,"year_to":1854,"date_precision":"day","date_approx":false,"period_raw":"1854-11-05","work":"Крымская война 1853–1856","url":"https://ru.wikipedia.org/wiki/Инкерманское сражение","source":"Русская Википедия / Викиданные","source_id":"Q770536","license":"CC BY-SA 4.0","confidence":"ok","extra":{"era":"Российская Империя","war_raw":"Крымская война"}}},{"type":"Feature","id":"battles:5e0e35692ff2","geometry":{"type":"Point","coordinates":[33.517,44.617]},"properties":{"uid":"battles:5e0e35692ff2","layer":"battles","layer_title":"Сражения и военные события","group":"military","title":"Оборона Севастополя (1854—1855)","category":"Крымская война 1853–1856","year_from":1854,"year_to":1854,"date_precision":"day","date_approx":false,"period_raw":"1854-01-01","work":"Крымская война 1853–1856","summary":"Оборона Севастополя 1854—1855 годов (англ. Siege of Sevastopol) — 349-дневная оборона русскими войсками Севастополя (главной базы Черноморского флота) в Крымской войне. Эту оборону называют также Первой обороной Севастополя, в отличие от обороны города в 1941—1942 годах. Блокада Севастополя стала кульминацией Крымской войны. Севастополь (первоначальный гарнизон около 7 тысяч че","url":"https://ru.wikipedia.org/wiki/Оборона Севастополя (1854—1855)","source":"Русская Википедия / Викиданные","source_id":"Q815216","license":"CC BY-SA 4.0","confidence":"ok","extra":{"era":"Российская Империя","war_raw":"Крымская война"}}},{"type":"Feature","id":"battles:6477a60b9460","geometry":{"type":"Point","coordinates":[41.970833,41.854167]},"properties":{"uid":"battles:6477a60b9460","layer":"battles","layer_title":"Сражения и военные события","group":"military","title":"Сражение у реки Чолок (1854)","category":"Крымская война 1853–1856","year_from":1854,"year_to":1854,"date_precision":"day","date_approx":false,"period_raw":"1854-06-04","work":"Крымская война 1853–1856","url":"https://ru.wikipedia.org/wiki/Сражение у реки Чолок (1854)","source":"Русская Википедия / Викиданные","source_id":"Q15908732","license":"CC BY-SA 4.0","confidence":"ok","extra":{"era":"Российская Империя","war_raw":"Кавказская кампания Крымской войны"}}},{"type":"Feature","id":"battles:a50e7e34d24f","geometry":{"type":"Point","coordinates":[33.668889,44.831028]},"properties":{"uid":"battles:a50e7e34d24f","layer":"battles","layer_title":"Сражения и военные события","group":"military","title":"Сражение на Альме","category":"Крымская война 1853–1856","year_from":1854,"year_to":1854,"date_precision":"day","date_approx":false,"period_raw":"1854-09-20","work":"Крымская война 1853–1856","url":"https://ru.wikipedia.org/wiki/Сражение на Альме","source":"Русская Википедия / Викиданные","source_id":"Q913604","license":"CC BY-SA 4.0","confidence":"ok","extra":{"era":"Российская Империя","war_raw":"Крымская война"}}},{"type":"Feature","id":"battles:3e12d48b21f8","geometry":{"type":"Point","coordinates":[33.573094,44.571758]},"properties":{"uid":"battles:3e12d48b21f8","layer":"battles","layer_title":"Сражения и военные события","group":"military","title":"Балаклавское сражение","category":"Крымская война 1853–1856","year_from":1854,"year_to":1854,"date_precision":"day","date_approx":false,"period_raw":"1854-10-25","work":"Крымская война 1853–1856","summary":"Балакла́вское сражение 13 (25) октября 1854 года — одно из полевых сражений Крымской войны 1853—1856 годов между союзными силами Великобритании, Франции и Османской империи с одной стороны, и русскими войсками — с другой. Сражение произошло в долинах к северу от Балаклавы, ограниченных невысокими Федюхиными горами, Сапун-горой и рекой Чёрной. Это сражение вошло в историю в связ","url":"https://ru.wikipedia.org/wiki/Балаклавское сражение","source":"Русская Википедия / Викиданные","source_id":"Q464512","license":"CC BY-SA 4.0","confidence":"ok","extra":{"era":"Российская Империя","war_raw":"Крымская война"}}},{"type":"Feature","id":"battles:620a5a145409","geometry":{"type":"Point","coordinates":[43.8475,40.789444]},"properties":{"uid":"battles:620a5a145409","layer":"battles","layer_title":"Сражения и военные события","group":"military","title":"Кюрюк-Даринское сражение","category":"Крымская война 1853–1856","year_from":1854,"year_to":1854,"date_precision":"day","date_approx":false,"period_raw":"1854-08-06","work":"Крымская война 1853–1856","url":"https://ru.wikipedia.org/wiki/Кюрюк-Даринское сражение","source":"Русская Википедия / Викиданные","source_id":"Q2596320","license":"CC BY-SA 4.0","confidence":"ok","extra":{"era":"Российская Империя","war_raw":"Крымская война"}}},{"type":"Feature","id":"battles:44d8d7461908","geometry":{"type":"Point","coordinates":[158.65,53.016667]},"properties":{"uid":"battles:44d8d7461908","layer":"battles","layer_title":"Сражения и военные события","group":"military","title":"Петропавловская оборона","category":"Крымская война 1853–1856","year_from":1854,"year_to":1854,"date_precision":"day","date_approx":false,"period_raw":"1854-09-01","work":"Крымская война 1853–1856","url":"https://ru.wikipedia.org/wiki/Петропавловская оборона","source":"Русская Википедия / Викиданные","source_id":"Q815197","license":"CC BY-SA 4.0","confidence":"ok","extra":{"era":"Российская Империя","war_raw":"Крымская война"}}},{"type":"Feature","id":"battles:08a94ee1e499","geometry":{"type":"Point","coordinates":[27.260278,44.118611]},"properties":{"uid":"battles:08a94ee1e499","layer":"battles","layer_title":"Сражения и военные события","group":"military","title":"Осада Силистрии (1854)","category":"Крымская война 1853–1856","year_from":1854,"year_to":1854,"date_precision":"day","date_approx":false,"period_raw":"1854-01-01","work":"Крымская война 1853–1856","url":"https://ru.wikipedia.org/wiki/Осада Силистрии (1854)","source":"Русская Википедия / Викиданные","source_id":"Q815207","license":"CC BY-SA 4.0","confidence":"ok","extra":{"era":"Российская Империя","war_raw":"Крымская война"}}},{"type":"Feature","id":"battles:ab5046119d08","geometry":{"type":"Point","coordinates":[33.598614,44.523002]},"properties":{"uid":"battles:ab5046119d08","layer":"battles","layer_title":"Сражения и военные события","group":"military","title":"Тонкая красная линия","category":"Крымская война 1853–1856","year_from":1854,"year_to":1854,"date_precision":"day","date_approx":false,"period_raw":"1854-10-25","work":"Крымская война 1853–1856","url":"https://ru.wikipedia.org/wiki/Тонкая красная линия","source":"Русская Википедия / Викиданные","source_id":"Q2634456","license":"CC BY-SA 4.0","confidence":"ok","extra":{"era":"Российская Империя","war_raw":"Крымская война"}}},{"type":"Feature","id":"battles:8e06d169774f","geometry":{"type":"Point","coordinates":[30.73262,46.47747]},"properties":{"uid":"battles:8e06d169774f","layer":"battles","layer_title":"Сражения и военные события","group":"military","title":"Бомбардировка Одессы (1854)","category":"Крымская война 1853–1856","year_from":1854,"year_to":1854,"date_precision":"day","date_approx":false,"period_raw":"1854-04-22","work":"Крымская война 1853–1856","summary":"Бомбардиро́вка Оде́ссы — один из боёв во время Крымской войны. 10 (22) апреля 1854 года объединённая англо-французская эскадра обстреляла порт и город Одессу с целью заставить капитулировать гарнизон. В результате обстрела порт и находящиеся в нём коммерческие суда были сожжены. Ответный огонь русских береговых батарей не допустил высадки десанта, и эскадра союзников была вынуж","url":"https://ru.wikipedia.org/wiki/Бомбардировка Одессы (1854)","source":"Русская Википедия / Викиданные","source_id":"Q4093048","license":"CC BY-SA 4.0","confidence":"place_level","extra":{"era":"Российская Империя","war_raw":"Крымская война"}}},{"type":"Feature","id":"battles:95dba0f40642","geometry":{"type":"Point","coordinates":[31.4978,46.6023]},"properties":{"uid":"battles:95dba0f40642","layer":"battles","layer_title":"Сражения и военные события","group":"military","title":"Сражение у Кинбурна (1855)","category":"Крымская война 1853–1856","year_from":1855,"year_to":1855,"date_precision":"day","date_approx":false,"period_raw":"1855-10-17","work":"Крымская война 1853–1856","url":"https://ru.wikipedia.org/wiki/Сражение у Кинбурна (1855)","source":"Русская Википедия / Викиданные","source_id":"Q2986186","license":"CC BY-SA 4.0","confidence":"ok","extra":{"era":"Российская Империя","war_raw":"Крымская война"}}},{"type":"Feature","id":"battles:1d086db6f09a","geometry":{"type":"Point","coordinates":[33.540197,44.597508]},"properties":{"uid":"battles:1d086db6f09a","layer":"battles","layer_title":"Сражения и военные события","group":"military","title":"Сражение за Большой Редан","category":"Крымская война 1853–1856","year_from":1855,"year_to":1855,"date_precision":"day","date_approx":false,"period_raw":"1855-09-08","work":"Крымская война 1853–1856","url":"https://ru.wikipedia.org/wiki/Сражение за Большой Редан","source":"Русская Википедия / Викиданные","source_id":"Q16840019","license":"CC BY-SA 4.0","confidence":"ok","extra":{"era":"Российская Империя","war_raw":"Крымская война"}}},{"type":"Feature","id":"battles:3693a0afd76f","geometry":{"type":"Point","coordinates":[33.381217,45.211703]},"properties":{"uid":"battles:3693a0afd76f","layer":"battles","layer_title":"Сражения и военные события","group":"military","title":"Штурм Евпатории","category":"Крымская война 1853–1856","year_from":1855,"year_to":1855,"date_precision":"day","date_approx":false,"period_raw":"1855-02-17","work":"Крымская война 1853–1856","url":"https://ru.wikipedia.org/wiki/Штурм Евпатории","source":"Русская Википедия / Викиданные","source_id":"Q1573604","license":"CC BY-SA 4.0","confidence":"ok","extra":{"era":"Российская Империя","war_raw":"Крымская война"}}},{"type":"Feature","id":"battles:fe0e56ad1edc","geometry":{"type":"Point","coordinates":[43.1,40.616667]},"properties":{"uid":"battles:fe0e56ad1edc","layer":"battles","layer_title":"Сражения и военные события","group":"military","title":"Осада Карса (1855)","category":"Крымская война 1853–1856","year_from":1855,"year_to":1855,"date_precision":"day","date_approx":false,"period_raw":"1855-11-29","work":"Крымская война 1853–1856","url":"https://ru.wikipedia.org/wiki/Осада Карса (1855)","source":"Русская Википедия / Викиданные","source_id":"Q815157","license":"CC BY-SA 4.0","confidence":"ok","extra":{"era":"Российская Империя","war_raw":"Крымская война"}}},{"type":"Feature","id":"battles:b6f49f11a617","geometry":{"type":"Point","coordinates":[38.942222,47.204167]},"properties":{"uid":"battles:b6f49f11a617","layer":"battles","layer_title":"Сражения и военные события","group":"military","title":"Оборона Таганрога","category":"Крымская война 1853–1856","year_from":1855,"year_to":1855,"date_precision":"day","date_approx":false,"period_raw":"1855-11-24","work":"Крымская война 1853–1856","url":"https://ru.wikipedia.org/wiki/Оборона Таганрога","source":"Русская Википедия / Викиданные","source_id":"Q2590545","license":"CC BY-SA 4.0","confidence":"ok","extra":{"era":"Российская Империя","war_raw":"Крымская война"}}},{"type":"Feature","id":"battles:fcdad06e49d4","geometry":{"type":"Point","coordinates":[33.85,44.466667]},"properties":{"uid":"battles:fcdad06e49d4","layer":"battles","layer_title":"Сражения и военные события","group":"military","title":"Сражение на Чёрной речке","category":"Крымская война 1853–1856","year_from":1855,"year_to":1855,"date_precision":"day","date_approx":false,"period_raw":"1855-08-16","work":"Крымская война 1853–1856","url":"https://ru.wikipedia.org/wiki/Сражение на Чёрной речке","source":"Русская Википедия / Викиданные","source_id":"Q2342758","license":"CC BY-SA 4.0","confidence":"ok","extra":{"era":"Российская Империя","war_raw":"Крымская война"}}},{"type":"Feature","id":"battles:604c4d812964","geometry":{"type":"Point","coordinates":[41.5595,42.3907]},"properties":{"uid":"battles:604c4d812964","layer":"battles","layer_title":"Сражения и военные события","group":"military","title":"Сражение на Ингури","category":"Крымская война 1853–1856","year_from":1855,"year_to":1855,"date_precision":"day","date_approx":false,"period_raw":"1855-11-06","work":"Крымская война 1853–1856","url":"https://ru.wikipedia.org/wiki/Сражение на Ингури","source":"Русская Википедия / Викиданные","source_id":"Q12864139","license":"CC BY-SA 4.0","confidence":"place_level","extra":{"era":"Российская Империя","war_raw":"Кавказская кампания Крымской войны"}}},{"type":"Feature","id":"battles:10ecf884aa18","geometry":{"type":"Point","coordinates":[46.962222,42.388056]},"properties":{"uid":"battles:10ecf884aa18","layer":"battles","layer_title":"Сражения и военные события","group":"military","title":"Взятие Гуниба","category":"Кавказская война 1817–1864","year_from":1859,"year_to":1859,"date_precision":"day","date_approx":false,"period_raw":"1859-01-01","work":"Кавказская война 1817–1864","summary":"Взятие Гуни́ба — эпизод Кавказской войны; военная операция, проведённая с 9 по 25 августа 1859 года Отдельным Кавказским корпусом Русской императорской армии генерал-адъютанта А. И. Барятинского против остатков вооружённых формирований Северо-Кавказского имамата. Основной замысел военного похода заключался в блокаде и последующем штурме ставки имама Шамиля в ауле Гуниб на однои","url":"https://ru.wikipedia.org/wiki/Взятие Гуниба","source":"Русская Википедия / Викиданные","source_id":"Q4871094","license":"CC BY-SA 4.0","confidence":"ok","extra":{"era":"Российская Империя","war_raw":"Кавказская война"}}},{"type":"Feature","id":"battles:89e57771bbc1","geometry":{"type":"Point","coordinates":[22.0167,52.4]},"properties":{"uid":"battles:89e57771bbc1","layer":"battles","layer_title":"Сражения и военные события","group":"military","title":"Сражение под Венгровым","category":"Польское восстание 1863–1864","year_from":1863,"year_to":1863,"date_precision":"day","date_approx":false,"period_raw":"1863-02-03","work":"Польское восстание 1863–1864","url":"https://ru.wikipedia.org/wiki/Сражение под Венгровым","source":"Русская Википедия / Викиданные","source_id":"Q2024053","license":"CC BY-SA 4.0","confidence":"ok","extra":{"era":"Российская Империя","war_raw":"Польское восстание (1863)"}}},{"type":"Feature","id":"battles:cb901bb4169d","geometry":{"type":"Point","coordinates":[22.450833,50.525556]},"properties":{"uid":"battles:cb901bb4169d","layer":"battles","layer_title":"Сражения и военные события","group":"military","title":"Бой у Гуты-Кшешовской","category":"Польское восстание 1863–1864","year_from":1863,"year_to":1863,"date_precision":"day","date_approx":false,"period_raw":"1863-05-11","work":"Польское восстание 1863–1864","url":"https://ru.wikipedia.org/wiki/Бой у Гуты-Кшешовской","source":"Русская Википедия / Викиданные","source_id":"Q9173034","license":"CC BY-SA 4.0","confidence":"ok","extra":{"era":"Российская Империя","war_raw":"Польское восстание (1863)"}}},{"type":"Feature","id":"battles:fae8fcbc2ac5","geometry":{"type":"Point","coordinates":[18.607222,51.414722]},"properties":{"uid":"battles:fae8fcbc2ac5","layer":"battles","layer_title":"Сражения и военные события","group":"military","title":"Сражение под Злочевом","category":"Польское восстание 1863–1864","year_from":1863,"year_to":1863,"date_precision":"day","date_approx":false,"period_raw":"1863-08-22","work":"Польское восстание 1863–1864","url":"https://ru.wikipedia.org/wiki/Сражение под Злочевом","source":"Русская Википедия / Викиданные","source_id":"Q9173741","license":"CC BY-SA 4.0","confidence":"ok","extra":{"era":"Российская Империя","war_raw":"Польское восстание (1863)"}}},{"type":"Feature","id":"battles:e38a3fcf9ec5","geometry":{"type":"Point","coordinates":[20.239444,50.088889]},"properties":{"uid":"battles:e38a3fcf9ec5","layer":"battles","layer_title":"Сражения и военные события","group":"military","title":"Бой под Иголомью","category":"Российская Империя","year_from":1863,"year_to":1863,"date_precision":"day","date_approx":false,"period_raw":"1863-03-21","summary":"Бой под Иголомью (польск. Bitwa pod Igołomią) — один из боёв Январского восстания, произошедший 9 (21) марта 1863 года между польскими повстанцами и российскими войсками.","url":"https://ru.wikipedia.org/wiki/Бой под Иголомью","source":"Русская Википедия / Викиданные","source_id":"Q15299210","license":"CC BY-SA 4.0","confidence":"ok","extra":{"era":"Российская Империя","war_raw":null}}},{"type":"Feature","id":"battles:35a9d9a8f628","geometry":{"type":"Point","coordinates":[23.2181,50.5447]},"properties":{"uid":"battles:35a9d9a8f628","layer":"battles","layer_title":"Сражения и военные события","group":"military","title":"Бой под Краснобрудом","category":"Польское восстание 1863–1864","year_from":1863,"year_to":1863,"date_precision":"day","date_approx":false,"period_raw":"1863-03-24","work":"Польское восстание 1863–1864","summary":"Бой под Краснобрудом (польск. Bitwa pod Krasnobrodem) — сражение Январского восстания, произошедшее 12 (24) марта 1863 год между польскими повстанцами и правительственными войсками в окрестностях местечка Краснобруд.","url":"https://ru.wikipedia.org/wiki/Бой под Краснобрудом","source":"Русская Википедия / Викиданные","source_id":"Q9173121","license":"CC BY-SA 4.0","confidence":"ok","extra":{"era":"Российская Империя","war_raw":"Польское восстание (1863)"}}},{"type":"Feature","id":"battles:00cd95ea81d6","geometry":{"type":"Point","coordinates":[18.585556,52.703611]},"properties":{"uid":"battles:00cd95ea81d6","layer":"battles","layer_title":"Сражения и военные события","group":"military","title":"Бой под Кшивосондзом","category":"Польское восстание 1863–1864","year_from":1863,"year_to":1863,"date_precision":"day","date_approx":false,"period_raw":"1863-02-19","work":"Польское восстание 1863–1864","summary":"Бой под Кшивосондзом (польск. Bitwa pod Krzywosądzem) — боевое столкновение в ходе Январского восстания, произошедшее 7 (19) февраля 1863 года на опушке Кшивосондзкого леса между польскими повстанцами и российскими регулярными войсками.","url":"https://ru.wikipedia.org/wiki/Бой под Кшивосондзом","source":"Русская Википедия / Викиданные","source_id":"Q9173131","license":"CC BY-SA 4.0","confidence":"ok","extra":{"era":"Российская Империя","war_raw":"Польское восстание (1863)"}}},{"type":"Feature","id":"battles:b1a174a9ec77","geometry":{"type":"Point","coordinates":[19.420015,50.312018]},"properties":{"uid":"battles:b1a174a9ec77","layer":"battles","layer_title":"Сражения и военные события","group":"military","title":"Сражение под Кшикавкой","category":"Польское восстание 1863–1864","year_from":1863,"year_to":1863,"date_precision":"day","date_approx":false,"period_raw":"1863-05-05","work":"Польское восстание 1863–1864","url":"https://ru.wikipedia.org/wiki/Сражение под Кшикавкой","source":"Русская Википедия / Викиданные","source_id":"Q4871494","license":"CC BY-SA 4.0","confidence":"ok","extra":{"era":"Российская Империя","war_raw":"Польское восстание (1863)"}}},{"type":"Feature","id":"battles:aaba35dd8088","geometry":{"type":"Point","coordinates":[22.608611,51.462222]},"properties":{"uid":"battles:aaba35dd8088","layer":"battles","layer_title":"Сражения и военные события","group":"military","title":"Бой под Любартовом","category":"Польское восстание 1863–1864","year_from":1863,"year_to":1863,"date_precision":"year","date_approx":false,"period_raw":"1863.0","work":"Польское восстание 1863–1864","summary":"Бой за Любартув (польск. Bitwa pod Lubartowem) — одно из первых сражений Польского восстания, произошедшее в ночь на 11 (23 января) 1863 года.","url":"https://ru.wikipedia.org/wiki/Бой под Любартовом","source":"Русская Википедия / Викиданные","source_id":"Q4087385","license":"CC BY-SA 4.0","confidence":"ok","extra":{"era":"Российская Империя","war_raw":"Польское восстание (1863)"}}},{"type":"Feature","id":"battles:ae9f6a9897b4","geometry":{"type":"Point","coordinates":[20.283333,50.816667]},"properties":{"uid":"battles:ae9f6a9897b4","layer":"battles","layer_title":"Сражения и военные события","group":"military","title":"Первое сражение за Малогощ","category":"Польское восстание 1863–1864","year_from":1863,"year_to":1863,"date_precision":"day","date_approx":false,"period_raw":"1863-02-24","work":"Польское восстание 1863–1864","url":"https://ru.wikipedia.org/wiki/Первое сражение за Малогощ","source":"Русская Википедия / Викиданные","source_id":"Q4090312","license":"CC BY-SA 4.0","confidence":"ok","extra":{"era":"Российская Империя","war_raw":"Польское восстание (1863)"}}},{"type":"Feature","id":"battles:d497602b9e9b","geometry":{"type":"Point","coordinates":[20.0325,50.3578]},"properties":{"uid":"battles:d497602b9e9b","layer":"battles","layer_title":"Сражения и военные события","group":"military","title":"Сражение за Мехув","category":"Польское восстание 1863–1864","year_from":1863,"year_to":1863,"date_precision":"day","date_approx":false,"period_raw":"1863-02-17","work":"Польское восстание 1863–1864","url":"https://ru.wikipedia.org/wiki/Сражение за Мехув","source":"Русская Википедия / Викиданные","source_id":"Q4090311","license":"CC BY-SA 4.0","confidence":"ok","extra":{"era":"Российская Империя","war_raw":"Польское восстание (1863)"}}},{"type":"Feature","id":"battles:48e2f6e8df34","geometry":{"type":"Point","coordinates":[19.363333,50.541111]},"properties":{"uid":"battles:48e2f6e8df34","layer":"battles","layer_title":"Сражения и военные события","group":"military","title":"Бой под Мышкувом","category":"Польское восстание 1863–1864","year_from":1863,"year_to":1863,"date_precision":"day","date_approx":false,"period_raw":"1863-03-01","work":"Польское восстание 1863–1864","summary":"Бой под Мышкувом (польск. Bitwa pod Mrzygłodem) — бой между польскими повстанцами и русскими регулярными войсками, произошедшее 17 февраля (1 марта) 1863 года в ходе Январского восстания.","url":"https://ru.wikipedia.org/wiki/Бой под Мышкувом","source":"Русская Википедия / Викиданные","source_id":"Q9173293","license":"CC BY-SA 4.0","confidence":"ok","extra":{"era":"Российская Империя","war_raw":"Польское восстание (1863)"}}},{"type":"Feature","id":"battles:aa754fbfc4b4","geometry":{"type":"Point","coordinates":[18.751111,50.882778]},"properties":{"uid":"battles:aa754fbfc4b4","layer":"battles","layer_title":"Сражения и военные события","group":"military","title":"Бой под Панками","category":"Российская Империя","year_from":1863,"year_to":1863,"date_precision":"year","date_approx":false,"period_raw":"1863.0","summary":"Бой под Панками (польск. Bitwa pod Pankami) — стычка между русскими регулярными войсками и польскими повстанцами, произошедшая 14 (26) февраля 1863 года в ходе Январского восстания.","url":"https://ru.wikipedia.org/wiki/Бой под Панками","source":"Русская Википедия / Викиданные","source_id":"Q9173415","license":"CC BY-SA 4.0","confidence":"ok","extra":{"era":"Российская Империя","war_raw":null}}},{"type":"Feature","id":"battles:a44aefd079b3","geometry":{"type":"Point","coordinates":[19.780036,50.244214]},"properties":{"uid":"battles:a44aefd079b3","layer":"battles","layer_title":"Сражения и военные события","group":"military","title":"Бой у Песковой Скалы","category":"Польское восстание 1863–1864","year_from":1863,"year_to":1863,"date_precision":"day","date_approx":false,"period_raw":"1863-03-04","work":"Польское восстание 1863–1864","summary":"Бой у Песковой Скалы (польск. Bitwa pod Pieskową Skałą) — бой между авангардом польских повстанцев из отряда генерала Мариана Лангевича и русскими регулярными войсками у замка «Пескова Скала», произошедший 20 февраля (4 марта) 1863 года в ходе Январского восстания.","url":"https://ru.wikipedia.org/wiki/Бой у Песковой Скалы","source":"Русская Википедия / Викиданные","source_id":"Q9173428","license":"CC BY-SA 4.0","confidence":"ok","extra":{"era":"Российская Империя","war_raw":"Польское восстание (1863)"}}},{"type":"Feature","id":"battles:17b862be2e0a","geometry":{"type":"Point","coordinates":[17.69,52.170278]},"properties":{"uid":"battles:17b862be2e0a","layer":"battles","layer_title":"Сражения и военные события","group":"military","title":"Сражение под Пыздрами","category":"Польское восстание 1863–1864","year_from":1863,"year_to":1863,"date_precision":"day","date_approx":false,"period_raw":"1863-04-29","work":"Польское восстание 1863–1864","url":"https://ru.wikipedia.org/wiki/Сражение под Пыздрами","source":"Русская Википедия / Викиданные","source_id":"Q9173468","license":"CC BY-SA 4.0","confidence":"outside_bbox","extra":{"era":"Российская Империя","war_raw":"Польское восстание (1863)"}}},{"type":"Feature","id":"battles:d8d5c2a23664","geometry":{"type":"Point","coordinates":[20.25,51.766667]},"properties":{"uid":"battles:d8d5c2a23664","layer":"battles","layer_title":"Сражения и военные события","group":"military","title":"Бой под Равой","category":"Польское восстание 1863–1864","year_from":1863,"year_to":1863,"date_precision":"day","date_approx":false,"period_raw":"1863-02-04","work":"Польское восстание 1863–1864","summary":"Бой под Равой (польск. Bitwa pod Rawą) — столкновение, произошедшее 23 января (4 февраля) 1863 год на окраинах Равы-Мазовецкой в ходе Январского восстания между российскими правительственными солдатами и повстанцами.","url":"https://ru.wikipedia.org/wiki/Бой под Равой","source":"Русская Википедия / Викиданные","source_id":"Q9173504","license":"CC BY-SA 4.0","confidence":"ok","extra":{"era":"Российская Империя","war_raw":"Польское восстание (1863)"}}},{"type":"Feature","id":"battles:0b4c65762607","geometry":{"type":"Point","coordinates":[19.02224,51.5096]},"properties":{"uid":"battles:0b4c65762607","layer":"battles","layer_title":"Сражения и военные события","group":"military","title":"Бой под Сендзеёвицами","category":"Польское восстание 1863–1864","year_from":1863,"year_to":1863,"date_precision":"day","date_approx":false,"period_raw":"1863-08-26","work":"Польское восстание 1863–1864","summary":"Бой под Сендзеёвицами — бой во время Январского восстания в Польше, произошедший 14 (26) августа 1863 года между сводным эскадроном из 44-го донского гусарского полка и Гродненского лейб-гвардейского гусарского полка и польскими повстанцами.","url":"https://ru.wikipedia.org/wiki/Бой под Сендзеёвицами","source":"Русская Википедия / Викиданные","source_id":"Q9173611","license":"CC BY-SA 4.0","confidence":"ok","extra":{"era":"Российская Империя","war_raw":"Польское восстание (1863)"}}},{"type":"Feature","id":"battles:3b2477277b90","geometry":{"type":"Point","coordinates":[19.133333,50.283333]},"properties":{"uid":"battles:3b2477277b90","layer":"battles","layer_title":"Сражения и военные события","group":"military","title":"Бой за Сосновец","category":"Польское восстание 1863–1864","year_from":1863,"year_to":1863,"date_precision":"year","date_approx":false,"period_raw":"1863.0","work":"Польское восстание 1863–1864","summary":"Сражение за Сосновец (польск. Bitwa w Sosnowcu) — сражение между польскими повстанцами и русскими войсками, произошедшее 25 января (6 февраля) — 26 января (7 февраля) 1863 года на железнодорожном вокзале в Сосновце в ходе Январского восстания.","url":"https://ru.wikipedia.org/wiki/Бой за Сосновец","source":"Русская Википедия / Викиданные","source_id":"Q9173792","license":"CC BY-SA 4.0","confidence":"ok","extra":{"era":"Российская Империя","war_raw":"Польское восстание (1863)"}}},{"type":"Feature","id":"battles:a782fd048e78","geometry":{"type":"Point","coordinates":[21.046944,50.860278]},"properties":{"uid":"battles:a782fd048e78","layer":"battles","layer_title":"Сражения и военные события","group":"military","title":"Бой под Свентым Кшижем","category":"Российская Империя","year_from":1863,"year_to":1863,"date_precision":"year","date_approx":false,"period_raw":"1863.0","summary":"Бой под Свентым Кшижем (польск. Bitwa pod Świętym Krzyżem) — бой, произошедший 31 января (12 февраля) 1863 года между польскими повстанцами из отряда генерала Мариана Лангевича и российскими регулярными войсками под командованием полковника К. О. Чингерого в ходе Январского восстания.","url":"https://ru.wikipedia.org/wiki/Бой под Свентым Кшижем","source":"Русская Википедия / Викиданные","source_id":"Q9173756","license":"CC BY-SA 4.0","confidence":"ok","extra":{"era":"Российская Империя","war_raw":null}}},{"type":"Feature","id":"battles:fbcf826fddda","geometry":{"type":"Point","coordinates":[20.555278,50.422222]},"properties":{"uid":"battles:fbcf826fddda","layer":"battles","layer_title":"Сражения и военные события","group":"military","title":"Бой под Хробжем","category":"Польское восстание 1863–1864","year_from":1863,"year_to":1863,"date_precision":"day","date_approx":false,"period_raw":"1863-03-17","work":"Польское восстание 1863–1864","summary":"Бой под Хробжем (польск. Bitwa pod Chrobrzem) — бой между арьергардом польских повстанцев под командованием генерала Мариана Лангевича и отрядом российских регулярных войск генерала К. О. Ченгеры, произошедший 5 (17) марта 1863 года в ходе Январского восстания.","url":"https://ru.wikipedia.org/wiki/Бой под Хробжем","source":"Русская Википедия / Викиданные","source_id":"Q9172873","license":"CC BY-SA 4.0","confidence":"ok","extra":{"era":"Российская Империя","war_raw":"Польское восстание (1863)"}}},{"type":"Feature","id":"battles:14f4e5f96967","geometry":{"type":"Point","coordinates":[21.990833,51.034444]},"properties":{"uid":"battles:14f4e5f96967","layer":"battles","layer_title":"Сражения и военные события","group":"military","title":"Первый бой под Хруслиной","category":"Польское восстание 1863–1864","year_from":1863,"year_to":1863,"date_precision":"day","date_approx":false,"period_raw":"1863-05-30","work":"Польское восстание 1863–1864","url":"https://ru.wikipedia.org/wiki/Первый бой под Хруслиной","source":"Русская Википедия / Викиданные","source_id":"Q11710670","license":"CC BY-SA 4.0","confidence":"ok","extra":{"era":"Российская Империя","war_raw":"Польское восстание (1863)"}}},{"type":"Feature","id":"battles:06b1de2fde77","geometry":{"type":"Point","coordinates":[19.8816,52.6092]},"properties":{"uid":"battles:06b1de2fde77","layer":"battles","layer_title":"Сражения и военные события","group":"military","title":"Бой под Цёлково","category":"Польское восстание 1863–1864","year_from":1863,"year_to":1863,"date_precision":"day","date_approx":false,"period_raw":"1863-01-22","work":"Польское восстание 1863–1864","summary":"Бой под Цёлково (польск. Potyczka pod Ciołkowem) — бой 10 (22) января 1863 года в районе села Цёлково (ныне Циолково) между отрядом повстанцев под руководством Александра Рогалинского и ротой Муромского пехотного полка под командованием полковника Константина Козлянинова. Этот бой стал первым сражением Польского восстания 1863—1864 годов.","url":"https://ru.wikipedia.org/wiki/Бой под Цёлково","source":"Русская Википедия / Викиданные","source_id":"Q2346909","license":"CC BY-SA 4.0","confidence":"ok","extra":{"era":"Российская Империя","war_raw":"Польское восстание (1863)"}}},{"type":"Feature","id":"battles:5c4e08bfbb51","geometry":{"type":"Point","coordinates":[20.857222,51.223889]},"properties":{"uid":"battles:5c4e08bfbb51","layer":"battles","layer_title":"Сражения и военные события","group":"military","title":"Бой за Шидловец","category":"Польское восстание 1863–1864","year_from":1863,"year_to":1863,"date_precision":"year","date_approx":false,"period_raw":"1863.0","work":"Польское восстание 1863–1864","summary":"Бой за Шидловец (польск. Bitwa pod Szydłowcem) — один из первых боёв во время Польского восстания, произошедший в ночь с 10 (22) на 11 (23) января 1863 года.","url":"https://ru.wikipedia.org/wiki/Бой за Шидловец","source":"Русская Википедия / Викиданные","source_id":"Q4087326","license":"CC BY-SA 4.0","confidence":"ok","extra":{"era":"Российская Империя","war_raw":"Польское восстание (1863)"}}},{"type":"Feature","id":"battles:b8babd8c9be1","geometry":{"type":"Point","coordinates":[30.983333,54.283333]},"properties":{"uid":"battles:b8babd8c9be1","layer":"battles","layer_title":"Сражения и военные события","group":"military","title":"Бои под Горками","category":"Польское восстание 1863–1864","year_from":1863,"year_to":1863,"date_precision":"year","date_approx":false,"period_raw":"1863.0","work":"Польское восстание 1863–1864","summary":"Бои под Горками — ряд вооруженных столкновений между польско-белорусскими повстанцами и регулярными войсками Российской империи, произошедших в период 5 (17) мая — 13 (25) мая 1863 года в ходе Январского восстания в окрестностях деревни Горки, Кобринского уезда, Гродненской губернии. Одно из немногих сражений восстания, в котором суммарные потери правительственных войск были вы","url":"https://ru.wikipedia.org/wiki/Бои под Горками","source":"Русская Википедия / Викиданные","source_id":"Q11688186","license":"CC BY-SA 4.0","confidence":"place_level","extra":{"era":"Российская Империя","war_raw":"Польское восстание (1863)"}}},{"type":"Feature","id":"battles:dcd3e2446a20","geometry":{"type":"Point","coordinates":[22.17452,52.74559]},"properties":{"uid":"battles:dcd3e2446a20","layer":"battles","layer_title":"Сражения и военные события","group":"military","title":"Сражение под Кетлянкой","category":"Польское восстание 1863–1864","year_from":1863,"year_to":1863,"date_precision":"day","date_approx":false,"period_raw":"1863-05-13","work":"Польское восстание 1863–1864","url":"https://ru.wikipedia.org/wiki/Сражение под Кетлянкой","source":"Русская Википедия / Викиданные","source_id":"Q15697112","license":"CC BY-SA 4.0","confidence":"place_level","extra":{"era":"Российская Империя","war_raw":"Польское восстание (1863)"}}},{"type":"Feature","id":"battles:5d035c06796c","geometry":{"type":"Point","coordinates":[18.435278,51.371667]},"properties":{"uid":"battles:5d035c06796c","layer":"battles","layer_title":"Сражения и военные события","group":"military","title":"Бой под Лютутовым","category":"Польское восстание 1863–1864","year_from":1863,"year_to":1863,"date_precision":"day","date_approx":false,"period_raw":"1863-06-15","work":"Польское восстание 1863–1864","summary":"Бой под Лютутовым — сражение между польскими повстанцами и русской армией в ходе восстания 1863—64 годов, на территории Царства Польского. Закончилось поражением повстанцев.","url":"https://ru.wikipedia.org/wiki/Бой под Лютутовым","source":"Русская Википедия / Викиданные","source_id":"Q9173215","license":"CC BY-SA 4.0","confidence":"ok","extra":{"era":"Российская Империя","war_raw":"Польское восстание 1863–1864"}}},{"type":"Feature","id":"battles:8dcf8dabcedc","geometry":{"type":"Point","coordinates":[22.853056,51.003889]},"properties":{"uid":"battles:8dcf8dabcedc","layer":"battles","layer_title":"Сражения и военные события","group":"military","title":"Бой под Честоборовицами","category":"Польское восстание 1863–1864","year_from":1863,"year_to":1863,"date_precision":"year","date_approx":false,"period_raw":"1863.0","work":"Польское восстание 1863–1864","summary":"Бой под Честоборовицами — сражение между польскими повстанцами и русской армией в ходе восстания 1863—64 годов, на территории Царства Польского. Закончилось поражением повстанцев.","url":"https://ru.wikipedia.org/wiki/Бой под Честоборовицами","source":"Русская Википедия / Викиданные","source_id":"Q9172902","license":"CC BY-SA 4.0","confidence":"ok","extra":{"era":"Российская Империя","war_raw":"Польское восстание 1863–1864"}}},{"type":"Feature","id":"battles:a98b22dc467a","geometry":{"type":"Point","coordinates":[21.990833,51.034444]},"properties":{"uid":"battles:a98b22dc467a","layer":"battles","layer_title":"Сражения и военные события","group":"military","title":"Второе сражение под Хруслиной","category":"Польское восстание 1863–1864","year_from":1863,"year_to":1863,"date_precision":"day","date_approx":false,"period_raw":"1863-08-04","work":"Польское восстание 1863–1864","url":"https://ru.wikipedia.org/wiki/Второе сражение под Хруслиной","source":"Русская Википедия / Викиданные","source_id":"Q9296056","license":"CC BY-SA 4.0","confidence":"ok","extra":{"era":"Российская Империя","war_raw":"Польское восстание 1863–1864"}}},{"type":"Feature","id":"battles:0c0ae13cdca4","geometry":{"type":"Point","coordinates":[20.636944,50.4875]},"properties":{"uid":"battles:0c0ae13cdca4","layer":"battles","layer_title":"Сражения и военные события","group":"military","title":"Сражение под Гроховиско","category":"Польское восстание 1863–1864","year_from":1863,"year_to":1863,"date_precision":"day","date_approx":false,"period_raw":"1863-03-18","work":"Польское восстание 1863–1864","url":"https://ru.wikipedia.org/wiki/Сражение под Гроховиско","source":"Русская Википедия / Викиданные","source_id":"Q4871141","license":"CC BY-SA 4.0","confidence":"ok","extra":{"era":"Российская Империя","war_raw":"Польское восстание 1863–1864"}}},{"type":"Feature","id":"battles:1477d703ffcb","geometry":{"type":"Point","coordinates":[19.551389,51.865556]},"properties":{"uid":"battles:1477d703ffcb","layer":"battles","layer_title":"Сражения и военные события","group":"military","title":"Бой под Доброй","category":"Польское восстание 1863–1864","year_from":1863,"year_to":1863,"date_precision":"day","date_approx":false,"period_raw":"1863-02-24","work":"Польское восстание 1863–1864","summary":"Бой под Доброй — бой 12 (24) февраля 1863 года между русскими войсками и польскими повстанцами во время восстания 1863 года.","url":"https://ru.wikipedia.org/wiki/Бой под Доброй","source":"Русская Википедия / Викиданные","source_id":"Q9172924","license":"CC BY-SA 4.0","confidence":"ok","extra":{"era":"Российская Империя","war_raw":"Польское восстание 1863–1864"}}},{"type":"Feature","id":"battles:a4e27b441077","geometry":{"type":"Point","coordinates":[19.863056,50.484444]},"properties":{"uid":"battles:a4e27b441077","layer":"battles","layer_title":"Сражения и военные события","group":"military","title":"Бой под Жарновцем","category":"Польское восстание 1863–1864","year_from":1863,"year_to":1863,"date_precision":"year","date_approx":false,"period_raw":"1863.0","work":"Польское восстание 1863–1864","summary":"Бой под Жарновцем — одно из сражений Январского восстания, произошедшее 8 (20) февраля 1863 года между польскими мятежниками и русскими регулярными войсками.","url":"https://ru.wikipedia.org/wiki/Бой под Жарновцем","source":"Русская Википедия / Викиданные","source_id":"Q24945420","license":"CC BY-SA 4.0","confidence":"ok","extra":{"era":"Российская Империя","war_raw":"Польское восстание 1863–1864"}}},{"type":"Feature","id":"battles:cd5bb6bad964","geometry":{"type":"Point","coordinates":[22.1,51.5]},"properties":{"uid":"battles:cd5bb6bad964","layer":"battles","layer_title":"Сражения и военные события","group":"military","title":"Бой под Жиржином","category":"Польское восстание 1863–1864","year_from":1863,"year_to":1863,"date_precision":"day","date_approx":false,"period_raw":"1863-08-08","work":"Польское восстание 1863–1864","summary":"Бой под Жиржином — бой между русскими войсками и польскими повстанцами во время восстания 1863 года.","url":"https://ru.wikipedia.org/wiki/Бой под Жиржином","source":"Русская Википедия / Викиданные","source_id":"Q2023648","license":"CC BY-SA 4.0","confidence":"ok","extra":{"era":"Российская Империя","war_raw":"Польское восстание 1863–1864"}}},{"type":"Feature","id":"battles:7da88d2cc4c1","geometry":{"type":"Point","coordinates":[18.417778,52.389167]},"properties":{"uid":"battles:7da88d2cc4c1","layer":"battles","layer_title":"Сражения и военные события","group":"military","title":"Сражение под Игнацево","category":"Польское восстание 1863–1864","year_from":1863,"year_to":1863,"date_precision":"day","date_approx":false,"period_raw":"1863-05-08","work":"Польское восстание 1863–1864","url":"https://ru.wikipedia.org/wiki/Сражение под Игнацево","source":"Русская Википедия / Викиданные","source_id":"Q2589573","license":"CC BY-SA 4.0","confidence":"ok","extra":{"era":"Российская Империя","war_raw":"Польское восстание 1863–1864"}}},{"type":"Feature","id":"battles:dce2beb144db","geometry":{"type":"Point","coordinates":[23.0606,50.34]},"properties":{"uid":"battles:dce2beb144db","layer":"battles","layer_title":"Сражения и военные события","group":"military","title":"Бои под Кобылянкой","category":"Польское восстание 1863–1864","year_from":1863,"year_to":1863,"date_precision":"year","date_approx":false,"period_raw":"1863.0","work":"Польское восстание 1863–1864","summary":"Бои под Кобылянкой — два крупных сражения, произошедших 19 апреля (1 мая) и 24 апреля (6 мая) 1863 года между польскими мятежниками и регулярными русскими войсками в ходе Январского восстания.","url":"https://ru.wikipedia.org/wiki/Бои под Кобылянкой","source":"Русская Википедия / Викиданные","source_id":"Q9173094","license":"CC BY-SA 4.0","confidence":"ok","extra":{"era":"Российская Империя","war_raw":"Польское восстание 1863–1864"}}},{"type":"Feature","id":"battles:a9a79fa87570","geometry":{"type":"Point","coordinates":[18.438333,52.488611]},"properties":{"uid":"battles:a9a79fa87570","layer":"battles","layer_title":"Сражения и военные события","group":"military","title":"Второе сражение под Новой Весью (1863)","category":"Польское восстание 1863–1864","year_from":1863,"year_to":1863,"date_precision":"day","date_approx":false,"period_raw":"1863-04-26","work":"Польское восстание 1863–1864","url":"https://ru.wikipedia.org/wiki/Второе сражение под Новой Весью (1863)","source":"Русская Википедия / Викиданные","source_id":"Q9296066","license":"CC BY-SA 4.0","confidence":"ok","extra":{"era":"Российская Империя","war_raw":"Польское восстание 1863–1864"}}},{"type":"Feature","id":"battles:607ab357b052","geometry":{"type":"Point","coordinates":[18.438333,52.488611]},"properties":{"uid":"battles:607ab357b052","layer":"battles","layer_title":"Сражения и военные события","group":"military","title":"Первое сражение под Новой Весью (1863)","category":"Польское восстание 1863–1864","year_from":1863,"year_to":1863,"date_precision":"day","date_approx":false,"period_raw":"1863-02-21","work":"Польское восстание 1863–1864","url":"https://ru.wikipedia.org/wiki/Первое сражение под Новой Весью (1863)","source":"Русская Википедия / Викиданные","source_id":"Q11710676","license":"CC BY-SA 4.0","confidence":"ok","extra":{"era":"Российская Империя","war_raw":"Польское восстание 1863–1864"}}},{"type":"Feature","id":"battles:d2ea9cdba78b","geometry":{"type":"Point","coordinates":[22.878611,50.603056]},"properties":{"uid":"battles:d2ea9cdba78b","layer":"battles","layer_title":"Сражения и военные события","group":"military","title":"Сражение под Панасовкой","category":"Польское восстание 1863–1864","year_from":1863,"year_to":1863,"date_precision":"day","date_approx":false,"period_raw":"1863-09-03","work":"Польское восстание 1863–1864","url":"https://ru.wikipedia.org/wiki/Сражение под Панасовкой","source":"Русская Википедия / Викиданные","source_id":"Q9173407","license":"CC BY-SA 4.0","confidence":"ok","extra":{"era":"Российская Империя","war_raw":"Польское восстание 1863–1864"}}},{"type":"Feature","id":"battles:f801cd1227b0","geometry":{"type":"Point","coordinates":[19.463056,50.268056]},"properties":{"uid":"battles:f801cd1227b0","layer":"battles","layer_title":"Сражения и военные события","group":"military","title":"Бой под Подлесьем","category":"Польское восстание 1863–1864","year_from":1863,"year_to":1863,"date_precision":"year","date_approx":false,"period_raw":"1863.0","work":"Польское восстание 1863–1864","summary":"Бой под Подлесьем — бой между польскими повстанцами из «Мазовецкого корпуса» под командованием полковника Юзефа Миневского и русскими войсками, произошедший 22 апреля (4 мая) 1863 у деревни Подлесье (ныне часть города Буковно) в ходе Январского восстания.","url":"https://ru.wikipedia.org/wiki/Бой под Подлесьем","source":"Русская Википедия / Викиданные","source_id":"Q24945293","license":"CC BY-SA 4.0","confidence":"ok","extra":{"era":"Российская Империя","war_raw":"Польское восстание 1863–1864"}}},{"type":"Feature","id":"battles:ecbb1ea03298","geometry":{"type":"Point","coordinates":[19.853611,50.230556]},"properties":{"uid":"battles:ecbb1ea03298","layer":"battles","layer_title":"Сражения и военные события","group":"military","title":"Бой под Скалой","category":"Польское восстание 1863–1864","year_from":1863,"year_to":1863,"date_precision":"day","date_approx":false,"period_raw":"1863-03-05","work":"Польское восстание 1863–1864","summary":"Бой под Скалой — сражение произошло 21 февраля (5 марта) 1863 год между польскими мятежниками под командованием генерала Мариана Лангевича и полковника Антония Езераньского и регулярными войсками под командованием майора Штонзенвальда в ходе Январского восстания.","url":"https://ru.wikipedia.org/wiki/Бой под Скалой","source":"Русская Википедия / Викиданные","source_id":"Q9173550","license":"CC BY-SA 4.0","confidence":"ok","extra":{"era":"Российская Империя","war_raw":"Польское восстание 1863–1864"}}},{"type":"Feature","id":"battles:18f0cf25e418","geometry":{"type":"Point","coordinates":[21.809167,50.7475]},"properties":{"uid":"battles:18f0cf25e418","layer":"battles","layer_title":"Сражения и военные события","group":"military","title":"Сражение под Слупчей","category":"Польское восстание 1863–1864","year_from":1863,"year_to":1863,"date_precision":"day","date_approx":false,"period_raw":"1863-02-08","work":"Польское восстание 1863–1864","url":"https://ru.wikipedia.org/wiki/Сражение под Слупчей","source":"Русская Википедия / Викиданные","source_id":"Q9173615","license":"CC BY-SA 4.0","confidence":"ok","extra":{"era":"Российская Империя","war_raw":"Польское восстание 1863–1864"}}},{"type":"Feature","id":"battles:bf1e5c80013b","geometry":{"type":"Point","coordinates":[21.1669,50.5642]},"properties":{"uid":"battles:bf1e5c80013b","layer":"battles","layer_title":"Сражения и военные события","group":"military","title":"Бой под Сташувом","category":"Польское восстание 1863–1864","year_from":1863,"year_to":1863,"date_precision":"day","date_approx":false,"period_raw":"1863-02-17","work":"Польское восстание 1863–1864","summary":"Бой под Сташувом — сражение произошедшее 5 (17) февраля 1863 года между польскими повстанцами и регулярными войсками в ходе Январского восстания.","url":"https://ru.wikipedia.org/wiki/Бой под Сташувом","source":"Русская Википедия / Викиданные","source_id":"Q4872436","license":"CC BY-SA 4.0","confidence":"ok","extra":{"era":"Российская Империя","war_raw":"Польское восстание 1863–1864"}}},{"type":"Feature","id":"battles:508f2b050374","geometry":{"type":"Point","coordinates":[22.960556,51.096667]},"properties":{"uid":"battles:508f2b050374","layer":"battles","layer_title":"Сражения и военные события","group":"military","title":"Сражение под Файславицами","category":"Польское восстание 1863–1864","year_from":1863,"year_to":1863,"date_precision":"day","date_approx":false,"period_raw":"1863-08-24","work":"Польское восстание 1863–1864","url":"https://ru.wikipedia.org/wiki/Сражение под Файславицами","source":"Русская Википедия / Викиданные","source_id":"Q2589001","license":"CC BY-SA 4.0","confidence":"ok","extra":{"era":"Российская Империя","war_raw":"Польское восстание 1863–1864"}}},{"type":"Feature","id":"battles:52429f93790b","geometry":{"type":"Point","coordinates":[21.4247,50.805]},"properties":{"uid":"battles:52429f93790b","layer":"battles","layer_title":"Сражения и военные события","group":"military","title":"Сражение под Опатувом (1864)","category":"Польское восстание 1863–1864","year_from":1864,"year_to":1864,"date_precision":"day","date_approx":false,"period_raw":"1864-02-21","work":"Польское восстание 1863–1864","url":"https://ru.wikipedia.org/wiki/Сражение под Опатувом (1864)","source":"Русская Википедия / Викиданные","source_id":"Q9173381","license":"CC BY-SA 4.0","confidence":"ok","extra":{"era":"Российская Империя","war_raw":"Польское восстание (1863)"}}},{"type":"Feature","id":"battles:1d0e84834eba","geometry":{"type":"Point","coordinates":[67.842222,40.115833]},"properties":{"uid":"battles:1d0e84834eba","layer":"battles","layer_title":"Сражения и военные события","group":"military","title":"Взятие Джизака","category":"Российская Империя","year_from":1866,"year_to":1866,"date_precision":"year","date_approx":false,"period_raw":"1866.0","summary":"Взятие Джизака — взятие русскими войсками под командованием генерала Крыжановского бухарской крепости Джизак в октябре 1866 года, в ходе завоевания Средней Азии. Взятие крепости стало решающим успехом русской армии в кампанию 1866 года.","url":"https://ru.wikipedia.org/wiki/Взятие Джизака","source":"Русская Википедия / Викиданные","source_id":"Q97007526","license":"CC BY-SA 4.0","confidence":"ok","extra":{"era":"Российская Империя","war_raw":null}}},{"type":"Feature","id":"battles:78fc0f42e9f8","geometry":{"type":"Point","coordinates":[69.006389,39.910833]},"properties":{"uid":"battles:78fc0f42e9f8","layer":"battles","layer_title":"Сражения и военные события","group":"military","title":"Взятие Ура-Тюбе","category":"Российское завоевание Бухарского эмирата","year_from":1866,"year_to":1866,"date_precision":"year","date_approx":false,"period_raw":"1866.0","work":"Российское завоевание Бухарского эмирата","summary":"Взятие Ура-Тюбе — взятие русскими войсками под командованием генерала Романовского бухарской крепости Ура-Тюбе в октябре 1866 года, в ходе завоевания Средней Азии.","url":"https://ru.wikipedia.org/wiki/Взятие Ура-Тюбе","source":"Русская Википедия / Викиданные","source_id":"Q113407997","license":"CC BY-SA 4.0","confidence":"place_level","extra":{"era":"Российская Империя","war_raw":"Российское завоевание Бухарского эмирата"}}},{"type":"Feature","id":"battles:516337ea3374","geometry":{"type":"Point","coordinates":[66.881944,39.133611]},"properties":{"uid":"battles:516337ea3374","layer":"battles","layer_title":"Сражения и военные события","group":"military","title":"Взятие Китаба","category":"Российское завоевание Бухарского эмирата","year_from":1870,"year_to":1870,"date_precision":"year","date_approx":false,"period_raw":"1870.0","work":"Российское завоевание Бухарского эмирата","summary":"Взятие Китаба — взятие русскими войсками под командованием генерала Абрамова столицы Шахрисабзского бекства в 1870 году.","url":"https://ru.wikipedia.org/wiki/Взятие Китаба","source":"Русская Википедия / Викиданные","source_id":"Q113410990","license":"CC BY-SA 4.0","confidence":"ok","extra":{"era":"Российская Империя","war_raw":"Российское завоевание Бухарского эмирата"}}},{"type":"Feature","id":"battles:f5d1f0be7257","geometry":{"type":"Point","coordinates":[70.9425,40.528611]},"properties":{"uid":"battles:f5d1f0be7257","layer":"battles","layer_title":"Сражения и военные события","group":"military","title":"Кокандский поход (1875—1876)","category":"Российская Империя","year_from":1875,"year_to":1875,"date_precision":"year","date_approx":false,"period_raw":"1875.0","summary":"Кокандский поход 1875—1876 годов — военная экспедиция войск Российской империи с целью покорения Кокандского ханства в 1875−1876 годах.","url":"https://ru.wikipedia.org/wiki/Кокандский поход (1875—1876)","source":"Русская Википедия / Викиданные","source_id":"Q19906666","license":"CC BY-SA 4.0","confidence":"place_level","extra":{"era":"Российская Империя","war_raw":null}}},{"type":"Feature","id":"battles:6f9e346a2971","geometry":{"type":"Point","coordinates":[24.883333,43.7]},"properties":{"uid":"battles:6f9e346a2971","layer":"battles","layer_title":"Сражения и военные события","group":"military","title":"Взятие Никополя (1877)","category":"Русско-турецкая война 1877—1878 годов","year_from":1877,"year_to":1877,"date_precision":"day","date_approx":false,"period_raw":"1877-07-16","work":"Русско-турецкая война 1877—1878 годов","url":"https://ru.wikipedia.org/wiki/Взятие Никополя (1877)","source":"Русская Википедия / Викиданные","source_id":"Q2667561","license":"CC BY-SA 4.0","confidence":"ok","extra":{"era":"Российская Империя","war_raw":"Русско-турецкая война 1877—1878 годов"}}},{"type":"Feature","id":"battles:32879929bc55","geometry":{"type":"Point","coordinates":[25.399722,43.614722]},"properties":{"uid":"battles:32879929bc55","layer":"battles","layer_title":"Сражения и военные события","group":"military","title":"Систовское сражение","category":"Русско-турецкая война 1877—1878 годов","year_from":1877,"year_to":1877,"date_precision":"day","date_approx":false,"period_raw":"1877-06-26","work":"Русско-турецкая война 1877—1878 годов","url":"https://ru.wikipedia.org/wiki/Систовское сражение","source":"Русская Википедия / Викиданные","source_id":"Q2667371","license":"CC BY-SA 4.0","confidence":"ok","extra":{"era":"Российская Империя","war_raw":"Русско-турецкая война 1877—1878 годов"}}},{"type":"Feature","id":"battles:428b06b32192","geometry":{"type":"Point","coordinates":[43.416389,40.373611]},"properties":{"uid":"battles:428b06b32192","layer":"battles","layer_title":"Сражения и военные события","group":"military","title":"Авлияр-Аладжинское сражение","category":"Русско-турецкая война 1877–1878","year_from":1877,"year_to":1877,"date_precision":"day","date_approx":false,"period_raw":"1877-12-15","work":"Русско-турецкая война 1877–1878","summary":"Авлия́р-Аладжи́нское сраже́ние или сражение на Аладжинских высотах (тур. Alacadağ Muharebesi) (20 сентября [2 октября] — 3 [15] октября 1877 года) — сражение между русскими и турецкими войсками на Аладжинских высотах (Западная Армения) в ходе Русско-турецкой войны (1877—1878). Завершилось решительной победой русских войск и привело к перелому в пользу России хода боевых действий на кавказском теат","url":"https://ru.wikipedia.org/wiki/Авлияр-Аладжинское сражение","source":"Русская Википедия / Викиданные","source_id":"Q2585958","license":"CC BY-SA 4.0","confidence":"ok","extra":{"era":"Российская Империя","war_raw":"Русско-турецкая война 1877–1878"}}},{"type":"Feature","id":"battles:e54387b59574","geometry":{"type":"Point","coordinates":[23.79707,42.78006]},"properties":{"uid":"battles:e54387b59574","layer":"battles","layer_title":"Сражения и военные события","group":"military","title":"Бой у Арабконака","category":"Русско-турецкая война 1877–1878","year_from":1877,"year_to":1877,"date_precision":"year","date_approx":false,"period_raw":"1877.0","work":"Русско-турецкая война 1877–1878","summary":"Бой у Арабконака — эпизод русско-турецкой войны, в ходе которого турецкие войска пытались деблокировать Плевну, атаковав занятый незадолго до этого русскими Орхание (совр. Ботевград) со стороны Арабконака. Узнав о намерениях турок 50 тыс. русская армия под началом Гурко выдвинулась навстречу. 21 ноября (3 декабря) 1877 года турки силами Шакир-паши атаковали фланг русских в районе Арабконака, где к","url":"https://ru.wikipedia.org/wiki/Бой у Арабконака","source":"Русская Википедия / Викиданные","source_id":"Q12273271","license":"CC BY-SA 4.0","confidence":"place_level","extra":{"era":"Российская Империя","war_raw":"Русско-турецкая война 1877–1878"}}},{"type":"Feature","id":"battles:51feb4025266","geometry":{"type":"Point","coordinates":[44.128783,39.520266]},"properties":{"uid":"battles:51feb4025266","layer":"battles","layer_title":"Сражения и военные события","group":"military","title":"Баязетское сидение","category":"Русско-турецкая война 1877–1878","year_from":1877,"year_to":1877,"date_precision":"year","date_approx":false,"period_raw":"1877.0","work":"Русско-турецкая война 1877–1878","summary":"Баязе́тское сиде́ние (6 [18] июня — 28 июня [10] июля 1877 года) — один из эпизодов Русско-турецкой войны (1877—1878): оборона крепости Баязет русским гарнизоном от многочисленных турецких войск. Имело важное как стратегическое, так и моральное значение. В результате активных действий турецкой армии, русский гарнизон оказался осаждённым в небольшой цитадели в глубоком тылу противника. После планир","url":"https://ru.wikipedia.org/wiki/Баязетское сидение","source":"Русская Википедия / Викиданные","source_id":"Q4080334","license":"CC BY-SA 4.0","confidence":"ok","extra":{"era":"Российская Империя","war_raw":"Русско-турецкая война 1877–1878"}}},{"type":"Feature","id":"battles:8ab5a21e0238","geometry":{"type":"Point","coordinates":[24.218056,43.224167]},"properties":{"uid":"battles:8ab5a21e0238","layer":"battles","layer_title":"Сражения и военные события","group":"military","title":"Битва при Горном Дубняке","category":"Русско-турецкая война 1877–1878","year_from":1877,"year_to":1877,"date_precision":"day","date_approx":false,"period_raw":"1877-10-24","work":"Русско-турецкая война 1877–1878","summary":"Битва при Горном Дубняке (тур. Gorni Dubnik Muharebesi) — сражение Русско-турецкой войны, произошедшее 12 (24) октября 1877 в районе селения Горни-Дыбник (ныне Болгария, Плевенская область).","url":"https://ru.wikipedia.org/wiki/Битва при Горном Дубняке","source":"Русская Википедия / Викиданные","source_id":"Q2976481","license":"CC BY-SA 4.0","confidence":"ok","extra":{"era":"Российская Империя","war_raw":"Русско-турецкая война 1877–1878"}}},{"type":"Feature","id":"battles:35f960486f36","geometry":{"type":"Point","coordinates":[36.0,39.0]},"properties":{"uid":"battles:35f960486f36","layer":"battles","layer_title":"Сражения и военные события","group":"military","title":"Сражение при Деве-Бойну","category":"Русско-турецкая война 1877–1878","year_from":1877,"year_to":1877,"date_precision":"day","date_approx":false,"period_raw":"1877-11-04","work":"Русско-турецкая война 1877–1878","url":"https://ru.wikipedia.org/wiki/Сражение при Деве-Бойну","source":"Русская Википедия / Викиданные","source_id":"Q6787200","license":"CC BY-SA 4.0","confidence":"place_level","extra":{"era":"Российская Империя","war_raw":"Русско-турецкая война 1877–1878"}}},{"type":"Feature","id":"battles:e83c8ccc7805","geometry":{"type":"Point","coordinates":[25.737932,42.424244]},"properties":{"uid":"battles:e83c8ccc7805","layer":"battles","layer_title":"Сражения и военные события","group":"military","title":"Сражение при Джуранлы","category":"Русско-турецкая война 1877–1878","year_from":1877,"year_to":1877,"date_precision":"day","date_approx":false,"period_raw":"1877-07-19","work":"Русско-турецкая война 1877–1878","url":"https://ru.wikipedia.org/wiki/Сражение при Джуранлы","source":"Русская Википедия / Викиданные","source_id":"Q12273285","license":"CC BY-SA 4.0","confidence":"place_level","extra":{"era":"Российская Империя","war_raw":"Русско-турецкая война 1877–1878"}}},{"type":"Feature","id":"battles:c7938e639b6d","geometry":{"type":"Point","coordinates":[25.634595,42.425668]},"properties":{"uid":"battles:c7938e639b6d","layer":"battles","layer_title":"Сражения и военные события","group":"military","title":"Сражение при Ески-Загре","category":"Русско-турецкая война 1877–1878","year_from":1877,"year_to":1877,"date_precision":"day","date_approx":false,"period_raw":"1877-07-31","work":"Русско-турецкая война 1877–1878","url":"https://ru.wikipedia.org/wiki/Сражение при Ески-Загре","source":"Русская Википедия / Викиданные","source_id":"Q12273319","license":"CC BY-SA 4.0","confidence":"place_level","extra":{"era":"Российская Империя","war_raw":"Русско-турецкая война 1877–1878"}}},{"type":"Feature","id":"battles:9e6599943c9f","geometry":{"type":"Point","coordinates":[43.121111,40.586667]},"properties":{"uid":"battles:9e6599943c9f","layer":"battles","layer_title":"Сражения и военные события","group":"military","title":"Осада Карса (1877)","category":"Русско-турецкая война 1877–1878","year_from":1877,"year_to":1877,"date_precision":"day","date_approx":false,"period_raw":"1877-11-17","work":"Русско-турецкая война 1877–1878","url":"https://ru.wikipedia.org/wiki/Осада Карса (1877)","source":"Русская Википедия / Викиданные","source_id":"Q1374378","license":"CC BY-SA 4.0","confidence":"ok","extra":{"era":"Российская Империя","war_raw":"Русско-турецкая война 1877–1878"}}},{"type":"Feature","id":"battles:e166ce27d800","geometry":{"type":"Point","coordinates":[43.1,40.616667]},"properties":{"uid":"battles:e166ce27d800","layer":"battles","layer_title":"Сражения и военные события","group":"military","title":"Битва при Кызыл-Тепе","category":"Русско-турецкая война 1877–1878","year_from":1877,"year_to":1877,"date_precision":"day","date_approx":false,"period_raw":"1877-06-25","work":"Русско-турецкая война 1877–1878","summary":"Битва при Кызыл-Тепе (тур. Kızıltepe Muharebesi) — сражение между русскими и турецкими войсками, которое произошло 13 (25) августа 1877 года во время Русско-турецкой войны (1877—1878).","url":"https://ru.wikipedia.org/wiki/Битва при Кызыл-Тепе","source":"Русская Википедия / Викиданные","source_id":"Q2888951","license":"CC BY-SA 4.0","confidence":"ok","extra":{"era":"Российская Империя","war_raw":"Русско-турецкая война 1877–1878"}}},{"type":"Feature","id":"battles:2b38c487276a","geometry":{"type":"Point","coordinates":[24.717222,43.134722]},"properties":{"uid":"battles:2b38c487276a","layer":"battles","layer_title":"Сражения и военные события","group":"military","title":"Битва при Ловче","category":"Русско-турецкая война 1877–1878","year_from":1877,"year_to":1877,"date_precision":"year","date_approx":false,"period_raw":"1877.0","work":"Русско-турецкая война 1877–1878","summary":"Битва при Ловче (тур. Lofça Muharebesi) — сражения русско-турецкой войны 5 июля, 15 июля, 20-23 августа 1877 г., в ходе которых 22 августа (3 сентября) 1877 русская армия одержала победу над османской армией и взяла ловечскую крепость (в 30 км к югу от Плевны), затруднив снабжение оборонявшейся Плевны. Окончательно Плевна была блокирована лишь после битвы при Горном Дубняке 12 (24) октября 1877.","url":"https://ru.wikipedia.org/wiki/Битва при Ловче","source":"Русская Википедия / Викиданные","source_id":"Q3394015","license":"CC BY-SA 4.0","confidence":"ok","extra":{"era":"Российская Империя","war_raw":"Русско-турецкая война 1877–1878"}}},{"type":"Feature","id":"battles:3d05bfbf9c97","geometry":{"type":"Point","coordinates":[22.585,43.151944]},"properties":{"uid":"battles:3d05bfbf9c97","layer":"battles","layer_title":"Сражения и военные события","group":"military","title":"Бой при Пироте","category":"Русско-турецкая война 1877–1878","year_from":1877,"year_to":1877,"date_precision":"year","date_approx":false,"period_raw":"1877.0","work":"Русско-турецкая война 1877–1878","summary":"Бой при Пироте — одно из сражений Сербско-турецкой войны между армией Княжества Сербия под командованием Йована Белимарковича и османскими частями, которое произошло 15—16 декабря 1877 года в окрестностях населённого пункта Пирот близ болгарской границы. После взятия русской армией Плевны Сербия решила принять участие в войне, и 2 декабря 1877 года войска Сербского княжества перешли границу Болгар","url":"https://ru.wikipedia.org/wiki/Бой при Пироте","source":"Русская Википедия / Викиданные","source_id":"Q12273275","license":"CC BY-SA 4.0","confidence":"place_level","extra":{"era":"Российская Империя","war_raw":"Русско-турецкая война 1877–1878"}}},{"type":"Feature","id":"battles:cfe3b6f90de5","geometry":{"type":"Point","coordinates":[23.77532,42.724356]},"properties":{"uid":"battles:cfe3b6f90de5","layer":"battles","layer_title":"Сражения и военные события","group":"military","title":"Бой при Ташкисене","category":"Русско-турецкая война 1877–1878","year_from":1877,"year_to":1877,"date_precision":"day","date_approx":false,"period_raw":"1877-12-31","work":"Русско-турецкая война 1877–1878","summary":"Бой при Ташкисене — сражение в период Русско-турецкой войны, которое состоялось возле деревни Ташкисен (современные Саранци, Болгария) 19 (31) декабря 1877 года. Бой вёлся в горной местности, в зимний период (в декабре), по колено и выше в снегу, в сумерках короткого зимнего дня и ночью, показав высокую выучку гвардейских и армейских офицеров и нижних чинов Вооружённых сил Российской империи.","url":"https://ru.wikipedia.org/wiki/Бой при Ташкисене","source":"Русская Википедия / Викиданные","source_id":"Q3394726","license":"CC BY-SA 4.0","confidence":"ok","extra":{"era":"Российская Империя","war_raw":"Русско-турецкая война 1877–1878"}}},{"type":"Feature","id":"battles:b81ae35d268d","geometry":{"type":"Point","coordinates":[24.0,42.0]},"properties":{"uid":"battles:b81ae35d268d","layer":"battles","layer_title":"Сражения и военные события","group":"military","title":"Битва при Пловдиве","category":"Русско-турецкая война 1877–1878","year_from":1878,"year_to":1878,"date_precision":"day","date_approx":false,"period_raw":"1878-01-17","work":"Русско-турецкая война 1877–1878","summary":"Битва при Пловдиве (Филиппополе) — завершающее сражение русско-турецкой войны 1877—1878 годов. Вскоре после битвы был заключён Сан-Стефанский мир.","url":"https://ru.wikipedia.org/wiki/Битва при Пловдиве","source":"Русская Википедия / Викиданные","source_id":"Q771423","license":"CC BY-SA 4.0","confidence":"ok","extra":{"era":"Российская Империя","war_raw":"Русско-турецкая война 1877–1878"}}},{"type":"Feature","id":"battles:021003416f51","geometry":{"type":"Point","coordinates":[57.966389,38.157778]},"properties":{"uid":"battles:021003416f51","layer":"battles","layer_title":"Сражения и военные события","group":"military","title":"Ахал-текинская экспедиция","category":"Российское завоевание Средней Азии","year_from":1880,"year_to":1880,"date_precision":"year","date_approx":false,"period_raw":"1880.0","work":"Российское завоевание Средней Азии","summary":"Аха́л-теки́нская экспеди́ция или Геоктепинское сражение (туркм. Gökdepe urşy) — военный поход Российской армии по завоеванию территорий туркменских текинцев в 1880-81 годах, проходил на территории современного Туркменистана.","url":"https://ru.wikipedia.org/wiki/Ахал-текинская экспедиция","source":"Русская Википедия / Викиданные","source_id":"Q3636447","license":"CC BY-SA 4.0","confidence":"ok","extra":{"era":"Российская Империя","war_raw":"Российское завоевание Средней Азии"}}},{"type":"Feature","id":"battles:7783afb7d7d7","geometry":{"type":"Point","coordinates":[62.3417,35.2758]},"properties":{"uid":"battles:7783afb7d7d7","layer":"battles","layer_title":"Сражения и военные события","group":"military","title":"Бой на Кушке","category":"Большая игра","year_from":1885,"year_to":1885,"date_precision":"year","date_approx":false,"period_raw":"1885.0","work":"Большая игра","summary":"Русско-афганский конфликт, Сражение при Кушке, Таш-Кепринское сражение, известно также в западной историографии как Столкновение в Пенд(жд)е, или у Ташкепри (англ. Panjdeh incident) — вооружённый конфликт, который произошёл 18 (30) марта 1885 года после того, как Русская армия, по версии западной историографии, заняла афганскую территорию к югу от реки Амударьи и Мервского оази","url":"https://ru.wikipedia.org/wiki/Бой на Кушке","source":"Русская Википедия / Викиданные","source_id":"Q2993585","license":"CC BY-SA 4.0","confidence":"ok","extra":{"era":"Российская Империя","war_raw":"Большая игра"}}},{"type":"Feature","id":"battles:222ef53c74c9","geometry":{"type":"Point","coordinates":[117.705297,38.977129]},"properties":{"uid":"battles:222ef53c74c9","layer":"battles","layer_title":"Сражения и военные события","group":"military","title":"Битва за форты Дагу (1900)","category":"Ихэтуаньское восстание","year_from":1898,"year_to":1898,"date_precision":"year","date_approx":false,"period_raw":"1898.0","work":"Ихэтуаньское восстание","summary":"Битва за форты Дагу или Взятие фортов Дагу — сражение в Китае во время восстания ихэтуаней 1898—1901 годов. Произошло у Дагу (иначе Таку или Тангу) в устье реки Пейхо (Хайхэ) ночью и утром 4 (17) июня 1900 года между китайскими гарнизонами фортов Дагу и силами международной коалиции — десантным отрядом и отрядом кораблей.","url":"https://ru.wikipedia.org/wiki/Битва за форты Дагу (1900)","source":"Русская Википедия / Викиданные","source_id":"Q2890708","license":"CC BY-SA 4.0","confidence":"place_level","extra":{"era":"Российская Империя","war_raw":"Ихэтуаньское восстание"}}},{"type":"Feature","id":"battles:14ee67d6dac0","geometry":{"type":"Point","coordinates":[116.3975,39.906667]},"properties":{"uid":"battles:14ee67d6dac0","layer":"battles","layer_title":"Сражения и военные события","group":"military","title":"Битва за Пекин","category":"Ихэтуаньское восстание","year_from":1900,"year_to":1900,"date_precision":"day","date_approx":false,"period_raw":"1900-01-01","work":"Ихэтуаньское восстание","summary":"Би́тва за Пеки́н (кит. трад. 北京之戰, упр. 北京之战, пиньинь Běijīng zhīzhàn), реже осада Пекина (кит. трад. 北京解圍戰, упр. 北京解围战, пиньинь Běijīng jiě wéizhàn) — взятие в августе 1900 года столицы Цинской империи войсками Альянса восьми держав во время восстания ихэтуаней в Китае.","url":"https://ru.wikipedia.org/wiki/Битва за Пекин","source":"Русская Википедия / Викиданные","source_id":"Q4087313","license":"CC BY-SA 4.0","confidence":"ok","extra":{"era":"Российская Империя","war_raw":"Ихэтуаньское восстание"}}},{"type":"Feature","id":"battles:99fcc24c453d","geometry":{"type":"Point","coordinates":[121.4814,53.3333]},"properties":{"uid":"battles:99fcc24c453d","layer":"battles","layer_title":"Сражения и военные события","group":"military","title":"Бои на Амуре (1900)","category":"Ихэтуаньское восстание","year_from":1900,"year_to":1900,"date_precision":"year","date_approx":false,"period_raw":"1900.0","work":"Ихэтуаньское восстание","summary":"Бои́ на Аму́ре — военные действия в июле—августе 1900 года на реке Амур в районе города Благовещенска во время восстания ихэтуаней в Китае.","url":"https://ru.wikipedia.org/wiki/Бои на Амуре (1900)","source":"Русская Википедия / Викиданные","source_id":"Q4090271","license":"CC BY-SA 4.0","confidence":"place_level","extra":{"era":"Российская Империя","war_raw":"Ихэтуаньское восстание"}}},{"type":"Feature","id":"battles:ba2c46e4d03c","geometry":{"type":"Point","coordinates":[116.70056,39.51962]},"properties":{"uid":"battles:ba2c46e4d03c","layer":"battles","layer_title":"Сражения и военные события","group":"military","title":"Битва при Ланфане","category":"Экспедиция Сеймура","year_from":1900,"year_to":1900,"date_precision":"day","date_approx":false,"period_raw":"1900-06-18","work":"Экспедиция Сеймура","summary":"Би́тва при Ланфа́не (кит. трад. 廊坊阻擊戰, упр. 廊坊阻击战) — одно из сражений во время Ихэтуанского восстания, произошедшее 18 июня 1900 года при Ланфане между китайскими войсками генерала Дун Фусяна, поддержанными ихэтуанями, с одной стороны, и экспедиционными силами альянса восьми держав под командованием британского адмирала Эдварда Сеймура — с другой. Китайские правительственные в","url":"https://ru.wikipedia.org/wiki/Битва при Ланфане","source":"Русская Википедия / Викиданные","source_id":"Q18356964","license":"CC BY-SA 4.0","confidence":"place_level","extra":{"era":"Российская Империя","war_raw":"Экспедиция Сеймура"}}},{"type":"Feature","id":"battles:f3bd45f32fe4","geometry":{"type":"Point","coordinates":[117.205556,39.146667]},"properties":{"uid":"battles:f3bd45f32fe4","layer":"battles","layer_title":"Сражения и военные события","group":"military","title":"Экспедиция Сеймура","category":"Ихэтуаньское восстание","year_from":1900,"year_to":1900,"date_precision":"day","date_approx":false,"period_raw":"1900-06-28","work":"Ихэтуаньское восстание","url":"https://ru.wikipedia.org/wiki/Экспедиция Сеймура","source":"Русская Википедия / Викиданные","source_id":"Q7459167","license":"CC BY-SA 4.0","confidence":"place_level","extra":{"era":"Российская Империя","war_raw":"Ихэтуаньское восстание"}}},{"type":"Feature","id":"battles:4ae51ffc10b3","geometry":{"type":"Point","coordinates":[119.75357,40.00916]},"properties":{"uid":"battles:4ae51ffc10b3","layer":"battles","layer_title":"Сражения и военные события","group":"military","title":"Захват Шаньхайгуаня","category":"Ихэтуаньское восстание","year_from":1900,"year_to":1900,"date_precision":"day","date_approx":false,"period_raw":"1900-01-01","work":"Ихэтуаньское восстание","url":"https://ru.wikipedia.org/wiki/Захват Шаньхайгуаня","source":"Русская Википедия / Викиданные","source_id":"Q4188868","license":"CC BY-SA 4.0","confidence":"place_level","extra":{"era":"Российская Империя","war_raw":"Ихэтуаньское восстание"}}},{"type":"Feature","id":"battles:23a6e151a253","geometry":{"type":"Point","coordinates":[121.7,38.4]},"properties":{"uid":"battles:23a6e151a253","layer":"battles","layer_title":"Сражения и военные события","group":"military","title":"Бой в Жёлтом море","category":"Русско-японская война","year_from":1904,"year_to":1904,"date_precision":"day","date_approx":false,"period_raw":"1904-08-10","work":"Русско-японская война","summary":"Бой в Жёлтом море (яп. 黄海海戦, ко:кай кайсэн) — второе морское сражение Русско-японской войны, состоявшееся 28 июля (10 августа) 1904 года между русской 1-й Тихоокеанской эскадрой и Объединённым флотом Японии. Итоги сражения оказали решающее воздействие на дальнейший ход боевых действий на море.","url":"https://ru.wikipedia.org/wiki/Бой в Жёлтом море","source":"Русская Википедия / Викиданные","source_id":"Q702377","license":"CC BY-SA 4.0","confidence":"ok","extra":{"era":"Российская Империя","war_raw":"Русско-японская война"}}},{"type":"Feature","id":"battles:1c469b5c9ff3","geometry":{"type":"Point","coordinates":[129.944,35.072667]},"properties":{"uid":"battles:1c469b5c9ff3","layer":"battles","layer_title":"Сражения и военные события","group":"military","title":"Бой в Корейском проливе","category":"Русско-японская война","year_from":1904,"year_to":1904,"date_precision":"day","date_approx":false,"period_raw":"1904-08-14","work":"Русско-японская война","summary":"Бой в Коре́йском проли́ве — морской бой русско-японской войны. Состоялся 1 августа (14 августа) 1904 между тремя броненосными крейсерами русского Владивостокского отряда крейсеров под командованием контр-адмирала К. П. Иессена и японским 3-м боевым отрядом из 4 броненосных и 2 бронепалубных крейсеров под командованием вице-адмирала Хиконодзё Камимуры. Закончился потоплением одн","url":"https://ru.wikipedia.org/wiki/Бой в Корейском проливе","source":"Русская Википедия / Викиданные","source_id":"Q702150","license":"CC BY-SA 4.0","confidence":"ok","extra":{"era":"Российская Империя","war_raw":"Русско-японская война"}}},{"type":"Feature","id":"battles:df3879be22be","geometry":{"type":"Point","coordinates":[143.0,46.833333]},"properties":{"uid":"battles:df3879be22be","layer":"battles","layer_title":"Сражения и военные события","group":"military","title":"Битва у Корсакова","category":"Русско-японская война","year_from":1904,"year_to":1904,"date_precision":"day","date_approx":false,"period_raw":"1904-08-20","work":"Русско-японская война","summary":"Бой у Корсакова — морской бой Русско-Японской войны, состоявшееся 7 (20) августа 1904 года. Японцам удалось сорвать попытку прорыва русского крейсера «Новик» к Владивостоку, для присоединения к русским силам, после того, как Первая Тихоокеанская эскадра рассеялась в ходе битвы в Жёлтом море.","url":"https://ru.wikipedia.org/wiki/Битва у Корсакова","source":"Русская Википедия / Викиданные","source_id":"Q4871480","license":"CC BY-SA 4.0","confidence":"ok","extra":{"era":"Российская Империя","war_raw":"Русско-японская война"}}},{"type":"Feature","id":"battles:34b166501d81","geometry":{"type":"Point","coordinates":[121.265,38.775]},"properties":{"uid":"battles:34b166501d81","layer":"battles","layer_title":"Сражения и военные события","group":"military","title":"Нападение на Порт-Артур","category":"Русско-японская война","year_from":1904,"year_to":1904,"date_precision":"day","date_approx":false,"period_raw":"1904-02-08","work":"Русско-японская война","url":"https://ru.wikipedia.org/wiki/Нападение на Порт-Артур","source":"Русская Википедия / Викиданные","source_id":"Q1363925","license":"CC BY-SA 4.0","confidence":"ok","extra":{"era":"Российская Империя","war_raw":"Русско-японская война"}}},{"type":"Feature","id":"battles:216a80067fb4","geometry":{"type":"Point","coordinates":[126.522833,37.346667]},"properties":{"uid":"battles:216a80067fb4","layer":"battles","layer_title":"Сражения и военные события","group":"military","title":"Бой у Чемульпо","category":"Русско-японская война","year_from":1904,"year_to":1904,"date_precision":"day","date_approx":false,"period_raw":"1904-02-09","work":"Русско-японская война","url":"https://ru.wikipedia.org/wiki/Бой у Чемульпо","source":"Русская Википедия / Викиданные","source_id":"Q1192118","license":"CC BY-SA 4.0","confidence":"ok","extra":{"era":"Российская Империя","war_raw":"Русско-японская война"}}},{"type":"Feature","id":"battles:1996206d8f8c","geometry":{"type":"Point","coordinates":[122.033333,39.766667]},"properties":{"uid":"battles:1996206d8f8c","layer":"battles","layer_title":"Сражения и военные события","group":"military","title":"Бой у Вафангоу","category":"Русско-японская война 1904–1905","year_from":1904,"year_to":1904,"date_precision":"year","date_approx":false,"period_raw":"1904.0","work":"Русско-японская война 1904–1905","summary":"Бой у Вафанго́у — бой между 1-м Сибирским корпусом и японской 2-й армией, состоявшийся 1 (14)—2 (15) июня 1904 года.","url":"https://ru.wikipedia.org/wiki/Бой у Вафангоу","source":"Русская Википедия / Викиданные","source_id":"Q2619692","license":"CC BY-SA 4.0","confidence":"ok","extra":{"era":"Российская Империя","war_raw":"Русско-японская война 1904–1905"}}},{"type":"Feature","id":"battles:907c292d5fe8","geometry":{"type":"Point","coordinates":[121.724167,39.080278]},"properties":{"uid":"battles:907c292d5fe8","layer":"battles","layer_title":"Сражения и военные события","group":"military","title":"Бой у Цзиньчжоу","category":"Русско-японская война 1904–1905","year_from":1904,"year_to":1904,"date_precision":"year","date_approx":false,"period_raw":"1904.0","work":"Русско-японская война 1904–1905","summary":"Бой у Цзиньчжоу (Кинчжоу) — бой на подступах к Порт-Артуру, состоявшийся 13 (26) мая 1904 года во время русско-японской войны.","url":"https://ru.wikipedia.org/wiki/Бой у Цзиньчжоу","source":"Русская Википедия / Викиданные","source_id":"Q2409298","license":"CC BY-SA 4.0","confidence":"ok","extra":{"era":"Российская Империя","war_raw":"Русско-японская война 1904–1905"}}},{"type":"Feature","id":"battles:fa8d39181860","geometry":{"type":"Point","coordinates":[124.52583,40.1915]},"properties":{"uid":"battles:fa8d39181860","layer":"battles","layer_title":"Сражения и военные события","group":"military","title":"Бой на реке Ялу","category":"Русско-японская война 1904–1905","year_from":1904,"year_to":1904,"date_precision":"year","date_approx":false,"period_raw":"1904.0","work":"Русско-японская война 1904–1905","summary":"Бой на реке Ялу, Тюренченский бой (яп. 鴨緑江会戦 О:рёкуко: кайсэн) — сражение на пограничной реке Ялу у города Цзюляньчэн (в старой русской транскрипции — Тюренчен) между русскими и японскими войсками, состоявшееся 18 апреля (1 мая) 1904 года. Первое значительное сражение русско-японской войны.","url":"https://ru.wikipedia.org/wiki/Бой на реке Ялу","source":"Русская Википедия / Викиданные","source_id":"Q2273445","license":"CC BY-SA 4.0","confidence":"ok","extra":{"era":"Российская Империя","war_raw":"Русско-японская война 1904–1905"}}},{"type":"Feature","id":"battles:41b37502c476","geometry":{"type":"Point","coordinates":[122.5,40.0]},"properties":{"uid":"battles:41b37502c476","layer":"battles","layer_title":"Сражения и военные события","group":"military","title":"Бой на Янзелинском перевале","category":"Русско-японская война 1904–1905","year_from":1904,"year_to":1904,"date_precision":"day","date_approx":false,"period_raw":"1904-07-17","work":"Русско-японская война 1904–1905","summary":"Бой за Янзелинский перевал — одно из сражений во время Русско-японской войны между японскими и русскими войсками за обладание горными перевалами, через которые шла дорога на Ляоян, произошедшее 18 (31) июля 1904 года.","url":"https://ru.wikipedia.org/wiki/Бой на Янзелинском перевале","source":"Русская Википедия / Викиданные","source_id":"Q2469370","license":"CC BY-SA 4.0","confidence":"ok","extra":{"era":"Российская Империя","war_raw":"Русско-японская война 1904–1905"}}},{"type":"Feature","id":"battles:25cb1695cd91","geometry":{"type":"Point","coordinates":[129.49,34.0075]},"properties":{"uid":"battles:25cb1695cd91","layer":"battles","layer_title":"Сражения и военные события","group":"military","title":"Уничтожение конвоя «Хитати-Мару»","category":"Русско-японская война","year_from":1904,"year_to":1904,"date_precision":"day","date_approx":false,"period_raw":"1904-06-15","work":"Русско-японская война","url":"https://ru.wikipedia.org/wiki/Уничтожение конвоя «Хитати-Мару»","source":"Русская Википедия / Викиданные","source_id":"Q11481675","license":"CC BY-SA 4.0","confidence":"outside_bbox","extra":{"era":"Российская Империя","war_raw":"Русско-японская война"}}},{"type":"Feature","id":"battles:23bf5fb3d36f","geometry":{"type":"Point","coordinates":[121.25,38.783333]},"properties":{"uid":"battles:23bf5fb3d36f","layer":"battles","layer_title":"Сражения и военные события","group":"military","title":"Уничтожение японских броненосцев «Хацусэ» и «Ясима»","category":"Русско-японская война","year_from":1904,"year_to":1904,"date_precision":"day","date_approx":false,"period_raw":"1904-05-15","work":"Русско-японская война","url":"https://ru.wikipedia.org/wiki/Уничтожение японских броненосцев «Хацусэ» и «Ясима»","source":"Русская Википедия / Викиданные","source_id":"Q4475946","license":"CC BY-SA 4.0","confidence":"place_level","extra":{"era":"Российская Империя","war_raw":"Русско-японская война"}}},{"type":"Feature","id":"battles:f6e4176f7e0b","geometry":{"type":"Point","coordinates":[130.15,34.45]},"properties":{"uid":"battles:f6e4176f7e0b","layer":"battles","layer_title":"Сражения и военные события","group":"military","title":"Цусимское сражение","category":"Русско-японская война","year_from":1905,"year_to":1905,"date_precision":"day","date_approx":false,"period_raw":"1905-05-28","work":"Русско-японская война","url":"https://ru.wikipedia.org/wiki/Цусимское сражение","source":"Русская Википедия / Викиданные","source_id":"Q208127","license":"CC BY-SA 4.0","confidence":"outside_bbox","extra":{"era":"Российская Империя","war_raw":"Русско-японская война"}}},{"type":"Feature","id":"battles:d57b22a1c86b","geometry":{"type":"Point","coordinates":[142.65,46.75]},"properties":{"uid":"battles:d57b22a1c86b","layer":"battles","layer_title":"Сражения и военные события","group":"military","title":"Японское вторжение на Сахалин","category":"Русско-японская война 1904–1905","year_from":1905,"year_to":1905,"date_precision":"day","date_approx":false,"period_raw":"1905-07-31","work":"Русско-японская война 1904–1905","url":"https://ru.wikipedia.org/wiki/Японское вторжение на Сахалин","source":"Русская Википедия / Викиданные","source_id":"Q4538445","license":"CC BY-SA 4.0","confidence":"ok","extra":{"era":"Российская Империя","war_raw":"Русско-японская война 1904–1905"}}},{"type":"Feature","id":"battles:878570352b13","geometry":{"type":"Point","coordinates":[22.573333,54.630556]},"properties":{"uid":"battles:878570352b13","layer":"battles","layer_title":"Сражения и военные события","group":"military","title":"Бой у Шталлупёнена","category":"Первая мировая война 1914–1918","year_from":1914,"year_to":1914,"date_precision":"day","date_approx":false,"period_raw":"1914-08-17","work":"Первая мировая война 1914–1918","summary":"Бой у Шталлупёнена (нем. Gefecht bei Stallupönen) — бой между передовыми частями русской и немецкой армиями в ходе Восточно-Прусской операции. Первое крупное сражение на Восточном фронте Первой мировой войны, произошедшее через 17 дней после её начала 1 августа 1914 года. По форме это встречный бой германского I армейского и русского III армейского корпусов. Бой произошёл между","url":"https://ru.wikipedia.org/wiki/Бой у Шталлупёнена","source":"Русская Википедия / Викиданные","source_id":"Q149560","license":"CC BY-SA 4.0","confidence":"ok","extra":{"era":"Российская Империя","war_raw":"Восточный фронт Первой мировой войны"}}},{"type":"Feature","id":"battles:f7a114d35547","geometry":{"type":"Point","coordinates":[100.333333,5.433333]},"properties":{"uid":"battles:f7a114d35547","layer":"battles","layer_title":"Сражения и военные события","group":"military","title":"Бой у Пенанга","category":"ПМВ","year_from":1914,"year_to":1914,"date_precision":"day","date_approx":false,"period_raw":"1914-10-28","work":"ПМВ","summary":"Бой у Пенанга — морской бой Первой мировой войны, состоявшийся 28 октября 1914 года. Ранним утром немецкий крейсер «Эмден» атаковал и потопил в гавани Пенанга крейсер Российского императорского флота «Жемчуг». Спящая команда «Жемчуга» не оказала практически никакого сопротивления атаке германского рейдера. По «Жемчугу» было выпущено две торпеды и открыт артиллерийский огонь. В","url":"https://ru.wikipedia.org/wiki/Бой у Пенанга","source":"Русская Википедия / Викиданные","source_id":"Q2661859","license":"CC BY-SA 4.0","confidence":"outside_bbox","extra":{"era":"Российская Империя","war_raw":"ПМВ"}}},{"type":"Feature","id":"battles:6d06a503a04b","geometry":{"type":"Point","coordinates":[35.0,44.0]},"properties":{"uid":"battles:6d06a503a04b","layer":"battles","layer_title":"Сражения и военные события","group":"military","title":"Севастопольская побудка","category":"ПМВ","year_from":1914,"year_to":1914,"date_precision":"day","date_approx":false,"period_raw":"1914-10-29","work":"ПМВ","url":"https://ru.wikipedia.org/wiki/Севастопольская побудка","source":"Русская Википедия / Викиданные","source_id":"Q25040984","license":"CC BY-SA 4.0","confidence":"ok","extra":{"era":"Российская Империя","war_raw":"ПМВ"}}},{"type":"Feature","id":"battles:0bb7232080f6","geometry":{"type":"Point","coordinates":[51.175,35.575]},"properties":{"uid":"battles:0bb7232080f6","layer":"battles","layer_title":"Сражения и военные события","group":"military","title":"Бой под Рабат-Керимом","category":"Первая мировая война 1914–1918","year_from":1915,"year_to":1915,"date_precision":"day","date_approx":false,"period_raw":"1915-12-17","work":"Первая мировая война 1914–1918","summary":"Бой под Рабат-Керимом — бой 9 (22) декабря 1915 года между частями русского экспедиционного кавалерийского корпуса и персидскими антиправительственными формированиями эмира Хишмета в ходе Персидской кампании Первой мировой войны.","url":"https://ru.wikipedia.org/wiki/Бой под Рабат-Керимом","source":"Русская Википедия / Викиданные","source_id":"Q122781703","license":"CC BY-SA 4.0","confidence":"ok","extra":{"era":"Российская Империя","war_raw":"Ближневосточный театр военных действий Первой мировой войны"}}},{"type":"Feature","id":"battles:53a2044b2929","geometry":{"type":"Point","coordinates":[18.975,57.441667]},"properties":{"uid":"battles:53a2044b2929","layer":"battles","layer_title":"Сражения и военные события","group":"military","title":"Готландский бой","category":"ПМВ","year_from":1915,"year_to":1915,"date_precision":"day","date_approx":false,"period_raw":"1915-07-02","work":"ПМВ","summary":"Готландский бой (нем. Gotland-Raid) — морской бой между 1-й бригадой крейсеров Балтийского флота и отрядом немецких кораблей, произошедший в ходе первой мировой войны 19 июня 1915 года в Балтийском море, около острова Готланд.","url":"https://ru.wikipedia.org/wiki/Готландский бой","source":"Русская Википедия / Викиданные","source_id":"Q697941","license":"CC BY-SA 4.0","confidence":"ok","extra":{"era":"Российская Империя","war_raw":"ПМВ"}}},{"type":"Feature","id":"battles:d2faff353f7e","geometry":{"type":"Point","coordinates":[23.5,57.75]},"properties":{"uid":"battles:d2faff353f7e","layer":"battles","layer_title":"Сражения и военные события","group":"military","title":"Оборона Рижского залива","category":"ПМВ","year_from":1915,"year_to":1915,"date_precision":"day","date_approx":false,"period_raw":"1915-08-20","work":"ПМВ","url":"https://ru.wikipedia.org/wiki/Оборона Рижского залива","source":"Русская Википедия / Викиданные","source_id":"Q702255","license":"CC BY-SA 4.0","confidence":"ok","extra":{"era":"Российская Империя","war_raw":"ПМВ"}}},{"type":"Feature","id":"battles:e901ab126e9c","geometry":{"type":"Point","coordinates":[41.275556,39.909722]},"properties":{"uid":"battles:e901ab126e9c","layer":"battles","layer_title":"Сражения и военные события","group":"military","title":"Кеприкейское сражение","category":"Кавказский фронт","year_from":1915,"year_to":1915,"date_precision":"year","date_approx":false,"period_raw":"1915.0","work":"Кавказский фронт","summary":"Кеприке́йское сраже́ние — наступление русских войск на позиции турецкой армии во время Первой мировой войны,проводившееся 28 декабря 1915 года — 7 января 1916 года. Завершилось успехом русских войск, которые вынудили османские части к отходу и подошли к крепости Эрзурум.","url":"https://ru.wikipedia.org/wiki/Кеприкейское сражение","source":"Русская Википедия / Викиданные","source_id":"Q2032824","license":"CC BY-SA 4.0","confidence":"place_level","extra":{"era":"Российская Империя","war_raw":"Кавказский фронт"}}},{"type":"Feature","id":"battles:1f9b1c600bee","geometry":{"type":"Point","coordinates":[34.26,43.41]},"properties":{"uid":"battles:1f9b1c600bee","layer":"battles","layer_title":"Сражения и военные события","group":"military","title":"Бой у Босфора (1915)","category":"ПМВ","year_from":1915,"year_to":1915,"date_precision":"day","date_approx":false,"period_raw":"1915-05-10","work":"ПМВ","summary":"Бой у Босфора — боестолкновение между Черноморским флотом и германо-турецкими морскими силами, произошедшее 27 апреля (10 мая) 1915 года в ходе осуществления русским флотом бомбардировки Босфорских укреплений. Получив 3 попадания, вышедший из Босфора «Гебен» вернулся в пролив. Русские корабли потерь и повреждений не имели.","url":"https://ru.wikipedia.org/wiki/Бой у Босфора (1915)","source":"Русская Википедия / Викиданные","source_id":"Q4090323","license":"CC BY-SA 4.0","confidence":"place_level","extra":{"era":"Российская Империя","war_raw":"ПМВ"}}},{"type":"Feature","id":"battles:0a28cb24b0e9","geometry":{"type":"Point","coordinates":[47.068611,34.316667]},"properties":{"uid":"battles:0a28cb24b0e9","layer":"battles","layer_title":"Сражения и военные события","group":"military","title":"Керманшахская операция","category":"Персидская кампания","year_from":1916,"year_to":1916,"date_precision":"year","date_approx":false,"period_raw":"1916.0","work":"Персидская кампания","summary":"Керманшахская операция — наступательная операция частей русского экспедиционного кавалерийского корпуса в западном Иране, проводившаяся в феврале — марте 1916 года в ходе Персидской кампании Первой мировой войны.","url":"https://ru.wikipedia.org/wiki/Керманшахская операция","source":"Русская Википедия / Викиданные","source_id":"Q19886246","license":"CC BY-SA 4.0","confidence":"outside_bbox","extra":{"era":"Российская Империя","war_raw":"Персидская кампания"}}},{"type":"Feature","id":"battles:e2ce7a4291c7","geometry":{"type":"Point","coordinates":[2.88111,50.6881]},"properties":{"uid":"battles:e2ce7a4291c7","layer":"battles","layer_title":"Сражения и военные события","group":"military","title":"Сражение при Арментьере (1914)","category":"Первая мировая война 1914–1918","year_from":1914,"year_to":1914,"date_precision":"year","date_approx":false,"work":"Первая мировая война 1914–1918","url":"https://ru.wikipedia.org/wiki/Сражение при Арментьере (1914)","source":"Русская Википедия / Викиданные","source_id":"Q2887888","license":"CC BY-SA 4.0","confidence":"outside_bbox","extra":{"era":"Первая мировая война","war_raw":"Первая мировая война 1914–1918"}}},{"type":"Feature","id":"battles:a796f5a3bd0f","geometry":{"type":"Point","coordinates":[2.75,50.5]},"properties":{"uid":"battles:a796f5a3bd0f","layer":"battles","layer_title":"Сражения и военные события","group":"military","title":"Третья битва в Артуа","category":"Первая мировая война 1914–1918","date_precision":"unknown","date_approx":false,"work":"Первая мировая война 1914–1918","url":"https://ru.wikipedia.org/wiki/Третья битва в Артуа","source":"Русская Википедия / Викиданные","source_id":"Q925917","license":"CC BY-SA 4.0","confidence":"outside_bbox","extra":{"era":"Первая мировая война","war_raw":"Первая мировая война 1914–1918"}}},{"type":"Feature","id":"battles:a6f7117443b1","geometry":{"type":"Point","coordinates":[26.0,12.0]},"properties":{"uid":"battles:a6f7117443b1","layer":"battles","layer_title":"Сражения и военные события","group":"military","title":"Африканский театр военных действий Первой мировой войны","category":"Первая мировая война 1914–1918","date_precision":"unknown","date_approx":false,"work":"Первая мировая война 1914–1918","summary":"Африканский театр военных действий Первой мировой войны — боевые действия во время Первой мировой войны, происходившие в Африке между войсками Германии и Антанты. Африканский театр военных действий в Первой мировой войне включал в себя серию военных операций и сражений Великобритании, Бельгии и Португалии против Германии и Османской империи в различных регионах африканского континента. Конфликт в","url":"https://ru.wikipedia.org/wiki/Африканский театр военных действий Первой мировой войны","source":"Русская Википедия / Викиданные","source_id":"Q659991","license":"CC BY-SA 4.0","confidence":"outside_bbox","extra":{"era":"Первая мировая война","war_raw":"Первая мировая война 1914–1918"}}},{"type":"Feature","id":"battles:5e7c30569265","geometry":{"type":"Point","coordinates":[39.2667,-10.35]},"properties":{"uid":"battles:5e7c30569265","layer":"battles","layer_title":"Сражения и военные события","group":"military","title":"Битва при Махиве","category":"Первая мировая война 1914–1918","date_precision":"unknown","date_approx":false,"work":"Первая мировая война 1914–1918","summary":"Битва при Махиве — битва между немецкими и британскими войсками, которая произошла во время Восточноафриканской кампании Первой мировой войны, когда южноафриканские и нигерийские войска под командованием генерал-лейтенанта Якоба ван Девентера вступили в бой с колонной немецкого генерала Пауля Эмиля фон Леттова-Форбека в городе Махива в Германской Восточной Африке (современная Танзания). Немецкие в","url":"https://ru.wikipedia.org/wiki/Битва при Махиве","source":"Русская Википедия / Викиданные","source_id":"Q4871634","license":"CC BY-SA 4.0","confidence":"outside_bbox","extra":{"era":"Первая мировая война","war_raw":"Первая мировая война 1914–1918"}}},{"type":"Feature","id":"battles:f79b91ac30d4","geometry":{"type":"Point","coordinates":[26.287222,40.230278]},"properties":{"uid":"battles:f79b91ac30d4","layer":"battles","layer_title":"Сражения и военные события","group":"military","title":"Битва у одинокой сосны","category":"Первая мировая война 1914–1918","date_precision":"unknown","date_approx":false,"work":"Первая мировая война 1914–1918","url":"https://ru.wikipedia.org/wiki/Битва у одинокой сосны","source":"Русская Википедия / Викиданные","source_id":"Q3636509","license":"CC BY-SA 4.0","confidence":"ok","extra":{"era":"Первая мировая война","war_raw":"Первая мировая война 1914–1918"}}},{"type":"Feature","id":"battles:258015af6159","geometry":{"type":"Point","coordinates":[31.816667,-1.333333]},"properties":{"uid":"battles:258015af6159","layer":"battles","layer_title":"Сражения и военные события","group":"military","title":"Бой при Букобе","category":"Первая мировая война 1914–1918","date_precision":"unknown","date_approx":false,"work":"Первая мировая война 1914–1918","url":"https://ru.wikipedia.org/wiki/Бой при Букобе","source":"Русская Википедия / Викиданные","source_id":"Q2888212","license":"CC BY-SA 4.0","confidence":"outside_bbox","extra":{"era":"Первая мировая война","war_raw":"Первая мировая война 1914–1918"}}},{"type":"Feature","id":"battles:050eac26b103","geometry":{"type":"Point","coordinates":[20.999444,52.264722]},"properties":{"uid":"battles:050eac26b103","layer":"battles","layer_title":"Сражения и военные события","group":"military","title":"Варшавская крепость","category":"Первая мировая война 1914–1918","date_precision":"unknown","date_approx":false,"work":"Первая мировая война 1914–1918","url":"https://ru.wikipedia.org/wiki/Варшавская крепость","source":"Русская Википедия / Викиданные","source_id":"Q1409000","license":"CC BY-SA 4.0","confidence":"ok","extra":{"era":"Первая мировая война","war_raw":"Первая мировая война 1914–1918"}}},{"type":"Feature","id":"battles:4018b0770eeb","geometry":{"type":"Point","coordinates":[34.854,-6.307]},"properties":{"uid":"battles:4018b0770eeb","layer":"battles","layer_title":"Сражения и военные события","group":"military","title":"Восточноафриканская кампания (Первая мировая война)","category":"Первая мировая война 1914–1918","date_precision":"unknown","date_approx":false,"work":"Первая мировая война 1914–1918","url":"https://ru.wikipedia.org/wiki/Восточноафриканская кампания (Первая мировая война)","source":"Русская Википедия / Викиданные","source_id":"Q705571","license":"CC BY-SA 4.0","confidence":"outside_bbox","extra":{"era":"Первая мировая война","war_raw":"Первая мировая война 1914–1918"}}},{"type":"Feature","id":"battles:992cc4170c96","geometry":{"type":"Point","coordinates":[21.8375,51.5575]},"properties":{"uid":"battles:992cc4170c96","layer":"battles","layer_title":"Сражения и военные события","group":"military","title":"Ивангородская крепость (Польша)","category":"Первая мировая война 1914–1918","date_precision":"unknown","date_approx":false,"work":"Первая мировая война 1914–1918","url":"https://ru.wikipedia.org/wiki/Ивангородская крепость (Польша)","source":"Русская Википедия / Викиданные","source_id":"Q4195686","license":"CC BY-SA 4.0","confidence":"ok","extra":{"era":"Первая мировая война","war_raw":"Первая мировая война 1914–1918"}}},{"type":"Feature","id":"battles:ce1817eb5229","geometry":{"type":"Point","coordinates":[13.528056,45.863333]},"properties":{"uid":"battles:ce1817eb5229","layer":"battles","layer_title":"Сражения и военные события","group":"military","title":"Вторая битва при Изонцо","category":"Первая мировая война 1914–1918","date_precision":"unknown","date_approx":false,"work":"Первая мировая война 1914–1918","url":"https://ru.wikipedia.org/wiki/Вторая битва при Изонцо","source":"Русская Википедия / Викиданные","source_id":"Q233242","license":"CC BY-SA 4.0","confidence":"outside_bbox","extra":{"era":"Первая мировая война","war_raw":"Первая мировая война 1914–1918"}}},{"type":"Feature","id":"battles:bf01d57617a3","geometry":{"type":"Point","coordinates":[2.940556,50.899444]},"properties":{"uid":"battles:bf01d57617a3","layer":"battles","layer_title":"Сражения и военные события","group":"military","title":"Вторая битва при Ипре","category":"Первая мировая война 1914–1918","date_precision":"unknown","date_approx":false,"work":"Первая мировая война 1914–1918","url":"https://ru.wikipedia.org/wiki/Вторая битва при Ипре","source":"Русская Википедия / Викиданные","source_id":"Q233219","license":"CC BY-SA 4.0","confidence":"outside_bbox","extra":{"era":"Первая мировая война","war_raw":"Первая мировая война 1914–1918"}}},{"type":"Feature","id":"battles:8b16d5f26bcd","geometry":{"type":"Point","coordinates":[11.5167,3.86667]},"properties":{"uid":"battles:8b16d5f26bcd","layer":"battles","layer_title":"Сражения и военные события","group":"military","title":"Камерунская кампания","category":"Первая мировая война 1914–1918","date_precision":"unknown","date_approx":false,"work":"Первая мировая война 1914–1918","url":"https://ru.wikipedia.org/wiki/Камерунская кампания","source":"Русская Википедия / Викиданные","source_id":"Q5042244","license":"CC BY-SA 4.0","confidence":"outside_bbox","extra":{"era":"Первая мировая война","war_raw":"Первая мировая война 1914–1918"}}},{"type":"Feature","id":"battles:b87ca941088e","geometry":{"type":"Point","coordinates":[44.8,41.716667]},"properties":{"uid":"battles:b87ca941088e","layer":"battles","layer_title":"Сражения и военные события","group":"military","title":"Кеприкейская операция","category":"Первая мировая война 1914–1918","date_precision":"unknown","date_approx":false,"work":"Первая мировая война 1914–1918","url":"https://ru.wikipedia.org/wiki/Кеприкейская операция","source":"Русская Википедия / Викиданные","source_id":"Q1936524","license":"CC BY-SA 4.0","confidence":"ok","extra":{"era":"Первая мировая война","war_raw":"Первая мировая война 1914–1918"}}},{"type":"Feature","id":"battles:3b9c74a68023","geometry":{"type":"Point","coordinates":[44.566667,33.093611]},"properties":{"uid":"battles:3b9c74a68023","layer":"battles","layer_title":"Сражения и военные события","group":"military","title":"Сражение под Ктесифоном","category":"Первая мировая война 1914–1918","date_precision":"unknown","date_approx":false,"work":"Первая мировая война 1914–1918","url":"https://ru.wikipedia.org/wiki/Сражение под Ктесифоном","source":"Русская Википедия / Викиданные","source_id":"Q1582511","license":"CC BY-SA 4.0","confidence":"outside_bbox","extra":{"era":"Первая мировая война","war_raw":"Первая мировая война 1914–1918"}}},{"type":"Feature","id":"battles:71e4e8884ccb","geometry":{"type":"Point","coordinates":[2.9,50.705556]},"properties":{"uid":"battles:71e4e8884ccb","layer":"battles","layer_title":"Сражения и военные события","group":"military","title":"Битва на Лисе","category":"Первая мировая война 1914–1918","date_precision":"unknown","date_approx":false,"work":"Первая мировая война 1914–1918","summary":"Битва на Лисе — сражение между германскими (4-я, 6-я армии) и союзными (1-я, 2-я английские армии, один французский кавалерийский корпус (позднее), а также португальские части) войсками во время Первой мировой войны, в районе реки Лис; завершилось успехом германских войск. Наступление на Лисе является частью Весенней операции германской армии во Фландрии. Операция на Лисе являлась продолжением опе","url":"https://ru.wikipedia.org/wiki/Битва на Лисе","source":"Русская Википедия / Викиданные","source_id":"Q1088364","license":"CC BY-SA 4.0","confidence":"outside_bbox","extra":{"era":"Первая мировая война","war_raw":"Первая мировая война 1914–1918"}}},{"type":"Feature","id":"battles:b8025d99b95e","geometry":{"type":"Point","coordinates":[6.716667,48.8]},"properties":{"uid":"battles:b8025d99b95e","layer":"battles","layer_title":"Сражения и военные события","group":"military","title":"Лотарингская операция","category":"Первая мировая война 1914–1918","date_precision":"unknown","date_approx":false,"work":"Первая мировая война 1914–1918","url":"https://ru.wikipedia.org/wiki/Лотарингская операция","source":"Русская Википедия / Викиданные","source_id":"Q548252","license":"CC BY-SA 4.0","confidence":"outside_bbox","extra":{"era":"Первая мировая война","war_raw":"Первая мировая война 1914–1918"}}},{"type":"Feature","id":"battles:9a0b719a880e","geometry":{"type":"Point","coordinates":[2.8981,50.7644]},"properties":{"uid":"battles:9a0b719a880e","layer":"battles","layer_title":"Сражения и военные события","group":"military","title":"Сражение при Мессине (1914)","category":"Первая мировая война 1914–1918","year_from":1914,"year_to":1914,"date_precision":"year","date_approx":false,"work":"Первая мировая война 1914–1918","url":"https://ru.wikipedia.org/wiki/Сражение при Мессине (1914)","source":"Русская Википедия / Викиданные","source_id":"Q389932","license":"CC BY-SA 4.0","confidence":"outside_bbox","extra":{"era":"Первая мировая война","war_raw":"Первая мировая война 1914–1918"}}},{"type":"Feature","id":"battles:f998abae7a7c","geometry":{"type":"Point","coordinates":[2.863889,50.78]},"properties":{"uid":"battles:f998abae7a7c","layer":"battles","layer_title":"Сражения и военные события","group":"military","title":"Мессинская операция (1917)","category":"Первая мировая война 1914–1918","year_from":1917,"year_to":1917,"date_precision":"year","date_approx":false,"work":"Первая мировая война 1914–1918","url":"https://ru.wikipedia.org/wiki/Мессинская операция (1917)","source":"Русская Википедия / Викиданные","source_id":"Q1144824","license":"CC BY-SA 4.0","confidence":"outside_bbox","extra":{"era":"Первая мировая война","war_raw":"Первая мировая война 1914–1918"}}},{"type":"Feature","id":"battles:7c3489a32d08","geometry":{"type":"Point","coordinates":[3.97333,50.2775]},"properties":{"uid":"battles:7c3489a32d08","layer":"battles","layer_title":"Сражения и военные события","group":"military","title":"Осада Мобёжа","category":"Первая мировая война 1914–1918","date_precision":"unknown","date_approx":false,"work":"Первая мировая война 1914–1918","url":"https://ru.wikipedia.org/wiki/Осада Мобёжа","source":"Русская Википедия / Викиданные","source_id":"Q815179","license":"CC BY-SA 4.0","confidence":"outside_bbox","extra":{"era":"Первая мировая война","war_raw":"Первая мировая война 1914–1918"}}},{"type":"Feature","id":"battles:cec84b42175d","geometry":{"type":"Point","coordinates":[35.903611,36.258333]},"properties":{"uid":"battles:cec84b42175d","layer":"battles","layer_title":"Сражения и военные события","group":"military","title":"Оборона горы Муса-Даг","category":"Первая мировая война 1914–1918","date_precision":"unknown","date_approx":false,"work":"Первая мировая война 1914–1918","summary":"Оборо́на горы́ Муса́-Даг (арм. Մուսա լեռան ինքնապաշտպանություն) — 53-дневная самооборона жителей армянских сёл, расположенных у подножия Муса-дага — одной из вершин приморского хребта Нур, не подчинившихся приказу османских властей о депортации во время геноцида армян и с оружием в руках отстоявших право на жизнь.","url":"https://ru.wikipedia.org/wiki/Оборона горы Муса-Даг","source":"Русская Википедия / Викиданные","source_id":"Q19831524","license":"CC BY-SA 4.0","confidence":"ok","extra":{"era":"Первая мировая война","war_raw":"Первая мировая война 1914–1918"}}},{"type":"Feature","id":"battles:0b257cdbd01d","geometry":{"type":"Point","coordinates":[4.867,50.467]},"properties":{"uid":"battles:0b257cdbd01d","layer":"battles","layer_title":"Сражения и военные события","group":"military","title":"Осада Намюра (1914)","category":"Первая мировая война 1914–1918","year_from":1914,"year_to":1914,"date_precision":"year","date_approx":false,"work":"Первая мировая война 1914–1918","url":"https://ru.wikipedia.org/wiki/Осада Намюра (1914)","source":"Русская Википедия / Викиданные","source_id":"Q10751243","license":"CC BY-SA 4.0","confidence":"outside_bbox","extra":{"era":"Первая мировая война","war_raw":"Первая мировая война 1914–1918"}}},{"type":"Feature","id":"battles:c7e7fc8a73a5","geometry":{"type":"Point","coordinates":[22.643889,53.468611]},"properties":{"uid":"battles:c7e7fc8a73a5","layer":"battles","layer_title":"Сражения и военные события","group":"military","title":"Осовец (крепость)","category":"Первая мировая война 1914–1918","date_precision":"unknown","date_approx":false,"work":"Первая мировая война 1914–1918","url":"https://ru.wikipedia.org/wiki/Осовец (крепость)","source":"Русская Википедия / Викиданные","source_id":"Q2503140","license":"CC BY-SA 4.0","confidence":"ok","extra":{"era":"Первая мировая война","war_raw":"Первая мировая война 1914–1918"}}},{"type":"Feature","id":"battles:caf4559258ff","geometry":{"type":"Point","coordinates":[3.6875,50.126389]},"properties":{"uid":"battles:caf4559258ff","layer":"battles","layer_title":"Сражения и военные события","group":"military","title":"Самбра — Уаза","category":"Первая мировая война 1914–1918","date_precision":"unknown","date_approx":false,"work":"Первая мировая война 1914–1918","url":"https://ru.wikipedia.org/wiki/Самбра — Уаза","source":"Русская Википедия / Викиданные","source_id":"Q677388","license":"CC BY-SA 4.0","confidence":"outside_bbox","extra":{"era":"Первая мировая война","war_raw":"Первая мировая война 1914–1918"}}},{"type":"Feature","id":"battles:563f94dfce2e","geometry":{"type":"Point","coordinates":[43.946111,40.093333]},"properties":{"uid":"battles:563f94dfce2e","layer":"battles","layer_title":"Сражения и военные события","group":"military","title":"Сардарапатское сражение","category":"Первая мировая война 1914–1918","date_precision":"unknown","date_approx":false,"work":"Первая мировая война 1914–1918","url":"https://ru.wikipedia.org/wiki/Сардарапатское сражение","source":"Русская Википедия / Викиданные","source_id":"Q762732","license":"CC BY-SA 4.0","confidence":"ok","extra":{"era":"Первая мировая война","war_raw":"Первая мировая война 1914–1918"}}},{"type":"Feature","id":"battles:04496edfd848","geometry":{"type":"Point","coordinates":[25.0,24.0]},"properties":{"uid":"battles:04496edfd848","layer":"battles","layer_title":"Сражения и военные события","group":"military","title":"Сенусийская кампания","category":"Первая мировая война 1914–1918","date_precision":"unknown","date_approx":false,"work":"Первая мировая война 1914–1918","url":"https://ru.wikipedia.org/wiki/Сенусийская кампания","source":"Русская Википедия / Викиданные","source_id":"Q607680","license":"CC BY-SA 4.0","confidence":"outside_bbox","extra":{"era":"Первая мировая война","war_raw":"Первая мировая война 1914–1918"}}},{"type":"Feature","id":"battles:770233932a81","geometry":{"type":"Point","coordinates":[23.848889,40.785833]},"properties":{"uid":"battles:770233932a81","layer":"battles","layer_title":"Сражения и военные события","group":"military","title":"Струмская операция","category":"Первая мировая война 1914–1918","date_precision":"unknown","date_approx":false,"work":"Первая мировая война 1914–1918","url":"https://ru.wikipedia.org/wiki/Струмская операция","source":"Русская Википедия / Викиданные","source_id":"Q12295718","license":"CC BY-SA 4.0","confidence":"ok","extra":{"era":"Первая мировая война","war_raw":"Первая мировая война 1914–1918"}}},{"type":"Feature","id":"battles:31d87106f906","geometry":{"type":"Point","coordinates":[152.166667,-4.383333]},"properties":{"uid":"battles:31d87106f906","layer":"battles","layer_title":"Сражения и военные события","group":"military","title":"Осада Томы","category":"Первая мировая война 1914–1918","date_precision":"unknown","date_approx":false,"work":"Первая мировая война 1914–1918","url":"https://ru.wikipedia.org/wiki/Осада Томы","source":"Русская Википедия / Викиданные","source_id":"Q4745032","license":"CC BY-SA 4.0","confidence":"outside_bbox","extra":{"era":"Первая мировая война","war_raw":"Первая мировая война 1914–1918"}}},{"type":"Feature","id":"battles:b21f5de794c1","geometry":{"type":"Point","coordinates":[23.652778,52.083333]},"properties":{"uid":"battles:b21f5de794c1","layer":"battles","layer_title":"Сражения и военные события","group":"military","title":"Форты и оборонительная линия Брестской крепости","category":"Первая мировая война 1914–1918","date_precision":"unknown","date_approx":false,"work":"Первая мировая война 1914–1918","url":"https://ru.wikipedia.org/wiki/Форты и оборонительная линия Брестской крепости","source":"Русская Википедия / Викиданные","source_id":"Q19692660","license":"CC BY-SA 4.0","confidence":"ok","extra":{"era":"Первая мировая война","war_raw":"Первая мировая война 1914–1918"}}},{"type":"Feature","id":"battles:8cb43a06a5ae","geometry":{"type":"Point","coordinates":[21.4,40.783333]},"properties":{"uid":"battles:8cb43a06a5ae","layer":"battles","layer_title":"Сражения и военные события","group":"military","title":"Чеганская операция","category":"Первая мировая война 1914–1918","date_precision":"unknown","date_approx":false,"work":"Первая мировая война 1914–1918","url":"https://ru.wikipedia.org/wiki/Чеганская операция","source":"Русская Википедия / Викиданные","source_id":"Q12284806","license":"CC BY-SA 4.0","confidence":"ok","extra":{"era":"Первая мировая война","war_raw":"Первая мировая война 1914–1918"}}},{"type":"Feature","id":"battles:116c59a59c62","geometry":{"type":"Point","coordinates":[45.824722,32.505556]},"properties":{"uid":"battles:116c59a59c62","layer":"battles","layer_title":"Сражения и военные события","group":"military","title":"Осада Эль-Кута","category":"Первая мировая война 1914–1918","date_precision":"unknown","date_approx":false,"work":"Первая мировая война 1914–1918","url":"https://ru.wikipedia.org/wiki/Осада Эль-Кута","source":"Русская Википедия / Викиданные","source_id":"Q815166","license":"CC BY-SA 4.0","confidence":"outside_bbox","extra":{"era":"Первая мировая война","war_raw":"Первая мировая война 1914–1918"}}},{"type":"Feature","id":"battles:ca48de83db09","geometry":{"type":"Point","coordinates":[3.733333,49.383333]},"properties":{"uid":"battles:ca48de83db09","layer":"battles","layer_title":"Сражения и военные события","group":"military","title":"Третья битва на Эне","category":"Первая мировая война 1914–1918","date_precision":"unknown","date_approx":false,"work":"Первая мировая война 1914–1918","url":"https://ru.wikipedia.org/wiki/Третья битва на Эне","source":"Русская Википедия / Викиданные","source_id":"Q2462283","license":"CC BY-SA 4.0","confidence":"outside_bbox","extra":{"era":"Первая мировая война","war_raw":"Первая мировая война 1914–1918"}}},{"type":"Feature","id":"battles:67cb0b9fddfc","geometry":{"type":"Point","coordinates":[19.740833,-28.028333]},"properties":{"uid":"battles:67cb0b9fddfc","layer":"battles","layer_title":"Сражения и военные события","group":"military","title":"Югозападноафриканская кампания","category":"Первая мировая война 1914–1918","date_precision":"unknown","date_approx":false,"work":"Первая мировая война 1914–1918","url":"https://ru.wikipedia.org/wiki/Югозападноафриканская кампания","source":"Русская Википедия / Викиданные","source_id":"Q704886","license":"CC BY-SA 4.0","confidence":"outside_bbox","extra":{"era":"Первая мировая война","war_raw":"Первая мировая война 1914–1918"}}},{"type":"Feature","id":"battles:b7593d50c349","geometry":{"type":"Point","coordinates":[26.066667,48.337222]},"properties":{"uid":"battles:b7593d50c349","layer":"battles","layer_title":"Сражения и военные события","group":"military","title":"Битва при Рараньче","category":"Первая мировая война 1914–1918","date_precision":"unknown","date_approx":false,"work":"Первая мировая война 1914–1918","url":"https://ru.wikipedia.org/wiki/Битва при Рараньче","source":"Русская Википедия / Викиданные","source_id":"Q4872164","license":"CC BY-SA 4.0","confidence":"place_level","extra":{"era":"Первая мировая война","war_raw":"Первая мировая война 1914–1918"}}},{"type":"Feature","id":"battles:84ca8c1aa23f","geometry":{"type":"Point","coordinates":[45.388056,36.955278]},"properties":{"uid":"battles:84ca8c1aa23f","layer":"battles","layer_title":"Сражения и военные события","group":"military","title":"Битва при Сулдузе","category":"Первая мировая война 1914–1918","date_precision":"unknown","date_approx":false,"work":"Первая мировая война 1914–1918","url":"https://ru.wikipedia.org/wiki/Битва при Сулдузе","source":"Русская Википедия / Викиданные","source_id":"Q113127542","license":"CC BY-SA 4.0","confidence":"place_level","extra":{"era":"Первая мировая война","war_raw":"Первая мировая война 1914–1918"}}},{"type":"Feature","id":"battles:e6d413a5126f","geometry":{"type":"Point","coordinates":[45.0675,37.548611]},"properties":{"uid":"battles:e6d413a5126f","layer":"battles","layer_title":"Сражения и военные события","group":"military","title":"Бои в Урмии","category":"Первая мировая война 1914–1918","date_precision":"unknown","date_approx":false,"work":"Первая мировая война 1914–1918","url":"https://ru.wikipedia.org/wiki/Бои в Урмии","source":"Русская Википедия / Викиданные","source_id":"Q113245619","license":"CC BY-SA 4.0","confidence":"place_level","extra":{"era":"Первая мировая война","war_raw":"Первая мировая война 1914–1918"}}},{"type":"Feature","id":"battles:62cc8c86ba9e","geometry":{"type":"Point","coordinates":[28.046667,53.528333]},"properties":{"uid":"battles:62cc8c86ba9e","layer":"battles","layer_title":"Сражения и военные события","group":"military","title":"Операция «Фаустшлаг»","category":"Первая мировая война 1914–1918","date_precision":"unknown","date_approx":false,"work":"Первая мировая война 1914–1918","url":"https://ru.wikipedia.org/wiki/Операция «Фаустшлаг»","source":"Русская Википедия / Викиданные","source_id":"Q2026080","license":"CC BY-SA 4.0","confidence":"place_level","extra":{"era":"Первая мировая война","war_raw":"Первая мировая война 1914–1918"}}},{"type":"Feature","id":"battles:ce514e55cc1a","geometry":{"type":"Point","coordinates":[21.1181,41.4059]},"properties":{"uid":"battles:ce514e55cc1a","layer":"battles","layer_title":"Сражения и военные события","group":"military","title":"Сражение при излучине Черны (1917)","category":"Первая мировая война 1914–1918","year_from":1917,"year_to":1917,"date_precision":"year","date_approx":false,"work":"Первая мировая война 1914–1918","url":"https://ru.wikipedia.org/wiki/Сражение при излучине Черны (1917)","source":"Русская Википедия / Викиданные","source_id":"Q4872885","license":"CC BY-SA 4.0","confidence":"place_level","extra":{"era":"Первая мировая война","war_raw":"Первая мировая война 1914–1918"}}},{"type":"Feature","id":"battles:fc331a0534d0","geometry":{"type":"Point","coordinates":[38.058194,24.088264]},"properties":{"uid":"battles:fc331a0534d0","layer":"battles","layer_title":"Сражения и военные события","group":"military","title":"Штурм Янбу","category":"Первая мировая война 1914–1918","date_precision":"unknown","date_approx":false,"work":"Первая мировая война 1914–1918","url":"https://ru.wikipedia.org/wiki/Штурм Янбу","source":"Русская Википедия / Викиданные","source_id":"Q4527031","license":"CC BY-SA 4.0","confidence":"outside_bbox","extra":{"era":"Первая мировая война","war_raw":"Первая мировая война 1914–1918"}}},{"type":"Feature","id":"battles:e630409a11d8","geometry":{"type":"Point","coordinates":[5.666667,50.25]},"properties":{"uid":"battles:e630409a11d8","layer":"battles","layer_title":"Сражения и военные события","group":"military","title":"Арденнская операция (1914)","category":"Первая мировая война 1914–1918","year_from":1914,"year_to":1914,"date_precision":"year","date_approx":false,"period_raw":"1914.0","work":"Первая мировая война 1914–1918","summary":"Арденнская операция (фр. Bataille des Ardennes; 21 — 23 августа 1914 года) — сражение на Западном фронте Первой мировой войны. Завершилось победой германской армии и отходом французских войск, являлось частью Пограничного сражения 1914 года.","url":"https://ru.wikipedia.org/wiki/Арденнская операция (1914)","source":"Русская Википедия / Викиданные","source_id":"Q221703","license":"CC BY-SA 4.0","confidence":"outside_bbox","extra":{"era":"Первая мировая война","war_raw":"Первая мировая война 1914–1918"}}},{"type":"Feature","id":"battles:f445b1229fac","geometry":{"type":"Point","coordinates":[2.78083,50.2897]},"properties":{"uid":"battles:f445b1229fac","layer":"battles","layer_title":"Сражения и военные события","group":"military","title":"Битва при Аррасе (1914)","category":"Первая мировая война 1914–1918","year_from":1914,"year_to":1914,"date_precision":"day","date_approx":false,"period_raw":"1914-01-01","work":"Первая мировая война 1914–1918","summary":"Битва при Аррасе (1 — 4 октября 1914 года) — сражение между французскими и германскими войсками в районе французского города Аррас во время Первой мировой войны. Битва при Аррасе являлась составной частью Бега к морю. Французам удалось удержать в своих руках Аррас, однако немцы захватили Ланс. В районе Арраса французское командование приняло решение о начале формирования новой 10-й армии. В конце","url":"https://ru.wikipedia.org/wiki/Битва при Аррасе (1914)","source":"Русская Википедия / Викиданные","source_id":"Q989075","license":"CC BY-SA 4.0","confidence":"outside_bbox","extra":{"era":"Первая мировая война","war_raw":"Первая мировая война 1914–1918"}}},{"type":"Feature","id":"battles:83fc810821af","geometry":{"type":"Point","coordinates":[152.299167,-4.406944]},"properties":{"uid":"battles:83fc810821af","layer":"battles","layer_title":"Сражения и военные события","group":"military","title":"Битва при Бите Паке","category":"Первая мировая война 1914–1918","year_from":1914,"year_to":1914,"date_precision":"day","date_approx":false,"period_raw":"1914-09-11","work":"Первая мировая война 1914–1918","summary":"Битва при Бите Паке (англ. The Battle of Bita Paka) — сражение, произошедшее 11 сентября 1914 года в нескольких километрах к югу от деревни Кабакаул на острове Новая Британия в ходе вторжения австралийского военно—морского и пехотного экспедиционного корпуса в Германскую Новую Гвинею в начале Первой мировой войны, окончившегося её оккупацией. Основной целью операции, как и при вторжении новозелан","url":"https://ru.wikipedia.org/wiki/Битва при Бите Паке","source":"Русская Википедия / Викиданные","source_id":"Q4741179","license":"CC BY-SA 4.0","confidence":"outside_bbox","extra":{"era":"Первая мировая война","war_raw":"Первая мировая война 1914–1918"}}},{"type":"Feature","id":"battles:9a366ec0d961","geometry":{"type":"Point","coordinates":[3.383333,49.016667]},"properties":{"uid":"battles:9a366ec0d961","layer":"battles","layer_title":"Сражения и военные события","group":"military","title":"Битва на Марне (1914)","category":"Первая мировая война 1914–1918","year_from":1914,"year_to":1914,"date_precision":"year","date_approx":false,"period_raw":"1914.0","work":"Первая мировая война 1914–1918","summary":"Марнское сражение (фр. Bataille de la Marne) — крупное сражение между войсками Германской империи, с одной стороны, и войсками Великобритании и Франции, с другой, состоявшееся 5—12 сентября 1914 года на реке Марна в ходе Первой мировой войны и закончившееся поражением германской армии. В результате сражения был сорван стратегический план Шлиффена по наступлению германской армии, ориентированный на","url":"https://ru.wikipedia.org/wiki/Битва на Марне (1914)","source":"Русская Википедия / Викиданные","source_id":"Q190712","license":"CC BY-SA 4.0","confidence":"outside_bbox","extra":{"era":"Первая мировая война","war_raw":"Первая мировая война 1914–1918"}}},{"type":"Feature","id":"battles:6d025e641ab9","geometry":{"type":"Point","coordinates":[5.421944,49.208056]},"properties":{"uid":"battles:6d025e641ab9","layer":"battles","layer_title":"Сражения и военные события","group":"military","title":"Битва при Вердене","category":"Первая мировая война 1914–1918","year_from":1914,"year_to":1914,"date_precision":"year","date_approx":false,"period_raw":"1914.0","work":"Первая мировая война 1914–1918","summary":"Битва при Верде́не (фр. Bataille de Verdun, нем. Schlacht um Verdun), также Верде́нская мясорубка — единственное крупное немецкое наступление на Западном фронте между битвой на Марне в 1914 году и последним наступлением весной 1918 года. Одна из крупнейших и одна из самых кровопролитных военных операций в Первой мировой войне, проводившаяся с 21 февраля по 18 декабря 1916 года и вошедшая в историю","url":"https://ru.wikipedia.org/wiki/Битва при Вердене","source":"Русская Википедия / Викиданные","source_id":"Q130847","license":"CC BY-SA 4.0","confidence":"outside_bbox","extra":{"era":"Первая мировая война","war_raw":"Первая мировая война 1914–1918"}}},{"type":"Feature","id":"battles:25db2c83347a","geometry":{"type":"Point","coordinates":[19.29252,44.3296]},"properties":{"uid":"battles:25db2c83347a","layer":"battles","layer_title":"Сражения и военные события","group":"military","title":"Битва на Дрине","category":"Первая мировая война 1914–1918","year_from":1914,"year_to":1914,"date_precision":"year","date_approx":false,"period_raw":"1914.0","work":"Первая мировая война 1914–1918","summary":"Би́тва на Дри́не (серб. Битка на Дрини) — сражение между австро-венгерскими и сербскими войсками 6 сентября — 4 октября 1914 года во время Первой мировой войны на реке Дрина, в ходе которого австро-венгерская армия не смогла сломить сопротивление сербов, и те, после двухмесячной обороны, организованно отступили. После поражения в битве при Цере в августе 1914 года австро-венгерская армия отступила","url":"https://ru.wikipedia.org/wiki/Битва на Дрине","source":"Русская Википедия / Викиданные","source_id":"Q692089","license":"CC BY-SA 4.0","confidence":"ok","extra":{"era":"Первая мировая война","war_raw":"Первая мировая война 1914–1918"}}},{"type":"Feature","id":"battles:ac45e4b16d32","geometry":{"type":"Point","coordinates":[7.0,47.53333]},"properties":{"uid":"battles:ac45e4b16d32","layer":"battles","layer_title":"Сражения и военные события","group":"military","title":"Бой при Жоншери","category":"Первая мировая война 1914–1918","year_from":1914,"year_to":1914,"date_precision":"day","date_approx":false,"period_raw":"1914-08-02","work":"Первая мировая война 1914–1918","summary":"Бой при Жоншери — перестрелка в деревне Жоншери, ставшая первым военным действием на Западном фронте Первой мировой войны. Произошла на границе Франции и Германии 2 августа 1914 года, за день до официального объявления войны.","url":"https://ru.wikipedia.org/wiki/Бой при Жоншери","source":"Русская Википедия / Викиданные","source_id":"Q15076387","license":"CC BY-SA 4.0","confidence":"outside_bbox","extra":{"era":"Первая мировая война","war_raw":"Первая мировая война 1914–1918"}}},{"type":"Feature","id":"battles:2e406679cfbb","geometry":{"type":"Point","coordinates":[47.4333,31.0167]},"properties":{"uid":"battles:2e406679cfbb","layer":"battles","layer_title":"Сражения и военные события","group":"military","title":"Битва за Курну","category":"Первая мировая война 1914–1918","year_from":1914,"year_to":1914,"date_precision":"year","date_approx":false,"period_raw":"1914.0","work":"Первая мировая война 1914–1918","summary":"Битва за Курну (англ. Battle of Qurna) — сражение во время Первой мировой войны на Месопотамском фронте, проходившее с 3 по 9 декабря 1914 года. Захватив Басру, англичане захватили важный коммуникационный и промышленный центр. Османы отступили вверх по реке Тигр. Британцам нужно было закрепить свои позиции в Басре и нефтяные месторождения в Абадане. После поражения при Басре османы решили занять о","url":"https://ru.wikipedia.org/wiki/Битва за Курну","source":"Русская Википедия / Викиданные","source_id":"Q1302680","license":"CC BY-SA 4.0","confidence":"outside_bbox","extra":{"era":"Первая мировая война","war_raw":"Первая мировая война 1914–1918"}}},{"type":"Feature","id":"battles:63e9d39b350e","geometry":{"type":"Point","coordinates":[2.80806,50.5342]},"properties":{"uid":"battles:63e9d39b350e","layer":"battles","layer_title":"Сражения и военные события","group":"military","title":"Битва при Ла-Басе","category":"Первая мировая война 1914–1918","year_from":1914,"year_to":1914,"date_precision":"year","date_approx":false,"period_raw":"1914.0","work":"Первая мировая война 1914–1918","summary":"Битва при Ла-Басе (англ. Battle of La Bassée) — сражение между британскими и германскими войсками в северной Франции в октябре 1914 года в ходе «Бега к морю». Германская 6-я армия взяла Лилль до того, как на защиту города успели подойти британские войска. Джон Френч планировал общее наступление, с целью отбить Лилль и, возможно, даже прорваться в Бельгию. 12 октября 2-му британскому корпусу было п","url":"https://ru.wikipedia.org/wiki/Битва при Ла-Басе","source":"Русская Википедия / Викиданные","source_id":"Q1127035","license":"CC BY-SA 4.0","confidence":"outside_bbox","extra":{"era":"Первая мировая война","war_raw":"Первая мировая война 1914–1918"}}},{"type":"Feature","id":"battles:f466864ab945","geometry":{"type":"Point","coordinates":[37.353333,-3.075833]},"properties":{"uid":"battles:f466864ab945","layer":"battles","layer_title":"Сражения и военные события","group":"military","title":"Битва у горы Лонгидо","category":"Первая мировая война 1914–1918","year_from":1914,"year_to":1914,"date_precision":"day","date_approx":false,"period_raw":"1914-11-03","work":"Первая мировая война 1914–1918","summary":"Битва у горы Лонгидо или сражение у Килиманджаро (Battle of Kilimanjaro) — произошло 3 ноября 1914 года и стало одним из первых столкновений между британской и германской армиями на Восточно-Африканском театре военных действий Первой мировой войны.","url":"https://ru.wikipedia.org/wiki/Битва у горы Лонгидо","source":"Русская Википедия / Викиданные","source_id":"Q4871437","license":"CC BY-SA 4.0","confidence":"outside_bbox","extra":{"era":"Первая мировая война","war_raw":"Первая мировая война 1914–1918"}}},{"type":"Feature","id":"battles:4064bcc8f27e","geometry":{"type":"Point","coordinates":[3.950111,50.478892]},"properties":{"uid":"battles:4064bcc8f27e","layer":"battles","layer_title":"Сражения и военные события","group":"military","title":"Битва при Монсе","category":"Первая мировая война 1914–1918","year_from":1914,"year_to":1914,"date_precision":"day","date_approx":false,"period_raw":"1914-08-23","work":"Первая мировая война 1914–1918","summary":"Битва при Монсе (англ. Battle of Mons) — сражение, произошедшее 23 августа на Западном фронте Первой мировой войны, часть Пограничного сражения 1914 года. Первое сражение британского экспедиционного корпуса в этом конфликте, в ходе которого он нанёс наступающей германской армии значительные потери, но был вынужден отступить.","url":"https://ru.wikipedia.org/wiki/Битва при Монсе","source":"Русская Википедия / Викиданные","source_id":"Q1417205","license":"CC BY-SA 4.0","confidence":"outside_bbox","extra":{"era":"Первая мировая война","war_raw":"Первая мировая война 1914–1918"}}},{"type":"Feature","id":"battles:14c712e22a94","geometry":{"type":"Point","coordinates":[7.34,47.749444]},"properties":{"uid":"battles:14c712e22a94","layer":"battles","layer_title":"Сражения и военные события","group":"military","title":"Битва при Мюльхаузене (1914)","category":"Первая мировая война 1914–1918","year_from":1914,"year_to":1914,"date_precision":"day","date_approx":false,"period_raw":"1914-08-26","work":"Первая мировая война 1914–1918","summary":"Би́тва при Мю́льхаузене (фр. Bataille de Mulhouse; 7—28 августа 1914 года) — одно из первых сражений Первой мировой войны, часть Пограничного сражения 1914 года. Завершилось победой германской армии и отходом французских войск с территории Германии.","url":"https://ru.wikipedia.org/wiki/Битва при Мюльхаузене (1914)","source":"Русская Википедия / Викиданные","source_id":"Q541958","license":"CC BY-SA 4.0","confidence":"outside_bbox","extra":{"era":"Первая мировая война","war_raw":"Первая мировая война 1914–1918"}}},{"type":"Feature","id":"battles:f4d9911ee376","geometry":{"type":"Point","coordinates":[2.83333,49.5]},"properties":{"uid":"battles:f4d9911ee376","layer":"battles","layer_title":"Сражения и военные события","group":"military","title":"Бои в Пикардии (1914)","category":"Первая мировая война 1914–1918","year_from":1914,"year_to":1914,"date_precision":"day","date_approx":false,"period_raw":"1914-09-26","work":"Первая мировая война 1914–1918","summary":"Бои в Пикардии (фр. Bataille de Picardie) — взаимные попытки франко-британской и немецкой армий охватить северный фланг противника через Пикардию во время так называемого Бега к морю во время Первой мировой войны. Бег к морю представлял собой франко-британское контрнаступление, последовавшее за Пограничной битвой (7 августа — 13 сентября) и немецким наступлением во Францию во время Великого отступ","url":"https://ru.wikipedia.org/wiki/Бои в Пикардии (1914)","source":"Русская Википедия / Викиданные","source_id":"Q17510672","license":"CC BY-SA 4.0","confidence":"outside_bbox","extra":{"era":"Первая мировая война","war_raw":"Первая мировая война 1914–1918"}}},{"type":"Feature","id":"battles:0f5c6d307e08","geometry":{"type":"Point","coordinates":[3.628333,49.900833]},"properties":{"uid":"battles:0f5c6d307e08","layer":"battles","layer_title":"Сражения и военные события","group":"military","title":"Битва при Сен-Кантене (1914)","category":"Первая мировая война 1914–1918","year_from":1914,"year_to":1914,"date_precision":"day","date_approx":false,"period_raw":"1914-01-01","work":"Первая мировая война 1914–1918","summary":"Битва при Сен-Кантене или Битва при Гюизе (фр. Bataille de Guise; 29 — 30 августа 1914 года) — сражение на Западном фронте Первой мировой войны, часть Великого отступления войск Антанты.","url":"https://ru.wikipedia.org/wiki/Битва при Сен-Кантене (1914)","source":"Русская Википедия / Викиданные","source_id":"Q1539453","license":"CC BY-SA 4.0","confidence":"outside_bbox","extra":{"era":"Первая мировая война","war_raw":"Первая мировая война 1914–1918"}}},{"type":"Feature","id":"battles:d5a5f8ec9ee3","geometry":{"type":"Point","coordinates":[39.1,-5.066667]},"properties":{"uid":"battles:d5a5f8ec9ee3","layer":"battles","layer_title":"Сражения и военные события","group":"military","title":"Битва при Танге","category":"Первая мировая война 1914–1918","year_from":1914,"year_to":1914,"date_precision":"year","date_approx":false,"period_raw":"1914.0","work":"Первая мировая война 1914–1918","summary":"Битва при Танге (англ. Battle of Tanga; нем. Schlacht bei Tanga), также известная как Битва пчёл, — сражение на Африканском театре военных действий Первой мировой войны, произошедшее 3—5 ноября 1914 года. Битва представляла собой неудачную атаку британского индийского экспедиционного корпуса «Б» под командованием генерал-майора Эйткена в попытке захватить Германскую Восточную Африку (современные Р","url":"https://ru.wikipedia.org/wiki/Битва при Танге","source":"Русская Википедия / Викиданные","source_id":"Q704921","license":"CC BY-SA 4.0","confidence":"outside_bbox","extra":{"era":"Первая мировая война","war_raw":"Первая мировая война 1914–1918"}}},{"type":"Feature","id":"battles:5813c732e047","geometry":{"type":"Point","coordinates":[20.5,53.75]},"properties":{"uid":"battles:5813c732e047","layer":"battles","layer_title":"Сражения и военные события","group":"military","title":"Битва при Танненберге","category":"Первая мировая война 1914–1918","year_from":1914,"year_to":1914,"date_precision":"year","date_approx":false,"period_raw":"1914.0","work":"Первая мировая война 1914–1918","summary":"Би́тва при Та́нненберге (26—30 августа 1914 года) — крупное сражение между русскими и германскими войсками в ходе Восточно-Прусской операции Первой мировой войны. В российской и советской историографии данное сражение известно как «самсоновская операция», «самсоновская катастрофа», «операция Гинденбурга».","url":"https://ru.wikipedia.org/wiki/Битва при Танненберге","source":"Русская Википедия / Викиданные","source_id":"Q153858","license":"CC BY-SA 4.0","confidence":"ok","extra":{"era":"Первая мировая война","war_raw":"Первая мировая война 1914–1918"}}},{"type":"Feature","id":"battles:be8c0eebb1b7","geometry":{"type":"Point","coordinates":[5.110556,50.949167]},"properties":{"uid":"battles:be8c0eebb1b7","layer":"battles","layer_title":"Сражения и военные события","group":"military","title":"Битва при Халене","category":"Первая мировая война 1914–1918","year_from":1914,"year_to":1914,"date_precision":"day","date_approx":false,"period_raw":"1914-08-12","work":"Первая мировая война 1914–1918","summary":"Битва при Халене (фр. Bataille des casques d'argent) — одно из первых сражений на Западном фронте Первой мировой войны, произошедшее 12 августа 1914 года. В ходе боёв бельгийским войскам удалось отразить все атаки германской кавалерии. Битва при Халене наглядно показала невозможность прорвать современную линию обороны путём атаки в конном строю. Известна также под поэтическим названием «Битва сер","url":"https://ru.wikipedia.org/wiki/Битва при Халене","source":"Русская Википедия / Викиданные","source_id":"Q1497933","license":"CC BY-SA 4.0","confidence":"outside_bbox","extra":{"era":"Первая мировая война","war_raw":"Первая мировая война 1914–1918"}}},{"type":"Feature","id":"battles:d8ee66d97cec","geometry":{"type":"Point","coordinates":[4.444244,50.410861]},"properties":{"uid":"battles:d8ee66d97cec","layer":"battles","layer_title":"Сражения и военные события","group":"military","title":"Битва при Шарлеруа","category":"Первая мировая война 1914–1918","year_from":1914,"year_to":1914,"date_precision":"year","date_approx":false,"period_raw":"1914.0","work":"Первая мировая война 1914–1918","summary":"Битва при Шарлеруа (фр. Bataille de Charleroi) — сражение на Западном фронте Первой мировой войны во время Пограничного сражения, произошедшее 21 августа 1914 года между 5-й французской и 2-й и 3-й германскими армиями. Завершилось победой немецких войск и отходом французской 5-й армии.","url":"https://ru.wikipedia.org/wiki/Битва при Шарлеруа","source":"Русская Википедия / Викиданные","source_id":"Q860150","license":"CC BY-SA 4.0","confidence":"outside_bbox","extra":{"era":"Первая мировая война","war_raw":"Первая мировая война 1914–1918"}}},{"type":"Feature","id":"battles:05275e56737c","geometry":{"type":"Point","coordinates":[48.4661,29.928]},"properties":{"uid":"battles:05275e56737c","layer":"battles","layer_title":"Сражения и военные события","group":"military","title":"Высадка в Эль-Фао","category":"Первая мировая война 1914–1918","year_from":1914,"year_to":1914,"date_precision":"day","date_approx":false,"period_raw":"1914-11-06","work":"Первая мировая война 1914–1918","summary":"Высадка в Эль-Фао (англ. Fao Landing) — десантная операция британских войск, проведённая 6 ноября 1914 года, с последующими боями за укрепления в Фао 8 ноября 1914 года, занятую османской армией. В результате высадки британцы захватили крепость. Когда Османская империя вступила в Первую мировую войну, Великобритания обеспокоилась за безопасность нефтяной инфраструктуры Персидского залива. Для её з","url":"https://ru.wikipedia.org/wiki/Высадка в Эль-Фао","source":"Русская Википедия / Викиданные","source_id":"Q1286106","license":"CC BY-SA 4.0","confidence":"outside_bbox","extra":{"era":"Первая мировая война","war_raw":"Первая мировая война 1914–1918"}}},{"type":"Feature","id":"battles:8a18893d31f0","geometry":{"type":"Point","coordinates":[3.666667,49.433333]},"properties":{"uid":"battles:8a18893d31f0","layer":"battles","layer_title":"Сражения и военные события","group":"military","title":"Битва на Эне (1914)","category":"Первая мировая война 1914–1918","year_from":1914,"year_to":1914,"date_precision":"day","date_approx":false,"period_raw":"1914-10-11","work":"Первая мировая война 1914–1918","summary":"Битва на Эне (нем. Schlacht an der Aisne) — сражение между англо-французскими и германскими войсками на реке Эне во время Первой мировой войны, продолжавшееся с 13 по 15 сентября 1914 года. После сражения на Марне немцы отошли на север и 12 сентября смогли закрепиться по рекам Эна и Вель: 1-й армии на высотах на правом берегу р. Эны от Нампселя до Вайи, северо-западнее, севернее и северо-восточнее","url":"https://ru.wikipedia.org/wiki/Битва на Эне (1914)","source":"Русская Википедия / Викиданные","source_id":"Q2337526","license":"CC BY-SA 4.0","confidence":"outside_bbox","extra":{"era":"Первая мировая война","war_raw":"Первая мировая война 1914–1918"}}},{"type":"Feature","id":"battles:8d625f0fef4d","geometry":{"type":"Point","coordinates":[22.966667,53.85]},"properties":{"uid":"battles:8d625f0fef4d","layer":"battles","layer_title":"Сражения и военные события","group":"military","title":"Битва при Августове (1914)","category":"Первая мировая война 1914–1918","year_from":1914,"year_to":1914,"date_precision":"day","date_approx":false,"period_raw":"1914-09-01","work":"Первая мировая война 1914–1918","summary":"Битва при Августо́ве или Первая августовская операция — контрнаступление русской 10-й армии с 28 сентября по 3 октября 1914 года в районе Августовских лесов во время Первой мировой войны.","url":"https://ru.wikipedia.org/wiki/Битва при Августове (1914)","source":"Русская Википедия / Викиданные","source_id":"Q110991187","license":"CC BY-SA 4.0","confidence":"place_level","extra":{"era":"Первая мировая война","war_raw":"Первая мировая война 1914–1918"}}},{"type":"Feature","id":"battles:bb93364f5bbb","geometry":{"type":"Point","coordinates":[22.0,54.0]},"properties":{"uid":"battles:bb93364f5bbb","layer":"battles","layer_title":"Сражения и военные события","group":"military","title":"Августовская операция (1915)","category":"Первая мировая война 1914–1918","year_from":1915,"year_to":1915,"date_precision":"year","date_approx":false,"period_raw":"1915.0","work":"Первая мировая война 1914–1918","summary":"Авгу́стовская операция, Мазу́рско-авгу́стовская операция; в зарубежной литературе — Зимнее сражение в Мазурии (нем. die Winterschlacht in Masuren) или Второе сражение при Мазурских озёрах (фр. Seconde bataille des lacs de Mazurie) — наступление 25 января (7 февраля) — 13 (26) февраля 1915 года в районе города Августов (Августово) 8-й и 10-й немецких армий против 10-й русской армии в ходе Первой ми","url":"https://ru.wikipedia.org/wiki/Августовская операция (1915)","source":"Русская Википедия / Викиданные","source_id":"Q684872","license":"CC BY-SA 4.0","confidence":"ok","extra":{"era":"Первая мировая война","war_raw":"Первая мировая война 1914–1918"}}},{"type":"Feature","id":"battles:0cb3df4a27f1","geometry":{"type":"Point","coordinates":[11.818333,6.775]},"properties":{"uid":"battles:0cb3df4a27f1","layer":"battles","layer_title":"Сражения и военные события","group":"military","title":"Битва при Банжо","category":"Первая мировая война 1914–1918","year_from":1915,"year_to":1915,"date_precision":"year","date_approx":false,"period_raw":"1915.0","work":"Первая мировая война 1914–1918","summary":"Бои при Банжо (англ. Battle of Banjo), или Бои при Баньо (англ. Battle of Banyo) — бои между британскими и германскими войсками 4-8 ноября 1915 года во время Камерунской кампании Первой Мировой войны. В ходе боёв британские войска осадили германские, укрепившиеся на горе Банжо.","url":"https://ru.wikipedia.org/wiki/Битва при Банжо","source":"Русская Википедия / Викиданные","source_id":"Q4870415","license":"CC BY-SA 4.0","confidence":"outside_bbox","extra":{"era":"Первая мировая война","war_raw":"Первая мировая война 1914–1918"}}},{"type":"Feature","id":"battles:903ebc733a06","geometry":{"type":"Point","coordinates":[26.18,40.045]},"properties":{"uid":"battles:903ebc733a06","layer":"battles","layer_title":"Сражения и военные события","group":"military","title":"Высадка на мысе Геллес","category":"Первая мировая война 1914–1918","year_from":1915,"year_to":1915,"date_precision":"day","date_approx":false,"period_raw":"1915-04-25","work":"Первая мировая война 1914–1918","url":"https://ru.wikipedia.org/wiki/Высадка на мысе Геллес","source":"Русская Википедия / Викиданные","source_id":"Q1754797","license":"CC BY-SA 4.0","confidence":"ok","extra":{"era":"Первая мировая война","war_raw":"Первая мировая война 1914–1918"}}},{"type":"Feature","id":"battles:b81b7422b3e8","geometry":{"type":"Point","coordinates":[21.159167,49.654444]},"properties":{"uid":"battles:b81b7422b3e8","layer":"battles","layer_title":"Сражения и военные события","group":"military","title":"Горлицкий прорыв","category":"Первая мировая война 1914–1918","year_from":1915,"year_to":1915,"date_precision":"day","date_approx":false,"period_raw":"1915-06-22","work":"Первая мировая война 1914–1918","url":"https://ru.wikipedia.org/wiki/Горлицкий прорыв","source":"Русская Википедия / Викиданные","source_id":"Q670489","license":"CC BY-SA 4.0","confidence":"ok","extra":{"era":"Первая мировая война","war_raw":"Первая мировая война 1914–1918"}}},{"type":"Feature","id":"battles:0eb5fa796457","geometry":{"type":"Point","coordinates":[13.55,46.05]},"properties":{"uid":"battles:0eb5fa796457","layer":"battles","layer_title":"Сражения и военные события","group":"military","title":"Битвы при Изонцо","category":"Первая мировая война 1914–1918","year_from":1915,"year_to":1915,"date_precision":"year","date_approx":false,"period_raw":"1915.0","work":"Первая мировая война 1914–1918","summary":"Во время Первой мировой войны на реке Изонцо произошло 12 кровопролитных сражений за обладание Австрийским Приморьем (Юлийская Крайна), во время которых итальянские войска пытались прорвать оборону Австро-Венгрии: Первая битва при Изонцо с 24 мая по июнь 1915 окончилась победой Италии. Вторая битва при Изонцо с 23 июня по 3 августа 1915 окончилась победой Австро-Венгрии. Третья битва при Изонцо с","url":"https://ru.wikipedia.org/wiki/Битвы при Изонцо","source":"Русская Википедия / Викиданные","source_id":"Q681517","license":"CC BY-SA 4.0","confidence":"outside_bbox","extra":{"era":"Первая мировая война","war_raw":"Первая мировая война 1914–1918"}}},{"type":"Feature","id":"battles:a3eae5bb1577","geometry":{"type":"Point","coordinates":[22.609444,41.357222]},"properties":{"uid":"battles:a3eae5bb1577","layer":"battles","layer_title":"Сражения и военные события","group":"military","title":"Бои при Костурино","category":"Первая мировая война 1914–1918","year_from":1915,"year_to":1915,"date_precision":"year","date_approx":false,"period_raw":"1915.0","work":"Первая мировая война 1914–1918","summary":"Бои при Костурино (англ. Battle of Kosturino) — боевые действия во время Первой мировой войны, происходившее 4–12 декабря 1915 года между английскими и болгарскими войсками на Салоникском фронте. В октябре 1915 года началось наступление объединённых австро-венгерских и болгарских войск против Сербии. Сербские части были вынуждены отступить. В начале октября британско-французский корпус высадился в","url":"https://ru.wikipedia.org/wiki/Бои при Костурино","source":"Русская Википедия / Викиданные","source_id":"Q16253672","license":"CC BY-SA 4.0","confidence":"ok","extra":{"era":"Первая мировая война","war_raw":"Первая мировая война 1914–1918"}}},{"type":"Feature","id":"battles:9e43f24db97b","geometry":{"type":"Point","coordinates":[22.120833,41.527222]},"properties":{"uid":"battles:9e43f24db97b","layer":"battles","layer_title":"Сражения и военные события","group":"military","title":"Битва при Криволаке (1915)","category":"Первая мировая война 1914–1918","year_from":1915,"year_to":1915,"date_precision":"day","date_approx":false,"period_raw":"1915-11-22","work":"Первая мировая война 1914–1918","summary":"О сражении Второй Балканской войны см. Сражение при Криволаке (1913) Битва при Криволаке 17 октября — 21 ноября 1915 года — сражение Первой мировой войны на Салоникском фронте, между французскими и болгарскими войсками, завершилось победой болгарских войск, которые сумели остановить продвижение французских войск и вынудили их к отступлению. С вступлением Болгарии в войну, болгарские войска доволь","url":"https://ru.wikipedia.org/wiki/Битва при Криволаке (1915)","source":"Русская Википедия / Викиданные","source_id":"Q4087436","license":"CC BY-SA 4.0","confidence":"ok","extra":{"era":"Первая мировая война","war_raw":"Первая мировая война 1914–1918"}}},{"type":"Feature","id":"battles:3348c2322223","geometry":{"type":"Point","coordinates":[26.1753,40.0431]},"properties":{"uid":"battles:3348c2322223","layer":"battles","layer_title":"Сражения и военные события","group":"military","title":"Первая битва за Критию","category":"Первая мировая война 1914–1918","year_from":1915,"year_to":1915,"date_precision":"day","date_approx":false,"period_raw":"1915-04-28","work":"Первая мировая война 1914–1918","url":"https://ru.wikipedia.org/wiki/Первая битва за Критию","source":"Русская Википедия / Викиданные","source_id":"Q1230997","license":"CC BY-SA 4.0","confidence":"ok","extra":{"era":"Первая мировая война","war_raw":"Первая мировая война 1914–1918"}}},{"type":"Feature","id":"battles:b74256dfc102","geometry":{"type":"Point","coordinates":[2.79417,50.4583]},"properties":{"uid":"battles:b74256dfc102","layer":"battles","layer_title":"Сражения и военные события","group":"military","title":"Битва при Лоосе","category":"Первая мировая война 1914–1918","year_from":1915,"year_to":1915,"date_precision":"day","date_approx":false,"period_raw":"1915-10-08","work":"Первая мировая война 1914–1918","summary":"Битва при Лоосе (нем. Schlacht bei Loos) — одно из сражений Первой мировой войны на Западном фронте, проходившее с 25 сентября по 8 октября 1915 года. Часть Третьей битвы при Артуа. Французы и англичане планировали прорвать немецкую оборону в районе Артуа и Шампани. Для войск Великобритании это была самая крупная операция в 1915 году. В этой битве англичане впервые применили отравляющий газ. Несмо","url":"https://ru.wikipedia.org/wiki/Битва при Лоосе","source":"Русская Википедия / Викиданные","source_id":"Q1245157","license":"CC BY-SA 4.0","confidence":"outside_bbox","extra":{"era":"Первая мировая война","war_raw":"Первая мировая война 1914–1918"}}},{"type":"Feature","id":"battles:48e84ce90207","geometry":{"type":"Point","coordinates":[42.5441,39.1477]},"properties":{"uid":"battles:48e84ce90207","layer":"battles","layer_title":"Сражения и военные события","group":"military","title":"Битва при Манцикерте (1915)","category":"Первая мировая война 1914–1918","year_from":1915,"year_to":1915,"date_precision":"day","date_approx":false,"period_raw":"1915-01-01","work":"Первая мировая война 1914–1918","summary":"Битва при Манцикерте или Малазгирте была одним из сражений на Кавказском фронте во время Первой мировой войны. Театр военных действий находился на территории восточной Турции. Несмотря на тяжёлые потери как с русской, так и с турецкой стороны, положение в результате битвы мало изменилось, хотя у России появилось лёгкое тактическое преимущество. 10 июля 1915 года командир 4-м Кавказского армейского","url":"https://ru.wikipedia.org/wiki/Битва при Манцикерте (1915)","source":"Русская Википедия / Викиданные","source_id":"Q220766","license":"CC BY-SA 4.0","confidence":"ok","extra":{"era":"Первая мировая война","war_raw":"Первая мировая война 1914–1918"}}},{"type":"Feature","id":"battles:22d6f3b7e6a4","geometry":{"type":"Point","coordinates":[20.681944,52.438333]},"properties":{"uid":"battles:22d6f3b7e6a4","layer":"battles","layer_title":"Сражения и военные события","group":"military","title":"Модлин","category":"Первая мировая война 1914–1918","year_from":1915,"year_to":1915,"date_precision":"year","date_approx":false,"period_raw":"1915.0","work":"Первая мировая война 1914–1918","summary":"Мо́длин (пол. Twierdza Modlin, русское название в 1834—1915 годы Новогео́ргиевская кре́пость, Крепость Новогеоргиевск) — изначально шведская, позже французская (наполеоновская), а затем российская (тет-де-пон), немецкая (с 1915 года) и польская крепость XIX—XX веков, в 30 километрах от Варшавы, в месте слияния рек Вислы и Нарева. Крепость была расположена в деревне Модлин (в Российской империи с","url":"https://ru.wikipedia.org/wiki/Модлин","source":"Русская Википедия / Викиданные","source_id":"Q47796","license":"CC BY-SA 4.0","confidence":"ok","extra":{"era":"Первая мировая война","war_raw":"Первая мировая война 1914–1918"}}},{"type":"Feature","id":"battles:cd56ec52324f","geometry":{"type":"Point","coordinates":[2.7775,50.585]},"properties":{"uid":"battles:cd56ec52324f","layer":"battles","layer_title":"Сражения и военные события","group":"military","title":"Битва при Нев-Шапель","category":"Первая мировая война 1914–1918","year_from":1915,"year_to":1915,"date_precision":"year","date_approx":false,"period_raw":"1915.0","work":"Первая мировая война 1914–1918","summary":"Битва при Нев-Шапель (англ. Battle of Neuve Chapelle) — часть весеннего наступления союзников во время Первой мировой войны. Наступление британских войск, совместно с бельгийскими частями, проводилось с 7 по 13 марта 1915 года юго-западнее Лилля у деревни Нев-Шапель. Поставленной цели английские войска не достигли.","url":"https://ru.wikipedia.org/wiki/Битва при Нев-Шапель","source":"Русская Википедия / Викиданные","source_id":"Q2331555","license":"CC BY-SA 4.0","confidence":"outside_bbox","extra":{"era":"Первая мировая война","war_raw":"Первая мировая война 1914–1918"}}},{"type":"Feature","id":"battles:71f8e2f310c8","geometry":{"type":"Point","coordinates":[26.228333,40.305278]},"properties":{"uid":"battles:71f8e2f310c8","layer":"battles","layer_title":"Сражения и военные события","group":"military","title":"Высадка в заливе Сувла","category":"Первая мировая война 1914–1918","year_from":1915,"year_to":1915,"date_precision":"year","date_approx":false,"period_raw":"1915.0","work":"Первая мировая война 1914–1918","summary":"Высадка в заливе Сувла (англ. Landing at Suvla Bay, тур. Anafartalar Cephesi) — десантная операция британской армии во время Дарданелльской операции Первой мировой войны, осуществленная 6—15 августа 1915 года. Боевые действия — Десант Британской Империи в количестве 3 пехотных дивизии высаживался в заливе Сувла на эгейском побережье Галлиполийского полуострова. Высадка была назначена на 6 августа","url":"https://ru.wikipedia.org/wiki/Высадка в заливе Сувла","source":"Русская Википедия / Викиданные","source_id":"Q1776241","license":"CC BY-SA 4.0","confidence":"ok","extra":{"era":"Первая мировая война","war_raw":"Первая мировая война 1914–1918"}}},{"type":"Feature","id":"battles:8a17f82301f2","geometry":{"type":"Point","coordinates":[4.0,49.0]},"properties":{"uid":"battles:8a17f82301f2","layer":"battles","layer_title":"Сражения и военные события","group":"military","title":"Второе сражение в Шампани","category":"Первая мировая война 1914–1918","year_from":1915,"year_to":1915,"date_precision":"year","date_approx":false,"period_raw":"1915.0","work":"Первая мировая война 1914–1918","summary":"Второе сражение в Шампани (фр. Bataille de Champagne (1915)) — наступление французских армий в регионе Шампань во время Первой мировой войны, проводившееся с 25 сентября по 7 октября 1915 года.","url":"https://ru.wikipedia.org/wiki/Второе сражение в Шампани","source":"Русская Википедия / Викиданные","source_id":"Q548680","license":"CC BY-SA 4.0","confidence":"outside_bbox","extra":{"era":"Первая мировая война","war_raw":"Первая мировая война 1914–1918"}}},{"type":"Feature","id":"battles:fd732d080fd6","geometry":{"type":"Point","coordinates":[39.184722,-4.681389]},"properties":{"uid":"battles:fd732d080fd6","layer":"battles","layer_title":"Сражения и военные события","group":"military","title":"Битва при Яссине","category":"Первая мировая война 1914–1918","year_from":1915,"year_to":1915,"date_precision":"year","date_approx":false,"period_raw":"1915.0","work":"Первая мировая война 1914–1918","summary":"Битва при Яссине (нем. Schlacht um Jassini) — одно из сражений на Восточно-Африканском театре военных действий Первой мировой войны, произошедшее 18—19 января 1915 года.","url":"https://ru.wikipedia.org/wiki/Битва при Яссине","source":"Русская Википедия / Викиданные","source_id":"Q1174179","license":"CC BY-SA 4.0","confidence":"outside_bbox","extra":{"era":"Первая мировая война","war_raw":"Первая мировая война 1914–1918"}}},{"type":"Feature","id":"battles:8bb4ed7d7f55","geometry":{"type":"Point","coordinates":[12.9833,31.4333]},"properties":{"uid":"battles:8bb4ed7d7f55","layer":"battles","layer_title":"Сражения и военные события","group":"military","title":"Битва при Вади-Марсите","category":"Первая мировая война 1914–1918","year_from":1915,"year_to":1915,"date_precision":"day","date_approx":false,"period_raw":"1915-04-07","work":"Первая мировая война 1914–1918","summary":"Битва при Вади-Марсите — сражение Сенусийской кампании, произошедшее 7 апреля 1915 года между Санусийским орденом и итальянскими войсками, в котором сануситы одержали громкую победу.","url":"https://ru.wikipedia.org/wiki/Битва при Вади-Марсите","source":"Русская Википедия / Викиданные","source_id":"Q120785951","license":"CC BY-SA 4.0","confidence":"outside_bbox","extra":{"era":"Первая мировая война","war_raw":"Первая мировая война 1914–1918"}}},{"type":"Feature","id":"battles:f93d98ea747f","geometry":{"type":"Point","coordinates":[22.604167,57.758611]},"properties":{"uid":"battles:f93d98ea747f","layer":"battles","layer_title":"Сражения и военные события","group":"military","title":"Десант у мыса Домеснес","category":"Первая мировая война 1914–1918","year_from":1915,"year_to":1915,"date_precision":"day","date_approx":false,"period_raw":"1915-10-22","work":"Первая мировая война 1914–1918","url":"https://ru.wikipedia.org/wiki/Десант у мыса Домеснес","source":"Русская Википедия / Викиданные","source_id":"Q113411758","license":"CC BY-SA 4.0","confidence":"place_level","extra":{"era":"Первая мировая война","war_raw":"Первая мировая война 1914–1918"}}},{"type":"Feature","id":"battles:da9cd0b957b9","geometry":{"type":"Point","coordinates":[32.344167,30.705]},"properties":{"uid":"battles:da9cd0b957b9","layer":"battles","layer_title":"Сражения и военные события","group":"military","title":"Суэцкая операция","category":"Первая мировая война 1914–1918","year_from":1915,"year_to":1915,"date_precision":"day","date_approx":false,"period_raw":"1915-02-04","work":"Первая мировая война 1914–1918","url":"https://ru.wikipedia.org/wiki/Суэцкая операция","source":"Русская Википедия / Викиданные","source_id":"Q2382729","license":"CC BY-SA 4.0","confidence":"outside_bbox","extra":{"era":"Первая мировая война","war_raw":"Первая мировая война 1914–1918"}}},{"type":"Feature","id":"battles:30ef784a11e6","geometry":{"type":"Point","coordinates":[22.75,41.2]},"properties":{"uid":"battles:30ef784a11e6","layer":"battles","layer_title":"Сражения и военные события","group":"military","title":"Битва при Дойране (1916)","category":"Первая мировая война 1914–1918","year_from":1916,"year_to":1916,"date_precision":"year","date_approx":false,"period_raw":"1916.0","work":"Первая мировая война 1914–1918","summary":"Первая битва при Дойране (болг. Битка при Дойран) — боевые действия во время Первой мировой войны на Салоникском фронте с 9 по 18 августа 1916 года между союзными (англо-французские) и болгарскими войсками. Завершились победой болгарских войск, которые отразили все попытки союзников прорвать фронт. Первая битва при Дойране — начало героической обороны болгарской армии у Дойранского озера, которое","url":"https://ru.wikipedia.org/wiki/Битва при Дойране (1916)","source":"Русская Википедия / Викиданные","source_id":"Q1988331","license":"CC BY-SA 4.0","confidence":"ok","extra":{"era":"Первая мировая война","war_raw":"Первая мировая война 1914–1918"}}},{"type":"Feature","id":"battles:4d4a4a42a04a","geometry":{"type":"Point","coordinates":[21.804722,40.942222]},"properties":{"uid":"battles:4d4a4a42a04a","layer":"battles","layer_title":"Сражения и военные события","group":"military","title":"Битва при Каймакчалане","category":"Первая мировая война 1914–1918","year_from":1916,"year_to":1916,"date_precision":"year","date_approx":false,"period_raw":"1916.0","work":"Первая мировая война 1914–1918","summary":"Битва при Каймакчалане (серб. Освајање Кајмакчалана) — сражение с 12 сентября по 30 сентября 1916 года во время Первой мировой войны на Салоникском фронте, между сербскими и болгарскими войсками. Завершилось тактической победой сербских войск, которые, несмотря на тяжелые потери, сумели захватить пик Святого Илии.","url":"https://ru.wikipedia.org/wiki/Битва при Каймакчалане","source":"Русская Википедия / Викиданные","source_id":"Q2631739","license":"CC BY-SA 4.0","confidence":"ok","extra":{"era":"Первая мировая война","war_raw":"Первая мировая война 1914–1918"}}},{"type":"Feature","id":"battles:e34bae35174f","geometry":{"type":"Point","coordinates":[2.69736,50.0156]},"properties":{"uid":"battles:e34bae35174f","layer":"battles","layer_title":"Сражения и военные события","group":"military","title":"Лохнагар (минный кратер)","category":"Первая мировая война 1914–1918","year_from":1916,"year_to":1916,"date_precision":"day","date_approx":false,"period_raw":"1916-07-01","work":"Первая мировая война 1914–1918","url":"https://ru.wikipedia.org/wiki/Лохнагар (минный кратер)","source":"Русская Википедия / Викиданные","source_id":"Q24739","license":"CC BY-SA 4.0","confidence":"outside_bbox","extra":{"era":"Первая мировая война","war_raw":"Первая мировая война 1914–1918"}}},{"type":"Feature","id":"battles:600be1e7e6d9","geometry":{"type":"Point","coordinates":[21.416667,41.031944]},"properties":{"uid":"battles:600be1e7e6d9","layer":"battles","layer_title":"Сражения и военные события","group":"military","title":"Монастирская операция","category":"Первая мировая война 1914–1918","year_from":1916,"year_to":1916,"date_precision":"year","date_approx":false,"period_raw":"1916.0","work":"Первая мировая война 1914–1918","summary":"Монастирская операция (12 сентября — 11 декабря 1916 года) — военная операция на Салоникском фронте Первой мировой войны. Монастирская операция была предпринята союзными войсками (сербские, британские, французские, итальянские и русские) против войск Центральных держав (болгарские, немецкие и османские) с целью прорыва Салоникского фронта, принудить Болгарию выйти из войны и ослабить давление войс","url":"https://ru.wikipedia.org/wiki/Монастирская операция","source":"Русская Википедия / Викиданные","source_id":"Q2889354","license":"CC BY-SA 4.0","confidence":"ok","extra":{"era":"Первая мировая война","war_raw":"Первая мировая война 1914–1918"}}},{"type":"Feature","id":"battles:d9c7433210b9","geometry":{"type":"Point","coordinates":[23.48,31.593889]},"properties":{"uid":"battles:d9c7433210b9","layer":"battles","layer_title":"Сражения и военные события","group":"military","title":"Освобождение Бир-Хакейма","category":"Первая мировая война 1914–1918","year_from":1916,"year_to":1916,"date_precision":"day","date_approx":false,"period_raw":"1916-03-17","work":"Первая мировая война 1914–1918","url":"https://ru.wikipedia.org/wiki/Освобождение Бир-Хакейма","source":"Русская Википедия / Викиданные","source_id":"Q115857891","license":"CC BY-SA 4.0","confidence":"outside_bbox","extra":{"era":"Первая мировая война","war_raw":"Первая мировая война 1914–1918"}}},{"type":"Feature","id":"battles:484fd38272e7","geometry":{"type":"Point","coordinates":[2.6975,50.015556]},"properties":{"uid":"battles:484fd38272e7","layer":"battles","layer_title":"Сражения и военные события","group":"military","title":"Битва на Сомме","category":"Первая мировая война 1914–1918","year_from":1916,"year_to":1916,"date_precision":"year","date_approx":false,"period_raw":"1916.0","work":"Первая мировая война 1914–1918","summary":"Битва на Сомме (англ. Battle of the Somme, фр. Bataille de la Somme, нем. Schlacht an der Somme) — битва на французском театре Первой мировой войны армий Британской империи и Французской республики против Германской империи. Состоялась с 1 июля по 18 ноября 1916 года на обоих берегах реки Соммы. Битва при Сомме — одна из крупнейших битв в ходе Первой мировой войны, в которой было убито и ранено бо","url":"https://ru.wikipedia.org/wiki/Битва на Сомме","source":"Русская Википедия / Викиданные","source_id":"Q132568","license":"CC BY-SA 4.0","confidence":"outside_bbox","extra":{"era":"Первая мировая война","war_raw":"Первая мировая война 1914–1918"}}},{"type":"Feature","id":"battles:ec67aad64228","geometry":{"type":"Point","coordinates":[25.9425,31.5439]},"properties":{"uid":"battles:ec67aad64228","layer":"battles","layer_title":"Сражения и военные события","group":"military","title":"Сражение при Агагии","category":"Первая мировая война 1914–1918","year_from":1916,"year_to":1916,"date_precision":"day","date_approx":false,"period_raw":"1916-02-26","work":"Первая мировая война 1914–1918","url":"https://ru.wikipedia.org/wiki/Сражение при Агагии","source":"Русская Википедия / Викиданные","source_id":"Q368596","license":"CC BY-SA 4.0","confidence":"outside_bbox","extra":{"era":"Первая мировая война","war_raw":"Первая мировая война 1914–1918"}}},{"type":"Feature","id":"battles:c4565c0124d5","geometry":{"type":"Point","coordinates":[46.052628,32.64588]},"properties":{"uid":"battles:c4565c0124d5","layer":"battles","layer_title":"Сражения и военные события","group":"military","title":"Бой в дефиле Ханна","category":"Первая мировая война 1914–1918","year_from":1916,"year_to":1916,"date_precision":"day","date_approx":false,"period_raw":"1916-01-21","work":"Первая мировая война 1914–1918","summary":"Бой в дефиле Ханна (англ. Battle of Hanna) — третья попытка англо-индийских войск деблокировать окружённый турками в городе Кут-аль-Амара британский корпус генерал-майора Чарльза Таунсенда, осуществлявшаяся 20-21 января 1916 года. 15 декабря 1915 года османские войска окружили англо-индийские силы численностью около 10 000 человек в городе Кут-аль-Амара. Британский командующий генерал-майор Чарльз","url":"https://ru.wikipedia.org/wiki/Бой в дефиле Ханна","source":"Русская Википедия / Викиданные","source_id":"Q1729793","license":"CC BY-SA 4.0","confidence":"outside_bbox","extra":{"era":"Первая мировая война","war_raw":"Первая мировая война 1914–1918"}}},{"type":"Feature","id":"battles:fa0586d5337b","geometry":{"type":"Point","coordinates":[45.824722,32.505556]},"properties":{"uid":"battles:fa0586d5337b","layer":"battles","layer_title":"Сражения и военные события","group":"military","title":"Битва при Эд-Дуджайле","category":"Первая мировая война 1914–1918","year_from":1916,"year_to":1916,"date_precision":"day","date_approx":false,"period_raw":"1916-03-08","work":"Первая мировая война 1914–1918","summary":"Битва при Эд-Дуджайле (англ. the Battle of Dujaila, тур. Sâbis Muharebesi) — сражение, произошедшее 8 марта 1916 года в ходе Первой мировой войны между британскими и османскими войсками. Османские части под командованием Кольмара фон дер Гольца осаждали Эль-Кут, когда англо-индийский отряд под командованием генерал-лейтенанта Фентона Элмера попытался снять осаду. Попытка закончилась неудачей. При","url":"https://ru.wikipedia.org/wiki/Битва при Эд-Дуджайле","source":"Русская Википедия / Викиданные","source_id":"Q957155","license":"CC BY-SA 4.0","confidence":"outside_bbox","extra":{"era":"Первая мировая война","war_raw":"Первая мировая война 1914–1918"}}},{"type":"Feature","id":"battles:57dfd1189a9c","geometry":{"type":"Point","coordinates":[26.017778,53.1325]},"properties":{"uid":"battles:57dfd1189a9c","layer":"battles","layer_title":"Сражения и военные события","group":"military","title":"Барановичская операция (1916)","category":"Первая мировая война 1914–1918","year_from":1916,"year_to":1916,"date_precision":"day","date_approx":false,"period_raw":"1916-07-25","work":"Первая мировая война 1914–1918","summary":"Барановичская операция — наступательная операция войск русского Западного фронта под командованием генерала от инфантерии А. Е. Эверта во время Первой мировой войны, проведённая 20 июня (3 июля) — 12 (25) июля 1916 года.","url":"https://ru.wikipedia.org/wiki/Барановичская операция (1916)","source":"Русская Википедия / Викиданные","source_id":"Q4077792","license":"CC BY-SA 4.0","confidence":"place_level","extra":{"era":"Первая мировая война","war_raw":"Первая мировая война 1914–1918"}}},{"type":"Feature","id":"battles:10e39714fa37","geometry":{"type":"Point","coordinates":[19.58,42.96]},"properties":{"uid":"battles:10e39714fa37","layer":"battles","layer_title":"Сражения и военные события","group":"military","title":"Битва при Мойковаце","category":"Первая мировая война 1914–1918","year_from":1916,"year_to":1916,"date_precision":"year","date_approx":false,"period_raw":"1916.0","work":"Первая мировая война 1914–1918","summary":"Битва при Мойковаце (серб. Бој на Мојковцу, Boj na Mojkovcu) — сражение, состоявшееся 6—7 января 1916 года между австрийскими и черногорскими войсками во время Первой мировой войны. Бои проходили 6 и 7 января на православное Рождество Христово, поэтому это сражение часто называют «Кровавое Рождество». Черногорская армия во главе с Янко Вукотичем и Крсто Поповичем, несмотря на численное превосходст","url":"https://ru.wikipedia.org/wiki/Битва при Мойковаце","source":"Русская Википедия / Викиданные","source_id":"Q2451530","license":"CC BY-SA 4.0","confidence":"place_level","extra":{"era":"Первая мировая война","war_raw":"Первая мировая война 1914–1918"}}},{"type":"Feature","id":"battles:4b097693385c","geometry":{"type":"Point","coordinates":[41.827222,39.000556]},"properties":{"uid":"battles:4b097693385c","layer":"battles","layer_title":"Сражения и военные события","group":"military","title":"Огнотская операция","category":"Первая мировая война 1914–1918","year_from":1916,"year_to":1916,"date_precision":"year","date_approx":false,"period_raw":"1916.0","work":"Первая мировая война 1914–1918","summary":"Огнотская операция (тур. Oğnut Muharebesi) — сражение на Кавказском фронте Первой Мировой войны между турецкой и русской армией, которое произошло в августе 1916 года. Названа по имени населенного пункта Огнот (тур. Oğnut) в Турции. Целью операции с турецкой стороны было возвращение утерянных территорий на востоке. Первая попытка, связанная с продвижением 3-й армии закончилась неудачей. Турецкая а","url":"https://ru.wikipedia.org/wiki/Огнотская операция","source":"Русская Википедия / Викиданные","source_id":"Q120798811","license":"CC BY-SA 4.0","confidence":"place_level","extra":{"era":"Первая мировая война","war_raw":"Первая мировая война 1914–1918"}}},{"type":"Feature","id":"battles:b27a2eba9157","geometry":{"type":"Point","coordinates":[21.716667,41.65]},"properties":{"uid":"battles:b27a2eba9157","layer":"battles","layer_title":"Сражения и военные события","group":"military","title":"Битва на Черне","category":"Первая мировая война 1914–1918","year_from":1916,"year_to":1916,"date_precision":"day","date_approx":false,"period_raw":"1916-11-19","work":"Первая мировая война 1914–1918","summary":"Битва на Черне (болг. Битка при завоя на Черна) — сражение Первой мировой войны на Салоникском фронте между болгарскими частями и войсками Антанты, произошедшее в октябре — ноябре 1916 года в ходе Монастирской операции. После напряженных боев и тяжёлых потерь 19 ноября болгары отступили от Битолы (стар. Монастира).","url":"https://ru.wikipedia.org/wiki/Битва на Черне","source":"Русская Википедия / Викиданные","source_id":"Q2583507","license":"CC BY-SA 4.0","confidence":"place_level","extra":{"era":"Первая мировая война","war_raw":"Первая мировая война 1914–1918"}}},{"type":"Feature","id":"battles:7c1fa88283d8","geometry":{"type":"Point","coordinates":[38.493611,-11.428333]},"properties":{"uid":"battles:7c1fa88283d8","layer":"battles","layer_title":"Сражения и военные события","group":"military","title":"Битва при Нгомано","category":"Первая мировая война 1914–1918","year_from":1917,"year_to":1917,"date_precision":"day","date_approx":false,"period_raw":"1917-11-25","work":"Первая мировая война 1914–1918","url":"https://ru.wikipedia.org/wiki/Битва при Нгомано","source":"Русская Википедия / Викиданные","source_id":"Q590195","license":"CC BY-SA 4.0","confidence":"outside_bbox","extra":{"era":"Первая мировая война","war_raw":"Первая мировая война 1914–1918"}}},{"type":"Feature","id":"battles:f5df3dc7d066","geometry":{"type":"Point","coordinates":[34.4737,31.4893]},"properties":{"uid":"battles:f5df3dc7d066","layer":"battles","layer_title":"Сражения и военные события","group":"military","title":"Первая битва за Газу","category":"Первая мировая война 1914–1918","year_from":1917,"year_to":1917,"date_precision":"day","date_approx":false,"period_raw":"1917-03-26","work":"Первая мировая война 1914–1918","url":"https://ru.wikipedia.org/wiki/Первая битва за Газу","source":"Русская Википедия / Викиданные","source_id":"Q2791318","license":"CC BY-SA 4.0","confidence":"outside_bbox","extra":{"era":"Первая мировая война","war_raw":"Первая мировая война 1914–1918"}}},{"type":"Feature","id":"battles:361e2d2b9d14","geometry":{"type":"Point","coordinates":[22.7206,41.1875]},"properties":{"uid":"battles:361e2d2b9d14","layer":"battles","layer_title":"Сражения и военные события","group":"military","title":"Битва при Дойране (1917)","category":"Первая мировая война 1914–1918","year_from":1917,"year_to":1917,"date_precision":"year","date_approx":false,"period_raw":"1917.0","work":"Первая мировая война 1914–1918","summary":"Битва при Дойране (англ. Battle of Doiran (1917)) — сражение на Салоникском фронте между войсками Великобритании и Болгарии во время Первой мировой войны, произошедшее весной 1917 года.","url":"https://ru.wikipedia.org/wiki/Битва при Дойране (1917)","source":"Русская Википедия / Викиданные","source_id":"Q1988630","license":"CC BY-SA 4.0","confidence":"ok","extra":{"era":"Первая мировая война","war_raw":"Первая мировая война 1914–1918"}}},{"type":"Feature","id":"battles:b75f3b881b88","geometry":{"type":"Point","coordinates":[34.781857,32.096027]},"properties":{"uid":"battles:b75f3b881b88","layer":"battles","layer_title":"Сражения и военные события","group":"military","title":"Битва при Яффе (1917)","category":"Первая мировая война 1914–1918","year_from":1917,"year_to":1917,"date_precision":"year","date_approx":false,"period_raw":"1917.0","work":"Первая мировая война 1914–1918","summary":"Битва за Яффу (англ. Battle of Jaffa) — сражение, состоявшееся в декабре 1917 года в ходе Синайско-Палестинской кампании во время Первой мировой войны между войсками Британской империи с одной стороны и войсками Османской и Германской империей, с другой. 16 ноября порт Яффа был занят стрелковой новозеландской бригадой. В результате победы, достигнутой этой бригадой и первой легкой конной бригадой","url":"https://ru.wikipedia.org/wiki/Битва при Яффе (1917)","source":"Русская Википедия / Викиданные","source_id":"Q4871300","license":"CC BY-SA 4.0","confidence":"outside_bbox","extra":{"era":"Первая мировая война","war_raw":"Первая мировая война 1914–1918"}}},{"type":"Feature","id":"battles:7b684bbc9816","geometry":{"type":"Point","coordinates":[35.4784,30.32]},"properties":{"uid":"battles:7b684bbc9816","layer":"battles","layer_title":"Сражения и военные события","group":"military","title":"Битва за Вади Муса","category":"Первая мировая война 1914–1918","year_from":1917,"year_to":1917,"date_precision":"day","date_approx":false,"period_raw":"1917-10-23","work":"Первая мировая война 1914–1918","summary":"Битва за Вади Муса (англ. Battle of Wadi Musa) — сражение между арабскими повстанцами и войсками Османской империи, которое произошло 23 октября 1917 года во время арабского восстания. Османским войскам был дан приказ генералом Джемаль-пашой, согласно которому они должны были «любой ценой» обеспечить безопасность Хиджазской железной дороги. Из Маана в сторону Петры была направлена османские войска","url":"https://ru.wikipedia.org/wiki/Битва за Вади Муса","source":"Русская Википедия / Викиданные","source_id":"Q4087301","license":"CC BY-SA 4.0","confidence":"outside_bbox","extra":{"era":"Первая мировая война","war_raw":"Первая мировая война 1914–1918"}}},{"type":"Feature","id":"battles:b89a7d22d9ab","geometry":{"type":"Point","coordinates":[2.29425,49.893914]},"properties":{"uid":"battles:b89a7d22d9ab","layer":"battles","layer_title":"Сражения и военные события","group":"military","title":"Амьенская операция","category":"Первая мировая война 1914–1918","year_from":1918,"year_to":1918,"date_precision":"year","date_approx":false,"period_raw":"1918.0","work":"Первая мировая война 1914–1918","summary":"О сражении франко-прусской войны см. Битва при Амьене Амьенская операция (Битва при Амьене (1918), Амьенское сражение; 8 августа — 13 августа 1918 года) — широкомасштабное наступление союзных войск против германской армии во время Первой мировой войны у французского города Амьен; завершилось прорывом германского фронта и победой войск Антанты. В результате боевых действий на Западном фронте весно","url":"https://ru.wikipedia.org/wiki/Амьенская операция","source":"Русская Википедия / Викиданные","source_id":"Q911448","license":"CC BY-SA 4.0","confidence":"outside_bbox","extra":{"era":"Первая мировая война","war_raw":"Первая мировая война 1914–1918"}}},{"type":"Feature","id":"battles:dd76bcba36b2","geometry":{"type":"Point","coordinates":[44.357214,40.589114]},"properties":{"uid":"battles:dd76bcba36b2","layer":"battles","layer_title":"Сражения и военные события","group":"military","title":"Баш-Апаранское сражение","category":"Первая мировая война 1914–1918","year_from":1918,"year_to":1918,"date_precision":"day","date_approx":false,"period_raw":"1918-01-01","work":"Первая мировая война 1914–1918","summary":"Баш-Апара́нское сраже́ние (арм. Բաշ Ապարանի ճակատամարտ) — вооружённое столкновение между вторгнувшимися на территорию Армении турецкими войсками и армянскими регулярными частями, произошедшее 23—29 мая 1918 года. В ходе боёв турецкие войска были разбиты и отброшены к западу от Баш-Апарана.","url":"https://ru.wikipedia.org/wiki/Баш-Апаранское сражение","source":"Русская Википедия / Викиданные","source_id":"Q791185","license":"CC BY-SA 4.0","confidence":"ok","extra":{"era":"Первая мировая война","war_raw":"Первая мировая война 1914–1918"}}},{"type":"Feature","id":"battles:33d61950cfb5","geometry":{"type":"Point","coordinates":[3.290833,49.073333]},"properties":{"uid":"battles:33d61950cfb5","layer":"battles","layer_title":"Сражения и военные события","group":"military","title":"Битва в лесу Белло","category":"Первая мировая война 1914–1918","year_from":1918,"year_to":1918,"date_precision":"year","date_approx":false,"period_raw":"1918.0","work":"Первая мировая война 1914–1918","summary":"Битва при Белло Вуд (1—26 июня 1918 года) произошла при Весеннем наступлении в 1918 году германской армии в Первой мировой войне, недалеко от реки Марна во Франции. Битва проходила между 2-й и 3-й дивизиями США, в компании с французскими и британскими войсками, против немецких дивизий. Битва стала ключевым элементом в истории Корпуса морской пехоты США.","url":"https://ru.wikipedia.org/wiki/Битва в лесу Белло","source":"Русская Википедия / Викиданные","source_id":"Q1474180","license":"CC BY-SA 4.0","confidence":"outside_bbox","extra":{"era":"Первая мировая война","war_raw":"Первая мировая война 1914–1918"}}},{"type":"Feature","id":"battles:c511c37763a0","geometry":{"type":"Point","coordinates":[2.491,49.664]},"properties":{"uid":"battles:c511c37763a0","layer":"battles","layer_title":"Сражения и военные события","group":"military","title":"Битва при Кантиньи","category":"Первая мировая война 1914–1918","year_from":1918,"year_to":1918,"date_precision":"day","date_approx":false,"period_raw":"1918-05-28","work":"Первая мировая война 1914–1918","summary":"Битва при Кантиньи (англ. Battle of Cantigny) — сражение 1918 года на Западном фронте Первой мировой войны, произошедшее у французской деревни Кантиньи. Первая крупная битва Американского экспедиционного корпуса в Первой мировой войне.","url":"https://ru.wikipedia.org/wiki/Битва при Кантиньи","source":"Русская Википедия / Викиданные","source_id":"Q2221265","license":"CC BY-SA 4.0","confidence":"outside_bbox","extra":{"era":"Первая мировая война","war_raw":"Первая мировая война 1914–1918"}}},{"type":"Feature","id":"battles:9f242dfb8ad3","geometry":{"type":"Point","coordinates":[22.716667,41.15]},"properties":{"uid":"battles:9f242dfb8ad3","layer":"battles","layer_title":"Сражения и военные события","group":"military","title":"Битва при Дойране (1918)","category":"Первая мировая война 1914–1918","year_from":1918,"year_to":1918,"date_precision":"year","date_approx":false,"period_raw":"1918.0","work":"Первая мировая война 1914–1918","summary":"Третья битва при Дойране — часть Вардарской операции войск Антанты на Салоникском фронте Первой мировой войны. Проводилась 18—19 сентября 1918 года силами греческой и британской армий, атаковавших позиции болгарских войск возле Дойранского озера.","url":"https://ru.wikipedia.org/wiki/Битва при Дойране (1918)","source":"Русская Википедия / Викиданные","source_id":"Q920202","license":"CC BY-SA 4.0","confidence":"ok","extra":{"era":"Первая мировая война","war_raw":"Первая мировая война 1914–1918"}}},{"type":"Feature","id":"battles:91cf534356f4","geometry":{"type":"Point","coordinates":[3.23556,50.1767]},"properties":{"uid":"battles:91cf534356f4","layer":"battles","layer_title":"Сражения и военные события","group":"military","title":"Битва при Камбре (1918)","category":"Первая мировая война 1914–1918","year_from":1918,"year_to":1918,"date_precision":"day","date_approx":false,"period_raw":"1918-01-01","work":"Первая мировая война 1914–1918","summary":"Битва при Камбре (8—10 октября 1918 года) — сражение между британскими и германскими войсками, во время Первой мировой войны, у французского города Камбре; завершилось победой союзных войск и взятием города.","url":"https://ru.wikipedia.org/wiki/Битва при Камбре (1918)","source":"Русская Википедия / Викиданные","source_id":"Q2585904","license":"CC BY-SA 4.0","confidence":"outside_bbox","extra":{"era":"Первая мировая война","war_raw":"Первая мировая война 1914–1918"}}},{"type":"Feature","id":"battles:e737b09bbe46","geometry":{"type":"Point","coordinates":[44.483333,40.8]},"properties":{"uid":"battles:e737b09bbe46","layer":"battles","layer_title":"Сражения и военные события","group":"military","title":"Каракилисское сражение","category":"Первая мировая война 1914–1918","year_from":1918,"year_to":1918,"date_precision":"day","date_approx":false,"period_raw":"1918-01-01","work":"Первая мировая война 1914–1918","url":"https://ru.wikipedia.org/wiki/Каракилисское сражение","source":"Русская Википедия / Викиданные","source_id":"Q651391","license":"CC BY-SA 4.0","confidence":"ok","extra":{"era":"Первая мировая война","war_raw":"Первая мировая война 1914–1918"}}},{"type":"Feature","id":"battles:61f667a2dcc6","geometry":{"type":"Point","coordinates":[34.883,32.4]},"properties":{"uid":"battles:61f667a2dcc6","layer":"battles","layer_title":"Сражения и военные события","group":"military","title":"Битва при Мегиддо (1918)","category":"Первая мировая война 1914–1918","year_from":1918,"year_to":1918,"date_precision":"day","date_approx":false,"period_raw":"1918-01-01","work":"Первая мировая война 1914–1918","summary":"Битва при Мегиддо (тур. Megiddo Muharebesi, англ. Battle of Megiddo) — сражение Первой мировой войны, состоявшееся 19 сентября — 1 ноября 1918 года в северной части Палестины. В англоязычных источниках также известно под названием «Армагеддонская битва». В турецкоязычных источниках эта операция известна под названиями «Nablus Hezimeti» (Разгром в Наблусе) и «Nablus Yarması» (Прорыв в Наблусе) или.","url":"https://ru.wikipedia.org/wiki/Битва при Мегиддо (1918)","source":"Русская Википедия / Викиданные","source_id":"Q199371","license":"CC BY-SA 4.0","confidence":"outside_bbox","extra":{"era":"Первая мировая война","war_raw":"Первая мировая война 1914–1918"}}},{"type":"Feature","id":"battles:eb9744df13f1","geometry":{"type":"Point","coordinates":[3.28333,49.85]},"properties":{"uid":"battles:eb9744df13f1","layer":"battles","layer_title":"Сражения и военные события","group":"military","title":"Операция «Михаэль»","category":"Первая мировая война 1914–1918","year_from":1918,"year_to":1918,"date_precision":"year","date_approx":false,"period_raw":"1918.0","work":"Первая мировая война 1914–1918","summary":"Опера́ция «Михаэ́ль», или Мартовское наступление в Пикардии (21 марта 1918 — 5 апреля 1918) — крупномасштабное наступление германских войск против армий Антанты во время Первой мировой войны. Первое наступление из серий наступательных операций германских войск весной 1918 года. Несмотря на тактический успех, выполнить главную задачу немецким армиям не удалось. В этом крупнейшем сражении Первой мир","url":"https://ru.wikipedia.org/wiki/Операция «Михаэль»","source":"Русская Википедия / Викиданные","source_id":"Q152008","license":"CC BY-SA 4.0","confidence":"outside_bbox","extra":{"era":"Первая мировая война","war_raw":"Первая мировая война 1914–1918"}}},{"type":"Feature","id":"battles:d4965cc392f3","geometry":{"type":"Point","coordinates":[22.3944,41.0889]},"properties":{"uid":"battles:d4965cc392f3","layer":"battles","layer_title":"Сражения и военные события","group":"military","title":"Битва при Скра-ди-Леген","category":"Первая мировая война 1914–1918","year_from":1918,"year_to":1918,"date_precision":"year","date_approx":false,"period_raw":"1918.0","work":"Первая мировая война 1914–1918","summary":"Битва при Скра-ди-Леген (болг. Битка при Яребична) — сражение Первой мировой войны, проходившее 29—31 мая 1918 года на Салоникском фронте между союзными (греческие и французские части) и болгарскими войсками. Завершилось победой войск Антанты.","url":"https://ru.wikipedia.org/wiki/Битва при Скра-ди-Леген","source":"Русская Википедия / Викиданные","source_id":"Q2890043","license":"CC BY-SA 4.0","confidence":"ok","extra":{"era":"Первая мировая война","war_raw":"Первая мировая война 1914–1918"}}},{"type":"Feature","id":"battles:d197b1db059b","geometry":{"type":"Point","coordinates":[3.371944,49.041944]},"properties":{"uid":"battles:d197b1db059b","layer":"battles","layer_title":"Сражения и военные события","group":"military","title":"Сражение при Шато-Тьерри (1918)","category":"Первая мировая война 1914–1918","year_from":1918,"year_to":1918,"date_precision":"day","date_approx":false,"period_raw":"1918-07-18","work":"Первая мировая война 1914–1918","url":"https://ru.wikipedia.org/wiki/Сражение при Шато-Тьерри (1918)","source":"Русская Википедия / Викиданные","source_id":"Q1172504","license":"CC BY-SA 4.0","confidence":"outside_bbox","extra":{"era":"Первая мировая война","war_raw":"Первая мировая война 1914–1918"}}},{"type":"Feature","id":"battles:fa2c717536ec","geometry":{"type":"Point","coordinates":[22.508621,41.329255]},"properties":{"uid":"battles:fa2c717536ec","layer":"battles","layer_title":"Сражения и военные события","group":"military","title":"Вардарское наступление","category":"Первая мировая война 1914–1918","year_from":1918,"year_to":1918,"date_precision":"day","date_approx":false,"period_raw":"1918-09-29","work":"Первая мировая война 1914–1918","url":"https://ru.wikipedia.org/wiki/Вардарское наступление","source":"Русская Википедия / Викиданные","source_id":"Q3655726","license":"CC BY-SA 4.0","confidence":"place_level","extra":{"era":"Первая мировая война","war_raw":"Первая мировая война 1914–1918"}}},{"type":"Feature","id":"battles:a7b64d604b20","geometry":{"type":"Point","coordinates":[30.529961,50.450002]},"properties":{"uid":"battles:a7b64d604b20","layer":"battles","layer_title":"Сражения и военные события","group":"military","title":"Памятник интервенции (Киев)","category":"Иностранная интервенция в России","date_precision":"unknown","date_approx":false,"work":"Иностранная интервенция в России","url":"https://ru.wikipedia.org/wiki/Памятник интервенции (Киев)","source":"Русская Википедия / Викиданные","source_id":"Q25394069","license":"CC BY-SA 4.0","confidence":"ok","extra":{"era":"Гражданская война","war_raw":"Иностранная интервенция в России"}}},{"type":"Feature","id":"battles:50170ec16785","geometry":{"type":"Point","coordinates":[49.783333,40.45]},"properties":{"uid":"battles:50170ec16785","layer":"battles","layer_title":"Сражения и военные события","group":"military","title":"Битва за Баку (1918)","category":"Гражданская война в России 1917–1922","year_from":1918,"year_to":1918,"date_precision":"year","date_approx":false,"work":"Гражданская война в России 1917–1922","summary":"Би́тва за Баку́ — боевые действия между Кавказской исламской армией под командованием турецкого генерала Нури-паши Киллигиля и вооружёнными формированиями Азербайджанской Демократической Республики, с одной стороны, и вооружёнными формированиями Бакинской коммуны, а позднее — Диктатуры Центрокаспия и поддерживавшего их британского экспедиционного корпуса под командованием генерала Лионеля Денстерв","url":"https://ru.wikipedia.org/wiki/Битва за Баку (1918)","source":"Русская Википедия / Викиданные","source_id":"Q2568851","license":"CC BY-SA 4.0","confidence":"ok","extra":{"era":"Гражданская война","war_raw":"Гражданская война в России 1917–1922"}}},{"type":"Feature","id":"battles:3ab4dfad09a4","geometry":{"type":"Point","coordinates":[32.827222,51.182778]},"properties":{"uid":"battles:3ab4dfad09a4","layer":"battles","layer_title":"Сражения и военные события","group":"military","title":"Сражение под Бахмачем","category":"Гражданская война в России 1917–1922","date_precision":"unknown","date_approx":false,"work":"Гражданская война в России 1917–1922","url":"https://ru.wikipedia.org/wiki/Сражение под Бахмачем","source":"Русская Википедия / Викиданные","source_id":"Q2537219","license":"CC BY-SA 4.0","confidence":"ok","extra":{"era":"Гражданская война","war_raw":"Гражданская война в России 1917–1922"}}},{"type":"Feature","id":"battles:c89fc42feb7f","geometry":{"type":"Point","coordinates":[32.385,61.174722]},"properties":{"uid":"battles:c89fc42feb7f","layer":"battles","layer_title":"Сражения и военные события","group":"military","title":"Видлицкая операция","category":"Гражданская война в России 1917–1922","date_precision":"unknown","date_approx":false,"work":"Гражданская война в России 1917–1922","url":"https://ru.wikipedia.org/wiki/Видлицкая операция","source":"Русская Википедия / Викиданные","source_id":"Q4110648","license":"CC BY-SA 4.0","confidence":"ok","extra":{"era":"Гражданская война","war_raw":"Гражданская война в России 1917–1922"}}},{"type":"Feature","id":"battles:f631eb013f5a","geometry":{"type":"Point","coordinates":[29.325,58.883333]},"properties":{"uid":"battles:f631eb013f5a","layer":"battles","layer_title":"Сражения и военные события","group":"military","title":"Выступление Керенского — Краснова","category":"Гражданская война в России 1917–1922","date_precision":"unknown","date_approx":false,"work":"Гражданская война в России 1917–1922","url":"https://ru.wikipedia.org/wiki/Выступление Керенского — Краснова","source":"Русская Википедия / Викиданные","source_id":"Q597026","license":"CC BY-SA 4.0","confidence":"ok","extra":{"era":"Гражданская война","war_raw":"Гражданская война в России 1917–1922"}}},{"type":"Feature","id":"battles:6b8a090fc6b0","geometry":{"type":"Point","coordinates":[30.54,50.4]},"properties":{"uid":"battles:6b8a090fc6b0","layer":"battles","layer_title":"Сражения и военные события","group":"military","title":"Киевская операция (январь 1919)","category":"Гражданская война в России 1917–1922","date_precision":"unknown","date_approx":false,"work":"Гражданская война в России 1917–1922","url":"https://ru.wikipedia.org/wiki/Киевская операция (январь 1919)","source":"Русская Википедия / Викиданные","source_id":"Q4220168","license":"CC BY-SA 4.0","confidence":"ok","extra":{"era":"Гражданская война","war_raw":"Гражданская война в России 1917–1922"}}},{"type":"Feature","id":"battles:0e3c387a424a","geometry":{"type":"Point","coordinates":[44.5167,48.7]},"properties":{"uid":"battles:0e3c387a424a","layer":"battles","layer_title":"Сражения и военные события","group":"military","title":"Оборона Царицына","category":"Гражданская война в России 1917–1922","date_precision":"unknown","date_approx":false,"work":"Гражданская война в России 1917–1922","url":"https://ru.wikipedia.org/wiki/Оборона Царицына","source":"Русская Википедия / Викиданные","source_id":"Q15692027","license":"CC BY-SA 4.0","confidence":"ok","extra":{"era":"Гражданская война","war_raw":"Гражданская война в России 1917–1922"}}},{"type":"Feature","id":"battles:a651972bf83f","geometry":{"type":"Point","coordinates":[32.397624,61.193667]},"properties":{"uid":"battles:a651972bf83f","layer":"battles","layer_title":"Сражения и военные события","group":"military","title":"Советско-финский вооружённый конфликт (1918—1920)","category":"Гражданская война в России 1917–1922","year_from":1918,"year_to":1920,"date_precision":"year","date_approx":false,"work":"Гражданская война в России 1917–1922","url":"https://ru.wikipedia.org/wiki/Советско-финский вооружённый конфликт (1918—1920)","source":"Русская Википедия / Викиданные","source_id":"Q18586347","license":"CC BY-SA 4.0","confidence":"ok","extra":{"era":"Гражданская война","war_raw":"Гражданская война в России 1917–1922"}}},{"type":"Feature","id":"battles:2cfdd0aad9f8","geometry":{"type":"Point","coordinates":[26.031111,57.776944]},"properties":{"uid":"battles:2cfdd0aad9f8","layer":"battles","layer_title":"Сражения и военные события","group":"military","title":"Эстонская освободительная война","category":"Гражданская война в России 1917–1922","date_precision":"unknown","date_approx":false,"work":"Гражданская война в России 1917–1922","url":"https://ru.wikipedia.org/wiki/Эстонская освободительная война","source":"Русская Википедия / Викиданные","source_id":"Q1127302","license":"CC BY-SA 4.0","confidence":"ok","extra":{"era":"Гражданская война","war_raw":"Гражданская война в России 1917–1922"}}},{"type":"Feature","id":"battles:1d638896fa64","geometry":{"type":"Point","coordinates":[33.5225,44.605]},"properties":{"uid":"battles:1d638896fa64","layer":"battles","layer_title":"Сражения и военные события","group":"military","title":"Крымская эвакуация (1919)","category":"Иностранная интервенция в России","year_from":1919,"year_to":1919,"date_precision":"year","date_approx":false,"work":"Иностранная интервенция в России","url":"https://ru.wikipedia.org/wiki/Крымская эвакуация (1919)","source":"Русская Википедия / Викиданные","source_id":"Q126871564","license":"CC BY-SA 4.0","confidence":"place_level","extra":{"era":"Гражданская война","war_raw":"Иностранная интервенция в России"}}},{"type":"Feature","id":"battles:de7e4f6c0503","geometry":{"type":"Point","coordinates":[94.25,66.416667]},"properties":{"uid":"battles:de7e4f6c0503","layer":"battles","layer_title":"Сражения и военные события","group":"military","title":"Турецкая интервенция в Дагестане","category":"Иностранная интервенция в России","date_precision":"unknown","date_approx":false,"work":"Иностранная интервенция в России","url":"https://ru.wikipedia.org/wiki/Турецкая интервенция в Дагестане","source":"Русская Википедия / Викиданные","source_id":"Q124811443","license":"CC BY-SA 4.0","confidence":"place_level","extra":{"era":"Гражданская война","war_raw":"Иностранная интервенция в России"}}},{"type":"Feature","id":"battles:61a9d929bff0","geometry":{"type":"Point","coordinates":[30.73262,46.47747]},"properties":{"uid":"battles:61a9d929bff0","layer":"battles","layer_title":"Сражения и военные события","group":"military","title":"Украинский поход греческой армии","category":"Иностранная интервенция в России","date_precision":"unknown","date_approx":false,"work":"Иностранная интервенция в России","url":"https://ru.wikipedia.org/wiki/Украинский поход греческой армии","source":"Русская Википедия / Викиданные","source_id":"Q19917140","license":"CC BY-SA 4.0","confidence":"place_level","extra":{"era":"Гражданская война","war_raw":"Иностранная интервенция в России"}}},{"type":"Feature","id":"battles:141105f5e132","geometry":{"type":"Point","coordinates":[32.0,49.0]},"properties":{"uid":"battles:141105f5e132","layer":"battles","layer_title":"Сражения и военные события","group":"military","title":"Французская интервенция на Юге России","category":"Иностранная интервенция в России","date_precision":"unknown","date_approx":false,"work":"Иностранная интервенция в России","url":"https://ru.wikipedia.org/wiki/Французская интервенция на Юге России","source":"Русская Википедия / Викиданные","source_id":"Q18418566","license":"CC BY-SA 4.0","confidence":"place_level","extra":{"era":"Гражданская война","war_raw":"Иностранная интервенция в России"}}},{"type":"Feature","id":"battles:346beac0071a","geometry":{"type":"Point","coordinates":[50.116667,53.183333]},"properties":{"uid":"battles:346beac0071a","layer":"battles","layer_title":"Сражения и военные события","group":"military","title":"Бугурусланская операция","category":"Гражданская война в России 1917–1922","date_precision":"unknown","date_approx":false,"work":"Гражданская война в России 1917–1922","url":"https://ru.wikipedia.org/wiki/Бугурусланская операция","source":"Русская Википедия / Викиданные","source_id":"Q4097857","license":"CC BY-SA 4.0","confidence":"place_level","extra":{"era":"Гражданская война","war_raw":"Гражданская война в России 1917–1922"}}},{"type":"Feature","id":"battles:a410d91acfeb","geometry":{"type":"Point","coordinates":[25.28,54.687222]},"properties":{"uid":"battles:a410d91acfeb","layer":"battles","layer_title":"Сражения и военные события","group":"military","title":"Сражения за Вильно","category":"Гражданская война в России 1917–1922","date_precision":"unknown","date_approx":false,"work":"Гражданская война в России 1917–1922","url":"https://ru.wikipedia.org/wiki/Сражения за Вильно","source":"Русская Википедия / Викиданные","source_id":"Q172240","license":"CC BY-SA 4.0","confidence":"place_level","extra":{"era":"Гражданская война","war_raw":"Гражданская война в России 1917–1922"}}},{"type":"Feature","id":"battles:a47a6d659b1b","geometry":{"type":"Point","coordinates":[37.8,48.0]},"properties":{"uid":"battles:a47a6d659b1b","layer":"battles","layer_title":"Сражения и военные события","group":"military","title":"Гришинская операция","category":"Гражданская война в России 1917–1922","date_precision":"unknown","date_approx":false,"work":"Гражданская война в России 1917–1922","summary":"Гришинская операция — военная операция махновской Революционно-повстанческой армии Украины (РПАУ).","url":"https://ru.wikipedia.org/wiki/Гришинская операция","source":"Русская Википедия / Викиданные","source_id":"Q28667892","license":"CC BY-SA 4.0","confidence":"place_level","extra":{"era":"Гражданская война","war_raw":"Гражданская война в России 1917–1922"}}},{"type":"Feature","id":"battles:79720c110803","geometry":{"type":"Point","coordinates":[23.258611,50.720556]},"properties":{"uid":"battles:79720c110803","layer":"battles","layer_title":"Сражения и военные события","group":"military","title":"Оборона Замостья (1920)","category":"Гражданская война в России 1917–1922","year_from":1920,"year_to":1920,"date_precision":"year","date_approx":false,"work":"Гражданская война в России 1917–1922","url":"https://ru.wikipedia.org/wiki/Оборона Замостья (1920)","source":"Русская Википедия / Викиданные","source_id":"Q4329635","license":"CC BY-SA 4.0","confidence":"place_level","extra":{"era":"Гражданская война","war_raw":"Гражданская война в России 1917–1922"}}},{"type":"Feature","id":"battles:16a5a06d4d4f","geometry":{"type":"Point","coordinates":[38.783889,47.173611]},"properties":{"uid":"battles:16a5a06d4d4f","layer":"battles","layer_title":"Сражения и военные события","group":"military","title":"Красный десант (операция)","category":"Гражданская война в России 1917–1922","date_precision":"unknown","date_approx":false,"work":"Гражданская война в России 1917–1922","url":"https://ru.wikipedia.org/wiki/Красный десант (операция)","source":"Русская Википедия / Викиданные","source_id":"Q4239680","license":"CC BY-SA 4.0","confidence":"place_level","extra":{"era":"Гражданская война","war_raw":"Гражданская война в России 1917–1922"}}},{"type":"Feature","id":"battles:6c2b1e07ae4c","geometry":{"type":"Point","coordinates":[49.114444,55.790833]},"properties":{"uid":"battles:6c2b1e07ae4c","layer":"battles","layer_title":"Сражения и военные события","group":"military","title":"Казанская операция","category":"Гражданская война в России 1917–1922","date_precision":"unknown","date_approx":false,"work":"Гражданская война в России 1917–1922","url":"https://ru.wikipedia.org/wiki/Казанская операция","source":"Русская Википедия / Викиданные","source_id":"Q2341052","license":"CC BY-SA 4.0","confidence":"place_level","extra":{"era":"Гражданская война","war_raw":"Гражданская война в России 1917–1922"}}},{"type":"Feature","id":"battles:f9c9a6357e0b","geometry":{"type":"Point","coordinates":[23.436944,50.500278]},"properties":{"uid":"battles:f9c9a6357e0b","layer":"battles","layer_title":"Сражения и военные события","group":"military","title":"Контрнаступление на Вепше","category":"Гражданская война в России 1917–1922","date_precision":"unknown","date_approx":false,"work":"Гражданская война в России 1917–1922","url":"https://ru.wikipedia.org/wiki/Контрнаступление на Вепше","source":"Русская Википедия / Викиданные","source_id":"Q11743206","license":"CC BY-SA 4.0","confidence":"place_level","extra":{"era":"Гражданская война","war_raw":"Гражданская война в России 1917–1922"}}},{"type":"Feature","id":"battles:1a94101db72c","geometry":{"type":"Point","coordinates":[30.316667,59.95]},"properties":{"uid":"battles:1a94101db72c","layer":"battles","layer_title":"Сражения и военные события","group":"military","title":"Наступление Северного корпуса","category":"Гражданская война в России 1917–1922","date_precision":"unknown","date_approx":false,"work":"Гражданская война в России 1917–1922","url":"https://ru.wikipedia.org/wiki/Наступление Северного корпуса","source":"Русская Википедия / Викиданные","source_id":"Q4314059","license":"CC BY-SA 4.0","confidence":"place_level","extra":{"era":"Гражданская война","war_raw":"Гражданская война в России 1917–1922"}}},{"type":"Feature","id":"battles:77700fcda54b","geometry":{"type":"Point","coordinates":[30.73262,46.47747]},"properties":{"uid":"battles:77700fcda54b","layer":"battles","layer_title":"Сражения и военные события","group":"military","title":"Одесско-Николаевская операция","category":"Гражданская война в России 1917–1922","date_precision":"unknown","date_approx":false,"work":"Гражданская война в России 1917–1922","url":"https://ru.wikipedia.org/wiki/Одесско-Николаевская операция","source":"Русская Википедия / Викиданные","source_id":"Q4331481","license":"CC BY-SA 4.0","confidence":"place_level","extra":{"era":"Гражданская война","war_raw":"Гражданская война в России 1917–1922"}}},{"type":"Feature","id":"battles:3c2a104a7050","geometry":{"type":"Point","coordinates":[32.966667,60.983333]},"properties":{"uid":"battles:3c2a104a7050","layer":"battles","layer_title":"Сражения и военные события","group":"military","title":"Олонецкий поход 1918-1919","category":"Гражданская война в России 1917–1922","date_precision":"unknown","date_approx":false,"work":"Гражданская война в России 1917–1922","url":"https://ru.wikipedia.org/wiki/Олонецкий поход 1918-1919","source":"Русская Википедия / Викиданные","source_id":"Q3500262","license":"CC BY-SA 4.0","confidence":"place_level","extra":{"era":"Гражданская война","war_raw":"Гражданская война в России 1917–1922"}}},{"type":"Feature","id":"battles:4f803aa80ca5","geometry":{"type":"Point","coordinates":[36.083333,52.966667]},"properties":{"uid":"battles:4f803aa80ca5","layer":"battles","layer_title":"Сражения и военные события","group":"military","title":"Орловско-Кромское сражение","category":"Гражданская война в России 1917–1922","date_precision":"unknown","date_approx":false,"work":"Гражданская война в России 1917–1922","url":"https://ru.wikipedia.org/wiki/Орловско-Кромское сражение","source":"Русская Википедия / Викиданные","source_id":"Q3196988","license":"CC BY-SA 4.0","confidence":"place_level","extra":{"era":"Гражданская война","war_raw":"Гражданская война в России 1917–1922"}}},{"type":"Feature","id":"battles:693f0b0a65a7","geometry":{"type":"Point","coordinates":[43.831787,43.405047]},"properties":{"uid":"battles:693f0b0a65a7","layer":"battles","layer_title":"Сражения и военные события","group":"military","title":"Северо-Кавказская операция (1920)","category":"Гражданская война в России 1917–1922","year_from":1920,"year_to":1920,"date_precision":"year","date_approx":false,"work":"Гражданская война в России 1917–1922","url":"https://ru.wikipedia.org/wiki/Северо-Кавказская операция (1920)","source":"Русская Википедия / Викиданные","source_id":"Q4412483","license":"CC BY-SA 4.0","confidence":"place_level","extra":{"era":"Гражданская война","war_raw":"Гражданская война в России 1917–1922"}}},{"type":"Feature","id":"battles:7293c011251f","geometry":{"type":"Point","coordinates":[24.0,55.2]},"properties":{"uid":"battles:7293c011251f","layer":"battles","layer_title":"Сражения и военные события","group":"military","title":"Советско-литовская война","category":"Гражданская война в России 1917–1922","date_precision":"unknown","date_approx":false,"work":"Гражданская война в России 1917–1922","url":"https://ru.wikipedia.org/wiki/Советско-литовская война","source":"Русская Википедия / Викиданные","source_id":"Q1604816","license":"CC BY-SA 4.0","confidence":"place_level","extra":{"era":"Гражданская война","war_raw":"Гражданская война в России 1917–1922"}}},{"type":"Feature","id":"battles:f7b0b06c4d5c","geometry":{"type":"Point","coordinates":[20.745833,52.445]},"properties":{"uid":"battles:f7b0b06c4d5c","layer":"battles","layer_title":"Сражения и военные события","group":"military","title":"Сражение на Вкре","category":"Гражданская война в России 1917–1922","date_precision":"unknown","date_approx":false,"work":"Гражданская война в России 1917–1922","url":"https://ru.wikipedia.org/wiki/Сражение на Вкре","source":"Русская Википедия / Викиданные","source_id":"Q97777803","license":"CC BY-SA 4.0","confidence":"place_level","extra":{"era":"Гражданская война","war_raw":"Гражданская война в России 1917–1922"}}},{"type":"Feature","id":"battles:448afbe0bd70","geometry":{"type":"Point","coordinates":[45.698611,43.3125]},"properties":{"uid":"battles:448afbe0bd70","layer":"battles","layer_title":"Сражения и военные события","group":"military","title":"Стодневные бои","category":"Гражданская война в России 1917–1922","date_precision":"unknown","date_approx":false,"work":"Гражданская война в России 1917–1922","url":"https://ru.wikipedia.org/wiki/Стодневные бои","source":"Русская Википедия / Викиданные","source_id":"Q4329633","license":"CC BY-SA 4.0","confidence":"place_level","extra":{"era":"Гражданская война","war_raw":"Гражданская война в России 1917–1922"}}},{"type":"Feature","id":"battles:13872fa5db95","geometry":{"type":"Point","coordinates":[26.7225,58.38]},"properties":{"uid":"battles:13872fa5db95","layer":"battles","layer_title":"Сражения и военные события","group":"military","title":"Тартуское сражение (1919)","category":"Гражданская война в России 1917–1922","year_from":1919,"year_to":1919,"date_precision":"year","date_approx":false,"work":"Гражданская война в России 1917–1922","url":"https://ru.wikipedia.org/wiki/Тартуское сражение (1919)","source":"Русская Википедия / Викиданные","source_id":"Q12376476","license":"CC BY-SA 4.0","confidence":"place_level","extra":{"era":"Гражданская война","war_raw":"Гражданская война в России 1917–1922"}}},{"type":"Feature","id":"battles:1f2eecfc1f14","geometry":{"type":"Point","coordinates":[55.966667,54.733333]},"properties":{"uid":"battles:1f2eecfc1f14","layer":"battles","layer_title":"Сражения и военные события","group":"military","title":"Уфимская операция","category":"Гражданская война в России 1917–1922","date_precision":"unknown","date_approx":false,"work":"Гражданская война в России 1917–1922","url":"https://ru.wikipedia.org/wiki/Уфимская операция","source":"Русская Википедия / Викиданные","source_id":"Q2140994","license":"CC BY-SA 4.0","confidence":"place_level","extra":{"era":"Гражданская война","war_raw":"Гражданская война в России 1917–1922"}}},{"type":"Feature","id":"battles:bcfca6e67256","geometry":{"type":"Point","coordinates":[60.361111,41.381389]},"properties":{"uid":"battles:bcfca6e67256","layer":"battles","layer_title":"Сражения и военные события","group":"military","title":"Хивинская операция (1919—1920)","category":"Гражданская война в России 1917–1922","year_from":1919,"year_to":1920,"date_precision":"year","date_approx":false,"work":"Гражданская война в России 1917–1922","url":"https://ru.wikipedia.org/wiki/Хивинская операция (1919—1920)","source":"Русская Википедия / Викиданные","source_id":"Q136762848","license":"CC BY-SA 4.0","confidence":"place_level","extra":{"era":"Гражданская война","war_raw":"Гражданская война в России 1917–1922"}}},{"type":"Feature","id":"battles:a2c242c0f78e","geometry":{"type":"Point","coordinates":[58.557129,48.632909]},"properties":{"uid":"battles:a2c242c0f78e","layer":"battles","layer_title":"Сражения и военные события","group":"military","title":"Экспедиция Джангильдина","category":"Гражданская война в России 1917–1922","date_precision":"unknown","date_approx":false,"work":"Гражданская война в России 1917–1922","url":"https://ru.wikipedia.org/wiki/Экспедиция Джангильдина","source":"Русская Википедия / Викиданные","source_id":"Q12543304","license":"CC BY-SA 4.0","confidence":"place_level","extra":{"era":"Гражданская война","war_raw":"Гражданская война в России 1917–1922"}}},{"type":"Feature","id":"battles:6fe527c12034","geometry":{"type":"Point","coordinates":[33.39,47.91]},"properties":{"uid":"battles:6fe527c12034","layer":"battles","layer_title":"Сражения и военные события","group":"military","title":"Агитпоезда в Кривом Роге","category":"Гражданская война на Украине","date_precision":"unknown","date_approx":false,"work":"Гражданская война на Украине","summary":"Агитпоезда в Кривом Роге — событие посещения города Кривой Рог агитпоездами в период Гражданской войны.","url":"https://ru.wikipedia.org/wiki/Агитпоезда в Кривом Роге","source":"Русская Википедия / Викиданные","source_id":"Q127424219","license":"CC BY-SA 4.0","confidence":"place_level","extra":{"era":"Гражданская война","war_raw":"Гражданская война на Украине"}}},{"type":"Feature","id":"battles:b53404381ccb","geometry":{"type":"Point","coordinates":[39.2386,47.0864]},"properties":{"uid":"battles:b53404381ccb","layer":"battles","layer_title":"Сражения и военные события","group":"military","title":"Расказачивание","category":"Гражданская война на Дону","date_precision":"unknown","date_approx":false,"work":"Гражданская война на Дону","url":"https://ru.wikipedia.org/wiki/Расказачивание","source":"Русская Википедия / Викиданные","source_id":"Q2464639","license":"CC BY-SA 4.0","confidence":"place_level","extra":{"era":"Гражданская война","war_raw":"Гражданская война на Дону"}}},{"type":"Feature","id":"battles:e91e589b68d5","geometry":{"type":"Point","coordinates":[51.416667,35.7]},"properties":{"uid":"battles:e91e589b68d5","layer":"battles","layer_title":"Сражения и военные события","group":"military","title":"Дженгелийцы","category":"Иностранная интервенция в России","year_from":1912,"year_to":1912,"date_precision":"year","date_approx":false,"period_raw":"1912.0","work":"Иностранная интервенция в России","summary":"Дженгелийцы (от перс. جنگل‎, дженгель — лес) — участники партизанского движения против Каджарской династии в Гиляне (Персия) с 1912 по 1921 год.","url":"https://ru.wikipedia.org/wiki/Дженгелийцы","source":"Русская Википедия / Викиданные","source_id":"Q764038","license":"CC BY-SA 4.0","confidence":"place_level","extra":{"era":"Гражданская война","war_raw":"Иностранная интервенция в России"}}},{"type":"Feature","id":"battles:90421fc6b6d0","geometry":{"type":"Point","coordinates":[30.313889,59.940278]},"properties":{"uid":"battles:90421fc6b6d0","layer":"battles","layer_title":"Сражения и военные события","group":"military","title":"Штурм Зимнего дворца","category":"Гражданская война в России 1917–1922","year_from":1917,"year_to":1917,"date_precision":"day","date_approx":false,"period_raw":"1917-11-08","work":"Гражданская война в России 1917–1922","url":"https://ru.wikipedia.org/wiki/Штурм Зимнего дворца","source":"Русская Википедия / Викиданные","source_id":"Q4527024","license":"CC BY-SA 4.0","confidence":"ok","extra":{"era":"Гражданская война","war_raw":"Гражданская война в России 1917–1922"}}},{"type":"Feature","id":"battles:7d3a88639478","geometry":{"type":"Point","coordinates":[2.352222,48.856667]},"properties":{"uid":"battles:7d3a88639478","layer":"battles","layer_title":"Сражения и военные события","group":"military","title":"Франко-английское соглашение от 23 декабря 1917 года","category":"Иностранная интервенция в России","year_from":1917,"year_to":1917,"date_precision":"day","date_approx":false,"period_raw":"1917-12-23","work":"Иностранная интервенция в России","url":"https://ru.wikipedia.org/wiki/Франко-английское соглашение от 23 декабря 1917 года","source":"Русская Википедия / Викиданные","source_id":"Q4492386","license":"CC BY-SA 4.0","confidence":"outside_bbox","extra":{"era":"Гражданская война","war_raw":"Иностранная интервенция в России"}}},{"type":"Feature","id":"battles:c778479697cd","geometry":{"type":"Point","coordinates":[40.098611,47.435833]},"properties":{"uid":"battles:c778479697cd","layer":"battles","layer_title":"Сражения и военные события","group":"military","title":"Гражданская война на Дону","category":"Гражданская война в России 1917–1922","year_from":1917,"year_to":1917,"date_precision":"year","date_approx":false,"period_raw":"1917.0","work":"Гражданская война в России 1917–1922","summary":"Гражданская война на Дону — боевые действия между донским казачеством (в союзе с Белым движением на Юге России) и сторонниками ленинского Совнаркома преимущественно на территории Области войска Донского, проходившие с ноября 1917 года по весну 1920 года. Часть Гражданской войны в России. На Дону, как и во многих других казачьих областях России, существовал исторический раскол между иногородним на","url":"https://ru.wikipedia.org/wiki/Гражданская война на Дону","source":"Русская Википедия / Викиданные","source_id":"Q4147512","license":"CC BY-SA 4.0","confidence":"place_level","extra":{"era":"Гражданская война","war_raw":"Гражданская война в России 1917–1922"}}},{"type":"Feature","id":"battles:18cac912384b","geometry":{"type":"Point","coordinates":[30.5,50.45]},"properties":{"uid":"battles:18cac912384b","layer":"battles","layer_title":"Сражения и военные события","group":"military","title":"Первая советско-украинская война","category":"Гражданская война на Украине","year_from":1917,"year_to":1917,"date_precision":"year","date_approx":false,"period_raw":"1917.0","work":"Гражданская война на Украине","summary":"Первая советско-украинская война (укр. Перша радянсько-українська війна) — вооружённый конфликт, ставший следствием противостояния Украинской Народной Республики и Совета народных комиссаров РСФСР во главе с В. И. Лениным; боевые действия происходили с декабря 1917 года по май 1918 года.","url":"https://ru.wikipedia.org/wiki/Первая советско-украинская война","source":"Русская Википедия / Викиданные","source_id":"Q30958323","license":"CC BY-SA 4.0","confidence":"place_level","extra":{"era":"Гражданская война","war_raw":"Гражданская война на Украине"}}},{"type":"Feature","id":"battles:15194b5da331","geometry":{"type":"Point","coordinates":[44.8,41.716667]},"properties":{"uid":"battles:15194b5da331","layer":"battles","layer_title":"Сражения и военные события","group":"military","title":"Германо-турецкая интервенция в Закавказье","category":"Иностранная интервенция в России","year_from":1918,"year_to":1918,"date_precision":"day","date_approx":false,"period_raw":"1918-10-01","work":"Иностранная интервенция в России","summary":"Герма́но-туре́цкая интерве́нция в Закавказье — военная интервенция Центральных держав в Закавказье во время Гражданской войны в России в 1918 году.","url":"https://ru.wikipedia.org/wiki/Германо-турецкая интервенция в Закавказье","source":"Русская Википедия / Викиданные","source_id":"Q560654","license":"CC BY-SA 4.0","confidence":"ok","extra":{"era":"Гражданская война","war_raw":"Иностранная интервенция в России"}}},{"type":"Feature","id":"battles:776945414af1","geometry":{"type":"Point","coordinates":[83.750083,53.366003]},"properties":{"uid":"battles:776945414af1","layer":"battles","layer_title":"Сражения и военные события","group":"military","title":"Бои за Барнаул (1918)","category":"Гражданская война в России 1917–1922","year_from":1918,"year_to":1918,"date_precision":"day","date_approx":false,"period_raw":"1918-01-01","work":"Гражданская война в России 1917–1922","summary":"Бои за Барнау́л — серия вооруженных столкновений между красногвардейцами Барнаула и белогвардейцами 13 — 15 июня 1918 года во время Гражданской войны. В результате боев город был взят белыми.","url":"https://ru.wikipedia.org/wiki/Бои за Барнаул (1918)","source":"Русская Википедия / Викиданные","source_id":"Q4090264","license":"CC BY-SA 4.0","confidence":"ok","extra":{"era":"Гражданская война","war_raw":"Гражданская война в России 1917–1922"}}},{"type":"Feature","id":"battles:4172741a70d6","geometry":{"type":"Point","coordinates":[47.740556,40.653056]},"properties":{"uid":"battles:4172741a70d6","layer":"battles","layer_title":"Сражения и военные события","group":"military","title":"Сражение под Геокчаем","category":"Гражданская война в России 1917–1922","year_from":1918,"year_to":1918,"date_precision":"day","date_approx":false,"period_raw":"1918-07-01","work":"Гражданская война в России 1917–1922","url":"https://ru.wikipedia.org/wiki/Сражение под Геокчаем","source":"Русская Википедия / Викиданные","source_id":"Q31291891","license":"CC BY-SA 4.0","confidence":"ok","extra":{"era":"Гражданская война","war_raw":"Гражданская война в России 1917–1922"}}},{"type":"Feature","id":"battles:6ebbde6a197c","geometry":{"type":"Point","coordinates":[20.416667,58.616667]},"properties":{"uid":"battles:6ebbde6a197c","layer":"battles","layer_title":"Сражения и военные события","group":"military","title":"Гражданская война на Балтийском море","category":"Гражданская война в России 1917–1922","year_from":1918,"year_to":1918,"date_precision":"day","date_approx":false,"period_raw":"1918-11-28","work":"Гражданская война в России 1917–1922","summary":"Гражданская война на Балтийском море — боевые действия на Балтийском море в период Гражданской войны в России, во время которых Рабоче-крестьянский Красный флот противостоял «Балтийской эскадре» ВМФ Великобритании (которая поддерживала Эстонию в войне за независимость) и эстонским военно-морским силам.","url":"https://ru.wikipedia.org/wiki/Гражданская война на Балтийском море","source":"Русская Википедия / Викиданные","source_id":"Q4147516","license":"CC BY-SA 4.0","confidence":"ok","extra":{"era":"Гражданская война","war_raw":"Гражданская война в России 1917–1922"}}},{"type":"Feature","id":"battles:5f0db59e3a14","geometry":{"type":"Point","coordinates":[32.145833,51.082323]},"properties":{"uid":"battles:5f0db59e3a14","layer":"battles","layer_title":"Сражения и военные события","group":"military","title":"Бой под Крутами","category":"Гражданская война в России 1917–1922","year_from":1918,"year_to":1918,"date_precision":"day","date_approx":false,"period_raw":"1918-01-30","work":"Гражданская война в России 1917–1922","summary":"Бой под Кру́тами (укр. Бій під Кру́тами) — вооружённое столкновение, произошедшее 16 (29) января 1918 года на железнодорожной станции в районе села Круты (130 км к северо-востоку от Киева, 18 км восточнее Нежина) между красногвардейскими отрядами под командованием Михаила Муравьёва и вооружёнными формированиями Украинской Народной Республики, пытавшимися остановить его продвижение к Киеву. 5-часов","url":"https://ru.wikipedia.org/wiki/Бой под Крутами","source":"Русская Википедия / Викиданные","source_id":"Q644021","license":"CC BY-SA 4.0","confidence":"ok","extra":{"era":"Гражданская война","war_raw":"Гражданская война в России 1917–1922"}}},{"type":"Feature","id":"battles:c41917eb87f5","geometry":{"type":"Point","coordinates":[48.160833,40.338333]},"properties":{"uid":"battles:c41917eb87f5","layer":"battles","layer_title":"Сражения и военные события","group":"military","title":"Битва за Кюрдамир","category":"Гражданская война в России 1917–1922","year_from":1918,"year_to":1918,"date_precision":"day","date_approx":false,"period_raw":"1918-07-01","work":"Гражданская война в России 1917–1922","summary":"Битва за Кюрдамир (азерб. Kürdəmir döyüşləri) — боевые действия 7—10 июля 1918 года за село Кюрдамир Геокчайского уезда Бакинской губернии в Азербайджане, станцию Закавказской железной дороги, важнейший стратегический пункт на пути к Баку. 10 июля, после трёхдневных боёв с частями Кавказской исламской армии, наступавшими на Баку, части Кавказской Красной армии Бакинской коммуны оставили Кюрдамир.","url":"https://ru.wikipedia.org/wiki/Битва за Кюрдамир","source":"Русская Википедия / Викиданные","source_id":"Q25543091","license":"CC BY-SA 4.0","confidence":"ok","extra":{"era":"Гражданская война","war_raw":"Гражданская война в России 1917–1922"}}},{"type":"Feature","id":"battles:4dbc23a49a87","geometry":{"type":"Point","coordinates":[28.033333,59.45]},"properties":{"uid":"battles:4dbc23a49a87","layer":"battles","layer_title":"Сражения и военные события","group":"military","title":"Сражение за Нарву (1918)","category":"Гражданская война в России 1917–1922","year_from":1918,"year_to":1918,"date_precision":"day","date_approx":false,"period_raw":"1918-11-28","work":"Гражданская война в России 1917–1922","url":"https://ru.wikipedia.org/wiki/Сражение за Нарву (1918)","source":"Русская Википедия / Викиданные","source_id":"Q3509177","license":"CC BY-SA 4.0","confidence":"ok","extra":{"era":"Гражданская война","war_raw":"Гражданская война в России 1917–1922"}}},{"type":"Feature","id":"battles:3c6791f6e77c","geometry":{"type":"Point","coordinates":[56.2489,58.0139]},"properties":{"uid":"battles:3c6791f6e77c","layer":"battles","layer_title":"Сражения и военные события","group":"military","title":"Пермская операция (1918—1919)","category":"Гражданская война в России 1917–1922","year_from":1918,"year_to":1918,"date_precision":"day","date_approx":false,"period_raw":"1918-11-29","work":"Гражданская война в России 1917–1922","url":"https://ru.wikipedia.org/wiki/Пермская операция (1918—1919)","source":"Русская Википедия / Викиданные","source_id":"Q4351519","license":"CC BY-SA 4.0","confidence":"ok","extra":{"era":"Гражданская война","war_raw":"Гражданская война в России 1917–1922"}}},{"type":"Feature","id":"battles:c7ed57cd9e51","geometry":{"type":"Point","coordinates":[36.788889,46.755556]},"properties":{"uid":"battles:c7ed57cd9e51","layer":"battles","layer_title":"Сражения и военные события","group":"military","title":"Бердянское восстание","category":"Гражданская война на Украине","year_from":1918,"year_to":1918,"date_precision":"year","date_approx":false,"period_raw":"1918.0","work":"Гражданская война на Украине","summary":"Бердя́нское восста́ние (апрель 1918 года) — вооружённое выступление против власти большевиков в Бердянске весной 1918 года. Причиной восстания послужило нараставшее недовольство многих жителей Бердянска политикой подконтрольного РКП(б) городского совета, в частности — узурпацией власти большевиками, реквизициями продовольствия и материальных ценностей (согласно Брестскому миру, город должен был бы","url":"https://ru.wikipedia.org/wiki/Бердянское восстание","source":"Русская Википедия / Викиданные","source_id":"Q4084166","license":"CC BY-SA 4.0","confidence":"ok","extra":{"era":"Гражданская война","war_raw":"Гражданская война на Украине"}}},{"type":"Feature","id":"battles:308397cb0557","geometry":{"type":"Point","coordinates":[90.0,65.0]},"properties":{"uid":"battles:308397cb0557","layer":"battles","layer_title":"Сражения и военные события","group":"military","title":"Иностранная военная интервенция в России","category":"Иностранная интервенция в России","year_from":1918,"year_to":1918,"date_precision":"day","date_approx":false,"period_raw":"1918-01-01","work":"Иностранная интервенция в России","summary":"Иностранная военная интервенция в России — военное вмешательство в 1918—1922 годах Антанты, Японии и Центральных держав в гражданскую войну в России на стороне антибольшевистских сил. Интервенция в Россию во многом рассматривается как завершающий этап Первой мировой войны, частично перенесенный на ее территорию и продолжившийся здесь дольше, чем в других регионах. Германская и","url":"https://ru.wikipedia.org/wiki/Иностранная военная интервенция в России","source":"Русская Википедия / Викиданные","source_id":"Q2001082","license":"CC BY-SA 4.0","confidence":"place_level","extra":{"era":"Гражданская война","war_raw":"Иностранная интервенция в России"}}},{"type":"Feature","id":"battles:d8ec596f1508","geometry":{"type":"Point","coordinates":[147.4,65.5]},"properties":{"uid":"battles:d8ec596f1508","layer":"battles","layer_title":"Сражения и военные события","group":"military","title":"Военная интервенция США в Сибири","category":"Иностранная интервенция в России","year_from":1918,"year_to":1918,"date_precision":"year","date_approx":false,"period_raw":"1918.0","work":"Иностранная интервенция в России","summary":"Военная интервенция США в Сибири — военное вмешательство Северо-Американских Соединённых Штатов во внутренние дела России на Дальнем Востоке и Сибири во время Гражданской войны с 16 августа 1918 года по 23 апреля 1920 года.. В отечественной истории вопросы, связанные с интервенцией Антанты, длительное время рассматривались односторонне — интервенция носила захватнический характ","url":"https://ru.wikipedia.org/wiki/Военная интервенция США в Сибири","source":"Русская Википедия / Викиданные","source_id":"Q136195753","license":"CC BY-SA 4.0","confidence":"place_level","extra":{"era":"Гражданская война","war_raw":"Иностранная интервенция в России"}}},{"type":"Feature","id":"battles:5912f9cf90d9","geometry":{"type":"Point","coordinates":[31.455833,49.744722]},"properties":{"uid":"battles:5912f9cf90d9","layer":"battles","layer_title":"Сражения и военные события","group":"military","title":"Битва под Каневом (1918)","category":"Иностранная интервенция в России","year_from":1918,"year_to":1918,"date_precision":"year","date_approx":false,"period_raw":"1918.0","work":"Иностранная интервенция в России","summary":"Битва под Каневом — сражение во время Первой мировой войны в ночь с 10 на 11 мая 1918 года, близ города Канев (ныне Украина) между польскими и немецкими войсками. 2-й Польский корпус (в том числе 2-я бригада Польских легионов) под командованием генерала Юзефа Халлера противостоял подразделениям Германской имперской армии (в том числе 28-й бригаде Ландвера) под командованием ген","url":"https://ru.wikipedia.org/wiki/Битва под Каневом (1918)","source":"Русская Википедия / Викиданные","source_id":"Q3636484","license":"CC BY-SA 4.0","confidence":"place_level","extra":{"era":"Гражданская война","war_raw":"Иностранная интервенция в России"}}},{"type":"Feature","id":"battles:6d1cfe062a59","geometry":{"type":"Point","coordinates":[70.1167,58.65]},"properties":{"uid":"battles:6d1cfe062a59","layer":"battles","layer_title":"Сражения и военные события","group":"military","title":"Японское участие в Сибирской интервенции","category":"Иностранная интервенция в России","year_from":1918,"year_to":1918,"date_precision":"day","date_approx":false,"period_raw":"1918-01-01","work":"Иностранная интервенция в России","url":"https://ru.wikipedia.org/wiki/Японское участие в Сибирской интервенции","source":"Русская Википедия / Викиданные","source_id":"Q4538449","license":"CC BY-SA 4.0","confidence":"place_level","extra":{"era":"Гражданская война","war_raw":"Иностранная интервенция в России"}}},{"type":"Feature","id":"battles:972e15ba56bd","geometry":{"type":"Point","coordinates":[80.236944,45.648889]},"properties":{"uid":"battles:972e15ba56bd","layer":"battles","layer_title":"Сражения и военные события","group":"military","title":"Бой у Саратовки и Антоновки","category":"Гражданская война в России 1917–1922","year_from":1918,"year_to":1918,"date_precision":"day","date_approx":false,"period_raw":"1918-10-29","work":"Гражданская война в России 1917–1922","url":"https://ru.wikipedia.org/wiki/Бой у Саратовки и Антоновки","source":"Русская Википедия / Викиданные","source_id":"Q124966615","license":"CC BY-SA 4.0","confidence":"place_level","extra":{"era":"Гражданская война","war_raw":"Гражданская война в России 1917–1922"}}},{"type":"Feature","id":"battles:ffc78416f731","geometry":{"type":"Point","coordinates":[37.8,48.0]},"properties":{"uid":"battles:ffc78416f731","layer":"battles","layer_title":"Сражения и военные события","group":"military","title":"Донбасско-Донская операция","category":"Гражданская война в России 1917–1922","year_from":1918,"year_to":1918,"date_precision":"day","date_approx":false,"period_raw":"1918-02-01","work":"Гражданская война в России 1917–1922","url":"https://ru.wikipedia.org/wiki/Донбасско-Донская операция","source":"Русская Википедия / Викиданные","source_id":"Q4166094","license":"CC BY-SA 4.0","confidence":"place_level","extra":{"era":"Гражданская война","war_raw":"Гражданская война в России 1917–1922"}}},{"type":"Feature","id":"battles:425a0085e848","geometry":{"type":"Point","coordinates":[38.983333,45.033333]},"properties":{"uid":"battles:425a0085e848","layer":"battles","layer_title":"Сражения и военные события","group":"military","title":"Первый штурм Екатеринодара","category":"Гражданская война в России 1917–1922","year_from":1918,"year_to":1918,"date_precision":"day","date_approx":false,"period_raw":"1918-04-01","work":"Гражданская война в России 1917–1922","url":"https://ru.wikipedia.org/wiki/Первый штурм Екатеринодара","source":"Русская Википедия / Викиданные","source_id":"Q4527023","license":"CC BY-SA 4.0","confidence":"place_level","extra":{"era":"Гражданская война","war_raw":"Гражданская война в России 1917–1922"}}},{"type":"Feature","id":"battles:737ed6cf8a4b","geometry":{"type":"Point","coordinates":[53.216667,56.85]},"properties":{"uid":"battles:737ed6cf8a4b","layer":"battles","layer_title":"Сражения и военные события","group":"military","title":"Ижевско-Воткинское восстание","category":"Гражданская война в России 1917–1922","year_from":1918,"year_to":1918,"date_precision":"day","date_approx":false,"period_raw":"1918-11-12","work":"Гражданская война в России 1917–1922","url":"https://ru.wikipedia.org/wiki/Ижевско-Воткинское восстание","source":"Русская Википедия / Викиданные","source_id":"Q2468350","license":"CC BY-SA 4.0","confidence":"place_level","extra":{"era":"Гражданская война","war_raw":"Гражданская война в России 1917–1922"}}},{"type":"Feature","id":"battles:3650e22295fb","geometry":{"type":"Point","coordinates":[49.114444,55.790833]},"properties":{"uid":"battles:3650e22295fb","layer":"battles","layer_title":"Сражения и военные события","group":"military","title":"Взятие Казани Народной армией КОМУЧа","category":"Гражданская война в России 1917–1922","year_from":1918,"year_to":1918,"date_precision":"day","date_approx":false,"period_raw":"1918-01-01","work":"Гражданская война в России 1917–1922","summary":"Взятие Казани Народной армией КОМУЧа — операция Народной армии КОМУЧа против войск РККА в августе 1918 года, приведшая к занятию Казани.","url":"https://ru.wikipedia.org/wiki/Взятие Казани Народной армией КОМУЧа","source":"Русская Википедия / Викиданные","source_id":"Q4527025","license":"CC BY-SA 4.0","confidence":"place_level","extra":{"era":"Гражданская война","war_raw":"Гражданская война в России 1917–1922"}}},{"type":"Feature","id":"battles:8dcea5be9c01","geometry":{"type":"Point","coordinates":[39.0,45.333333]},"properties":{"uid":"battles:8dcea5be9c01","layer":"battles","layer_title":"Сражения и военные события","group":"military","title":"Второй Кубанский поход","category":"Гражданская война в России 1917–1922","year_from":1918,"year_to":1918,"date_precision":"day","date_approx":false,"period_raw":"1918-11-01","work":"Гражданская война в России 1917–1922","summary":"Второй Кубанский поход (9/10 (22/23) июня — 7 (20) ноября 1918) — поход Добровольческой армии с целью ликвидации советской власти в Кубанской области, Черноморье и на Северном Кавказе.","url":"https://ru.wikipedia.org/wiki/Второй Кубанский поход","source":"Русская Википедия / Викиданные","source_id":"Q3477177","license":"CC BY-SA 4.0","confidence":"place_level","extra":{"era":"Гражданская война","war_raw":"Гражданская война в России 1917–1922"}}},{"type":"Feature","id":"battles:4b7be312b5fd","geometry":{"type":"Point","coordinates":[38.9667,45.0333]},"properties":{"uid":"battles:4b7be312b5fd","layer":"battles","layer_title":"Сражения и военные события","group":"military","title":"Первый Кубанский поход","category":"Гражданская война в России 1917–1922","year_from":1918,"year_to":1918,"date_precision":"day","date_approx":false,"period_raw":"1918-04-30","work":"Гражданская война в России 1917–1922","url":"https://ru.wikipedia.org/wiki/Первый Кубанский поход","source":"Русская Википедия / Викиданные","source_id":"Q2443013","license":"CC BY-SA 4.0","confidence":"place_level","extra":{"era":"Гражданская война","war_raw":"Гражданская война в России 1917–1922"}}},{"type":"Feature","id":"battles:23b48798d460","geometry":{"type":"Point","coordinates":[48.851111,38.753611]},"properties":{"uid":"battles:23b48798d460","layer":"battles","layer_title":"Сражения и военные события","group":"military","title":"Муганские события","category":"Гражданская война в России 1917–1922","year_from":1918,"year_to":1918,"date_precision":"year","date_approx":false,"period_raw":"1918.0","work":"Гражданская война в России 1917–1922","summary":"Муганские события — противостояние между белыми, большевистскими и азербайджанскими национальными силами в Мугани в 1918—1919 годах в годы Гражданской войны в России. После Октябрьской революции и последовавшего распада Кавказского фронта в Мугани, плодородной области на юге нынешней Азербайджанской Республики, установилось безвластие. Этническая напряжённость между местным населением и русскими,","url":"https://ru.wikipedia.org/wiki/Муганские события","source":"Русская Википедия / Викиданные","source_id":"Q56310658","license":"CC BY-SA 4.0","confidence":"place_level","extra":{"era":"Гражданская война","war_raw":"Гражданская война в России 1917–1922"}}},{"type":"Feature","id":"battles:bb723565d875","geometry":{"type":"Point","coordinates":[24.0,55.2]},"properties":{"uid":"battles:bb723565d875","layer":"battles","layer_title":"Сражения и военные события","group":"military","title":"Поход Красной армии в Прибалтику и Беларусь (1918—1919)","category":"Гражданская война в России 1917–1922","year_from":1918,"year_to":1918,"date_precision":"year","date_approx":false,"period_raw":"1918.0","work":"Гражданская война в России 1917–1922","summary":"Поход Красной армии в Прибалтику и Беларусь в 1918—1919 гг., или Западный поход Красной армии (в советской историографии — Освободительный поход) — наступление Красной Армии на западном стратегическом направлении с целью занятия территории Беларуси и Прибалтики и установления на их территории советской власти. Официальной целью похода провозглашалось недопущение перехода власти в руки мелкобуржуаз","url":"https://ru.wikipedia.org/wiki/Поход Красной армии в Прибалтику и Беларусь (1918—1919)","source":"Русская Википедия / Викиданные","source_id":"Q3089540","license":"CC BY-SA 4.0","confidence":"place_level","extra":{"era":"Гражданская война","war_raw":"Гражданская война в России 1917–1922"}}},{"type":"Feature","id":"battles:fff5a11caa1d","geometry":{"type":"Point","coordinates":[40.098611,47.435833]},"properties":{"uid":"battles:fff5a11caa1d","layer":"battles","layer_title":"Сражения и военные события","group":"military","title":"Степной поход","category":"Гражданская война в России 1917–1922","year_from":1918,"year_to":1918,"date_precision":"day","date_approx":false,"period_raw":"1918-02-25","work":"Гражданская война в России 1917–1922","url":"https://ru.wikipedia.org/wiki/Степной поход","source":"Русская Википедия / Викиданные","source_id":"Q2935392","license":"CC BY-SA 4.0","confidence":"place_level","extra":{"era":"Гражданская война","war_raw":"Гражданская война в России 1917–1922"}}},{"type":"Feature","id":"battles:b39b07defde3","geometry":{"type":"Point","coordinates":[43.831787,43.405047]},"properties":{"uid":"battles:b39b07defde3","layer":"battles","layer_title":"Сражения и военные события","group":"military","title":"Северо-Кавказская операция (1918—1919)","category":"Гражданская война в России 1917–1922","year_from":1918,"year_to":1918,"date_precision":"day","date_approx":false,"period_raw":"1918-12-01","work":"Гражданская война в России 1917–1922","url":"https://ru.wikipedia.org/wiki/Северо-Кавказская операция (1918—1919)","source":"Русская Википедия / Викиданные","source_id":"Q4412479","license":"CC BY-SA 4.0","confidence":"place_level","extra":{"era":"Гражданская война","war_raw":"Гражданская война в России 1917–1922"}}},{"type":"Feature","id":"battles:810670c5dc87","geometry":{"type":"Point","coordinates":[48.366667,54.316667]},"properties":{"uid":"battles:810670c5dc87","layer":"battles","layer_title":"Сражения и военные события","group":"military","title":"Симбирская операция","category":"Гражданская война в России 1917–1922","year_from":1918,"year_to":1918,"date_precision":"day","date_approx":false,"period_raw":"1918-01-01","work":"Гражданская война в России 1917–1922","url":"https://ru.wikipedia.org/wiki/Симбирская операция","source":"Русская Википедия / Викиданные","source_id":"Q4419533","license":"CC BY-SA 4.0","confidence":"place_level","extra":{"era":"Гражданская война","war_raw":"Гражданская война в России 1917–1922"}}},{"type":"Feature","id":"battles:ba3abcf34351","geometry":{"type":"Point","coordinates":[30.523611,50.45]},"properties":{"uid":"battles:ba3abcf34351","layer":"battles","layer_title":"Сражения и военные события","group":"military","title":"Январское восстание в Киеве","category":"Гражданская война на Украине","year_from":1918,"year_to":1918,"date_precision":"day","date_approx":false,"period_raw":"1918-01-29","work":"Гражданская война на Украине","url":"https://ru.wikipedia.org/wiki/Январское восстание в Киеве","source":"Русская Википедия / Викиданные","source_id":"Q1575996","license":"CC BY-SA 4.0","confidence":"place_level","extra":{"era":"Гражданская война","war_raw":"Гражданская война на Украине"}}},{"type":"Feature","id":"battles:0d488eaa0a36","geometry":{"type":"Point","coordinates":[30.54,50.4]},"properties":{"uid":"battles:0d488eaa0a36","layer":"battles","layer_title":"Сражения и военные события","group":"military","title":"Киевская операция (декабрь 1919)","category":"Гражданская война в России 1917–1922","year_from":1919,"year_to":1919,"date_precision":"day","date_approx":false,"period_raw":"1919-01-01","work":"Гражданская война в России 1917–1922","url":"https://ru.wikipedia.org/wiki/Киевская операция (декабрь 1919)","source":"Русская Википедия / Викиданные","source_id":"Q4220167","license":"CC BY-SA 4.0","confidence":"ok","extra":{"era":"Гражданская война","war_raw":"Гражданская война в России 1917–1922"}}},{"type":"Feature","id":"battles:41630c44c13b","geometry":{"type":"Point","coordinates":[30.743444,46.485722]},"properties":{"uid":"battles:41630c44c13b","layer":"battles","layer_title":"Сражения и военные события","group":"military","title":"Одесская операция (1919)","category":"Гражданская война в России 1917–1922","year_from":1919,"year_to":1919,"date_precision":"day","date_approx":false,"period_raw":"1919-01-01","work":"Гражданская война в России 1917–1922","url":"https://ru.wikipedia.org/wiki/Одесская операция (1919)","source":"Русская Википедия / Викиданные","source_id":"Q4331414","license":"CC BY-SA 4.0","confidence":"ok","extra":{"era":"Гражданская война","war_raw":"Гражданская война в России 1917–1922"}}},{"type":"Feature","id":"battles:10fa83099e5f","geometry":{"type":"Point","coordinates":[30.383407,48.533687]},"properties":{"uid":"battles:10fa83099e5f","layer":"battles","layer_title":"Сражения и военные события","group":"military","title":"Битва под Перегоновкой","category":"Гражданская война в России 1917–1922","year_from":1919,"year_to":1919,"date_precision":"day","date_approx":false,"period_raw":"1919-09-26","work":"Гражданская война в России 1917–1922","summary":"Битва под Перегоновкой — прорыв армии Махно из окружения деникинскими войсками, осуществлённый 27 сентября 1919 года в районе села Перегоновка.","url":"https://ru.wikipedia.org/wiki/Битва под Перегоновкой","source":"Русская Википедия / Викиданные","source_id":"Q4087392","license":"CC BY-SA 4.0","confidence":"ok","extra":{"era":"Гражданская война","war_raw":"Гражданская война в России 1917–1922"}}},{"type":"Feature","id":"battles:693d8bb3b73d","geometry":{"type":"Point","coordinates":[31.75,60.05]},"properties":{"uid":"battles:693d8bb3b73d","layer":"battles","layer_title":"Сражения и военные события","group":"military","title":"Оборона Петрограда","category":"Гражданская война в России 1917–1922","year_from":1919,"year_to":1919,"date_precision":"year","date_approx":false,"period_raw":"1919.0","work":"Гражданская война в России 1917–1922","summary":"Оборо́на Петрогра́да — боевые действия частей РККА (7-я и 15-я армии Западного фронта) совместно с Морскими силами Балтийского моря против Северо-Западной армии (Северный корпус) Белого движения и иностранных интервентов в мае — ноябре 1919 года во время Гражданской войны в России. В советской историографии форсирование наступления белых сил на Петроград в мае 1919 связывали с успехами Восточного","url":"https://ru.wikipedia.org/wiki/Оборона Петрограда","source":"Русская Википедия / Викиданные","source_id":"Q3385261","license":"CC BY-SA 4.0","confidence":"ok","extra":{"era":"Гражданская война","war_raw":"Гражданская война в России 1917–1922"}}},{"type":"Feature","id":"battles:f45e7b22a5e1","geometry":{"type":"Point","coordinates":[50.266667,44.516667]},"properties":{"uid":"battles:f45e7b22a5e1","layer":"battles","layer_title":"Сражения и военные события","group":"military","title":"Бой в Тюбкараганском заливе","category":"Гражданская война в России 1917–1922","year_from":1919,"year_to":1919,"date_precision":"day","date_approx":false,"period_raw":"1919-05-21","work":"Гражданская война в России 1917–1922","summary":"Бой в Тюбкараганском заливе или Бой у Форт-Александровского — бой между кораблями красной и англо-белогвардейской флотилий у северо-западного побережья полуострова Мангышлак, произошедший 21 мая 1919 года. Крупнейшее сражение на Каспийском море во время Гражданской войны в России.","url":"https://ru.wikipedia.org/wiki/Бой в Тюбкараганском заливе","source":"Русская Википедия / Викиданные","source_id":"Q4090284","license":"CC BY-SA 4.0","confidence":"ok","extra":{"era":"Гражданская война","war_raw":"Гражданская война в России 1917–1922"}}},{"type":"Feature","id":"battles:8dda73543f6a","geometry":{"type":"Point","coordinates":[36.231111,49.9925]},"properties":{"uid":"battles:8dda73543f6a","layer":"battles","layer_title":"Сражения и военные события","group":"military","title":"Харьковская операция (декабрь 1919)","category":"Гражданская война в России 1917–1922","year_from":1919,"year_to":1919,"date_precision":"day","date_approx":false,"period_raw":"1919-12-12","work":"Гражданская война в России 1917–1922","url":"https://ru.wikipedia.org/wiki/Харьковская операция (декабрь 1919)","source":"Русская Википедия / Викиданные","source_id":"Q4496258","license":"CC BY-SA 4.0","confidence":"ok","extra":{"era":"Гражданская война","war_raw":"Гражданская война в России 1917–1922"}}},{"type":"Feature","id":"battles:309aa11ca31a","geometry":{"type":"Point","coordinates":[42.916667,62.1]},"properties":{"uid":"battles:309aa11ca31a","layer":"battles","layer_title":"Сражения и военные события","group":"military","title":"Шенкурская операция","category":"Гражданская война в России 1917–1922","year_from":1919,"year_to":1919,"date_precision":"day","date_approx":false,"period_raw":"1919-01-01","work":"Гражданская война в России 1917–1922","url":"https://ru.wikipedia.org/wiki/Шенкурская операция","source":"Русская Википедия / Викиданные","source_id":"Q4522891","license":"CC BY-SA 4.0","confidence":"ok","extra":{"era":"Гражданская война","war_raw":"Гражданская война в России 1917–1922"}}},{"type":"Feature","id":"battles:24d08a3a2858","geometry":{"type":"Point","coordinates":[36.231111,49.9925]},"properties":{"uid":"battles:24d08a3a2858","layer":"battles","layer_title":"Сражения и военные события","group":"military","title":"Германская оккупация Харькова (1918)","category":"Иностранная интервенция в России","year_from":1919,"year_to":1919,"date_precision":"day","date_approx":false,"period_raw":"1919-01-01","work":"Иностранная интервенция в России","summary":"Германская оккупация Харькова 1918 года — комплекс событий в истории Харькова периода Гражданской войны, связанный присутствием в Харькове с весны по осень 1918 года германских войск.","url":"https://ru.wikipedia.org/wiki/Германская оккупация Харькова (1918)","source":"Русская Википедия / Викиданные","source_id":"Q14814240","license":"CC BY-SA 4.0","confidence":"place_level","extra":{"era":"Гражданская война","war_raw":"Иностранная интервенция в России"}}},{"type":"Feature","id":"battles:685c25386670","geometry":{"type":"Point","coordinates":[33.5225,44.605]},"properties":{"uid":"battles:685c25386670","layer":"battles","layer_title":"Сражения и военные события","group":"military","title":"Черноморские восстания на французском флоте","category":"Иностранная интервенция в России","year_from":1919,"year_to":1919,"date_precision":"day","date_approx":false,"period_raw":"1919-04-01","work":"Иностранная интервенция в России","url":"https://ru.wikipedia.org/wiki/Черноморские восстания на французском флоте","source":"Русская Википедия / Викиданные","source_id":"Q760017","license":"CC BY-SA 4.0","confidence":"place_level","extra":{"era":"Гражданская война","war_raw":"Иностранная интервенция в России"}}},{"type":"Feature","id":"battles:4a822e1a7e68","geometry":{"type":"Point","coordinates":[40.098611,47.435833]},"properties":{"uid":"battles:4a822e1a7e68","layer":"battles","layer_title":"Сражения и военные события","group":"military","title":"Августовское контрнаступление Южного фронта (1919)","category":"Гражданская война в России 1917–1922","year_from":1919,"year_to":1919,"date_precision":"day","date_approx":false,"period_raw":"1919-01-01","work":"Гражданская война в России 1917–1922","summary":"Августовское контрнаступление Южного фронта — наступление войск Южного фронта Красной армии против Вооруженных сил Юга России, проводившееся 14 августа — 12 сентября 1919 года. Наступление велось двумя группами; главный удар был нацелен в направлении Донской области. Войска Красной армии не смогли выполнить поставленную задачу, но их действия задержали последующее наступление армии Деникина.","url":"https://ru.wikipedia.org/wiki/Августовское контрнаступление Южного фронта (1919)","source":"Русская Википедия / Викиданные","source_id":"Q12152412","license":"CC BY-SA 4.0","confidence":"place_level","extra":{"era":"Гражданская война","war_raw":"Гражданская война в России 1917–1922"}}},{"type":"Feature","id":"battles:26fe38c1f14d","geometry":{"type":"Point","coordinates":[48.016667,46.333333]},"properties":{"uid":"battles:26fe38c1f14d","layer":"battles","layer_title":"Сражения и военные события","group":"military","title":"Астраханский поход (1919)","category":"Гражданская война в России 1917–1922","year_from":1919,"year_to":1919,"date_precision":"year","date_approx":false,"period_raw":"1919.0","work":"Гражданская война в России 1917–1922","summary":"Астраханский поход — военная операция на астраханском направлении, предпринятая в июне — июле 1919 года во время Июньского наступления Вооружённых сил Юга России.","url":"https://ru.wikipedia.org/wiki/Астраханский поход (1919)","source":"Русская Википедия / Викиданные","source_id":"Q124071931","license":"CC BY-SA 4.0","confidence":"place_level","extra":{"era":"Гражданская война","war_raw":"Гражданская война в России 1917–1922"}}},{"type":"Feature","id":"battles:7fc5d2212b55","geometry":{"type":"Point","coordinates":[56.214444,53.590556]},"properties":{"uid":"battles:7fc5d2212b55","layer":"battles","layer_title":"Сражения и военные события","group":"military","title":"Бой у деревни Ахмер","category":"Гражданская война в России 1917–1922","year_from":1919,"year_to":1919,"date_precision":"day","date_approx":false,"period_raw":"1919-01-15","work":"Гражданская война в России 1917–1922","url":"https://ru.wikipedia.org/wiki/Бой у деревни Ахмер","source":"Русская Википедия / Викиданные","source_id":"Q137585166","license":"CC BY-SA 4.0","confidence":"place_level","extra":{"era":"Гражданская война","war_raw":"Гражданская война в России 1917–1922"}}},{"type":"Feature","id":"battles:43328146af3a","geometry":{"type":"Point","coordinates":[108.004722,53.302778]},"properties":{"uid":"battles:43328146af3a","layer":"battles","layer_title":"Сражения и военные события","group":"military","title":"Великий Сибирский Ледяной поход","category":"Гражданская война в России 1917–1922","year_from":1919,"year_to":1919,"date_precision":"day","date_approx":false,"period_raw":"1919-11-14","work":"Гражданская война в России 1917–1922","url":"https://ru.wikipedia.org/wiki/Великий Сибирский Ледяной поход","source":"Русская Википедия / Викиданные","source_id":"Q1202203","license":"CC BY-SA 4.0","confidence":"place_level","extra":{"era":"Гражданская война","war_raw":"Гражданская война в России 1917–1922"}}},{"type":"Feature","id":"battles:939ac4b8b236","geometry":{"type":"Point","coordinates":[60.0,60.0]},"properties":{"uid":"battles:939ac4b8b236","layer":"battles","layer_title":"Сражения и военные события","group":"military","title":"Весеннее наступление Русской армии (1919)","category":"Гражданская война в России 1917–1922","year_from":1919,"year_to":1919,"date_precision":"day","date_approx":false,"period_raw":"1919-04-01","work":"Гражданская война в России 1917–1922","url":"https://ru.wikipedia.org/wiki/Весеннее наступление Русской армии (1919)","source":"Русская Википедия / Викиданные","source_id":"Q4314062","license":"CC BY-SA 4.0","confidence":"place_level","extra":{"era":"Гражданская война","war_raw":"Гражданская война в России 1917–1922"}}},{"type":"Feature","id":"battles:41c942c574ff","geometry":{"type":"Point","coordinates":[41.183333,47.866667]},"properties":{"uid":"battles:41c942c574ff","layer":"battles","layer_title":"Сражения и военные события","group":"military","title":"Вёшенское восстание","category":"Гражданская война в России 1917–1922","year_from":1919,"year_to":1919,"date_precision":"day","date_approx":false,"period_raw":"1919-06-08","work":"Гражданская война в России 1917–1922","url":"https://ru.wikipedia.org/wiki/Вёшенское восстание","source":"Русская Википедия / Викиданные","source_id":"Q4130572","license":"CC BY-SA 4.0","confidence":"place_level","extra":{"era":"Гражданская война","war_raw":"Гражданская война в России 1917–1922"}}},{"type":"Feature","id":"battles:6dfc2922b27c","geometry":{"type":"Point","coordinates":[39.2167,51.6667]},"properties":{"uid":"battles:6dfc2922b27c","layer":"battles","layer_title":"Сражения и военные события","group":"military","title":"Воронежско-Касторненская операция (1919)","category":"Гражданская война в России 1917–1922","year_from":1919,"year_to":1919,"date_precision":"day","date_approx":false,"period_raw":"1919-11-16","work":"Гражданская война в России 1917–1922","url":"https://ru.wikipedia.org/wiki/Воронежско-Касторненская операция (1919)","source":"Русская Википедия / Викиданные","source_id":"Q4125436","license":"CC BY-SA 4.0","confidence":"place_level","extra":{"era":"Гражданская война","war_raw":"Гражданская война в России 1917–1922"}}},{"type":"Feature","id":"battles:f3df134beba9","geometry":{"type":"Point","coordinates":[40.15,51.05]},"properties":{"uid":"battles:f3df134beba9","layer":"battles","layer_title":"Сражения и военные события","group":"military","title":"Воронежско-Поворинская операция","category":"Гражданская война в России 1917–1922","year_from":1919,"year_to":1919,"date_precision":"day","date_approx":false,"period_raw":"1919-01-01","work":"Гражданская война в России 1917–1922","url":"https://ru.wikipedia.org/wiki/Воронежско-Поворинская операция","source":"Русская Википедия / Викиданные","source_id":"Q4125437","license":"CC BY-SA 4.0","confidence":"place_level","extra":{"era":"Гражданская война","war_raw":"Гражданская война в России 1917–1922"}}},{"type":"Feature","id":"battles:14b5e919b4a5","geometry":{"type":"Point","coordinates":[45.622778,43.164167]},"properties":{"uid":"battles:14b5e919b4a5","layer":"battles","layer_title":"Сражения и военные события","group":"military","title":"Гойтинское сражение","category":"Гражданская война в России 1917–1922","year_from":1919,"year_to":1919,"date_precision":"day","date_approx":false,"period_raw":"1919-03-07","work":"Гражданская война в России 1917–1922","summary":"Гойтинское сражение, состоявшееся 7 марта 1919 года между частями Вооружённых сил Юга России и Чеченской Красной армии близ села Гойты (Чеченский округ), было частью Гражданской войны в России. Жителям села был поставлен ультиматум с требованием выдать укрывающихся в селе красноармейцев. На это жители села ответили решительным отказом. Это спровоцировало вооружённое нападение деникинцев на село, к","url":"https://ru.wikipedia.org/wiki/Гойтинское сражение","source":"Русская Википедия / Викиданные","source_id":"Q113410690","license":"CC BY-SA 4.0","confidence":"place_level","extra":{"era":"Гражданская война","war_raw":"Гражданская война в России 1917–1922"}}},{"type":"Feature","id":"battles:3e44ac13784f","geometry":{"type":"Point","coordinates":[34.983333,48.45]},"properties":{"uid":"battles:3e44ac13784f","layer":"battles","layer_title":"Сражения и военные события","group":"military","title":"Бои за Донбасс (январь — май 1919)","category":"Гражданская война в России 1917–1922","year_from":1919,"year_to":1919,"date_precision":"day","date_approx":false,"period_raw":"1919-05-01","work":"Гражданская война в России 1917–1922","summary":"Бои за Донбасс в январе — мае 1919 года — боевые действия между частями ВСЮР и советскими войсками Южного и Украинского фронтов в Донецком каменноугольном бассейне в январе — мае 1919 года.","url":"https://ru.wikipedia.org/wiki/Бои за Донбасс (январь — май 1919)","source":"Русская Википедия / Викиданные","source_id":"Q19908783","license":"CC BY-SA 4.0","confidence":"place_level","extra":{"era":"Гражданская война","war_raw":"Гражданская война в России 1917–1922"}}},{"type":"Feature","id":"battles:faebf51c002b","geometry":{"type":"Point","coordinates":[37.8,48.0]},"properties":{"uid":"battles:faebf51c002b","layer":"battles","layer_title":"Сражения и военные события","group":"military","title":"Донбасская операция (1919)","category":"Гражданская война в России 1917–1922","year_from":1919,"year_to":1919,"date_precision":"day","date_approx":false,"period_raw":"1919-12-31","work":"Гражданская война в России 1917–1922","url":"https://ru.wikipedia.org/wiki/Донбасская операция (1919)","source":"Русская Википедия / Викиданные","source_id":"Q4166084","license":"CC BY-SA 4.0","confidence":"place_level","extra":{"era":"Гражданская война","war_raw":"Гражданская война в России 1917–1922"}}},{"type":"Feature","id":"battles:593e37d8f236","geometry":{"type":"Point","coordinates":[34.983333,48.45]},"properties":{"uid":"battles:593e37d8f236","layer":"battles","layer_title":"Сражения и военные события","group":"military","title":"Июньское наступление ВСЮР","category":"Гражданская война в России 1917–1922","year_from":1919,"year_to":1919,"date_precision":"day","date_approx":false,"period_raw":"1919-06-01","work":"Гражданская война в России 1917–1922","url":"https://ru.wikipedia.org/wiki/Июньское наступление ВСЮР","source":"Русская Википедия / Викиданные","source_id":"Q19843979","license":"CC BY-SA 4.0","confidence":"place_level","extra":{"era":"Гражданская война","war_raw":"Гражданская война в России 1917–1922"}}},{"type":"Feature","id":"battles:dc04122d81c5","geometry":{"type":"Point","coordinates":[30.523611,50.45]},"properties":{"uid":"battles:dc04122d81c5","layer":"battles","layer_title":"Сражения и военные события","group":"military","title":"Взятие Киева Добровольческой армией","category":"Гражданская война в России 1917–1922","year_from":1919,"year_to":1919,"date_precision":"day","date_approx":false,"period_raw":"1919-08-18","work":"Гражданская война в России 1917–1922","summary":"Взя́тие Киева Добровольческой армией — овладение городом Киевом частями Вооружённых сил Юга России под командованием Н. Э. Бредова в период Гражданской войны в России. В ходе этой боевой операции из Киева были выбиты части Красной армии и вошедшие в Киев одновременно с частями ВСЮР объединённые части Галицкой армии и армии УНР. Поэтому в украинской историографии это событие именуется Киевская ката","url":"https://ru.wikipedia.org/wiki/Взятие Киева Добровольческой армией","source":"Русская Википедия / Викиданные","source_id":"Q4110450","license":"CC BY-SA 4.0","confidence":"place_level","extra":{"era":"Гражданская война","war_raw":"Гражданская война в России 1917–1922"}}},{"type":"Feature","id":"battles:fe9602b97375","geometry":{"type":"Point","coordinates":[60.0,60.0]},"properties":{"uid":"battles:fe9602b97375","layer":"battles","layer_title":"Сражения и военные события","group":"military","title":"Контрнаступление Восточного фронта","category":"Гражданская война в России 1917–1922","year_from":1919,"year_to":1919,"date_precision":"day","date_approx":false,"period_raw":"1919-07-01","work":"Гражданская война в России 1917–1922","url":"https://ru.wikipedia.org/wiki/Контрнаступление Восточного фронта","source":"Русская Википедия / Викиданные","source_id":"Q4231711","license":"CC BY-SA 4.0","confidence":"place_level","extra":{"era":"Гражданская война","war_raw":"Гражданская война в России 1917–1922"}}},{"type":"Feature","id":"battles:78b06b68a294","geometry":{"type":"Point","coordinates":[60.0,60.0]},"properties":{"uid":"battles:78b06b68a294","layer":"battles","layer_title":"Сражения и военные события","group":"military","title":"Лбищенский рейд","category":"Гражданская война в России 1917–1922","year_from":1919,"year_to":1919,"date_precision":"year","date_approx":false,"period_raw":"1919.0","work":"Гражданская война в России 1917–1922","summary":"Лбищенский рейд — успешная операция войск Уральской армии против штаба 25-й стрелковой дивизии Туркестанского фронта РККА. Осуществлена в сентябре 1919 года и завершилась полным уничтожением сил штаба дивизии в Лбищенске и гибелью начдива В. И. Чапаева.","url":"https://ru.wikipedia.org/wiki/Лбищенский рейд","source":"Русская Википедия / Викиданные","source_id":"Q4255538","license":"CC BY-SA 4.0","confidence":"place_level","extra":{"era":"Гражданская война","war_raw":"Гражданская война в России 1917–1922"}}},{"type":"Feature","id":"battles:e2760c571b9c","geometry":{"type":"Point","coordinates":[40.098611,47.435833]},"properties":{"uid":"battles:e2760c571b9c","layer":"battles","layer_title":"Сражения и военные события","group":"military","title":"Московский поход Деникина","category":"Гражданская война в России 1917–1922","year_from":1919,"year_to":1919,"date_precision":"day","date_approx":false,"period_raw":"1919-11-18","work":"Гражданская война в России 1917–1922","summary":"Московский поход Деникина или Моско́вский похо́д ВСЮР — одна из военных операций во время гражданской войны в России, проводившаяся Вооружёнными Силами Юга России против РККА в июле 1919 года. Целью операции было взятие Москвы, что по мнению главнокомандующего ВСЮР А. И. Деникина должно было сыграть решающую роль в исходе войны и приблизить силы белых к окончательной победе. События Московского по","url":"https://ru.wikipedia.org/wiki/Московский поход Деникина","source":"Русская Википедия / Викиданные","source_id":"Q4375107","license":"CC BY-SA 4.0","confidence":"place_level","extra":{"era":"Гражданская война","war_raw":"Гражданская война в России 1917–1922"}}},{"type":"Feature","id":"battles:71fde55344fa","geometry":{"type":"Point","coordinates":[29.0,57.5]},"properties":{"uid":"battles:71fde55344fa","layer":"battles","layer_title":"Сражения и военные события","group":"military","title":"Наступление Северо-Западной армии осенью 1919 года","category":"Гражданская война в России 1917–1922","year_from":1919,"year_to":1919,"date_precision":"day","date_approx":false,"period_raw":"1919-01-01","work":"Гражданская война в России 1917–1922","url":"https://ru.wikipedia.org/wiki/Наступление Северо-Западной армии осенью 1919 года","source":"Русская Википедия / Викиданные","source_id":"Q4314060","license":"CC BY-SA 4.0","confidence":"place_level","extra":{"era":"Гражданская война","war_raw":"Гражданская война в России 1917–1922"}}},{"type":"Feature","id":"battles:d29bad160871","geometry":{"type":"Point","coordinates":[32.0,49.0]},"properties":{"uid":"battles:d29bad160871","layer":"battles","layer_title":"Сражения и военные события","group":"military","title":"Наступление Украинского фронта","category":"Гражданская война в России 1917–1922","year_from":1919,"year_to":1919,"date_precision":"day","date_approx":false,"period_raw":"1919-06-16","work":"Гражданская война в России 1917–1922","url":"https://ru.wikipedia.org/wiki/Наступление Украинского фронта","source":"Русская Википедия / Викиданные","source_id":"Q4314061","license":"CC BY-SA 4.0","confidence":"place_level","extra":{"era":"Гражданская война","war_raw":"Гражданская война в России 1917–1922"}}},{"type":"Feature","id":"battles:56049dc8b58c","geometry":{"type":"Point","coordinates":[39.2167,51.6667]},"properties":{"uid":"battles:56049dc8b58c","layer":"battles","layer_title":"Сражения и военные события","group":"military","title":"Хопёро-Донская операция (1919)","category":"Гражданская война в России 1917–1922","year_from":1919,"year_to":1919,"date_precision":"day","date_approx":false,"period_raw":"1919-12-08","work":"Гражданская война в России 1917–1922","url":"https://ru.wikipedia.org/wiki/Хопёро-Донская операция (1919)","source":"Русская Википедия / Викиданные","source_id":"Q4499825","license":"CC BY-SA 4.0","confidence":"place_level","extra":{"era":"Гражданская война","war_raw":"Гражданская война в России 1917–1922"}}},{"type":"Feature","id":"battles:57d3be900a0f","geometry":{"type":"Point","coordinates":[32.45,47.4]},"properties":{"uid":"battles:57d3be900a0f","layer":"battles","layer_title":"Сражения и военные события","group":"military","title":"Баштанская республика","category":"Гражданская война на Украине","year_from":1919,"year_to":1919,"date_precision":"year","date_approx":false,"period_raw":"1919.0","work":"Гражданская война на Украине","summary":"Башта́нская респу́блика (укр. Баштанська республіка) — крестьянское территориальное формирование с центром в селе Полтавка Херсонской губернии (ныне город Баштанка Николаевской области Украины), существовавшее в сентябре-декабре 1919 года. Возникло в результате Баштанского восстания против вооружённых сил Деникина на территории Украины. Подконтрольная территория составляла до 1,5 тыс кв. км.","url":"https://ru.wikipedia.org/wiki/Баштанская республика","source":"Русская Википедия / Викиданные","source_id":"Q4080289","license":"CC BY-SA 4.0","confidence":"place_level","extra":{"era":"Гражданская война","war_raw":"Гражданская война на Украине"}}},{"type":"Feature","id":"battles:5a8502bc6898","geometry":{"type":"Point","coordinates":[30.73262,46.47747]},"properties":{"uid":"battles:5a8502bc6898","layer":"battles","layer_title":"Сражения и военные события","group":"military","title":"Войска Новороссийской области ВСЮР","category":"Гражданская война на Украине","year_from":1919,"year_to":1919,"date_precision":"year","date_approx":false,"period_raw":"1919.0","work":"Гражданская война на Украине","summary":"Войска́ Новоросси́йской о́бласти Вооруже́нных сил Ю́га Росси́и (ВСЮР), Войска́ Новоросси́йского кра́я, Войска́ Новоро́ссии — оперативное объединение войск Вооружённых сил Юга России в августе 1919 — марте 1920 гг. в Новороссийской области Юга России (область была образована 25 августа 1919 года командованием ВСЮР как территориальное-административное объединение Херсонской губернии и Северной Таври","url":"https://ru.wikipedia.org/wiki/Войска Новороссийской области ВСЮР","source":"Русская Википедия / Викиданные","source_id":"Q4122696","license":"CC BY-SA 4.0","confidence":"place_level","extra":{"era":"Гражданская война","war_raw":"Гражданская война на Украине"}}},{"type":"Feature","id":"battles:ad5bab43e72a","geometry":{"type":"Point","coordinates":[45.0,43.2]},"properties":{"uid":"battles:ad5bab43e72a","layer":"battles","layer_title":"Сражения и военные события","group":"military","title":"Долаковский бой","category":"Гражданская война на Северном Кавказе","year_from":1919,"year_to":1919,"date_precision":"day","date_approx":false,"period_raw":"1919-02-01","work":"Гражданская война на Северном Кавказе","summary":"Долаковский бой (Долаковское сражение) — сражение Гражданской войны на Северном Кавказе, произошедшее в феврале 1919 года у ингушского селения Долаково. В ходе сражения жители Ингушетии совместно с небольшими подразделениями Красной армии оказывали ожесточённое сопротивление регулярным частям Добровольческой армии генерала А. И. Деникина. Благодаря упорству защитников занятие Владикавказа белыми б","url":"https://ru.wikipedia.org/wiki/Долаковский бой","source":"Русская Википедия / Викиданные","source_id":"Q134376397","license":"CC BY-SA 4.0","confidence":"place_level","extra":{"era":"Гражданская война","war_raw":"Гражданская война на Северном Кавказе"}}},{"type":"Feature","id":"battles:65abe42f2503","geometry":{"type":"Point","coordinates":[112.247112,51.771643]},"properties":{"uid":"battles:65abe42f2503","layer":"battles","layer_title":"Сражения и военные события","group":"military","title":"Гонготское соглашение","category":"Иностранная интервенция в России","year_from":1920,"year_to":1920,"date_precision":"day","date_approx":false,"period_raw":"1920-07-17","work":"Иностранная интервенция в России","summary":"Гонготское соглашение (яп. 緩衝国建設覚書 кансё:коку кэнсэцу обоэгаки, Меморандум о создании буферного государства)) — соглашение, подписанное 17 июля 1920 года на станции Гонгота японским генералом Юи Мицуэ и представителями Дальневосточной республики Александром Краснощёковым и Генрихом Эйхе.","url":"https://ru.wikipedia.org/wiki/Гонготское соглашение","source":"Русская Википедия / Викиданные","source_id":"Q4143055","license":"CC BY-SA 4.0","confidence":"ok","extra":{"era":"Гражданская война","war_raw":"Иностранная интервенция в России"}}},{"type":"Feature","id":"battles:923d02482605","geometry":{"type":"Point","coordinates":[131.984139,43.799611]},"properties":{"uid":"battles:923d02482605","layer":"battles","layer_title":"Сражения и военные события","group":"military","title":"Ел629","category":"Иностранная интервенция в России","year_from":1920,"year_to":1920,"date_precision":"year","date_approx":false,"period_raw":"1920.0","work":"Иностранная интервенция в России","summary":"Ел629 — паровоз серии Е, локомотив-памятник, находящийся в городе Уссурийске Приморского края. Паровоз известен тем, что в его топке в мае 1920 года были сожжены революционеры, борцы за Советскую власть на Дальнем Востоке Сергей Лазо, Всеволод Сибирцев и Алексей Луцкий.","url":"https://ru.wikipedia.org/wiki/Ел629","source":"Русская Википедия / Викиданные","source_id":"Q16648067","license":"CC BY-SA 4.0","confidence":"ok","extra":{"era":"Гражданская война","war_raw":"Иностранная интервенция в России"}}},{"type":"Feature","id":"battles:c5da08cfbabb","geometry":{"type":"Point","coordinates":[20.8167,52.3]},"properties":{"uid":"battles:c5da08cfbabb","layer":"battles","layer_title":"Сражения и военные события","group":"military","title":"Варшавская битва (1920)","category":"Гражданская война в России 1917–1922","year_from":1920,"year_to":1920,"date_precision":"day","date_approx":false,"period_raw":"1920-01-01","work":"Гражданская война в России 1917–1922","url":"https://ru.wikipedia.org/wiki/Варшавская битва (1920)","source":"Русская Википедия / Викиданные","source_id":"Q821283","license":"CC BY-SA 4.0","confidence":"ok","extra":{"era":"Гражданская война","war_raw":"Гражданская война в России 1917–1922"}}},{"type":"Feature","id":"battles:1d6ea0830752","geometry":{"type":"Point","coordinates":[24.435556,49.888889]},"properties":{"uid":"battles:1d6ea0830752","layer":"battles","layer_title":"Сражения и военные события","group":"military","title":"Бой под Задворьем","category":"Гражданская война в России 1917–1922","year_from":1920,"year_to":1920,"date_precision":"day","date_approx":false,"period_raw":"1920-08-17","work":"Гражданская война в России 1917–1922","summary":"Бой под Задворьем (пол. Bitwa pod Zadwórzem) — один из боёв советско-польской войны, произошедший 17 августа 1920 года между отрядом из 330 львовских орлят под руководством капитана Болеслава Заячковского и частями Первой Конной армии Будённого. Бой разыгрался на дальних подступах ко Львову, в 33 км от города, около села Задворье, сегодня находящегося на территории Украины. Целью поляков было заде","url":"https://ru.wikipedia.org/wiki/Бой под Задворьем","source":"Русская Википедия / Викиданные","source_id":"Q4087376","license":"CC BY-SA 4.0","confidence":"ok","extra":{"era":"Гражданская война","war_raw":"Гражданская война в России 1917–1922"}}},{"type":"Feature","id":"battles:3db32be50d94","geometry":{"type":"Point","coordinates":[29.970833,46.663889]},"properties":{"uid":"battles:3db32be50d94","layer":"battles","layer_title":"Сражения и военные события","group":"military","title":"Бой под Канделем","category":"Гражданская война в России 1917–1922","year_from":1920,"year_to":1920,"date_precision":"year","date_approx":false,"period_raw":"1920.0","work":"Гражданская война в России 1917–1922","summary":"Бой под Ка́нделем (ещё называют Бой под Ка́нделем и Зе́льцем) — эпизод Гражданской войны в России. Бой частей Вооружённых сил Юга России, эвакуируемых из Одессы, с превосходящими силами Красной армии (стрелковая дивизия и кавалерийская бригада Г. И. Котовского), произошедший 2 (15) февраля 1920 года в районе немецких колоний Кандель и Зельц. Бой вошёл в историю Гражданской войны тем, что основной","url":"https://ru.wikipedia.org/wiki/Бой под Канделем","source":"Русская Википедия / Викиданные","source_id":"Q4090307","license":"CC BY-SA 4.0","confidence":"ok","extra":{"era":"Гражданская война","war_raw":"Гражданская война в России 1917–1922"}}},{"type":"Feature","id":"battles:e0ea33daa825","geometry":{"type":"Point","coordinates":[30.5167,50.45]},"properties":{"uid":"battles:e0ea33daa825","layer":"battles","layer_title":"Сражения и военные события","group":"military","title":"Киевская операция Войска польского (1920)","category":"Гражданская война в России 1917–1922","year_from":1920,"year_to":1920,"date_precision":"day","date_approx":false,"period_raw":"1920-01-01","work":"Гражданская война в России 1917–1922","url":"https://ru.wikipedia.org/wiki/Киевская операция Войска польского (1920)","source":"Русская Википедия / Викиданные","source_id":"Q2600516","license":"CC BY-SA 4.0","confidence":"ok","extra":{"era":"Гражданская война","war_raw":"Гражданская война в России 1917–1922"}}},{"type":"Feature","id":"battles:74c79505c34f","geometry":{"type":"Point","coordinates":[140.733333,53.133333]},"properties":{"uid":"battles:74c79505c34f","layer":"battles","layer_title":"Сражения и военные события","group":"military","title":"Николаевский инцидент","category":"Гражданская война в России 1917–1922","year_from":1920,"year_to":1920,"date_precision":"day","date_approx":false,"period_raw":"1920-03-01","work":"Гражданская война в России 1917–1922","url":"https://ru.wikipedia.org/wiki/Николаевский инцидент","source":"Русская Википедия / Викиданные","source_id":"Q700134","license":"CC BY-SA 4.0","confidence":"ok","extra":{"era":"Гражданская война","war_raw":"Гражданская война в России 1917–1922"}}},{"type":"Feature","id":"battles:d25d786b5b79","geometry":{"type":"Point","coordinates":[33.672222,46.149444]},"properties":{"uid":"battles:d25d786b5b79","layer":"battles","layer_title":"Сражения и военные события","group":"military","title":"Перекопско-Чонгарская операция","category":"Гражданская война в России 1917–1922","year_from":1920,"year_to":1920,"date_precision":"day","date_approx":false,"period_raw":"1920-01-01","work":"Гражданская война в России 1917–1922","url":"https://ru.wikipedia.org/wiki/Перекопско-Чонгарская операция","source":"Русская Википедия / Викиданные","source_id":"Q3381753","license":"CC BY-SA 4.0","confidence":"ok","extra":{"era":"Гражданская война","war_raw":"Гражданская война в России 1917–1922"}}},{"type":"Feature","id":"battles:0bca9b4a795e","geometry":{"type":"Point","coordinates":[49.466667,37.466667]},"properties":{"uid":"battles:0bca9b4a795e","layer":"battles","layer_title":"Сражения и военные события","group":"military","title":"Энзелийская операция (1920)","category":"Гражданская война в России 1917–1922","year_from":1920,"year_to":1920,"date_precision":"day","date_approx":false,"period_raw":"1920-05-18","work":"Гражданская война в России 1917–1922","url":"https://ru.wikipedia.org/wiki/Энзелийская операция (1920)","source":"Русская Википедия / Викиданные","source_id":"Q4531990","license":"CC BY-SA 4.0","confidence":"ok","extra":{"era":"Гражданская война","war_raw":"Гражданская война в России 1917–1922"}}},{"type":"Feature","id":"battles:d201eeea6a9a","geometry":{"type":"Point","coordinates":[49.891231,40.379569]},"properties":{"uid":"battles:d201eeea6a9a","layer":"battles","layer_title":"Сражения и военные события","group":"military","title":"Бакинская операция","category":"Гражданская война в России 1917–1922","year_from":1920,"year_to":1920,"date_precision":"day","date_approx":false,"period_raw":"1920-01-01","work":"Гражданская война в России 1917–1922","summary":"Бакинская операция (азерб. Bakı əməliyyatı) или Оккупация Азербайджана (азерб. Azərbaycanın işğalı); события апреля 1920 года также именуются как Апрельская революция (азерб. آ ﭘﺭﻳﻞ ﺍﻧﻘﻼﺑﯽ , Aprel inqilabı), Большевистское вторжение, Апрельский переворот (азерб. Aprel çevrilişi) — наступательная военная операция частей 11-й Красной армии и Волжско-Каспийской военной флотилии, проведённая в тесной","url":"https://ru.wikipedia.org/wiki/Бакинская операция","source":"Русская Википедия / Викиданные","source_id":"Q4075910","license":"CC BY-SA 4.0","confidence":"place_level","extra":{"era":"Гражданская война","war_raw":"Гражданская война в России 1917–1922"}}},{"type":"Feature","id":"battles:a571a5bdc45b","geometry":{"type":"Point","coordinates":[23.168672,53.132356]},"properties":{"uid":"battles:a571a5bdc45b","layer":"battles","layer_title":"Сражения и военные события","group":"military","title":"Бой под Белостоком","category":"Гражданская война в России 1917–1922","year_from":1920,"year_to":1920,"date_precision":"day","date_approx":false,"period_raw":"1920-08-22","work":"Гражданская война в России 1917–1922","summary":"Бой под Белосто́ком (пол. Bitwa pod Białymstokiem) или Белосто́кский бой (пол. Bitwa białostocka) — бои, произошедшие 22 августа 1920 года в ходе советско-польской войны в районе Белостока между частями 1-й пехотной дивизии легионов и остатками 3-й и 16-й армий РККА. После Варшавской битвы поляки преследовали отступающие советские войска до Белостока, и части 1-й пехотной дивизии легионов вступили","url":"https://ru.wikipedia.org/wiki/Бой под Белостоком","source":"Русская Википедия / Викиданные","source_id":"Q4870482","license":"CC BY-SA 4.0","confidence":"place_level","extra":{"era":"Гражданская война","war_raw":"Гражданская война в России 1917–1922"}}},{"type":"Feature","id":"battles:e8d060247b77","geometry":{"type":"Point","coordinates":[64.428611,39.774722]},"properties":{"uid":"battles:e8d060247b77","layer":"battles","layer_title":"Сражения и военные события","group":"military","title":"Бухарская операция (1920)","category":"Гражданская война в России 1917–1922","year_from":1920,"year_to":1920,"date_precision":"day","date_approx":false,"period_raw":"1920-09-02","work":"Гражданская война в России 1917–1922","url":"https://ru.wikipedia.org/wiki/Бухарская операция (1920)","source":"Русская Википедия / Викиданные","source_id":"Q4100487","license":"CC BY-SA 4.0","confidence":"place_level","extra":{"era":"Гражданская война","war_raw":"Гражданская война в России 1917–1922"}}},{"type":"Feature","id":"battles:97d97c496688","geometry":{"type":"Point","coordinates":[20.0,50.0]},"properties":{"uid":"battles:97d97c496688","layer":"battles","layer_title":"Сражения и военные события","group":"military","title":"Советско-польская война","category":"Гражданская война в России 1917–1922","year_from":1920,"year_to":1920,"date_precision":"day","date_approx":false,"period_raw":"1920-10-18","work":"Гражданская война в России 1917–1922","url":"https://ru.wikipedia.org/wiki/Советско-польская война","source":"Русская Википедия / Викиданные","source_id":"Q186284","license":"CC BY-SA 4.0","confidence":"place_level","extra":{"era":"Гражданская война","war_raw":"Гражданская война в России 1917–1922"}}},{"type":"Feature","id":"battles:d03eb330eb90","geometry":{"type":"Point","coordinates":[34.104167,44.948056]},"properties":{"uid":"battles:d03eb330eb90","layer":"battles","layer_title":"Сражения и военные события","group":"military","title":"Разгром конной группы Жлобы","category":"Гражданская война в России 1917–1922","year_from":1920,"year_to":1920,"date_precision":"year","date_approx":false,"period_raw":"1920.0","work":"Гражданская война в России 1917–1922","summary":"Разгром конной группы Жлобы — операция войск Русской армии генерала Врангеля против войск Южного фронта РККА, проводившаяся в Северной Таврии в конце июня — начале июля 1920 года и заключавшаяся в окружении силами пехоты наступления конной группы Жлобы в районе Мелитополя. Некоторыми военными специалистами операция признаётся классическим примером окружения и полного уничтожения большой группы кон","url":"https://ru.wikipedia.org/wiki/Разгром конной группы Жлобы","source":"Русская Википедия / Викиданные","source_id":"Q4388348","license":"CC BY-SA 4.0","confidence":"place_level","extra":{"era":"Гражданская война","war_raw":"Гражданская война в России 1917–1922"}}},{"type":"Feature","id":"battles:9fcf1807444a","geometry":{"type":"Point","coordinates":[40.098611,47.435833]},"properties":{"uid":"battles:9fcf1807444a","layer":"battles","layer_title":"Сражения и военные события","group":"military","title":"Ростово-Новочеркасская операция","category":"Гражданская война в России 1917–1922","year_from":1920,"year_to":1920,"date_precision":"day","date_approx":false,"period_raw":"1920-01-01","work":"Гражданская война в России 1917–1922","summary":"Ростово-Новочеркасская операция (6—10 января 1920) — наступательная операция Южного (ком. А. И. Егоров, члены РВС — И. В. Сталин и М. М. Лашевич) и Юго-Восточного (ком. В. И. Шорин, члены РВС — С. И. Гусев и И. Т. Смилга) фронтов РККА против сил ВСЮР (ком. А. И. Деникин) во время гражданской войны в России.","url":"https://ru.wikipedia.org/wiki/Ростово-Новочеркасская операция","source":"Русская Википедия / Викиданные","source_id":"Q4398450","license":"CC BY-SA 4.0","confidence":"place_level","extra":{"era":"Гражданская война","war_raw":"Гражданская война в России 1917–1922"}}},{"type":"Feature","id":"battles:c28bcbabcfb6","geometry":{"type":"Point","coordinates":[34.0,46.5]},"properties":{"uid":"battles:c28bcbabcfb6","layer":"battles","layer_title":"Сражения и военные события","group":"military","title":"Северно-Таврийская операция","category":"Гражданская война в России 1917–1922","year_from":1920,"year_to":1920,"date_precision":"day","date_approx":false,"period_raw":"1920-11-03","work":"Гражданская война в России 1917–1922","summary":"Се́верно-Таври́йская опера́ция (6 июня — 3 ноября 1920 года) — боевые действия между РККА и Русской армией Врангеля в Северной Таврии. Делится на 2 этапа: наступление белых войск (6 июня — 27 октября) и контрнаступление красных (28 октября — 3 ноября).","url":"https://ru.wikipedia.org/wiki/Северно-Таврийская операция","source":"Русская Википедия / Викиданные","source_id":"Q4412151","license":"CC BY-SA 4.0","confidence":"place_level","extra":{"era":"Гражданская война","war_raw":"Гражданская война в России 1917–1922"}}},{"type":"Feature","id":"battles:4a63a36ca9db","geometry":{"type":"Point","coordinates":[39.0,45.333333]},"properties":{"uid":"battles:4a63a36ca9db","layer":"battles","layer_title":"Сражения и военные события","group":"military","title":"Улагаевский десант","category":"Гражданская война в России 1917–1922","year_from":1920,"year_to":1920,"date_precision":"day","date_approx":false,"period_raw":"1920-09-07","work":"Гражданская война в России 1917–1922","url":"https://ru.wikipedia.org/wiki/Улагаевский десант","source":"Русская Википедия / Викиданные","source_id":"Q4470793","license":"CC BY-SA 4.0","confidence":"place_level","extra":{"era":"Гражданская война","war_raw":"Гражданская война в России 1917–1922"}}},{"type":"Feature","id":"battles:1f90dd671e45","geometry":{"type":"Point","coordinates":[131.885278,43.115]},"properties":{"uid":"battles:1f90dd671e45","layer":"battles","layer_title":"Сражения и военные события","group":"military","title":"Якутский поход","category":"Гражданская война в России 1917–1922","year_from":1920,"year_to":1920,"date_precision":"day","date_approx":false,"period_raw":"1920-01-01","work":"Гражданская война в России 1917–1922","url":"https://ru.wikipedia.org/wiki/Якутский поход","source":"Русская Википедия / Викиданные","source_id":"Q2341116","license":"CC BY-SA 4.0","confidence":"place_level","extra":{"era":"Гражданская война","war_raw":"Гражданская война в России 1917–1922"}}},{"type":"Feature","id":"battles:17ede56b0984","geometry":{"type":"Point","coordinates":[41.8,52.5]},"properties":{"uid":"battles:17ede56b0984","layer":"battles","layer_title":"Сражения и военные события","group":"military","title":"Тамбовское восстание","category":"Гражданская война в России 1917–1922","year_from":1921,"year_to":1921,"date_precision":"day","date_approx":false,"period_raw":"1921-06-01","work":"Гражданская война в России 1917–1922","url":"https://ru.wikipedia.org/wiki/Тамбовское восстание","source":"Русская Википедия / Викиданные","source_id":"Q811250","license":"CC BY-SA 4.0","confidence":"ok","extra":{"era":"Гражданская война","war_raw":"Гражданская война в России 1917–1922"}}},{"type":"Feature","id":"battles:9738a7347eab","geometry":{"type":"Point","coordinates":[49.891231,40.379569]},"properties":{"uid":"battles:9738a7347eab","layer":"battles","layer_title":"Сражения и военные события","group":"military","title":"Советизация Грузии","category":"Гражданская война в России 1917–1922","year_from":1921,"year_to":1921,"date_precision":"day","date_approx":false,"period_raw":"1921-03-17","work":"Гражданская война в России 1917–1922","url":"https://ru.wikipedia.org/wiki/Советизация Грузии","source":"Русская Википедия / Викиданные","source_id":"Q60963","license":"CC BY-SA 4.0","confidence":"place_level","extra":{"era":"Гражданская война","war_raw":"Гражданская война в России 1917–1922"}}},{"type":"Feature","id":"battles:4a32496c2a7f","geometry":{"type":"Point","coordinates":[134.48,48.563]},"properties":{"uid":"battles:4a32496c2a7f","layer":"battles","layer_title":"Сражения и военные события","group":"military","title":"Волочаевская операция","category":"Гражданская война в России 1917–1922","year_from":1922,"year_to":1922,"date_precision":"day","date_approx":false,"period_raw":"1922-02-14","work":"Гражданская война в России 1917–1922","url":"https://ru.wikipedia.org/wiki/Волочаевская операция","source":"Русская Википедия / Викиданные","source_id":"Q4124057","license":"CC BY-SA 4.0","confidence":"ok","extra":{"era":"Гражданская война","war_raw":"Гражданская война в России 1917–1922"}}},{"type":"Feature","id":"battles:1e9ec0951d41","geometry":{"type":"Point","coordinates":[105.0,60.0]},"properties":{"uid":"battles:1e9ec0951d41","layer":"battles","layer_title":"Сражения и военные события","group":"military","title":"Иностранная военная интервенция в Сибири и на Дальнем Востоке","category":"Иностранная интервенция в России","year_from":1922,"year_to":1922,"date_precision":"day","date_approx":false,"period_raw":"1922-10-01","work":"Иностранная интервенция в России","summary":"Иностранная военная интервенция в Сибири и на Дальнем Востоке — события гражданской войны в России в Сибири и на Дальнем Востоке, часть усилий зарубежных держав по поддержке Белого движения. Основная часть войск Британии, США и Японии находилась на территории Сибири и Дальнего Востока с 1918 до 1922 года. Последними освобождёнными от интервентов районами СССР стали остров Вра","url":"https://ru.wikipedia.org/wiki/Иностранная военная интервенция в Сибири и на Дальнем Востоке","source":"Русская Википедия / Викиданные","source_id":"Q658598","license":"CC BY-SA 4.0","confidence":"place_level","extra":{"era":"Гражданская война","war_raw":"Иностранная интервенция в России"}}},{"type":"Feature","id":"battles:534c3bbb6be1","geometry":{"type":"Point","coordinates":[68.786389,38.573056]},"properties":{"uid":"battles:534c3bbb6be1","layer":"battles","layer_title":"Сражения и военные события","group":"military","title":"Оборона Душанбе (1922)","category":"Гражданская война в России 1917–1922","year_from":1922,"year_to":1922,"date_precision":"day","date_approx":false,"period_raw":"1922-02-01","work":"Гражданская война в России 1917–1922","url":"https://ru.wikipedia.org/wiki/Оборона Душанбе (1922)","source":"Русская Википедия / Викиданные","source_id":"Q130377092","license":"CC BY-SA 4.0","confidence":"place_level","extra":{"era":"Гражданская война","war_raw":"Гражданская война в России 1917–1922"}}},{"type":"Feature","id":"battles:0b4a8ad2ebbe","geometry":{"type":"Point","coordinates":[19.941389,54.463889]},"properties":{"uid":"battles:0b4a8ad2ebbe","layer":"battles","layer_title":"Сражения и военные события","group":"military","title":"Браунсбергская наступательная операция","category":"Великая Отечественная война 1941–1945","date_precision":"unknown","date_approx":false,"work":"Великая Отечественная война 1941–1945","url":"https://ru.wikipedia.org/wiki/Браунсбергская наступательная операция","source":"Русская Википедия / Викиданные","source_id":"Q508062","license":"CC BY-SA 4.0","confidence":"ok","extra":{"era":"СССР","war_raw":"Великая Отечественная война"}}},{"type":"Feature","id":"battles:b7f464e0c47e","geometry":{"type":"Point","coordinates":[17.033333,51.116667]},"properties":{"uid":"battles:b7f464e0c47e","layer":"battles","layer_title":"Сражения и военные события","group":"military","title":"Осада Бреслау","category":"Великая Отечественная война 1941–1945","date_precision":"unknown","date_approx":false,"work":"Великая Отечественная война 1941–1945","url":"https://ru.wikipedia.org/wiki/Осада Бреслау","source":"Русская Википедия / Викиданные","source_id":"Q664581","license":"CC BY-SA 4.0","confidence":"outside_bbox","extra":{"era":"СССР","war_raw":"Великая Отечественная война"}}},{"type":"Feature","id":"battles:e437ad6ff66e","geometry":{"type":"Point","coordinates":[27.000556,47.231111]},"properties":{"uid":"battles:e437ad6ff66e","layer":"battles","layer_title":"Сражения и военные события","group":"military","title":"Первая битва за Тыргу-Фрумос","category":"Великая Отечественная война 1941–1945","date_precision":"unknown","date_approx":false,"work":"Великая Отечественная война 1941–1945","url":"https://ru.wikipedia.org/wiki/Первая битва за Тыргу-Фрумос","source":"Русская Википедия / Викиданные","source_id":"Q4382262","license":"CC BY-SA 4.0","confidence":"ok","extra":{"era":"СССР","war_raw":"Великая Отечественная война"}}},{"type":"Feature","id":"battles:1cd0985b5b4b","geometry":{"type":"Point","coordinates":[159.895,-9.186111]},"properties":{"uid":"battles:1cd0985b5b4b","layer":"battles","layer_title":"Сражения и военные события","group":"military","title":"Морское сражение за Гуадалканал","category":"Вторая мировая война 1939–1945","date_precision":"unknown","date_approx":false,"work":"Вторая мировая война 1939–1945","url":"https://ru.wikipedia.org/wiki/Морское сражение за Гуадалканал","source":"Русская Википедия / Викиданные","source_id":"Q696438","license":"CC BY-SA 4.0","confidence":"outside_bbox","extra":{"era":"СССР","war_raw":"Вторая мировая война"}}},{"type":"Feature","id":"battles:fdcbb440b571","geometry":{"type":"Point","coordinates":[21.25,59.45]},"properties":{"uid":"battles:fdcbb440b571","layer":"battles","layer_title":"Сражения и военные события","group":"military","title":"Гибель броненосца «Ильмаринен»","category":"Вторая мировая война 1939–1945","date_precision":"unknown","date_approx":false,"work":"Вторая мировая война 1939–1945","url":"https://ru.wikipedia.org/wiki/Гибель броненосца «Ильмаринен»","source":"Русская Википедия / Викиданные","source_id":"Q16636667","license":"CC BY-SA 4.0","confidence":"ok","extra":{"era":"СССР","war_raw":"Вторая мировая война"}}},{"type":"Feature","id":"battles:c32c6baffab4","geometry":{"type":"Point","coordinates":[80.0,-20.0]},"properties":{"uid":"battles:c32c6baffab4","layer":"battles","layer_title":"Сражения и военные события","group":"military","title":"Рейд в Индийский океан","category":"Вторая мировая война 1939–1945","date_precision":"unknown","date_approx":false,"work":"Вторая мировая война 1939–1945","url":"https://ru.wikipedia.org/wiki/Рейд в Индийский океан","source":"Русская Википедия / Викиданные","source_id":"Q757871","license":"CC BY-SA 4.0","confidence":"outside_bbox","extra":{"era":"СССР","war_raw":"Вторая мировая война"}}},{"type":"Feature","id":"battles:fbe6ca4f155d","geometry":{"type":"Point","coordinates":[162.333333,-16.266667]},"properties":{"uid":"battles:fbe6ca4f155d","layer":"battles","layer_title":"Сражения и военные события","group":"military","title":"Сражение в Коралловом море","category":"Вторая мировая война 1939–1945","date_precision":"unknown","date_approx":false,"work":"Вторая мировая война 1939–1945","url":"https://ru.wikipedia.org/wiki/Сражение в Коралловом море","source":"Русская Википедия / Викиданные","source_id":"Q207165","license":"CC BY-SA 4.0","confidence":"outside_bbox","extra":{"era":"СССР","war_raw":"Вторая мировая война"}}},{"type":"Feature","id":"battles:043a9a6de936","geometry":{"type":"Point","coordinates":[24.061111,35.5]},"properties":{"uid":"battles:043a9a6de936","layer":"battles","layer_title":"Сражения и военные события","group":"military","title":"Критская операция","category":"Вторая мировая война 1939–1945","date_precision":"unknown","date_approx":false,"work":"Вторая мировая война 1939–1945","url":"https://ru.wikipedia.org/wiki/Критская операция","source":"Русская Википедия / Викиданные","source_id":"Q153316","license":"CC BY-SA 4.0","confidence":"ok","extra":{"era":"СССР","war_raw":"Вторая мировая война"}}},{"type":"Feature","id":"battles:f7608bca599e","geometry":{"type":"Point","coordinates":[-17.420724,14.67862]},"properties":{"uid":"battles:f7608bca599e","layer":"battles","layer_title":"Сражения и военные события","group":"military","title":"Сенегальская операция","category":"Вторая мировая война 1939–1945","date_precision":"unknown","date_approx":false,"work":"Вторая мировая война 1939–1945","url":"https://ru.wikipedia.org/wiki/Сенегальская операция","source":"Русская Википедия / Викиданные","source_id":"Q696829","license":"CC BY-SA 4.0","confidence":"outside_bbox","extra":{"era":"СССР","war_raw":"Вторая мировая война"}}},{"type":"Feature","id":"battles:389c7f0e667a","geometry":{"type":"Point","coordinates":[159.75,-9.0]},"properties":{"uid":"battles:389c7f0e667a","layer":"battles","layer_title":"Сражения и военные события","group":"military","title":"Токийский экспресс","category":"Вторая мировая война 1939–1945","date_precision":"unknown","date_approx":false,"work":"Вторая мировая война 1939–1945","url":"https://ru.wikipedia.org/wiki/Токийский экспресс","source":"Русская Википедия / Викиданные","source_id":"Q376667","license":"CC BY-SA 4.0","confidence":"outside_bbox","extra":{"era":"СССР","war_raw":"Вторая мировая война"}}},{"type":"Feature","id":"battles:f247b5fa0ff2","geometry":{"type":"Point","coordinates":[15.677222,78.246667]},"properties":{"uid":"battles:f247b5fa0ff2","layer":"battles","layer_title":"Сражения и военные события","group":"military","title":"Британский рейд на Шпицберген","category":"Вторая мировая война 1939–1945","date_precision":"unknown","date_approx":false,"work":"Вторая мировая война 1939–1945","summary":"Британский рейд на Шпицберген или «Operation Fritham» — британско-норвежская операция по пресечению деятельности немецкой метеостанции на архипелаге Шпицберген.","url":"https://ru.wikipedia.org/wiki/Британский рейд на Шпицберген","source":"Русская Википедия / Викиданные","source_id":"Q2083883","license":"CC BY-SA 4.0","confidence":"outside_bbox","extra":{"era":"СССР","war_raw":"Вторая мировая война"}}},{"type":"Feature","id":"battles:60943639f778","geometry":{"type":"Point","coordinates":[36.316667,49.966667]},"properties":{"uid":"battles:60943639f778","layer":"battles","layer_title":"Сражения и военные события","group":"military","title":"Третья битва за Харьков","category":"Великая Отечественная война 1941–1945","date_precision":"unknown","date_approx":false,"work":"Великая Отечественная война 1941–1945","url":"https://ru.wikipedia.org/wiki/Третья битва за Харьков","source":"Русская Википедия / Викиданные","source_id":"Q157873","license":"CC BY-SA 4.0","confidence":"ok","extra":{"era":"СССР","war_raw":"Великая Отечественная война 1941–1945"}}},{"type":"Feature","id":"battles:880011467ae9","geometry":{"type":"Point","coordinates":[24.0,55.2]},"properties":{"uid":"battles:880011467ae9","layer":"battles","layer_title":"Сражения и военные события","group":"military","title":"Операция «Барбаросса»","category":"Великая Отечественная война 1941–1945","date_precision":"unknown","date_approx":false,"work":"Великая Отечественная война 1941–1945","url":"https://ru.wikipedia.org/wiki/Операция «Барбаросса»","source":"Русская Википедия / Викиданные","source_id":"Q83055","license":"CC BY-SA 4.0","confidence":"place_level","extra":{"era":"СССР","war_raw":"Великая Отечественная война"}}},{"type":"Feature","id":"battles:8ac313c47721","geometry":{"type":"Point","coordinates":[30.516667,56.35]},"properties":{"uid":"battles:8ac313c47721","layer":"battles","layer_title":"Сражения и военные события","group":"military","title":"Великолукская наступательная операция","category":"Великая Отечественная война 1941–1945","date_precision":"unknown","date_approx":false,"work":"Великая Отечественная война 1941–1945","url":"https://ru.wikipedia.org/wiki/Великолукская наступательная операция","source":"Русская Википедия / Викиданные","source_id":"Q701195","license":"CC BY-SA 4.0","confidence":"place_level","extra":{"era":"СССР","war_raw":"Великая Отечественная война"}}},{"type":"Feature","id":"battles:c98e6700795d","geometry":{"type":"Point","coordinates":[44.514722,48.708611]},"properties":{"uid":"battles:c98e6700795d","layer":"battles","layer_title":"Сражения и военные события","group":"military","title":"Операция «Винтергевиттер»","category":"Великая Отечественная война 1941–1945","date_precision":"unknown","date_approx":false,"work":"Великая Отечественная война 1941–1945","url":"https://ru.wikipedia.org/wiki/Операция «Винтергевиттер»","source":"Русская Википедия / Викиданные","source_id":"Q698170","license":"CC BY-SA 4.0","confidence":"place_level","extra":{"era":"СССР","war_raw":"Великая Отечественная война"}}},{"type":"Feature","id":"battles:9c1764193882","geometry":{"type":"Point","coordinates":[30.166667,55.183333]},"properties":{"uid":"battles:9c1764193882","layer":"battles","layer_title":"Сражения и военные события","group":"military","title":"Витебское сражение","category":"Великая Отечественная война 1941–1945","date_precision":"unknown","date_approx":false,"work":"Великая Отечественная война 1941–1945","url":"https://ru.wikipedia.org/wiki/Витебское сражение","source":"Русская Википедия / Викиданные","source_id":"Q4112363","license":"CC BY-SA 4.0","confidence":"place_level","extra":{"era":"СССР","war_raw":"Великая Отечественная война"}}},{"type":"Feature","id":"battles:aa56a29f5434","geometry":{"type":"Point","coordinates":[38.0,48.0]},"properties":{"uid":"battles:aa56a29f5434","layer":"battles","layer_title":"Сражения и военные события","group":"military","title":"Ворошиловградская операция (1943)","category":"Великая Отечественная война 1941–1945","year_from":1943,"year_to":1943,"date_precision":"year","date_approx":false,"work":"Великая Отечественная война 1941–1945","url":"https://ru.wikipedia.org/wiki/Ворошиловградская операция (1943)","source":"Русская Википедия / Викиданные","source_id":"Q7097066","license":"CC BY-SA 4.0","confidence":"place_level","extra":{"era":"СССР","war_raw":"Великая Отечественная война"}}},{"type":"Feature","id":"battles:6c6d27eeb1b2","geometry":{"type":"Point","coordinates":[20.51,54.71]},"properties":{"uid":"battles:6c6d27eeb1b2","layer":"battles","layer_title":"Сражения и военные события","group":"military","title":"Восточно-Прусская операция (1945)","category":"Великая Отечественная война 1941–1945","year_from":1945,"year_to":1945,"date_precision":"year","date_approx":false,"work":"Великая Отечественная война 1941–1945","url":"https://ru.wikipedia.org/wiki/Восточно-Прусская операция (1945)","source":"Русская Википедия / Викиданные","source_id":"Q636087","license":"CC BY-SA 4.0","confidence":"place_level","extra":{"era":"СССР","war_raw":"Великая Отечественная война"}}},{"type":"Feature","id":"battles:a89ed2e73a95","geometry":{"type":"Point","coordinates":[29.9,60.5]},"properties":{"uid":"battles:a89ed2e73a95","layer":"battles","layer_title":"Сражения и военные события","group":"military","title":"Выборгская операция","category":"Великая Отечественная война 1941–1945","date_precision":"unknown","date_approx":false,"work":"Великая Отечественная война 1941–1945","url":"https://ru.wikipedia.org/wiki/Выборгская операция","source":"Русская Википедия / Викиданные","source_id":"Q4128541","license":"CC BY-SA 4.0","confidence":"place_level","extra":{"era":"СССР","war_raw":"Великая Отечественная война"}}},{"type":"Feature","id":"battles:94ae1cb5f5bc","geometry":{"type":"Point","coordinates":[31.75,60.05]},"properties":{"uid":"battles:94ae1cb5f5bc","layer":"battles","layer_title":"Сражения и военные события","group":"military","title":"Январский гром","category":"Великая Отечественная война 1941–1945","date_precision":"unknown","date_approx":false,"work":"Великая Отечественная война 1941–1945","url":"https://ru.wikipedia.org/wiki/Январский гром","source":"Русская Википедия / Викиданные","source_id":"Q2033454","license":"CC BY-SA 4.0","confidence":"place_level","extra":{"era":"СССР","war_raw":"Великая Отечественная война"}}},{"type":"Feature","id":"battles:9eb934e45968","geometry":{"type":"Point","coordinates":[-0.633056,35.696944]},"properties":{"uid":"battles:9eb934e45968","layer":"battles","layer_title":"Сражения и военные события","group":"military","title":"Операция «Катапульта»","category":"Вторая мировая война 1939–1945","date_precision":"unknown","date_approx":false,"work":"Вторая мировая война 1939–1945","url":"https://ru.wikipedia.org/wiki/Операция «Катапульта»","source":"Русская Википедия / Викиданные","source_id":"Q3354678","license":"CC BY-SA 4.0","confidence":"outside_bbox","extra":{"era":"СССР","war_raw":"Вторая мировая война"}}},{"type":"Feature","id":"battles:4799e2b5e0c0","geometry":{"type":"Point","coordinates":[-30.0,0.0]},"properties":{"uid":"battles:4799e2b5e0c0","layer":"battles","layer_title":"Сражения и военные события","group":"military","title":"Конвой ONS 5","category":"Вторая мировая война 1939–1945","date_precision":"unknown","date_approx":false,"work":"Вторая мировая война 1939–1945","url":"https://ru.wikipedia.org/wiki/Конвой ONS 5","source":"Русская Википедия / Викиданные","source_id":"Q2996451","license":"CC BY-SA 4.0","confidence":"outside_bbox","extra":{"era":"СССР","war_raw":"Вторая мировая война"}}},{"type":"Feature","id":"battles:54b2fb6b50e2","geometry":{"type":"Point","coordinates":[-30.0,0.0]},"properties":{"uid":"battles:54b2fb6b50e2","layer":"battles","layer_title":"Сражения и военные события","group":"military","title":"Операция «Тирдроп»","category":"Вторая мировая война 1939–1945","date_precision":"unknown","date_approx":false,"work":"Вторая мировая война 1939–1945","url":"https://ru.wikipedia.org/wiki/Операция «Тирдроп»","source":"Русская Википедия / Викиданные","source_id":"Q1573520","license":"CC BY-SA 4.0","confidence":"outside_bbox","extra":{"era":"СССР","war_raw":"Вторая мировая война"}}},{"type":"Feature","id":"battles:30c00eb6f702","geometry":{"type":"Point","coordinates":[23.083,59.833]},"properties":{"uid":"battles:30c00eb6f702","layer":"battles","layer_title":"Сражения и военные события","group":"military","title":"Эвакуация Ханко","category":"Вторая мировая война 1939–1945","date_precision":"unknown","date_approx":false,"work":"Вторая мировая война 1939–1945","url":"https://ru.wikipedia.org/wiki/Эвакуация Ханко","source":"Русская Википедия / Викиданные","source_id":"Q24935992","license":"CC BY-SA 4.0","confidence":"place_level","extra":{"era":"СССР","war_raw":"Вторая мировая война"}}},{"type":"Feature","id":"battles:067a86fe55a6","geometry":{"type":"Point","coordinates":[37.467222,55.676389]},"properties":{"uid":"battles:067a86fe55a6","layer":"battles","layer_title":"Сражения и военные события","group":"military","title":"Музей обороны Москвы","category":"Великая Отечественная война 1941–1945","date_precision":"unknown","date_approx":false,"work":"Великая Отечественная война 1941–1945","url":"https://ru.wikipedia.org/wiki/Музей обороны Москвы","source":"Русская Википедия / Викиданные","source_id":"Q19910179","license":"CC BY-SA 4.0","confidence":"ok","extra":{"era":"СССР","war_raw":"Великая Отечественная война 1941–1945"}}},{"type":"Feature","id":"battles:363b6277ade2","geometry":{"type":"Point","coordinates":[37.501,56.2977]},"properties":{"uid":"battles:363b6277ade2","layer":"battles","layer_title":"Сражения и военные события","group":"military","title":"Перемиловская высота","category":"Великая Отечественная война 1941–1945","date_precision":"unknown","date_approx":false,"work":"Великая Отечественная война 1941–1945","url":"https://ru.wikipedia.org/wiki/Перемиловская высота","source":"Русская Википедия / Викиданные","source_id":"Q4350578","license":"CC BY-SA 4.0","confidence":"ok","extra":{"era":"СССР","war_raw":"Великая Отечественная война 1941–1945"}}},{"type":"Feature","id":"battles:07a978ac3923","geometry":{"type":"Point","coordinates":[44.5325,48.715]},"properties":{"uid":"battles:07a978ac3923","layer":"battles","layer_title":"Сражения и военные события","group":"military","title":"Сталинградская битва","category":"Великая Отечественная война 1941–1945","date_precision":"unknown","date_approx":false,"work":"Великая Отечественная война 1941–1945","url":"https://ru.wikipedia.org/wiki/Сталинградская битва","source":"Русская Википедия / Викиданные","source_id":"Q38789","license":"CC BY-SA 4.0","confidence":"ok","extra":{"era":"СССР","war_raw":"Великая Отечественная война 1941–1945"}}},{"type":"Feature","id":"battles:20ed741779a2","geometry":{"type":"Point","coordinates":[44.408222,48.687917]},"properties":{"uid":"battles:20ed741779a2","layer":"battles","layer_title":"Сражения и военные события","group":"military","title":"Верхняя Ельшанка","category":"Великая Отечественная война 1941–1945","date_precision":"unknown","date_approx":false,"work":"Великая Отечественная война 1941–1945","summary":"Верхняя Ельшанка — микрорайон (внутригородской посёлок) Советского района города Волгограда Волгоградской области России.","url":"https://ru.wikipedia.org/wiki/Верхняя Ельшанка","source":"Русская Википедия / Викиданные","source_id":"Q24930985","license":"CC BY-SA 4.0","confidence":"ok","extra":{"era":"СССР","war_raw":"Великая Отечественная война 1941–1945"}}},{"type":"Feature","id":"battles:22337633372d","geometry":{"type":"Point","coordinates":[44.0075,56.326944]},"properties":{"uid":"battles:22337633372d","layer":"battles","layer_title":"Сражения и военные события","group":"military","title":"Волгарь-доброволец","category":"Великая Отечественная война 1941–1945","date_precision":"unknown","date_approx":false,"work":"Великая Отечественная война 1941–1945","summary":"«Волгарь-доброволец» — волжский теплоход, который отличился в Гражданскую и Великую Отечественную войну, плавучий музей.","url":"https://ru.wikipedia.org/wiki/Волгарь-доброволец","source":"Русская Википедия / Викиданные","source_id":"Q4122903","license":"CC BY-SA 4.0","confidence":"place_level","extra":{"era":"СССР","war_raw":"Великая Отечественная война 1941–1945"}}},{"type":"Feature","id":"battles:1c3f7e4372f8","geometry":{"type":"Point","coordinates":[44.531389,48.716087]},"properties":{"uid":"battles:1c3f7e4372f8","layer":"battles","layer_title":"Сражения и военные события","group":"military","title":"Дом Павлова","category":"Великая Отечественная война 1941–1945","date_precision":"unknown","date_approx":false,"work":"Великая Отечественная война 1941–1945","summary":"Дом Па́влова (Дом Солдатской Славы, Дом Афанасьева — Павлова) — 4-этажный жилой дом, расположенный на площади Ленина в Волгограде, в котором во время Сталинградской битвы в течение 58 дней героически держала оборону группа советских бойцов. Часть историков считают, что обороной руководил старший сержант Яков Павлов, принявший командование отделением от раненого в начале боёв старшего лейтенанта Ив","url":"https://ru.wikipedia.org/wiki/Дом Павлова","source":"Русская Википедия / Викиданные","source_id":"Q203479","license":"CC BY-SA 4.0","confidence":"ok","extra":{"era":"СССР","war_raw":"Великая Отечественная война 1941–1945"}}},{"type":"Feature","id":"battles:6b27a3243006","geometry":{"type":"Point","coordinates":[44.116667,49.733333]},"properties":{"uid":"battles:6b27a3243006","layer":"battles","layer_title":"Сражения и военные события","group":"military","title":"Дулаг 205","category":"Великая Отечественная война 1941–1945","date_precision":"unknown","date_approx":false,"work":"Великая Отечественная война 1941–1945","summary":"Дулаг 205 — пересыльный лагерь военнопленных для бойцов Красной Армии.","url":"https://ru.wikipedia.org/wiki/Дулаг 205","source":"Русская Википедия / Викиданные","source_id":"Q55610084","license":"CC BY-SA 4.0","confidence":"place_level","extra":{"era":"СССР","war_raw":"Великая Отечественная война 1941–1945"}}},{"type":"Feature","id":"battles:da310d273bcf","geometry":{"type":"Point","coordinates":[44.510556,48.708333]},"properties":{"uid":"battles:da310d273bcf","layer":"battles","layer_title":"Сражения и военные события","group":"military","title":"Комсомольский сад","category":"Великая Отечественная война 1941–1945","date_precision":"unknown","date_approx":false,"work":"Великая Отечественная война 1941–1945","url":"https://ru.wikipedia.org/wiki/Комсомольский сад","source":"Русская Википедия / Викиданные","source_id":"Q4230248","license":"CC BY-SA 4.0","confidence":"ok","extra":{"era":"СССР","war_raw":"Великая Отечественная война 1941–1945"}}},{"type":"Feature","id":"battles:8476992f96cf","geometry":{"type":"Point","coordinates":[44.655765,48.855348]},"properties":{"uid":"battles:8476992f96cf","layer":"battles","layer_title":"Сражения и военные события","group":"military","title":"Латошинский десант","category":"Великая Отечественная война 1941–1945","date_precision":"unknown","date_approx":false,"work":"Великая Отечественная война 1941–1945","url":"https://ru.wikipedia.org/wiki/Латошинский десант","source":"Русская Википедия / Викиданные","source_id":"Q60850997","license":"CC BY-SA 4.0","confidence":"ok","extra":{"era":"СССР","war_raw":"Великая Отечественная война 1941–1945"}}},{"type":"Feature","id":"battles:f669d8293461","geometry":{"type":"Point","coordinates":[44.53278,48.715]},"properties":{"uid":"battles:f669d8293461","layer":"battles","layer_title":"Сражения и военные события","group":"military","title":"Меч Сталинграда","category":"Великая Отечественная война 1941–1945","date_precision":"unknown","date_approx":false,"work":"Великая Отечественная война 1941–1945","url":"https://ru.wikipedia.org/wiki/Меч Сталинграда","source":"Русская Википедия / Викиданные","source_id":"Q2668464","license":"CC BY-SA 4.0","confidence":"place_level","extra":{"era":"СССР","war_raw":"Великая Отечественная война 1941–1945"}}},{"type":"Feature","id":"battles:6042091951d0","geometry":{"type":"Point","coordinates":[44.586344,48.773269]},"properties":{"uid":"battles:6042091951d0","layer":"battles","layer_title":"Сражения и военные события","group":"military","title":"Остров Людникова","category":"Великая Отечественная война 1941–1945","date_precision":"unknown","date_approx":false,"work":"Великая Отечественная война 1941–1945","url":"https://ru.wikipedia.org/wiki/Остров Людникова","source":"Русская Википедия / Викиданные","source_id":"Q4338822","license":"CC BY-SA 4.0","confidence":"ok","extra":{"era":"СССР","war_raw":"Великая Отечественная война 1941–1945"}}},{"type":"Feature","id":"battles:e987bbfd9d9e","geometry":{"type":"Point","coordinates":[44.25,48.7425]},"properties":{"uid":"battles:e987bbfd9d9e","layer":"battles","layer_title":"Сражения и военные события","group":"military","title":"Питомник (аэродром)","category":"Великая Отечественная война 1941–1945","date_precision":"unknown","date_approx":false,"work":"Великая Отечественная война 1941–1945","url":"https://ru.wikipedia.org/wiki/Питомник (аэродром)","source":"Русская Википедия / Викиданные","source_id":"Q873482","license":"CC BY-SA 4.0","confidence":"ok","extra":{"era":"СССР","war_raw":"Великая Отечественная война 1941–1945"}}},{"type":"Feature","id":"battles:f20d0ecdfd6e","geometry":{"type":"Point","coordinates":[44.64611,48.82472]},"properties":{"uid":"battles:f20d0ecdfd6e","layer":"battles","layer_title":"Сражения и военные события","group":"military","title":"Рынок (посёлок, Сталинград)","category":"Великая Отечественная война 1941–1945","date_precision":"unknown","date_approx":false,"work":"Великая Отечественная война 1941–1945","url":"https://ru.wikipedia.org/wiki/Рынок (посёлок, Сталинград)","source":"Русская Википедия / Викиданные","source_id":"Q23783474","license":"CC BY-SA 4.0","confidence":"ok","extra":{"era":"СССР","war_raw":"Великая Отечественная война 1941–1945"}}},{"type":"Feature","id":"battles:300da106b9c5","geometry":{"type":"Point","coordinates":[43.48182,48.709989]},"properties":{"uid":"battles:300da106b9c5","layer":"battles","layer_title":"Сражения и военные события","group":"military","title":"Сражение у Калача-на-Дону","category":"Великая Отечественная война 1941–1945","date_precision":"unknown","date_approx":false,"work":"Великая Отечественная война 1941–1945","url":"https://ru.wikipedia.org/wiki/Сражение у Калача-на-Дону","source":"Русская Википедия / Викиданные","source_id":"Q1645870","license":"CC BY-SA 4.0","confidence":"ok","extra":{"era":"СССР","war_raw":"Великая Отечественная война 1941–1945"}}},{"type":"Feature","id":"battles:aaef49dedc77","geometry":{"type":"Point","coordinates":[41.2798,48.1664]},"properties":{"uid":"battles:aaef49dedc77","layer":"battles","layer_title":"Сражения и военные события","group":"military","title":"Тацинский аэродром","category":"Великая Отечественная война 1941–1945","date_precision":"unknown","date_approx":false,"work":"Великая Отечественная война 1941–1945","url":"https://ru.wikipedia.org/wiki/Тацинский аэродром","source":"Русская Википедия / Викиданные","source_id":"Q7688259","license":"CC BY-SA 4.0","confidence":"ok","extra":{"era":"СССР","war_raw":"Великая Отечественная война 1941–1945"}}},{"type":"Feature","id":"battles:16aa9a35a2f6","geometry":{"type":"Point","coordinates":[36.733217,51.035942]},"properties":{"uid":"battles:16aa9a35a2f6","layer":"battles","layer_title":"Сражения и военные события","group":"military","title":"Прохоровка (станция)","category":"Великая Отечественная война 1941–1945","date_precision":"unknown","date_approx":false,"work":"Великая Отечественная война 1941–1945","url":"https://ru.wikipedia.org/wiki/Прохоровка (станция)","source":"Русская Википедия / Викиданные","source_id":"Q4382208","license":"CC BY-SA 4.0","confidence":"ok","extra":{"era":"СССР","war_raw":"Великая Отечественная война 1941–1945"}}},{"type":"Feature","id":"battles:79548a229f72","geometry":{"type":"Point","coordinates":[31.75,60.05]},"properties":{"uid":"battles:79548a229f72","layer":"battles","layer_title":"Сражения и военные события","group":"military","title":"Новгородско-Лужская наступательная операция","category":"Великая Отечественная война 1941–1945","date_precision":"unknown","date_approx":false,"work":"Великая Отечественная война 1941–1945","url":"https://ru.wikipedia.org/wiki/Новгородско-Лужская наступательная операция","source":"Русская Википедия / Викиданные","source_id":"Q4322520","license":"CC BY-SA 4.0","confidence":"place_level","extra":{"era":"СССР","war_raw":"Великая Отечественная война 1941–1945"}}},{"type":"Feature","id":"battles:e0166f503eb4","geometry":{"type":"Point","coordinates":[29.926,59.862]},"properties":{"uid":"battles:e0166f503eb4","layer":"battles","layer_title":"Сражения и военные события","group":"military","title":"Ново-Петергофское военно-политическое училище пограничных и внутренних войск НКВД","category":"Великая Отечественная война 1941–1945","date_precision":"unknown","date_approx":false,"work":"Великая Отечественная война 1941–1945","url":"https://ru.wikipedia.org/wiki/Ново-Петергофское военно-политическое училище пограничных и внутренних войск НКВД","source":"Русская Википедия / Викиданные","source_id":"Q55658675","license":"CC BY-SA 4.0","confidence":"ok","extra":{"era":"СССР","war_raw":"Великая Отечественная война 1941–1945"}}},{"type":"Feature","id":"battles:88a1fc7e3580","geometry":{"type":"Point","coordinates":[39.0,45.333333]},"properties":{"uid":"battles:88a1fc7e3580","layer":"battles","layer_title":"Сражения и военные события","group":"military","title":"Оборона Краснодара","category":"Великая Отечественная война 1941–1945","date_precision":"unknown","date_approx":false,"work":"Великая Отечественная война 1941–1945","url":"https://ru.wikipedia.org/wiki/Оборона Краснодара","source":"Русская Википедия / Викиданные","source_id":"Q4329642","license":"CC BY-SA 4.0","confidence":"place_level","extra":{"era":"СССР","war_raw":"Великая Отечественная война 1941–1945"}}},{"type":"Feature","id":"battles:2697e93f3ff8","geometry":{"type":"Point","coordinates":[31.461321,50.073265]},"properties":{"uid":"battles:2697e93f3ff8","layer":"battles","layer_title":"Сражения и военные события","group":"military","title":"Музей-диорама «Битва за Днепр в районе Переяслав-Хмельницкого осенью 1943 года»","category":"Великая Отечественная война 1941–1945","date_precision":"unknown","date_approx":false,"work":"Великая Отечественная война 1941–1945","url":"https://ru.wikipedia.org/wiki/Музей-диорама «Битва за Днепр в районе Переяслав-Хмельницкого осенью 1943 года»","source":"Русская Википедия / Викиданные","source_id":"Q28704418","license":"CC BY-SA 4.0","confidence":"ok","extra":{"era":"СССР","war_raw":"Великая Отечественная война 1941–1945"}}},{"type":"Feature","id":"battles:ba3a68cd41a1","geometry":{"type":"Point","coordinates":[32.718705,54.923051]},"properties":{"uid":"battles:ba3a68cd41a1","layer":"battles","layer_title":"Сражения и военные события","group":"military","title":"Соловьёвская переправа","category":"Великая Отечественная война 1941–1945","date_precision":"unknown","date_approx":false,"work":"Великая Отечественная война 1941–1945","url":"https://ru.wikipedia.org/wiki/Соловьёвская переправа","source":"Русская Википедия / Викиданные","source_id":"Q4428126","license":"CC BY-SA 4.0","confidence":"ok","extra":{"era":"СССР","war_raw":"Великая Отечественная война 1941–1945"}}},{"type":"Feature","id":"battles:a0ef04c9f18f","geometry":{"type":"Point","coordinates":[30.245,60.674722]},"properties":{"uid":"battles:a0ef04c9f18f","layer":"battles","layer_title":"Сражения и военные события","group":"military","title":"Сражение при Келье","category":"Советско-финляндская война 1939–1940","date_precision":"unknown","date_approx":false,"work":"Советско-финляндская война 1939–1940","url":"https://ru.wikipedia.org/wiki/Сражение при Келье","source":"Русская Википедия / Викиданные","source_id":"Q211211","license":"CC BY-SA 4.0","confidence":"ok","extra":{"era":"СССР","war_raw":"Советско-финляндская война 1939–1940"}}},{"type":"Feature","id":"battles:8af22493718b","geometry":{"type":"Point","coordinates":[29.326389,64.848056]},"properties":{"uid":"battles:8af22493718b","layer":"battles","layer_title":"Сражения и военные события","group":"military","title":"Сражение на Раатской дороге","category":"Советско-финляндская война 1939–1940","date_precision":"unknown","date_approx":false,"work":"Советско-финляндская война 1939–1940","url":"https://ru.wikipedia.org/wiki/Сражение на Раатской дороге","source":"Русская Википедия / Викиданные","source_id":"Q2446643","license":"CC BY-SA 4.0","confidence":"ok","extra":{"era":"СССР","war_raw":"Советско-финляндская война 1939–1940"}}},{"type":"Feature","id":"battles:5ba6e1b9fe79","geometry":{"type":"Point","coordinates":[10.0,51.0]},"properties":{"uid":"battles:5ba6e1b9fe79","layer":"battles","layer_title":"Сражения и военные события","group":"military","title":"Бомбардировки Хельсинки","category":"Советско-финляндская война 1939–1940","date_precision":"unknown","date_approx":false,"work":"Советско-финляндская война 1939–1940","url":"https://ru.wikipedia.org/wiki/Бомбардировки Хельсинки","source":"Русская Википедия / Викиданные","source_id":"Q4093055","license":"CC BY-SA 4.0","confidence":"outside_bbox","extra":{"era":"СССР","war_raw":"Советско-финляндская война 1939–1940"}}},{"type":"Feature","id":"battles:69c05b0ec1c2","geometry":{"type":"Point","coordinates":[143.0,50.5]},"properties":{"uid":"battles:69c05b0ec1c2","layer":"battles","layer_title":"Сражения и военные события","group":"military","title":"Советско-японская война","category":"Советско-японская война 1945","date_precision":"unknown","date_approx":false,"work":"Советско-японская война 1945","url":"https://ru.wikipedia.org/wiki/Советско-японская война","source":"Русская Википедия / Викиданные","source_id":"Q220602","license":"CC BY-SA 4.0","confidence":"place_level","extra":{"era":"СССР","war_raw":"Советско-японская война 1945"}}},{"type":"Feature","id":"battles:fad7f600b97d","geometry":{"type":"Point","coordinates":[113.500893,52.033409]},"properties":{"uid":"battles:fad7f600b97d","layer":"battles","layer_title":"Сражения и военные события","group":"military","title":"Главное командование советских войск на Дальнем Востоке","category":"Советско-японская война 1945","date_precision":"unknown","date_approx":false,"work":"Советско-японская война 1945","url":"https://ru.wikipedia.org/wiki/Главное командование советских войск на Дальнем Востоке","source":"Русская Википедия / Викиданные","source_id":"Q1241033","license":"CC BY-SA 4.0","confidence":"place_level","extra":{"era":"СССР","war_raw":"Советско-японская война 1945"}}},{"type":"Feature","id":"battles:c09775d3fb0c","geometry":{"type":"Point","coordinates":[123.156667,49.3825]},"properties":{"uid":"battles:c09775d3fb0c","layer":"battles","layer_title":"Сражения и военные события","group":"military","title":"Хингано-Мукденская наступательная операция","category":"Советско-японская война 1945","date_precision":"unknown","date_approx":false,"work":"Советско-японская война 1945","url":"https://ru.wikipedia.org/wiki/Хингано-Мукденская наступательная операция","source":"Русская Википедия / Викиданные","source_id":"Q4497792","license":"CC BY-SA 4.0","confidence":"place_level","extra":{"era":"СССР","war_raw":"Советско-японская война 1945"}}},{"type":"Feature","id":"battles:5cb682c6b111","geometry":{"type":"Point","coordinates":[125.0,49.0]},"properties":{"uid":"battles:5cb682c6b111","layer":"battles","layer_title":"Сражения и военные события","group":"military","title":"Маньчжурская операция (1945)","category":"Великая Отечественная война 1941–1945","year_from":1945,"year_to":1945,"date_precision":"year","date_approx":false,"work":"Великая Отечественная война 1941–1945","url":"https://ru.wikipedia.org/wiki/Маньчжурская операция (1945)","source":"Русская Википедия / Викиданные","source_id":"Q6165880","license":"CC BY-SA 4.0","confidence":"ok","extra":{"era":"СССР","war_raw":"Великая Отечественная война 1941–1945"}}},{"type":"Feature","id":"battles:dbc69e0e02fa","geometry":{"type":"Point","coordinates":[31.228056,69.427778]},"properties":{"uid":"battles:dbc69e0e02fa","layer":"battles","layer_title":"Сражения и военные события","group":"military","title":"Петсамо-Киркенесская операция","category":"Великая Отечественная война 1941–1945","date_precision":"unknown","date_approx":false,"work":"Великая Отечественная война 1941–1945","url":"https://ru.wikipedia.org/wiki/Петсамо-Киркенесская операция","source":"Русская Википедия / Викиданные","source_id":"Q705222","license":"CC BY-SA 4.0","confidence":"ok","extra":{"era":"СССР","war_raw":"Великая Отечественная война 1941–1945"}}},{"type":"Feature","id":"battles:ed8e19a24b89","geometry":{"type":"Point","coordinates":[14.421389,50.0875]},"properties":{"uid":"battles:ed8e19a24b89","layer":"battles","layer_title":"Сражения и военные события","group":"military","title":"Пражская операция","category":"Великая Отечественная война 1941–1945","date_precision":"unknown","date_approx":false,"work":"Великая Отечественная война 1941–1945","url":"https://ru.wikipedia.org/wiki/Пражская операция","source":"Русская Википедия / Викиданные","source_id":"Q157445","license":"CC BY-SA 4.0","confidence":"outside_bbox","extra":{"era":"СССР","war_raw":"Великая Отечественная война 1941–1945"}}},{"type":"Feature","id":"battles:9aa3b99cf88e","geometry":{"type":"Point","coordinates":[39.0,45.333333]},"properties":{"uid":"battles:9aa3b99cf88e","layer":"battles","layer_title":"Сражения и военные события","group":"military","title":"Северо-Кавказская наступательная операция","category":"Великая Отечественная война 1941–1945","date_precision":"unknown","date_approx":false,"work":"Великая Отечественная война 1941–1945","url":"https://ru.wikipedia.org/wiki/Северо-Кавказская наступательная операция","source":"Русская Википедия / Викиданные","source_id":"Q15600513","license":"CC BY-SA 4.0","confidence":"place_level","extra":{"era":"СССР","war_raw":"Великая Отечественная война 1941–1945"}}},{"type":"Feature","id":"battles:8318d5461577","geometry":{"type":"Point","coordinates":[34.566667,68.033333]},"properties":{"uid":"battles:8318d5461577","layer":"battles","layer_title":"Сражения и военные события","group":"military","title":"Стратегическая оборонительная операция в Заполярье и Карелии","category":"Великая Отечественная война 1941–1945","date_precision":"unknown","date_approx":false,"work":"Великая Отечественная война 1941–1945","url":"https://ru.wikipedia.org/wiki/Стратегическая оборонительная операция в Заполярье и Карелии","source":"Русская Википедия / Викиданные","source_id":"Q4443413","license":"CC BY-SA 4.0","confidence":"place_level","extra":{"era":"СССР","war_raw":"Великая Отечественная война 1941–1945"}}},{"type":"Feature","id":"battles:68176f63a45f","geometry":{"type":"Point","coordinates":[33.510694,59.643889]},"properties":{"uid":"battles:68176f63a45f","layer":"battles","layer_title":"Сражения и военные события","group":"military","title":"Тихвинская стратегическая наступательная операция","category":"Великая Отечественная война 1941–1945","date_precision":"unknown","date_approx":false,"work":"Великая Отечественная война 1941–1945","url":"https://ru.wikipedia.org/wiki/Тихвинская стратегическая наступательная операция","source":"Русская Википедия / Викиданные","source_id":"Q1657889","license":"CC BY-SA 4.0","confidence":"ok","extra":{"era":"СССР","war_raw":"Великая Отечественная война 1941–1945"}}},{"type":"Feature","id":"battles:41cd17eff42a","geometry":{"type":"Point","coordinates":[13.060333,52.394556]},"properties":{"uid":"battles:41cd17eff42a","layer":"battles","layer_title":"Сражения и военные события","group":"military","title":"Бранденбург-800","category":"Великая Отечественная война 1941–1945","date_precision":"unknown","date_approx":false,"work":"Великая Отечественная война 1941–1945","summary":"«Бранденбург-800», также «бранденбуржцы» (нем. Brandenburger) — воинское формирование специального назначения в составе вермахта под условным наименованием «Бранденбург», созданное и функционировавшее в годы Второй мировой войны в подчинении абвера; одно из самых секретных в сухопутных войсках нацистской Германии. Предназначалось для проведения разведывательно-диверсионных операций в тылу противн","url":"https://ru.wikipedia.org/wiki/Бранденбург-800","source":"Русская Википедия / Викиданные","source_id":"Q694862","license":"CC BY-SA 4.0","confidence":"outside_bbox","extra":{"era":"СССР","war_raw":"Великая Отечественная война 1941–1945"}}},{"type":"Feature","id":"battles:445b00d83fa1","geometry":{"type":"Point","coordinates":[13.376111,52.518611]},"properties":{"uid":"battles:445b00d83fa1","layer":"battles","layer_title":"Сражения и военные события","group":"military","title":"Штурм Берлина","category":"Великая Отечественная война 1941–1945","date_precision":"unknown","date_approx":false,"work":"Великая Отечественная война 1941–1945","url":"https://ru.wikipedia.org/wiki/Штурм Берлина","source":"Русская Википедия / Викиданные","source_id":"Q713400","license":"CC BY-SA 4.0","confidence":"outside_bbox","extra":{"era":"СССР","war_raw":"Великая Отечественная война 1941–1945"}}},{"type":"Feature","id":"battles:793161283f7c","geometry":{"type":"Point","coordinates":[13.376111,52.518611]},"properties":{"uid":"battles:793161283f7c","layer":"battles","layer_title":"Сражения и военные события","group":"military","title":"Штурм Рейхстага","category":"Великая Отечественная война 1941–1945","date_precision":"unknown","date_approx":false,"work":"Великая Отечественная война 1941–1945","url":"https://ru.wikipedia.org/wiki/Штурм Рейхстага","source":"Русская Википедия / Викиданные","source_id":"Q18276661","license":"CC BY-SA 4.0","confidence":"outside_bbox","extra":{"era":"СССР","war_raw":"Великая Отечественная война 1941–1945"}}},{"type":"Feature","id":"battles:9bf2f98de9cc","geometry":{"type":"Point","coordinates":[13.700833,52.106667]},"properties":{"uid":"battles:9bf2f98de9cc","layer":"battles","layer_title":"Сражения и военные события","group":"military","title":"Хальбский котёл","category":"Великая Отечественная война 1941–1945","date_precision":"unknown","date_approx":false,"work":"Великая Отечественная война 1941–1945","url":"https://ru.wikipedia.org/wiki/Хальбский котёл","source":"Русская Википедия / Викиданные","source_id":"Q282438","license":"CC BY-SA 4.0","confidence":"outside_bbox","extra":{"era":"СССР","war_raw":"Великая Отечественная война 1941–1945"}}},{"type":"Feature","id":"battles:d501b3f820b6","geometry":{"type":"Point","coordinates":[14.6,52.6]},"properties":{"uid":"battles:d501b3f820b6","layer":"battles","layer_title":"Сражения и военные события","group":"military","title":"Кюстринский плацдарм","category":"Великая Отечественная война 1941–1945","date_precision":"unknown","date_approx":false,"work":"Великая Отечественная война 1941–1945","summary":"Кю́стринский плацдарм — оперативный плацдарм советских войск на западном берегу Одера, в районе города Кюстрина в Германии, захваченный войсками 1-го Белорусского фронта в ходе Висло-Одерской операции.","url":"https://ru.wikipedia.org/wiki/Кюстринский плацдарм","source":"Русская Википедия / Викиданные","source_id":"Q4251288","license":"CC BY-SA 4.0","confidence":"outside_bbox","extra":{"era":"СССР","war_raw":"Великая Отечественная война 1941–1945"}}},{"type":"Feature","id":"battles:d0cf9281916f","geometry":{"type":"Point","coordinates":[21.382778,51.761944]},"properties":{"uid":"battles:d0cf9281916f","layer":"battles","layer_title":"Сражения и военные события","group":"military","title":"Магнушевский плацдарм","category":"Великая Отечественная война 1941–1945","date_precision":"unknown","date_approx":false,"work":"Великая Отечественная война 1941–1945","url":"https://ru.wikipedia.org/wiki/Магнушевский плацдарм","source":"Русская Википедия / Викиданные","source_id":"Q4274140","license":"CC BY-SA 4.0","confidence":"ok","extra":{"era":"СССР","war_raw":"Великая Отечественная война 1941–1945"}}},{"type":"Feature","id":"battles:e0d0265506fd","geometry":{"type":"Point","coordinates":[19.936667,50.054722]},"properties":{"uid":"battles:e0d0265506fd","layer":"battles","layer_title":"Сражения и военные события","group":"military","title":"Сандомирский плацдарм","category":"Великая Отечественная война 1941–1945","date_precision":"unknown","date_approx":false,"work":"Великая Отечественная война 1941–1945","url":"https://ru.wikipedia.org/wiki/Сандомирский плацдарм","source":"Русская Википедия / Викиданные","source_id":"Q4407545","license":"CC BY-SA 4.0","confidence":"place_level","extra":{"era":"СССР","war_raw":"Великая Отечественная война 1941–1945"}}},{"type":"Feature","id":"battles:6972470f7a85","geometry":{"type":"Point","coordinates":[19.138333,50.817778]},"properties":{"uid":"battles:6972470f7a85","layer":"battles","layer_title":"Сражения и военные события","group":"military","title":"Освобождение Ченстоховы","category":"Великая Отечественная война 1941–1945","date_precision":"unknown","date_approx":false,"work":"Великая Отечественная война 1941–1945","url":"https://ru.wikipedia.org/wiki/Освобождение Ченстоховы","source":"Русская Википедия / Викиданные","source_id":"Q9380566","license":"CC BY-SA 4.0","confidence":"ok","extra":{"era":"СССР","war_raw":"Великая Отечественная война 1941–1945"}}},{"type":"Feature","id":"battles:67142d634956","geometry":{"type":"Point","coordinates":[37.8,48.0]},"properties":{"uid":"battles:67142d634956","layer":"battles","layer_title":"Сражения и военные события","group":"military","title":"Донбасская операция (1941)","category":"Великая Отечественная война 1941–1945","year_from":1941,"year_to":1941,"date_precision":"year","date_approx":false,"work":"Великая Отечественная война 1941–1945","url":"https://ru.wikipedia.org/wiki/Донбасская операция (1941)","source":"Русская Википедия / Викиданные","source_id":"Q4166085","license":"CC BY-SA 4.0","confidence":"place_level","extra":{"era":"СССР","war_raw":"Великая Отечественная война 1941–1945"}}},{"type":"Feature","id":"battles:9ad8d96c928e","geometry":{"type":"Point","coordinates":[53.0,32.0]},"properties":{"uid":"battles:9ad8d96c928e","layer":"battles","layer_title":"Сражения и военные события","group":"military","title":"Иранская операция","category":"Великая Отечественная война 1941–1945","date_precision":"unknown","date_approx":false,"work":"Великая Отечественная война 1941–1945","url":"https://ru.wikipedia.org/wiki/Иранская операция","source":"Русская Википедия / Викиданные","source_id":"Q541369","license":"CC BY-SA 4.0","confidence":"outside_bbox","extra":{"era":"СССР","war_raw":"Великая Отечественная война 1941–1945"}}},{"type":"Feature","id":"battles:57a0253e44c0","geometry":{"type":"Point","coordinates":[36.411816,45.229854]},"properties":{"uid":"battles:57a0253e44c0","layer":"battles","layer_title":"Сражения и военные события","group":"military","title":"Музей истории Керченско-Эльтигенского десанта","category":"Великая Отечественная война 1941–1945","date_precision":"unknown","date_approx":false,"work":"Великая Отечественная война 1941–1945","url":"https://ru.wikipedia.org/wiki/Музей истории Керченско-Эльтигенского десанта","source":"Русская Википедия / Викиданные","source_id":"Q114398813","license":"CC BY-SA 4.0","confidence":"ok","extra":{"era":"СССР","war_raw":"Великая Отечественная война 1941–1945"}}},{"type":"Feature","id":"battles:b42999bd7e94","geometry":{"type":"Point","coordinates":[30.518056,50.284722]},"properties":{"uid":"battles:b42999bd7e94","layer":"battles","layer_title":"Сражения и военные события","group":"military","title":"ДОТ № 127 (КиУР)","category":"Великая Отечественная война 1941–1945","date_precision":"unknown","date_approx":false,"work":"Великая Отечественная война 1941–1945","summary":"ДОТ № 127 — долговременная огневая точка, расположенная в селе Ходосовка и входившая в первую линию обороны Киевского укрепрайона (КиУР).","url":"https://ru.wikipedia.org/wiki/ДОТ № 127 (КиУР)","source":"Русская Википедия / Викиданные","source_id":"Q56770009","license":"CC BY-SA 4.0","confidence":"ok","extra":{"era":"СССР","war_raw":"Великая Отечественная война 1941–1945"}}},{"type":"Feature","id":"battles:97ba29a192f5","geometry":{"type":"Point","coordinates":[30.48792,50.29169]},"properties":{"uid":"battles:97ba29a192f5","layer":"battles","layer_title":"Сражения и военные события","group":"military","title":"ДОТ № 131 (КиУР)","category":"Великая Отечественная война 1941–1945","date_precision":"unknown","date_approx":false,"work":"Великая Отечественная война 1941–1945","summary":"ДОТ № 131 — долговременная огневая точка, расположенная в селе Кременище и входившая в первую линию обороны Киевского укрепрайона.","url":"https://ru.wikipedia.org/wiki/ДОТ № 131 (КиУР)","source":"Русская Википедия / Викиданные","source_id":"Q56708738","license":"CC BY-SA 4.0","confidence":"ok","extra":{"era":"СССР","war_raw":"Великая Отечественная война 1941–1945"}}},{"type":"Feature","id":"battles:f75cfccafec4","geometry":{"type":"Point","coordinates":[30.3975,50.331944]},"properties":{"uid":"battles:f75cfccafec4","layer":"battles","layer_title":"Сражения и военные события","group":"military","title":"ДОТ № 179 (КиУР)","category":"Великая Отечественная война 1941–1945","date_precision":"unknown","date_approx":false,"work":"Великая Отечественная война 1941–1945","summary":"ДОТ № 179 — долговременная огневая точка, расположенная близ села Вита-Почтовая и входившая в первую линию обороны Киевского укрепрайона.","url":"https://ru.wikipedia.org/wiki/ДОТ № 179 (КиУР)","source":"Русская Википедия / Викиданные","source_id":"Q56753317","license":"CC BY-SA 4.0","confidence":"ok","extra":{"era":"СССР","war_raw":"Великая Отечественная война 1941–1945"}}},{"type":"Feature","id":"battles:2f3d66d27835","geometry":{"type":"Point","coordinates":[30.38098,50.32278]},"properties":{"uid":"battles:2f3d66d27835","layer":"battles","layer_title":"Сражения и военные события","group":"military","title":"ДОТ № 180 (КиУР)","category":"Великая Отечественная война 1941–1945","date_precision":"unknown","date_approx":false,"work":"Великая Отечественная война 1941–1945","summary":"ДОТ № 180 — долговременная огневая точка, расположенная в селе Вита-Почтовая и входившая в первую линию обороны Киевского укрепрайона, имеет статус памятника истории, науки и техники. На данный момент в нём устроен музей.","url":"https://ru.wikipedia.org/wiki/ДОТ № 180 (КиУР)","source":"Русская Википедия / Викиданные","source_id":"Q56358560","license":"CC BY-SA 4.0","confidence":"ok","extra":{"era":"СССР","war_raw":"Великая Отечественная война 1941–1945"}}},{"type":"Feature","id":"battles:2204cdb378ad","geometry":{"type":"Point","coordinates":[30.243056,50.445833]},"properties":{"uid":"battles:2204cdb378ad","layer":"battles","layer_title":"Сражения и военные события","group":"military","title":"ДОТ № 409 (КиУР)","category":"Великая Отечественная война 1941–1945","date_precision":"unknown","date_approx":false,"work":"Великая Отечественная война 1941–1945","summary":"ДОТ № 409 — долговременная огневая точка, расположенная у моста через реку Ирпень 100-200 метров южнее Житомирского шоссе и входившая в первую линию обороны Киевского укрепрайона.","url":"https://ru.wikipedia.org/wiki/ДОТ № 409 (КиУР)","source":"Русская Википедия / Викиданные","source_id":"Q12099271","license":"CC BY-SA 4.0","confidence":"ok","extra":{"era":"СССР","war_raw":"Великая Отечественная война 1941–1945"}}},{"type":"Feature","id":"battles:027704178657","geometry":{"type":"Point","coordinates":[30.2575,50.447222]},"properties":{"uid":"battles:027704178657","layer":"battles","layer_title":"Сражения и военные события","group":"military","title":"ДОТ № 417 (КиУР)","category":"Великая Отечественная война 1941–1945","date_precision":"unknown","date_approx":false,"work":"Великая Отечественная война 1941–1945","summary":"ДОТ № 417 — долговременная огневая точка, входившая в первую линию обороны Киевского укрепрайона.","url":"https://ru.wikipedia.org/wiki/ДОТ № 417 (КиУР)","source":"Русская Википедия / Викиданные","source_id":"Q12099270","license":"CC BY-SA 4.0","confidence":"ok","extra":{"era":"СССР","war_raw":"Великая Отечественная война 1941–1945"}}},{"type":"Feature","id":"battles:8df41548b368","geometry":{"type":"Point","coordinates":[30.31,50.4431]},"properties":{"uid":"battles:8df41548b368","layer":"battles","layer_title":"Сражения и военные события","group":"military","title":"ДОТ № 420 (КиУР)","category":"Великая Отечественная война 1941–1945","date_precision":"unknown","date_approx":false,"work":"Великая Отечественная война 1941–1945","summary":"ДОТ № 420 — долговременная огневая точка, входившая в первую линию обороны Киевского укрепрайона.","url":"https://ru.wikipedia.org/wiki/ДОТ № 420 (КиУР)","source":"Русская Википедия / Викиданные","source_id":"Q56881416","license":"CC BY-SA 4.0","confidence":"ok","extra":{"era":"СССР","war_raw":"Великая Отечественная война 1941–1945"}}},{"type":"Feature","id":"battles:6687ee70c9ab","geometry":{"type":"Point","coordinates":[30.256194,50.488056]},"properties":{"uid":"battles:6687ee70c9ab","layer":"battles","layer_title":"Сражения и военные события","group":"military","title":"ДОТ № 429 (КиУР)","category":"Великая Отечественная война 1941–1945","date_precision":"unknown","date_approx":false,"work":"Великая Отечественная война 1941–1945","summary":"ДОТ № 429 — артиллерийский наблюдательный пункт (АНП), входивший в первую линию обороны Киевского укрепрайона, находится недалеко от сёла Романовка на восточном берегу реки Ирпень.","url":"https://ru.wikipedia.org/wiki/ДОТ № 429 (КиУР)","source":"Русская Википедия / Викиданные","source_id":"Q16697325","license":"CC BY-SA 4.0","confidence":"ok","extra":{"era":"СССР","war_raw":"Великая Отечественная война 1941–1945"}}},{"type":"Feature","id":"battles:717f14e7abbc","geometry":{"type":"Point","coordinates":[30.320783,50.535678]},"properties":{"uid":"battles:717f14e7abbc","layer":"battles","layer_title":"Сражения и военные события","group":"military","title":"ДОТ № 487 (КиУР)","category":"Великая Отечественная война 1941–1945","date_precision":"unknown","date_approx":false,"work":"Великая Отечественная война 1941–1945","summary":"ДОТ № 487 — долговременная огневая точка, входившая в первую линию обороны Киевского укрепрайона близ населённого пункта Горенка.","url":"https://ru.wikipedia.org/wiki/ДОТ № 487 (КиУР)","source":"Русская Википедия / Викиданные","source_id":"Q16697337","license":"CC BY-SA 4.0","confidence":"ok","extra":{"era":"СССР","war_raw":"Великая Отечественная война 1941–1945"}}},{"type":"Feature","id":"battles:f7011dcaa82f","geometry":{"type":"Point","coordinates":[30.301064,50.575128]},"properties":{"uid":"battles:f7011dcaa82f","layer":"battles","layer_title":"Сражения и военные события","group":"military","title":"ДОТ № 502 (КиУР)","category":"Великая Отечественная война 1941–1945","date_precision":"unknown","date_approx":false,"work":"Великая Отечественная война 1941–1945","summary":"ДОТ № 502 — долговременная огневая точка, входившая в первую линию обороны Киевского укрепрайона близ населённого пункта Горенка.","url":"https://ru.wikipedia.org/wiki/ДОТ № 502 (КиУР)","source":"Русская Википедия / Викиданные","source_id":"Q16697339","license":"CC BY-SA 4.0","confidence":"ok","extra":{"era":"СССР","war_raw":"Великая Отечественная война 1941–1945"}}},{"type":"Feature","id":"battles:5d9869c30c94","geometry":{"type":"Point","coordinates":[30.298072,50.582056]},"properties":{"uid":"battles:5d9869c30c94","layer":"battles","layer_title":"Сражения и военные события","group":"military","title":"ДОТ № 504 (КиУР)","category":"Великая Отечественная война 1941–1945","date_precision":"unknown","date_approx":false,"work":"Великая Отечественная война 1941–1945","url":"https://ru.wikipedia.org/wiki/ДОТ № 504 (КиУР)","source":"Русская Википедия / Викиданные","source_id":"Q16697343","license":"CC BY-SA 4.0","confidence":"ok","extra":{"era":"СССР","war_raw":"Великая Отечественная война 1941–1945"}}},{"type":"Feature","id":"battles:5df5112074e6","geometry":{"type":"Point","coordinates":[30.294903,50.591986]},"properties":{"uid":"battles:5df5112074e6","layer":"battles","layer_title":"Сражения и военные события","group":"military","title":"ДОТ № 508 (КиУР)","category":"Великая Отечественная война 1941–1945","date_precision":"unknown","date_approx":false,"work":"Великая Отечественная война 1941–1945","url":"https://ru.wikipedia.org/wiki/ДОТ № 508 (КиУР)","source":"Русская Википедия / Викиданные","source_id":"Q16697345","license":"CC BY-SA 4.0","confidence":"ok","extra":{"era":"СССР","war_raw":"Великая Отечественная война 1941–1945"}}},{"type":"Feature","id":"battles:5f1550f751e9","geometry":{"type":"Point","coordinates":[30.307222,50.678611]},"properties":{"uid":"battles:5f1550f751e9","layer":"battles","layer_title":"Сражения и военные события","group":"military","title":"ДОТ № 552/553 (КиУР)","category":"Великая Отечественная война 1941–1945","date_precision":"unknown","date_approx":false,"work":"Великая Отечественная война 1941–1945","url":"https://ru.wikipedia.org/wiki/ДОТ № 552/553 (КиУР)","source":"Русская Википедия / Викиданные","source_id":"Q56752735","license":"CC BY-SA 4.0","confidence":"ok","extra":{"era":"СССР","war_raw":"Великая Отечественная война 1941–1945"}}},{"type":"Feature","id":"battles:4381bde351e7","geometry":{"type":"Point","coordinates":[30.31409,50.688968]},"properties":{"uid":"battles:4381bde351e7","layer":"battles","layer_title":"Сражения и военные события","group":"military","title":"ДОТ № 554 (КиУР)","category":"Великая Отечественная война 1941–1945","date_precision":"unknown","date_approx":false,"work":"Великая Отечественная война 1941–1945","url":"https://ru.wikipedia.org/wiki/ДОТ № 554 (КиУР)","source":"Русская Википедия / Викиданные","source_id":"Q56668946","license":"CC BY-SA 4.0","confidence":"ok","extra":{"era":"СССР","war_raw":"Великая Отечественная война 1941–1945"}}},{"type":"Feature","id":"battles:35cdf48de059","geometry":{"type":"Point","coordinates":[30.373533,50.743989]},"properties":{"uid":"battles:35cdf48de059","layer":"battles","layer_title":"Сражения и военные события","group":"military","title":"ДОТ № 580 (КиУР)","category":"Великая Отечественная война 1941–1945","date_precision":"unknown","date_approx":false,"work":"Великая Отечественная война 1941–1945","url":"https://ru.wikipedia.org/wiki/ДОТ № 580 (КиУР)","source":"Русская Википедия / Викиданные","source_id":"Q16697351","license":"CC BY-SA 4.0","confidence":"ok","extra":{"era":"СССР","war_raw":"Великая Отечественная война 1941–1945"}}},{"type":"Feature","id":"battles:fcd2d25a1c91","geometry":{"type":"Point","coordinates":[30.384581,50.724747]},"properties":{"uid":"battles:fcd2d25a1c91","layer":"battles","layer_title":"Сражения и военные события","group":"military","title":"ДОТ № 581 (КиУР)","category":"Великая Отечественная война 1941–1945","date_precision":"unknown","date_approx":false,"work":"Великая Отечественная война 1941–1945","url":"https://ru.wikipedia.org/wiki/ДОТ № 581 (КиУР)","source":"Русская Википедия / Викиданные","source_id":"Q16697353","license":"CC BY-SA 4.0","confidence":"ok","extra":{"era":"СССР","war_raw":"Великая Отечественная война 1941–1945"}}},{"type":"Feature","id":"battles:dcf61133a242","geometry":{"type":"Point","coordinates":[30.23713,50.42487]},"properties":{"uid":"battles:dcf61133a242","layer":"battles","layer_title":"Сражения и военные события","group":"military","title":"ДОТ № 401/402 (КиУР)","category":"Великая Отечественная война 1941–1945","date_precision":"unknown","date_approx":false,"work":"Великая Отечественная война 1941–1945","summary":"ДОТ № 401/402 — долговременная огневая точка, расположенная на северной окраине села Белогородка (Киевская область) и входившая в первую линию обороны Киевского укрепрайона.","url":"https://ru.wikipedia.org/wiki/ДОТ № 401/402 (КиУР)","source":"Русская Википедия / Викиданные","source_id":"Q12099267","license":"CC BY-SA 4.0","confidence":"ok","extra":{"era":"СССР","war_raw":"Великая Отечественная война 1941–1945"}}},{"type":"Feature","id":"battles:6493cce9ff1e","geometry":{"type":"Point","coordinates":[31.534109,59.600457]},"properties":{"uid":"battles:6493cce9ff1e","layer":"battles","layer_title":"Сражения и военные события","group":"military","title":"Погостье (станция)","category":"Великая Отечественная война 1941–1945","date_precision":"unknown","date_approx":false,"work":"Великая Отечественная война 1941–1945","url":"https://ru.wikipedia.org/wiki/Погостье (станция)","source":"Русская Википедия / Викиданные","source_id":"Q16686630","license":"CC BY-SA 4.0","confidence":"ok","extra":{"era":"СССР","war_raw":"Великая Отечественная война 1941–1945"}}},{"type":"Feature","id":"battles:56acd4d3546c","geometry":{"type":"Point","coordinates":[21.18415,52.41592]},"properties":{"uid":"battles:56acd4d3546c","layer":"battles","layer_title":"Сражения и военные события","group":"military","title":"Танковое сражение под Варшавой (1944)","category":"Великая Отечественная война 1941–1945","year_from":1944,"year_to":1944,"date_precision":"year","date_approx":false,"work":"Великая Отечественная война 1941–1945","url":"https://ru.wikipedia.org/wiki/Танковое сражение под Варшавой (1944)","source":"Русская Википедия / Викиданные","source_id":"Q1776194","license":"CC BY-SA 4.0","confidence":"place_level","extra":{"era":"СССР","war_raw":"Великая Отечественная война 1941–1945"}}},{"type":"Feature","id":"battles:9dc775a363d2","geometry":{"type":"Point","coordinates":[16.080278,51.658889]},"properties":{"uid":"battles:9dc775a363d2","layer":"battles","layer_title":"Сражения и военные события","group":"military","title":"Осада Глогау","category":"Великая Отечественная война 1941–1945","date_precision":"unknown","date_approx":false,"work":"Великая Отечественная война 1941–1945","url":"https://ru.wikipedia.org/wiki/Осада Глогау","source":"Русская Википедия / Викиданные","source_id":"Q815141","license":"CC BY-SA 4.0","confidence":"outside_bbox","extra":{"era":"СССР","war_raw":"Великая Отечественная война 1941–1945"}}},{"type":"Feature","id":"battles:76d6ec0c70d0","geometry":{"type":"Point","coordinates":[29.0,54.0]},"properties":{"uid":"battles:76d6ec0c70d0","layer":"battles","layer_title":"Сражения и военные события","group":"military","title":"Припятские болота (операция)","category":"Великая Отечественная война 1941–1945","date_precision":"unknown","date_approx":false,"work":"Великая Отечественная война 1941–1945","url":"https://ru.wikipedia.org/wiki/Припятские болота (операция)","source":"Русская Википедия / Викиданные","source_id":"Q7245544","license":"CC BY-SA 4.0","confidence":"place_level","extra":{"era":"СССР","war_raw":"Великая Отечественная война 1941–1945"}}},{"type":"Feature","id":"battles:ad83a52c262c","geometry":{"type":"Point","coordinates":[24.716667,51.216667]},"properties":{"uid":"battles:ad83a52c262c","layer":"battles","layer_title":"Сражения и военные события","group":"military","title":"Операция «Ковельский узел»","category":"Великая Отечественная война 1941–1945","date_precision":"unknown","date_approx":false,"work":"Великая Отечественная война 1941–1945","url":"https://ru.wikipedia.org/wiki/Операция «Ковельский узел»","source":"Русская Википедия / Викиданные","source_id":"Q4335283","license":"CC BY-SA 4.0","confidence":"place_level","extra":{"era":"СССР","war_raw":"Великая Отечественная война 1941–1945"}}},{"type":"Feature","id":"battles:303196a19e11","geometry":{"type":"Point","coordinates":[29.0,54.0]},"properties":{"uid":"battles:303196a19e11","layer":"battles","layer_title":"Сражения и военные события","group":"military","title":"Операция «Пустыня»","category":"Великая Отечественная война 1941–1945","date_precision":"unknown","date_approx":false,"work":"Великая Отечественная война 1941–1945","url":"https://ru.wikipedia.org/wiki/Операция «Пустыня»","source":"Русская Википедия / Викиданные","source_id":"Q4335299","license":"CC BY-SA 4.0","confidence":"place_level","extra":{"era":"СССР","war_raw":"Великая Отечественная война 1941–1945"}}},{"type":"Feature","id":"battles:23828c2e831e","geometry":{"type":"Point","coordinates":[21.2438,52.3114]},"properties":{"uid":"battles:23828c2e831e","layer":"battles","layer_title":"Сражения и военные события","group":"military","title":"Бои при Оссуве","category":"Советско-польская война 1919–1921","year_from":1920,"year_to":1920,"date_precision":"day","date_approx":false,"period_raw":"1920-08-14","work":"Советско-польская война 1919–1921","summary":"Бои при Оссуве (польск. Bitwa pod Ossowem) — бои в ходе битвы за Варшаву, произошедшие 13-14 августа 1920 года вблизи города Воломин. Бои при Оссуве были одними из первых, выигранных поляками с начала советского наступления на Варшаву. В современной Польше победа под Оссувом считается символом мужества и самопожертвования в борьбе за независимость страны.","url":"https://ru.wikipedia.org/wiki/Бои при Оссуве","source":"Русская Википедия / Викиданные","source_id":"Q4871957","license":"CC BY-SA 4.0","confidence":"ok","extra":{"era":"СССР","war_raw":"Советско-польская война 1919–1921"}}},{"type":"Feature","id":"battles:3a26a61eecba","geometry":{"type":"Point","coordinates":[29.915278,49.52]},"properties":{"uid":"battles:3a26a61eecba","layer":"battles","layer_title":"Сражения и военные события","group":"military","title":"Бои под Володаркой","category":"Советско-польская война 1919–1921","year_from":1920,"year_to":1920,"date_precision":"day","date_approx":false,"period_raw":"1920-01-01","work":"Советско-польская война 1919–1921","summary":"Бои под Володаркой (польск. Bitwa pod Wołodarką) — бои 4-й кавалерийской дивизии Первой конной армией против польских войск во время польско-советской войны, происходившие 29-31 мая 1920 года на Украине в районе Володарки, Новофастова и Дзионькова.","url":"https://ru.wikipedia.org/wiki/Бои под Володаркой","source":"Русская Википедия / Викиданные","source_id":"Q3497363","license":"CC BY-SA 4.0","confidence":"place_level","extra":{"era":"СССР","war_raw":"Советско-польская война 1919–1921"}}},{"type":"Feature","id":"battles:8037044503ab","geometry":{"type":"Point","coordinates":[26.516111,55.871389]},"properties":{"uid":"battles:8037044503ab","layer":"battles","layer_title":"Сражения и военные события","group":"military","title":"Бои за Двинск","category":"Советско-польская война 1919–1921","year_from":1920,"year_to":1920,"date_precision":"day","date_approx":false,"period_raw":"1920-01-05","work":"Советско-польская война 1919–1921","summary":"Битва за Двинск (другие названия — Битва под Динабургом, Операция «Зима», динабургская операция, бои за Даугавпилс) — сражения польско-латвийских войск с Красной армией в январе 1920 в районе города Двинска (современный Даугавпилс). Часть советско-польской войны и латвийской войны за независимость. В результате боёв Двинск отошёл к Латвии.","url":"https://ru.wikipedia.org/wiki/Бои за Двинск","source":"Русская Википедия / Викиданные","source_id":"Q1135598","license":"CC BY-SA 4.0","confidence":"ok","extra":{"era":"СССР","war_raw":"Советско-польская война 1919–1921"}}},{"type":"Feature","id":"battles:4094cb7047cf","geometry":{"type":"Point","coordinates":[23.4833,50.633]},"properties":{"uid":"battles:4094cb7047cf","layer":"battles","layer_title":"Сражения и военные события","group":"military","title":"Битва при Комарове (1920)","category":"Советско-польская война 1919–1921","year_from":1920,"year_to":1920,"date_precision":"year","date_approx":false,"period_raw":"1920.0","work":"Советско-польская война 1919–1921","summary":"Битва при Кома́рове (польск. Bitwa pod Komarowem) — сражение между 1-й Конной армией РККА и польской 1-й кавалерийской дивизией, продолжавшееся в период с 30 августа по 2 сентября 1920 года в районе восточнее Замостья. Одно из важнейших сражений советско-польской войны. Закончилась тяжёлым поражением 1-й Конной армии, понёсшей большие потери и с трудом избежавшей окружения и полного уничтожения. И","url":"https://ru.wikipedia.org/wiki/Битва при Комарове (1920)","source":"Русская Википедия / Викиданные","source_id":"Q3491891","license":"CC BY-SA 4.0","confidence":"ok","extra":{"era":"СССР","war_raw":"Советско-польская война 1919–1921"}}},{"type":"Feature","id":"battles:d61e7daf36f4","geometry":{"type":"Point","coordinates":[24.032222,49.8425]},"properties":{"uid":"battles:d61e7daf36f4","layer":"battles","layer_title":"Сражения и военные события","group":"military","title":"Львовская операция (1920)","category":"Советско-польская война 1919–1921","year_from":1920,"year_to":1920,"date_precision":"day","date_approx":false,"period_raw":"1920-01-01","work":"Советско-польская война 1919–1921","url":"https://ru.wikipedia.org/wiki/Львовская операция (1920)","source":"Русская Википедия / Викиданные","source_id":"Q4271054","license":"CC BY-SA 4.0","confidence":"ok","extra":{"era":"СССР","war_raw":"Советско-польская война 1919–1921"}}},{"type":"Feature","id":"battles:3629fea85949","geometry":{"type":"Point","coordinates":[28.833333,49.716667]},"properties":{"uid":"battles:3629fea85949","layer":"battles","layer_title":"Сражения и военные события","group":"military","title":"Рейд на Казатин","category":"Советско-польская война 1919–1921","year_from":1920,"year_to":1920,"date_precision":"day","date_approx":false,"period_raw":"1920-04-01","work":"Советско-польская война 1919–1921","url":"https://ru.wikipedia.org/wiki/Рейд на Казатин","source":"Русская Википедия / Викиданные","source_id":"Q2888981","license":"CC BY-SA 4.0","confidence":"place_level","extra":{"era":"СССР","war_raw":"Советско-польская война 1919–1921"}}},{"type":"Feature","id":"battles:2bd422701461","geometry":{"type":"Point","coordinates":[30.42778,50.34014]},"properties":{"uid":"battles:2bd422701461","layer":"battles","layer_title":"Сражения и военные события","group":"military","title":"ДОТ № 186 (КиУР)","category":"Великая Отечественная война 1941–1945","year_from":1930,"year_to":1930,"date_precision":"year","date_approx":false,"period_raw":"1930.0","work":"Великая Отечественная война 1941–1945","summary":"ДОТ № 186 — долговременная огневая точка Киевского укрепленного района в поселке Чабаны под Киевом. Построена 1930 году, хорошо сохранилась и в 2012 году на её основе был создан музей. Памятник истории, науки и техники местного значения № 513/58-Ко.","url":"https://ru.wikipedia.org/wiki/ДОТ № 186 (КиУР)","source":"Русская Википедия / Викиданные","source_id":"Q56358146","license":"CC BY-SA 4.0","confidence":"ok","extra":{"era":"СССР","war_raw":"Великая Отечественная война 1941–1945"}}},{"type":"Feature","id":"battles:5d099a93e873","geometry":{"type":"Point","coordinates":[38.0,22.0]},"properties":{"uid":"battles:5d099a93e873","layer":"battles","layer_title":"Сражения и военные события","group":"military","title":"Морские операции Восточноафриканской кампании","category":"Вторая мировая война 1939–1945","year_from":1936,"year_to":1936,"date_precision":"year","date_approx":false,"period_raw":"1936.0","work":"Вторая мировая война 1939–1945","summary":"Морские операции — боевые действия итальянского флота во время Восточноафриканской кампании, были весьма редкими и в целом неудачными для итальянцев. Италия начала активно развивать порты в Итальянской Восточной Африке в 1936 году, с началом войны против Эфиопии. К моменту вступления Италии во Вторую мировую войну 10 июня 1940 года в Массауа базировались две флотилии эсминцев,","url":"https://ru.wikipedia.org/wiki/Морские операции Восточноафриканской кампании","source":"Русская Википедия / Викиданные","source_id":"Q3884049","license":"CC BY-SA 4.0","confidence":"outside_bbox","extra":{"era":"СССР","war_raw":"Вторая мировая война"}}},{"type":"Feature","id":"battles:75d44a370c3d","geometry":{"type":"Point","coordinates":[32.255556,62.027778]},"properties":{"uid":"battles:75d44a370c3d","layer":"battles","layer_title":"Сражения и военные события","group":"military","title":"Битва при Колле","category":"Советско-финляндская война 1939–1940","year_from":1939,"year_to":1939,"date_precision":"year","date_approx":false,"period_raw":"1939.0","work":"Советско-финляндская война 1939–1940","summary":"Битва при Ко́лле (фин. Kollaan taistelu) — боевые действия между СССР и Финляндией в ходе Советско-финляндской войны 1939—1940 годов, длившиеся с 7 декабря 1939 года по 13 марта 1940 года на территории современной Ладожской Карелии у реки Колласйоки и озера Колласъярви.","url":"https://ru.wikipedia.org/wiki/Битва при Колле","source":"Русская Википедия / Викиданные","source_id":"Q934266","license":"CC BY-SA 4.0","confidence":"ok","extra":{"era":"СССР","war_raw":"Советско-финляндская война 1939–1940"}}},{"type":"Feature","id":"battles:651ea75d0d7d","geometry":{"type":"Point","coordinates":[30.566667,69.25]},"properties":{"uid":"battles:651ea75d0d7d","layer":"battles","layer_title":"Сражения и военные события","group":"military","title":"Бои в районе Петсамо","category":"Советско-финляндская война 1939–1940","year_from":1939,"year_to":1939,"date_precision":"day","date_approx":false,"period_raw":"1939-01-01","work":"Советско-финляндская война 1939–1940","summary":"Бои в районе Петсамо (фин. Petsamon taistelu) — боевые действия в регионе Петсамо во время советско-финской войны 1939—1940 годов.","url":"https://ru.wikipedia.org/wiki/Бои в районе Петсамо","source":"Русская Википедия / Викиданные","source_id":"Q2981215","license":"CC BY-SA 4.0","confidence":"ok","extra":{"era":"СССР","war_raw":"Советско-финляндская война 1939–1940"}}},{"type":"Feature","id":"battles:5e7f83d9648e","geometry":{"type":"Point","coordinates":[29.012389,60.507342]},"properties":{"uid":"battles:5e7f83d9648e","layer":"battles","layer_title":"Сражения и военные события","group":"military","title":"Прорыв линии Маннергейма","category":"Советско-финляндская война 1939–1940","year_from":1939,"year_to":1939,"date_precision":"day","date_approx":false,"period_raw":"1939-12-22","work":"Советско-финляндская война 1939–1940","url":"https://ru.wikipedia.org/wiki/Прорыв линии Маннергейма","source":"Русская Википедия / Викиданные","source_id":"Q3486941","license":"CC BY-SA 4.0","confidence":"ok","extra":{"era":"СССР","war_raw":"Советско-финляндская война 1939–1940"}}},{"type":"Feature","id":"battles:e7d813e2764f","geometry":{"type":"Point","coordinates":[28.666667,66.833333]},"properties":{"uid":"battles:e7d813e2764f","layer":"battles","layer_title":"Сражения и военные события","group":"military","title":"Битва при Салле","category":"Советско-финляндская война 1939–1940","year_from":1939,"year_to":1939,"date_precision":"year","date_approx":false,"period_raw":"1939.0","work":"Советско-финляндская война 1939–1940","summary":"Битва при Салле (фин. Sallan taistelut) — боевые действия между советскими и финскими войсками на территории волости Салла в ходе Советско-финской войны 1939—1940 годов. Столкновение было вызвано наступлением советской 122-й стрелковой дивизии 9-й армии на кандалакшском направлении. Хотя наступление дивизии и не достигло цели, она оказалась единственным соединением 9-й армии, которое в ходе этой в","url":"https://ru.wikipedia.org/wiki/Битва при Салле","source":"Русская Википедия / Викиданные","source_id":"Q715182","license":"CC BY-SA 4.0","confidence":"ok","extra":{"era":"СССР","war_raw":"Советско-финляндская война 1939–1940"}}},{"type":"Feature","id":"battles:232ea961c290","geometry":{"type":"Point","coordinates":[28.888889,64.888333]},"properties":{"uid":"battles:232ea961c290","layer":"battles","layer_title":"Сражения и военные события","group":"military","title":"Битва при Суомуссалми","category":"Советско-финляндская война 1939–1940","year_from":1939,"year_to":1939,"date_precision":"year","date_approx":false,"period_raw":"1939.0","work":"Советско-финляндская война 1939–1940","summary":"Би́тва при Су́омуссалми (фин. Suomussalmen taistelu) — боевые действия между советскими и финскими войсками около посёлка Суомуссалми в ходе Советско-финляндской войны 1939—1940 годов, длившиеся с 30 ноября 1939 года по 8 января 1940 года. Результатом сражения стало крупное поражение войск Красной Армии, похоронившее планы советского командования выйти к Ботническому заливу и «разрезать» Финляндию","url":"https://ru.wikipedia.org/wiki/Битва при Суомуссалми","source":"Русская Википедия / Викиданные","source_id":"Q477095","license":"CC BY-SA 4.0","confidence":"ok","extra":{"era":"СССР","war_raw":"Советско-финляндская война 1939–1940"}}},{"type":"Feature","id":"battles:4b00847d2783","geometry":{"type":"Point","coordinates":[29.012389,60.507342]},"properties":{"uid":"battles:4b00847d2783","layer":"battles","layer_title":"Сражения и военные события","group":"military","title":"Битва за Тайпале","category":"Советско-финляндская война 1939–1940","year_from":1939,"year_to":1939,"date_precision":"year","date_approx":false,"period_raw":"1939.0","work":"Советско-финляндская война 1939–1940","summary":"Битва за Тайпале (фин. Taipaleen taistelu) — одно из сражений советско-финской войны, в ходе которого советские войска пытались в декабре 1939 года прорвать линию Маннергейма в районе Тайпалеен-йоки (ныне река Бурная — южный рукав Вуоксы). Финские войска смогли организовать на этом участке эффективную оборону. С советской стороны к Тайпале к 3 декабря подошли 49-я, 142-я и 150-я дивизии. Они имели","url":"https://ru.wikipedia.org/wiki/Битва за Тайпале","source":"Русская Википедия / Викиданные","source_id":"Q953326","license":"CC BY-SA 4.0","confidence":"ok","extra":{"era":"СССР","war_raw":"Советско-финляндская война 1939–1940"}}},{"type":"Feature","id":"battles:82f956ebca53","geometry":{"type":"Point","coordinates":[31.488455,62.287976]},"properties":{"uid":"battles:82f956ebca53","layer":"battles","layer_title":"Сражения и военные события","group":"military","title":"Битва при Толваярви","category":"Советско-финляндская война 1939–1940","year_from":1939,"year_to":1939,"date_precision":"day","date_approx":false,"period_raw":"1939-12-12","work":"Советско-финляндская война 1939–1940","summary":"Битва при Толваярви (фин. Tolvajärven–Ägläjärven taistelu) — бои между финскими войсками и Красной армией, произошедшие 12 декабря 1939 года. Это была первая большая победа Финляндии во время Зимней войны.","url":"https://ru.wikipedia.org/wiki/Битва при Толваярви","source":"Русская Википедия / Викиданные","source_id":"Q639989","license":"CC BY-SA 4.0","confidence":"ok","extra":{"era":"СССР","war_raw":"Советско-финляндская война 1939–1940"}}},{"type":"Feature","id":"battles:f54bda3fde13","geometry":{"type":"Point","coordinates":[28.783333,60.65]},"properties":{"uid":"battles:f54bda3fde13","layer":"battles","layer_title":"Сражения и военные события","group":"military","title":"Бой при Хонканиеми","category":"Советско-финляндская война 1939–1940","year_from":1939,"year_to":1939,"date_precision":"year","date_approx":false,"period_raw":"1939.0","work":"Советско-финляндская война 1939–1940","summary":"Бой при Хонканиеми (фин. Honkaniemen taistelu) — один из двух танковых боёв в ходе Советско-финской войны 1939—1940 годов, произошедший 26 февраля 1940 года в районе нынешнего населённого пункта Лебедевка.","url":"https://ru.wikipedia.org/wiki/Бой при Хонканиеми","source":"Русская Википедия / Викиданные","source_id":"Q2594918","license":"CC BY-SA 4.0","confidence":"ok","extra":{"era":"СССР","war_raw":"Советско-финляндская война 1939–1940"}}},{"type":"Feature","id":"battles:0d3ff77e2df3","geometry":{"type":"Point","coordinates":[6.336389,58.316944]},"properties":{"uid":"battles:0d3ff77e2df3","layer":"battles","layer_title":"Сражения и военные события","group":"military","title":"Инцидент с «Альтмарком»","category":"Вторая мировая война 1939–1945","year_from":1940,"year_to":1940,"date_precision":"day","date_approx":false,"period_raw":"1940-02-16","work":"Вторая мировая война 1939–1945","url":"https://ru.wikipedia.org/wiki/Инцидент с «Альтмарком»","source":"Русская Википедия / Викиданные","source_id":"Q177283","license":"CC BY-SA 4.0","confidence":"outside_bbox","extra":{"era":"СССР","war_raw":"Вторая мировая война"}}},{"type":"Feature","id":"battles:d9f7f28a1c83","geometry":{"type":"Point","coordinates":[-0.688889,35.719494]},"properties":{"uid":"battles:d9f7f28a1c83","layer":"battles","layer_title":"Сражения и военные события","group":"military","title":"Нападение на Мерс-эль-Кебир","category":"Вторая мировая война 1939–1945","year_from":1940,"year_to":1940,"date_precision":"day","date_approx":false,"period_raw":"1940-07-03","work":"Вторая мировая война 1939–1945","summary":"Нападение на Мерс-эль-Кебир (фр. Bataille de Mers el-Kébir, англ. Attack on Mers-el-Kébir) — атака соединением Королевского флота Великобритании французского флота на его базе Мерс-эль-Кебир во Французском Алжире, осуществлённая 3 июля 1940 года. Нападение было частью операции «Катапульта», проведённой после перемирия Франции и Германии с целью недопущения попадания кораблей фр","url":"https://ru.wikipedia.org/wiki/Нападение на Мерс-эль-Кебир","source":"Русская Википедия / Викиданные","source_id":"Q503347","license":"CC BY-SA 4.0","confidence":"outside_bbox","extra":{"era":"СССР","war_raw":"Вторая мировая война"}}},{"type":"Feature","id":"battles:c7334292a043","geometry":{"type":"Point","coordinates":[17.56,68.420556]},"properties":{"uid":"battles:c7334292a043","layer":"battles","layer_title":"Сражения и военные события","group":"military","title":"Битва при Нарвике","category":"Вторая мировая война 1939–1945","year_from":1940,"year_to":1940,"date_precision":"year","date_approx":false,"period_raw":"1940.0","work":"Вторая мировая война 1939–1945","summary":"Битва при Нарвике (нем. Schlacht um Narvik) — боевые действия между немецкими армией и флотом с одной стороны и коалиционными силами Великобритании, Франции, Польши и Норвегии — с другой, продолжавшиеся с 9 апреля по 8 июня 1940 года. Часть Норвежской кампании Второй мировой войны в Европе.","url":"https://ru.wikipedia.org/wiki/Битва при Нарвике","source":"Русская Википедия / Викиданные","source_id":"Q708217","license":"CC BY-SA 4.0","confidence":"outside_bbox","extra":{"era":"СССР","war_raw":"Вторая мировая война"}}},{"type":"Feature","id":"battles:11e7b4d1b2ac","geometry":{"type":"Point","coordinates":[166.912258,-0.534396]},"properties":{"uid":"battles:11e7b4d1b2ac","layer":"battles","layer_title":"Сражения и военные события","group":"military","title":"Германские атаки Науру","category":"Вторая мировая война 1939–1945","year_from":1940,"year_to":1940,"date_precision":"day","date_approx":false,"period_raw":"1940-12-01","work":"Вторая мировая война 1939–1945","summary":"Германские атаки Науру — два нападения германского флота на Науру в декабре 1940 года силами вспомогательных крейсеров. Нападавшие затопили пять кораблей союзников и нанесли серьёзный ущерб экономически важным объектам добычи фосфатов Науру. Несмотря на значимость острова для австралийских и новозеландских экономик, Науру был беззащитен, а немецкие войска не понесли никаких пот","url":"https://ru.wikipedia.org/wiki/Германские атаки Науру","source":"Русская Википедия / Викиданные","source_id":"Q543099","license":"CC BY-SA 4.0","confidence":"outside_bbox","extra":{"era":"СССР","war_raw":"Вторая мировая война"}}},{"type":"Feature","id":"battles:d5b49fb26443","geometry":{"type":"Point","coordinates":[10.5927,59.7009]},"properties":{"uid":"battles:d5b49fb26443","layer":"battles","layer_title":"Сражения и военные события","group":"military","title":"Сражение в проливе Дрёбак","category":"Вторая мировая война 1939–1945","year_from":1940,"year_to":1940,"date_precision":"day","date_approx":false,"period_raw":"1940-04-09","work":"Вторая мировая война 1939–1945","url":"https://ru.wikipedia.org/wiki/Сражение в проливе Дрёбак","source":"Русская Википедия / Викиданные","source_id":"Q567787","license":"CC BY-SA 4.0","confidence":"outside_bbox","extra":{"era":"СССР","war_raw":"Вторая мировая война"}}},{"type":"Feature","id":"battles:29b4ba24cabc","geometry":{"type":"Point","coordinates":[24.768033,59.446344]},"properties":{"uid":"battles:29b4ba24cabc","layer":"battles","layer_title":"Сражения и военные события","group":"military","title":"Таллинский переход","category":"Вторая мировая война 1939–1945","year_from":1941,"year_to":1941,"date_precision":"day","date_approx":false,"period_raw":"1941-08-31","work":"Вторая мировая война 1939–1945","url":"https://ru.wikipedia.org/wiki/Таллинский переход","source":"Русская Википедия / Викиданные","source_id":"Q836124","license":"CC BY-SA 4.0","confidence":"ok","extra":{"era":"СССР","war_raw":"ВМВ"}}},{"type":"Feature","id":"battles:84aab68dede5","geometry":{"type":"Point","coordinates":[102.451,12.001]},"properties":{"uid":"battles:84aab68dede5","layer":"battles","layer_title":"Сражения и военные события","group":"military","title":"Бой у Ко-Чанга","category":"Вторая мировая война 1939–1945","year_from":1941,"year_to":1941,"date_precision":"year","date_approx":false,"period_raw":"1941.0","work":"Вторая мировая война 1939–1945","summary":"Бой у Ко-Чанга (фр. Bataille de Ko Chang) — морское сражение между отрядами французского и таиландского флотов, происшедшее 17 января 1941 года в ходе франко-тайской войны 1940—1941 годов. Единственное за всю войну серьёзное столкновение на море. Завершилось убедительной победой французов.","url":"https://ru.wikipedia.org/wiki/Бой у Ко-Чанга","source":"Русская Википедия / Викиданные","source_id":"Q702579","license":"CC BY-SA 4.0","confidence":"outside_bbox","extra":{"era":"СССР","war_raw":"Вторая мировая война"}}},{"type":"Feature","id":"battles:2c7cb8485543","geometry":{"type":"Point","coordinates":[104.478333,3.56]},"properties":{"uid":"battles:2c7cb8485543","layer":"battles","layer_title":"Сражения и военные события","group":"military","title":"Бой у Куантана","category":"Вторая мировая война 1939–1945","year_from":1941,"year_to":1941,"date_precision":"day","date_approx":false,"period_raw":"1941-12-10","work":"Вторая мировая война 1939–1945","summary":"Бой у Куантана — боевое столкновение во время войны на Тихом океане, известное также как потопление «Принс оф Уэлс» и «Рипалс» и Бой в Сиамском заливе. Произошло 10 декабря 1941 года в Южно-Китайском море между соединением японской базовой авиации и британским «Соединением Z» адмирала Томаса Филипса в составе линкора «Принс оф Уэлс», линейного крейсера «Рипалс» и четырёх эсминц","url":"https://ru.wikipedia.org/wiki/Бой у Куантана","source":"Русская Википедия / Викиданные","source_id":"Q700569","license":"CC BY-SA 4.0","confidence":"outside_bbox","extra":{"era":"СССР","war_raw":"Вторая мировая война"}}},{"type":"Feature","id":"battles:e7cd8ccc65d5","geometry":{"type":"Point","coordinates":[14.5188,35.902]},"properties":{"uid":"battles:e7cd8ccc65d5","layer":"battles","layer_title":"Сражения и военные события","group":"military","title":"Атака на Мальту","category":"Вторая мировая война 1939–1945","year_from":1941,"year_to":1941,"date_precision":"year","date_approx":false,"period_raw":"1941.0","work":"Вторая мировая война 1939–1945","summary":"Атака на Мальту (ит. Attacco a Malta) или Операция Malta Due — диверсионная операция итальянской 10-й флотилии MAS, осуществлённая 25-26 июля 1941 года на порт и военно-морскую базу Ла-Валлетта против британских военных сил, расположенных на Мальте. Операция потерпела неудачу, погибло значительное количество итальянских морских диверсантов, в том числе и один из организаторов о","url":"https://ru.wikipedia.org/wiki/Атака на Мальту","source":"Русская Википедия / Викиданные","source_id":"Q2026616","license":"CC BY-SA 4.0","confidence":"outside_bbox","extra":{"era":"СССР","war_raw":"Вторая мировая война"}}},{"type":"Feature","id":"battles:e6429c4be780","geometry":{"type":"Point","coordinates":[28.63833,44.17333]},"properties":{"uid":"battles:e6429c4be780","layer":"battles","layer_title":"Сражения и военные события","group":"military","title":"Рейд на Констанцу","category":"Вторая мировая война 1939–1945","year_from":1941,"year_to":1941,"date_precision":"day","date_approx":false,"period_raw":"1941-06-26","work":"Вторая мировая война 1939–1945","url":"https://ru.wikipedia.org/wiki/Рейд на Констанцу","source":"Русская Википедия / Викиданные","source_id":"Q29025221","license":"CC BY-SA 4.0","confidence":"ok","extra":{"era":"СССР","war_raw":"Вторая мировая война"}}},{"type":"Feature","id":"battles:75df661d3649","geometry":{"type":"Point","coordinates":[166.601,19.29]},"properties":{"uid":"battles:75df661d3649","layer":"battles","layer_title":"Сражения и военные события","group":"military","title":"Битва за остров Уэйк","category":"Вторая мировая война 1939–1945","year_from":1941,"year_to":1941,"date_precision":"year","date_approx":false,"period_raw":"1941.0","work":"Вторая мировая война 1939–1945","summary":"Би́тва за о́стров Уэ́йк (англ. Battle of Wake Island) началась одновременно с нападением на Пёрл-Харбор и закончилась 23 декабря 1941 года капитуляцией американских войск. Сражения за остров Уэйк велись как на самом атолле, так и вокруг него — на островках Пил и Уилкс с участием воздушных, наземных и морских сил Японии и США, однако в первую очередь использовался флот. Сражение","url":"https://ru.wikipedia.org/wiki/Битва за остров Уэйк","source":"Русская Википедия / Викиданные","source_id":"Q1141380","license":"CC BY-SA 4.0","confidence":"outside_bbox","extra":{"era":"СССР","war_raw":"Вторая мировая война"}}},{"type":"Feature","id":"battles:31400cc63dfc","geometry":{"type":"Point","coordinates":[37.632222,55.752222]},"properties":{"uid":"battles:31400cc63dfc","layer":"battles","layer_title":"Сражения и военные события","group":"military","title":"Битва за Москву","category":"Великая Отечественная война 1941–1945","year_from":1941,"year_to":1941,"date_precision":"day","date_approx":false,"period_raw":"1941-01-01","work":"Великая Отечественная война 1941–1945","summary":"Битва за Москву (также Московская битва или Битва под Москвой) — боевые действия Красной армии и немецкого вермахта на московском направлении, длившиеся с 30 сентября 1941 года по 20 апреля 1942 года. Выделяются два периода битвы: оборонительный (30 сентября — 5 декабря 1941 года) и наступательный, который состоял из двух этапов: контрнаступления (5 декабря 1941 года — 7 января 1942 года) и наступ","url":"https://ru.wikipedia.org/wiki/Битва за Москву","source":"Русская Википедия / Викиданные","source_id":"Q151290","license":"CC BY-SA 4.0","confidence":"ok","extra":{"era":"СССР","war_raw":"Великая Отечественная война 1941–1945"}}},{"type":"Feature","id":"battles:8db8f59e04e4","geometry":{"type":"Point","coordinates":[-75.0,15.0]},"properties":{"uid":"battles:8db8f59e04e4","layer":"battles","layer_title":"Сражения и военные события","group":"military","title":"Битва за Карибы","category":"Вторая мировая война 1939–1945","year_from":1941,"year_to":1941,"date_precision":"year","date_approx":false,"period_raw":"1941.0","work":"Вторая мировая война 1939–1945","summary":"Би́тва за Кари́бы (англ. Battle of the Caribbean) — это морская кампания, проходившая с 1941 по 1945 год во время Второй мировой войны, являющаяся частью битвы за Атлантику. Немецкие подводные лодки и итальянские субмарины пытались сорвать поставки союзниками нефти и других материалов. Они топили суда в Карибском море и Мексиканском заливе и атаковали прибрежные цели на Антильс","url":"https://ru.wikipedia.org/wiki/Битва за Карибы","source":"Русская Википедия / Викиданные","source_id":"Q443057","license":"CC BY-SA 4.0","confidence":"outside_bbox","extra":{"era":"СССР","war_raw":"Вторая мировая война"}}},{"type":"Feature","id":"battles:2358c0482f82","geometry":{"type":"Point","coordinates":[37.6175,55.750556]},"properties":{"uid":"battles:2358c0482f82","layer":"battles","layer_title":"Сражения и военные события","group":"military","title":"Московская паника 1941 года","category":"Великая Отечественная война 1941–1945","year_from":1941,"year_to":1941,"date_precision":"day","date_approx":false,"period_raw":"1941-10-15","work":"Великая Отечественная война 1941–1945","summary":"Моско́вская па́ника 1941 го́да — события, происходившие в столице Советского Союза во время ожесточённых боёв с наступающими на город немецкими войсками в ходе Великой Отечественной войны, когда 15, 16 и 17 октября 1941 года (после принятия Государственным комитетом обороны СССР секретного постановления от 15 октября 1941 года № 801 «Об эвакуации столицы СССР г. Москвы», предусматривавшего отъезд","url":"https://ru.wikipedia.org/wiki/Московская паника 1941 года","source":"Русская Википедия / Викиданные","source_id":"Q4303937","license":"CC BY-SA 4.0","confidence":"place_level","extra":{"era":"СССР","war_raw":"Великая Отечественная война 1941–1945"}}},{"type":"Feature","id":"battles:faea37fdfe4e","geometry":{"type":"Point","coordinates":[31.12722,59.84667]},"properties":{"uid":"battles:faea37fdfe4e","layer":"battles","layer_title":"Сражения и военные события","group":"military","title":"Бои за Синявинские высоты","category":"Великая Отечественная война 1941–1945","year_from":1941,"year_to":1941,"date_precision":"year","date_approx":false,"period_raw":"1941.0","work":"Великая Отечественная война 1941–1945","summary":"Синявинские высоты — возвышенность до 50 м над уровнем моря в Южном Приладожье южнее современного поселка Синявино, опорный пункт обороны германских войск. В районе высот в 1941—1944 годах велись жесточайшие бои во время битвы за Ленинград. Владение высотами позволяло контролировать обширную территорию шлиссельбургско-синявинского выступа от Ладожского озера на севере до реки Мга на юге, являвшуюс","url":"https://ru.wikipedia.org/wiki/Бои за Синявинские высоты","source":"Русская Википедия / Викиданные","source_id":"Q4090265","license":"CC BY-SA 4.0","confidence":"ok","extra":{"era":"СССР","war_raw":"Великая Отечественная война 1941–1945"}}},{"type":"Feature","id":"battles:68f5eaead4cf","geometry":{"type":"Point","coordinates":[39.0745,44.0957]},"properties":{"uid":"battles:68f5eaead4cf","layer":"battles","layer_title":"Сражения и военные события","group":"military","title":"Музей обороны Туапсе","category":"Великая Отечественная война 1941–1945","year_from":1941,"year_to":1941,"date_precision":"year","date_approx":false,"period_raw":"1941.0","work":"Великая Отечественная война 1941–1945","summary":"Историко-краеведческий музей обороны Туапсе — музей, посвященный обороне города Туапсе во время Великой Отечественной войны 1941—1945 гг. Музей, основанный Эдуардом Иосифовичем Пятигорским, был открыт 14 июня 1999 года. Директор музея — Михаил Михайлович Баламатов.","url":"https://ru.wikipedia.org/wiki/Музей обороны Туапсе","source":"Русская Википедия / Викиданные","source_id":"Q4306402","license":"CC BY-SA 4.0","confidence":"ok","extra":{"era":"СССР","war_raw":"Великая Отечественная война 1941–1945"}}},{"type":"Feature","id":"battles:344be2857446","geometry":{"type":"Point","coordinates":[32.045278,54.782778]},"properties":{"uid":"battles:344be2857446","layer":"battles","layer_title":"Сражения и военные события","group":"military","title":"Смоленское сражение (1941)","category":"Великая Отечественная война 1941–1945","year_from":1941,"year_to":1941,"date_precision":"day","date_approx":false,"period_raw":"1941-01-01","work":"Великая Отечественная война 1941–1945","url":"https://ru.wikipedia.org/wiki/Смоленское сражение (1941)","source":"Русская Википедия / Викиданные","source_id":"Q162357","license":"CC BY-SA 4.0","confidence":"ok","extra":{"era":"СССР","war_raw":"Великая Отечественная война 1941–1945"}}},{"type":"Feature","id":"battles:f3963392bb37","geometry":{"type":"Point","coordinates":[30.5164,50.4536]},"properties":{"uid":"battles:f3963392bb37","layer":"battles","layer_title":"Сражения и военные события","group":"military","title":"Киевская стратегическая оборонительная операция","category":"Великая Отечественная война 1941–1945","year_from":1941,"year_to":1941,"date_precision":"day","date_approx":false,"period_raw":"1941-01-01","work":"Великая Отечественная война 1941–1945","summary":"Киевская стратегическая оборонительная операция или Бои на киевском направлении — крупномасштабное сражение во время Великой Отечественной войны, проходившее в июле — сентябре 1941 года между советскими войсками РККА Юго-Западного фронта и немецкой группой армий «Юг» Вермахта, закончившееся окружением и разгромом войск советского фронта. С немецкой стороны в сражении участвовала группа армий «Юг»","url":"https://ru.wikipedia.org/wiki/Киевская стратегическая оборонительная операция","source":"Русская Википедия / Викиданные","source_id":"Q162284","license":"CC BY-SA 4.0","confidence":"ok","extra":{"era":"СССР","war_raw":"Великая Отечественная война 1941–1945"}}},{"type":"Feature","id":"battles:faa69390b19c","geometry":{"type":"Point","coordinates":[23.652778,52.083333]},"properties":{"uid":"battles:faa69390b19c","layer":"battles","layer_title":"Сражения и военные события","group":"military","title":"Оборона Брестской крепости","category":"Великая Отечественная война 1941–1945","year_from":1941,"year_to":1941,"date_precision":"day","date_approx":false,"period_raw":"1941-06-01","work":"Великая Отечественная война 1941–1945","url":"https://ru.wikipedia.org/wiki/Оборона Брестской крепости","source":"Русская Википедия / Викиданные","source_id":"Q611789","license":"CC BY-SA 4.0","confidence":"ok","extra":{"era":"СССР","war_raw":"Великая Отечественная война 1941–1945"}}},{"type":"Feature","id":"battles:3047e7fed071","geometry":{"type":"Point","coordinates":[30.555278,50.285556]},"properties":{"uid":"battles:3047e7fed071","layer":"battles","layer_title":"Сражения и военные события","group":"military","title":"ДОТ № 106 (КиУР)","category":"Великая Отечественная война 1941–1945","year_from":1941,"year_to":1941,"date_precision":"year","date_approx":false,"period_raw":"1941.0","work":"Великая Отечественная война 1941–1945","summary":"ДОТ № 106 — долговременная огневая точка, расположенная на южном фасе Киевского укрепрайона и входившая в его первую линию обороны. Фортификационное сооружение относится к классу пулемётный полукапонир (ППК) и является одним из восьми данного типа, находящихся в КиУР (см. также ППК № 182). Сооружение принимало участие в обороне Киева в 1941-м году.","url":"https://ru.wikipedia.org/wiki/ДОТ № 106 (КиУР)","source":"Русская Википедия / Викиданные","source_id":"Q56774928","license":"CC BY-SA 4.0","confidence":"ok","extra":{"era":"СССР","war_raw":"Великая Отечественная война 1941–1945"}}},{"type":"Feature","id":"battles:40a868e84228","geometry":{"type":"Point","coordinates":[30.360556,50.343889]},"properties":{"uid":"battles:40a868e84228","layer":"battles","layer_title":"Сражения и военные события","group":"military","title":"ДОТ № 205 (КиУР)","category":"Великая Отечественная война 1941–1945","year_from":1941,"year_to":1941,"date_precision":"year","date_approx":false,"period_raw":"1941.0","work":"Великая Отечественная война 1941–1945","summary":"ДОТ № 205 (ДОТ Ветрова) — долговременная огневая точка, расположенная на северной окраине села Юровка и входившая в первую линию обороны Киевского укрепрайона. Фортификационное сооружение известно своими действиями под командованием лейтенанта Ветрова Георгия Кирилловича в период обороны Киева в 1941 году.","url":"https://ru.wikipedia.org/wiki/ДОТ № 205 (КиУР)","source":"Русская Википедия / Викиданные","source_id":"Q12099268","license":"CC BY-SA 4.0","confidence":"ok","extra":{"era":"СССР","war_raw":"Великая Отечественная война 1941–1945"}}},{"type":"Feature","id":"battles:63e392d417d2","geometry":{"type":"Point","coordinates":[30.229444,50.396389]},"properties":{"uid":"battles:63e392d417d2","layer":"battles","layer_title":"Сражения и военные события","group":"military","title":"ДОТ № 385 (КиУР)","category":"Великая Отечественная война 1941–1945","year_from":1941,"year_to":1941,"date_precision":"year","date_approx":false,"period_raw":"1941.0","work":"Великая Отечественная война 1941–1945","summary":"ДОТ № 385 — долговременная огневая точка, расположенная на западном фасе Киевского укрепрайона и входившая в его первую линию обороны. Фортификационное сооружение относится к классу пулемётный капонир (ПК) и является уникальным по своей конструкции во всём КиУР. Сооружение принимало участие в обороне Киева в 1941-м году.","url":"https://ru.wikipedia.org/wiki/ДОТ № 385 (КиУР)","source":"Русская Википедия / Викиданные","source_id":"Q56855451","license":"CC BY-SA 4.0","confidence":"ok","extra":{"era":"СССР","war_raw":"Великая Отечественная война 1941–1945"}}},{"type":"Feature","id":"battles:c2e41333162b","geometry":{"type":"Point","coordinates":[30.235678,50.446986]},"properties":{"uid":"battles:c2e41333162b","layer":"battles","layer_title":"Сражения и военные события","group":"military","title":"ДОТ № 410 (КиУР)","category":"Великая Отечественная война 1941–1945","year_from":1941,"year_to":1941,"date_precision":"year","date_approx":false,"period_raw":"1941.0","work":"Великая Отечественная война 1941–1945","summary":"ДОТ № 410 — долговременная огневая точка, расположенная на западном фасе Киевского укрепрайона под мостом через реку Ирпень и входившая в его первую линию обороны. Фортификационное сооружение относится к классу пулемётный капонир (ПК) и принимало участие в обороне Киева в 1941-м году.","url":"https://ru.wikipedia.org/wiki/ДОТ № 410 (КиУР)","source":"Русская Википедия / Викиданные","source_id":"Q16697321","license":"CC BY-SA 4.0","confidence":"ok","extra":{"era":"СССР","war_raw":"Великая Отечественная война 1941–1945"}}},{"type":"Feature","id":"battles:368a088441cf","geometry":{"type":"Point","coordinates":[34.1,44.9333]},"properties":{"uid":"battles:368a088441cf","layer":"battles","layer_title":"Сражения и военные события","group":"military","title":"Крымская оборонительная операция","category":"Великая Отечественная война 1941–1945","year_from":1941,"year_to":1941,"date_precision":"year","date_approx":false,"period_raw":"1941.0","work":"Великая Отечественная война 1941–1945","summary":"Крымская оборонительная операция — оборона Крыма в начале Великой Отечественной войны, продолжавшаяся с 18 октября по 16 ноября 1941 года. Хотя бои на перешейке шли с 15 сентября, продолжительность операции составила 62 дня.","url":"https://ru.wikipedia.org/wiki/Крымская оборонительная операция","source":"Русская Википедия / Викиданные","source_id":"Q700937","license":"CC BY-SA 4.0","confidence":"ok","extra":{"era":"СССР","war_raw":"Великая Отечественная война 1941–1945"}}},{"type":"Feature","id":"battles:b44193e51f70","geometry":{"type":"Point","coordinates":[29.25,57.316667]},"properties":{"uid":"battles:b44193e51f70","layer":"battles","layer_title":"Сражения и военные события","group":"military","title":"Ленинградская стратегическая оборонительная операция","category":"Великая Отечественная война 1941–1945","year_from":1941,"year_to":1941,"date_precision":"year","date_approx":false,"period_raw":"1941.0","work":"Великая Отечественная война 1941–1945","summary":"Ленинградская стратегическая оборонительная операция — принятое в советской историографии название для оборонительной операции РККА и ВМФ СССР, проведённой в ходе Великой Отечественной войны в Ленинградской, Калининской областях, Эстонской ССР и Балтийском море c 10 июля по 30 сентября 1941 года. В рамках стратегической операции проведены: Таллинская фронтовая оборонительная операция Кингисеппско","url":"https://ru.wikipedia.org/wiki/Ленинградская стратегическая оборонительная операция","source":"Русская Википедия / Викиданные","source_id":"Q16960323","license":"CC BY-SA 4.0","confidence":"place_level","extra":{"era":"СССР","war_raw":"Великая Отечественная война 1941–1945"}}},{"type":"Feature","id":"battles:4d4ae3e939ab","geometry":{"type":"Point","coordinates":[29.84278,58.715]},"properties":{"uid":"battles:4d4ae3e939ab","layer":"battles","layer_title":"Сражения и военные события","group":"military","title":"Лужский оборонительный рубеж","category":"Великая Отечественная война 1941–1945","year_from":1941,"year_to":1941,"date_precision":"year","date_approx":false,"period_raw":"1941.0","work":"Великая Отечественная война 1941–1945","summary":"Лу́жский оборони́тельный рубе́ж (Лужская укреплённая пози́ция) — система советских укреплений (оборонительный рубеж) протяжённостью около 300 километров, построенная в июне — августе 1941 года на территории Ленинградской области, от Нарвского залива, по рекам Луге, Мшаге, Шелони до озера Ильмень с целью не допустить прорыва войск немецкой группы армий «Север» на северо-восток в направлении Ленингр","url":"https://ru.wikipedia.org/wiki/Лужский оборонительный рубеж","source":"Русская Википедия / Викиданные","source_id":"Q16480305","license":"CC BY-SA 4.0","confidence":"ok","extra":{"era":"СССР","war_raw":"Великая Отечественная война 1941–1945"}}},{"type":"Feature","id":"battles:cfe0593a2a29","geometry":{"type":"Point","coordinates":[33.083333,68.966667]},"properties":{"uid":"battles:cfe0593a2a29","layer":"battles","layer_title":"Сражения и военные события","group":"military","title":"Мурманская операция (1941)","category":"Великая Отечественная война 1941–1945","year_from":1941,"year_to":1941,"date_precision":"year","date_approx":false,"period_raw":"1941.0","work":"Великая Отечественная война 1941–1945","summary":"Мурманская операция или Операция «Зильберфукс» (нем. Unternehmen Silberfuchs, с нем. Операция «Серебристая лиса») — наступление немецких и финских войск на мурманском (протяжённость до 120 км) и беломорокарельском участках Северного фронта (с 1 сентября 1941 года — Карельского фронта) в период с 29 июня по октябрь 1941 года. Завершилась срывом планов германо-финского командования и стабилизацией ф","url":"https://ru.wikipedia.org/wiki/Мурманская операция (1941)","source":"Русская Википедия / Викиданные","source_id":"Q313442","license":"CC BY-SA 4.0","confidence":"ok","extra":{"era":"СССР","war_raw":"Великая Отечественная война 1941–1945"}}},{"type":"Feature","id":"battles:5d8bc007c61d","geometry":{"type":"Point","coordinates":[39.71,47.2225]},"properties":{"uid":"battles:5d8bc007c61d","layer":"battles","layer_title":"Сражения и военные события","group":"military","title":"Ростовская наступательная операция (1941)","category":"Великая Отечественная война 1941–1945","year_from":1941,"year_to":1941,"date_precision":"day","date_approx":false,"period_raw":"1941-01-01","work":"Великая Отечественная война 1941–1945","url":"https://ru.wikipedia.org/wiki/Ростовская наступательная операция (1941)","source":"Русская Википедия / Викиданные","source_id":"Q169436","license":"CC BY-SA 4.0","confidence":"place_level","extra":{"era":"СССР","war_raw":"Великая Отечественная война 1941–1945"}}},{"type":"Feature","id":"battles:c58376346eb3","geometry":{"type":"Point","coordinates":[115.388056,-8.630556]},"properties":{"uid":"battles:c58376346eb3","layer":"battles","layer_title":"Сражения и военные события","group":"military","title":"Бой в проливе Бадунг","category":"Вторая мировая война 1939–1945","year_from":1942,"year_to":1942,"date_precision":"year","date_approx":false,"period_raw":"1942.0","work":"Вторая мировая война 1939–1945","summary":"Бой в проливе Бадунг (англ. Battle of Badung Strait), известный также как Бой у Бали — ночное морское сражение Второй мировой войны, состоявшееся в проливе Бадунг 19−20 февраля 1942 года у острова Бали между союзной эскадрой ABDA под командованием голландского контр-адмирала Карела Доормана и японским конвоем, предпринимающем высадку на Бали. Несмотря на явное превосходство сою","url":"https://ru.wikipedia.org/wiki/Бой в проливе Бадунг","source":"Русская Википедия / Викиданные","source_id":"Q2117492","license":"CC BY-SA 4.0","confidence":"outside_bbox","extra":{"era":"СССР","war_raw":"Вторая мировая война"}}},{"type":"Feature","id":"battles:9a4e2750c2ff","geometry":{"type":"Point","coordinates":[-123.9625,46.201944]},"properties":{"uid":"battles:9a4e2750c2ff","layer":"battles","layer_title":"Сражения и военные события","group":"military","title":"Бомбардировка форта Стивенс","category":"Вторая мировая война 1939–1945","year_from":1942,"year_to":1942,"date_precision":"day","date_approx":false,"period_raw":"1942-06-21","work":"Вторая мировая война 1939–1945","summary":"Бомбардировка форта Стивенс произошла в июне 1942 года. Подводная лодка Японской империи обстреляла форт Стивенс, который защищал орегонскую сторону устья реки Колумбия.","url":"https://ru.wikipedia.org/wiki/Бомбардировка форта Стивенс","source":"Русская Википедия / Викиданные","source_id":"Q4940507","license":"CC BY-SA 4.0","confidence":"outside_bbox","extra":{"era":"СССР","war_raw":"Вторая мировая война"}}},{"type":"Feature","id":"battles:57e585767f38","geometry":{"type":"Point","coordinates":[-172.833,3.15]},"properties":{"uid":"battles:57e585767f38","layer":"battles","layer_title":"Сражения и военные события","group":"military","title":"Рейд на Макин","category":"Вторая мировая война 1939–1945","year_from":1942,"year_to":1942,"date_precision":"day","date_approx":false,"period_raw":"1942-08-18","work":"Вторая мировая война 1939–1945","url":"https://ru.wikipedia.org/wiki/Рейд на Макин","source":"Русская Википедия / Викиданные","source_id":"Q660232","license":"CC BY-SA 4.0","confidence":"outside_bbox","extra":{"era":"СССР","war_raw":"Вторая мировая война"}}},{"type":"Feature","id":"battles:2ad230c24ca8","geometry":{"type":"Point","coordinates":[-178.0,30.0]},"properties":{"uid":"battles:2ad230c24ca8","layer":"battles","layer_title":"Сражения и военные события","group":"military","title":"Битва за Мидуэй","category":"Вторая мировая война 1939–1945","year_from":1942,"year_to":1942,"date_precision":"year","date_approx":false,"period_raw":"1942.0","work":"Вторая мировая война 1939–1945","summary":"Сражение у атолла Мидуэй, Мидуэйское сражение (англ. Battle of Midway, 4 — 7 июня 1942 года), (яп. ミッドウェー海戦 миддоуэ кайсэн) — крупное морское сражение Второй мировой войны на Тихом океане. Решительная победа флота США над силами японского ВМФ. Стало поворотной точкой в войне на Тихом океане. Японская авианосная группа потеряла 4 тяжёлых авианосца, 256 самолётов (с учётом авиац","url":"https://ru.wikipedia.org/wiki/Битва за Мидуэй","source":"Русская Википедия / Викиданные","source_id":"Q173034","license":"CC BY-SA 4.0","confidence":"outside_bbox","extra":{"era":"СССР","war_raw":"Вторая мировая война"}}},{"type":"Feature","id":"battles:2e47d8603620","geometry":{"type":"Point","coordinates":[92.066667,-19.75]},"properties":{"uid":"battles:2e47d8603620","layer":"battles","layer_title":"Сражения и военные события","group":"military","title":"Бой «Ондины» с японскими рейдерами","category":"Вторая мировая война 1939–1945","year_from":1942,"year_to":1942,"date_precision":"year","date_approx":false,"period_raw":"1942.0","work":"Вторая мировая война 1939–1945","summary":"Бой танкера «Ондина» и тральщика «Бенгал» с японскими рейдерами 11 ноября 1942 года — сражение в Индийском океане конвоя из вооруженного голландского танкера и англо-индийского эскортного судна против японских вспомогательных крейсеров-рейдеров, закончившееся потоплением слабовооружёнными союзными судами более сильного японского корабля.","url":"https://ru.wikipedia.org/wiki/Бой «Ондины» с японскими рейдерами","source":"Русская Википедия / Викиданные","source_id":"Q4090283","license":"CC BY-SA 4.0","confidence":"outside_bbox","extra":{"era":"СССР","war_raw":"Вторая мировая война"}}},{"type":"Feature","id":"battles:0e7ed30c6ce7","geometry":{"type":"Point","coordinates":[159.816667,-9.133333]},"properties":{"uid":"battles:0e7ed30c6ce7","layer":"battles","layer_title":"Сражения и военные события","group":"military","title":"Бой у острова Саво","category":"Вторая мировая война 1939–1945","year_from":1942,"year_to":1942,"date_precision":"day","date_approx":false,"period_raw":"1942-01-01","work":"Вторая мировая война 1939–1945","summary":"Бой у острова Саво (англ. Battle of Savo Island), также известный как Первый бой у острова Саво, в японских источниках — Первый бой в Соломоновом море (яп. 第一次ソロモン海戦 Dai-ichi-ji Soromon Kaisen) — ночной морской бой в водах, омывающих остров Гуадалканал в архипелаге Соломоновых островов, состоявшийся ночью 9 августа 1942 года, между соединением 8-го японского флота вице-адмирала","url":"https://ru.wikipedia.org/wiki/Бой у острова Саво","source":"Русская Википедия / Викиданные","source_id":"Q700032","license":"CC BY-SA 4.0","confidence":"outside_bbox","extra":{"era":"СССР","war_raw":"Вторая мировая война"}}},{"type":"Feature","id":"battles:1cb630a72396","geometry":{"type":"Point","coordinates":[166.716667,-8.633333]},"properties":{"uid":"battles:1cb630a72396","layer":"battles","layer_title":"Сражения и военные события","group":"military","title":"Бой у островов Санта-Крус","category":"Вторая мировая война 1939–1945","year_from":1942,"year_to":1942,"date_precision":"year","date_approx":false,"period_raw":"1942.0","work":"Вторая мировая война 1939–1945","summary":"Бой у островов Санта-Крус (англ. Battle of the Santa Cruz Islands) — морское сражение между японской и американскими эскадрами, состоявшееся 26 октября 1942 года у островов Санта-Крус (Соломоновы Острова). В японских источниках известно как Южнотихоокеанский бой (яп. 南太平洋海戦 Минамитайхэйё: кайсэн). Это четвёртое сражение авианосцев в Битве за Тихий океан во время Второй мировой","url":"https://ru.wikipedia.org/wiki/Бой у островов Санта-Крус","source":"Русская Википедия / Викиданные","source_id":"Q699669","license":"CC BY-SA 4.0","confidence":"outside_bbox","extra":{"era":"СССР","war_raw":"Вторая мировая война"}}},{"type":"Feature","id":"battles:3fb72d207914","geometry":{"type":"Point","coordinates":[-2.1966,47.2748]},"properties":{"uid":"battles:3fb72d207914","layer":"battles","layer_title":"Сражения и военные события","group":"military","title":"Рейд на Сен-Назер","category":"Вторая мировая война 1939–1945","year_from":1942,"year_to":1942,"date_precision":"day","date_approx":false,"period_raw":"1942-03-28","work":"Вторая мировая война 1939–1945","url":"https://ru.wikipedia.org/wiki/Рейд на Сен-Назер","source":"Русская Википедия / Викиданные","source_id":"Q572676","license":"CC BY-SA 4.0","confidence":"outside_bbox","extra":{"era":"СССР","war_raw":"Вторая мировая война"}}},{"type":"Feature","id":"battles:3d28c7d06f5e","geometry":{"type":"Point","coordinates":[10.953333,37.753333]},"properties":{"uid":"battles:3d28c7d06f5e","layer":"battles","layer_title":"Сражения и военные события","group":"military","title":"Бой у банки Скерки","category":"Вторая мировая война 1939–1945","year_from":1942,"year_to":1942,"date_precision":"day","date_approx":false,"period_raw":"1942-12-02","work":"Вторая мировая война 1939–1945","summary":"Бой у банки Скерки (англ. Battle of Skerki Bank; итал. Battaglia del banco di Skerki) — ночной морской бой, произошедший на Средиземном море, в Тунисском проливе в ночь на 2 декабря 1942 года в ходе Второй мировой войны между итало-немецким конвоем, следующим в Северную Африку, и британско-австралийским крейсерским Соединением «Q». Бой закончился полным разгромом конвоя, потеря","url":"https://ru.wikipedia.org/wiki/Бой у банки Скерки","source":"Русская Википедия / Викиданные","source_id":"Q1748629","license":"CC BY-SA 4.0","confidence":"outside_bbox","extra":{"era":"СССР","war_raw":"Вторая мировая война"}}},{"type":"Feature","id":"battles:b6892e91bf8b","geometry":{"type":"Point","coordinates":[159.833333,-9.2]},"properties":{"uid":"battles:b6892e91bf8b","layer":"battles","layer_title":"Сражения и военные события","group":"military","title":"Бой у Тассафаронга","category":"Вторая мировая война 1939–1945","year_from":1942,"year_to":1942,"date_precision":"day","date_approx":false,"period_raw":"1942-11-30","work":"Вторая мировая война 1939–1945","summary":"Бой у Тассафаронги (англ. Battle of Tassafaronga), известный также как Четвёртое сражение у острова Саво, японцами называется Ночное сражение у мыса Лунга (яп. ルンガ沖夜戦 Рунга-оки ясэн) — ночной бой, состоявшийся 30 ноября 1942 года между Токийским экспрессом из 8 эсминцев японского Императорского флота, доставлявших снабжение на остров Гуадалканал, под командованием контр-адмирал","url":"https://ru.wikipedia.org/wiki/Бой у Тассафаронга","source":"Русская Википедия / Викиданные","source_id":"Q1475679","license":"CC BY-SA 4.0","confidence":"outside_bbox","extra":{"era":"СССР","war_raw":"Вторая мировая война"}}},{"type":"Feature","id":"battles:93569f1721d1","geometry":{"type":"Point","coordinates":[160.14889,-9.10722]},"properties":{"uid":"battles:93569f1721d1","layer":"battles","layer_title":"Сражения и военные события","group":"military","title":"Битва за Тулаги, Гавуту и Танамбого","category":"Вторая мировая война 1939–1945","year_from":1942,"year_to":1942,"date_precision":"year","date_approx":false,"period_raw":"1942.0","work":"Вторая мировая война 1939–1945","summary":"Битва за Тулаги, Гавуту и Танамбого (англ. Battle of Tulagi and Gavutu–Tanambogo, яп. フロリダ諸島の戦い Фурорида-сёто: но татакаи, «Битва за Флоридские острова») — сражение на тихоокеанском театре военных действий Второй мировой войны между силами японского флота и войсками союзников (главным образом морской пехотой США), происходившее 7—9 августа 1942 года на Соломоновых островах во в","url":"https://ru.wikipedia.org/wiki/Битва за Тулаги, Гавуту и Танамбого","source":"Русская Википедия / Викиданные","source_id":"Q1497996","license":"CC BY-SA 4.0","confidence":"outside_bbox","extra":{"era":"СССР","war_raw":"Вторая мировая война"}}},{"type":"Feature","id":"battles:bd58682aa4ba","geometry":{"type":"Point","coordinates":[159.65,-9.1]},"properties":{"uid":"battles:bd58682aa4ba","layer":"battles","layer_title":"Сражения и военные события","group":"military","title":"Бой у мыса Эсперанс","category":"Вторая мировая война 1939–1945","year_from":1942,"year_to":1942,"date_precision":"year","date_approx":false,"period_raw":"1942.0","work":"Вторая мировая война 1939–1945","summary":"Бой у мыса Эсперанс (англ. Battle of Cape Esperance), также известный как Второй бой у острова Саво, а также в японских источниках Морской бой у острова Саво (яп. サボ島沖海戦 Сабо-то: оки кайсэн) — ночное морское сражение на Тихом океане, состоявшееся в ночь с 11 на 12 октября 1942 года между японскими и американскими военно-морскими силами. Этот бой стал третьим из пяти крупных мор","url":"https://ru.wikipedia.org/wiki/Бой у мыса Эсперанс","source":"Русская Википедия / Викиданные","source_id":"Q1475243","license":"CC BY-SA 4.0","confidence":"outside_bbox","extra":{"era":"СССР","war_raw":"Вторая мировая война"}}},{"type":"Feature","id":"battles:de400ae7959c","geometry":{"type":"Point","coordinates":[111.0,-5.0]},"properties":{"uid":"battles:de400ae7959c","layer":"battles","layer_title":"Сражения и военные события","group":"military","title":"Сражение в Яванском море","category":"Вторая мировая война 1939–1945","year_from":1942,"year_to":1942,"date_precision":"day","date_approx":false,"period_raw":"1942-02-27","work":"Вторая мировая война 1939–1945","url":"https://ru.wikipedia.org/wiki/Сражение в Яванском море","source":"Русская Википедия / Викиданные","source_id":"Q263142","license":"CC BY-SA 4.0","confidence":"outside_bbox","extra":{"era":"СССР","war_raw":"Вторая мировая война"}}},{"type":"Feature","id":"battles:11ed029bcc0c","geometry":{"type":"Point","coordinates":[39.71,47.2225]},"properties":{"uid":"battles:11ed029bcc0c","layer":"battles","layer_title":"Сражения и военные события","group":"military","title":"Битва за Ростов (1942)","category":"Великая Отечественная война 1941–1945","year_from":1942,"year_to":1942,"date_precision":"day","date_approx":false,"period_raw":"1942-07-19","work":"Великая Отечественная война 1941–1945","summary":"Битва за Ростов (19—24 июля 1942 года) — часть операции «Блау», в ходе которой 17-я армия и 1-й танковая армией вермахта заняли Ростов-на-Дону и пытались окружить отступающую 56-ю советскую армию. Благодаря решительным действиям коммандос полка «Бранденбург» вермахту удалось взять мосты через Дон и дамбу южнее города, предотвратив затопление местности на левом берегу Дона, что","url":"https://ru.wikipedia.org/wiki/Битва за Ростов (1942)","source":"Русская Википедия / Викиданные","source_id":"Q2889816","license":"CC BY-SA 4.0","confidence":"place_level","extra":{"era":"СССР","war_raw":"Великая Отечественная война"}}},{"type":"Feature","id":"battles:c9a8b0692967","geometry":{"type":"Point","coordinates":[35.433333,54.433333]},"properties":{"uid":"battles:c9a8b0692967","layer":"battles","layer_title":"Сражения и военные события","group":"military","title":"Операция «Вирбельвинд»","category":"Великая Отечественная война 1941–1945","year_from":1942,"year_to":1942,"date_precision":"day","date_approx":false,"period_raw":"1942-01-01","work":"Великая Отечественная война 1941–1945","url":"https://ru.wikipedia.org/wiki/Операция «Вирбельвинд»","source":"Русская Википедия / Викиданные","source_id":"Q65246453","license":"CC BY-SA 4.0","confidence":"place_level","extra":{"era":"СССР","war_raw":"Великая Отечественная война"}}},{"type":"Feature","id":"battles:d76523e9ad97","geometry":{"type":"Point","coordinates":[-62.0,48.25]},"properties":{"uid":"battles:d76523e9ad97","layer":"battles","layer_title":"Сражения и военные события","group":"military","title":"Битва в заливе Святого Лаврентия","category":"Вторая мировая война 1939–1945","year_from":1942,"year_to":1942,"date_precision":"year","date_approx":false,"period_raw":"1942.0","work":"Вторая мировая война 1939–1945","summary":"Би́тва в зали́ве Свято́го Лавре́нтия — несколько подводных и противолодочных боевых действий в низовьях реки Святого Лаврентия и во всей акватории залива Святого Лаврентия, проливов Белл-Айл и Кабота в мае — октябре 1942, сентябре 1943 и октябре — ноябре 1944 гг. За этот период немецкие подводные лодки потопили несколько кораблей торгового флота и три канадских военных корабля.","url":"https://ru.wikipedia.org/wiki/Битва в заливе Святого Лаврентия","source":"Русская Википедия / Викиданные","source_id":"Q1993443","license":"CC BY-SA 4.0","confidence":"outside_bbox","extra":{"era":"СССР","war_raw":"Вторая мировая война"}}},{"type":"Feature","id":"battles:5d2142e75945","geometry":{"type":"Point","coordinates":[105.769722,-5.970278]},"properties":{"uid":"battles:5d2142e75945","layer":"battles","layer_title":"Сражения и военные события","group":"military","title":"Бой в Зондском проливе","category":"Вторая мировая война 1939–1945","year_from":1942,"year_to":1942,"date_precision":"year","date_approx":false,"period_raw":"1942.0","work":"Вторая мировая война 1939–1945","summary":"Бой в Зондском проливе (англ. Battle of Sunda Strait) — морское сражение Второй мировой войны, состоявшееся в Зондском проливе между крейсерами союзников, прорывающихся из Яванского моря после разгрома союзной эскадры, и японскими силами, прикрывающими высадку японских войск на Яву. Состоялось в ночь с 28 февраля на 1 марта 1942 года. Два союзные крейсера неожиданно для себя вы","url":"https://ru.wikipedia.org/wiki/Бой в Зондском проливе","source":"Русская Википедия / Викиданные","source_id":"Q1536686","license":"CC BY-SA 4.0","confidence":"outside_bbox","extra":{"era":"СССР","war_raw":"Вторая мировая война"}}},{"type":"Feature","id":"battles:ed33ebe5c791","geometry":{"type":"Point","coordinates":[110.0,-5.0]},"properties":{"uid":"battles:ed33ebe5c791","layer":"battles","layer_title":"Сражения и военные события","group":"military","title":"Второе сражение в Яванском море","category":"Вторая мировая война 1939–1945","year_from":1942,"year_to":1942,"date_precision":"day","date_approx":false,"period_raw":"1942-03-01","work":"Вторая мировая война 1939–1945","summary":"Второе сражение в Яванском море (англ. Second Battle of the Java Sea) — морской бой 1 марта 1942 года во время военной операции в Голландской Ост-Индии между соединением японского флота и объединённой англо-американской эскадрой. Завершилось полным уничтожением союзной эскадры.","url":"https://ru.wikipedia.org/wiki/Второе сражение в Яванском море","source":"Русская Википедия / Викиданные","source_id":"Q2440134","license":"CC BY-SA 4.0","confidence":"outside_bbox","extra":{"era":"СССР","war_raw":"Вторая мировая война"}}},{"type":"Feature","id":"battles:be40aeeea215","geometry":{"type":"Point","coordinates":[34.327569,56.265583]},"properties":{"uid":"battles:be40aeeea215","layer":"battles","layer_title":"Сражения и военные события","group":"military","title":"Ржевская битва","category":"Великая Отечественная война 1941–1945","year_from":1942,"year_to":1942,"date_precision":"day","date_approx":false,"period_raw":"1942-01-08","work":"Великая Отечественная война 1941–1945","url":"https://ru.wikipedia.org/wiki/Ржевская битва","source":"Русская Википедия / Викиданные","source_id":"Q261776","license":"CC BY-SA 4.0","confidence":"place_level","extra":{"era":"СССР","war_raw":"Великая Отечественная война 1941–1945"}}},{"type":"Feature","id":"battles:536abdfe77b9","geometry":{"type":"Point","coordinates":[34.931389,54.070833]},"properties":{"uid":"battles:536abdfe77b9","layer":"battles","layer_title":"Сражения и военные события","group":"military","title":"Бой у деревни Хлуднево","category":"Великая Отечественная война 1941–1945","year_from":1942,"year_to":1942,"date_precision":"year","date_approx":false,"period_raw":"1942.0","work":"Великая Отечественная война 1941–1945","summary":"Бой у дере́вни Хлу́днево — один из боёв заключительного этапа битвы за Москву в ходе Великой Отечественной войны, произошедший 23 января 1942 года у дере́вни Хлу́днево Калужской области.","url":"https://ru.wikipedia.org/wiki/Бой у деревни Хлуднево","source":"Русская Википедия / Викиданные","source_id":"Q28664919","license":"CC BY-SA 4.0","confidence":"place_level","extra":{"era":"СССР","war_raw":"Великая Отечественная война 1941–1945"}}},{"type":"Feature","id":"battles:fb9473072fa0","geometry":{"type":"Point","coordinates":[44.514722,48.708611]},"properties":{"uid":"battles:fb9473072fa0","layer":"battles","layer_title":"Сражения и военные события","group":"military","title":"Бомбардировки Сталинграда","category":"Великая Отечественная война 1941–1945","year_from":1942,"year_to":1942,"date_precision":"year","date_approx":false,"period_raw":"1942.0","work":"Великая Отечественная война 1941–1945","summary":"Бомбардировки Сталинграда — действия люфтваффе во время Сталинградской битвы. Первый массированный налёт состоялся в воскресенье 23 августа 1942 года. В этот день на город было сброшено около 1000 тонн фугасных и зажигательных бомб. По мнению американского историка Энтони Бивора, этот воздушный удар по Сталинграду был наиболее мощным за всю войну на Восточном фронте. После первого налёта последова","url":"https://ru.wikipedia.org/wiki/Бомбардировки Сталинграда","source":"Русская Википедия / Викиданные","source_id":"Q4940722","license":"CC BY-SA 4.0","confidence":"place_level","extra":{"era":"СССР","war_raw":"Великая Отечественная война 1941–1945"}}},{"type":"Feature","id":"battles:6d070d924fb1","geometry":{"type":"Point","coordinates":[42.556667,49.936667]},"properties":{"uid":"battles:6d070d924fb1","layer":"battles","layer_title":"Сражения и военные события","group":"military","title":"Бой у хутора Избушенский","category":"Великая Отечественная война 1941–1945","year_from":1942,"year_to":1942,"date_precision":"day","date_approx":false,"period_raw":"1942-08-24","work":"Великая Отечественная война 1941–1945","summary":"Бой у хутора Избушенский — атака итальянского кавалерийского полка «Савойя Кавалерия» на позиции советского 812-го стрелкового полка в станице Усть-Хопёрская 24 августа 1942 года, во время Великой Отечественной войны. Сабельной атакой в галопе полк разбил два советских батальона (первый и второй). Среди итальянских потерь был бронзовый призёр Олимпийских игр 1936 года, командир эскадрона Сильвано","url":"https://ru.wikipedia.org/wiki/Бой у хутора Избушенский","source":"Русская Википедия / Викиданные","source_id":"Q3658595","license":"CC BY-SA 4.0","confidence":"ok","extra":{"era":"СССР","war_raw":"Великая Отечественная война 1941–1945"}}},{"type":"Feature","id":"battles:7674480f6b72","geometry":{"type":"Point","coordinates":[43.086389,48.359722]},"properties":{"uid":"battles:7674480f6b72","layer":"battles","layer_title":"Сражения и военные события","group":"military","title":"Расстрел воспитанников Нижне-Чирского детского дома","category":"Великая Отечественная война 1941–1945","year_from":1942,"year_to":1942,"date_precision":"day","date_approx":false,"period_raw":"1942-09-02","work":"Великая Отечественная война 1941–1945","url":"https://ru.wikipedia.org/wiki/Расстрел воспитанников Нижне-Чирского детского дома","source":"Русская Википедия / Викиданные","source_id":"Q21644176","license":"CC BY-SA 4.0","confidence":"place_level","extra":{"era":"СССР","war_raw":"Великая Отечественная война 1941–1945"}}},{"type":"Feature","id":"battles:fa55a5e633ab","geometry":{"type":"Point","coordinates":[44.514722,48.708611]},"properties":{"uid":"battles:fa55a5e633ab","layer":"battles","layer_title":"Сражения и военные события","group":"military","title":"Участие румынских войск в Сталинградской битве","category":"Великая Отечественная война 1941–1945","year_from":1942,"year_to":1942,"date_precision":"day","date_approx":false,"period_raw":"1942-11-19","work":"Великая Отечественная война 1941–1945","url":"https://ru.wikipedia.org/wiki/Участие румынских войск в Сталинградской битве","source":"Русская Википедия / Викиданные","source_id":"Q7362529","license":"CC BY-SA 4.0","confidence":"place_level","extra":{"era":"СССР","war_raw":"Великая Отечественная война 1941–1945"}}},{"type":"Feature","id":"battles:5e7f4a96658b","geometry":{"type":"Point","coordinates":[30.757176,59.761528]},"properties":{"uid":"battles:5e7f4a96658b","layer":"battles","layer_title":"Сражения и военные события","group":"military","title":"Ивановский пятачок","category":"Великая Отечественная война 1941–1945","year_from":1942,"year_to":1942,"date_precision":"year","date_approx":false,"period_raw":"1942.0","work":"Великая Отечественная война 1941–1945","summary":"Ива́новский пятачо́к — название плацдарма возле города Отрадное (бывшее поселение Ивановское) Ленинградской области, близ Ленинградского шоссе, у впадения Тосны в Неву. Размеры плацдарма по правому берегу реки Тосны составляли около 400 метров, по левому берегу реки Невы — около 600 метров от устья Тосны. Ивановский пятачок был отбит у немецких войск 19 августа 1942 года во время Усть-Тосненской","url":"https://ru.wikipedia.org/wiki/Ивановский пятачок","source":"Русская Википедия / Викиданные","source_id":"Q4196678","license":"CC BY-SA 4.0","confidence":"ok","extra":{"era":"СССР","war_raw":"Великая Отечественная война 1941–1945"}}},{"type":"Feature","id":"battles:84d5d4d1176a","geometry":{"type":"Point","coordinates":[32.466667,57.65]},"properties":{"uid":"battles:84d5d4d1176a","layer":"battles","layer_title":"Сражения и военные события","group":"military","title":"Демянская операция (1942)","category":"Великая Отечественная война 1941–1945","year_from":1942,"year_to":1942,"date_precision":"day","date_approx":false,"period_raw":"1942-05-20","work":"Великая Отечественная война 1941–1945","url":"https://ru.wikipedia.org/wiki/Демянская операция (1942)","source":"Русская Википедия / Викиданные","source_id":"Q161033","license":"CC BY-SA 4.0","confidence":"ok","extra":{"era":"СССР","war_raw":"Великая Отечественная война 1941–1945"}}},{"type":"Feature","id":"battles:9a4a4e7c081b","geometry":{"type":"Point","coordinates":[37.016667,48.9]},"properties":{"uid":"battles:9a4a4e7c081b","layer":"battles","layer_title":"Сражения и военные события","group":"military","title":"Барвенково-Лозовская операция","category":"Великая Отечественная война 1941–1945","year_from":1942,"year_to":1942,"date_precision":"day","date_approx":false,"period_raw":"1942-01-31","work":"Великая Отечественная война 1941–1945","summary":"Барве́нковско-Лозовска́я опера́ция (18 января — конец марта 1942 года) — наступательная операция РККА на начальном этапе Великой Отечественной войны. Наступление велось силами двух фронтов в условиях суровой зимы (на илл.). Ценой больших потерь удалось достичь ограниченного тактического успеха: был создан т. н. барвенковский выступ, послуживший плацдармом для майского наступления на Харьков.","url":"https://ru.wikipedia.org/wiki/Барвенково-Лозовская операция","source":"Русская Википедия / Викиданные","source_id":"Q3937377","license":"CC BY-SA 4.0","confidence":"ok","extra":{"era":"СССР","war_raw":"Великая Отечественная война 1941–1945"}}},{"type":"Feature","id":"battles:81acd54b9106","geometry":{"type":"Point","coordinates":[148.25,-7.25]},"properties":{"uid":"battles:81acd54b9106","layer":"battles","layer_title":"Сражения и военные события","group":"military","title":"Битва в море Бисмарка","category":"Вторая мировая война 1939–1945","year_from":1943,"year_to":1943,"date_precision":"year","date_approx":false,"period_raw":"1943.0","work":"Вторая мировая война 1939–1945","summary":"Би́тва в мо́ре Би́смарка (англ. Battle of the Bismarck Sea) — комбинированная атака военно-воздушных сил Армии США и Королевских ВВС Австралии (англ. Royal Australian Air Force, RAAF) на японский конвой, состоявшаяся 2—4 марта 1943 года близ города Лаэ в Новой Гвинее.","url":"https://ru.wikipedia.org/wiki/Битва в море Бисмарка","source":"Русская Википедия / Викиданные","source_id":"Q1753578","license":"CC BY-SA 4.0","confidence":"outside_bbox","extra":{"era":"СССР","war_raw":"Вторая мировая война"}}},{"type":"Feature","id":"battles:e8c969f4049d","geometry":{"type":"Point","coordinates":[11.816101,55.914397]},"properties":{"uid":"battles:e8c969f4049d","layer":"battles","layer_title":"Сражения и военные события","group":"military","title":"Бой в Исе-фьорде","category":"Вторая мировая война 1939–1945","year_from":1943,"year_to":1943,"date_precision":"day","date_approx":false,"period_raw":"1943-08-29","work":"Вторая мировая война 1939–1945","summary":"Бой в Исе-фьорде — столкновение, произошедшее, когда датский броненосец береговой обороны Нильс Юэль подвергся нападению немецких войск при попытке бежать в нейтральную Швецию.","url":"https://ru.wikipedia.org/wiki/Бой в Исе-фьорде","source":"Русская Википедия / Викиданные","source_id":"Q20050685","license":"CC BY-SA 4.0","confidence":"outside_bbox","extra":{"era":"СССР","war_raw":"Вторая мировая война"}}},{"type":"Feature","id":"battles:284be0c2b980","geometry":{"type":"Point","coordinates":[156.82,-7.9]},"properties":{"uid":"battles:284be0c2b980","layer":"battles","layer_title":"Сражения и военные события","group":"military","title":"Бой в заливе Велья","category":"Вторая мировая война 1939–1945","year_from":1943,"year_to":1943,"date_precision":"year","date_approx":false,"period_raw":"1943.0","work":"Вторая мировая война 1939–1945","summary":"Бой в заливе Велья (англ. Battle of Vella Gulf) — одно из боевых столкновений в ходе Тихоокеанской кампании. Произошло в ночь с 6 на 7 августа 1943 года в заливе Велья между островами Велья-Лавелья и Коломбангара.","url":"https://ru.wikipedia.org/wiki/Бой в заливе Велья","source":"Русская Википедия / Викиданные","source_id":"Q702142","license":"CC BY-SA 4.0","confidence":"outside_bbox","extra":{"era":"СССР","war_raw":"Вторая мировая война"}}},{"type":"Feature","id":"battles:5b759113b8fc","geometry":{"type":"Point","coordinates":[156.233333,-7.5]},"properties":{"uid":"battles:5b759113b8fc","layer":"battles","layer_title":"Сражения и военные события","group":"military","title":"Бой у острова Велья-Лавелья","category":"Вторая мировая война 1939–1945","year_from":1943,"year_to":1943,"date_precision":"day","date_approx":false,"period_raw":"1943-10-06","work":"Вторая мировая война 1939–1945","summary":"Бой у острова Велья-Лавелья (яп. 第二次ベララベラ海戦 Дайнидзи Бэра-Рабэра кайсэн) — одно из морских сражений в ходе Тихоокеанской кампании. Произошло 6 октября 1943 года близ острова Велья-Лавелья, входящего в архипелаг Соломоновы острова.","url":"https://ru.wikipedia.org/wiki/Бой у острова Велья-Лавелья","source":"Русская Википедия / Викиданные","source_id":"Q701908","license":"CC BY-SA 4.0","confidence":"outside_bbox","extra":{"era":"СССР","war_raw":"Вторая мировая война"}}},{"type":"Feature","id":"battles:f1b13b4e8759","geometry":{"type":"Point","coordinates":[157.35,-7.833333]},"properties":{"uid":"battles:f1b13b4e8759","layer":"battles","layer_title":"Сражения и военные события","group":"military","title":"Битва при Коломбангара","category":"Вторая мировая война 1939–1945","year_from":1943,"year_to":1943,"date_precision":"year","date_approx":false,"period_raw":"1943.0","work":"Вторая мировая война 1939–1945","summary":"Битва при Коломбангара (англ. Battle of Kolombangara) — одно из боевых столкновений на море в ходе Тихоокеанской кампании Второй мировой войны. Произошло 13 июля 1943 года, близ острова Коломбангара.","url":"https://ru.wikipedia.org/wiki/Битва при Коломбангара","source":"Русская Википедия / Викиданные","source_id":"Q1668495","license":"CC BY-SA 4.0","confidence":"outside_bbox","extra":{"era":"СССР","war_raw":"Вторая мировая война"}}},{"type":"Feature","id":"battles:f0740429dec6","geometry":{"type":"Point","coordinates":[168.212778,53.098611]},"properties":{"uid":"battles:f0740429dec6","layer":"battles","layer_title":"Сражения и военные события","group":"military","title":"Бой у Командорских островов","category":"Вторая мировая война 1939–1945","year_from":1943,"year_to":1943,"date_precision":"day","date_approx":false,"period_raw":"1943-03-27","work":"Вторая мировая война 1939–1945","summary":"Бой у Командорских островов (англ. Battle of the Komandorski Islands) или Бой у острова Атту — одно из боевых столкновений в ходе Тихоокеанской кампании во время Второй мировой войны. Произошёл 27 марта 1943 года, в северной части Тихого океана, между полуостровом Камчатка и островом Атту, к югу от Командорских островов.","url":"https://ru.wikipedia.org/wiki/Бой у Командорских островов","source":"Русская Википедия / Викиданные","source_id":"Q548819","license":"CC BY-SA 4.0","confidence":"ok","extra":{"era":"СССР","war_raw":"Вторая мировая война"}}},{"type":"Feature","id":"battles:b7c930a1411e","geometry":{"type":"Point","coordinates":[157.066667,-7.966667]},"properties":{"uid":"battles:b7c930a1411e","layer":"battles","layer_title":"Сражения и военные события","group":"military","title":"Битва в заливе Кула","category":"Вторая мировая война 1939–1945","year_from":1943,"year_to":1943,"date_precision":"day","date_approx":false,"period_raw":"1943-07-06","work":"Вторая мировая война 1939–1945","summary":"Битва в заливе Кула — одно из боевых столкновений в ходе Тихоокеанской кампании Второй мировой войны. Произошло 6 июля 1943 года близ острова Коломбангара.","url":"https://ru.wikipedia.org/wiki/Битва в заливе Кула","source":"Русская Википедия / Викиданные","source_id":"Q702096","license":"CC BY-SA 4.0","confidence":"outside_bbox","extra":{"era":"СССР","war_raw":"Вторая мировая война"}}},{"type":"Feature","id":"battles:8876176ef15a","geometry":{"type":"Point","coordinates":[160.933333,-11.416667]},"properties":{"uid":"battles:8876176ef15a","layer":"battles","layer_title":"Сражения и военные события","group":"military","title":"Бой у острова Реннелл","category":"Вторая мировая война 1939–1945","year_from":1943,"year_to":1943,"date_precision":"year","date_approx":false,"period_raw":"1943.0","work":"Вторая мировая война 1939–1945","summary":"Бой у острова Реннелл (англ. Battle of Rennell Island, яп. レンネル島沖海戦) — сражение Второй мировой войны на Тихом океане между американским флотом, сопровождавшим конвой на остров Гуадалканал, и авиацией японского флота, состоявшееся 29-30 января 1943 года. Бой состоялся между островами Реннелл и Гуадалканал в южной части Соломоновых островов. Во время боя японские торпедоносцы наз","url":"https://ru.wikipedia.org/wiki/Бой у острова Реннелл","source":"Русская Википедия / Викиданные","source_id":"Q610242","license":"CC BY-SA 4.0","confidence":"outside_bbox","extra":{"era":"СССР","war_raw":"Вторая мировая война"}}},{"type":"Feature","id":"battles:df72da1b9d2b","geometry":{"type":"Point","coordinates":[18.016667,78.9]},"properties":{"uid":"battles:df72da1b9d2b","layer":"battles","layer_title":"Сражения и военные события","group":"military","title":"Германский рейд на Шпицберген","category":"Вторая мировая война 1939–1945","year_from":1943,"year_to":1943,"date_precision":"day","date_approx":false,"period_raw":"1943-09-08","work":"Вторая мировая война 1939–1945","summary":"Германский рейд на Шпицберген, также известен как Операция Сицилия (нем. Unternehmen Sizilien) или Операция Цитронелла (нем. Unternehmen Zitronella) — германская морская набеговая операция на Шпицберген 8 сентября 1943 года, длившаяся 8 часов.","url":"https://ru.wikipedia.org/wiki/Германский рейд на Шпицберген","source":"Русская Википедия / Викиданные","source_id":"Q659436","license":"CC BY-SA 4.0","confidence":"ok","extra":{"era":"СССР","war_raw":"Вторая мировая война"}}},{"type":"Feature","id":"battles:b8dc9db4be30","geometry":{"type":"Point","coordinates":[40.15,51.05]},"properties":{"uid":"battles:b8dc9db4be30","layer":"battles","layer_title":"Сражения и военные события","group":"military","title":"Воронежско-Харьковская стратегическая наступательная операция","category":"Великая Отечественная война 1941–1945","year_from":1943,"year_to":1943,"date_precision":"day","date_approx":false,"period_raw":"1943-03-03","work":"Великая Отечественная война 1941–1945","url":"https://ru.wikipedia.org/wiki/Воронежско-Харьковская стратегическая наступательная операция","source":"Русская Википедия / Викиданные","source_id":"Q16694946","license":"CC BY-SA 4.0","confidence":"place_level","extra":{"era":"СССР","war_raw":"Великая Отечественная война"}}},{"type":"Feature","id":"battles:533e1c801856","geometry":{"type":"Point","coordinates":[-30.0,0.0]},"properties":{"uid":"battles:533e1c801856","layer":"battles","layer_title":"Сражения и военные события","group":"military","title":"Конвой SC 130","category":"Вторая мировая война 1939–1945","year_from":1943,"year_to":1943,"date_precision":"day","date_approx":false,"period_raw":"1943-05-20","work":"Вторая мировая война 1939–1945","url":"https://ru.wikipedia.org/wiki/Конвой SC 130","source":"Русская Википедия / Викиданные","source_id":"Q5166658","license":"CC BY-SA 4.0","confidence":"outside_bbox","extra":{"era":"СССР","war_raw":"Вторая мировая война"}}},{"type":"Feature","id":"battles:8f738a19a81e","geometry":{"type":"Point","coordinates":[44.5,42.75]},"properties":{"uid":"battles:8f738a19a81e","layer":"battles","layer_title":"Сражения и военные события","group":"military","title":"Битва за Кавказ (1942—1943)","category":"Великая Отечественная война 1941–1945","year_from":1943,"year_to":1943,"date_precision":"day","date_approx":false,"period_raw":"1943-10-09","work":"Великая Отечественная война 1941–1945","summary":"Битва за Кавказ (25 июля 1942 — 9 октября 1943) — ряд сражений советских войск против армий нацистской Германии, Румынии и Словакии в регионе Северного Кавказа во время Великой Отечественной войны. Делится на два этапа: наступление немецко-румынских войск (25 июля — 31 декабря 1942) и контрнаступление советских войск (1 января — 9 октября 1943). Осенью 1942 года немецко-румынские войска заняли бол","url":"https://ru.wikipedia.org/wiki/Битва за Кавказ (1942—1943)","source":"Русская Википедия / Викиданные","source_id":"Q653470","license":"CC BY-SA 4.0","confidence":"place_level","extra":{"era":"СССР","war_raw":"Великая Отечественная война 1941–1945"}}},{"type":"Feature","id":"battles:25807c283580","geometry":{"type":"Point","coordinates":[32.2872,46.4964]},"properties":{"uid":"battles:25807c283580","layer":"battles","layer_title":"Сражения и военные события","group":"military","title":"Битва за Днепр","category":"Великая Отечественная война 1941–1945","year_from":1943,"year_to":1943,"date_precision":"year","date_approx":false,"period_raw":"1943.0","work":"Великая Отечественная война 1941–1945","summary":"Би́тва за Днепр — ряд взаимосвязанных стратегических операций Великой Отечественной войны, проведённых РККА, во второй половине 1943 года на берегах Днепра. С обеих сторон в битве приняло участие до 4 млн человек, а её фронт растянулся на 750 километров. В результате четырёхмесячной операции Левобережная Украина была почти полностью освобождена Красной армией от немецких войск. В ходе операции зна","url":"https://ru.wikipedia.org/wiki/Битва за Днепр","source":"Русская Википедия / Викиданные","source_id":"Q313836","license":"CC BY-SA 4.0","confidence":"place_level","extra":{"era":"СССР","war_raw":"Великая Отечественная война 1941–1945"}}},{"type":"Feature","id":"battles:7ee09e4b0ed5","geometry":{"type":"Point","coordinates":[44.514722,48.708611]},"properties":{"uid":"battles:7ee09e4b0ed5","layer":"battles","layer_title":"Сражения и военные события","group":"military","title":"Матч «На руинах Сталинграда»","category":"Великая Отечественная война 1941–1945","year_from":1943,"year_to":1943,"date_precision":"day","date_approx":false,"period_raw":"1943-05-02","work":"Великая Отечественная война 1941–1945","url":"https://ru.wikipedia.org/wiki/Матч «На руинах Сталинграда»","source":"Русская Википедия / Викиданные","source_id":"Q4285121","license":"CC BY-SA 4.0","confidence":"place_level","extra":{"era":"СССР","war_raw":"Великая Отечественная война 1941–1945"}}},{"type":"Feature","id":"battles:d73a1939e2fa","geometry":{"type":"Point","coordinates":[36.016667,51.75]},"properties":{"uid":"battles:d73a1939e2fa","layer":"battles","layer_title":"Сражения и военные события","group":"military","title":"Дорога Мужества","category":"Великая Отечественная война 1941–1945","year_from":1943,"year_to":1943,"date_precision":"year","date_approx":false,"period_raw":"1943.0","work":"Великая Отечественная война 1941–1945","summary":"Не следует путать с «Трассой Мужества» — железной дорогой Абакан — Тайшет. «Дорога Мужества» — двухпутная железнодорожная линия Старый Оскол — Сараевка, построенная в 1943 году при подготовке к Курской битве для усиления действовавшей на Курском выступе однопутной железной дороги Касторная — Мармыжи — Курск — Льгов, обслуживавшей пять армий Центрального и три армии Воронежского фронтов.","url":"https://ru.wikipedia.org/wiki/Дорога Мужества","source":"Русская Википедия / Викиданные","source_id":"Q4166698","license":"CC BY-SA 4.0","confidence":"place_level","extra":{"era":"СССР","war_raw":"Великая Отечественная война 1941–1945"}}},{"type":"Feature","id":"battles:553d9d653af6","geometry":{"type":"Point","coordinates":[36.675,51.017]},"properties":{"uid":"battles:553d9d653af6","layer":"battles","layer_title":"Сражения и военные события","group":"military","title":"Сражение под Прохоровкой","category":"Великая Отечественная война 1941–1945","year_from":1943,"year_to":1943,"date_precision":"day","date_approx":false,"period_raw":"1943-07-12","work":"Великая Отечественная война 1941–1945","url":"https://ru.wikipedia.org/wiki/Сражение под Прохоровкой","source":"Русская Википедия / Викиданные","source_id":"Q541506","license":"CC BY-SA 4.0","confidence":"ok","extra":{"era":"СССР","war_raw":"Великая Отечественная война 1941–1945"}}},{"type":"Feature","id":"battles:f78a7509672d","geometry":{"type":"Point","coordinates":[100.0,62.0]},"properties":{"uid":"battles:f78a7509672d","layer":"battles","layer_title":"Сражения и военные события","group":"military","title":"Голубая линия","category":"Великая Отечественная война 1941–1945","year_from":1943,"year_to":1943,"date_precision":"day","date_approx":false,"period_raw":"1943-10-09","work":"Великая Отечественная война 1941–1945","summary":"«Голубая линия» (нем. Kuban-Brückenkopf) — условное наименование рубежей обороны немецких войск на Таманском полуострове (зима — осень1943 года).","url":"https://ru.wikipedia.org/wiki/Голубая линия","source":"Русская Википедия / Викиданные","source_id":"Q823401","license":"CC BY-SA 4.0","confidence":"place_level","extra":{"era":"СССР","war_raw":"Великая Отечественная война 1941–1945"}}},{"type":"Feature","id":"battles:27d5beab82ca","geometry":{"type":"Point","coordinates":[39.0,45.333333]},"properties":{"uid":"battles:27d5beab82ca","layer":"battles","layer_title":"Сражения и военные события","group":"military","title":"Воздушные сражения на Кубани (1943)","category":"Великая Отечественная война 1941–1945","year_from":1943,"year_to":1943,"date_precision":"year","date_approx":false,"period_raw":"1943.0","work":"Великая Отечественная война 1941–1945","summary":"Воздушные сражения на Кубани — серия крупномасштабных боёв советской авиации против немецких люфтваффе в апреле — июне 1943 года над низовьями реки Кубань, Таманским полуостровом и Новороссийском с целью захвата стратегического господства в воздухе над плацдармом немецких войск на Кубани. В советской историографии рассматривается как составная часть битвы за Кавказ. Превосходство советской стороны","url":"https://ru.wikipedia.org/wiki/Воздушные сражения на Кубани (1943)","source":"Русская Википедия / Викиданные","source_id":"Q4114772","license":"CC BY-SA 4.0","confidence":"place_level","extra":{"era":"СССР","war_raw":"Великая Отечественная война 1941–1945"}}},{"type":"Feature","id":"battles:20cc1cac7a35","geometry":{"type":"Point","coordinates":[37.797,44.689]},"properties":{"uid":"battles:20cc1cac7a35","layer":"battles","layer_title":"Сражения и военные события","group":"military","title":"Малая земля","category":"Великая Отечественная война 1941–1945","year_from":1943,"year_to":1943,"date_precision":"year","date_approx":false,"period_raw":"1943.0","work":"Великая Отечественная война 1941–1945","summary":"«Малая земля» — плацдарм на косе в районе Станички в Новороссийске, образовавшийся 4 февраля 1943 года в результате десантной операции 18-й десантной армии Черноморской группы войск и Черноморского флота, предпринятой с целью освобождения города. Героическая оборона этого клочка земли продолжалась 225 дней и завершилась утром 16 сентября 1943 года освобождением Новороссийска. За мужество и отвагу","url":"https://ru.wikipedia.org/wiki/Малая земля","source":"Русская Википедия / Викиданные","source_id":"Q2389861","license":"CC BY-SA 4.0","confidence":"ok","extra":{"era":"СССР","war_raw":"Великая Отечественная война 1941–1945"}}},{"type":"Feature","id":"battles:9017c24fec97","geometry":{"type":"Point","coordinates":[34.462785,48.557523]},"properties":{"uid":"battles:9017c24fec97","layer":"battles","layer_title":"Сражения и военные события","group":"military","title":"Аульский плацдарм","category":"Великая Отечественная война 1941–1945","year_from":1943,"year_to":1943,"date_precision":"day","date_approx":false,"period_raw":"1943-01-01","work":"Великая Отечественная война 1941–1945","summary":"Ау́льский плацдарм — плацдарм на правом берегу реки Днепр, захваченный войсками Степного и Юго-Западного фронта в сентябре 1943 года. Место боевой славы около посёлка Аулы (Криничанский район, Днепропетровская область, Украина).","url":"https://ru.wikipedia.org/wiki/Аульский плацдарм","source":"Русская Википедия / Викиданные","source_id":"Q4072425","license":"CC BY-SA 4.0","confidence":"place_level","extra":{"era":"СССР","war_raw":"Великая Отечественная война 1941–1945"}}},{"type":"Feature","id":"battles:d935f034988a","geometry":{"type":"Point","coordinates":[31.313903,49.954189]},"properties":{"uid":"battles:d935f034988a","layer":"battles","layer_title":"Сражения и военные события","group":"military","title":"Букринский плацдарм","category":"Великая Отечественная война 1941–1945","year_from":1943,"year_to":1943,"date_precision":"year","date_approx":false,"period_raw":"1943.0","work":"Великая Отечественная война 1941–1945","summary":"Букри́нский плацдарм — один из плацдармов на западном берегу реки Днепр, в районе Великого Букрина (80 км юго-восточнее Киева), захваченный в сентябре 1943 года войсками Воронежского фронта (ген. армии Н. Ф. Ватутин) в ходе Битвы за Днепр 1943 года. Советским войскам противостояли части северного фланга 8-й полевой армии вермахта.","url":"https://ru.wikipedia.org/wiki/Букринский плацдарм","source":"Русская Википедия / Викиданные","source_id":"Q4098652","license":"CC BY-SA 4.0","confidence":"ok","extra":{"era":"СССР","war_raw":"Великая Отечественная война 1941–1945"}}},{"type":"Feature","id":"battles:b90d98417ab7","geometry":{"type":"Point","coordinates":[39.210556,51.671667]},"properties":{"uid":"battles:b90d98417ab7","layer":"battles","layer_title":"Сражения и военные события","group":"military","title":"Воронежско-Касторненская операция (1943)","category":"Великая Отечественная война 1941–1945","year_from":1943,"year_to":1943,"date_precision":"year","date_approx":false,"period_raw":"1943.0","work":"Великая Отечественная война 1941–1945","summary":"Воронежско-Касторненская операция (24 января — 17 февраля 1943) — фронтовая наступательная операция вооружённых сил СССР против войск Германии и Венгрии в ходе Великой Отечественной войны. Часть Воронежско-Харьковской стратегической наступательной операции.","url":"https://ru.wikipedia.org/wiki/Воронежско-Касторненская операция (1943)","source":"Русская Википедия / Викиданные","source_id":"Q2606937","license":"CC BY-SA 4.0","confidence":"place_level","extra":{"era":"СССР","war_raw":"Великая Отечественная война 1941–1945"}}},{"type":"Feature","id":"battles:ea2911c10e06","geometry":{"type":"Point","coordinates":[29.0,54.0]},"properties":{"uid":"battles:ea2911c10e06","layer":"battles","layer_title":"Сражения и военные события","group":"military","title":"Гомельско-Речицкая наступательная операция","category":"Великая Отечественная война 1941–1945","year_from":1943,"year_to":1943,"date_precision":"year","date_approx":false,"period_raw":"1943.0","work":"Великая Отечественная война 1941–1945","summary":"Гомельско-Речицкая операция — наступательная операция войск Белорусского фронта в ходе Великой Отечественной войны, проведённая 10 — 30 ноября 1943 года. В результате операции советские войска прорвали оборону противника в полосе шириной 100 километров, продвинулись вглубь на 130 километров, создав угрозу южному флангу группы армий «Центр» и затруднили её взаимодействие с группой армий «Юг». Утром","url":"https://ru.wikipedia.org/wiki/Гомельско-Речицкая наступательная операция","source":"Русская Википедия / Викиданные","source_id":"Q2044427","license":"CC BY-SA 4.0","confidence":"place_level","extra":{"era":"СССР","war_raw":"Великая Отечественная война 1941–1945"}}},{"type":"Feature","id":"battles:103ac171b49f","geometry":{"type":"Point","coordinates":[36.0,45.25]},"properties":{"uid":"battles:103ac171b49f","layer":"battles","layer_title":"Сражения и военные события","group":"military","title":"Керченско-Эльтигенская десантная операция","category":"Великая Отечественная война 1941–1945","year_from":1943,"year_to":1943,"date_precision":"day","date_approx":false,"period_raw":"1943-11-01","work":"Великая Отечественная война 1941–1945","url":"https://ru.wikipedia.org/wiki/Керченско-Эльтигенская десантная операция","source":"Русская Википедия / Викиданные","source_id":"Q552727","license":"CC BY-SA 4.0","confidence":"place_level","extra":{"era":"СССР","war_raw":"Великая Отечественная война 1941–1945"}}},{"type":"Feature","id":"battles:7bd312a9daa0","geometry":{"type":"Point","coordinates":[29.916667,56.033333]},"properties":{"uid":"battles:7bd312a9daa0","layer":"battles","layer_title":"Сражения и военные события","group":"military","title":"Невельская наступательная операция","category":"Великая Отечественная война 1941–1945","year_from":1943,"year_to":1943,"date_precision":"day","date_approx":false,"period_raw":"1943-12-16","work":"Великая Отечественная война 1941–1945","url":"https://ru.wikipedia.org/wiki/Невельская наступательная операция","source":"Русская Википедия / Викиданные","source_id":"Q4315653","license":"CC BY-SA 4.0","confidence":"ok","extra":{"era":"СССР","war_raw":"Великая Отечественная война 1941–1945"}}},{"type":"Feature","id":"battles:dd7661c1dd27","geometry":{"type":"Point","coordinates":[36.55,45.268333]},"properties":{"uid":"battles:dd7661c1dd27","layer":"battles","layer_title":"Сражения и военные события","group":"military","title":"Десант на косу Тузла","category":"Великая Отечественная война 1941–1945","year_from":1943,"year_to":1943,"date_precision":"day","date_approx":false,"period_raw":"1943-10-01","work":"Великая Отечественная война 1941–1945","summary":"Десант на косу Тузла — тактический десант на косу Тузла в Керченском проливе, высаженный 6—9 октября 1943 года силами Черноморского флота в ходе Новороссийско-Таманской наступательной операции Великой Отечественной войны.","url":"https://ru.wikipedia.org/wiki/Десант на косу Тузла","source":"Русская Википедия / Викиданные","source_id":"Q4159137","license":"CC BY-SA 4.0","confidence":"place_level","extra":{"era":"СССР","war_raw":"Великая Отечественная война 1941–1945"}}},{"type":"Feature","id":"battles:b9004b45c823","geometry":{"type":"Point","coordinates":[30.42,54.5]},"properties":{"uid":"battles:b9004b45c823","layer":"battles","layer_title":"Сражения и военные события","group":"military","title":"Оршанская наступательная операция","category":"Великая Отечественная война 1941–1945","year_from":1943,"year_to":1943,"date_precision":"day","date_approx":false,"period_raw":"1943-11-19","work":"Великая Отечественная война 1941–1945","url":"https://ru.wikipedia.org/wiki/Оршанская наступательная операция","source":"Русская Википедия / Викиданные","source_id":"Q7104134","license":"CC BY-SA 4.0","confidence":"ok","extra":{"era":"СССР","war_raw":"Великая Отечественная война 1941–1945"}}},{"type":"Feature","id":"battles:a0c56a869b37","geometry":{"type":"Point","coordinates":[38.292222,50.455278]},"properties":{"uid":"battles:a0c56a869b37","layer":"battles","layer_title":"Сражения и военные события","group":"military","title":"Бой под Николаевкой","category":"Великая Отечественная война 1941–1945","year_from":1943,"year_to":1943,"date_precision":"day","date_approx":false,"period_raw":"1943-01-01","work":"Великая Отечественная война 1941–1945","summary":"Бой под Николаевкой — один из боёв во время Великой Отечественной войны, произошедший 26 января 1943 года у села Николаевка между советскими и итальянскими частями. Бой был проведен в рамках Острогожско-Россошанской фронтовой наступательной операции, которая была частью Воронежско-Харьковской стратегической наступательной операции. Обескровленные альпийские части 8-й итальянской армии вместе с нем","url":"https://ru.wikipedia.org/wiki/Бой под Николаевкой","source":"Русская Википедия / Викиданные","source_id":"Q1132971","license":"CC BY-SA 4.0","confidence":"place_level","extra":{"era":"СССР","war_raw":"Великая Отечественная война 1941–1945"}}},{"type":"Feature","id":"battles:32a87802dfa1","geometry":{"type":"Point","coordinates":[28.046667,53.528333]},"properties":{"uid":"battles:32a87802dfa1","layer":"battles","layer_title":"Сражения и военные события","group":"military","title":"Операция «Концерт»","category":"Великая Отечественная война 1941–1945","year_from":1943,"year_to":1943,"date_precision":"day","date_approx":false,"period_raw":"1943-01-01","work":"Великая Отечественная война 1941–1945","url":"https://ru.wikipedia.org/wiki/Операция «Концерт»","source":"Русская Википедия / Викиданные","source_id":"Q675270","license":"CC BY-SA 4.0","confidence":"place_level","extra":{"era":"СССР","war_raw":"Великая Отечественная война 1941–1945"}}},{"type":"Feature","id":"battles:fc2958537857","geometry":{"type":"Point","coordinates":[29.2,53.1]},"properties":{"uid":"battles:fc2958537857","layer":"battles","layer_title":"Сражения и военные события","group":"military","title":"Бобруйская операция","category":"Великая Отечественная война 1941–1945","year_from":1944,"year_to":1944,"date_precision":"day","date_approx":false,"period_raw":"1944-06-28","work":"Великая Отечественная война 1941–1945","summary":"Бобруйская операция — фронтовая операция войск 1-го Белорусского фронта под командованием генерала армии К. К. Рокоссовского, проводившаяся 24 июня — 29 июня 1944 года против немецких войск группы армий «Центр» во время Великой Отечественной войны. Часть стратегической Белорусской операции. Итогами операции стали прорыв обороны противника, окружение и разгром главных сил 9-й ар","url":"https://ru.wikipedia.org/wiki/Бобруйская операция","source":"Русская Википедия / Викиданные","source_id":"Q2653174","license":"CC BY-SA 4.0","confidence":"ok","extra":{"era":"СССР","war_raw":"Великая Отечественная война"}}},{"type":"Feature","id":"battles:1eadcb0710dd","geometry":{"type":"Point","coordinates":[25.25,54.6667]},"properties":{"uid":"battles:1eadcb0710dd","layer":"battles","layer_title":"Сражения и военные события","group":"military","title":"Вильнюсская наступательная операция","category":"Великая Отечественная война 1941–1945","year_from":1944,"year_to":1944,"date_precision":"day","date_approx":false,"period_raw":"1944-07-01","work":"Великая Отечественная война 1941–1945","url":"https://ru.wikipedia.org/wiki/Вильнюсская наступательная операция","source":"Русская Википедия / Викиданные","source_id":"Q2661048","license":"CC BY-SA 4.0","confidence":"ok","extra":{"era":"СССР","war_raw":"Великая Отечественная война"}}},{"type":"Feature","id":"battles:a9487b900125","geometry":{"type":"Point","coordinates":[30.2,55.2]},"properties":{"uid":"battles:a9487b900125","layer":"battles","layer_title":"Сражения и военные события","group":"military","title":"Витебско-Оршанская операция","category":"Великая Отечественная война 1941–1945","year_from":1944,"year_to":1944,"date_precision":"day","date_approx":false,"period_raw":"1944-06-28","work":"Великая Отечественная война 1941–1945","url":"https://ru.wikipedia.org/wiki/Витебско-Оршанская операция","source":"Русская Википедия / Викиданные","source_id":"Q714649","license":"CC BY-SA 4.0","confidence":"ok","extra":{"era":"СССР","war_raw":"Великая Отечественная война"}}},{"type":"Feature","id":"battles:0300a48863d0","geometry":{"type":"Point","coordinates":[24.0,56.0]},"properties":{"uid":"battles:0300a48863d0","layer":"battles","layer_title":"Сражения и военные события","group":"military","title":"Шяуляйская операция","category":"Великая Отечественная война 1941–1945","year_from":1944,"year_to":1944,"date_precision":"day","date_approx":false,"period_raw":"1944-07-05","work":"Великая Отечественная война 1941–1945","url":"https://ru.wikipedia.org/wiki/Шяуляйская операция","source":"Русская Википедия / Викиданные","source_id":"Q3077958","license":"CC BY-SA 4.0","confidence":"ok","extra":{"era":"СССР","war_raw":"Великая Отечественная война"}}},{"type":"Feature","id":"battles:ce2f13664fc3","geometry":{"type":"Point","coordinates":[21.010833,52.23]},"properties":{"uid":"battles:ce2f13664fc3","layer":"battles","layer_title":"Сражения и военные события","group":"military","title":"Варшавское восстание (1944)","category":"Великая Отечественная война 1941–1945","year_from":1944,"year_to":1944,"date_precision":"day","date_approx":false,"period_raw":"1944-10-02","work":"Великая Отечественная война 1941–1945","summary":"Варша́вское восста́ние (польск. Powstanie warszawskie) — восстание против нацистской Германии в Варшаве с 1 августа по 2 октября 1944 года, организованное командованием Армии Крайовой (АК) и представительством польского правительства в изгнании. В восстании приняли участие все действовавшие в то время в городе подпольные организации. Кроме АК в восстании участвовали отряды Наци","url":"https://ru.wikipedia.org/wiki/Варшавское восстание (1944)","source":"Русская Википедия / Викиданные","source_id":"Q1402078","license":"CC BY-SA 4.0","confidence":"ok","extra":{"era":"СССР","war_raw":"Великая Отечественная война"}}},{"type":"Feature","id":"battles:8939f84ea668","geometry":{"type":"Point","coordinates":[28.283,60.267]},"properties":{"uid":"battles:8939f84ea668","layer":"battles","layer_title":"Сражения и военные события","group":"military","title":"Бой у острова Нерва","category":"Вторая мировая война 1939–1945","year_from":1944,"year_to":1944,"date_precision":"day","date_approx":false,"period_raw":"1944-06-20","work":"Вторая мировая война 1939–1945","summary":"Бой у острова Нерва — морское сражение, произошедшее в ночь с 19 на 20 июня 1944 года в Финском заливе близ острова Нерва между миноносцами Кригсмарине и катерами советского ВМФ. Самая крупная победа надводных сил советского флота во Второй мировой войне.","url":"https://ru.wikipedia.org/wiki/Бой у острова Нерва","source":"Русская Википедия / Викиданные","source_id":"Q16398194","license":"CC BY-SA 4.0","confidence":"ok","extra":{"era":"СССР","war_raw":"ВМВ"}}},{"type":"Feature","id":"battles:0e14b35d3c99","geometry":{"type":"Point","coordinates":[-4.517,48.717]},"properties":{"uid":"battles:0e14b35d3c99","layer":"battles","layer_title":"Сражения и военные события","group":"military","title":"Сражение в Ла-Манше (1944)","category":"Вторая мировая война 1939–1945","year_from":1944,"year_to":1944,"date_precision":"day","date_approx":false,"period_raw":"1944-04-25","work":"Вторая мировая война 1939–1945","url":"https://ru.wikipedia.org/wiki/Сражение в Ла-Манше (1944)","source":"Русская Википедия / Викиданные","source_id":"Q16701434","license":"CC BY-SA 4.0","confidence":"outside_bbox","extra":{"era":"СССР","war_raw":"Вторая мировая война"}}},{"type":"Feature","id":"battles:9a90117d02d3","geometry":{"type":"Point","coordinates":[29.0,54.0]},"properties":{"uid":"battles:9a90117d02d3","layer":"battles","layer_title":"Сражения и военные события","group":"military","title":"Белорусская операция (1944)","category":"Великая Отечественная война 1941–1945","year_from":1944,"year_to":1944,"date_precision":"day","date_approx":false,"period_raw":"1944-08-19","work":"Великая Отечественная война 1941–1945","summary":"Белору́сская наступа́тельная опера́ция или Операция «Багратио́н» — стратегическая наступательная операция советской армии, проводившаяся во время Великой Отечественной войны с 23 июня по 29 августа 1944 года с целью разгрома немецких войск на территории Беларуси. Операция названа в честь генерала П. И. Багратиона, командовавшего на территории Беларуси 2-й русской армией в начал","url":"https://ru.wikipedia.org/wiki/Белорусская операция (1944)","source":"Русская Википедия / Викиданные","source_id":"Q151052","license":"CC BY-SA 4.0","confidence":"place_level","extra":{"era":"СССР","war_raw":"Великая Отечественная война"}}},{"type":"Feature","id":"battles:33443d953d1c","geometry":{"type":"Point","coordinates":[19.0,52.0]},"properties":{"uid":"battles:33443d953d1c","layer":"battles","layer_title":"Сражения и военные события","group":"military","title":"Белостокская операция","category":"Великая Отечественная война 1941–1945","year_from":1944,"year_to":1944,"date_precision":"year","date_approx":false,"period_raw":"1944.0","work":"Великая Отечественная война 1941–1945","summary":"Белостокская операция — фронтовая наступательная операция войск 2-го Белорусского фронта, часть Белорусской операции, проводившаяся 5 — 27 июля 1944 года в Западной Белоруссии и Восточной Польше. Проводилась войсками 2-го Белорусского фронта под командованием генерал-полковника В. Ф. Захарова. Итогами операции стали освобождение районов Западной Белоруссии, переход границы Поль","url":"https://ru.wikipedia.org/wiki/Белостокская операция","source":"Русская Википедия / Викиданные","source_id":"Q2222257","license":"CC BY-SA 4.0","confidence":"place_level","extra":{"era":"СССР","war_raw":"Великая Отечественная война"}}},{"type":"Feature","id":"battles:22cc0a119f37","geometry":{"type":"Point","coordinates":[31.8,47.43]},"properties":{"uid":"battles:22cc0a119f37","layer":"battles","layer_title":"Сражения и военные события","group":"military","title":"Березнеговато-Снигирёвская наступательная операция","category":"Великая Отечественная война 1941–1945","year_from":1944,"year_to":1944,"date_precision":"day","date_approx":false,"period_raw":"1944-03-01","work":"Великая Отечественная война 1941–1945","summary":"Березнеговато-Снигирёвская наступательная операция — наступательная операция войск 3-го Украинского фронта против вермахта во время Великой Отечественной войны, проведённая с 6 по 18 марта 1944 года с целью разгрома противника в междуречье Ингульца и Южного Буга. Часть Днепровско-Карпатской стратегической наступательной операции.","url":"https://ru.wikipedia.org/wiki/Березнеговато-Снигирёвская наступательная операция","source":"Русская Википедия / Викиданные","source_id":"Q4084470","license":"CC BY-SA 4.0","confidence":"place_level","extra":{"era":"СССР","war_raw":"Великая Отечественная война"}}},{"type":"Feature","id":"battles:7ebecbd925a3","geometry":{"type":"Point","coordinates":[25.5,42.75]},"properties":{"uid":"battles:7ebecbd925a3","layer":"battles","layer_title":"Сражения и военные события","group":"military","title":"Болгарская операция","category":"Великая Отечественная война 1941–1945","year_from":1944,"year_to":1944,"date_precision":"year","date_approx":false,"period_raw":"1944.0","work":"Великая Отечественная война 1941–1945","summary":"Болгарская операция (8—9 сентября 1944 года) — военная операция вооружённых сил СССР против войск Германии и Болгарии в ходе Великой Отечественной войны. Во время операции никакого сопротивления советским войскам оказано не было.","url":"https://ru.wikipedia.org/wiki/Болгарская операция","source":"Русская Википедия / Викиданные","source_id":"Q573472","license":"CC BY-SA 4.0","confidence":"place_level","extra":{"era":"СССР","war_raw":"Великая Отечественная война"}}},{"type":"Feature","id":"battles:3710982084a8","geometry":{"type":"Point","coordinates":[19.040833,47.498333]},"properties":{"uid":"battles:3710982084a8","layer":"battles","layer_title":"Сражения и военные события","group":"military","title":"Будапештская операция","category":"Великая Отечественная война 1941–1945","year_from":1944,"year_to":1944,"date_precision":"day","date_approx":false,"period_raw":"1944-10-29","work":"Великая Отечественная война 1941–1945","url":"https://ru.wikipedia.org/wiki/Будапештская операция","source":"Русская Википедия / Викиданные","source_id":"Q717146","license":"CC BY-SA 4.0","confidence":"place_level","extra":{"era":"СССР","war_raw":"Великая Отечественная война"}}},{"type":"Feature","id":"battles:24108498b26b","geometry":{"type":"Point","coordinates":[-2.0,50.0]},"properties":{"uid":"battles:24108498b26b","layer":"battles","layer_title":"Сражения и военные события","group":"military","title":"Бой у острова Уэссан (1944)","category":"Вторая мировая война 1939–1945","year_from":1944,"year_to":1944,"date_precision":"day","date_approx":false,"period_raw":"1944-06-09","work":"Вторая мировая война 1939–1945","summary":"Бой у острова Уэссан (англ. Battle of Ushant) — морское сражение 9 июня 1944 года во время Второй мировой войны близ острова Уэссан между 10-й флотилией эсминцев Королевского ВМФ Великобритании и 8-й флотилией эсминцев Кригсмарине.","url":"https://ru.wikipedia.org/wiki/Бой у острова Уэссан (1944)","source":"Русская Википедия / Викиданные","source_id":"Q3270927","license":"CC BY-SA 4.0","confidence":"outside_bbox","extra":{"era":"СССР","war_raw":"Вторая мировая война"}}},{"type":"Feature","id":"battles:3bf5bd2e4982","geometry":{"type":"Point","coordinates":[24.716667,51.216667]},"properties":{"uid":"battles:3bf5bd2e4982","layer":"battles","layer_title":"Сражения и военные события","group":"military","title":"Битва за Ковель (1944)","category":"Великая Отечественная война 1941–1945","year_from":1944,"year_to":1944,"date_precision":"year","date_approx":false,"period_raw":"1944.0","work":"Великая Отечественная война 1941–1945","summary":"Битва за Ковель (нем. Schlacht um Kowel) — боевые действия советских и немецких войск в ходе Великой Отечественной войны, проходившие в районе Ковельского выступа с 27 февраля по 4 апреля 1944 года с целью освобождения Ковеля и уничтожения 5-й танковой дивизии СС «Викинг», не дав ей прорвать Корсуньский котёл.","url":"https://ru.wikipedia.org/wiki/Битва за Ковель (1944)","source":"Русская Википедия / Викиданные","source_id":"Q16692750","license":"CC BY-SA 4.0","confidence":"place_level","extra":{"era":"СССР","war_raw":"Великая Отечественная война 1941–1945"}}},{"type":"Feature","id":"battles:f3da1bb8bc45","geometry":{"type":"Point","coordinates":[21.699371,49.417618]},"properties":{"uid":"battles:f3da1bb8bc45","layer":"battles","layer_title":"Сражения и военные события","group":"military","title":"Восточно-Карпатская операция","category":"Великая Отечественная война 1941–1945","year_from":1944,"year_to":1944,"date_precision":"year","date_approx":false,"period_raw":"1944.0","work":"Великая Отечественная война 1941–1945","summary":"Восточно-Карпатская операция — стратегическая военная операция советских войск против армии Германии в ходе Второй мировой войны, проводившаяся с 8 сентября по 28 октября 1944 года. Была попыткой оказать помощь Словацкому национальному восстанию. В ходе операции советские войска совместно с 1-м чехословацким армейским корпусом овладели Дуклинским перевалом и освободили Закарпатскую Украину.","url":"https://ru.wikipedia.org/wiki/Восточно-Карпатская операция","source":"Русская Википедия / Викиданные","source_id":"Q60270","license":"CC BY-SA 4.0","confidence":"ok","extra":{"era":"СССР","war_raw":"Великая Отечественная война 1941–1945"}}},{"type":"Feature","id":"battles:9c94ca3a1078","geometry":{"type":"Point","coordinates":[34.35,61.783333]},"properties":{"uid":"battles:9c94ca3a1078","layer":"battles","layer_title":"Сражения и военные события","group":"military","title":"Выборгско-Петрозаводская операция","category":"Великая Отечественная война 1941–1945","year_from":1944,"year_to":1944,"date_precision":"year","date_approx":false,"period_raw":"1944.0","work":"Великая Отечественная война 1941–1945","summary":"Выборгско-Петрозаводская операция — наступление войск Ленинградского и Карельского во взаимодействии с Балтийским флотом и Онежской и Ладожской военными флотилиями с задачей овладения Выборгом и Петрозаводском и выхода на государственную границу, проводившееся с 10 июня по 9 августа 1944 года в годы Великой Отечественной войны. Проводилась силами Ленинградского (командующий — генерал армии, с 18 и","url":"https://ru.wikipedia.org/wiki/Выборгско-Петрозаводская операция","source":"Русская Википедия / Викиданные","source_id":"Q700533","license":"CC BY-SA 4.0","confidence":"place_level","extra":{"era":"СССР","war_raw":"Великая Отечественная война 1941–1945"}}},{"type":"Feature","id":"battles:5fbd5e3dee46","geometry":{"type":"Point","coordinates":[26.0,50.0]},"properties":{"uid":"battles:5fbd5e3dee46","layer":"battles","layer_title":"Сражения и военные события","group":"military","title":"Львовско-Сандомирская операция","category":"Великая Отечественная война 1941–1945","year_from":1944,"year_to":1944,"date_precision":"day","date_approx":false,"period_raw":"1944-07-13","work":"Великая Отечественная война 1941–1945","summary":"Льво́вско-Сандоми́рская опера́ция — стратегическая военная наступательная операция войск 1-го Украинского фронта под командованием Маршала Советского Союза И. С. Конева и 4-го Украинского фронта под командованием генерал-полковника И. Е. Петрова, проводившаяся 13 июля — 29 августа 1944 года против войск Германии и Венгрии во время Великой Отечественной войны с целью освобождения Западной Украины и","url":"https://ru.wikipedia.org/wiki/Львовско-Сандомирская операция","source":"Русская Википедия / Викиданные","source_id":"Q313748","license":"CC BY-SA 4.0","confidence":"place_level","extra":{"era":"СССР","war_raw":"Великая Отечественная война 1941–1945"}}},{"type":"Feature","id":"battles:a48b9b5cba53","geometry":{"type":"Point","coordinates":[25.0,57.0]},"properties":{"uid":"battles:a48b9b5cba53","layer":"battles","layer_title":"Сражения и военные события","group":"military","title":"Прибалтийская операция (1944)","category":"Великая Отечественная война 1941–1945","year_from":1944,"year_to":1944,"date_precision":"day","date_approx":false,"period_raw":"1944-11-24","work":"Великая Отечественная война 1941–1945","url":"https://ru.wikipedia.org/wiki/Прибалтийская операция (1944)","source":"Русская Википедия / Викиданные","source_id":"Q687465","license":"CC BY-SA 4.0","confidence":"place_level","extra":{"era":"СССР","war_raw":"Великая Отечественная война 1941–1945"}}},{"type":"Feature","id":"battles:232c0e77083f","geometry":{"type":"Point","coordinates":[20.51,54.71]},"properties":{"uid":"battles:232c0e77083f","layer":"battles","layer_title":"Сражения и военные события","group":"military","title":"Гумбиннен-Гольдапская операция","category":"Великая Отечественная война 1941–1945","year_from":1944,"year_to":1944,"date_precision":"day","date_approx":false,"period_raw":"1944-10-30","work":"Великая Отечественная война 1941–1945","summary":"Гумбиннен-Гольдапская операция 16—30 октября 1944 года (Гумбинненская операция) — фронтовая наступательная операция советских войск 3-го Белорусского фронта в Великой Отечественной войне. Первая попытка советского командования разгромить восточно-прусскую группировку противника. В ходе операции советские войска прорвали несколько оборонительных рубежей, вступили в Восточную Пруссию и достигли глуб","url":"https://ru.wikipedia.org/wiki/Гумбиннен-Гольдапская операция","source":"Русская Википедия / Викиданные","source_id":"Q4152048","license":"CC BY-SA 4.0","confidence":"place_level","extra":{"era":"СССР","war_raw":"Великая Отечественная война 1941–1945"}}},{"type":"Feature","id":"battles:37dd00ef8c42","geometry":{"type":"Point","coordinates":[22.0,57.0]},"properties":{"uid":"battles:37dd00ef8c42","layer":"battles","layer_title":"Сражения и военные события","group":"military","title":"Курляндский котёл","category":"Великая Отечественная война 1941–1945","year_from":1944,"year_to":1944,"date_precision":"year","date_approx":false,"period_raw":"1944.0","work":"Великая Отечественная война 1941–1945","summary":"Курля́ндский котёл, или Курляндская крепость, или Блока́да Курляндской группировки) — окружение и блокирование группировки вермахта (остатки группы армий «Север») осенью 1944 года в западной части Латвии (исторически известная как Курляндия) по линии Тукумс — Лиепая войсками 1-го и 2-го Прибалтийских фронтов. Это окружение не являлось «котлом» в полной мере — немецкая группировка не была блокирова","url":"https://ru.wikipedia.org/wiki/Курляндский котёл","source":"Русская Википедия / Викиданные","source_id":"Q697172","license":"CC BY-SA 4.0","confidence":"place_level","extra":{"era":"СССР","war_raw":"Великая Отечественная война 1941–1945"}}},{"type":"Feature","id":"battles:b50d6295887f","geometry":{"type":"Point","coordinates":[23.0001,50.5]},"properties":{"uid":"battles:b50d6295887f","layer":"battles","layer_title":"Сражения и военные события","group":"military","title":"Битва на Порытом взгорье","category":"Великая Отечественная война 1941–1945","year_from":1944,"year_to":1944,"date_precision":"day","date_approx":false,"period_raw":"1944-01-01","work":"Великая Отечественная война 1941–1945","summary":"Битва на Порытом взгорье (польск. Bitwa na Porytowym Wzgórzu) — бои 14 июня 1944 года в Яновских лесах между объединёнными партизанскими отрядами советских и польских партизан и частями вермахта.","url":"https://ru.wikipedia.org/wiki/Битва на Порытом взгорье","source":"Русская Википедия / Викиданные","source_id":"Q4872095","license":"CC BY-SA 4.0","confidence":"ok","extra":{"era":"СССР","war_raw":"Великая Отечественная война 1941–1945"}}},{"type":"Feature","id":"battles:382b4aa43df5","geometry":{"type":"Point","coordinates":[22.079722,51.3075]},"properties":{"uid":"battles:382b4aa43df5","layer":"battles","layer_title":"Сражения и военные события","group":"military","title":"Бой под Ромблювом","category":"Великая Отечественная война 1941–1945","year_from":1944,"year_to":1944,"date_precision":"year","date_approx":false,"period_raw":"1944.0","work":"Великая Отечественная война 1941–1945","summary":"Бой под Ромблювом (пол. Bitwa pod Rąblowem) — оборонительные бои советских и польских партизан с частями 5-й танковой дивизии СС «Викинг», продолжавшиеся в течение 14 мая 1944 года в районе деревни Ромблюв Люблинского воеводства.","url":"https://ru.wikipedia.org/wiki/Бой под Ромблювом","source":"Русская Википедия / Викиданные","source_id":"Q9173526","license":"CC BY-SA 4.0","confidence":"ok","extra":{"era":"СССР","war_raw":"Великая Отечественная война 1941–1945"}}},{"type":"Feature","id":"battles:22238a360a14","geometry":{"type":"Point","coordinates":[26.792778,50.315833]},"properties":{"uid":"battles:22238a360a14","layer":"battles","layer_title":"Сражения и военные события","group":"military","title":"Бой под Стриганами","category":"Великая Отечественная война 1941–1945","year_from":1944,"year_to":1944,"date_precision":"year","date_approx":false,"period_raw":"1944.0","work":"Великая Отечественная война 1941–1945","summary":"Бой под Стриганами (укр. Бій під Стриганами) — сражение войск НКВД и советских партизан против Украинской Повстанческой Армии, состоявшееся с 12 по 13 мая 1944 года у деревни Стриганы (Славутский район, Хмельницкая область).","url":"https://ru.wikipedia.org/wiki/Бой под Стриганами","source":"Русская Википедия / Викиданные","source_id":"Q12086472","license":"CC BY-SA 4.0","confidence":"place_level","extra":{"era":"СССР","war_raw":"Великая Отечественная война 1941–1945"}}},{"type":"Feature","id":"battles:dba358ef8457","geometry":{"type":"Point","coordinates":[26.7167,58.3667]},"properties":{"uid":"battles:dba358ef8457","layer":"battles","layer_title":"Сражения и военные события","group":"military","title":"Тартуская операция","category":"Великая Отечественная война 1941–1945","year_from":1944,"year_to":1944,"date_precision":"year","date_approx":false,"period_raw":"1944.0","work":"Великая Отечественная война 1941–1945","summary":"Тартуская операция — наступательная операция войск 3-го Прибалтийского фронта, проведённая 10 августа — 6 сентября 1944 года с целью разгрома тартуской группировки немецкой армии и освобождения города Тарту.","url":"https://ru.wikipedia.org/wiki/Тартуская операция","source":"Русская Википедия / Викиданные","source_id":"Q3744498","license":"CC BY-SA 4.0","confidence":"ok","extra":{"era":"СССР","war_raw":"Великая Отечественная война 1941–1945"}}},{"type":"Feature","id":"battles:ff38bb9d0a4f","geometry":{"type":"Point","coordinates":[18.35,46.983333]},"properties":{"uid":"battles:ff38bb9d0a4f","layer":"battles","layer_title":"Сражения и военные события","group":"military","title":"Балатонская оборонительная операция","category":"Великая Отечественная война 1941–1945","year_from":1945,"year_to":1945,"date_precision":"day","date_approx":false,"period_raw":"1945-04-15","work":"Великая Отечественная война 1941–1945","summary":"Балато́нская оборони́тельная опера́ция — последняя крупная оборонительная операция Красной армии против немецких войск во время Второй мировой войны. Проводилась с 6 по 15 марта 1945 года частью сил 3-го Украинского фронта при содействии 1-й болгарской и 3-й югославской армий в районе озера Балатон. В ходе сражения советские войска отразили наступление вермахта под кодовым назв","url":"https://ru.wikipedia.org/wiki/Балатонская оборонительная операция","source":"Русская Википедия / Викиданные","source_id":"Q155995","license":"CC BY-SA 4.0","confidence":"ok","extra":{"era":"СССР","war_raw":"Великая Отечественная война"}}},{"type":"Feature","id":"battles:6ab9dd162021","geometry":{"type":"Point","coordinates":[13.376111,52.518611]},"properties":{"uid":"battles:6ab9dd162021","layer":"battles","layer_title":"Сражения и военные события","group":"military","title":"Берлинская наступательная операция","category":"Великая Отечественная война 1941–1945","year_from":1945,"year_to":1945,"date_precision":"year","date_approx":false,"period_raw":"1945.0","work":"Великая Отечественная война 1941–1945","summary":"Берли́нская стратегическая наступательная операция — одна из последних стратегических операций советских войск на Европейском театре военных действий во время Второй мировой войны, в ходе которой Красная армия заняла Берлин, что привело к безоговорочной капитуляции Германии. Операция продолжалась 17 дней — с 16 апреля по 2 мая 1945 года, в течение которых советские войска продв","url":"https://ru.wikipedia.org/wiki/Берлинская наступательная операция","source":"Русская Википедия / Викиданные","source_id":"Q154182","license":"CC BY-SA 4.0","confidence":"outside_bbox","extra":{"era":"СССР","war_raw":"Великая Отечественная война"}}},{"type":"Feature","id":"battles:2c840a3cc307","geometry":{"type":"Point","coordinates":[14.423889,51.181389]},"properties":{"uid":"battles:2c840a3cc307","layer":"battles","layer_title":"Сражения и военные события","group":"military","title":"Баутцен-Вайсенбергская операция","category":"Великая Отечественная война 1941–1945","year_from":1945,"year_to":1945,"date_precision":"day","date_approx":false,"period_raw":"1945-01-01","work":"Великая Отечественная война 1941–1945","summary":"Баутцен-Вайсенбергская операция (нем. Schlacht um Bautzen) — одна из завершающих военных операций в Великой Отечественной войне, часть Берлинской наступательной операции советских и польских войск против германского вермахта во Второй мировой войне, проводившаяся 21—29 апреля 1945 года.","url":"https://ru.wikipedia.org/wiki/Баутцен-Вайсенбергская операция","source":"Русская Википедия / Викиданные","source_id":"Q316843","license":"CC BY-SA 4.0","confidence":"outside_bbox","extra":{"era":"СССР","war_raw":"Великая Отечественная война"}}},{"type":"Feature","id":"battles:5ae970f2f3d7","geometry":{"type":"Point","coordinates":[14.4667,50.0833]},"properties":{"uid":"battles:5ae970f2f3d7","layer":"battles","layer_title":"Сражения и военные события","group":"military","title":"Братиславско-Брновская наступательная операция","category":"Великая Отечественная война 1941–1945","year_from":1945,"year_to":1945,"date_precision":"day","date_approx":false,"period_raw":"1945-05-05","work":"Великая Отечественная война 1941–1945","url":"https://ru.wikipedia.org/wiki/Братиславско-Брновская наступательная операция","source":"Русская Википедия / Викиданные","source_id":"Q833119","license":"CC BY-SA 4.0","confidence":"outside_bbox","extra":{"era":"СССР","war_raw":"Великая Отечественная война"}}},{"type":"Feature","id":"battles:3280a5c9d9b0","geometry":{"type":"Point","coordinates":[16.3725,48.208333]},"properties":{"uid":"battles:3280a5c9d9b0","layer":"battles","layer_title":"Сражения и военные события","group":"military","title":"Венская наступательная операция","category":"Великая Отечественная война 1941–1945","year_from":1945,"year_to":1945,"date_precision":"year","date_approx":false,"period_raw":"1945.0","work":"Великая Отечественная война 1941–1945","summary":"Венская наступательная операция — стратегическая наступательная операция Красной Армии против немецких войск во время Великой Отечественной войны. Проводилась с 16 марта по 15 апреля 1945 года войсками советских 2-го и 3-го Украинских фронтов в западной части Венгрии и Восточной Австрии.","url":"https://ru.wikipedia.org/wiki/Венская наступательная операция","source":"Русская Википедия / Викиданные","source_id":"Q162546","license":"CC BY-SA 4.0","confidence":"outside_bbox","extra":{"era":"СССР","war_raw":"Великая Отечественная война 1941–1945"}}},{"type":"Feature","id":"battles:755d96a9e697","geometry":{"type":"Point","coordinates":[19.0,52.0]},"properties":{"uid":"battles:755d96a9e697","layer":"battles","layer_title":"Сражения и военные события","group":"military","title":"Висло-Одерская операция","category":"Великая Отечественная война 1941–1945","year_from":1945,"year_to":1945,"date_precision":"year","date_approx":false,"period_raw":"1945.0","work":"Великая Отечественная война 1941–1945","summary":"Висло-Одерская стратегическая наступательная операция — стратегическая наступательная операция советских войск на правом фланге советско-германского фронта, которая проводилась с 12 января по 3 февраля 1945 года. Проводилась силами 1-го Белорусского (командующий — Маршал Советского Союза Георгий Жуков) и 1-го Украинского фронтов (Маршал Советского Союза Иван Конев). В ходе Висло-Одерской операции","url":"https://ru.wikipedia.org/wiki/Висло-Одерская операция","source":"Русская Википедия / Викиданные","source_id":"Q159065","license":"CC BY-SA 4.0","confidence":"place_level","extra":{"era":"СССР","war_raw":"Великая Отечественная война 1941–1945"}}},{"type":"Feature","id":"battles:95a8a45a21bc","geometry":{"type":"Point","coordinates":[14.533333,53.433333]},"properties":{"uid":"battles:95a8a45a21bc","layer":"battles","layer_title":"Сражения и военные события","group":"military","title":"Восточно-Померанская операция","category":"Великая Отечественная война 1941–1945","year_from":1945,"year_to":1945,"date_precision":"year","date_approx":false,"period_raw":"1945.0","work":"Великая Отечественная война 1941–1945","summary":"Восто́чно-Помера́нская опера́ция — стратегическая наступательная военная операция войск 1-го и 2-го Белорусских фронтов РККА и 1-й армии Войска Польского против вооружённых сил нацистской Германии, проводившаяся с 10 февраля по 4 апреля 1945 года с целью разгрома восточно-померанской группировки противника, овладения Восточной Померанией и освобождения побережья Балтийского моря.","url":"https://ru.wikipedia.org/wiki/Восточно-Померанская операция","source":"Русская Википедия / Викиданные","source_id":"Q698067","license":"CC BY-SA 4.0","confidence":"outside_bbox","extra":{"era":"СССР","war_raw":"Великая Отечественная война 1941–1945"}}},{"type":"Feature","id":"battles:607fba7ae253","geometry":{"type":"Point","coordinates":[17.1,48.133333]},"properties":{"uid":"battles:607fba7ae253","layer":"battles","layer_title":"Сражения и военные события","group":"military","title":"Западно-Карпатская операция","category":"Великая Отечественная война 1941–1945","year_from":1945,"year_to":1945,"date_precision":"day","date_approx":false,"period_raw":"1945-02-18","work":"Великая Отечественная война 1941–1945","summary":"За́падно-Карпа́тская опера́ция — стратегическая военная операция вооружённых сил СССР, проводившаяся 12 января — 18 февраля 1945 года против войск Германии и Венгрии в ходе Великой Отечественной войны.","url":"https://ru.wikipedia.org/wiki/Западно-Карпатская операция","source":"Русская Википедия / Викиданные","source_id":"Q474300","license":"CC BY-SA 4.0","confidence":"outside_bbox","extra":{"era":"СССР","war_raw":"Великая Отечественная война 1941–1945"}}},{"type":"Feature","id":"battles:4f2462990f36","geometry":{"type":"Point","coordinates":[19.454722,51.776667]},"properties":{"uid":"battles:4f2462990f36","layer":"battles","layer_title":"Сражения и военные события","group":"military","title":"Битва за Лодзь (1945)","category":"Великая Отечественная война 1941–1945","year_from":1945,"year_to":1945,"date_precision":"day","date_approx":false,"period_raw":"1945-01-19","work":"Великая Отечественная война 1941–1945","summary":"Битва за Лодзь (польск. Bitwa o Łódź) — бои 19 января 1945 года за город Лодзь войск 8-й гвардейской армии 1-го Белорусского фронта в ходе Висло-Одерской операции в годы Великой Отечественной войны.","url":"https://ru.wikipedia.org/wiki/Битва за Лодзь (1945)","source":"Русская Википедия / Викиданные","source_id":"Q9380570","license":"CC BY-SA 4.0","confidence":"ok","extra":{"era":"СССР","war_raw":"Великая Отечественная война 1941–1945"}}}]}