{"type":"FeatureCollection","name":"Пожары, наводнения, катастрофы","crs":{"type":"name","properties":{"name":"urn:ogc:def:crs:OGC:1.3/CRS84"}},"features":[{"type":"Feature","id":"disasters:a10f0579d786","geometry":{"type":"Point","coordinates":[37.63,55.75]},"properties":{"uid":"disasters:a10f0579d786","layer":"disasters","layer_title":"Пожары, наводнения, катастрофы","group":"hardship","title":"Московский пожар (1812)","category":"городской пожар","place_text":"Москва","region":"Москва","year_from":1812,"year_to":1812,"date_precision":"year","date_approx":false,"period_raw":"1812","summary":"возгорания, произошедшие в Москве в период со 2 (14) по 6 (18) сентября 1812 год во время оккупации города французскими войсками","url":"https://ru.wikipedia.org/wiki/%D0%9C%D0%BE%D1%81%D0%BA%D0%BE%D0%B2%D1%81%D0%BA%D0%B8%D0%B9_%D0%BF%D0%BE%D0%B6%D0%B0%D1%80_(1812)","image_url":"http://commons.wikimedia.org/wiki/Special:FilePath/Napoleon%20Moscow%20Fire.JPG","source":"Викиданные","source_id":"Q897785","license":"CC0 (Викиданные)","confidence":"ok"}},{"type":"Feature","id":"disasters:639aab783031","geometry":{"type":"Point","coordinates":[22.305556,55.961111]},"properties":{"uid":"disasters:639aab783031","layer":"disasters","layer_title":"Пожары, наводнения, катастрофы","group":"hardship","title":"массовое убийство в Райняйском лесу","category":"бойня","year_from":1941,"year_to":1941,"date_precision":"year","date_approx":false,"period_raw":"1941","summary":"расстрел заключенных тельшяйской тюрьмы в июне 1941 года силами НКВД","url":"https://ru.wikipedia.org/wiki/%D0%9C%D0%B0%D1%81%D1%81%D0%BE%D0%B2%D0%BE%D0%B5_%D1%83%D0%B1%D0%B8%D0%B9%D1%81%D1%82%D0%B2%D0%BE_%D0%B2_%D0%A0%D0%B0%D0%B9%D0%BD%D1%8F%D0%B9%D1%81%D0%BA%D0%BE%D0%BC_%D0%BB%D0%B5%D1%81%D1%83","image_url":"http://commons.wikimedia.org/wiki/Special:FilePath/Ceremony%20at%20the%20Memorial%20to%20Rainiai%20massacre%201995.jpg","source":"Викиданные","source_id":"Q931639","license":"CC0 (Викиданные)","confidence":"ok"}},{"type":"Feature","id":"disasters:6fcf2a7ce24f","geometry":{"type":"Point","coordinates":[37.531111,55.787222]},"properties":{"uid":"disasters:6fcf2a7ce24f","layer":"disasters","layer_title":"Пожары, наводнения, катастрофы","group":"hardship","title":"Давка на Ходынском поле","category":"давка","year_from":1896,"year_to":1896,"date_precision":"year","date_approx":false,"period_raw":"1896","summary":"массовая катастрофа в 1896 году","url":"https://ru.wikipedia.org/wiki/%D0%94%D0%B0%D0%B2%D0%BA%D0%B0_%D0%BD%D0%B0_%D0%A5%D0%BE%D0%B4%D1%8B%D0%BD%D1%81%D0%BA%D0%BE%D0%BC_%D0%BF%D0%BE%D0%BB%D0%B5","image_url":"http://commons.wikimedia.org/wiki/Special:FilePath/Chodynka.jpg","source":"Викиданные","source_id":"Q942894","license":"CC0 (Викиданные)","confidence":"ok"}},{"type":"Feature","id":"disasters:b8c8a90f9cac","geometry":{"type":"Point","coordinates":[44.7925,41.7225]},"properties":{"uid":"disasters:b8c8a90f9cac","layer":"disasters","layer_title":"Пожары, наводнения, катастрофы","group":"hardship","title":"Тбилисские события 1956 года","category":"бойня","year_from":1956,"year_to":1956,"date_precision":"year","date_approx":false,"period_raw":"1956","summary":"массовые демонстрации в Тбилиси в связи с докладом Н. Хрущёва о культе личности","url":"https://ru.wikipedia.org/wiki/%D0%A2%D0%B1%D0%B8%D0%BB%D0%B8%D1%81%D1%81%D0%BA%D0%B8%D0%B5_%D1%81%D0%BE%D0%B1%D1%8B%D1%82%D0%B8%D1%8F_1956_%D0%B3%D0%BE%D0%B4%D0%B0","image_url":"http://commons.wikimedia.org/wiki/Special:FilePath/1956%20Georgian%20demonstrations%20in%20Tbilisi.jpg","source":"Викиданные","source_id":"Q1185525","license":"CC0 (Викиданные)","confidence":"ok"}},{"type":"Feature","id":"disasters:d9185ebbe601","geometry":{"type":"Point","coordinates":[60.804333,55.693639]},"properties":{"uid":"disasters:d9185ebbe601","layer":"disasters","layer_title":"Пожары, наводнения, катастрофы","group":"hardship","title":"Кыштымская авария","category":"ядерная катастрофа","year_from":1957,"year_to":1957,"date_precision":"year","date_approx":false,"period_raw":"1957","summary":"радиационная авария в Озёрске, РСФСР","url":"https://ru.wikipedia.org/wiki/%D0%9A%D1%8B%D1%88%D1%82%D1%8B%D0%BC%D1%81%D0%BA%D0%B0%D1%8F_%D0%B0%D0%B2%D0%B0%D1%80%D0%B8%D1%8F","image_url":"http://commons.wikimedia.org/wiki/Special:FilePath/Map%20of%20the%20East%20Urals%20Radioactive%20Trace.png","source":"Викиданные","source_id":"Q1349539","license":"CC0 (Викиданные)","confidence":"ok"}},{"type":"Feature","id":"disasters:7ec3374560c8","geometry":{"type":"Point","coordinates":[32.249694,51.775278]},"properties":{"uid":"disasters:7ec3374560c8","layer":"disasters","layer_title":"Пожары, наводнения, катастрофы","group":"hardship","title":"Корюковская трагедия","category":"бойня","year_from":1943,"year_to":1943,"date_precision":"year","date_approx":false,"period_raw":"1943","summary":"массовое убийство мирного населения посёлка Корюковка Черниговской области","url":"https://ru.wikipedia.org/wiki/%D0%9A%D0%BE%D1%80%D1%8E%D0%BA%D0%BE%D0%B2%D1%81%D0%BA%D0%B0%D1%8F_%D1%82%D1%80%D0%B0%D0%B3%D0%B5%D0%B4%D0%B8%D1%8F","image_url":"http://commons.wikimedia.org/wiki/Special:FilePath/%D0%9A%D0%BE%D1%80%D1%8E%D0%BA%D1%96%D0%B2%D0%BA%D0%B0.%20%D0%9C%D0%B5%D0%BC%D0%BE%D1%80%D1%96%D0%B0%D0%BB%20%D0%B6%D0%B5%D1%80%D1%82%D0%B2%D0%B0%D0%BC%20%D0%9A%D0%BE%D1%80%D1%8E%D0%BA%D1%96%D0%B2%D1%81%D1%8C%D0%BA%D0%BE%D1%97%20%D1%82%D1%80%D0%B0%D0%B3%D0%B5%D0%B4%D1%96%D1%97%201943%20%D1%80%D0%BE%D0%BA%D1%83%2C%20%D1%83%20%D1%8F%D0%BA%D1%96%D0%B9%20%D0%B7%D0%B0%D0%B3%D0%B8%D0%BD%D1%83%D0%BB%D0%BE%20%D0%B1%D1%96%D0%BB%D1%8F%207000%20%D0%BC%D0%B5%D1%88%D0%BA%D0%B0%D0%BD%D1%86%D1%96%D0%B2.%201975%20%D1%80.jpg","source":"Викиданные","source_id":"Q1527609","license":"CC0 (Викиданные)","confidence":"place_level"}},{"type":"Feature","id":"disasters:d2058438fb8c","geometry":{"type":"Point","coordinates":[118.82,52.715]},"properties":{"uid":"disasters:d2058438fb8c","layer":"disasters","layer_title":"Пожары, наводнения, катастрофы","group":"hardship","title":"Карийская трагедия","category":"массовое самоубийство","year_from":1889,"year_to":1889,"date_precision":"year","date_approx":false,"period_raw":"1889","summary":"Трагедия, связанная с нанесением телесных наказаний политическим заключенным","url":"https://ru.wikipedia.org/wiki/%D0%9A%D0%B0%D1%80%D0%B8%D0%B9%D1%81%D0%BA%D0%B0%D1%8F_%D1%82%D1%80%D0%B0%D0%B3%D0%B5%D0%B4%D0%B8%D1%8F","source":"Викиданные","source_id":"Q4215035","license":"CC0 (Викиданные)","confidence":"place_level"}},{"type":"Feature","id":"disasters:26a1b4b631b6","geometry":{"type":"Point","coordinates":[77.5,43.5]},"properties":{"uid":"disasters:26a1b4b631b6","layer":"disasters","layer_title":"Пожары, наводнения, катастрофы","group":"hardship","title":"Кеминское землетрясение","category":"землетрясение","year_from":1911,"year_to":1911,"date_precision":"year","date_approx":false,"period_raw":"1911","summary":"землетрясение в Средней Азии в 1911 году","url":"https://ru.wikipedia.org/wiki/%D0%9A%D0%B5%D0%BC%D0%B8%D0%BD%D1%81%D0%BA%D0%BE%D0%B5_%D0%B7%D0%B5%D0%BC%D0%BB%D0%B5%D1%82%D1%80%D1%8F%D1%81%D0%B5%D0%BD%D0%B8%D0%B5","source":"Викиданные","source_id":"Q4219257","license":"CC0 (Викиданные)","confidence":"ok"}},{"type":"Feature","id":"disasters:107dd7b65a34","geometry":{"type":"Point","coordinates":[127.536389,50.257778]},"properties":{"uid":"disasters:107dd7b65a34","layer":"disasters","layer_title":"Пожары, наводнения, катастрофы","group":"hardship","title":"Китайский погром в Благовещенске","category":"массовое убийство","year_from":1900,"year_to":1900,"date_precision":"year","date_approx":false,"period_raw":"1900","summary":"насильное выселение китайцев из Благовещенска, произошедшее летом 1900 года","url":"https://ru.wikipedia.org/wiki/%D0%9A%D0%B8%D1%82%D0%B0%D0%B9%D1%81%D0%BA%D0%B8%D0%B9_%D0%BF%D0%BE%D0%B3%D1%80%D0%BE%D0%BC_%D0%B2_%D0%91%D0%BB%D0%B0%D0%B3%D0%BE%D0%B2%D0%B5%D1%89%D0%B5%D0%BD%D1%81%D0%BA%D0%B5","image_url":"http://commons.wikimedia.org/wiki/Special:FilePath/%E6%B1%9F%E4%B8%9C%E5%85%AD%E5%8D%81%E5%9B%9B%E5%B1%AF%E6%83%A8%E6%A1%88.jpg","source":"Викиданные","source_id":"Q4222418","license":"CC0 (Викиданные)","confidence":"place_level"}},{"type":"Feature","id":"disasters:4650f1a1b8cf","geometry":{"type":"Point","coordinates":[46.295197,48.565525]},"properties":{"uid":"disasters:4650f1a1b8cf","layer":"disasters","layer_title":"Пожары, наводнения, катастрофы","group":"hardship","title":"Операция «ЗУР-215»","category":"атмосферное ядерное испытание","year_from":1957,"year_to":1957,"date_precision":"year","date_approx":false,"period_raw":"1957","summary":"атмосферное ядерное испытание","url":"https://ru.wikipedia.org/wiki/%D0%9E%D0%BF%D0%B5%D1%80%D0%B0%D1%86%D0%B8%D1%8F_%C2%AB%D0%97%D0%A3%D0%A0-215%C2%BB","source":"Викиданные","source_id":"Q4335277","license":"CC0 (Викиданные)","confidence":"ok"}},{"type":"Feature","id":"disasters:5c809d2f3eb3","geometry":{"type":"Point","coordinates":[34.078869,57.878721]},"properties":{"uid":"disasters:5c809d2f3eb3","layer":"disasters","layer_title":"Пожары, наводнения, катастрофы","group":"hardship","title":"Пожар в Бологовском кинематографе","category":"пожар","year_from":1911,"year_to":1911,"date_precision":"year","date_approx":false,"period_raw":"1911","summary":"пожар в 1911 году","url":"https://ru.wikipedia.org/wiki/%D0%9F%D0%BE%D0%B6%D0%B0%D1%80_%D0%B2_%D0%91%D0%BE%D0%BB%D0%BE%D0%B3%D0%BE%D0%B2%D1%81%D0%BA%D0%BE%D0%BC_%D0%BA%D0%B8%D0%BD%D0%B5%D0%BC%D0%B0%D1%82%D0%BE%D0%B3%D1%80%D0%B0%D1%84%D0%B5","image_url":"http://commons.wikimedia.org/wiki/Special:FilePath/Bologoe%20asv2018-08%20img17.jpg","source":"Викиданные","source_id":"Q4368588","license":"CC0 (Викиданные)","confidence":"place_level"}},{"type":"Feature","id":"disasters:3daa291fe270","geometry":{"type":"Point","coordinates":[30.3139,59.9404]},"properties":{"uid":"disasters:3daa291fe270","layer":"disasters","layer_title":"Пожары, наводнения, катастрофы","group":"hardship","title":"Пожар в Зимнем дворце","category":"пожар постройки","place_text":"Санкт-Петербург","region":"Санкт-Петербург","year_from":1837,"year_to":1837,"date_precision":"year","date_approx":false,"period_raw":"1837","summary":"происшествие, произошедшее 17 (29) декабря 1837 года в Зимнем дворце","url":"https://ru.wikipedia.org/wiki/%D0%9F%D0%BE%D0%B6%D0%B0%D1%80_%D0%B2_%D0%97%D0%B8%D0%BC%D0%BD%D0%B5%D0%BC_%D0%B4%D0%B2%D0%BE%D1%80%D1%86%D0%B5","image_url":"http://commons.wikimedia.org/wiki/Special:FilePath/%D0%92%D0%B5%D1%80%D0%BD%D0%B5.%20%D0%9F%D0%BE%D0%B6%D0%B0%D1%80%20%D0%B2%20%D0%97%D0%B8%D0%BC%D0%BD%D0%B5%D0%BC%20%D0%B4%D0%B2%D0%BE%D1%80%D1%86%D0%B5.jpg","source":"Викиданные","source_id":"Q4368598","license":"CC0 (Викиданные)","confidence":"ok"}},{"type":"Feature","id":"disasters:926661fe522c","geometry":{"type":"Point","coordinates":[106.58,52.181389]},"properties":{"uid":"disasters:926661fe522c","layer":"disasters","layer_title":"Пожары, наводнения, катастрофы","group":"hardship","title":"пожар в клубе села Красный Яр","category":"пожар","place_text":"Бурятская Автономная Советская Социалистическая Республика","region":"Бурятская Автономная Советская Социалистическая Республика","year_from":1956,"year_to":1956,"date_precision":"year","date_approx":false,"period_raw":"1956","summary":"пожар 1956 года в Бурятской АССР, РСФСР, СССР","url":"https://ru.wikipedia.org/wiki/%D0%9F%D0%BE%D0%B6%D0%B0%D1%80_%D0%B2_%D0%BA%D0%BB%D1%83%D0%B1%D0%B5_%D1%81%D0%B5%D0%BB%D0%B0_%D0%9A%D1%80%D0%B0%D1%81%D0%BD%D1%8B%D0%B9_%D0%AF%D1%80","source":"Викиданные","source_id":"Q4368603","license":"CC0 (Викиданные)","confidence":"place_level"}},{"type":"Feature","id":"disasters:06386baadee1","geometry":{"type":"Point","coordinates":[37.6175,55.750556]},"properties":{"uid":"disasters:06386baadee1","layer":"disasters","layer_title":"Пожары, наводнения, катастрофы","group":"hardship","title":"Покушения на Ленина","category":"попытка убийства","year_from":1918,"year_to":1918,"date_precision":"year","date_approx":false,"period_raw":"1918","summary":"покушения на Ленина","url":"https://ru.wikipedia.org/wiki/%D0%9F%D0%BE%D0%BA%D1%83%D1%88%D0%B5%D0%BD%D0%B8%D1%8F_%D0%BD%D0%B0_%D0%9B%D0%B5%D0%BD%D0%B8%D0%BD%D0%B0","image_url":"http://commons.wikimedia.org/wiki/Special:FilePath/Lenin%20attempt.jpg","source":"Викиданные","source_id":"Q4369499","license":"CC0 (Викиданные)","confidence":"place_level"}},{"type":"Feature","id":"disasters:5d502384c0ee","geometry":{"type":"Point","coordinates":[52.804444,52.644722]},"properties":{"uid":"disasters:5d502384c0ee","layer":"disasters","layer_title":"Пожары, наводнения, катастрофы","group":"hardship","title":"Тоцкие войсковые учения","category":"ядерное испытание","year_from":1954,"year_to":1954,"date_precision":"year","date_approx":false,"period_raw":"1954","summary":"советские войсковые тактические учения с применением ядерного оружия","url":"https://ru.wikipedia.org/wiki/%D0%A2%D0%BE%D1%86%D0%BA%D0%B8%D0%B5_%D0%B2%D0%BE%D0%B9%D1%81%D0%BA%D0%BE%D0%B2%D1%8B%D0%B5_%D1%83%D1%87%D0%B5%D0%BD%D0%B8%D1%8F","source":"Викиданные","source_id":"Q4461528","license":"CC0 (Викиданные)","confidence":"ok"}},{"type":"Feature","id":"disasters:1432e388c911","geometry":{"type":"Point","coordinates":[25.323611,49.944444]},"properties":{"uid":"disasters:1432e388c911","layer":"disasters","layer_title":"Пожары, наводнения, катастрофы","group":"hardship","title":"Трагедия Подкаменя","category":"бойня","year_from":1944,"year_to":1944,"date_precision":"year","date_approx":false,"period_raw":"1944","summary":"массовое убийство польского населения отрядами СС и УПА","url":"https://ru.wikipedia.org/wiki/%D0%9C%D0%B0%D1%81%D1%81%D0%BE%D0%B2%D0%BE%D0%B5_%D1%83%D0%B1%D0%B8%D0%B9%D1%81%D1%82%D0%B2%D0%BE_%D0%B2_%D0%9F%D0%BE%D0%B4%D0%BA%D0%B0%D0%BC%D0%B5%D0%BD%D0%B5","image_url":"http://commons.wikimedia.org/wiki/Special:FilePath/Monument%20in%20Podkamie%C5%843.jpg","source":"Викиданные","source_id":"Q4461744","license":"CC0 (Викиданные)","confidence":"ok"}},{"type":"Feature","id":"disasters:33de26d401cb","geometry":{"type":"Point","coordinates":[30.336667,59.940556]},"properties":{"uid":"disasters:33de26d401cb","layer":"disasters","layer_title":"Пожары, наводнения, катастрофы","group":"hardship","title":"Убийство Павла I","category":"убийство","year_from":1801,"year_to":1801,"date_precision":"year","date_approx":false,"period_raw":"1801","summary":"убийство российского императора","url":"https://ru.wikipedia.org/wiki/%D0%A3%D0%B1%D0%B8%D0%B9%D1%81%D1%82%D0%B2%D0%BE_%D0%9F%D0%B0%D0%B2%D0%BB%D0%B0_I","image_url":"http://commons.wikimedia.org/wiki/Special:FilePath/Murder%20of%20Tsar%20Paul%20I%20of%20Russia%2C%20March%201801%20%281882-1884%29.jpg","source":"Викиданные","source_id":"Q4468595","license":"CC0 (Викиданные)","confidence":"ok"}},{"type":"Feature","id":"disasters:56d32b4fe081","geometry":{"type":"Point","coordinates":[30.523611,50.45]},"properties":{"uid":"disasters:56d32b4fe081","layer":"disasters","layer_title":"Пожары, наводнения, катастрофы","group":"hardship","title":"Убийство Столыпина","category":"попытка убийства","year_from":1911,"year_to":1911,"date_precision":"year","date_approx":false,"period_raw":"1911","summary":"убийство политика в Российской империи","url":"https://ru.wikipedia.org/wiki/%D0%A3%D0%B1%D0%B8%D0%B9%D1%81%D1%82%D0%B2%D0%BE_%D0%9F%D0%B5%D1%82%D1%80%D0%B0_%D0%A1%D1%82%D0%BE%D0%BB%D1%8B%D0%BF%D0%B8%D0%BD%D0%B0","image_url":"http://commons.wikimedia.org/wiki/Special:FilePath/Stolypin%20LCCN2014687320.jpg","source":"Викиданные","source_id":"Q4468601","license":"CC0 (Викиданные)","confidence":"place_level"}},{"type":"Feature","id":"disasters:a74792587426","geometry":{"type":"Point","coordinates":[30.316667,59.95]},"properties":{"uid":"disasters:a74792587426","layer":"disasters","layer_title":"Пожары, наводнения, катастрофы","group":"hardship","title":"Кровавое воскресенье","category":"забастовка","year_from":1905,"year_to":1905,"date_precision":"year","date_approx":false,"period_raw":"1905","summary":"расстрел шествия петербургских рабочих к Зимнему дворцу","url":"https://ru.wikipedia.org/wiki/%D0%9A%D1%80%D0%BE%D0%B2%D0%B0%D0%B2%D0%BE%D0%B5_%D0%B2%D0%BE%D1%81%D0%BA%D1%80%D0%B5%D1%81%D0%B5%D0%BD%D1%8C%D0%B5","image_url":"http://commons.wikimedia.org/wiki/Special:FilePath/BloodySunday1905b.jpg","source":"Викиданные","source_id":"Q185642","license":"CC0 (Викиданные)","confidence":"place_level"}},{"type":"Feature","id":"disasters:93afcee1d9d7","geometry":{"type":"Point","coordinates":[31.788889,54.773333]},"properties":{"uid":"disasters:93afcee1d9d7","layer":"disasters","layer_title":"Пожары, наводнения, катастрофы","group":"hardship","title":"Катынский расстрел","category":"военное преступление","year_from":1940,"year_to":1940,"date_precision":"year","date_approx":false,"period_raw":"1940","summary":"резня не менее 22 000 поляков весной 1940 года по приказу Сталина в нескольких местах европейской России, включая Катынь","url":"https://ru.wikipedia.org/wiki/%D0%9A%D0%B0%D1%82%D1%8B%D0%BD%D1%81%D0%BA%D0%B8%D0%B9_%D1%80%D0%B0%D1%81%D1%81%D1%82%D1%80%D0%B5%D0%BB","image_url":"http://commons.wikimedia.org/wiki/Special:FilePath/Trzy%20krzyze.jpg","source":"Викиданные","source_id":"Q134301","license":"CC0 (Викиданные)","confidence":"ok"}},{"type":"Feature","id":"disasters:43404fdbb3ca","geometry":{"type":"Point","coordinates":[32.0,49.0]},"properties":{"uid":"disasters:43404fdbb3ca","layer":"disasters","layer_title":"Пожары, наводнения, катастрофы","group":"hardship","title":"Голодомор","category":"геноцид","year_from":1932,"year_to":1933,"date_precision":"year","date_approx":false,"period_raw":"1932–1933","summary":"массовый голод в Украинской ССР в 1932—1933 годах","url":"https://ru.wikipedia.org/wiki/%D0%93%D0%BE%D0%BB%D0%BE%D0%B4%D0%BE%D0%BC%D0%BE%D1%80","image_url":"http://commons.wikimedia.org/wiki/Special:FilePath/HolodomorKharkiv%201933%20Wienerberger.jpg","source":"Викиданные","source_id":"Q165058","license":"CC0 (Викиданные)","confidence":"ok"}},{"type":"Feature","id":"disasters:936c222c5135","geometry":{"type":"Point","coordinates":[30.328611,59.94]},"properties":{"uid":"disasters:936c222c5135","layer":"disasters","layer_title":"Пожары, наводнения, катастрофы","group":"hardship","title":"Убийство Александра II","category":"взрыв бомбы","year_from":1881,"year_to":1881,"date_precision":"year","date_approx":false,"period_raw":"1881","summary":"гибель Александра II от рук террористов","url":"https://ru.wikipedia.org/wiki/%D0%A3%D0%B1%D0%B8%D0%B9%D1%81%D1%82%D0%B2%D0%BE_%D0%90%D0%BB%D0%B5%D0%BA%D1%81%D0%B0%D0%BD%D0%B4%D1%80%D0%B0_II","image_url":"http://commons.wikimedia.org/wiki/Special:FilePath/Attentat%20mortal%20Alexander%20II%20%281881%29.jpg","source":"Викиданные","source_id":"Q10858948","license":"CC0 (Викиданные)","confidence":"ok"}},{"type":"Feature","id":"disasters:c355e446f4cf","geometry":{"type":"Point","coordinates":[128.000758,50.364025]},"properties":{"uid":"disasters:c355e446f4cf","layer":"disasters","layer_title":"Пожары, наводнения, катастрофы","group":"hardship","title":"Инцидент в Ивановке","category":"бойня","year_from":1919,"year_to":1919,"date_precision":"year","date_approx":false,"period_raw":"1919","summary":"инцидент, произошедший 22 марта 1919 года в ходе Гражданской войны в России","url":"https://ru.wikipedia.org/wiki/%D0%98%D0%BD%D1%86%D0%B8%D0%B4%D0%B5%D0%BD%D1%82_%D0%B2_%D0%98%D0%B2%D0%B0%D0%BD%D0%BE%D0%B2%D0%BA%D0%B5","image_url":"http://commons.wikimedia.org/wiki/Special:FilePath/3-%D0%B3%D0%BB%D0%B0%D0%B2%D0%BD%D0%B0%D1%8F%20%D0%B3%D0%BE%D1%81%D0%B0%D1%80%D1%85%D0%B8%D0%B2.jpg","source":"Викиданные","source_id":"Q10882909","license":"CC0 (Викиданные)","confidence":"place_level"}},{"type":"Feature","id":"disasters:4d2611c0903f","geometry":{"type":"Point","coordinates":[63.65982,45.97542]},"properties":{"uid":"disasters:4d2611c0903f","layer":"disasters","layer_title":"Пожары, наводнения, катастрофы","group":"hardship","title":"Катастрофа на Байконуре","category":"катастрофа","place_text":"Кызылординская область","region":"Кызылординская область","year_from":1960,"year_to":1960,"date_precision":"year","date_approx":false,"period_raw":"1960","summary":"взрыв ракеты Р-16 в 1960 году","url":"https://ru.wikipedia.org/wiki/%D0%9A%D0%B0%D1%82%D0%B0%D1%81%D1%82%D1%80%D0%BE%D1%84%D0%B0_%D0%BD%D0%B0_%D0%91%D0%B0%D0%B9%D0%BA%D0%BE%D0%BD%D1%83%D1%80%D0%B5_(1960)","image_url":"http://commons.wikimedia.org/wiki/Special:FilePath/%D0%9F%D0%B0%D0%BC%D1%8F%D1%82%D0%BD%D0%B8%D0%BA%20%D1%80%D0%B0%D0%BA%D0%B5%D1%82%D1%87%D0%B8%D0%BA%D0%B0%D0%BC%2C%20%D0%BF%D0%BE%D0%B3%D0%B8%D0%B1%D1%88%D0%B8%D1%85%20%D0%BF%D1%80%D0%B8%20%D0%B2%D0%B7%D1%80%D1%8B%D0%B2%D0%B5%20%D1%80%D0%B0%D0%BA%D0%B5%D1%82%D1%8B%20%D0%A0-16%2024%20%D0%BE%D0%BA%D1%82%D1%8F%D0%B1%D1%80%D1%8F%201960%20%D0%B3%D0%BE%D0%B4%D0%B0%20%28%D0%91%D0%B0%D0%B9%D0%BA%D0%BE%D0%BD%D1%83%D1%80%29.jpg","source":"Викиданные","source_id":"Q386074","license":"CC0 (Викиданные)","confidence":"ok"}},{"type":"Feature","id":"disasters:abed7e4cbb64","geometry":{"type":"Point","coordinates":[27.945,54.335]},"properties":{"uid":"disasters:abed7e4cbb64","layer":"disasters","layer_title":"Пожары, наводнения, катастрофы","group":"hardship","title":"Массовое убийство в Хатыни","category":"массовое убийство","place_text":"Хатынь","region":"Хатынь","year_from":1943,"year_to":1943,"date_precision":"year","date_approx":false,"period_raw":"1943","summary":"нацистская карательная операция","url":"https://ru.wikipedia.org/wiki/%D0%A3%D0%BD%D0%B8%D1%87%D1%82%D0%BE%D0%B6%D0%B5%D0%BD%D0%B8%D0%B5_%D0%A5%D0%B0%D1%82%D1%8B%D0%BD%D0%B8","source":"Викиданные","source_id":"Q430700","license":"CC0 (Викиданные)","confidence":"ok"}},{"type":"Feature","id":"disasters:dbbc34257b2c","geometry":{"type":"Point","coordinates":[26.583333,48.683333]},"properties":{"uid":"disasters:dbbc34257b2c","layer":"disasters","layer_title":"Пожары, наводнения, катастрофы","group":"hardship","title":"Каменец-подольская резня","category":"массовое убийство","year_from":1941,"year_to":1941,"date_precision":"year","date_approx":false,"period_raw":"1941","summary":"массовое уничтожение евреев из Венгрии в районе города Каменец-Подольска, находившегося под оккупационной властью нацистов и коллаборационистов","url":"https://ru.wikipedia.org/wiki/%D0%9A%D0%B0%D0%BC%D0%B5%D0%BD%D0%B5%D1%86-%D0%BF%D0%BE%D0%B4%D0%BE%D0%BB%D1%8C%D1%81%D0%BA%D0%B0%D1%8F_%D1%80%D0%B5%D0%B7%D0%BD%D1%8F","image_url":"http://commons.wikimedia.org/wiki/Special:FilePath/Kamenecpodolsky.png","source":"Викиданные","source_id":"Q481526","license":"CC0 (Викиданные)","confidence":"ok"}},{"type":"Feature","id":"disasters:85cbff9054ab","geometry":{"type":"Point","coordinates":[20.983514,52.238694]},"properties":{"uid":"disasters:85cbff9054ab","layer":"disasters","layer_title":"Пожары, наводнения, катастрофы","group":"hardship","title":"массовые убийства в Воле","category":"военные преступления нацистов","place_text":"Варшава","region":"Варшава","year_from":1944,"year_to":1944,"date_precision":"year","date_approx":false,"period_raw":"1944","summary":"массовое убийство жителей варшавского района Воля немецкими войсками","url":"https://ru.wikipedia.org/wiki/%D0%92%D0%BE%D0%BB%D1%8C%D1%81%D0%BA%D0%B0%D1%8F_%D1%80%D0%B5%D0%B7%D0%BD%D1%8F","image_url":"http://commons.wikimedia.org/wiki/Special:FilePath/Bundesarchiv%20Bild%20101I-695-0412-15%2C%20Warschauer%20Aufstand%2C%20Zivilisten.jpg","source":"Викиданные","source_id":"Q559291","license":"CC0 (Викиданные)","confidence":"ok"}},{"type":"Feature","id":"disasters:2c46b7d93a90","geometry":{"type":"Point","coordinates":[114.583611,58.185278]},"properties":{"uid":"disasters:2c46b7d93a90","layer":"disasters","layer_title":"Пожары, наводнения, катастрофы","group":"hardship","title":"Ленский расстрел","category":"забастовка","year_from":1912,"year_to":1912,"date_precision":"year","date_approx":false,"period_raw":"1912","summary":"трагические события 4 (17) апреля 1912 года на приисках Ленского золотопромышленного товарищества","url":"https://ru.wikipedia.org/wiki/%D0%9B%D0%B5%D0%BD%D1%81%D0%BA%D0%B8%D0%B9_%D1%80%D0%B0%D1%81%D1%81%D1%82%D1%80%D0%B5%D0%BB","image_url":"http://commons.wikimedia.org/wiki/Special:FilePath/Lena%2017%2004%201912.jpg","source":"Викиданные","source_id":"Q578858","license":"CC0 (Викиданные)","confidence":"ok"}},{"type":"Feature","id":"disasters:1edd14160af3","geometry":{"type":"Point","coordinates":[25.3233,50.7389]},"properties":{"uid":"disasters:1edd14160af3","layer":"disasters","layer_title":"Пожары, наводнения, катастрофы","group":"hardship","title":"Волынская резня","category":"геноцид","year_from":1943,"year_to":1944,"date_precision":"year","date_approx":false,"period_raw":"1943–1944","summary":"массовое уничтожение УПА—ОУН(б) польского мирного населения и, в меньших масштабах, мирных других национальностей","url":"https://ru.wikipedia.org/wiki/%D0%92%D0%BE%D0%BB%D1%8B%D0%BD%D1%81%D0%BA%D0%B0%D1%8F_%D1%80%D0%B5%D0%B7%D0%BD%D1%8F","image_url":"http://commons.wikimedia.org/wiki/Special:FilePath/Lipniki%20massacre.jpg","source":"Викиданные","source_id":"Q695020","license":"CC0 (Викиданные)","confidence":"ok"}},{"type":"Feature","id":"disasters:f840ff32ddd0","geometry":{"type":"Point","coordinates":[28.73629,60.71178]},"properties":{"uid":"disasters:f840ff32ddd0","layer":"disasters","layer_title":"Пожары, наводнения, катастрофы","group":"hardship","title":"Трамвайная авария в Выборге","category":"крушение поезда","year_from":1920,"year_to":1920,"date_precision":"year","date_approx":false,"period_raw":"1920","summary":"Транспортная катастрофа, произошедшая 15 сентября 1920 года в Выборге","url":"https://ru.wikipedia.org/wiki/%D0%A2%D1%80%D0%B0%D0%BC%D0%B2%D0%B0%D0%B9%D0%BD%D0%B0%D1%8F_%D0%B0%D0%B2%D0%B0%D1%80%D0%B8%D1%8F_%D0%B2_%D0%92%D1%8B%D0%B1%D0%BE%D1%80%D0%B3%D0%B5","image_url":"http://commons.wikimedia.org/wiki/Special:FilePath/Vyborg%20Tram%20Wreck%201920%20%282%29.JPG","source":"Викиданные","source_id":"Q18662858","license":"CC0 (Викиданные)","confidence":"ok"}},{"type":"Feature","id":"disasters:219294523771","geometry":{"type":"Point","coordinates":[24.4475,50.879722]},"properties":{"uid":"disasters:219294523771","layer":"disasters","layer_title":"Пожары, наводнения, катастрофы","group":"hardship","title":"Liudmilpil massacre","category":"бойня","year_from":1943,"year_to":1943,"date_precision":"year","date_approx":false,"period_raw":"1943","summary":"массовое убийство польского населения отрядами УПА","url":"https://www.wikidata.org/wiki/Q21994272","source":"Викиданные","source_id":"Q21994272","license":"CC0 (Викиданные)","confidence":"ok"}},{"type":"Feature","id":"disasters:d01e932e5a24","geometry":{"type":"Point","coordinates":[23.330278,52.635556]},"properties":{"uid":"disasters:d01e932e5a24","layer":"disasters","layer_title":"Пожары, наводнения, катастрофы","group":"hardship","title":"массовое убийство белорусов в Подляшье","category":"военное преступление","year_from":1946,"year_to":1946,"date_precision":"year","date_approx":false,"period_raw":"1946","summary":"акт геноцида в отношении православных белорусов в Польше","url":"https://ru.wikipedia.org/wiki/%D0%9C%D0%B0%D1%81%D1%81%D0%BE%D0%B2%D0%BE%D0%B5_%D1%83%D0%B1%D0%B8%D0%B9%D1%81%D1%82%D0%B2%D0%BE_%D0%B1%D0%B5%D0%BB%D0%BE%D1%80%D1%83%D1%81%D0%BE%D0%B2_%D0%B2_%D0%9F%D0%BE%D0%B4%D0%BB%D1%8F%D1%88%D1%8C%D0%B5_(1946)","image_url":"http://commons.wikimedia.org/wiki/Special:FilePath/Pomnik%20Zaleszany.JPG","source":"Викиданные","source_id":"Q25536389","license":"CC0 (Викиданные)","confidence":"ok"}},{"type":"Feature","id":"disasters:2c2cd4d0efc5","geometry":{"type":"Point","coordinates":[43.5,41.6]},"properties":{"uid":"disasters:2c2cd4d0efc5","layer":"disasters","layer_title":"Пожары, наводнения, катастрофы","group":"hardship","title":"Ахалкалакское землетрясение","category":"землетрясение","place_text":"Ахалкалаки","region":"Ахалкалаки","year_from":1899,"year_to":1899,"date_precision":"year","date_approx":false,"period_raw":"1899","summary":"землетрясение","url":"https://ru.wikipedia.org/wiki/%D0%90%D1%85%D0%B0%D0%BB%D0%BA%D0%B0%D0%BB%D0%B0%D0%BA%D1%81%D0%BA%D0%BE%D0%B5_%D0%B7%D0%B5%D0%BC%D0%BB%D0%B5%D1%82%D1%80%D1%8F%D1%81%D0%B5%D0%BD%D0%B8%D0%B5","image_url":"http://commons.wikimedia.org/wiki/Special:FilePath/Akhalkalaki%20earthquake%2045.png","source":"Викиданные","source_id":"Q28334668","license":"CC0 (Викиданные)","confidence":"ok"}},{"type":"Feature","id":"disasters:e773c4300679","geometry":{"type":"Point","coordinates":[56.248889,58.013889]},"properties":{"uid":"disasters:e773c4300679","layer":"disasters","layer_title":"Пожары, наводнения, катастрофы","group":"hardship","title":"пожар в Перми","category":"городской пожар","place_text":"Пермь","region":"Пермь","year_from":1842,"year_to":1842,"date_precision":"year","date_approx":false,"period_raw":"1842","summary":"городской пожар 1842 года в Российской империи","url":"https://ru.wikipedia.org/wiki/%D0%9F%D0%BE%D0%B6%D0%B0%D1%80_%D0%B2_%D0%9F%D0%B5%D1%80%D0%BC%D0%B8_(1842)","source":"Викиданные","source_id":"Q28667518","license":"CC0 (Викиданные)","confidence":"place_level"}},{"type":"Feature","id":"disasters:bcfa2c712d85","geometry":{"type":"Point","coordinates":[33.340556,47.870833]},"properties":{"uid":"disasters:bcfa2c712d85","layer":"disasters","layer_title":"Пожары, наводнения, катастрофы","group":"hardship","title":"Черногорская трагедия","category":"массовое убийство","year_from":1941,"year_to":1943,"date_precision":"year","date_approx":false,"period_raw":"1941–1943","summary":"трагические события, связанные с оккупацией Кривого Рога в 1941—1944 годах","url":"https://ru.wikipedia.org/wiki/%D0%A7%D0%B5%D1%80%D0%BD%D0%BE%D0%B3%D0%BE%D1%80%D1%81%D0%BA%D0%B0%D1%8F_%D1%82%D1%80%D0%B0%D0%B3%D0%B5%D0%B4%D0%B8%D1%8F","source":"Викиданные","source_id":"Q12170545","license":"CC0 (Викиданные)","confidence":"ok"}},{"type":"Feature","id":"disasters:2cabdf5d5362","geometry":{"type":"Point","coordinates":[25.15294,52.75802]},"properties":{"uid":"disasters:2cabdf5d5362","layer":"disasters","layer_title":"Пожары, наводнения, катастрофы","group":"hardship","title":"Коссовский расстрел","category":"массовое убийство","place_text":"Коссово","region":"Коссово","year_from":1927,"year_to":1927,"date_precision":"year","date_approx":false,"period_raw":"1927","summary":"массовое убийство в БССР в 1927 году","url":"https://www.wikidata.org/wiki/Q13031116","source":"Викиданные","source_id":"Q13031116","license":"CC0 (Викиданные)","confidence":"place_level"}},{"type":"Feature","id":"disasters:a0b4cb5408e6","geometry":{"type":"Point","coordinates":[34.1,44.95]},"properties":{"uid":"disasters:a0b4cb5408e6","layer":"disasters","layer_title":"Пожары, наводнения, катастрофы","group":"hardship","title":"Рождественская резня (массовое убийство в Симферополе)","category":"бойня","year_from":1941,"year_to":1941,"date_precision":"year","date_approx":false,"period_raw":"1941","summary":"массовое убийство евреев в Крыму","url":"https://ru.wikipedia.org/wiki/%D0%A0%D0%BE%D0%B6%D0%B4%D0%B5%D1%81%D1%82%D0%B2%D0%B5%D0%BD%D1%81%D0%BA%D0%B0%D1%8F_%D1%80%D0%B5%D0%B7%D0%BD%D1%8F_(1941)","source":"Викиданные","source_id":"Q15847613","license":"CC0 (Викиданные)","confidence":"ok"}},{"type":"Feature","id":"disasters:26389fb3f591","geometry":{"type":"Point","coordinates":[39.297315,48.571708]},"properties":{"uid":"disasters:26389fb3f591","layer":"disasters","layer_title":"Пожары, наводнения, катастрофы","group":"hardship","title":"массовое убийство в Луганске","category":"массовое убийство","year_from":1895,"year_to":1895,"date_precision":"year","date_approx":false,"period_raw":"1895","summary":"резонансное преступление 1895 года в Российской империи","url":"https://ru.wikipedia.org/wiki/%D0%9C%D0%B0%D1%81%D1%81%D0%BE%D0%B2%D0%BE%D0%B5_%D1%83%D0%B1%D0%B8%D0%B9%D1%81%D1%82%D0%B2%D0%BE_%D0%B2_%D0%9B%D1%83%D0%B3%D0%B0%D0%BD%D1%81%D0%BA%D0%B5","image_url":"http://commons.wikimedia.org/wiki/Special:FilePath/V.M.%20Doroshevich-Sakhalin.%20Part%20II.%20Polulyakhov-1.png","source":"Викиданные","source_id":"Q16674658","license":"CC0 (Викиданные)","confidence":"place_level"}},{"type":"Feature","id":"disasters:16a355603451","geometry":{"type":"Point","coordinates":[27.561837,53.902246]},"properties":{"uid":"disasters:16a355603451","layer":"disasters","layer_title":"Пожары, наводнения, катастрофы","group":"hardship","title":"убийство Соломона Михоэлса","category":"операция под чужим флагом","year_from":1948,"year_to":1948,"date_precision":"year","date_approx":false,"period_raw":"1948","summary":"убийство советского общественного деятеля в 1948 году","url":"https://ru.wikipedia.org/wiki/%D0%A3%D0%B1%D0%B8%D0%B9%D1%81%D1%82%D0%B2%D0%BE_%D0%A1%D0%BE%D0%BB%D0%BE%D0%BC%D0%BE%D0%BD%D0%B0_%D0%9C%D0%B8%D1%85%D0%BE%D1%8D%D0%BB%D1%81%D0%B0","source":"Викиданные","source_id":"Q16709196","license":"CC0 (Викиданные)","confidence":"place_level"}},{"type":"Feature","id":"disasters:cf62254ded1c","geometry":{"type":"Point","coordinates":[34.38976,53.66773]},"properties":{"uid":"disasters:cf62254ded1c","layer":"disasters","layer_title":"Пожары, наводнения, катастрофы","group":"hardship","title":"крушение на станции Верещёвка","category":"крушение поезда","year_from":1944,"year_to":1944,"date_precision":"year","date_approx":false,"period_raw":"1944","summary":"железнодорожная катастрофа 1944 года в СССР","url":"https://ru.wikipedia.org/wiki/%D0%9A%D1%80%D1%83%D1%88%D0%B5%D0%BD%D0%B8%D0%B5_%D0%BD%D0%B0_%D1%81%D1%82%D0%B0%D0%BD%D1%86%D0%B8%D0%B8_%D0%92%D0%B5%D1%80%D0%B5%D1%89%D1%91%D0%B2%D0%BA%D0%B0","source":"Викиданные","source_id":"Q18244457","license":"CC0 (Викиданные)","confidence":"ok"}},{"type":"Feature","id":"disasters:a7e501e29959","geometry":{"type":"Point","coordinates":[28.744167,60.709167]},"properties":{"uid":"disasters:a7e501e29959","layer":"disasters","layer_title":"Пожары, наводнения, катастрофы","group":"hardship","title":"Выборгская резня","category":"бойня","place_text":"Выборг","region":"Выборг","year_from":1918,"year_to":1918,"date_precision":"year","date_approx":false,"period_raw":"1918","summary":"эпизод Гражданской войны в Финляндии","url":"https://ru.wikipedia.org/wiki/%D0%92%D1%8B%D0%B1%D0%BE%D1%80%D0%B3%D1%81%D0%BA%D0%B0%D1%8F_%D1%80%D0%B5%D0%B7%D0%BD%D1%8F","image_url":"http://commons.wikimedia.org/wiki/Special:FilePath/Vyborg%20massacre%201918.jpg","source":"Викиданные","source_id":"Q18564908","license":"CC0 (Викиданные)","confidence":"ok"}},{"type":"Feature","id":"disasters:3f762c44a7ad","geometry":{"type":"Point","coordinates":[83.787222,53.356667]},"properties":{"uid":"disasters:3f762c44a7ad","layer":"disasters","layer_title":"Пожары, наводнения, катастрофы","group":"hardship","title":"Барнаульский пожар (1917)","category":"городской пожар","year_from":1917,"year_to":1917,"date_precision":"year","date_approx":false,"period_raw":"1917","url":"https://ru.wikipedia.org/wiki/%D0%91%D0%B0%D1%80%D0%BD%D0%B0%D1%83%D0%BB%D1%8C%D1%81%D0%BA%D0%B8%D0%B9_%D0%BF%D0%BE%D0%B6%D0%B0%D1%80_(1917)","image_url":"http://commons.wikimedia.org/wiki/Special:FilePath/Pozhar1917barnaul1.jpg","source":"Викиданные","source_id":"Q4078414","license":"CC0 (Викиданные)","confidence":"place_level"}},{"type":"Feature","id":"disasters:3fa058534894","geometry":{"type":"Point","coordinates":[23.168672,53.132356]},"properties":{"uid":"disasters:3fa058534894","layer":"disasters","layer_title":"Пожары, наводнения, катастрофы","group":"hardship","title":"Белостокский погром","category":"погром","year_from":1906,"year_to":1906,"date_precision":"year","date_approx":false,"period_raw":"1906","url":"https://ru.wikipedia.org/wiki/%D0%91%D0%B5%D0%BB%D0%BE%D1%81%D1%82%D0%BE%D0%BA%D1%81%D0%BA%D0%B8%D0%B9_%D0%BF%D0%BE%D0%B3%D1%80%D0%BE%D0%BC","image_url":"http://commons.wikimedia.org/wiki/Special:FilePath/Pogrom%20de%20Bialostok.jpg","source":"Викиданные","source_id":"Q4082818","license":"CC0 (Викиданные)","confidence":"place_level"}},{"type":"Feature","id":"disasters:962c9f497534","geometry":{"type":"Point","coordinates":[37.695556,55.742222]},"properties":{"uid":"disasters:962c9f497534","layer":"disasters","layer_title":"Пожары, наводнения, катастрофы","group":"hardship","title":"Взрыв свитского поезда под Москвой (1879)","category":"террористический акт","year_from":1879,"year_to":1879,"date_precision":"year","date_approx":false,"period_raw":"1879","url":"https://ru.wikipedia.org/wiki/%D0%92%D0%B7%D1%80%D1%8B%D0%B2_%D1%81%D0%B2%D0%B8%D1%82%D1%81%D0%BA%D0%BE%D0%B3%D0%BE_%D0%BF%D0%BE%D0%B5%D0%B7%D0%B4%D0%B0_%D0%BF%D0%BE%D0%B4_%D0%9C%D0%BE%D1%81%D0%BA%D0%B2%D0%BE%D0%B9_(1879)","image_url":"http://commons.wikimedia.org/wiki/Special:FilePath/%D0%92%D0%B7%D1%80%D1%8B%D0%B2%20%D1%81%D0%B2%D0%B8%D1%82%D1%81%D0%BA%D0%BE%D0%B3%D0%BE%20%D0%BF%D0%BE%D0%B5%D0%B7%D0%B4%D0%B0%20%D0%BF%D0%BE%D0%B4%20%D0%9C%D0%BE%D1%81%D0%BA%D0%B2%D0%BE%D0%B9.jpg","source":"Викиданные","source_id":"Q4110419","license":"CC0 (Викиданные)","confidence":"ok"}},{"type":"Feature","id":"disasters:68b74c474f7b","geometry":{"type":"Point","coordinates":[132.90191,42.8063]},"properties":{"uid":"disasters:68b74c474f7b","layer":"disasters","layer_title":"Пожары, наводнения, катастрофы","group":"hardship","title":"Взрыв парохода «Дальстрой»","category":"взрыв","year_from":1946,"year_to":1946,"date_precision":"year","date_approx":false,"period_raw":"1946","url":"https://ru.wikipedia.org/wiki/%D0%92%D0%B7%D1%80%D1%8B%D0%B2_%D0%BF%D0%B0%D1%80%D0%BE%D1%85%D0%BE%D0%B4%D0%B0_%C2%AB%D0%94%D0%B0%D0%BB%D1%8C%D1%81%D1%82%D1%80%D0%BE%D0%B9%C2%BB","source":"Викиданные","source_id":"Q4110416","license":"CC0 (Викиданные)","confidence":"ok"}},{"type":"Feature","id":"disasters:8ce46a312853","geometry":{"type":"Point","coordinates":[46.3,40.3]},"properties":{"uid":"disasters:8ce46a312853","layer":"disasters","layer_title":"Пожары, наводнения, катастрофы","group":"hardship","title":"Землетрясение в Гяндже","category":"землетрясение","place_text":"Гянджа","region":"Гянджа","year_from":1139,"year_to":1139,"date_precision":"year","date_approx":false,"period_raw":"1139","url":"https://ru.wikipedia.org/wiki/%D0%97%D0%B5%D0%BC%D0%BB%D0%B5%D1%82%D1%80%D1%8F%D1%81%D0%B5%D0%BD%D0%B8%D0%B5_%D0%B2_%D0%93%D1%8F%D0%BD%D0%B4%D0%B6%D0%B5","source":"Викиданные","source_id":"Q4191053","license":"CC0 (Викиданные)","confidence":"ok"}},{"type":"Feature","id":"disasters:47916c645cb4","geometry":{"type":"Point","coordinates":[106.116667,52.05]},"properties":{"uid":"disasters:47916c645cb4","layer":"disasters","layer_title":"Пожары, наводнения, катастрофы","group":"hardship","title":"Землетрясение на Байкале 1862 года","category":"землетрясение","year_from":1862,"year_to":1862,"date_precision":"year","date_approx":false,"period_raw":"1862","url":"https://ru.wikipedia.org/wiki/%D0%97%D0%B5%D0%BC%D0%BB%D0%B5%D1%82%D1%80%D1%8F%D1%81%D0%B5%D0%BD%D0%B8%D0%B5_%D0%BD%D0%B0_%D0%91%D0%B0%D0%B9%D0%BA%D0%B0%D0%BB%D0%B5_(1862)","source":"Викиданные","source_id":"Q4191068","license":"CC0 (Викиданные)","confidence":"ok"}},{"type":"Feature","id":"disasters:8a5df3c09f1e","geometry":{"type":"Point","coordinates":[104.28,52.289167]},"properties":{"uid":"disasters:8a5df3c09f1e","layer":"disasters","layer_title":"Пожары, наводнения, катастрофы","group":"hardship","title":"Иркутский пожар (1879)","category":"пожар","year_from":1879,"year_to":1879,"date_precision":"year","date_approx":false,"period_raw":"1879","url":"https://ru.wikipedia.org/wiki/%D0%98%D1%80%D0%BA%D1%83%D1%82%D1%81%D0%BA%D0%B8%D0%B9_%D0%BF%D0%BE%D0%B6%D0%B0%D1%80_(1879)","image_url":"http://commons.wikimedia.org/wiki/Special:FilePath/Irkutsk%20Fire%201879%20Romanov.jpg","source":"Викиданные","source_id":"Q4203320","license":"CC0 (Викиданные)","confidence":"place_level"}},{"type":"Feature","id":"disasters:1803fb676c27","geometry":{"type":"Point","coordinates":[30.523611,50.45]},"properties":{"uid":"disasters:1803fb676c27","layer":"disasters","layer_title":"Пожары, наводнения, катастрофы","group":"hardship","title":"Киевский погром (1945)","category":"погром","year_from":1945,"year_to":1945,"date_precision":"year","date_approx":false,"period_raw":"1945","url":"https://ru.wikipedia.org/wiki/%D0%9A%D0%B8%D0%B5%D0%B2%D1%81%D0%BA%D0%B8%D0%B9_%D0%BF%D0%BE%D0%B3%D1%80%D0%BE%D0%BC_(1945)","source":"Викиданные","source_id":"Q4220225","license":"CC0 (Викиданные)","confidence":"place_level"}},{"type":"Feature","id":"disasters:036d88149a07","geometry":{"type":"Point","coordinates":[30.523611,50.45]},"properties":{"uid":"disasters:036d88149a07","layer":"disasters","layer_title":"Пожары, наводнения, катастрофы","group":"hardship","title":"Киевский погром (1919)","category":"погром","year_from":1919,"year_to":1919,"date_precision":"year","date_approx":false,"period_raw":"1919","url":"https://ru.wikipedia.org/wiki/%D0%9A%D0%B8%D0%B5%D0%B2%D1%81%D0%BA%D0%B8%D0%B9_%D0%BF%D0%BE%D0%B3%D1%80%D0%BE%D0%BC_(1919)","source":"Викиданные","source_id":"Q4220228","license":"CC0 (Викиданные)","confidence":"place_level"}},{"type":"Feature","id":"disasters:3fb94290db11","geometry":{"type":"Point","coordinates":[19.559722,50.279167]},"properties":{"uid":"disasters:3fb94290db11","layer":"disasters","layer_title":"Пожары, наводнения, катастрофы","group":"hardship","title":"Кровавая среда (Олькуш)","category":"бойня","year_from":1940,"year_to":1940,"date_precision":"year","date_approx":false,"period_raw":"1940","url":"https://ru.wikipedia.org/wiki/%D0%9A%D1%80%D0%BE%D0%B2%D0%B0%D0%B2%D0%B0%D1%8F_%D1%81%D1%80%D0%B5%D0%B4%D0%B0_(%D0%9E%D0%BB%D1%8C%D0%BA%D1%83%D1%88)","source":"Викиданные","source_id":"Q4241478","license":"CC0 (Викиданные)","confidence":"place_level"}},{"type":"Feature","id":"disasters:cde482948853","geometry":{"type":"Point","coordinates":[28.8045,47.037611]},"properties":{"uid":"disasters:cde482948853","layer":"disasters","layer_title":"Пожары, наводнения, катастрофы","group":"hardship","title":"Кишинёвский погром","category":"погром","year_from":1903,"year_to":1903,"date_precision":"year","date_approx":false,"period_raw":"1903","url":"https://ru.wikipedia.org/wiki/%D0%9A%D0%B8%D1%88%D0%B8%D0%BD%D1%91%D0%B2%D1%81%D0%BA%D0%B8%D0%B9_%D0%BF%D0%BE%D0%B3%D1%80%D0%BE%D0%BC","image_url":"http://commons.wikimedia.org/wiki/Special:FilePath/Pogrom%20de%20Chisinau%20-%201903%20-%202.jpg","source":"Викиданные","source_id":"Q1814439","license":"CC0 (Викиданные)","confidence":"ok"}},{"type":"Feature","id":"disasters:9064b1082b88","geometry":{"type":"Point","coordinates":[19.944722,50.051667]},"properties":{"uid":"disasters:9064b1082b88","layer":"disasters","layer_title":"Пожары, наводнения, катастрофы","group":"hardship","title":"Погром в Кракове","category":"погром","place_text":"Краков","region":"Краков","year_from":1945,"year_to":1945,"date_precision":"year","date_approx":false,"period_raw":"1945","url":"https://ru.wikipedia.org/wiki/%D0%9F%D0%BE%D0%B3%D1%80%D0%BE%D0%BC_%D0%B2_%D0%9A%D1%80%D0%B0%D0%BA%D0%BE%D0%B2%D0%B5","source":"Викиданные","source_id":"Q1814824","license":"CC0 (Викиданные)","confidence":"ok"}},{"type":"Feature","id":"disasters:75f54f81c240","geometry":{"type":"Point","coordinates":[22.288333,49.815]},"properties":{"uid":"disasters:75f54f81c240","layer":"disasters","layer_title":"Пожары, наводнения, катастрофы","group":"hardship","title":"Павлокомская резня","category":"бойня","year_from":1945,"year_to":1945,"date_precision":"year","date_approx":false,"period_raw":"1945","url":"https://ru.wikipedia.org/wiki/%D0%9F%D0%B0%D0%B2%D0%BB%D0%BE%D0%BA%D0%BE%D0%BC%D1%81%D0%BA%D0%B0%D1%8F_%D1%80%D0%B5%D0%B7%D0%BD%D1%8F","image_url":"http://commons.wikimedia.org/wiki/Special:FilePath/Paw%C5%82okoma%203.jpg","source":"Викиданные","source_id":"Q1966827","license":"CC0 (Викиданные)","confidence":"ok"}},{"type":"Feature","id":"disasters:45c632b9ac9b","geometry":{"type":"Point","coordinates":[26.239722,50.926389]},"properties":{"uid":"disasters:45c632b9ac9b","layer":"disasters","layer_title":"Пожары, наводнения, катастрофы","group":"hardship","title":"Трагедия Яновой Долины","category":"бойня","year_from":1943,"year_to":1943,"date_precision":"year","date_approx":false,"period_raw":"1943","url":"https://ru.wikipedia.org/wiki/%D0%9C%D0%B0%D1%81%D1%81%D0%BE%D0%B2%D0%BE%D0%B5_%D1%83%D0%B1%D0%B8%D0%B9%D1%81%D1%82%D0%B2%D0%BE_%D0%B2_%D0%AF%D0%BD%D0%BE%D0%B2%D0%BE%D0%B9_%D0%94%D0%BE%D0%BB%D0%B8%D0%BD%D0%B5","image_url":"http://commons.wikimedia.org/wiki/Special:FilePath/Pomnik%20Polakow%20z%20Janowej%20Doliny.jpg","source":"Викиданные","source_id":"Q2074247","license":"CC0 (Викиданные)","confidence":"ok"}},{"type":"Feature","id":"disasters:3dcf28883ad6","geometry":{"type":"Point","coordinates":[22.1842,49.4664]},"properties":{"uid":"disasters:3dcf28883ad6","layer":"disasters","layer_title":"Пожары, наводнения, катастрофы","group":"hardship","title":"Резня в Завадке Мороховской","category":"бойня","year_from":1946,"year_to":1946,"date_precision":"year","date_approx":false,"period_raw":"1946","url":"https://ru.wikipedia.org/wiki/%D0%A0%D0%B5%D0%B7%D0%BD%D1%8F_%D0%B2_%D0%97%D0%B0%D0%B2%D0%B0%D0%B4%D0%BA%D0%B5_%D0%9C%D0%BE%D1%80%D0%BE%D1%85%D0%BE%D0%B2%D1%81%D0%BA%D0%BE%D0%B9","source":"Викиданные","source_id":"Q2330607","license":"CC0 (Викиданные)","confidence":"place_level"}},{"type":"Feature","id":"disasters:4475077e0842","geometry":{"type":"Point","coordinates":[35.0,45.0]},"properties":{"uid":"disasters:4475077e0842","layer":"disasters","layer_title":"Пожары, наводнения, катастрофы","group":"hardship","title":"Крымские землетрясения 1927 года","category":"землетрясение","place_text":"Крымский полуостров","region":"Крымский полуостров","year_from":1927,"year_to":1927,"date_precision":"year","date_approx":false,"period_raw":"1927","url":"https://ru.wikipedia.org/wiki/%D0%9A%D1%80%D1%8B%D0%BC%D1%81%D0%BA%D0%B8%D0%B5_%D0%B7%D0%B5%D0%BC%D0%BB%D0%B5%D1%82%D1%80%D1%8F%D1%81%D0%B5%D0%BD%D0%B8%D1%8F_(1927)","image_url":"http://commons.wikimedia.org/wiki/Special:FilePath/%D0%9B%D0%B0%D1%81%D1%82%D0%BE%D1%87%D0%BA%D0%B8%D0%BD%D0%BE%20%D0%B3%D0%BD%D0%B5%D0%B7%D0%B4%D0%BE%20%D0%B7%D0%B5%D0%BC%D0%BB%D0%B5%D1%82%D1%80%D1%8F%D1%81%D0%B5%D0%BD%D0%B8%D0%B5%201927%20l.jpg","source":"Викиданные","source_id":"Q2379532","license":"CC0 (Викиданные)","confidence":"ok"}},{"type":"Feature","id":"disasters:ec600a643897","geometry":{"type":"Point","coordinates":[22.95,50.5833]},"properties":{"uid":"disasters:ec600a643897","layer":"disasters","layer_title":"Пожары, наводнения, катастрофы","group":"hardship","title":"massacre of Sochy","category":"массовое убийство","year_from":1943,"year_to":1943,"date_precision":"year","date_approx":false,"period_raw":"1943","url":"https://www.wikidata.org/wiki/Q2436495","source":"Викиданные","source_id":"Q2436495","license":"CC0 (Викиданные)","confidence":"place_level"}},{"type":"Feature","id":"disasters:052fe55d845c","geometry":{"type":"Point","coordinates":[30.216667,48.75]},"properties":{"uid":"disasters:052fe55d845c","layer":"disasters","layer_title":"Пожары, наводнения, катастрофы","group":"hardship","title":"Уманская резня","category":"бойня","year_from":1768,"year_to":1768,"date_precision":"year","date_approx":false,"period_raw":"1768","url":"https://ru.wikipedia.org/wiki/%D0%A3%D0%BC%D0%B0%D0%BD%D1%81%D0%BA%D0%B0%D1%8F_%D1%80%D0%B5%D0%B7%D0%BD%D1%8F","source":"Викиданные","source_id":"Q2587304","license":"CC0 (Викиданные)","confidence":"place_level"}},{"type":"Feature","id":"disasters:b0d2f0889262","geometry":{"type":"Point","coordinates":[18.75,50.25]},"properties":{"uid":"disasters:b0d2f0889262","layer":"disasters","layer_title":"Пожары, наводнения, катастрофы","group":"hardship","title":"Массовые убийства в Пшишовице","category":"бойня","year_from":1945,"year_to":1945,"date_precision":"year","date_approx":false,"period_raw":"1945","url":"https://ru.wikipedia.org/wiki/%D0%9C%D0%B0%D1%81%D1%81%D0%BE%D0%B2%D1%8B%D0%B5_%D1%83%D0%B1%D0%B8%D0%B9%D1%81%D1%82%D0%B2%D0%B0_%D0%B2_%D0%9F%D1%88%D0%B8%D1%88%D0%BE%D0%B2%D0%B8%D1%86%D0%B5","image_url":"http://commons.wikimedia.org/wiki/Special:FilePath/Przyszowice%20-%20tablica%20na%20zbiorowej%20mogile%20pomordowanych%20przez%20%C5%BCo%C5%82nierzy%20sowieckich%204%20%28Nemo5576%29.jpg","source":"Викиданные","source_id":"Q2616006","license":"CC0 (Викиданные)","confidence":"ok"}},{"type":"Feature","id":"disasters:a416e9c8fa5f","geometry":{"type":"Point","coordinates":[24.031592,49.841952]},"properties":{"uid":"disasters:a416e9c8fa5f","layer":"disasters","layer_title":"Пожары, наводнения, катастрофы","group":"hardship","title":"Львовский погром","category":"погром","year_from":1918,"year_to":1918,"date_precision":"year","date_approx":false,"period_raw":"1918","url":"https://ru.wikipedia.org/wiki/%D0%9B%D1%8C%D0%B2%D0%BE%D0%B2%D1%81%D0%BA%D0%B8%D0%B9_%D0%BF%D0%BE%D0%B3%D1%80%D0%BE%D0%BC_(1918)","image_url":"http://commons.wikimedia.org/wiki/Special:FilePath/Massacre%20of%20Jews%20in%20Lviv%2C%20the%20burning%20synagogue%20in%20the%20background%20%281914%29.png","source":"Викиданные","source_id":"Q2658487","license":"CC0 (Викиданные)","confidence":"place_level"}},{"type":"Feature","id":"disasters:f4f537dc71ea","geometry":{"type":"Point","coordinates":[23.923056,54.893333]},"properties":{"uid":"disasters:f4f537dc71ea","layer":"disasters","layer_title":"Пожары, наводнения, катастрофы","group":"hardship","title":"Каунасский погром","category":"бойня","year_from":1941,"year_to":1941,"date_precision":"year","date_approx":false,"period_raw":"1941","url":"https://ru.wikipedia.org/wiki/%D0%9A%D0%B0%D1%83%D0%BD%D0%B0%D1%81%D1%81%D0%BA%D0%B8%D0%B9_%D0%BF%D0%BE%D0%B3%D1%80%D0%BE%D0%BC","image_url":"http://commons.wikimedia.org/wiki/Special:FilePath/Dead%20dealer%20Lietukis%20Garage%20Kovno.jpg","source":"Викиданные","source_id":"Q2669609","license":"CC0 (Викиданные)","confidence":"ok"}},{"type":"Feature","id":"disasters:782e748fa06e","geometry":{"type":"Point","coordinates":[26.475278,53.763056]},"properties":{"uid":"disasters:782e748fa06e","layer":"disasters","layer_title":"Пожары, наводнения, катастрофы","group":"hardship","title":"Массовое убийство в Налибоках","category":"бойня","place_text":"Налибоки","region":"Налибоки","year_from":1943,"year_to":1943,"date_precision":"year","date_approx":false,"period_raw":"1943","url":"https://ru.wikipedia.org/wiki/%D0%9C%D0%B0%D1%81%D1%81%D0%BE%D0%B2%D0%BE%D0%B5_%D1%83%D0%B1%D0%B8%D0%B9%D1%81%D1%82%D0%B2%D0%BE_%D0%B2_%D0%9D%D0%B0%D0%BB%D0%B8%D0%B1%D0%BE%D0%BA%D0%B0%D1%85","image_url":"http://commons.wikimedia.org/wiki/Special:FilePath/Naliboki%20self-defence.jpg","source":"Викиданные","source_id":"Q2669836","license":"CC0 (Викиданные)","confidence":"place_level"}},{"type":"Feature","id":"disasters:b6098cce15db","geometry":{"type":"Point","coordinates":[20.631944,50.8725]},"properties":{"uid":"disasters:b6098cce15db","layer":"disasters","layer_title":"Пожары, наводнения, катастрофы","group":"hardship","title":"Kielce cemetery massacre","category":"бойня","place_text":"Свентокшиское воеводство","region":"Свентокшиское воеводство","year_from":1943,"year_to":1943,"date_precision":"year","date_approx":false,"period_raw":"1943","url":"https://www.wikidata.org/wiki/Q2885128","source":"Викиданные","source_id":"Q2885128","license":"CC0 (Викиданные)","confidence":"place_level"}},{"type":"Feature","id":"disasters:84d0c9ee2368","geometry":{"type":"Point","coordinates":[21.009722,56.482778]},"properties":{"uid":"disasters:84d0c9ee2368","layer":"disasters","layer_title":"Пожары, наводнения, катастрофы","group":"hardship","title":"Массовые убийства в Лиепае","category":"бойня","year_from":1941,"year_to":1942,"date_precision":"year","date_approx":false,"period_raw":"1941–1942","url":"https://ru.wikipedia.org/wiki/%D0%9C%D0%B0%D1%81%D1%81%D0%BE%D0%B2%D1%8B%D0%B5_%D1%83%D0%B1%D0%B8%D0%B9%D1%81%D1%82%D0%B2%D0%B0_%D0%B2_%D0%9B%D0%B8%D0%B5%D0%BF%D0%B0%D0%B5","source":"Викиданные","source_id":"Q2915791","license":"CC0 (Викиданные)","confidence":"ok"}},{"type":"Feature","id":"disasters:3c834b41f5e7","geometry":{"type":"Point","coordinates":[44.0,41.23]},"properties":{"uid":"disasters:3c834b41f5e7","layer":"disasters","layer_title":"Пожары, наводнения, катастрофы","group":"hardship","title":"1088 Tmogvi earthquake","category":"землетрясение","year_from":1088,"year_to":1088,"date_precision":"year","date_approx":false,"period_raw":"1088","url":"https://www.wikidata.org/wiki/Q2988306","source":"Викиданные","source_id":"Q2988306","license":"CC0 (Викиданные)","confidence":"ok"}},{"type":"Feature","id":"disasters:2dbe59899d16","geometry":{"type":"Point","coordinates":[30.515278,50.469167]},"properties":{"uid":"disasters:2dbe59899d16","layer":"disasters","layer_title":"Пожары, наводнения, катастрофы","group":"hardship","title":"Подольский пожар 1811 года","category":"городской пожар","place_text":"Киев","region":"Киев","year_from":1811,"year_to":1811,"date_precision":"year","date_approx":false,"period_raw":"с 1811","url":"https://ru.wikipedia.org/wiki/%D0%9F%D0%BE%D0%B4%D0%BE%D0%BB%D1%8C%D1%81%D0%BA%D0%B8%D0%B9_%D0%BF%D0%BE%D0%B6%D0%B0%D1%80_(1811)","image_url":"http://commons.wikimedia.org/wiki/Special:FilePath/Pre-fire-podol.jpg","source":"Викиданные","source_id":"Q3093686","license":"CC0 (Викиданные)","confidence":"ok"}},{"type":"Feature","id":"disasters:aa0c3f80f330","geometry":{"type":"Point","coordinates":[23.7425,56.624722]},"properties":{"uid":"disasters:aa0c3f80f330","layer":"disasters","layer_title":"Пожары, наводнения, катастрофы","group":"hardship","title":"Массовое убийство в Елгаве","category":"бойня","place_text":"Елгава","region":"Елгава","year_from":1941,"year_to":1941,"date_precision":"year","date_approx":false,"period_raw":"1941","url":"https://ru.wikipedia.org/wiki/%D0%9C%D0%B0%D1%81%D1%81%D0%BE%D0%B2%D0%BE%D0%B5_%D1%83%D0%B1%D0%B8%D0%B9%D1%81%D1%82%D0%B2%D0%BE_%D0%B2_%D0%95%D0%BB%D0%B3%D0%B0%D0%B2%D0%B5","source":"Викиданные","source_id":"Q3495737","license":"CC0 (Викиданные)","confidence":"ok"}},{"type":"Feature","id":"disasters:ded0d9c25ab5","geometry":{"type":"Point","coordinates":[25.883333,47.976944]},"properties":{"uid":"disasters:ded0d9c25ab5","layer":"disasters","layer_title":"Пожары, наводнения, катастрофы","group":"hardship","title":"Инцидент в Фынтына-Албэ","category":"бойня","year_from":1941,"year_to":1941,"date_precision":"year","date_approx":false,"period_raw":"1941","url":"https://ru.wikipedia.org/wiki/%D0%98%D0%BD%D1%86%D0%B8%D0%B4%D0%B5%D0%BD%D1%82_%D0%B2_%D0%A4%D1%8B%D0%BD%D1%82%D1%8B%D0%BD%D0%B0-%D0%90%D0%BB%D0%B1%D1%8D","source":"Викиданные","source_id":"Q3850904","license":"CC0 (Викиданные)","confidence":"ok"}},{"type":"Feature","id":"disasters:fca9ab42797b","geometry":{"type":"Point","coordinates":[24.0764,53.5867]},"properties":{"uid":"disasters:fca9ab42797b","layer":"disasters","layer_title":"Пожары, наводнения, катастрофы","group":"hardship","title":"Будоўлеўскі самасуд","category":"бойня","year_from":1939,"year_to":1939,"date_precision":"year","date_approx":false,"period_raw":"1939","url":"https://www.wikidata.org/wiki/Q3918238","source":"Викиданные","source_id":"Q3918238","license":"CC0 (Викиданные)","confidence":"ok"}},{"type":"Feature","id":"disasters:e92bb25a14df","geometry":{"type":"Point","coordinates":[72.3,40.8]},"properties":{"uid":"disasters:e92bb25a14df","layer":"disasters","layer_title":"Пожары, наводнения, катастрофы","group":"hardship","title":"Андижанское землетрясение (1902)","category":"землетрясение","place_text":"Андижан","region":"Андижан","year_from":1902,"year_to":1902,"date_precision":"year","date_approx":false,"period_raw":"1902","url":"https://ru.wikipedia.org/wiki/%D0%90%D0%BD%D0%B4%D0%B8%D0%B6%D0%B0%D0%BD%D1%81%D0%BA%D0%BE%D0%B5_%D0%B7%D0%B5%D0%BC%D0%BB%D0%B5%D1%82%D1%80%D1%8F%D1%81%D0%B5%D0%BD%D0%B8%D0%B5","source":"Викиданные","source_id":"Q4065335","license":"CC0 (Викиданные)","confidence":"ok"}},{"type":"Feature","id":"disasters:dd143a196414","geometry":{"type":"Point","coordinates":[18.000278,53.121944]},"properties":{"uid":"disasters:dd143a196414","layer":"disasters","layer_title":"Пожары, наводнения, катастрофы","group":"hardship","title":"Кровавое воскресенье","category":"бойня","place_text":"Быдгощ","region":"Быдгощ","year_from":1939,"year_to":1939,"date_precision":"year","date_approx":false,"period_raw":"1939","url":"https://ru.wikipedia.org/wiki/%D0%9A%D1%80%D0%BE%D0%B2%D0%B0%D0%B2%D0%BE%D0%B5_%D0%B2%D0%BE%D1%81%D0%BA%D1%80%D0%B5%D1%81%D0%B5%D0%BD%D1%8C%D0%B5_(1939)","image_url":"http://commons.wikimedia.org/wiki/Special:FilePath/Bundesarchiv%20Bild%20183-E10593%2C%20Bromberg%2C%20Leichen%20get%C3%B6teter%20Volksdeutscher.jpg","source":"Викиданные","source_id":"Q175113","license":"CC0 (Викиданные)","confidence":"ok"}},{"type":"Feature","id":"disasters:587e70eba52e","geometry":{"type":"Point","coordinates":[20.62658,50.873173]},"properties":{"uid":"disasters:587e70eba52e","layer":"disasters","layer_title":"Пожары, наводнения, катастрофы","group":"hardship","title":"Погром в Кельце","category":"погром","place_text":"Кельце","region":"Кельце","year_from":1946,"year_to":1946,"date_precision":"year","date_approx":false,"period_raw":"1946","url":"https://ru.wikipedia.org/wiki/%D0%9F%D0%BE%D0%B3%D1%80%D0%BE%D0%BC_%D0%B2_%D0%9A%D0%B5%D0%BB%D1%8C%D1%86%D0%B5","image_url":"http://commons.wikimedia.org/wiki/Special:FilePath/Kielce%20planty%20plaque.jpg","source":"Викиданные","source_id":"Q236163","license":"CC0 (Викиданные)","confidence":"ok"}},{"type":"Feature","id":"disasters:91026b425b7e","geometry":{"type":"Point","coordinates":[24.95413,60.16805]},"properties":{"uid":"disasters:91026b425b7e","layer":"disasters","layer_title":"Пожары, наводнения, катастрофы","group":"hardship","title":"Ограбление Госбанка в Гельсингфорсе","category":"грабёж","year_from":1906,"year_to":1906,"date_precision":"year","date_approx":false,"period_raw":"1906","url":"https://ru.wikipedia.org/wiki/%D0%9E%D0%B3%D1%80%D0%B0%D0%B1%D0%BB%D0%B5%D0%BD%D0%B8%D0%B5_%D0%93%D0%BE%D1%81%D0%B1%D0%B0%D0%BD%D0%BA%D0%B0_%D0%B2_%D0%93%D0%B5%D0%BB%D1%8C%D1%81%D0%B8%D0%BD%D0%B3%D1%84%D0%BE%D1%80%D1%81%D0%B5","source":"Викиданные","source_id":"Q286785","license":"CC0 (Викиданные)","confidence":"ok"}},{"type":"Feature","id":"disasters:13318697d58b","geometry":{"type":"Point","coordinates":[19.116667,50.8]},"properties":{"uid":"disasters:13318697d58b","layer":"disasters","layer_title":"Пожары, наводнения, катастрофы","group":"hardship","title":"Częstochowa massacre","category":"бойня","place_text":"Силезское воеводство","region":"Силезское воеводство","year_from":1939,"year_to":1939,"date_precision":"year","date_approx":false,"period_raw":"1939","url":"https://www.wikidata.org/wiki/Q290636","source":"Викиданные","source_id":"Q290636","license":"CC0 (Викиданные)","confidence":"ok"}},{"type":"Feature","id":"disasters:4182dd9d3d87","geometry":{"type":"Point","coordinates":[25.099,49.902]},"properties":{"uid":"disasters:4182dd9d3d87","layer":"disasters","layer_title":"Пожары, наводнения, катастрофы","group":"hardship","title":"Трагедия Гуты Пеняцкой","category":"бойня","year_from":1944,"year_to":1944,"date_precision":"year","date_approx":false,"period_raw":"1944","url":"https://ru.wikipedia.org/wiki/%D0%9C%D0%B0%D1%81%D1%81%D0%BE%D0%B2%D0%BE%D0%B5_%D1%83%D0%B1%D0%B8%D0%B9%D1%81%D1%82%D0%B2%D0%BE_%D0%B2_%D0%93%D1%83%D1%82%D0%B5_%D0%9F%D0%B5%D0%BD%D1%8F%D1%86%D0%BA%D0%BE%D0%B9","image_url":"http://commons.wikimedia.org/wiki/Special:FilePath/HutaPieniacka-2.jpg","source":"Викиданные","source_id":"Q323886","license":"CC0 (Викиданные)","confidence":"ok"}},{"type":"Feature","id":"disasters:f7cc563318b2","geometry":{"type":"Point","coordinates":[44.8015,41.6934]},"properties":{"uid":"disasters:f7cc563318b2","layer":"disasters","layer_title":"Пожары, наводнения, катастрофы","group":"hardship","title":"Тифлисская экспроприация","category":"ограбление банка","year_from":1907,"year_to":1907,"date_precision":"year","date_approx":false,"period_raw":"1907","url":"https://ru.wikipedia.org/wiki/%D0%A2%D0%B8%D1%84%D0%BB%D0%B8%D1%81%D1%81%D0%BA%D0%B0%D1%8F_%D1%8D%D0%BA%D1%81%D0%BF%D1%80%D0%BE%D0%BF%D1%80%D0%B8%D0%B0%D1%86%D0%B8%D1%8F","image_url":"http://commons.wikimedia.org/wiki/Special:FilePath/Yerevan%20Square%2C%20Tbilisi.jpg","source":"Викиданные","source_id":"Q331721","license":"CC0 (Викиданные)","confidence":"ok"}},{"type":"Feature","id":"disasters:894a975b502d","geometry":{"type":"Point","coordinates":[25.244444,54.280556]},"properties":{"uid":"disasters:894a975b502d","layer":"disasters","layer_title":"Пожары, наводнения, катастрофы","group":"hardship","title":"Массовое убийство в Канюкай","category":"бойня","year_from":1944,"year_to":1944,"date_precision":"year","date_approx":false,"period_raw":"1944","url":"https://ru.wikipedia.org/wiki/%D0%9C%D0%B0%D1%81%D1%81%D0%BE%D0%B2%D0%BE%D0%B5_%D1%83%D0%B1%D0%B8%D0%B9%D1%81%D1%82%D0%B2%D0%BE_%D0%B2_%D0%9A%D0%B0%D0%BD%D1%8E%D0%BA%D0%B0%D0%B9","image_url":"http://commons.wikimedia.org/wiki/Special:FilePath/Gervi%C5%A1ki%C5%B3%20sen.%2C%20Lithuania%20-%20panoramio%20%284%29.jpg","source":"Викиданные","source_id":"Q471815","license":"CC0 (Викиданные)","confidence":"ok"}},{"type":"Feature","id":"disasters:0623ed8b64cc","geometry":{"type":"Point","coordinates":[30.739893,46.478263]},"properties":{"uid":"disasters:0623ed8b64cc","layer":"disasters","layer_title":"Пожары, наводнения, катастрофы","group":"hardship","title":"Одесский погром","category":"погром","year_from":1900,"year_to":1900,"date_precision":"year","date_approx":false,"period_raw":"1900","url":"https://ru.wikipedia.org/wiki/%D0%9E%D0%B4%D0%B5%D1%81%D1%81%D0%BA%D0%B8%D0%B9_%D0%BF%D0%BE%D0%B3%D1%80%D0%BE%D0%BC","source":"Викиданные","source_id":"Q552243","license":"CC0 (Викиданные)","confidence":"ok"}},{"type":"Feature","id":"disasters:17051f9e2fae","geometry":{"type":"Point","coordinates":[140.733333,53.133333]},"properties":{"uid":"disasters:17051f9e2fae","layer":"disasters","layer_title":"Пожары, наводнения, катастрофы","group":"hardship","title":"Николаевский инцидент","category":"бойня","year_from":1920,"year_to":1920,"date_precision":"year","date_approx":false,"period_raw":"1920","url":"https://ru.wikipedia.org/wiki/%D0%9D%D0%B8%D0%BA%D0%BE%D0%BB%D0%B0%D0%B5%D0%B2%D1%81%D0%BA%D0%B8%D0%B9_%D0%B8%D0%BD%D1%86%D0%B8%D0%B4%D0%B5%D0%BD%D1%82","image_url":"http://commons.wikimedia.org/wiki/Special:FilePath/Nikolayevsk%20Incident-3.jpg","source":"Викиданные","source_id":"Q700134","license":"CC0 (Викиданные)","confidence":"ok"}},{"type":"Feature","id":"disasters:d24894e61fc3","geometry":{"type":"Point","coordinates":[22.309611,53.288694]},"properties":{"uid":"disasters:d24894e61fc3","layer":"disasters","layer_title":"Пожары, наводнения, катастрофы","group":"hardship","title":"Погром в Едвабне","category":"погром","year_from":1941,"year_to":1941,"date_precision":"year","date_approx":false,"period_raw":"1941","url":"https://ru.wikipedia.org/wiki/%D0%9F%D0%BE%D0%B3%D1%80%D0%BE%D0%BC_%D0%B2_%D0%95%D0%B4%D0%B2%D0%B0%D0%B1%D0%BD%D0%B5","image_url":"http://commons.wikimedia.org/wiki/Special:FilePath/A-438%20Mogi%C5%82a-pomnik%2C%20na%20cmentarzu%20%C5%BCydowskim%2C%201941%20Jedwabne%20B%26W.jpg","source":"Викиданные","source_id":"Q707547","license":"CC0 (Викиданные)","confidence":"ok"}},{"type":"Feature","id":"disasters:ba9a330e5865","geometry":{"type":"Point","coordinates":[21.595833,51.2225]},"properties":{"uid":"disasters:ba9a330e5865","layer":"disasters","layer_title":"Пожары, наводнения, катастрофы","group":"hardship","title":"Massacre in Ciepielów","category":"военное преступление","place_text":"Цепелюв","region":"Цепелюв","year_from":1939,"year_to":1939,"date_precision":"year","date_approx":false,"period_raw":"1939","url":"https://www.wikidata.org/wiki/Q769918","image_url":"http://commons.wikimedia.org/wiki/Special:FilePath/Polish%20POWs%20shot%20by%20Wehrmacht%201939.jpg","source":"Викиданные","source_id":"Q769918","license":"CC0 (Викиданные)","confidence":"ok"}},{"type":"Feature","id":"disasters:1e133b8d9a45","geometry":{"type":"Point","coordinates":[45.35,42.883333]},"properties":{"uid":"disasters:1e133b8d9a45","layer":"disasters","layer_title":"Пожары, наводнения, катастрофы","group":"hardship","title":"Массовое убийство в Хайбахе","category":"бойня","year_from":1944,"year_to":1944,"date_precision":"year","date_approx":false,"period_raw":"1944","url":"https://ru.wikipedia.org/wiki/%D0%9C%D0%B0%D1%81%D1%81%D0%BE%D0%B2%D0%BE%D0%B5_%D1%83%D0%B1%D0%B8%D0%B9%D1%81%D1%82%D0%B2%D0%BE_%D0%B2_%D0%A5%D0%B0%D0%B9%D0%B1%D0%B0%D1%85%D0%B5","source":"Викиданные","source_id":"Q776377","license":"CC0 (Викиданные)","confidence":"ok"}},{"type":"Feature","id":"disasters:ac9a5c5b254e","geometry":{"type":"Point","coordinates":[21.159139,52.233778]},"properties":{"uid":"disasters:ac9a5c5b254e","layer":"disasters","layer_title":"Пожары, наводнения, катастрофы","group":"hardship","title":"Ваверская резня","category":"военное преступление","year_from":1939,"year_to":1939,"date_precision":"year","date_approx":false,"period_raw":"1939","url":"https://ru.wikipedia.org/wiki/%D0%92%D0%B0%D0%B2%D0%B5%D1%80%D1%81%D0%BA%D0%B0%D1%8F_%D1%80%D0%B5%D0%B7%D0%BD%D1%8F","image_url":"http://commons.wikimedia.org/wiki/Special:FilePath/Egzekucja%20w%20Wawrze.jpg","source":"Викиданные","source_id":"Q821049","license":"CC0 (Викиданные)","confidence":"ok"}},{"type":"Feature","id":"disasters:6e211c6f8523","geometry":{"type":"Point","coordinates":[18.176111,54.677778]},"properties":{"uid":"disasters:6e211c6f8523","layer":"disasters","layer_title":"Пожары, наводнения, катастрофы","group":"hardship","title":"massacres in Piaśnica","category":"военное преступление","year_from":1939,"year_to":1939,"date_precision":"year","date_approx":false,"period_raw":"1939","url":"https://www.wikidata.org/wiki/Q821391","image_url":"http://commons.wikimedia.org/wiki/Special:FilePath/Execution%20in%20Pia%C5%9Bnica%20forest.jpg","source":"Викиданные","source_id":"Q821391","license":"CC0 (Викиданные)","confidence":"ok"}},{"type":"Feature","id":"disasters:6e1ff3c392a4","geometry":{"type":"Point","coordinates":[20.5945,52.1446]},"properties":{"uid":"disasters:6e1ff3c392a4","layer":"disasters","layer_title":"Пожары, наводнения, катастрофы","group":"hardship","title":"Большая Акция","category":"геноцид","place_text":"Варшава","region":"Варшава","year_from":1942,"year_to":1942,"date_precision":"year","date_approx":false,"period_raw":"1942","url":"https://ru.wikipedia.org/wiki/%D0%91%D0%BE%D0%BB%D1%8C%D1%88%D0%B0%D1%8F_%D0%B0%D0%BA%D1%86%D0%B8%D1%8F","source":"Викиданные","source_id":"Q965477","license":"CC0 (Викиданные)","confidence":"ok"}},{"type":"Feature","id":"disasters:dc73a94be6be","geometry":{"type":"Point","coordinates":[35.378889,55.513056]},"properties":{"uid":"disasters:dc73a94be6be","layer":"disasters","layer_title":"Пожары, наводнения, катастрофы","group":"hardship","title":"Крушение на станции Дровнино","category":"крушение поезда","year_from":1952,"year_to":1952,"date_precision":"year","date_approx":false,"period_raw":"1952","url":"https://ru.wikipedia.org/wiki/%D0%9A%D1%80%D1%83%D1%88%D0%B5%D0%BD%D0%B8%D0%B5_%D0%BD%D0%B0_%D1%81%D1%82%D0%B0%D0%BD%D1%86%D0%B8%D0%B8_%D0%94%D1%80%D0%BE%D0%B2%D0%BD%D0%B8%D0%BD%D0%BE","source":"Викиданные","source_id":"Q971570","license":"CC0 (Викиданные)","confidence":"ok"}},{"type":"Feature","id":"disasters:48d06fd471bd","geometry":{"type":"Point","coordinates":[36.128194,49.687583]},"properties":{"uid":"disasters:48d06fd471bd","layer":"disasters","layer_title":"Пожары, наводнения, катастрофы","group":"hardship","title":"Крушение императорского поезда","category":"крушение поезда","year_from":1888,"year_to":1888,"date_precision":"year","date_approx":false,"period_raw":"1888","url":"https://ru.wikipedia.org/wiki/%D0%9A%D1%80%D1%83%D1%88%D0%B5%D0%BD%D0%B8%D0%B5_%D0%B8%D0%BC%D0%BF%D0%B5%D1%80%D0%B0%D1%82%D0%BE%D1%80%D1%81%D0%BA%D0%BE%D0%B3%D0%BE_%D0%BF%D0%BE%D0%B5%D0%B7%D0%B4%D0%B0","image_url":"http://commons.wikimedia.org/wiki/Special:FilePath/Borki%20train%20disaster%201.jpg","source":"Викиданные","source_id":"Q1312139","license":"CC0 (Викиданные)","confidence":"ok"}},{"type":"Feature","id":"disasters:5cfefffdea0e","geometry":{"type":"Point","coordinates":[22.78424,49.78345]},"properties":{"uid":"disasters:5cfefffdea0e","layer":"disasters","layer_title":"Пожары, наводнения, катастрофы","group":"hardship","title":"Massaker von Przemyśl","category":"бойня","year_from":1939,"year_to":1939,"date_precision":"year","date_approx":false,"period_raw":"1939","url":"https://www.wikidata.org/wiki/Q1472293","source":"Викиданные","source_id":"Q1472293","license":"CC0 (Викиданные)","confidence":"place_level"}},{"type":"Feature","id":"disasters:82a0da5ae60f","geometry":{"type":"Point","coordinates":[39.895,57.634]},"properties":{"uid":"disasters:82a0da5ae60f","layer":"disasters","layer_title":"Пожары, наводнения, катастрофы","group":"hardship","title":"Крушение баркаса «Четвёртый»","category":"кораблекрушение","year_from":1933,"year_to":1933,"date_precision":"year","date_approx":false,"period_raw":"1933","url":"https://ru.wikipedia.org/wiki/%D0%9A%D1%80%D1%83%D1%88%D0%B5%D0%BD%D0%B8%D0%B5_%D0%B1%D0%B0%D1%80%D0%BA%D0%B0%D1%81%D0%B0_%C2%AB%D0%A7%D0%B5%D1%82%D0%B2%D1%91%D1%80%D1%82%D1%8B%D0%B9%C2%BB","source":"Викиданные","source_id":"Q4242617","license":"CC0 (Викиданные)","confidence":"ok"}},{"type":"Feature","id":"disasters:4071dd960ffa","geometry":{"type":"Point","coordinates":[37.71467,55.65977]},"properties":{"uid":"disasters:4071dd960ffa","layer":"disasters","layer_title":"Пожары, наводнения, катастрофы","group":"hardship","title":"Крушение в Перерве","category":"крушение поезда","year_from":1930,"year_to":1930,"date_precision":"year","date_approx":false,"period_raw":"1930","url":"https://ru.wikipedia.org/wiki/%D0%9A%D1%80%D1%83%D1%88%D0%B5%D0%BD%D0%B8%D0%B5_%D0%B2_%D0%9F%D0%B5%D1%80%D0%B5%D1%80%D0%B2%D0%B5","source":"Викиданные","source_id":"Q4242620","license":"CC0 (Викиданные)","confidence":"ok"}},{"type":"Feature","id":"disasters:b6b8806cd9e9","geometry":{"type":"Point","coordinates":[39.451111,54.819167]},"properties":{"uid":"disasters:b6b8806cd9e9","layer":"disasters","layer_title":"Пожары, наводнения, катастрофы","group":"hardship","title":"Крушение на станции Дивово","category":"крушение поезда","year_from":1925,"year_to":1925,"date_precision":"year","date_approx":false,"period_raw":"1925","url":"https://ru.wikipedia.org/wiki/%D0%9A%D1%80%D1%83%D1%88%D0%B5%D0%BD%D0%B8%D0%B5_%D0%BD%D0%B0_%D1%81%D1%82%D0%B0%D0%BD%D1%86%D0%B8%D0%B8_%D0%94%D0%B8%D0%B2%D0%BE%D0%B2%D0%BE","image_url":"http://commons.wikimedia.org/wiki/Special:FilePath/RybnoeDistrict%2006-13%20Divovo%20Station%2004.jpg","source":"Викиданные","source_id":"Q4242630","license":"CC0 (Викиданные)","confidence":"ok"}},{"type":"Feature","id":"disasters:0b7b247bb646","geometry":{"type":"Point","coordinates":[92.53281,56.051838]},"properties":{"uid":"disasters:0b7b247bb646","layer":"disasters","layer_title":"Пожары, наводнения, катастрофы","group":"hardship","title":"Крушение на станции Минино","category":"крушение поезда","year_from":1959,"year_to":1959,"date_precision":"year","date_approx":false,"period_raw":"1959","url":"https://ru.wikipedia.org/wiki/%D0%9A%D1%80%D1%83%D1%88%D0%B5%D0%BD%D0%B8%D0%B5_%D0%BD%D0%B0_%D1%81%D1%82%D0%B0%D0%BD%D1%86%D0%B8%D0%B8_%D0%9C%D0%B8%D0%BD%D0%B8%D0%BD%D0%BE","source":"Викиданные","source_id":"Q4242635","license":"CC0 (Викиданные)","confidence":"ok"}},{"type":"Feature","id":"disasters:f92d7afe724a","geometry":{"type":"Point","coordinates":[82.702393,54.993341]},"properties":{"uid":"disasters:f92d7afe724a","layer":"disasters","layer_title":"Пожары, наводнения, катастрофы","group":"hardship","title":"Крушение на станции Обь","category":"крушение поезда","year_from":1946,"year_to":1946,"date_precision":"year","date_approx":false,"period_raw":"1946","url":"https://ru.wikipedia.org/wiki/%D0%9A%D1%80%D1%83%D1%88%D0%B5%D0%BD%D0%B8%D0%B5_%D0%BD%D0%B0_%D1%81%D1%82%D0%B0%D0%BD%D1%86%D0%B8%D0%B8_%D0%9E%D0%B1%D1%8C","source":"Викиданные","source_id":"Q4242638","license":"CC0 (Викиданные)","confidence":"ok"}},{"type":"Feature","id":"disasters:773e1f5f4f96","geometry":{"type":"Point","coordinates":[36.7603,53.4214]},"properties":{"uid":"disasters:773e1f5f4f96","layer":"disasters","layer_title":"Пожары, наводнения, катастрофы","group":"hardship","title":"Кукуевская катастрофа","category":"крушение поезда","year_from":1882,"year_to":1882,"date_precision":"year","date_approx":false,"period_raw":"1882","url":"https://ru.wikipedia.org/wiki/%D0%9A%D1%83%D0%BA%D1%83%D0%B5%D0%B2%D1%81%D0%BA%D0%B0%D1%8F_%D0%BA%D0%B0%D1%82%D0%B0%D1%81%D1%82%D1%80%D0%BE%D1%84%D0%B0","source":"Викиданные","source_id":"Q4245857","license":"CC0 (Викиданные)","confidence":"ok"}},{"type":"Feature","id":"disasters:1adf5bec33f5","geometry":{"type":"Point","coordinates":[39.893333,57.626389]},"properties":{"uid":"disasters:1adf5bec33f5","layer":"disasters","layer_title":"Пожары, наводнения, катастрофы","group":"hardship","title":"Пожар в Толчковской слободе (1767)","category":"городской пожар","year_from":1767,"year_to":1767,"date_precision":"year","date_approx":false,"period_raw":"1767","url":"https://ru.wikipedia.org/wiki/%D0%9F%D0%BE%D0%B6%D0%B0%D1%80_%D0%B2_%D0%A2%D0%BE%D0%BB%D1%87%D0%BA%D0%BE%D0%B2%D1%81%D0%BA%D0%BE%D0%B9_%D1%81%D0%BB%D0%BE%D0%B1%D0%BE%D0%B4%D0%B5_(1767)","source":"Викиданные","source_id":"Q4368595","license":"CC0 (Викиданные)","confidence":"place_level"}},{"type":"Feature","id":"disasters:ec473a9eb451","geometry":{"type":"Point","coordinates":[30.316667,59.95]},"properties":{"uid":"disasters:ec473a9eb451","layer":"disasters","layer_title":"Пожары, наводнения, катастрофы","group":"hardship","title":"Пожар в балагане Лемана","category":"пожар","place_text":"Санкт-Петербург","region":"Санкт-Петербург","year_from":1836,"year_to":1836,"date_precision":"year","date_approx":false,"period_raw":"1836","url":"https://ru.wikipedia.org/wiki/%D0%9F%D0%BE%D0%B6%D0%B0%D1%80_%D0%B2_%D0%B1%D0%B0%D0%BB%D0%B0%D0%B3%D0%B0%D0%BD%D0%B5_%D0%9B%D0%B5%D0%BC%D0%B0%D0%BD%D0%B0","source":"Викиданные","source_id":"Q4368597","license":"CC0 (Викиданные)","confidence":"place_level"}},{"type":"Feature","id":"disasters:0ec4b9a05a52","geometry":{"type":"Point","coordinates":[36.163242,53.017765]},"properties":{"uid":"disasters:0ec4b9a05a52","layer":"disasters","layer_title":"Пожары, наводнения, катастрофы","group":"hardship","title":"Расстрел под Орлом (1941)","category":"кладбище","year_from":1941,"year_to":1941,"date_precision":"year","date_approx":false,"period_raw":"1941","url":"https://ru.wikipedia.org/wiki/%D0%A0%D0%B0%D1%81%D1%81%D1%82%D1%80%D0%B5%D0%BB_%D0%BF%D0%BE%D0%B4_%D0%9E%D1%80%D0%BB%D0%BE%D0%BC_(1941)","image_url":"http://commons.wikimedia.org/wiki/Special:FilePath/Monument%20to%20victims%20of%20political%20repressions%20in%20Oryol-1.JPG","source":"Викиданные","source_id":"Q4390509","license":"CC0 (Викиданные)","confidence":"ok"}},{"type":"Feature","id":"disasters:667b20b94dd1","geometry":{"type":"Point","coordinates":[23.8,50.683333]},"properties":{"uid":"disasters:667b20b94dd1","layer":"disasters","layer_title":"Пожары, наводнения, катастрофы","group":"hardship","title":"Резня в Сахрыни","category":"бойня","year_from":1944,"year_to":1944,"date_precision":"year","date_approx":false,"period_raw":"1944","url":"https://ru.wikipedia.org/wiki/%D0%A0%D0%B5%D0%B7%D0%BD%D1%8F_%D0%B2_%D0%A1%D0%B0%D1%85%D1%80%D1%8B%D0%BD%D0%B8","image_url":"http://commons.wikimedia.org/wiki/Special:FilePath/Sahry%C5%84%20pomnik%20ofiar%20zbrodni%2010%20marca%201944.jpg","source":"Викиданные","source_id":"Q4392487","license":"CC0 (Викиданные)","confidence":"place_level"}},{"type":"Feature","id":"disasters:2be469270c4b","geometry":{"type":"Point","coordinates":[30.319272,59.895095]},"properties":{"uid":"disasters:2be469270c4b","layer":"disasters","layer_title":"Пожары, наводнения, катастрофы","group":"hardship","title":"Столкновение поезда и трамвая в Ленинграде 1 декабря 1930 года","category":"ДТП с трамваем","place_text":"Санкт-Петербург","region":"Санкт-Петербург","year_from":1930,"year_to":1930,"date_precision":"year","date_approx":false,"period_raw":"1930","url":"https://ru.wikipedia.org/wiki/%D0%A1%D1%82%D0%BE%D0%BB%D0%BA%D0%BD%D0%BE%D0%B2%D0%B5%D0%BD%D0%B8%D0%B5_%D0%BF%D0%BE%D0%B5%D0%B7%D0%B4%D0%B0_%D0%B8_%D1%82%D1%80%D0%B0%D0%BC%D0%B2%D0%B0%D1%8F_%D0%B2_%D0%9B%D0%B5%D0%BD%D0%B8%D0%BD%D0%B3%D1%80%D0%B0%D0%B4%D0%B5_1_%D0%B4%D0%B5%D0%BA%D0%B0%D0%B1%D1%80%D1%8F_1930_%D0%B3%D0%BE%D0%B4%D0%B0","source":"Викиданные","source_id":"Q4442939","license":"CC0 (Викиданные)","confidence":"ok"}},{"type":"Feature","id":"disasters:15dd37ac8e37","geometry":{"type":"Point","coordinates":[29.918056,50.074722]},"properties":{"uid":"disasters:15dd37ac8e37","layer":"disasters","layer_title":"Пожары, наводнения, катастрофы","group":"hardship","title":"Фастовский погром","category":"погром","year_from":1919,"year_to":1919,"date_precision":"year","date_approx":false,"period_raw":"1919","url":"https://ru.wikipedia.org/wiki/%D0%A4%D0%B0%D1%81%D1%82%D0%BE%D0%B2%D1%81%D0%BA%D0%B8%D0%B9_%D0%BF%D0%BE%D0%B3%D1%80%D0%BE%D0%BC","image_url":"http://commons.wikimedia.org/wiki/Special:FilePath/Fastov%20demolished.jpg","source":"Викиданные","source_id":"Q4481401","license":"CC0 (Викиданные)","confidence":"place_level"}},{"type":"Feature","id":"disasters:24b1874b1f78","geometry":{"type":"Point","coordinates":[48.6,40.7]},"properties":{"uid":"disasters:24b1874b1f78","layer":"disasters","layer_title":"Пожары, наводнения, катастрофы","group":"hardship","title":"Шемахинское землетрясение (1902)","category":"землетрясение","place_text":"Шемахинский район","region":"Шемахинский район","year_from":1902,"year_to":1902,"date_precision":"year","date_approx":false,"period_raw":"1902","url":"https://ru.wikipedia.org/wiki/%D0%A8%D0%B5%D0%BC%D0%B0%D1%85%D0%B8%D0%BD%D1%81%D0%BA%D0%BE%D0%B5_%D0%B7%D0%B5%D0%BC%D0%BB%D0%B5%D1%82%D1%80%D1%8F%D1%81%D0%B5%D0%BD%D0%B8%D0%B5_(1902)","image_url":"http://commons.wikimedia.org/wiki/Special:FilePath/Shemakha%201902%20ruins.jpg","source":"Викиданные","source_id":"Q4522772","license":"CC0 (Викиданные)","confidence":"ok"}},{"type":"Feature","id":"disasters:e1107221be28","geometry":{"type":"Point","coordinates":[48.4,40.38]},"properties":{"uid":"disasters:e1107221be28","layer":"disasters","layer_title":"Пожары, наводнения, катастрофы","group":"hardship","title":"Шемахинское землетрясение (1859)","category":"землетрясение","year_from":1859,"year_to":1859,"date_precision":"year","date_approx":false,"period_raw":"1859","url":"https://ru.wikipedia.org/wiki/%D0%A8%D0%B5%D0%BC%D0%B0%D1%85%D0%B8%D0%BD%D1%81%D0%BA%D0%BE%D0%B5_%D0%B7%D0%B5%D0%BC%D0%BB%D0%B5%D1%82%D1%80%D1%8F%D1%81%D0%B5%D0%BD%D0%B8%D0%B5_(1859)","source":"Викиданные","source_id":"Q4522773","license":"CC0 (Викиданные)","confidence":"ok"}},{"type":"Feature","id":"disasters:03b065ab91e3","geometry":{"type":"Point","coordinates":[44.7,40.2]},"properties":{"uid":"disasters:03b065ab91e3","layer":"disasters","layer_title":"Пожары, наводнения, катастрофы","group":"hardship","title":"Ереванское землетрясение 1679 г.","category":"землетрясение","year_from":1679,"year_to":1679,"date_precision":"year","date_approx":false,"period_raw":"1679","url":"https://ru.wikipedia.org/wiki/%D0%97%D0%B5%D0%BC%D0%BB%D0%B5%D1%82%D1%80%D1%8F%D1%81%D0%B5%D0%BD%D0%B8%D0%B5_%D0%B2_%D0%90%D1%80%D0%BC%D0%B5%D0%BD%D0%B8%D0%B8_(1679)","image_url":"http://commons.wikimedia.org/wiki/Special:FilePath/Pre%20Saint%20Sargis%20Ushi.jpg","source":"Викиданные","source_id":"Q4551791","license":"CC0 (Викиданные)","confidence":"ok"}},{"type":"Feature","id":"disasters:be2fac87a4ae","geometry":{"type":"Point","coordinates":[67.9,38.5]},"properties":{"uid":"disasters:be2fac87a4ae","layer":"disasters","layer_title":"Пожары, наводнения, катастрофы","group":"hardship","title":"1907 Qaratog earthquake","category":"землетрясение","place_text":"Каратаг","region":"Каратаг","year_from":1907,"year_to":1907,"date_precision":"year","date_approx":false,"period_raw":"1907","url":"https://www.wikidata.org/wiki/Q4558717","source":"Викиданные","source_id":"Q4558717","license":"CC0 (Викиданные)","confidence":"ok"}},{"type":"Feature","id":"disasters:e7612a99f487","geometry":{"type":"Point","coordinates":[57.6,37.8]},"properties":{"uid":"disasters:e7612a99f487","layer":"disasters","layer_title":"Пожары, наводнения, катастрофы","group":"hardship","title":"1929 Koppeh Dagh earthquake","category":"землетрясение","place_text":"Копетдаг","region":"Копетдаг","year_from":1929,"year_to":1929,"date_precision":"year","date_approx":false,"period_raw":"1929","url":"https://www.wikidata.org/wiki/Q4562427","source":"Викиданные","source_id":"Q4562427","license":"CC0 (Викиданные)","confidence":"ok"}},{"type":"Feature","id":"disasters:8b8f017fa8c8","geometry":{"type":"Point","coordinates":[159.663,53.37]},"properties":{"uid":"disasters:8b8f017fa8c8","layer":"disasters","layer_title":"Пожары, наводнения, катастрофы","group":"hardship","title":"Землетрясение на Камчатке","category":"Землетрясения на Камчатке","year_from":1959,"year_to":1959,"date_precision":"year","date_approx":false,"period_raw":"1959","url":"https://ru.wikipedia.org/wiki/%D0%97%D0%B5%D0%BC%D0%BB%D0%B5%D1%82%D1%80%D1%8F%D1%81%D0%B5%D0%BD%D0%B8%D0%B5_%D0%BD%D0%B0_%D0%9A%D0%B0%D0%BC%D1%87%D0%B0%D1%82%D0%BA%D0%B5_(1959)","image_url":"http://commons.wikimedia.org/wiki/Special:FilePath/Relief%20Map%20of%20Kamchatka%20Krai.png","source":"Викиданные","source_id":"Q4569628","license":"CC0 (Викиданные)","confidence":"ok"}},{"type":"Feature","id":"disasters:abd42ba3f1fd","geometry":{"type":"Point","coordinates":[20.7613,54.4996]},"properties":{"uid":"disasters:abd42ba3f1fd","layer":"disasters","layer_title":"Пожары, наводнения, катастрофы","group":"hardship","title":"Абшвангенская резня","category":"бойня","year_from":1914,"year_to":1914,"date_precision":"year","date_approx":false,"period_raw":"1914","url":"https://ru.wikipedia.org/wiki/%D0%90%D0%B1%D1%88%D0%B2%D0%B0%D0%BD%D0%B3%D0%B5%D0%BD%D1%81%D0%BA%D0%B0%D1%8F_%D1%80%D0%B5%D0%B7%D0%BD%D1%8F","image_url":"http://commons.wikimedia.org/wiki/Special:FilePath/Eerste%20Wereldoorlog%2C%20propaganda%2C%20ansichtkaarten%2C%20prentbriefkaarten%2C%20SFA018001403.jpg","source":"Викиданные","source_id":"Q4669676","license":"CC0 (Викиданные)","confidence":"ok"}},{"type":"Feature","id":"disasters:418848219e56","geometry":{"type":"Point","coordinates":[22.2858,49.3372]},"properties":{"uid":"disasters:418848219e56","layer":"disasters","layer_title":"Пожары, наводнения, катастрофы","group":"hardship","title":"Резня в Балигороде","category":"бойня","year_from":1944,"year_to":1944,"date_precision":"year","date_approx":false,"period_raw":"1944","url":"https://ru.wikipedia.org/wiki/%D0%A0%D0%B5%D0%B7%D0%BD%D1%8F_%D0%B2_%D0%91%D0%B0%D0%BB%D0%B8%D0%B3%D0%BE%D1%80%D0%BE%D0%B4%D0%B5","image_url":"http://commons.wikimedia.org/wiki/Special:FilePath/Baligr%C3%B3d%20-%20monument%201.jpg","source":"Викиданные","source_id":"Q4850887","license":"CC0 (Викиданные)","confidence":"ok"}},{"type":"Feature","id":"disasters:409e6f4d64e4","geometry":{"type":"Point","coordinates":[24.635833,48.981944]},"properties":{"uid":"disasters:409e6f4d64e4","layer":"disasters","layer_title":"Пожары, наводнения, катастрофы","group":"hardship","title":"Czarny Las Massacre","category":"военные преступления нацистов","year_from":1941,"year_to":1941,"date_precision":"year","date_approx":false,"period_raw":"1941","url":"https://www.wikidata.org/wiki/Q5201666","source":"Викиданные","source_id":"Q5201666","license":"CC0 (Викиданные)","confidence":"ok"}},{"type":"Feature","id":"disasters:0a1fd5c302f7","geometry":{"type":"Point","coordinates":[25.45,55.066667]},"properties":{"uid":"disasters:0a1fd5c302f7","layer":"disasters","layer_title":"Пожары, наводнения, катастрофы","group":"hardship","title":"Дубингяйская резня","category":"военное преступление","year_from":1944,"year_to":1944,"date_precision":"year","date_approx":false,"period_raw":"1944","url":"https://ru.wikipedia.org/wiki/%D0%94%D1%83%D0%B1%D0%B8%D0%BD%D0%B3%D1%8F%D0%B9%D1%81%D0%BA%D0%B0%D1%8F_%D1%80%D0%B5%D0%B7%D0%BD%D1%8F","source":"Викиданные","source_id":"Q5310753","license":"CC0 (Викиданные)","confidence":"ok"}},{"type":"Feature","id":"disasters:1af3b422c534","geometry":{"type":"Point","coordinates":[25.4,53.45]},"properties":{"uid":"disasters:1af3b422c534","layer":"disasters","layer_title":"Пожары, наводнения, катастрофы","group":"hardship","title":"Dzyatlava massacre","category":"массовое убийство","year_from":1942,"year_to":1942,"date_precision":"year","date_approx":false,"period_raw":"1942","url":"https://www.wikidata.org/wiki/Q5320058","source":"Викиданные","source_id":"Q5320058","license":"CC0 (Викиданные)","confidence":"ok"}},{"type":"Feature","id":"disasters:cfdbc65d54c6","geometry":{"type":"Point","coordinates":[25.473547,65.012574]},"properties":{"uid":"disasters:cfdbc65d54c6","layer":"disasters","layer_title":"Пожары, наводнения, катастрофы","group":"hardship","title":"great Oulu fire of 1882","category":"пожар","year_from":1882,"year_to":1882,"date_precision":"year","date_approx":false,"period_raw":"1882","url":"https://www.wikidata.org/wiki/Q5395044","image_url":"http://commons.wikimedia.org/wiki/Special:FilePath/Oulu%20after%201882%20fire.JPG","source":"Викиданные","source_id":"Q5395044","license":"CC0 (Викиданные)","confidence":"ok"}},{"type":"Feature","id":"disasters:e53b6bfc0f89","geometry":{"type":"Point","coordinates":[25.469444,65.008333]},"properties":{"uid":"disasters:e53b6bfc0f89","layer":"disasters","layer_title":"Пожары, наводнения, катастрофы","group":"hardship","title":"Great Oulu Fire of 1916","category":"городской пожар","year_from":1916,"year_to":1916,"date_precision":"year","date_approx":false,"period_raw":"1916","url":"https://www.wikidata.org/wiki/Q5599728","source":"Викиданные","source_id":"Q5599728","license":"CC0 (Викиданные)","confidence":"place_level"}},{"type":"Feature","id":"disasters:ed49645fe01a","geometry":{"type":"Point","coordinates":[22.5703,51.2481]},"properties":{"uid":"disasters:ed49645fe01a","layer":"disasters","layer_title":"Пожары, наводнения, катастрофы","group":"hardship","title":"Assassination attempts on Bolesław Bierut","category":"попытка убийства","year_from":1944,"year_to":1944,"date_precision":"year","date_approx":false,"period_raw":"1944","url":"https://www.wikidata.org/wiki/Q9386429","source":"Викиданные","source_id":"Q9386429","license":"CC0 (Викиданные)","confidence":"ok"}},{"type":"Feature","id":"disasters:7a3d7d9417b8","geometry":{"type":"Point","coordinates":[21.011667,52.239167]},"properties":{"uid":"disasters:7a3d7d9417b8","layer":"disasters","layer_title":"Пожары, наводнения, катастрофы","group":"hardship","title":"Убийство Габриэля Нарутовича","category":"убийство","year_from":1922,"year_to":1922,"date_precision":"year","date_approx":false,"period_raw":"1922","url":"https://ru.wikipedia.org/wiki/%D0%A3%D0%B1%D0%B8%D0%B9%D1%81%D1%82%D0%B2%D0%BE_%D0%93%D0%B0%D0%B1%D1%80%D0%B8%D1%8D%D0%BB%D1%8F_%D0%9D%D0%B0%D1%80%D1%83%D1%82%D0%BE%D0%B2%D0%B8%D1%87%D0%B0","image_url":"http://commons.wikimedia.org/wiki/Special:FilePath/Gabriel%20Narutowicz.jpg","source":"Викиданные","source_id":"Q9386436","license":"CC0 (Викиданные)","confidence":"ok"}},{"type":"Feature","id":"disasters:b69aa5fa2ff5","geometry":{"type":"Point","coordinates":[20.9835,52.2535]},"properties":{"uid":"disasters:b69aa5fa2ff5","layer":"disasters","layer_title":"Пожары, наводнения, катастрофы","group":"hardship","title":"Mass murder on Dzika street","category":"бойня","place_text":"Мазовецкое воеводство","region":"Мазовецкое воеводство","year_from":1944,"year_to":1944,"date_precision":"year","date_approx":false,"period_raw":"1944","url":"https://www.wikidata.org/wiki/Q9388599","source":"Викиданные","source_id":"Q9388599","license":"CC0 (Викиданные)","confidence":"ok"}},{"type":"Feature","id":"disasters:34731858a1c6","geometry":{"type":"Point","coordinates":[26.0872,49.8667]},"properties":{"uid":"disasters:34731858a1c6","layer":"disasters","layer_title":"Пожары, наводнения, катастрофы","group":"hardship","title":"Резня в Лановцах","category":"массовое убийство","year_from":1944,"year_to":1944,"date_precision":"year","date_approx":false,"period_raw":"1944","url":"https://ru.wikipedia.org/wiki/%D0%A0%D0%B5%D0%B7%D0%BD%D1%8F_%D0%B1%D0%B5%D0%B6%D0%B5%D0%BD%D1%86%D0%B5%D0%B2_%D0%B8%D0%B7_%D0%9B%D0%B0%D0%BD%D0%BE%D0%B2%D1%86%D0%B5%D0%B2","source":"Викиданные","source_id":"Q9388597","license":"CC0 (Викиданные)","confidence":"ok"}},{"type":"Feature","id":"disasters:8799e8b4f2c0","geometry":{"type":"Point","coordinates":[18.545308,53.046893]},"properties":{"uid":"disasters:8799e8b4f2c0","layer":"disasters","layer_title":"Пожары, наводнения, катастрофы","group":"hardship","title":"Barbarka massacre","category":"военное преступление","year_from":1939,"year_to":1939,"date_precision":"year","date_approx":false,"period_raw":"1939","url":"https://www.wikidata.org/wiki/Q9388601","image_url":"http://commons.wikimedia.org/wiki/Special:FilePath/Barbarka%20massacre.jpg","source":"Викиданные","source_id":"Q9388601","license":"CC0 (Викиданные)","confidence":"ok"}},{"type":"Feature","id":"disasters:af9cbb726660","geometry":{"type":"Point","coordinates":[73.423,40.622]},"properties":{"uid":"disasters:af9cbb726660","layer":"disasters","layer_title":"Пожары, наводнения, катастрофы","group":"hardship","title":"Землетрясение в Киргизстане (1924)","category":"землетрясение","year_from":1924,"year_to":1924,"date_precision":"year","date_approx":false,"period_raw":"1924","url":"https://www.wikidata.org/wiki/Q5877723","source":"Викиданные","source_id":"Q5877723","license":"CC0 (Викиданные)","confidence":"ok"}},{"type":"Feature","id":"disasters:50ee1b15e44e","geometry":{"type":"Point","coordinates":[160.761,53.853]},"properties":{"uid":"disasters:50ee1b15e44e","layer":"disasters","layer_title":"Пожары, наводнения, катастрофы","group":"hardship","title":"Землетрясение на Камчатке (1923)","category":"землетрясение","year_from":1923,"year_to":1923,"date_precision":"year","date_approx":false,"period_raw":"1923","url":"https://www.wikidata.org/wiki/Q5891851","source":"Викиданные","source_id":"Q5891851","license":"CC0 (Викиданные)","confidence":"ok"}},{"type":"Feature","id":"disasters:1b27157132b6","geometry":{"type":"Point","coordinates":[71.854,41.757]},"properties":{"uid":"disasters:1b27157132b6","layer":"disasters","layer_title":"Пожары, наводнения, катастрофы","group":"hardship","title":"Землетрясение в Кыргызстане (1946)","category":"землетрясение","year_from":1946,"year_to":1946,"date_precision":"year","date_approx":false,"period_raw":"1946","url":"https://ru.wikipedia.org/wiki/%D0%A7%D0%B0%D1%82%D0%BA%D0%B0%D0%BB%D1%8C%D1%81%D0%BA%D0%BE%D0%B5_%D0%B7%D0%B5%D0%BC%D0%BB%D0%B5%D1%82%D1%80%D1%8F%D1%81%D0%B5%D0%BD%D0%B8%D0%B5","source":"Викиданные","source_id":"Q5908145","license":"CC0 (Викиданные)","confidence":"ok"}},{"type":"Feature","id":"disasters:2a0e00fec09d","geometry":{"type":"Point","coordinates":[54.648,39.826]},"properties":{"uid":"disasters:2a0e00fec09d","layer":"disasters","layer_title":"Пожары, наводнения, катастрофы","group":"hardship","title":"Землетрясение в Туркменистане (1946)","category":"землетрясение","year_from":1946,"year_to":1946,"date_precision":"year","date_approx":false,"period_raw":"1946","url":"https://www.wikidata.org/wiki/Q5922326","source":"Викиданные","source_id":"Q5922326","license":"CC0 (Викиданные)","confidence":"ok"}},{"type":"Feature","id":"disasters:7b70a14a2c8e","geometry":{"type":"Point","coordinates":[162.696,56.355]},"properties":{"uid":"disasters:7b70a14a2c8e","layer":"disasters","layer_title":"Пожары, наводнения, катастрофы","group":"hardship","title":"Землетрясение на Камчатке (1923)","category":"землетрясение","year_from":1923,"year_to":1923,"date_precision":"year","date_approx":false,"period_raw":"1923","url":"https://www.wikidata.org/wiki/Q5930228","source":"Викиданные","source_id":"Q5930228","license":"CC0 (Викиданные)","confidence":"ok"}},{"type":"Feature","id":"disasters:52953d70729d","geometry":{"type":"Point","coordinates":[150.653,46.737]},"properties":{"uid":"disasters:52953d70729d","layer":"disasters","layer_title":"Пожары, наводнения, катастрофы","group":"hardship","title":"Землетрясение на Курильских островах (1918)","category":"землетрясение","year_from":1918,"year_to":1918,"date_precision":"year","date_approx":false,"period_raw":"1918","url":"https://www.wikidata.org/wiki/Q5933762","source":"Викиданные","source_id":"Q5933762","license":"CC0 (Викиданные)","confidence":"ok"}},{"type":"Feature","id":"disasters:6d6d64fac3b5","geometry":{"type":"Point","coordinates":[25.285,54.6864]},"properties":{"uid":"disasters:6d6d64fac3b5","layer":"disasters","layer_title":"Пожары, наводнения, катастрофы","group":"hardship","title":"Массовое убийство в школе Вильно","category":"стрельба в школе","year_from":1925,"year_to":1925,"date_precision":"year","date_approx":false,"period_raw":"1925","url":"https://ru.wikipedia.org/wiki/%D0%9C%D0%B0%D1%81%D1%81%D0%BE%D0%B2%D0%BE%D0%B5_%D1%83%D0%B1%D0%B8%D0%B9%D1%81%D1%82%D0%B2%D0%BE_%D0%B2_%D1%88%D0%BA%D0%BE%D0%BB%D0%B5_%D0%92%D0%B8%D0%BB%D1%8C%D0%BD%D0%BE","image_url":"http://commons.wikimedia.org/wiki/Special:FilePath/Kurjer%20Poznanski%201925-5-8.jpg","source":"Викиданные","source_id":"Q6112009","license":"CC0 (Викиданные)","confidence":"ok"}},{"type":"Feature","id":"disasters:d9a2de2c3c6f","geometry":{"type":"Point","coordinates":[22.5,49.833333]},"properties":{"uid":"disasters:d9a2de2c3c6f","layer":"disasters","layer_title":"Пожары, наводнения, катастрофы","group":"hardship","title":"Резня в Скопове","category":"массовое убийство","year_from":1945,"year_to":1945,"date_precision":"year","date_approx":false,"period_raw":"1945","url":"https://ru.wikipedia.org/wiki/%D0%A0%D0%B5%D0%B7%D0%BD%D1%8F_%D0%B2_%D0%A1%D0%BA%D0%BE%D0%BF%D0%BE%D0%B2%D0%B5","image_url":"http://commons.wikimedia.org/wiki/Special:FilePath/Skop%C3%B3wMogi%C5%82a.JPG","source":"Викиданные","source_id":"Q6372526","license":"CC0 (Викиданные)","confidence":"place_level"}},{"type":"Feature","id":"disasters:cfb0172e00c6","geometry":{"type":"Point","coordinates":[24.28,50.37]},"properties":{"uid":"disasters:cfb0172e00c6","layer":"disasters","layer_title":"Пожары, наводнения, катастрофы","group":"hardship","title":"Kisielin massacre","category":"бойня","year_from":1943,"year_to":1943,"date_precision":"year","date_approx":false,"period_raw":"1943","url":"https://www.wikidata.org/wiki/Q6416698","image_url":"http://commons.wikimedia.org/wiki/Special:FilePath/Kisielin%20kosciol.jpg","source":"Викиданные","source_id":"Q6416698","license":"CC0 (Викиданные)","confidence":"ok"}},{"type":"Feature","id":"disasters:1c3b1ebc4d5b","geometry":{"type":"Point","coordinates":[25.1075,49.055278]},"properties":{"uid":"disasters:1c3b1ebc4d5b","layer":"disasters","layer_title":"Пожары, наводнения, катастрофы","group":"hardship","title":"Резня в Коростятине","category":"бойня","year_from":1944,"year_to":1944,"date_precision":"year","date_approx":false,"period_raw":"1944","url":"https://ru.wikipedia.org/wiki/%D0%A0%D0%B5%D0%B7%D0%BD%D1%8F_%D0%B2_%D0%9A%D0%BE%D1%80%D0%BE%D1%81%D1%82%D1%8F%D1%82%D0%B8%D0%BD%D0%B5","image_url":"http://commons.wikimedia.org/wiki/Special:FilePath/Korosciatyn2.JPG","source":"Викиданные","source_id":"Q6432569","license":"CC0 (Викиданные)","confidence":"ok"}},{"type":"Feature","id":"disasters:8040635f103f","geometry":{"type":"Point","coordinates":[23.917222,51.297222]},"properties":{"uid":"disasters:8040635f103f","layer":"disasters","layer_title":"Пожары, наводнения, катастрофы","group":"hardship","title":"Massacre of Wola Ostrowiecka","category":"бойня","year_from":1943,"year_to":1943,"date_precision":"year","date_approx":false,"period_raw":"1943","url":"https://www.wikidata.org/wiki/Q6784491","image_url":"http://commons.wikimedia.org/wiki/Special:FilePath/Exhumation%20%284%29.jpg","source":"Викиданные","source_id":"Q6784491","license":"CC0 (Викиданные)","confidence":"ok"}},{"type":"Feature","id":"disasters:b5d56d978801","geometry":{"type":"Point","coordinates":[22.7442,49.1286]},"properties":{"uid":"disasters:b5d56d978801","layer":"disasters","layer_title":"Пожары, наводнения, катастрофы","group":"hardship","title":"Muczne massacre","category":"бойня","year_from":1944,"year_to":1944,"date_precision":"year","date_approx":false,"period_raw":"1944","url":"https://www.wikidata.org/wiki/Q6931318","image_url":"http://commons.wikimedia.org/wiki/Special:FilePath/Muczne%20-%20le%C5%9Bnicz%C3%B3wka%20znak.jpg","source":"Викиданные","source_id":"Q6931318","license":"CC0 (Викиданные)","confidence":"ok"}},{"type":"Feature","id":"disasters:ceed8d37419c","geometry":{"type":"Point","coordinates":[23.870556,54.944722]},"properties":{"uid":"disasters:ceed8d37419c","layer":"disasters","layer_title":"Пожары, наводнения, катастрофы","group":"hardship","title":"Ninth Fort massacres of November 1941","category":"бойня","year_from":1941,"year_to":1941,"date_precision":"year","date_approx":false,"period_raw":"1941","url":"https://www.wikidata.org/wiki/Q7039209","source":"Викиданные","source_id":"Q7039209","license":"CC0 (Викиданные)","confidence":"place_level"}},{"type":"Feature","id":"disasters:3da918d8bd72","geometry":{"type":"Point","coordinates":[20.971,52.21]},"properties":{"uid":"disasters:3da918d8bd72","layer":"disasters","layer_title":"Пожары, наводнения, катастрофы","group":"hardship","title":"Ochota massacre","category":"бойня","year_from":1944,"year_to":1944,"date_precision":"year","date_approx":false,"period_raw":"1944","url":"https://www.wikidata.org/wiki/Q7076366","image_url":"http://commons.wikimedia.org/wiki/Special:FilePath/Warszawa-Instytut%20Radowy%20tablica.jpg","source":"Викиданные","source_id":"Q7076366","license":"CC0 (Викиданные)","confidence":"ok"}},{"type":"Feature","id":"disasters:19bcd392ed45","geometry":{"type":"Point","coordinates":[25.3375,49.9122]},"properties":{"uid":"disasters:19bcd392ed45","layer":"disasters","layer_title":"Пожары, наводнения, катастрофы","group":"hardship","title":"Резня в Паликоровах","category":"бойня","year_from":1944,"year_to":1944,"date_precision":"year","date_approx":false,"period_raw":"1944","url":"https://ru.wikipedia.org/wiki/%D0%A0%D0%B5%D0%B7%D0%BD%D1%8F_%D0%B2_%D0%9F%D0%B0%D0%BB%D0%B8%D0%BA%D0%BE%D1%80%D0%BE%D0%B2%D0%B0%D1%85","image_url":"http://commons.wikimedia.org/wiki/Special:FilePath/Palikrowy2.jpg","source":"Викиданные","source_id":"Q7127536","license":"CC0 (Викиданные)","confidence":"ok"}},{"type":"Feature","id":"disasters:90e68028b471","geometry":{"type":"Point","coordinates":[46.017222,40.856389]},"properties":{"uid":"disasters:90e68028b471","layer":"disasters","layer_title":"Пожары, наводнения, катастрофы","group":"hardship","title":"Шамхорская резня","category":"бойня","year_from":1918,"year_to":1918,"date_precision":"year","date_approx":false,"period_raw":"1918","url":"https://ru.wikipedia.org/wiki/%D0%A8%D0%B0%D0%BC%D1%85%D0%BE%D1%80%D1%81%D0%BA%D0%B0%D1%8F_%D1%80%D0%B5%D0%B7%D0%BD%D1%8F","source":"Викиданные","source_id":"Q7487589","license":"CC0 (Викиданные)","confidence":"place_level"}},{"type":"Feature","id":"disasters:17197eeaa30b","geometry":{"type":"Point","coordinates":[20.9739,50.0056]},"properties":{"uid":"disasters:17197eeaa30b","layer":"disasters","layer_title":"Пожары, наводнения, катастрофы","group":"hardship","title":"Tarnów rail station bomb attack","category":"взрыв бомбы","year_from":1939,"year_to":1939,"date_precision":"year","date_approx":false,"period_raw":"1939","url":"https://www.wikidata.org/wiki/Q7686481","image_url":"http://commons.wikimedia.org/wiki/Special:FilePath/Tarn%C3%B3w%20dworzec%20kolejowy.jpg","source":"Викиданные","source_id":"Q7686481","license":"CC0 (Викиданные)","confidence":"ok"}},{"type":"Feature","id":"disasters:033cc2e4af8f","geometry":{"type":"Point","coordinates":[29.450469,49.866367]},"properties":{"uid":"disasters:033cc2e4af8f","layer":"disasters","layer_title":"Пожары, наводнения, катастрофы","group":"hardship","title":"The Pavoloch Massacre","category":"бойня","year_from":1941,"year_to":1941,"date_precision":"year","date_approx":false,"period_raw":"1941","url":"https://www.wikidata.org/wiki/Q7756399","source":"Викиданные","source_id":"Q7756399","license":"CC0 (Викиданные)","confidence":"ok"}},{"type":"Feature","id":"disasters:cdf673d01606","geometry":{"type":"Point","coordinates":[22.7708,53.2031]},"properties":{"uid":"disasters:cdf673d01606","layer":"disasters","layer_title":"Пожары, наводнения, катастрофы","group":"hardship","title":"Tykocin pogrom","category":"бойня","year_from":1941,"year_to":1941,"date_precision":"year","date_approx":false,"period_raw":"1941","url":"https://www.wikidata.org/wiki/Q7859884","source":"Викиданные","source_id":"Q7859884","license":"CC0 (Викиданные)","confidence":"ok"}},{"type":"Feature","id":"disasters:2f77c775ddf4","geometry":{"type":"Point","coordinates":[22.5,49.8]},"properties":{"uid":"disasters:2f77c775ddf4","layer":"disasters","layer_title":"Пожары, наводнения, катастрофы","group":"hardship","title":"Bakhiv massacre","category":"бойня","year_from":1945,"year_to":1945,"date_precision":"year","date_approx":false,"period_raw":"1945","url":"https://www.wikidata.org/wiki/Q8875410","image_url":"http://commons.wikimedia.org/wiki/Special:FilePath/Bach%C3%B3wMogi%C5%82a.JPG","source":"Викиданные","source_id":"Q8875410","license":"CC0 (Викиданные)","confidence":"place_level"}},{"type":"Feature","id":"disasters:481e9d657849","geometry":{"type":"Point","coordinates":[22.4833,49.7333]},"properties":{"uid":"disasters:481e9d657849","layer":"disasters","layer_title":"Пожары, наводнения, катастрофы","group":"hardship","title":"Sivchyn massacre","category":"бойня","year_from":1945,"year_to":1945,"date_precision":"year","date_approx":false,"period_raw":"1945","url":"https://www.wikidata.org/wiki/Q8875501","image_url":"http://commons.wikimedia.org/wiki/Special:FilePath/SufczynaMogi%C5%82a.JPG","source":"Викиданные","source_id":"Q8875501","license":"CC0 (Викиданные)","confidence":"place_level"}},{"type":"Feature","id":"disasters:a0967ae36c82","geometry":{"type":"Point","coordinates":[28.472222,53.687778]},"properties":{"uid":"disasters:a0967ae36c82","layer":"disasters","layer_title":"Пожары, наводнения, катастрофы","group":"hardship","title":"Червенские расстрелы","category":"бойня","year_from":1941,"year_to":1941,"date_precision":"year","date_approx":false,"period_raw":"1941","url":"https://ru.wikipedia.org/wiki/%D0%A7%D0%B5%D1%80%D0%B2%D0%B5%D0%BD%D1%81%D0%BA%D0%B8%D0%B5_%D1%80%D0%B0%D1%81%D1%81%D1%82%D1%80%D0%B5%D0%BB%D1%8B","source":"Викиданные","source_id":"Q9212027","license":"CC0 (Викиданные)","confidence":"ok"}},{"type":"Feature","id":"disasters:1a8e30a4dbf3","geometry":{"type":"Point","coordinates":[21.024174,52.205461]},"properties":{"uid":"disasters:1a8e30a4dbf3","layer":"disasters","layer_title":"Пожары, наводнения, катастрофы","group":"hardship","title":"Egzekucja przy ulicy Dworkowej","category":"суммарная казнь","place_text":"Варшава","region":"Варшава","year_from":1944,"year_to":1944,"date_precision":"year","date_approx":false,"period_raw":"1944","url":"https://www.wikidata.org/wiki/Q9251612","source":"Викиданные","source_id":"Q9251612","license":"CC0 (Викиданные)","confidence":"ok"}},{"type":"Feature","id":"disasters:e6224e6cbe68","geometry":{"type":"Point","coordinates":[24.1936,49.55]},"properties":{"uid":"disasters:e6224e6cbe68","layer":"disasters","layer_title":"Пожары, наводнения, катастрофы","group":"hardship","title":"Bryntsi-Zahirni massacre","category":"бойня","year_from":1944,"year_to":1944,"date_precision":"year","date_approx":false,"period_raw":"1944","url":"https://www.wikidata.org/wiki/Q9388607","image_url":"http://commons.wikimedia.org/wiki/Special:FilePath/Pow.bobrka%20brzozow%20drohobycz.jpg","source":"Викиданные","source_id":"Q9388607","license":"CC0 (Викиданные)","confidence":"ok"}},{"type":"Feature","id":"disasters:3b9c995ed197","geometry":{"type":"Point","coordinates":[18.864722,53.5425]},"properties":{"uid":"disasters:3b9c995ed197","layer":"disasters","layer_title":"Пожары, наводнения, катастрофы","group":"hardship","title":"Bialochowo massacre","category":"массовое убийство","year_from":1939,"year_to":1939,"date_precision":"year","date_approx":false,"period_raw":"с 1939","url":"https://www.wikidata.org/wiki/Q9388605","image_url":"http://commons.wikimedia.org/wiki/Special:FilePath/Mokre%20pomnik.jpg","source":"Викиданные","source_id":"Q9388605","license":"CC0 (Викиданные)","confidence":"ok"}},{"type":"Feature","id":"disasters:137c6dd94e55","geometry":{"type":"Point","coordinates":[20.226111,52.213611]},"properties":{"uid":"disasters:137c6dd94e55","layer":"disasters","layer_title":"Пожары, наводнения, катастрофы","group":"hardship","title":"Boryszew massacre","category":"бойня","year_from":1939,"year_to":1939,"date_precision":"year","date_approx":false,"period_raw":"1939","url":"https://www.wikidata.org/wiki/Q9388608","source":"Викиданные","source_id":"Q9388608","license":"CC0 (Викиданные)","confidence":"ok"}},{"type":"Feature","id":"disasters:2c125cb5a135","geometry":{"type":"Point","coordinates":[21.598056,51.256111]},"properties":{"uid":"disasters:2c125cb5a135","layer":"disasters","layer_title":"Пожары, наводнения, катастрофы","group":"hardship","title":"Stary Ciepielów and Rekówka massacre","category":"бойня","year_from":1942,"year_to":1942,"date_precision":"year","date_approx":false,"period_raw":"1942","url":"https://www.wikidata.org/wiki/Q9388615","source":"Викиданные","source_id":"Q9388615","license":"CC0 (Викиданные)","confidence":"ok"}},{"type":"Feature","id":"disasters:4a5d4598d800","geometry":{"type":"Point","coordinates":[23.9931,49.4031]},"properties":{"uid":"disasters:4a5d4598d800","layer":"disasters","layer_title":"Пожары, наводнения, катастрофы","group":"hardship","title":"Derzhiv massacre","category":"бойня","year_from":1944,"year_to":1944,"date_precision":"year","date_approx":false,"period_raw":"1944","url":"https://www.wikidata.org/wiki/Q9388618","source":"Викиданные","source_id":"Q9388618","license":"CC0 (Викиданные)","confidence":"ok"}},{"type":"Feature","id":"disasters:5b1af8afbe70","geometry":{"type":"Point","coordinates":[24.1086,51.1344]},"properties":{"uid":"disasters:5b1af8afbe70","layer":"disasters","layer_title":"Пожары, наводнения, катастрофы","group":"hardship","title":"Chmykos massacre","category":"бойня","year_from":1943,"year_to":1943,"date_precision":"year","date_approx":false,"period_raw":"1943","url":"https://www.wikidata.org/wiki/Q9388617","source":"Викиданные","source_id":"Q9388617","license":"CC0 (Викиданные)","confidence":"ok"}},{"type":"Feature","id":"disasters:4d0e599ff763","geometry":{"type":"Point","coordinates":[24.11339,49.60798]},"properties":{"uid":"disasters:4d0e599ff763","layer":"disasters","layer_title":"Пожары, наводнения, катастрофы","group":"hardship","title":"Hucisko massacre","category":"бойня","year_from":1944,"year_to":1944,"date_precision":"year","date_approx":false,"period_raw":"1944","url":"https://www.wikidata.org/wiki/Q9388623","image_url":"http://commons.wikimedia.org/wiki/Special:FilePath/Pow.bobrka%20brzozow%20drohobycz.jpg","source":"Викиданные","source_id":"Q9388623","license":"CC0 (Викиданные)","confidence":"place_level"}},{"type":"Feature","id":"disasters:dd25dfa7078b","geometry":{"type":"Point","coordinates":[24.248889,50.688333]},"properties":{"uid":"disasters:dd25dfa7078b","layer":"disasters","layer_title":"Пожары, наводнения, катастрофы","group":"hardship","title":"Gurów massacre","category":"бойня","year_from":1943,"year_to":1943,"date_precision":"year","date_approx":false,"period_raw":"1943","url":"https://www.wikidata.org/wiki/Q9388620","image_url":"http://commons.wikimedia.org/wiki/Special:FilePath/Pow.wlodzimierz.jpg","source":"Викиданные","source_id":"Q9388620","license":"CC0 (Викиданные)","confidence":"ok"}},{"type":"Feature","id":"disasters:64e0d9d76d83","geometry":{"type":"Point","coordinates":[22.95,52.53333]},"properties":{"uid":"disasters:64e0d9d76d83","layer":"disasters","layer_title":"Пожары, наводнения, катастрофы","group":"hardship","title":"Jasienówka massacre","category":"бойня","year_from":1943,"year_to":1943,"date_precision":"year","date_approx":false,"period_raw":"1943","url":"https://www.wikidata.org/wiki/Q9388626","image_url":"http://commons.wikimedia.org/wiki/Special:FilePath/Pow.wlodzimierz.jpg","source":"Викиданные","source_id":"Q9388626","license":"CC0 (Викиданные)","confidence":"place_level"}},{"type":"Feature","id":"disasters:4df59766accd","geometry":{"type":"Point","coordinates":[26.0953,50.2581]},"properties":{"uid":"disasters:4df59766accd","layer":"disasters","layer_title":"Пожары, наводнения, катастрофы","group":"hardship","title":"Hurby massacre","category":"бойня","year_from":1943,"year_to":1943,"date_precision":"year","date_approx":false,"period_raw":"1943","url":"https://www.wikidata.org/wiki/Q9388624","image_url":"http://commons.wikimedia.org/wiki/Special:FilePath/Woj.wolynskie5.jpg","source":"Викиданные","source_id":"Q9388624","license":"CC0 (Викиданные)","confidence":"ok"}},{"type":"Feature","id":"disasters:583d0c50c245","geometry":{"type":"Point","coordinates":[25.5431,49.6872]},"properties":{"uid":"disasters:583d0c50c245","layer":"disasters","layer_title":"Пожары, наводнения, катастрофы","group":"hardship","title":"Резня в Игровице","category":"бойня","year_from":1944,"year_to":1944,"date_precision":"year","date_approx":false,"period_raw":"1944","url":"https://ru.wikipedia.org/wiki/%D0%A0%D0%B5%D0%B7%D0%BD%D1%8F_%D0%B2_%D0%98%D0%B3%D1%80%D0%BE%D0%B2%D0%B8%D1%86%D0%B5","image_url":"http://commons.wikimedia.org/wiki/Special:FilePath/Ihrowica2.jpg","source":"Викиданные","source_id":"Q9388625","license":"CC0 (Викиданные)","confidence":"ok"}},{"type":"Feature","id":"disasters:0157809ba2bd","geometry":{"type":"Point","coordinates":[22.65,49.7833]},"properties":{"uid":"disasters:0157809ba2bd","layer":"disasters","layer_title":"Пожары, наводнения, катастрофы","group":"hardship","title":"Різанина в Коритниках","category":"массовое убийство","year_from":1945,"year_to":1945,"date_precision":"year","date_approx":false,"period_raw":"1945","url":"https://www.wikidata.org/wiki/Q9388631","source":"Викиданные","source_id":"Q9388631","license":"CC0 (Викиданные)","confidence":"place_level"}},{"type":"Feature","id":"disasters:45e3bed7f243","geometry":{"type":"Point","coordinates":[18.503056,53.355278]},"properties":{"uid":"disasters:45e3bed7f243","layer":"disasters","layer_title":"Пожары, наводнения, катастрофы","group":"hardship","title":"Klamry massacre","category":"военное преступление","year_from":1939,"year_to":1939,"date_precision":"year","date_approx":false,"period_raw":"1939","url":"https://www.wikidata.org/wiki/Q9388628","source":"Викиданные","source_id":"Q9388628","license":"CC0 (Викиданные)","confidence":"ok"}},{"type":"Feature","id":"disasters:6fe397c6dc1a","geometry":{"type":"Point","coordinates":[24.659028,49.270861]},"properties":{"uid":"disasters:6fe397c6dc1a","layer":"disasters","layer_title":"Пожары, наводнения, катастрофы","group":"hardship","title":"Zbrodnia w Ludwikówce","category":"бойня","year_from":1944,"year_to":1944,"date_precision":"year","date_approx":false,"period_raw":"1944","url":"https://www.wikidata.org/wiki/Q9388639","image_url":"http://commons.wikimedia.org/wiki/Special:FilePath/Pow.nadworna%20rohatyn.jpg","source":"Викиданные","source_id":"Q9388639","license":"CC0 (Викиданные)","confidence":"ok"}},{"type":"Feature","id":"disasters:8556d3be1b78","geometry":{"type":"Point","coordinates":[18.588333,53.997028]},"properties":{"uid":"disasters:8556d3be1b78","layer":"disasters","layer_title":"Пожары, наводнения, катастрофы","group":"hardship","title":"Massacre in the Szpęgawski Forest","category":"военное преступление","year_from":1939,"year_to":1940,"date_precision":"year","date_approx":false,"period_raw":"1939–1940","url":"https://www.wikidata.org/wiki/Q9388637","image_url":"http://commons.wikimedia.org/wiki/Special:FilePath/Szpegawsk%20monument.jpg","source":"Викиданные","source_id":"Q9388637","license":"CC0 (Викиданные)","confidence":"ok"}},{"type":"Feature","id":"disasters:c2d254bb6835","geometry":{"type":"Point","coordinates":[23.273333,50.543611]},"properties":{"uid":"disasters:c2d254bb6835","layer":"disasters","layer_title":"Пожары, наводнения, катастрофы","group":"hardship","title":"Majdan Wielki massacre","category":"бойня","year_from":1939,"year_to":1939,"date_precision":"year","date_approx":false,"period_raw":"1939","url":"https://www.wikidata.org/wiki/Q9388642","source":"Викиданные","source_id":"Q9388642","license":"CC0 (Викиданные)","confidence":"ok"}},{"type":"Feature","id":"disasters:8adb88dc3849","geometry":{"type":"Point","coordinates":[24.439722,50.743611]},"properties":{"uid":"disasters:8adb88dc3849","layer":"disasters","layer_title":"Пожары, наводнения, катастрофы","group":"hardship","title":"Maria Wola massacre","category":"бойня","year_from":1943,"year_to":1943,"date_precision":"year","date_approx":false,"period_raw":"1943","url":"https://www.wikidata.org/wiki/Q9388643","image_url":"http://commons.wikimedia.org/wiki/Special:FilePath/Pow.wlodzimierz.jpg","source":"Викиданные","source_id":"Q9388643","license":"CC0 (Викиданные)","confidence":"ok"}},{"type":"Feature","id":"disasters:83c22d551b72","geometry":{"type":"Point","coordinates":[25.999167,50.261111]},"properties":{"uid":"disasters:83c22d551b72","layer":"disasters","layer_title":"Пожары, наводнения, катастрофы","group":"hardship","title":"Zbrodnia w Majdańskiej Hucie","category":"бойня","year_from":1943,"year_to":1943,"date_precision":"year","date_approx":false,"period_raw":"1943","url":"https://www.wikidata.org/wiki/Q9388641","image_url":"http://commons.wikimedia.org/wiki/Special:FilePath/Woj.wolynskie5.jpg","source":"Викиданные","source_id":"Q9388641","license":"CC0 (Викиданные)","confidence":"place_level"}},{"type":"Feature","id":"disasters:7cf9113f0b1a","geometry":{"type":"Point","coordinates":[22.82839,49.85713]},"properties":{"uid":"disasters:7cf9113f0b1a","layer":"disasters","layer_title":"Пожары, наводнения, катастрофы","group":"hardship","title":"Злочин у Малковичах","category":"массовое убийство","year_from":1945,"year_to":1945,"date_precision":"year","date_approx":false,"period_raw":"1945","url":"https://www.wikidata.org/wiki/Q9388646","source":"Викиданные","source_id":"Q9388646","license":"CC0 (Викиданные)","confidence":"place_level"}},{"type":"Feature","id":"disasters:d6969d5c366e","geometry":{"type":"Point","coordinates":[20.74,52.33]},"properties":{"uid":"disasters:d6969d5c366e","layer":"disasters","layer_title":"Пожары, наводнения, катастрофы","group":"hardship","title":"Palmiry massacre","category":"военное преступление","year_from":1939,"year_to":1941,"date_precision":"year","date_approx":false,"period_raw":"1939–1941","url":"https://www.wikidata.org/wiki/Q9388656","image_url":"http://commons.wikimedia.org/wiki/Special:FilePath/Policjanci%20niemieccy%20prowadz%C4%85%20Polak%C3%B3w%20na%20rozstrzelanie%20w%20Palmirach%20%2821-206-2%29.jpg","source":"Викиданные","source_id":"Q9388656","license":"CC0 (Викиданные)","confidence":"ok"}},{"type":"Feature","id":"disasters:f7461e8caddf","geometry":{"type":"Point","coordinates":[24.4622,50.6194]},"properties":{"uid":"disasters:f7461e8caddf","layer":"disasters","layer_title":"Пожары, наводнения, катастрофы","group":"hardship","title":"Poryck massacre","category":"бойня","year_from":1943,"year_to":1943,"date_precision":"year","date_approx":false,"period_raw":"1943","url":"https://www.wikidata.org/wiki/Q9388663","image_url":"http://commons.wikimedia.org/wiki/Special:FilePath/Pow.wlodzimierz.jpg","source":"Викиданные","source_id":"Q9388663","license":"CC0 (Викиданные)","confidence":"ok"}},{"type":"Feature","id":"disasters:dfbb456222b9","geometry":{"type":"Point","coordinates":[25.996917,50.881667]},"properties":{"uid":"disasters:dfbb456222b9","layer":"disasters","layer_title":"Пожары, наводнения, катастрофы","group":"hardship","title":"Zbrodnia w Pendykach","category":"бойня","year_from":1943,"year_to":1943,"date_precision":"year","date_approx":false,"period_raw":"1943","url":"https://www.wikidata.org/wiki/Q9388660","image_url":"http://commons.wikimedia.org/wiki/Special:FilePath/Pow.kostopol.jpg","source":"Викиданные","source_id":"Q9388660","license":"CC0 (Викиданные)","confidence":"ok"}},{"type":"Feature","id":"disasters:beadbc3138fc","geometry":{"type":"Point","coordinates":[25.6689,49.8711]},"properties":{"uid":"disasters:beadbc3138fc","layer":"disasters","layer_title":"Пожары, наводнения, катастрофы","group":"hardship","title":"Polany massacre","category":"бойня","year_from":1944,"year_to":1944,"date_precision":"year","date_approx":false,"period_raw":"1944","url":"https://www.wikidata.org/wiki/Q9388661","source":"Викиданные","source_id":"Q9388661","license":"CC0 (Викиданные)","confidence":"ok"}},{"type":"Feature","id":"disasters:e4c6c33ef727","geometry":{"type":"Point","coordinates":[23.18427,50.32336]},"properties":{"uid":"disasters:e4c6c33ef727","layer":"disasters","layer_title":"Пожары, наводнения, катастрофы","group":"hardship","title":"Резня в Руде-Рожанецкой","category":"бойня","year_from":1944,"year_to":1944,"date_precision":"year","date_approx":false,"period_raw":"1944","url":"https://ru.wikipedia.org/wiki/%D0%A0%D0%B5%D0%B7%D0%BD%D1%8F_%D0%B2_%D0%A0%D1%83%D0%B4%D0%B5-%D0%A0%D0%BE%D0%B6%D0%B0%D0%BD%D0%B5%D1%86%D0%BA%D0%BE%D0%B9","source":"Викиданные","source_id":"Q9388668","license":"CC0 (Викиданные)","confidence":"place_level"}},{"type":"Feature","id":"disasters:350dce6395e4","geometry":{"type":"Point","coordinates":[23.7372,49.1533]},"properties":{"uid":"disasters:350dce6395e4","layer":"disasters","layer_title":"Пожары, наводнения, катастрофы","group":"hardship","title":"Semyhyniv massacre","category":"бойня","year_from":1944,"year_to":1944,"date_precision":"year","date_approx":false,"period_raw":"1944","url":"https://www.wikidata.org/wiki/Q9388673","image_url":"http://commons.wikimedia.org/wiki/Special:FilePath/Pow.stryj%20sniatyn%20tlumacz.jpg","source":"Викиданные","source_id":"Q9388673","license":"CC0 (Викиданные)","confidence":"ok"}},{"type":"Feature","id":"disasters:169b3e9276ad","geometry":{"type":"Point","coordinates":[24.4211,48.705]},"properties":{"uid":"disasters:169b3e9276ad","layer":"disasters","layer_title":"Пожары, наводнения, катастрофы","group":"hardship","title":"Solotvyn massacre","category":"бойня","year_from":1944,"year_to":1944,"date_precision":"year","date_approx":false,"period_raw":"1944","url":"https://www.wikidata.org/wiki/Q9388677","image_url":"http://commons.wikimedia.org/wiki/Special:FilePath/Pow.nadworna%20rohatyn.jpg","source":"Викиданные","source_id":"Q9388677","license":"CC0 (Викиданные)","confidence":"ok"}},{"type":"Feature","id":"disasters:2555ca583324","geometry":{"type":"Point","coordinates":[21.074806,50.309056]},"properties":{"uid":"disasters:2555ca583324","layer":"disasters","layer_title":"Пожары, наводнения, катастрофы","group":"hardship","title":"Szczucin massacre","category":"бойня","year_from":1939,"year_to":1939,"date_precision":"year","date_approx":false,"period_raw":"1939","url":"https://www.wikidata.org/wiki/Q9388682","source":"Викиданные","source_id":"Q9388682","license":"CC0 (Викиданные)","confidence":"ok"}},{"type":"Feature","id":"disasters:7f702e818094","geometry":{"type":"Point","coordinates":[24.2319,50.7308]},"properties":{"uid":"disasters:7f702e818094","layer":"disasters","layer_title":"Пожары, наводнения, катастрофы","group":"hardship","title":"Stasin massacre","category":"бойня","year_from":1943,"year_to":1943,"date_precision":"year","date_approx":false,"period_raw":"1943","url":"https://www.wikidata.org/wiki/Q9388680","source":"Викиданные","source_id":"Q9388680","license":"CC0 (Викиданные)","confidence":"ok"}},{"type":"Feature","id":"disasters:7e2bb9eec4c1","geometry":{"type":"Point","coordinates":[24.4408,49.1397]},"properties":{"uid":"disasters:7e2bb9eec4c1","layer":"disasters","layer_title":"Пожары, наводнения, катастрофы","group":"hardship","title":"Tomashivtsi massacre","category":"бойня","year_from":1944,"year_to":1944,"date_precision":"year","date_approx":false,"period_raw":"1944","url":"https://www.wikidata.org/wiki/Q9388686","image_url":"http://commons.wikimedia.org/wiki/Special:FilePath/Pow.dolina%20horodenka%20kalusz.jpg","source":"Викиданные","source_id":"Q9388686","license":"CC0 (Викиданные)","confidence":"ok"}},{"type":"Feature","id":"disasters:15f032ef7503","geometry":{"type":"Point","coordinates":[24.466044,50.858278]},"properties":{"uid":"disasters:15f032ef7503","layer":"disasters","layer_title":"Пожары, наводнения, катастрофы","group":"hardship","title":"Teresin massacre","category":"бойня","year_from":1943,"year_to":1943,"date_precision":"year","date_approx":false,"period_raw":"1943","url":"https://www.wikidata.org/wiki/Q9388685","image_url":"http://commons.wikimedia.org/wiki/Special:FilePath/Pow.wlodzimierz.jpg","source":"Викиданные","source_id":"Q9388685","license":"CC0 (Викиданные)","confidence":"ok"}},{"type":"Feature","id":"disasters:0f0ed0bdb148","geometry":{"type":"Point","coordinates":[25.7578,48.7456]},"properties":{"uid":"disasters:0f0ed0bdb148","layer":"disasters","layer_title":"Пожары, наводнения, катастрофы","group":"hardship","title":"Uhrynkivtsi massacre","category":"бойня","year_from":1944,"year_to":1944,"date_precision":"year","date_approx":false,"period_raw":"1944","url":"https://www.wikidata.org/wiki/Q9388690","source":"Викиданные","source_id":"Q9388690","license":"CC0 (Викиданные)","confidence":"ok"}},{"type":"Feature","id":"disasters:22347fa581b0","geometry":{"type":"Point","coordinates":[22.7667,49.8833]},"properties":{"uid":"disasters:22347fa581b0","layer":"disasters","layer_title":"Пожары, наводнения, катастрофы","group":"hardship","title":"Різанина у Трійчичах","category":"массовое убийство","year_from":1945,"year_to":1945,"date_precision":"year","date_approx":false,"period_raw":"1945","url":"https://www.wikidata.org/wiki/Q9388691","source":"Викиданные","source_id":"Q9388691","license":"CC0 (Викиданные)","confidence":"place_level"}},{"type":"Feature","id":"disasters:3b39f20672e1","geometry":{"type":"Point","coordinates":[23.413611,51.031111]},"properties":{"uid":"disasters:3b39f20672e1","layer":"disasters","layer_title":"Пожары, наводнения, катастрофы","group":"hardship","title":"Wierzchowiny massacre","category":"массовое убийство","year_from":1945,"year_to":1945,"date_precision":"year","date_approx":false,"period_raw":"1945","url":"https://www.wikidata.org/wiki/Q9388694","source":"Викиданные","source_id":"Q9388694","license":"CC0 (Викиданные)","confidence":"ok"}},{"type":"Feature","id":"disasters:e7e3f4755049","geometry":{"type":"Point","coordinates":[21.011111,52.23]},"properties":{"uid":"disasters:e7e3f4755049","layer":"disasters","layer_title":"Пожары, наводнения, катастрофы","group":"hardship","title":"Military hospitals massacre at Old Town in Warsaw (1944)","category":"бойня","year_from":1944,"year_to":1944,"date_precision":"year","date_approx":false,"period_raw":"1944","url":"https://www.wikidata.org/wiki/Q11756780","image_url":"http://commons.wikimedia.org/wiki/Special:FilePath/Cellars%20of%20Raczy%C5%84ski%20Palace%20in%20Warsaw%20%281945%29.jpg","source":"Викиданные","source_id":"Q11756780","license":"CC0 (Викиданные)","confidence":"place_level"}},{"type":"Feature","id":"disasters:50de91603752","geometry":{"type":"Point","coordinates":[22.571733,51.250528]},"properties":{"uid":"disasters:50de91603752","layer":"disasters","layer_title":"Пожары, наводнения, катастрофы","group":"hardship","title":"Masakra na Zamku Lubelskim","category":"бойня","year_from":1944,"year_to":1944,"date_precision":"year","date_approx":false,"period_raw":"1944","url":"https://www.wikidata.org/wiki/Q11771063","image_url":"http://commons.wikimedia.org/wiki/Special:FilePath/Polish%20and%20Jewish%20prisoners%20murdered%20at%20Lublin%20Castle%20%281944%29.jpg","source":"Викиданные","source_id":"Q11771063","license":"CC0 (Викиданные)","confidence":"ok"}},{"type":"Feature","id":"disasters:6325a3fba107","geometry":{"type":"Point","coordinates":[20.616944,52.196667]},"properties":{"uid":"disasters:6325a3fba107","layer":"disasters","layer_title":"Пожары, наводнения, катастрофы","group":"hardship","title":"Masakra w Błoniu (1939)","category":"бойня","year_from":1939,"year_to":1939,"date_precision":"year","date_approx":false,"period_raw":"1939","url":"https://www.wikidata.org/wiki/Q11771065","source":"Викиданные","source_id":"Q11771065","license":"CC0 (Викиданные)","confidence":"ok"}},{"type":"Feature","id":"disasters:c1a93b154d50","geometry":{"type":"Point","coordinates":[21.156667,53.034722]},"properties":{"uid":"disasters:c1a93b154d50","layer":"disasters","layer_title":"Пожары, наводнения, катастрофы","group":"hardship","title":"Krasnosielc massacre","category":"бойня","year_from":1939,"year_to":1939,"date_precision":"year","date_approx":false,"period_raw":"1939","url":"https://www.wikidata.org/wiki/Q11771071","source":"Викиданные","source_id":"Q11771071","license":"CC0 (Викиданные)","confidence":"ok"}},{"type":"Feature","id":"disasters:bfc25777b55e","geometry":{"type":"Point","coordinates":[20.406111,51.188889]},"properties":{"uid":"disasters:bfc25777b55e","layer":"disasters","layer_title":"Пожары, наводнения, катастрофы","group":"hardship","title":"Końskie Massacre (1939)","category":"военное преступление","year_from":1939,"year_to":1939,"date_precision":"year","date_approx":false,"period_raw":"1939","url":"https://www.wikidata.org/wiki/Q11771068","image_url":"http://commons.wikimedia.org/wiki/Special:FilePath/Ko%C5%84skie%2C%20Zbrodnia%20Wehrmachtu%20-%20fotopolska.eu%20%2819749%29.jpg","source":"Викиданные","source_id":"Q11771068","license":"CC0 (Викиданные)","confidence":"ok"}},{"type":"Feature","id":"disasters:12f2b6fedfb6","geometry":{"type":"Point","coordinates":[22.774444,49.782222]},"properties":{"uid":"disasters:12f2b6fedfb6","layer":"disasters","layer_title":"Пожары, наводнения, катастрофы","group":"hardship","title":"Masakra w Przemyślu (1939)","category":"бойня","year_from":1939,"year_to":1939,"date_precision":"year","date_approx":false,"period_raw":"1939","url":"https://www.wikidata.org/wiki/Q11771075","image_url":"http://commons.wikimedia.org/wiki/Special:FilePath/Nowy%20Cmentarz%20Zydowski%20-%20Przemysl11.jpg","source":"Викиданные","source_id":"Q11771075","license":"CC0 (Викиданные)","confidence":"ok"}},{"type":"Feature","id":"disasters:ec2461283016","geometry":{"type":"Point","coordinates":[19.438889,51.809444]},"properties":{"uid":"disasters:ec2461283016","layer":"disasters","layer_title":"Пожары, наводнения, катастрофы","group":"hardship","title":"Резня в тюрьме в Радогоще","category":"бойня","year_from":1945,"year_to":1945,"date_precision":"year","date_approx":false,"period_raw":"1945","url":"https://ru.wikipedia.org/wiki/%D0%A0%D0%B5%D0%B7%D0%BD%D1%8F_%D0%B2_%D1%82%D1%8E%D1%80%D1%8C%D0%BC%D0%B5_%D0%B2_%D0%A0%D0%B0%D0%B4%D0%BE%D0%B3%D0%BE%D1%89%D0%B5","source":"Викиданные","source_id":"Q11771082","license":"CC0 (Викиданные)","confidence":"ok"}},{"type":"Feature","id":"disasters:5c5d96724f70","geometry":{"type":"Point","coordinates":[21.0112,52.2072]},"properties":{"uid":"disasters:5c5d96724f70","layer":"disasters","layer_title":"Пожары, наводнения, катастрофы","group":"hardship","title":"Резня в мокотовской тюрьме","category":"бойня","year_from":1944,"year_to":1944,"date_precision":"year","date_approx":false,"period_raw":"1944","url":"https://ru.wikipedia.org/wiki/%D0%A0%D0%B5%D0%B7%D0%BD%D1%8F_%D0%B2_%D0%BC%D0%BE%D0%BA%D0%BE%D1%82%D0%BE%D0%B2%D1%81%D0%BA%D0%BE%D0%B9_%D1%82%D1%8E%D1%80%D1%8C%D0%BC%D0%B5","image_url":"http://commons.wikimedia.org/wiki/Special:FilePath/Tablica%20upami%C4%99tniaj%C4%85ca%20pacyfikacj%C4%99%20wi%C4%99zienia%20mokotowskiego%20w%20Warszawie%202025.jpg","source":"Викиданные","source_id":"Q11771083","license":"CC0 (Викиданные)","confidence":"ok"}},{"type":"Feature","id":"disasters:8bc0f2f093b2","geometry":{"type":"Point","coordinates":[21.0002,52.2057]},"properties":{"uid":"disasters:8bc0f2f093b2","layer":"disasters","layer_title":"Пожары, наводнения, катастрофы","group":"hardship","title":"Резня в монастыре иезуитов на ул. Раковецкой в Варшаве","category":"бойня","place_text":"Мазовецкое воеводство","region":"Мазовецкое воеводство","year_from":1944,"year_to":1944,"date_precision":"year","date_approx":false,"period_raw":"1944","url":"https://ru.wikipedia.org/wiki/%D0%A0%D0%B5%D0%B7%D0%BD%D1%8F_%D0%B2_%D0%BC%D0%BE%D0%BD%D0%B0%D1%81%D1%82%D1%8B%D1%80%D0%B5_%D0%B8%D0%B5%D0%B7%D1%83%D0%B8%D1%82%D0%BE%D0%B2_%D0%BD%D0%B0_%D1%83%D0%BB._%D0%A0%D0%B0%D0%BA%D0%BE%D0%B2%D0%B5%D1%86%D0%BA%D0%BE%D0%B9_%D0%B2_%D0%92%D0%B0%D1%80%D1%88%D0%B0%D0%B2%D0%B5","source":"Викиданные","source_id":"Q11771081","license":"CC0 (Викиданные)","confidence":"ok"}},{"type":"Feature","id":"disasters:87531db82952","geometry":{"type":"Point","coordinates":[21.9094,50.7958]},"properties":{"uid":"disasters:87531db82952","layer":"disasters","layer_title":"Пожары, наводнения, катастрофы","group":"hardship","title":"Borów massacre","category":"военное преступление","year_from":1943,"year_to":1943,"date_precision":"year","date_approx":false,"period_raw":"1943","url":"https://www.wikidata.org/wiki/Q11785455","source":"Викиданные","source_id":"Q11785455","license":"CC0 (Викиданные)","confidence":"ok"}},{"type":"Feature","id":"disasters:08a912627e6a","geometry":{"type":"Point","coordinates":[19.611111,53.458333]},"properties":{"uid":"disasters:08a912627e6a","layer":"disasters","layer_title":"Пожары, наводнения, катастрофы","group":"hardship","title":"murder in the Bratian Forest","category":"бойня","year_from":1939,"year_to":1939,"date_precision":"year","date_approx":false,"period_raw":"1939","url":"https://www.wikidata.org/wiki/Q11785458","image_url":"http://commons.wikimedia.org/wiki/Special:FilePath/NOWE%20MIASTO%20LUBAWSKIE%20Mord%20w%20lesie%20Bratia%C5%84skim02.jpg","source":"Викиданные","source_id":"Q11785458","license":"CC0 (Викиданные)","confidence":"ok"}},{"type":"Feature","id":"disasters:e58b38cdc271","geometry":{"type":"Point","coordinates":[22.866667,52.666667]},"properties":{"uid":"disasters:e58b38cdc271","layer":"disasters","layer_title":"Пожары, наводнения, катастрофы","group":"hardship","title":"Puchały Stare massacre","category":"массовое убийство","year_from":1946,"year_to":1946,"date_precision":"year","date_approx":false,"period_raw":"1946","url":"https://www.wikidata.org/wiki/Q11785457","image_url":"http://commons.wikimedia.org/wiki/Special:FilePath/Cerkiew%20%C5%9Bw.%20Micha%C5%82a%20Archanio%C5%82a%20w%20W%C3%B3lce%20Wygonowskiej%204.JPG","source":"Викиданные","source_id":"Q11785457","license":"CC0 (Викиданные)","confidence":"ok"}},{"type":"Feature","id":"disasters:cf201eb9ac7d","geometry":{"type":"Point","coordinates":[22.8333,52.8167]},"properties":{"uid":"disasters:cf201eb9ac7d","layer":"disasters","layer_title":"Пожары, наводнения, катастрофы","group":"hardship","title":"Zanie and Szpaki massacre","category":"этнические чистки","year_from":1946,"year_to":1946,"date_precision":"year","date_approx":false,"period_raw":"1946","url":"https://www.wikidata.org/wiki/Q11802141","source":"Викиданные","source_id":"Q11802141","license":"CC0 (Викиданные)","confidence":"place_level"}},{"type":"Feature","id":"disasters:fb1f7311bef9","geometry":{"type":"Point","coordinates":[22.566667,51.25]},"properties":{"uid":"disasters:fb1f7311bef9","layer":"disasters","layer_title":"Пожары, наводнения, катастрофы","group":"hardship","title":"Fire of Lublin","category":"пожар","place_text":"Люблин","region":"Люблин","year_from":1719,"year_to":1719,"date_precision":"year","date_approx":false,"period_raw":"1719","url":"https://www.wikidata.org/wiki/Q11826440","image_url":"http://commons.wikimedia.org/wiki/Special:FilePath/Fire%20of%20Lublin%201719.jpg","source":"Викиданные","source_id":"Q11826440","license":"CC0 (Викиданные)","confidence":"place_level"}},{"type":"Feature","id":"disasters:497df2130a13","geometry":{"type":"Point","coordinates":[23.405556,49.181944]},"properties":{"uid":"disasters:497df2130a13","layer":"disasters","layer_title":"Пожары, наводнения, катастрофы","group":"hardship","title":"Urycz massacre","category":"бойня","year_from":1939,"year_to":1939,"date_precision":"year","date_approx":false,"period_raw":"1939","url":"https://www.wikidata.org/wiki/Q9388692","source":"Викиданные","source_id":"Q9388692","license":"CC0 (Викиданные)","confidence":"ok"}},{"type":"Feature","id":"disasters:61a6c623781c","geometry":{"type":"Point","coordinates":[21.8967,51.7614]},"properties":{"uid":"disasters:61a6c623781c","layer":"disasters","layer_title":"Пожары, наводнения, катастрофы","group":"hardship","title":"Wygranka massacre","category":"бойня","year_from":1943,"year_to":1943,"date_precision":"year","date_approx":false,"period_raw":"1943","url":"https://www.wikidata.org/wiki/Q9388696","image_url":"http://commons.wikimedia.org/wiki/Special:FilePath/Pow.wlodzimierz.jpg","source":"Викиданные","source_id":"Q9388696","license":"CC0 (Викиданные)","confidence":"place_level"}},{"type":"Feature","id":"disasters:dfc7e2c382d3","geometry":{"type":"Point","coordinates":[24.85,49.0333]},"properties":{"uid":"disasters:dfc7e2c382d3","layer":"disasters","layer_title":"Пожары, наводнения, катастрофы","group":"hardship","title":"Wołczków massacre","category":"бойня","year_from":1944,"year_to":1944,"date_precision":"year","date_approx":false,"period_raw":"1944","url":"https://www.wikidata.org/wiki/Q9388697","image_url":"http://commons.wikimedia.org/wiki/Special:FilePath/Pow.stanislawow.jpg","source":"Викиданные","source_id":"Q9388697","license":"CC0 (Викиданные)","confidence":"ok"}},{"type":"Feature","id":"disasters:aefa18a24c35","geometry":{"type":"Point","coordinates":[22.248056,52.986667]},"properties":{"uid":"disasters:aefa18a24c35","layer":"disasters","layer_title":"Пожары, наводнения, катастрофы","group":"hardship","title":"Zambrów massacre","category":"бойня","year_from":1939,"year_to":1939,"date_precision":"year","date_approx":false,"period_raw":"1939","url":"https://www.wikidata.org/wiki/Q9388701","source":"Викиданные","source_id":"Q9388701","license":"CC0 (Викиданные)","confidence":"ok"}},{"type":"Feature","id":"disasters:c53129e52d7e","geometry":{"type":"Point","coordinates":[26.166667,55.133333]},"properties":{"uid":"disasters:c53129e52d7e","layer":"disasters","layer_title":"Пожары, наводнения, катастрофы","group":"hardship","title":"Święciany massacre","category":"бойня","year_from":1942,"year_to":1942,"date_precision":"year","date_approx":false,"period_raw":"1942","url":"https://www.wikidata.org/wiki/Q9388710","source":"Викиданные","source_id":"Q9388710","license":"CC0 (Викиданные)","confidence":"ok"}},{"type":"Feature","id":"disasters:7813a8848996","geometry":{"type":"Point","coordinates":[25.2725,49.0292]},"properties":{"uid":"disasters:7813a8848996","layer":"disasters","layer_title":"Пожары, наводнения, катастрофы","group":"hardship","title":"Barysh massacre","category":"бойня","year_from":1945,"year_to":1945,"date_precision":"year","date_approx":false,"period_raw":"1945","url":"https://www.wikidata.org/wiki/Q9388733","image_url":"http://commons.wikimedia.org/wiki/Special:FilePath/Barysz2.JPG","source":"Викиданные","source_id":"Q9388733","license":"CC0 (Викиданные)","confidence":"ok"}},{"type":"Feature","id":"disasters:44c1eca26608","geometry":{"type":"Point","coordinates":[24.716667,51.216667]},"properties":{"uid":"disasters:44c1eca26608","layer":"disasters","layer_title":"Пожары, наводнения, катастрофы","group":"hardship","title":"Budy Ossowskie massacre","category":"бойня","year_from":1943,"year_to":1943,"date_precision":"year","date_approx":false,"period_raw":"1943","url":"https://www.wikidata.org/wiki/Q9388737","image_url":"http://commons.wikimedia.org/wiki/Special:FilePath/Woj.wolynskie2.jpg","source":"Викиданные","source_id":"Q9388737","license":"CC0 (Викиданные)","confidence":"ok"}},{"type":"Feature","id":"disasters:54d716775b79","geometry":{"type":"Point","coordinates":[25.298611,51.1375]},"properties":{"uid":"disasters:54d716775b79","layer":"disasters","layer_title":"Пожары, наводнения, катастрофы","group":"hardship","title":"Gaj massacre","category":"массовое убийство","year_from":1943,"year_to":1943,"date_precision":"year","date_approx":false,"period_raw":"1943","url":"https://www.wikidata.org/wiki/Q9388741","image_url":"http://commons.wikimedia.org/wiki/Special:FilePath/Ekshumacja%20w%20Gaju.JPG","source":"Викиданные","source_id":"Q9388741","license":"CC0 (Викиданные)","confidence":"ok"}},{"type":"Feature","id":"disasters:6aac9c7fa9ea","geometry":{"type":"Point","coordinates":[26.618111,50.757167]},"properties":{"uid":"disasters:6aac9c7fa9ea","layer":"disasters","layer_title":"Пожары, наводнения, катастрофы","group":"hardship","title":"Leonówka massacre","category":"бойня","year_from":1943,"year_to":1943,"date_precision":"year","date_approx":false,"period_raw":"1943","url":"https://www.wikidata.org/wiki/Q9388748","image_url":"http://commons.wikimedia.org/wiki/Special:FilePath/Leonowka.gif","source":"Викиданные","source_id":"Q9388748","license":"CC0 (Викиданные)","confidence":"ok"}},{"type":"Feature","id":"disasters:2453959da3c9","geometry":{"type":"Point","coordinates":[25.5247,50.6278]},"properties":{"uid":"disasters:2453959da3c9","layer":"disasters","layer_title":"Пожары, наводнения, катастрофы","group":"hardship","title":"Svyschiv massacre","category":"бойня","year_from":1943,"year_to":1943,"date_precision":"year","date_approx":false,"period_raw":"1943","url":"https://www.wikidata.org/wiki/Q9388764","source":"Викиданные","source_id":"Q9388764","license":"CC0 (Викиданные)","confidence":"ok"}},{"type":"Feature","id":"disasters:79a0282cef98","geometry":{"type":"Point","coordinates":[24.0569,61.5425]},"properties":{"uid":"disasters:79a0282cef98","layer":"disasters","layer_title":"Пожары, наводнения, катастрофы","group":"hardship","title":"Suinula massacre","category":"массовое убийство","place_text":"Кангасала","region":"Кангасала","year_from":1918,"year_to":1918,"date_precision":"year","date_approx":false,"period_raw":"1918","url":"https://www.wikidata.org/wiki/Q10683523","image_url":"http://commons.wikimedia.org/wiki/Special:FilePath/Suinulan%20muistomerkki.jpg","source":"Викиданные","source_id":"Q10683523","license":"CC0 (Викиданные)","confidence":"place_level"}},{"type":"Feature","id":"disasters:7bac288f434f","geometry":{"type":"Point","coordinates":[128.133333,51.383333]},"properties":{"uid":"disasters:7bac288f434f","layer":"disasters","layer_title":"Пожары, наводнения, катастрофы","group":"hardship","title":"Svobodny Massacre","category":"бойня","year_from":1921,"year_to":1921,"date_precision":"year","date_approx":false,"period_raw":"1921","url":"https://www.wikidata.org/wiki/Q11268479","source":"Викиданные","source_id":"Q11268479","license":"CC0 (Викиданные)","confidence":"place_level"}},{"type":"Feature","id":"disasters:457b71e93cc7","geometry":{"type":"Point","coordinates":[19.879722,51.816389]},"properties":{"uid":"disasters:457b71e93cc7","layer":"disasters","layer_title":"Пожары, наводнения, катастрофы","group":"hardship","title":"Rogów raid","category":"ограбление поезда","year_from":1906,"year_to":1906,"date_precision":"year","date_approx":false,"period_raw":"1906","url":"https://www.wikidata.org/wiki/Q11684752","image_url":"http://commons.wikimedia.org/wiki/Special:FilePath/Rogow.jpg","source":"Викиданные","source_id":"Q11684752","license":"CC0 (Викиданные)","confidence":"place_level"}},{"type":"Feature","id":"disasters:299399417ad4","geometry":{"type":"Point","coordinates":[20.637222,50.116389]},"properties":{"uid":"disasters:299399417ad4","layer":"disasters","layer_title":"Пожары, наводнения, катастрофы","group":"hardship","title":"Szczurowa massacre","category":"бойня","year_from":1943,"year_to":1943,"date_precision":"year","date_approx":false,"period_raw":"1943","url":"https://www.wikidata.org/wiki/Q11691493","source":"Викиданные","source_id":"Q11691493","license":"CC0 (Викиданные)","confidence":"ok"}},{"type":"Feature","id":"disasters:d49b00e2bf50","geometry":{"type":"Point","coordinates":[19.4294,51.7519]},"properties":{"uid":"disasters:d49b00e2bf50","layer":"disasters","layer_title":"Пожары, наводнения, катастрофы","group":"hardship","title":"Железнодорожная катастрофа на станции Лодзь-Калиская","category":"крушение поезда","year_from":1946,"year_to":1946,"date_precision":"year","date_approx":false,"period_raw":"1946","url":"https://ru.wikipedia.org/wiki/%D0%96%D0%B5%D0%BB%D0%B5%D0%B7%D0%BD%D0%BE%D0%B4%D0%BE%D1%80%D0%BE%D0%B6%D0%BD%D0%B0%D1%8F_%D0%BA%D0%B0%D1%82%D0%B0%D1%81%D1%82%D1%80%D0%BE%D1%84%D0%B0_%D0%BD%D0%B0_%D1%81%D1%82%D0%B0%D0%BD%D1%86%D0%B8%D0%B8_%D0%9B%D0%BE%D0%B4%D0%B7%D1%8C-%D0%9A%D0%B0%D0%BB%D0%B8%D1%81%D0%BA%D0%B0%D1%8F","source":"Викиданные","source_id":"Q11737162","license":"CC0 (Викиданные)","confidence":"ok"}},{"type":"Feature","id":"disasters:72b69faf6517","geometry":{"type":"Point","coordinates":[18.584436,54.000385]},"properties":{"uid":"disasters:72b69faf6517","layer":"disasters","layer_title":"Пожары, наводнения, катастрофы","group":"hardship","title":"Starogard Gdański derailment","category":"сход с рельсов","year_from":1925,"year_to":1925,"date_precision":"year","date_approx":false,"period_raw":"1925","url":"https://www.wikidata.org/wiki/Q11737173","source":"Викиданные","source_id":"Q11737173","license":"CC0 (Викиданные)","confidence":"ok"}},{"type":"Feature","id":"disasters:5be56c915835","geometry":{"type":"Point","coordinates":[18.777331,54.092192]},"properties":{"uid":"disasters:5be56c915835","layer":"disasters","layer_title":"Пожары, наводнения, катастрофы","group":"hardship","title":"Krwawa jesień pelplińska","category":"бойня","year_from":1939,"year_to":1939,"date_precision":"year","date_approx":false,"period_raw":"1939","url":"https://www.wikidata.org/wiki/Q11748513","source":"Викиданные","source_id":"Q11748513","license":"CC0 (Викиданные)","confidence":"ok"}},{"type":"Feature","id":"disasters:d79aa353cf8d","geometry":{"type":"Point","coordinates":[18.261111,52.795833]},"properties":{"uid":"disasters:d79aa353cf8d","layer":"disasters","layer_title":"Пожары, наводнения, катастрофы","group":"hardship","title":"Inowrocław massacre","category":"бойня","year_from":1939,"year_to":1939,"date_precision":"year","date_approx":false,"period_raw":"1939","url":"https://www.wikidata.org/wiki/Q11748516","source":"Викиданные","source_id":"Q11748516","license":"CC0 (Викиданные)","confidence":"ok"}},{"type":"Feature","id":"disasters:4c9b446f2266","geometry":{"type":"Point","coordinates":[25.8678,49.3028]},"properties":{"uid":"disasters:4c9b446f2266","layer":"disasters","layer_title":"Пожары, наводнения, катастрофы","group":"hardship","title":"Hleshchava massacres","category":"бойня","year_from":1945,"year_to":1945,"date_precision":"year","date_approx":false,"period_raw":"1945","url":"https://www.wikidata.org/wiki/Q19400680","image_url":"http://commons.wikimedia.org/wiki/Special:FilePath/Pow.trembowla%20zaleszczyki.jpg","source":"Викиданные","source_id":"Q19400680","license":"CC0 (Викиданные)","confidence":"ok"}},{"type":"Feature","id":"disasters:234802eb1ff7","geometry":{"type":"Point","coordinates":[25.2061,49.0142]},"properties":{"uid":"disasters:234802eb1ff7","layer":"disasters","layer_title":"Пожары, наводнения, катастрофы","group":"hardship","title":"Puzhnyky massacre","category":"бойня","year_from":1945,"year_to":1945,"date_precision":"year","date_approx":false,"period_raw":"1945","url":"https://www.wikidata.org/wiki/Q19401315","image_url":"http://commons.wikimedia.org/wiki/Special:FilePath/Pow.buczacz%20czortkow%20kamionka%20strumilowa.jpg","source":"Викиданные","source_id":"Q19401315","license":"CC0 (Викиданные)","confidence":"ok"}},{"type":"Feature","id":"disasters:60adeaff5707","geometry":{"type":"Point","coordinates":[30.523611,50.45]},"properties":{"uid":"disasters:60adeaff5707","layer":"disasters","layer_title":"Пожары, наводнения, катастрофы","group":"hardship","title":"Kyiv Pogrom","category":"погром","year_from":1881,"year_to":1881,"date_precision":"year","date_approx":false,"period_raw":"1881","url":"https://www.wikidata.org/wiki/Q19869495","image_url":"http://commons.wikimedia.org/wiki/Special:FilePath/1881-06-22%2C%20La%20Ilustraci%C3%B3n%20Espa%C3%B1ola%20y%20Americana%2C%20Kieff%20%28Rusia%29%2C%20La%20expulsi%C3%B3n%20de%20los%20jud%C3%ADos%20eslavos%2C%20familias%20israelitas%20abandonando%20sus%20hogares%20%28cropped%29.jpg","source":"Викиданные","source_id":"Q19869495","license":"CC0 (Викиданные)","confidence":"place_level"}},{"type":"Feature","id":"disasters:0ee45679ef9a","geometry":{"type":"Point","coordinates":[38.000833,48.594722]},"properties":{"uid":"disasters:0ee45679ef9a","layer":"disasters","layer_title":"Пожары, наводнения, катастрофы","group":"hardship","title":"Artemivsk massacre","category":"военное преступление","year_from":1942,"year_to":1942,"date_precision":"year","date_approx":false,"period_raw":"1942","url":"https://www.wikidata.org/wiki/Q20072815","source":"Викиданные","source_id":"Q20072815","license":"CC0 (Викиданные)","confidence":"ok"}},{"type":"Feature","id":"disasters:2961d0825eba","geometry":{"type":"Point","coordinates":[27.2458,56.5875]},"properties":{"uid":"disasters:2961d0825eba","layer":"disasters","layer_title":"Пожары, наводнения, катастрофы","group":"hardship","title":"Аудриньская трагедия","category":"массовое убийство","year_from":1942,"year_to":1942,"date_precision":"year","date_approx":false,"period_raw":"1942","url":"https://ru.wikipedia.org/wiki/%D0%90%D1%83%D0%B4%D1%80%D0%B8%D0%BD%D1%8C%D1%81%D0%BA%D0%B0%D1%8F_%D1%82%D1%80%D0%B0%D0%B3%D0%B5%D0%B4%D0%B8%D1%8F","source":"Викиданные","source_id":"Q20399306","license":"CC0 (Викиданные)","confidence":"ok"}},{"type":"Feature","id":"disasters:edac954e388a","geometry":{"type":"Point","coordinates":[26.358644,59.330653]},"properties":{"uid":"disasters:edac954e388a","layer":"disasters","layer_title":"Пожары, наводнения, катастрофы","group":"hardship","title":"Массовое убийство в лесу Палермо","category":"бойня","year_from":1919,"year_to":1919,"date_precision":"year","date_approx":false,"period_raw":"1919","url":"https://ru.wikipedia.org/wiki/%D0%9C%D0%B0%D1%81%D1%81%D0%BE%D0%B2%D0%BE%D0%B5_%D1%83%D0%B1%D0%B8%D0%B9%D1%81%D1%82%D0%B2%D0%BE_%D0%B2_%D0%BB%D0%B5%D1%81%D1%83_%D0%9F%D0%B0%D0%BB%D0%B5%D1%80%D0%BC%D0%BE","image_url":"http://commons.wikimedia.org/wiki/Special:FilePath/Victims%20of%20Bolshevik%20Cheka%20near%20Rakvere%2C%20Estonia%2C%201919.jpg","source":"Викиданные","source_id":"Q20530179","license":"CC0 (Викиданные)","confidence":"ok"}},{"type":"Feature","id":"disasters:08fd22772f97","geometry":{"type":"Point","coordinates":[26.723333,58.381667]},"properties":{"uid":"disasters:08fd22772f97","layer":"disasters","layer_title":"Пожары, наводнения, катастрофы","group":"hardship","title":"Массовое убийство в Тартуской Кредитной кассе","category":"бойня","year_from":1919,"year_to":1919,"date_precision":"year","date_approx":false,"period_raw":"1919","url":"https://ru.wikipedia.org/wiki/%D0%9C%D0%B0%D1%81%D1%81%D0%BE%D0%B2%D0%BE%D0%B5_%D1%83%D0%B1%D0%B8%D0%B9%D1%81%D1%82%D0%B2%D0%BE_%D0%B2_%D0%A2%D0%B0%D1%80%D1%82%D1%83%D1%81%D0%BA%D0%BE%D0%B9_%D0%BA%D1%80%D0%B5%D0%B4%D0%B8%D1%82%D0%BD%D0%BE%D0%B9_%D0%BA%D0%B0%D1%81%D1%81%D0%B5","image_url":"http://commons.wikimedia.org/wiki/Special:FilePath/Victims%20of%20Bolshevik%20Cheka%20in%20Tartu%2C%20Estonia%2C%201919.jpg","source":"Викиданные","source_id":"Q20530519","license":"CC0 (Викиданные)","confidence":"ok"}},{"type":"Feature","id":"disasters:52ecd42aecdd","geometry":{"type":"Point","coordinates":[22.3,53.566667]},"properties":{"uid":"disasters:52ecd42aecdd","layer":"disasters","layer_title":"Пожары, наводнения, катастрофы","group":"hardship","title":"Погром в Щучине","category":"погром","year_from":1941,"year_to":1941,"date_precision":"year","date_approx":false,"period_raw":"1941","url":"https://ru.wikipedia.org/wiki/%D0%9F%D0%BE%D0%B3%D1%80%D0%BE%D0%BC_%D0%B2_%D0%A9%D1%83%D1%87%D0%B8%D0%BD%D0%B5_(%D0%9F%D0%BE%D0%BB%D1%8C%D1%88%D0%B0)","source":"Викиданные","source_id":"Q21705712","license":"CC0 (Викиданные)","confidence":"place_level"}},{"type":"Feature","id":"disasters:71cec36ce566","geometry":{"type":"Point","coordinates":[24.948031,60.162785]},"properties":{"uid":"disasters:71cec36ce566","layer":"disasters","layer_title":"Пожары, наводнения, катастрофы","group":"hardship","title":"Kasarmikatu bomb attack","category":"взрыв бомбы","place_text":"Хельсинки","region":"Хельсинки","year_from":1906,"year_to":1906,"date_precision":"year","date_approx":false,"period_raw":"1906","url":"https://www.wikidata.org/wiki/Q23045136","image_url":"http://commons.wikimedia.org/wiki/Special:FilePath/Pommirajahdys%20Poliiskamarintalossa%20Kasarminkadulla%201906.jpg","source":"Викиданные","source_id":"Q23045136","license":"CC0 (Викиданные)","confidence":"ok"}},{"type":"Feature","id":"disasters:cf5de4f57900","geometry":{"type":"Point","coordinates":[40.083333,44.6]},"properties":{"uid":"disasters:cf5de4f57900","layer":"disasters","layer_title":"Пожары, наводнения, катастрофы","group":"hardship","title":"Майкопская резня","category":"бойня","year_from":1918,"year_to":1918,"date_precision":"year","date_approx":false,"period_raw":"1918","url":"https://ru.wikipedia.org/wiki/%D0%9C%D0%B0%D0%B9%D0%BA%D0%BE%D0%BF%D1%81%D0%BA%D0%B0%D1%8F_%D1%80%D0%B5%D0%B7%D0%BD%D1%8F","source":"Викиданные","source_id":"Q24935666","license":"CC0 (Викиданные)","confidence":"place_level"}},{"type":"Feature","id":"disasters:2c5bdf21131d","geometry":{"type":"Point","coordinates":[25.866389,56.4975]},"properties":{"uid":"disasters:2c5bdf21131d","layer":"disasters","layer_title":"Пожары, наводнения, катастрофы","group":"hardship","title":"1931. gada plūdi Jēkabpilī","category":"наводнение","year_from":1931,"year_to":1931,"date_precision":"year","date_approx":false,"period_raw":"1931","url":"https://www.wikidata.org/wiki/Q16347845","source":"Викиданные","source_id":"Q16347845","license":"CC0 (Викиданные)","confidence":"place_level"}},{"type":"Feature","id":"disasters:487a2f38e33b","geometry":{"type":"Point","coordinates":[27.025278,57.19]},"properties":{"uid":"disasters:487a2f38e33b","layer":"disasters","layer_title":"Пожары, наводнения, катастрофы","group":"hardship","title":"1941. gada jūnija notikumi Litenē","category":"бойня","year_from":1941,"year_to":1941,"date_precision":"year","date_approx":false,"period_raw":"1941","url":"https://www.wikidata.org/wiki/Q16347866","source":"Викиданные","source_id":"Q16347866","license":"CC0 (Викиданные)","confidence":"place_level"}},{"type":"Feature","id":"disasters:f1bff0ab3c97","geometry":{"type":"Point","coordinates":[24.1875,56.406667]},"properties":{"uid":"disasters:f1bff0ab3c97","layer":"disasters","layer_title":"Пожары, наводнения, катастрофы","group":"hardship","title":"Bauskas plūdi","category":"наводнение","year_from":1928,"year_to":1928,"date_precision":"year","date_approx":false,"period_raw":"1928","url":"https://www.wikidata.org/wiki/Q16352736","source":"Викиданные","source_id":"Q16352736","license":"CC0 (Викиданные)","confidence":"place_level"}},{"type":"Feature","id":"disasters:3c9d443f525a","geometry":{"type":"Point","coordinates":[21.0244,54.0731]},"properties":{"uid":"disasters:3c9d443f525a","layer":"disasters","layer_title":"Пожары, наводнения, катастрофы","group":"hardship","title":"Katastrofa kolejowa w Sątopach-Samulewie","category":"крушение поезда","year_from":1954,"year_to":1954,"date_precision":"year","date_approx":false,"period_raw":"1954","url":"https://www.wikidata.org/wiki/Q16565861","source":"Викиданные","source_id":"Q16565861","license":"CC0 (Викиданные)","confidence":"ok"}},{"type":"Feature","id":"disasters:a720541d2eab","geometry":{"type":"Point","coordinates":[20.843889,51.008056]},"properties":{"uid":"disasters:a720541d2eab","layer":"disasters","layer_title":"Пожары, наводнения, катастрофы","group":"hardship","title":"Michniów massacre","category":"бойня","year_from":1943,"year_to":1943,"date_precision":"year","date_approx":false,"period_raw":"1943","url":"https://www.wikidata.org/wiki/Q16585289","image_url":"http://commons.wikimedia.org/wiki/Special:FilePath/Pacification%20of%20Michni%C3%B3w.jpg","source":"Викиданные","source_id":"Q16585289","license":"CC0 (Викиданные)","confidence":"ok"}},{"type":"Feature","id":"disasters:a5e2c8eea366","geometry":{"type":"Point","coordinates":[21.405,50.0542]},"properties":{"uid":"disasters:a5e2c8eea366","layer":"disasters","layer_title":"Пожары, наводнения, катастрофы","group":"hardship","title":"Wypadek kolejowy w Dębicy","category":"крушение поезда","year_from":1951,"year_to":1951,"date_precision":"year","date_approx":false,"period_raw":"1951","url":"https://www.wikidata.org/wiki/Q16617021","source":"Викиданные","source_id":"Q16617021","license":"CC0 (Викиданные)","confidence":"ok"}},{"type":"Feature","id":"disasters:52485a13e33b","geometry":{"type":"Point","coordinates":[118.5,56.5]},"properties":{"uid":"disasters:52485a13e33b","layer":"disasters","layer_title":"Пожары, наводнения, катастрофы","group":"hardship","title":"Великое Восточно-Сибирское землетрясение","category":"землетрясение","year_from":1725,"year_to":1725,"date_precision":"year","date_approx":false,"period_raw":"1725","url":"https://ru.wikipedia.org/wiki/%D0%92%D0%B5%D0%BB%D0%B8%D0%BA%D0%BE%D0%B5_%D0%92%D0%BE%D1%81%D1%82%D0%BE%D1%87%D0%BD%D0%BE-%D0%A1%D0%B8%D0%B1%D0%B8%D1%80%D1%81%D0%BA%D0%BE%D0%B5_%D0%B7%D0%B5%D0%BC%D0%BB%D0%B5%D1%82%D1%80%D1%8F%D1%81%D0%B5%D0%BD%D0%B8%D0%B5_(1725)","source":"Викиданные","source_id":"Q16629618","license":"CC0 (Викиданные)","confidence":"ok"}},{"type":"Feature","id":"disasters:95edf917dcc3","geometry":{"type":"Point","coordinates":[30.523611,50.45]},"properties":{"uid":"disasters:95edf917dcc3","layer":"disasters","layer_title":"Пожары, наводнения, катастрофы","group":"hardship","title":"Kiev Pogrom","category":"погром","year_from":1905,"year_to":1905,"date_precision":"year","date_approx":false,"period_raw":"1905","url":"https://www.wikidata.org/wiki/Q16852244","source":"Викиданные","source_id":"Q16852244","license":"CC0 (Викиданные)","confidence":"place_level"}},{"type":"Feature","id":"disasters:6bc7c45daec2","geometry":{"type":"Point","coordinates":[18.95,50.3]},"properties":{"uid":"disasters:6bc7c45daec2","layer":"disasters","layer_title":"Пожары, наводнения, катастрофы","group":"hardship","title":"Barbara-Wyzwolenie mining accident","category":"авария на шахте","year_from":1954,"year_to":1954,"date_precision":"year","date_approx":false,"period_raw":"1954","url":"https://www.wikidata.org/wiki/Q16874822","source":"Викиданные","source_id":"Q16874822","license":"CC0 (Викиданные)","confidence":"ok"}},{"type":"Feature","id":"disasters:206d5b54ed9f","geometry":{"type":"Point","coordinates":[21.75,50.683333]},"properties":{"uid":"disasters:206d5b54ed9f","layer":"disasters","layer_title":"Пожары, наводнения, катастрофы","group":"hardship","title":"Осада Сандомира","category":"осада","year_from":1260,"year_to":1260,"date_precision":"year","date_approx":false,"period_raw":"1260","url":"https://ru.wikipedia.org/wiki/%D0%9E%D1%81%D0%B0%D0%B4%D0%B0_%D0%A1%D0%B0%D0%BD%D0%B4%D0%BE%D0%BC%D0%B8%D1%80%D0%B0_(1260)","image_url":"http://commons.wikimedia.org/wiki/Special:FilePath/Meczennicy%20Sandomierscy.jpg","source":"Викиданные","source_id":"Q16933158","license":"CC0 (Викиданные)","confidence":"place_level"}},{"type":"Feature","id":"disasters:715f6494513f","geometry":{"type":"Point","coordinates":[25.068056,50.175278]},"properties":{"uid":"disasters:715f6494513f","layer":"disasters","layer_title":"Пожары, наводнения, катастрофы","group":"hardship","title":"Bovdury massacre","category":"бойня","year_from":1944,"year_to":1944,"date_precision":"year","date_approx":false,"period_raw":"1944","url":"https://www.wikidata.org/wiki/Q17155242","source":"Викиданные","source_id":"Q17155242","license":"CC0 (Викиданные)","confidence":"ok"}},{"type":"Feature","id":"disasters:b47fc5600c50","geometry":{"type":"Point","coordinates":[22.286667,49.456667]},"properties":{"uid":"disasters:b47fc5600c50","layer":"disasters","layer_title":"Пожары, наводнения, катастрофы","group":"hardship","title":"Egzekucja na górze Gruszka","category":"бойня","year_from":1940,"year_to":1940,"date_precision":"year","date_approx":false,"period_raw":"1940","url":"https://www.wikidata.org/wiki/Q18424482","image_url":"http://commons.wikimedia.org/wiki/Special:FilePath/Commemoration%20of%20Gruszka%20massacre%20%282017-07-06%29.6.jpg","source":"Викиданные","source_id":"Q18424482","license":"CC0 (Викиданные)","confidence":"ok"}},{"type":"Feature","id":"disasters:f4328234f594","geometry":{"type":"Point","coordinates":[27.1633,50.7822]},"properties":{"uid":"disasters:f4328234f594","layer":"disasters","layer_title":"Пожары, наводнения, катастрофы","group":"hardship","title":"Dermanka massacre","category":"бойня","year_from":1943,"year_to":1943,"date_precision":"year","date_approx":false,"period_raw":"1943","url":"https://www.wikidata.org/wiki/Q18431766","image_url":"http://commons.wikimedia.org/wiki/Special:FilePath/Pow.kostopol.jpg","source":"Викиданные","source_id":"Q18431766","license":"CC0 (Викиданные)","confidence":"ok"}},{"type":"Feature","id":"disasters:2c8dc1136202","geometry":{"type":"Point","coordinates":[24.9911,48.3364]},"properties":{"uid":"disasters:2c8dc1136202","layer":"disasters","layer_title":"Пожары, наводнения, катастрофы","group":"hardship","title":"Sheshory massacre","category":"бойня","year_from":1944,"year_to":1944,"date_precision":"year","date_approx":false,"period_raw":"1944","url":"https://www.wikidata.org/wiki/Q18431772","image_url":"http://commons.wikimedia.org/wiki/Special:FilePath/Pow.kolomyja%20kosow%20huculski.jpg","source":"Викиданные","source_id":"Q18431772","license":"CC0 (Викиданные)","confidence":"ok"}},{"type":"Feature","id":"disasters:676a739dbe39","geometry":{"type":"Point","coordinates":[24.5439,50.715]},"properties":{"uid":"disasters:676a739dbe39","layer":"disasters","layer_title":"Пожары, наводнения, катастрофы","group":"hardship","title":"Zamlychi massacre","category":"бойня","year_from":1943,"year_to":1943,"date_precision":"year","date_approx":false,"period_raw":"1943","url":"https://www.wikidata.org/wiki/Q18431783","image_url":"http://commons.wikimedia.org/wiki/Special:FilePath/Woj.wolynskie2.jpg","source":"Викиданные","source_id":"Q18431783","license":"CC0 (Викиданные)","confidence":"ok"}},{"type":"Feature","id":"disasters:b56ac1da2a2c","geometry":{"type":"Point","coordinates":[25.0506,49.1425]},"properties":{"uid":"disasters:b56ac1da2a2c","layer":"disasters","layer_title":"Пожары, наводнения, катастрофы","group":"hardship","title":"Zavadivka massacre","category":"бойня","year_from":1944,"year_to":1944,"date_precision":"year","date_approx":false,"period_raw":"1944","url":"https://www.wikidata.org/wiki/Q18431786","image_url":"http://commons.wikimedia.org/wiki/Special:FilePath/Pow.podhajce%20przemyslany%20radziechow.jpg","source":"Викиданные","source_id":"Q18431786","license":"CC0 (Викиданные)","confidence":"ok"}},{"type":"Feature","id":"disasters:0e25f3c0ce11","geometry":{"type":"Point","coordinates":[22.231667,49.814722]},"properties":{"uid":"disasters:0e25f3c0ce11","layer":"disasters","layer_title":"Пожары, наводнения, катастрофы","group":"hardship","title":"Massacre in Dynów","category":"бойня","year_from":1939,"year_to":1939,"date_precision":"year","date_approx":false,"period_raw":"1939","url":"https://www.wikidata.org/wiki/Q18431913","source":"Викиданные","source_id":"Q18431913","license":"CC0 (Викиданные)","confidence":"ok"}},{"type":"Feature","id":"disasters:99141cd9cd09","geometry":{"type":"Point","coordinates":[25.471944,65.014167]},"properties":{"uid":"disasters:99141cd9cd09","layer":"disasters","layer_title":"Пожары, наводнения, катастрофы","group":"hardship","title":"Great Oulu Fire of 1822","category":"пожар","year_from":1822,"year_to":1822,"date_precision":"year","date_approx":false,"period_raw":"1822","url":"https://www.wikidata.org/wiki/Q18661197","image_url":"http://commons.wikimedia.org/wiki/Special:FilePath/Jac%20Wallin%20Oulu%20Fire%201822.JPG","source":"Викиданные","source_id":"Q18661197","license":"CC0 (Викиданные)","confidence":"place_level"}},{"type":"Feature","id":"disasters:372a99d8260a","geometry":{"type":"Point","coordinates":[26.618745,60.943529]},"properties":{"uid":"disasters:372a99d8260a","layer":"disasters","layer_title":"Пожары, наводнения, катастрофы","group":"hardship","title":"Voikkaa fire of 1933","category":"городской пожар","year_from":1933,"year_to":1933,"date_precision":"year","date_approx":false,"period_raw":"1933","url":"https://www.wikidata.org/wiki/Q18662902","source":"Викиданные","source_id":"Q18662902","license":"CC0 (Викиданные)","confidence":"place_level"}},{"type":"Feature","id":"disasters:10f294c945a4","geometry":{"type":"Point","coordinates":[23.888,60.0765]},"properties":{"uid":"disasters:10f294c945a4","layer":"disasters","layer_title":"Пожары, наводнения, катастрофы","group":"hardship","title":"Executions in Västankvarn","category":"бойня","place_text":"Инrо","region":"Инrо","year_from":1918,"year_to":1918,"date_precision":"year","date_approx":false,"period_raw":"1918","url":"https://www.wikidata.org/wiki/Q18682893","image_url":"http://commons.wikimedia.org/wiki/Special:FilePath/V%C3%A4stankvarn%201918-2.jpg","source":"Викиданные","source_id":"Q18682893","license":"CC0 (Викиданные)","confidence":"ok"}},{"type":"Feature","id":"disasters:642e3bfe5015","geometry":{"type":"Point","coordinates":[25.2058,49.0144]},"properties":{"uid":"disasters:642e3bfe5015","layer":"disasters","layer_title":"Пожары, наводнения, катастрофы","group":"hardship","title":"Zalissia massacre","category":"бойня","year_from":1945,"year_to":1945,"date_precision":"year","date_approx":false,"period_raw":"1945","url":"https://www.wikidata.org/wiki/Q18747805","source":"Викиданные","source_id":"Q18747805","license":"CC0 (Викиданные)","confidence":"ok"}},{"type":"Feature","id":"disasters:4d34b8846e73","geometry":{"type":"Point","coordinates":[25.6,48.8167]},"properties":{"uid":"disasters:4d34b8846e73","layer":"disasters","layer_title":"Пожары, наводнения, катастрофы","group":"hardship","title":"Chervonohorod massacre","category":"бойня","year_from":1945,"year_to":1945,"date_precision":"year","date_approx":false,"period_raw":"1945","url":"https://www.wikidata.org/wiki/Q19400545","image_url":"http://commons.wikimedia.org/wiki/Special:FilePath/Nyrkow.jpg","source":"Викиданные","source_id":"Q19400545","license":"CC0 (Викиданные)","confidence":"ok"}},{"type":"Feature","id":"disasters:01d9066cbdb0","geometry":{"type":"Point","coordinates":[26.719722,58.373333]},"properties":{"uid":"disasters:01d9066cbdb0","layer":"disasters","layer_title":"Пожары, наводнения, катастрофы","group":"hardship","title":"NKVD prisoner massacre in Tartu","category":"бойня","year_from":1941,"year_to":1941,"date_precision":"year","date_approx":false,"period_raw":"1941","url":"https://www.wikidata.org/wiki/Q12369972","image_url":"http://commons.wikimedia.org/wiki/Special:FilePath/Victims%20of%20Soviet%20NKVD%20in%20Tartu%2C%20Estonia%2C%201941%20-%20001.jpg","source":"Викиданные","source_id":"Q12369972","license":"CC0 (Викиданные)","confidence":"ok"}},{"type":"Feature","id":"disasters:661efad86dc5","geometry":{"type":"Point","coordinates":[22.694722,55.600278]},"properties":{"uid":"disasters:661efad86dc5","layer":"disasters","layer_title":"Пожары, наводнения, катастрофы","group":"hardship","title":"Kražiai massacre","category":"бойня","year_from":1894,"year_to":1894,"date_precision":"year","date_approx":false,"period_raw":"1894","url":"https://www.wikidata.org/wiki/Q12661325","image_url":"http://commons.wikimedia.org/wiki/Special:FilePath/Interior%20of%20the%20Kra%C5%BEiai%20Church%20after%20the%20massacre.jpeg","source":"Викиданные","source_id":"Q12661325","license":"CC0 (Викиданные)","confidence":"ok"}},{"type":"Feature","id":"disasters:9c0dcc97dcf9","geometry":{"type":"Point","coordinates":[28.835278,47.022778]},"properties":{"uid":"disasters:9c0dcc97dcf9","layer":"disasters","layer_title":"Пожары, наводнения, катастрофы","group":"hardship","title":"Second Kishinev pogrom","category":"погром","year_from":1905,"year_to":1905,"date_precision":"year","date_approx":false,"period_raw":"с 1905","url":"https://www.wikidata.org/wiki/Q12738261","source":"Викиданные","source_id":"Q12738261","license":"CC0 (Викиданные)","confidence":"place_level"}},{"type":"Feature","id":"disasters:9c47b273e371","geometry":{"type":"Point","coordinates":[48.639167,40.633889]},"properties":{"uid":"disasters:9c47b273e371","layer":"disasters","layer_title":"Пожары, наводнения, катастрофы","group":"hardship","title":"Резня мусульман в Шемахе","category":"бойня","year_from":1918,"year_to":1918,"date_precision":"year","date_approx":false,"period_raw":"1918","url":"https://ru.wikipedia.org/wiki/%D0%A0%D0%B5%D0%B7%D0%BD%D1%8F_%D0%BC%D1%83%D1%81%D1%83%D0%BB%D1%8C%D0%BC%D0%B0%D0%BD_%D0%B2_%D0%A8%D0%B5%D0%BC%D0%B0%D1%85%D0%B5","image_url":"http://commons.wikimedia.org/wiki/Special:FilePath/%C4%B0maml%C4%B1%20k%C3%BC%C3%A7%C9%99sinin%20da%C4%9F%C4%B1nt%C4%B1lar%C4%B1.%20K%C9%99rb%C9%99layi%20M%C9%99mm%C9%99d%20%C6%8Fli%20%C6%8Fliyevin%20evi.jpg","source":"Викиданные","source_id":"Q12849468","license":"CC0 (Викиданные)","confidence":"place_level"}},{"type":"Feature","id":"disasters:167f3e114aea","geometry":{"type":"Point","coordinates":[71.366667,42.883333]},"properties":{"uid":"disasters:167f3e114aea","layer":"disasters","layer_title":"Пожары, наводнения, катастрофы","group":"hardship","title":"Жайылская резня","category":"бойня","year_from":1779,"year_to":1780,"date_precision":"year","date_approx":false,"period_raw":"1779–1780","url":"https://www.wikidata.org/wiki/Q13168028","source":"Викиданные","source_id":"Q13168028","license":"CC0 (Викиданные)","confidence":"place_level"}},{"type":"Feature","id":"disasters:8d04b345166c","geometry":{"type":"Point","coordinates":[46.0,39.2]},"properties":{"uid":"disasters:8d04b345166c","layer":"disasters","layer_title":"Пожары, наводнения, катастрофы","group":"hardship","title":"1931 Zangezur earthquake","category":"землетрясение","year_from":1931,"year_to":1931,"date_precision":"year","date_approx":false,"period_raw":"1931","url":"https://www.wikidata.org/wiki/Q15732483","source":"Викиданные","source_id":"Q15732483","license":"CC0 (Викиданные)","confidence":"ok"}},{"type":"Feature","id":"disasters:a7f1feaeb0e0","geometry":{"type":"Point","coordinates":[25.4386,49.4867]},"properties":{"uid":"disasters:a7f1feaeb0e0","layer":"disasters","layer_title":"Пожары, наводнения, катастрофы","group":"hardship","title":"Chodaczków Wielki massacre","category":"бойня","year_from":1944,"year_to":1944,"date_precision":"year","date_approx":false,"period_raw":"1944","url":"https://www.wikidata.org/wiki/Q11838376","image_url":"http://commons.wikimedia.org/wiki/Special:FilePath/Gajk%C3%B3w2.JPG","source":"Викиданные","source_id":"Q11838376","license":"CC0 (Викиданные)","confidence":"ok"}},{"type":"Feature","id":"disasters:7a7ade829d1c","geometry":{"type":"Point","coordinates":[24.4761,49.4508]},"properties":{"uid":"disasters:7a7ade829d1c","layer":"disasters","layer_title":"Пожары, наводнения, катастрофы","group":"hardship","title":"Резня в Подкамене Рогатинском","category":"бойня","year_from":1944,"year_to":1944,"date_precision":"year","date_approx":false,"period_raw":"1944","url":"https://ru.wikipedia.org/wiki/%D0%A0%D0%B5%D0%B7%D0%BD%D1%8F_%D0%B2_%D0%9F%D0%BE%D0%B4%D0%BA%D0%B0%D0%BC%D0%B5%D0%BD%D0%B5_%D0%A0%D0%BE%D0%B3%D0%B0%D1%82%D0%B8%D0%BD%D1%81%D0%BA%D0%BE%D0%BC","image_url":"http://commons.wikimedia.org/wiki/Special:FilePath/Pow.nadworna%20rohatyn.jpg","source":"Викиданные","source_id":"Q11838380","license":"CC0 (Викиданные)","confidence":"ok"}},{"type":"Feature","id":"disasters:63311d185ec1","geometry":{"type":"Point","coordinates":[25.007474,60.189582]},"properties":{"uid":"disasters:63311d185ec1","layer":"disasters","layer_title":"Пожары, наводнения, катастрофы","group":"hardship","title":"Ståhlberg kidnapping","category":"похищение человека","year_from":1930,"year_to":1930,"date_precision":"year","date_approx":false,"period_raw":"1930","url":"https://www.wikidata.org/wiki/Q11868586","source":"Викиданные","source_id":"Q11868586","license":"CC0 (Викиданные)","confidence":"place_level"}},{"type":"Feature","id":"disasters:6140306f657d","geometry":{"type":"Point","coordinates":[24.052083,61.112607]},"properties":{"uid":"disasters:6140306f657d","layer":"disasters","layer_title":"Пожары, наводнения, катастрофы","group":"hardship","title":"Kuurila rail accident","category":"крушение поезда","place_text":"Кальвола","region":"Кальвола","year_from":1957,"year_to":1957,"date_precision":"year","date_approx":false,"period_raw":"1957","url":"https://www.wikidata.org/wiki/Q11873796","image_url":"http://commons.wikimedia.org/wiki/Special:FilePath/Kuurilan-junaturma.jpg","source":"Викиданные","source_id":"Q11873796","license":"CC0 (Викиданные)","confidence":"ok"}},{"type":"Feature","id":"disasters:17c7f1991bc2","geometry":{"type":"Point","coordinates":[25.471944,65.014167]},"properties":{"uid":"disasters:17c7f1991bc2","layer":"disasters","layer_title":"Пожары, наводнения, катастрофы","group":"hardship","title":"Great Oulu Fire of 1705","category":"городской пожар","year_from":1705,"year_to":1705,"date_precision":"year","date_approx":false,"period_raw":"1705","url":"https://www.wikidata.org/wiki/Q11886114","source":"Викиданные","source_id":"Q11886114","license":"CC0 (Викиданные)","confidence":"place_level"}},{"type":"Feature","id":"disasters:e38ceeb2d670","geometry":{"type":"Point","coordinates":[21.5,61.116667]},"properties":{"uid":"disasters:e38ceeb2d670","layer":"disasters","layer_title":"Пожары, наводнения, катастрофы","group":"hardship","title":"Rauman räjähdysonnettomuus","category":"взрыв","year_from":1947,"year_to":1947,"date_precision":"year","date_approx":false,"period_raw":"1947","url":"https://www.wikidata.org/wiki/Q11890197","source":"Викиданные","source_id":"Q11890197","license":"CC0 (Викиданные)","confidence":"place_level"}},{"type":"Feature","id":"disasters:2fe45e1b1f22","geometry":{"type":"Point","coordinates":[23.76,61.498056]},"properties":{"uid":"disasters:2fe45e1b1f22","layer":"disasters","layer_title":"Пожары, наводнения, катастрофы","group":"hardship","title":"Tampereen palo 1865","category":"пожар","year_from":1865,"year_to":1865,"date_precision":"year","date_approx":false,"period_raw":"1865","url":"https://www.wikidata.org/wiki/Q11896308","source":"Викиданные","source_id":"Q11896308","license":"CC0 (Викиданные)","confidence":"place_level"}},{"type":"Feature","id":"disasters:2548266574bc","geometry":{"type":"Point","coordinates":[24.066667,62.55]},"properties":{"uid":"disasters:2548266574bc","layer":"disasters","layer_title":"Пожары, наводнения, катастрофы","group":"hardship","title":"Ähtäri derailment","category":"сход с рельсов","year_from":1942,"year_to":1942,"date_precision":"year","date_approx":false,"period_raw":"1942","url":"https://www.wikidata.org/wiki/Q11903217","source":"Викиданные","source_id":"Q11903217","license":"CC0 (Викиданные)","confidence":"place_level"}},{"type":"Feature","id":"disasters:ff3496ae3649","geometry":{"type":"Point","coordinates":[23.870556,54.944722]},"properties":{"uid":"disasters:ff3496ae3649","layer":"disasters","layer_title":"Пожары, наводнения, катастрофы","group":"hardship","title":"Каунасская резня","category":"бойня","year_from":1941,"year_to":1941,"date_precision":"year","date_approx":false,"period_raw":"1941","url":"https://ru.wikipedia.org/wiki/%D0%9A%D0%B0%D1%83%D0%BD%D0%B0%D1%81%D1%81%D0%BA%D0%B0%D1%8F_%D1%80%D0%B5%D0%B7%D0%BD%D1%8F","image_url":"http://commons.wikimedia.org/wiki/Special:FilePath/IX%20Fort%20%282008-09-20%2923.jpg","source":"Викиданные","source_id":"Q12029011","license":"CC0 (Викиданные)","confidence":"ok"}},{"type":"Feature","id":"disasters:96898ef338db","geometry":{"type":"Point","coordinates":[24.031592,49.841952]},"properties":{"uid":"disasters:96898ef338db","layer":"disasters","layer_title":"Пожары, наводнения, катастрофы","group":"hardship","title":"Расстрелы во Львове","category":"массовое убийство","year_from":1941,"year_to":1941,"date_precision":"year","date_approx":false,"period_raw":"1941","url":"https://ru.wikipedia.org/wiki/%D0%A0%D0%B0%D1%81%D1%81%D1%82%D1%80%D0%B5%D0%BB%D1%8B_%D0%B2%D0%BE_%D0%9B%D1%8C%D0%B2%D0%BE%D0%B2%D0%B5_(%D0%B8%D1%8E%D0%BD%D1%8C_1941)","image_url":"http://commons.wikimedia.org/wiki/Special:FilePath/01941%20Opfer%20des%20NKWD%20im%20Hof%20des%20Geheimpolizeigef%C3%A4ngnisses%20von%20Lemberg%20am%2006.07.1941.jpg","source":"Викиданные","source_id":"Q12089412","license":"CC0 (Викиданные)","confidence":"place_level"}},{"type":"Feature","id":"disasters:5c6dc92b7fdf","geometry":{"type":"Point","coordinates":[25.322778,50.736944]},"properties":{"uid":"disasters:5c6dc92b7fdf","layer":"disasters","layer_title":"Пожары, наводнения, катастрофы","group":"hardship","title":"Трагедия Луцкой тюрьмы (1941)","category":"бойня","year_from":1941,"year_to":1941,"date_precision":"year","date_approx":false,"period_raw":"1941","url":"https://ru.wikipedia.org/wiki/%D0%A2%D1%80%D0%B0%D0%B3%D0%B5%D0%B4%D0%B8%D1%8F_%D0%9B%D1%83%D1%86%D0%BA%D0%BE%D0%B9_%D1%82%D1%8E%D1%80%D1%8C%D0%BC%D1%8B_(1941)","source":"Викиданные","source_id":"Q12162157","license":"CC0 (Викиданные)","confidence":"ok"}},{"type":"Feature","id":"disasters:a175a83b8e24","geometry":{"type":"Point","coordinates":[26.722222,58.381944]},"properties":{"uid":"disasters:a175a83b8e24","layer":"disasters","layer_title":"Пожары, наводнения, катастрофы","group":"hardship","title":"Большой пожар Тарту (1775)","category":"городской пожар","year_from":1775,"year_to":1775,"date_precision":"year","date_approx":false,"period_raw":"1775","url":"https://ru.wikipedia.org/wiki/%D0%91%D0%BE%D0%BB%D1%8C%D1%88%D0%BE%D0%B9_%D0%BF%D0%BE%D0%B6%D0%B0%D1%80_%D0%A2%D0%B0%D1%80%D1%82%D1%83_(1775)","image_url":"http://commons.wikimedia.org/wiki/Special:FilePath/Tartu%201870%20map.jpg","source":"Викиданные","source_id":"Q12357673","license":"CC0 (Викиданные)","confidence":"ok"}},{"type":"Feature","id":"disasters:159cb603f422","geometry":{"type":"Point","coordinates":[20.899806,49.985361]},"properties":{"uid":"disasters:159cb603f422","layer":"disasters","layer_title":"Пожары, наводнения, катастрофы","group":"hardship","title":"Zbylitowska Góra massacre","category":"бойня","year_from":1939,"year_to":1944,"date_precision":"year","date_approx":false,"period_raw":"1939–1944","url":"https://www.wikidata.org/wiki/Q24946580","image_url":"http://commons.wikimedia.org/wiki/Special:FilePath/Las%20Buczyna%20w%20Zbylitowskiej%20G%C3%B3rze.jpg","source":"Викиданные","source_id":"Q24946580","license":"CC0 (Викиданные)","confidence":"ok"}},{"type":"Feature","id":"disasters:e9cf289412e8","geometry":{"type":"Point","coordinates":[22.824444,51.508611]},"properties":{"uid":"disasters:e9cf289412e8","layer":"disasters","layer_title":"Пожары, наводнения, катастрофы","group":"hardship","title":"Pacyfikacja wsi Jamy","category":"бойня","year_from":1944,"year_to":1944,"date_precision":"year","date_approx":false,"period_raw":"1944","url":"https://www.wikidata.org/wiki/Q24946993","source":"Викиданные","source_id":"Q24946993","license":"CC0 (Викиданные)","confidence":"ok"}},{"type":"Feature","id":"disasters:a54f44e40bca","geometry":{"type":"Point","coordinates":[20.026944,50.376667]},"properties":{"uid":"disasters:a54f44e40bca","layer":"disasters","layer_title":"Пожары, наводнения, катастрофы","group":"hardship","title":"Siedliska massacre","category":"убийство","year_from":1943,"year_to":1943,"date_precision":"year","date_approx":false,"period_raw":"1943","url":"https://www.wikidata.org/wiki/Q24947239","source":"Викиданные","source_id":"Q24947239","license":"CC0 (Викиданные)","confidence":"ok"}},{"type":"Feature","id":"disasters:8f5fdef6e3be","geometry":{"type":"Point","coordinates":[25.64,50.66]},"properties":{"uid":"disasters:8f5fdef6e3be","layer":"disasters","layer_title":"Пожары, наводнения, катастрофы","group":"hardship","title":"Малинская трагедия","category":"бойня","place_text":"Малин","region":"Малин","year_from":1943,"year_to":1943,"date_precision":"year","date_approx":false,"period_raw":"1943","url":"https://ru.wikipedia.org/wiki/%D0%9C%D0%B0%D0%BB%D0%B8%D0%BD%D1%81%D0%BA%D0%B0%D1%8F_%D1%82%D1%80%D0%B0%D0%B3%D0%B5%D0%B4%D0%B8%D1%8F","image_url":"http://commons.wikimedia.org/wiki/Special:FilePath/Novy%20Malin%2013072010.jpg","source":"Викиданные","source_id":"Q25409317","license":"CC0 (Викиданные)","confidence":"ok"}},{"type":"Feature","id":"disasters:f277a43b8095","geometry":{"type":"Point","coordinates":[31.38,51.73]},"properties":{"uid":"disasters:f277a43b8095","layer":"disasters","layer_title":"Пожары, наводнения, катастрофы","group":"hardship","title":"Выхвостовская трагедия","category":"массовые беспорядки","year_from":1905,"year_to":1905,"date_precision":"year","date_approx":false,"period_raw":"1905","url":"https://ru.wikipedia.org/wiki/%D0%92%D1%8B%D1%85%D0%B2%D0%BE%D1%81%D1%82%D0%BE%D0%B2%D1%81%D0%BA%D0%B0%D1%8F_%D1%82%D1%80%D0%B0%D0%B3%D0%B5%D0%B4%D0%B8%D1%8F","source":"Викиданные","source_id":"Q25432671","license":"CC0 (Викиданные)","confidence":"place_level"}},{"type":"Feature","id":"disasters:452f9140c575","geometry":{"type":"Point","coordinates":[35.323197,63.313861]},"properties":{"uid":"disasters:452f9140c575","layer":"disasters","layer_title":"Пожары, наводнения, катастрофы","group":"hardship","title":"Трагедия Петровского Яма","category":"бой","year_from":1942,"year_to":1942,"date_precision":"year","date_approx":false,"period_raw":"1942","url":"https://ru.wikipedia.org/wiki/%D0%A2%D1%80%D0%B0%D0%B3%D0%B5%D0%B4%D0%B8%D1%8F_%D0%9F%D0%B5%D1%82%D1%80%D0%BE%D0%B2%D1%81%D0%BA%D0%BE%D0%B3%D0%BE_%D0%AF%D0%BC%D0%B0","image_url":"http://commons.wikimedia.org/wiki/Special:FilePath/Finnish%20cross%20at%20Petrovo-Jam.jpg","source":"Викиданные","source_id":"Q25453848","license":"CC0 (Викиданные)","confidence":"place_level"}},{"type":"Feature","id":"disasters:fc242c7ada3d","geometry":{"type":"Point","coordinates":[29.67629,62.64676]},"properties":{"uid":"disasters:fc242c7ada3d","layer":"disasters","layer_title":"Пожары, наводнения, катастрофы","group":"hardship","title":"Onttolan tasoristeysturma 1944","category":"level crossing collision","place_text":"Йоэнсуу","region":"Йоэнсуу","year_from":1944,"year_to":1944,"date_precision":"year","date_approx":false,"period_raw":"1944","url":"https://www.wikidata.org/wiki/Q26723789","source":"Викиданные","source_id":"Q26723789","license":"CC0 (Викиданные)","confidence":"place_level"}},{"type":"Feature","id":"disasters:b0b8b1dfaa51","geometry":{"type":"Point","coordinates":[25.933333,54.416667]},"properties":{"uid":"disasters:b0b8b1dfaa51","layer":"disasters","layer_title":"Пожары, наводнения, катастрофы","group":"hardship","title":"Masakra w więzieniu w Oszmianie","category":"бойня","year_from":1941,"year_to":1941,"date_precision":"year","date_approx":false,"period_raw":"1941","url":"https://www.wikidata.org/wiki/Q27044446","source":"Викиданные","source_id":"Q27044446","license":"CC0 (Викиданные)","confidence":"ok"}},{"type":"Feature","id":"disasters:96d6b6a6e0a8","geometry":{"type":"Point","coordinates":[24.906111,49.802222]},"properties":{"uid":"disasters:96d6b6a6e0a8","layer":"disasters","layer_title":"Пожары, наводнения, катастрофы","group":"hardship","title":"NKVD prisoner massacre in Zolochiv","category":"военное преступление","year_from":1941,"year_to":1941,"date_precision":"year","date_approx":false,"period_raw":"1941","url":"https://www.wikidata.org/wiki/Q27817074","source":"Викиданные","source_id":"Q27817074","license":"CC0 (Викиданные)","confidence":"ok"}},{"type":"Feature","id":"disasters:0990876eeaba","geometry":{"type":"Point","coordinates":[24.943056,49.441111]},"properties":{"uid":"disasters:0990876eeaba","layer":"disasters","layer_title":"Пожары, наводнения, катастрофы","group":"hardship","title":"NKVD prisoner massacre in Berezhany","category":"бойня","year_from":1941,"year_to":1941,"date_precision":"year","date_approx":false,"period_raw":"1941","url":"https://www.wikidata.org/wiki/Q27817078","source":"Викиданные","source_id":"Q27817078","license":"CC0 (Викиданные)","confidence":"ok"}},{"type":"Feature","id":"disasters:d9e16ba8d48a","geometry":{"type":"Point","coordinates":[23.966667,50.066667]},"properties":{"uid":"disasters:d9e16ba8d48a","layer":"disasters","layer_title":"Пожары, наводнения, катастрофы","group":"hardship","title":"Винищення в'язнів у Жовкві","category":"бойня","year_from":1941,"year_to":1941,"date_precision":"year","date_approx":false,"period_raw":"1941","url":"https://www.wikidata.org/wiki/Q27817082","source":"Викиданные","source_id":"Q27817082","license":"CC0 (Викиданные)","confidence":"place_level"}},{"type":"Feature","id":"disasters:59a45707e929","geometry":{"type":"Point","coordinates":[25.7275,50.108056]},"properties":{"uid":"disasters:59a45707e929","layer":"disasters","layer_title":"Пожары, наводнения, катастрофы","group":"hardship","title":"Masakra w więzieniu w Krzemieńcu","category":"бойня","year_from":1941,"year_to":1941,"date_precision":"year","date_approx":false,"period_raw":"1941","url":"https://www.wikidata.org/wiki/Q27817112","source":"Викиданные","source_id":"Q27817112","license":"CC0 (Викиданные)","confidence":"ok"}},{"type":"Feature","id":"disasters:cb9de94f02b4","geometry":{"type":"Point","coordinates":[23.855833,49.651111]},"properties":{"uid":"disasters:cb9de94f02b4","layer":"disasters","layer_title":"Пожары, наводнения, катастрофы","group":"hardship","title":"Masakra w areszcie w Szczercu","category":"бойня","year_from":1941,"year_to":1941,"date_precision":"year","date_approx":false,"period_raw":"1941","url":"https://www.wikidata.org/wiki/Q27817148","source":"Викиданные","source_id":"Q27817148","license":"CC0 (Викиданные)","confidence":"place_level"}},{"type":"Feature","id":"disasters:d5ee853966d0","geometry":{"type":"Point","coordinates":[24.783333,50.5]},"properties":{"uid":"disasters:d5ee853966d0","layer":"disasters","layer_title":"Пожары, наводнения, катастрофы","group":"hardship","title":"Zagaje massacre","category":"бойня","year_from":1943,"year_to":1943,"date_precision":"year","date_approx":false,"period_raw":"1943","url":"https://www.wikidata.org/wiki/Q27972878","source":"Викиданные","source_id":"Q27972878","license":"CC0 (Викиданные)","confidence":"ok"}},{"type":"Feature","id":"disasters:852835ddff11","geometry":{"type":"Point","coordinates":[20.345556,50.4275]},"properties":{"uid":"disasters:852835ddff11","layer":"disasters","layer_title":"Пожары, наводнения, катастрофы","group":"hardship","title":"zamach na van Eupena","category":"аттентат","year_from":1944,"year_to":1944,"date_precision":"year","date_approx":false,"period_raw":"1944","url":"https://www.wikidata.org/wiki/Q28673225","image_url":"http://commons.wikimedia.org/wiki/Special:FilePath/Lipowka%202021.jpg","source":"Викиданные","source_id":"Q28673225","license":"CC0 (Викиданные)","confidence":"ok"}},{"type":"Feature","id":"disasters:3fbd7babc892","geometry":{"type":"Point","coordinates":[23.426667,49.288056]},"properties":{"uid":"disasters:3fbd7babc892","layer":"disasters","layer_title":"Пожары, наводнения, катастрофы","group":"hardship","title":"Masakra w areszcie w Borysławiu","category":"бойня","year_from":1941,"year_to":1941,"date_precision":"year","date_approx":false,"period_raw":"1941","url":"https://www.wikidata.org/wiki/Q28673278","source":"Викиданные","source_id":"Q28673278","license":"CC0 (Викиданные)","confidence":"place_level"}},{"type":"Feature","id":"disasters:2cf9b70c0f63","geometry":{"type":"Point","coordinates":[25.754167,50.416667]},"properties":{"uid":"disasters:2cf9b70c0f63","layer":"disasters","layer_title":"Пожары, наводнения, катастрофы","group":"hardship","title":"NKVD prisoner massacre in Dubno","category":"бойня","year_from":1941,"year_to":1941,"date_precision":"year","date_approx":false,"period_raw":"1941","url":"https://www.wikidata.org/wiki/Q28673276","source":"Викиданные","source_id":"Q28673276","license":"CC0 (Викиданные)","confidence":"ok"}},{"type":"Feature","id":"disasters:f732a131b60e","geometry":{"type":"Point","coordinates":[23.196667,49.518333]},"properties":{"uid":"disasters:f732a131b60e","layer":"disasters","layer_title":"Пожары, наводнения, катастрофы","group":"hardship","title":"NKVD prisoner massacre in Sambir","category":"бойня","year_from":1941,"year_to":1941,"date_precision":"year","date_approx":false,"period_raw":"1941","url":"https://www.wikidata.org/wiki/Q28673277","source":"Викиданные","source_id":"Q28673277","license":"CC0 (Викиданные)","confidence":"ok"}},{"type":"Feature","id":"disasters:1b036c1b0d42","geometry":{"type":"Point","coordinates":[24.613611,49.966111]},"properties":{"uid":"disasters:1b036c1b0d42","layer":"disasters","layer_title":"Пожары, наводнения, катастрофы","group":"hardship","title":"Винищення в'язнів у Буську","category":"бойня","year_from":1941,"year_to":1941,"date_precision":"year","date_approx":false,"period_raw":"1941","url":"https://www.wikidata.org/wiki/Q28673282","source":"Викиданные","source_id":"Q28673282","license":"CC0 (Викиданные)","confidence":"ok"}},{"type":"Feature","id":"disasters:6e502ef75825","geometry":{"type":"Point","coordinates":[22.9775,53.843611]},"properties":{"uid":"disasters:6e502ef75825","layer":"disasters","layer_title":"Пожары, наводнения, катастрофы","group":"hardship","title":"Masakra w areszcie w Augustowie","category":"бойня","year_from":1941,"year_to":1941,"date_precision":"year","date_approx":false,"period_raw":"1941","url":"https://www.wikidata.org/wiki/Q28673466","source":"Викиданные","source_id":"Q28673466","license":"CC0 (Викиданные)","confidence":"ok"}},{"type":"Feature","id":"disasters:51aed039e6a8","geometry":{"type":"Point","coordinates":[23.37345,49.786764]},"properties":{"uid":"disasters:51aed039e6a8","layer":"disasters","layer_title":"Пожары, наводнения, катастрофы","group":"hardship","title":"Винищення в'язнів у Судовій Вишні","category":"бойня","year_from":1941,"year_to":1941,"date_precision":"year","date_approx":false,"period_raw":"1941","url":"https://www.wikidata.org/wiki/Q28673717","source":"Викиданные","source_id":"Q28673717","license":"CC0 (Викиданные)","confidence":"ok"}},{"type":"Feature","id":"disasters:0d15ac7f541b","geometry":{"type":"Point","coordinates":[19.133333,50.283333]},"properties":{"uid":"disasters:0d15ac7f541b","layer":"disasters","layer_title":"Пожары, наводнения, катастрофы","group":"hardship","title":"Katastrofa w kopalni Ludmiła w Sosnowcu","category":"авария на шахте","place_text":"Сосновец","region":"Сосновец","year_from":1881,"year_to":1881,"date_precision":"year","date_approx":false,"period_raw":"1881","url":"https://www.wikidata.org/wiki/Q28674129","source":"Викиданные","source_id":"Q28674129","license":"CC0 (Викиданные)","confidence":"ok"}},{"type":"Feature","id":"disasters:26799d940d8e","geometry":{"type":"Point","coordinates":[24.75,59.4375]},"properties":{"uid":"disasters:26799d940d8e","layer":"disasters","layer_title":"Пожары, наводнения, катастрофы","group":"hardship","title":"massacre of Uus Street","category":"бойня","year_from":1941,"year_to":1941,"date_precision":"year","date_approx":false,"period_raw":"1941","url":"https://www.wikidata.org/wiki/Q28853700","source":"Викиданные","source_id":"Q28853700","license":"CC0 (Викиданные)","confidence":"ok"}},{"type":"Feature","id":"disasters:0551538f5e28","geometry":{"type":"Point","coordinates":[29.7,60.2]},"properties":{"uid":"disasters:0551538f5e28","layer":"disasters","layer_title":"Пожары, наводнения, катастрофы","group":"hardship","title":"Убийство Герценштейна","category":"политическое убийство","year_from":1906,"year_to":1906,"date_precision":"year","date_approx":false,"period_raw":"1906","url":"https://ru.wikipedia.org/wiki/%D0%A3%D0%B1%D0%B8%D0%B9%D1%81%D1%82%D0%B2%D0%BE_%D0%9C%D0%B8%D1%85%D0%B0%D0%B8%D0%BB%D0%B0_%D0%93%D0%B5%D1%80%D1%86%D0%B5%D0%BD%D1%88%D1%82%D0%B5%D0%B9%D0%BD%D0%B0","source":"Викиданные","source_id":"Q30879064","license":"CC0 (Викиданные)","confidence":"place_level"}},{"type":"Feature","id":"disasters:ee3db97e54a4","geometry":{"type":"Point","coordinates":[25.28,54.687222]},"properties":{"uid":"disasters:ee3db97e54a4","layer":"disasters","layer_title":"Пожары, наводнения, катастрофы","group":"hardship","title":"masakra w Wilnie w 1861 roku","category":"репрессии","year_from":1861,"year_to":1861,"date_precision":"year","date_approx":false,"period_raw":"1861","url":"https://www.wikidata.org/wiki/Q30906279","source":"Викиданные","source_id":"Q30906279","license":"CC0 (Викиданные)","confidence":"place_level"}},{"type":"Feature","id":"disasters:06c7887d703e","geometry":{"type":"Point","coordinates":[23.4675,50.376944]},"properties":{"uid":"disasters:06c7887d703e","layer":"disasters","layer_title":"Пожары, наводнения, катастрофы","group":"hardship","title":"Szalenik-Kolonia massacre","category":"бойня","year_from":1944,"year_to":1944,"date_precision":"year","date_approx":false,"period_raw":"1944","url":"https://www.wikidata.org/wiki/Q30909500","image_url":"http://commons.wikimedia.org/wiki/Special:FilePath/Pow.mosciska%20przemysl%20przeworsk%20rawa%20ruska.jpg","source":"Викиданные","source_id":"Q30909500","license":"CC0 (Викиданные)","confidence":"ok"}},{"type":"Feature","id":"disasters:983659066dcb","geometry":{"type":"Point","coordinates":[25.84,55.9232]},"properties":{"uid":"disasters:983659066dcb","layer":"disasters","layer_title":"Пожары, наводнения, катастрофы","group":"hardship","title":"Antanašės žudynės","category":"бойня","place_text":"Рокишкское районное самоуправление","region":"Рокишкское районное самоуправление","year_from":1941,"year_to":1941,"date_precision":"year","date_approx":false,"period_raw":"1941","url":"https://www.wikidata.org/wiki/Q31198376","source":"Викиданные","source_id":"Q31198376","license":"CC0 (Викиданные)","confidence":"ok"}},{"type":"Feature","id":"disasters:9794a32f12d5","geometry":{"type":"Point","coordinates":[21.027778,52.213333]},"properties":{"uid":"disasters:9794a32f12d5","layer":"disasters","layer_title":"Пожары, наводнения, катастрофы","group":"hardship","title":"atak na Belweder","category":"попытка убийства","year_from":1830,"year_to":1830,"date_precision":"year","date_approx":false,"period_raw":"1830","url":"https://www.wikidata.org/wiki/Q47068591","image_url":"http://commons.wikimedia.org/wiki/Special:FilePath/MWP%201830%20Belweder.jpg","source":"Викиданные","source_id":"Q47068591","license":"CC0 (Викиданные)","confidence":"ok"}},{"type":"Feature","id":"disasters:aa19f075c8a2","geometry":{"type":"Point","coordinates":[25.324444,50.747778]},"properties":{"uid":"disasters:aa19f075c8a2","layer":"disasters","layer_title":"Пожары, наводнения, катастрофы","group":"hardship","title":"massacre de Gurka Połonka","category":"бойня","year_from":1942,"year_to":1942,"date_precision":"year","date_approx":false,"period_raw":"1942","url":"https://www.wikidata.org/wiki/Q48808816","source":"Викиданные","source_id":"Q48808816","license":"CC0 (Викиданные)","confidence":"place_level"}},{"type":"Feature","id":"disasters:9b13b21c7af8","geometry":{"type":"Point","coordinates":[23.451111,50.570278]},"properties":{"uid":"disasters:9b13b21c7af8","layer":"disasters","layer_title":"Пожары, наводнения, катастрофы","group":"hardship","title":"Dzierążnia massacre","category":"бойня","year_from":1943,"year_to":1943,"date_precision":"year","date_approx":false,"period_raw":"1943","url":"https://www.wikidata.org/wiki/Q48862367","source":"Викиданные","source_id":"Q48862367","license":"CC0 (Викиданные)","confidence":"ok"}},{"type":"Feature","id":"disasters:51097d28a6a2","geometry":{"type":"Point","coordinates":[23.410278,50.568056]},"properties":{"uid":"disasters:51097d28a6a2","layer":"disasters","layer_title":"Пожары, наводнения, катастрофы","group":"hardship","title":"Pacyfikacja wsi Budy i Huta Dzierążyńska","category":"бойня","year_from":1943,"year_to":1943,"date_precision":"year","date_approx":false,"period_raw":"1943","url":"https://www.wikidata.org/wiki/Q48862370","image_url":"http://commons.wikimedia.org/wiki/Special:FilePath/Pomnik%20ofiar%20masakry%20wsi%20Huta%20Dzier%C4%85%C5%BCy%C5%84ska%20i%20Budy%2029%20stycznia%201943%20i%20poleg%C5%82ych%20%C5%BCo%C5%82nierzy%20polskich%20w%20bitwie%20pod%20Tomaszowem%20Lub.%201939.jpg","source":"Викиданные","source_id":"Q48862370","license":"CC0 (Викиданные)","confidence":"ok"}},{"type":"Feature","id":"disasters:bce5358d917f","geometry":{"type":"Point","coordinates":[21.722777,63.073413]},"properties":{"uid":"disasters:bce5358d917f","layer":"disasters","layer_title":"Пожары, наводнения, катастрофы","group":"hardship","title":"Great Fire of Vaasa","category":"городской пожар","year_from":1852,"year_to":1852,"date_precision":"year","date_approx":false,"period_raw":"1852","url":"https://www.wikidata.org/wiki/Q49103383","image_url":"http://commons.wikimedia.org/wiki/Special:FilePath/Ruins%20of%20St.%20Maria%20Church%20in%20Vaasa.JPG","source":"Викиданные","source_id":"Q49103383","license":"CC0 (Викиданные)","confidence":"ok"}},{"type":"Feature","id":"disasters:bd6167c76aca","geometry":{"type":"Point","coordinates":[22.673611,52.841944]},"properties":{"uid":"disasters:bd6167c76aca","layer":"disasters","layer_title":"Пожары, наводнения, катастрофы","group":"hardship","title":"Skłody Borowe massacre","category":"бойня","year_from":1944,"year_to":1944,"date_precision":"year","date_approx":false,"period_raw":"1944","url":"https://www.wikidata.org/wiki/Q96401093","source":"Викиданные","source_id":"Q96401093","license":"CC0 (Викиданные)","confidence":"ok"}},{"type":"Feature","id":"disasters:1b9c9aae6acc","geometry":{"type":"Point","coordinates":[30.316667,59.95]},"properties":{"uid":"disasters:1b9c9aae6acc","layer":"disasters","layer_title":"Пожары, наводнения, катастрофы","group":"hardship","title":"Убийство Сарры Беккер","category":"убийство","year_from":1883,"year_to":1883,"date_precision":"year","date_approx":false,"period_raw":"1883","url":"https://ru.wikipedia.org/wiki/%D0%A3%D0%B1%D0%B8%D0%B9%D1%81%D1%82%D0%B2%D0%BE_%D0%A1%D0%B0%D1%80%D1%80%D1%8B_%D0%91%D0%B5%D0%BA%D0%BA%D0%B5%D1%80","source":"Викиданные","source_id":"Q97007237","license":"CC0 (Викиданные)","confidence":"place_level"}},{"type":"Feature","id":"disasters:f7531b435b52","geometry":{"type":"Point","coordinates":[18.593072,52.994078]},"properties":{"uid":"disasters:f7531b435b52","layer":"disasters","layer_title":"Пожары, наводнения, катастрофы","group":"hardship","title":"eksplozja wagonów kolejowych na Podgórzu","category":"крушение поезда","year_from":1945,"year_to":1945,"date_precision":"year","date_approx":false,"period_raw":"1945","url":"https://www.wikidata.org/wiki/Q97162951","source":"Викиданные","source_id":"Q97162951","license":"CC0 (Викиданные)","confidence":"ok"}},{"type":"Feature","id":"disasters:5cb405e5c816","geometry":{"type":"Point","coordinates":[22.968056,59.823611]},"properties":{"uid":"disasters:5cb405e5c816","layer":"disasters","layer_title":"Пожары, наводнения, катастрофы","group":"hardship","title":"Hanko massacre","category":"бойня","year_from":1855,"year_to":1855,"date_precision":"year","date_approx":false,"period_raw":"1855","url":"https://www.wikidata.org/wiki/Q99279834","source":"Викиданные","source_id":"Q99279834","license":"CC0 (Викиданные)","confidence":"place_level"}},{"type":"Feature","id":"disasters:bff638504c03","geometry":{"type":"Point","coordinates":[23.057985,60.398339]},"properties":{"uid":"disasters:bff638504c03","layer":"disasters","layer_title":"Пожары, наводнения, катастрофы","group":"hardship","title":"Halikko train accident","category":"крушение поезда","year_from":1941,"year_to":1941,"date_precision":"year","date_approx":false,"period_raw":"1941","url":"https://www.wikidata.org/wiki/Q99431133","source":"Викиданные","source_id":"Q99431133","license":"CC0 (Викиданные)","confidence":"place_level"}},{"type":"Feature","id":"disasters:754df6907068","geometry":{"type":"Point","coordinates":[49.898611,40.397778]},"properties":{"uid":"disasters:754df6907068","layer":"disasters","layer_title":"Пожары, наводнения, катастрофы","group":"hardship","title":"Keshla railway accident","category":"крушение поезда","place_text":"Наримановский район","region":"Наримановский район","year_from":1930,"year_to":1930,"date_precision":"year","date_approx":false,"period_raw":"1930","url":"https://www.wikidata.org/wiki/Q99520976","source":"Викиданные","source_id":"Q99520976","license":"CC0 (Викиданные)","confidence":"place_level"}},{"type":"Feature","id":"disasters:8bdac1cd06a6","geometry":{"type":"Point","coordinates":[24.466667,60.994444]},"properties":{"uid":"disasters:8bdac1cd06a6","layer":"disasters","layer_title":"Пожары, наводнения, катастрофы","group":"hardship","title":"Hämeenlinnan palo","category":"пожар","year_from":1831,"year_to":1831,"date_precision":"year","date_approx":false,"period_raw":"1831","url":"https://www.wikidata.org/wiki/Q106092405","source":"Викиданные","source_id":"Q106092405","license":"CC0 (Викиданные)","confidence":"place_level"}},{"type":"Feature","id":"disasters:a241ec978696","geometry":{"type":"Point","coordinates":[30.316667,59.95]},"properties":{"uid":"disasters:a241ec978696","layer":"disasters","layer_title":"Пожары, наводнения, катастрофы","group":"hardship","title":"Наводнение в Ленинграде (1924)","category":"наводнение","year_from":1924,"year_to":1924,"date_precision":"year","date_approx":false,"period_raw":"1924","url":"https://ru.wikipedia.org/wiki/%D0%9D%D0%B0%D0%B2%D0%BE%D0%B4%D0%BD%D0%B5%D0%BD%D0%B8%D0%B5_%D0%B2_%D0%9B%D0%B5%D0%BD%D0%B8%D0%BD%D0%B3%D1%80%D0%B0%D0%B4%D0%B5_(1924)","source":"Викиданные","source_id":"Q106510596","license":"CC0 (Викиданные)","confidence":"place_level"}},{"type":"Feature","id":"disasters:dbcc85436136","geometry":{"type":"Point","coordinates":[30.44889,50.47139]},"properties":{"uid":"disasters:dbcc85436136","layer":"disasters","layer_title":"Пожары, наводнения, катастрофы","group":"hardship","title":"Babi Yar massacre","category":"военное преступление","year_from":1941,"year_to":1941,"date_precision":"year","date_approx":false,"period_raw":"1941","url":"https://www.wikidata.org/wiki/Q106880623","image_url":"http://commons.wikimedia.org/wiki/Special:FilePath/%D0%AD%D1%81%D1%8D%D1%81%D0%BE%D0%B2%D0%B5%D1%86%20%D1%80%D0%BE%D0%B5%D1%82%D1%81%D1%8F%20%D0%B2%20%D0%B2%D0%B5%D1%89%D0%B0%D1%85%20%D1%80%D0%B0%D1%81%D1%81%D1%82%D1%80%D0%B5%D0%BB%D1%8F%D0%BD%D0%BD%D1%8B%D1%85%20%D0%B2%20%D1%83%D1%80%D0%BE%D1%87%D0%B8%D1%89%D0%B5%20%D0%91%D0%B0%D0%B1%D0%B8%D0%B9%20%D0%AF%D1%80%20%D0%B2%20%D0%BE%D0%BA%D0%BA%D1%83%D0%BF%D0%B8%D1%80%D0%BE%D0%B2%D0%B0%D0%BD%D0%BD%D0%BE%D0%BC%20%D0%9A%D0%B8%D0%B5%D0%B2%D0%B5.jpg","source":"Викиданные","source_id":"Q106880623","license":"CC0 (Викиданные)","confidence":"ok"}},{"type":"Feature","id":"disasters:bace1360e598","geometry":{"type":"Point","coordinates":[21.008333,52.232222]},"properties":{"uid":"disasters:bace1360e598","layer":"disasters","layer_title":"Пожары, наводнения, катастрофы","group":"hardship","title":"Likwidacja Hugo Dietza","category":"попытка убийства","year_from":1943,"year_to":1943,"date_precision":"year","date_approx":false,"period_raw":"1943","url":"https://www.wikidata.org/wiki/Q52186394","source":"Викиданные","source_id":"Q52186394","license":"CC0 (Викиданные)","confidence":"ok"}},{"type":"Feature","id":"disasters:c02e3b31aac9","geometry":{"type":"Point","coordinates":[30.19887,55.19342]},"properties":{"uid":"disasters:c02e3b31aac9","layer":"disasters","layer_title":"Пожары, наводнения, катастрофы","group":"hardship","title":"Крушение парохода «Надежда»","category":"кораблекрушение","place_text":"Витебск","region":"Витебск","year_from":1919,"year_to":1919,"date_precision":"year","date_approx":false,"period_raw":"1919","url":"https://ru.wikipedia.org/wiki/%D0%9A%D1%80%D1%83%D1%88%D0%B5%D0%BD%D0%B8%D0%B5_%D0%BF%D0%B0%D1%80%D0%BE%D1%85%D0%BE%D0%B4%D0%B0_%C2%AB%D0%9D%D0%B0%D0%B4%D0%B5%D0%B6%D0%B4%D0%B0%C2%BB","image_url":"http://commons.wikimedia.org/wiki/Special:FilePath/%D0%9F%D0%B0%D1%80%D0%B0%D1%85%D0%BE%D0%B4%20%C2%AB%D0%9D%D0%B0%D0%B4%D0%B7%D0%B5%D1%8F%C2%BB%20%D0%BF%D0%B0%D1%81%D0%BB%D1%8F%20%D0%BA%D1%80%D1%83%D1%88%D1%8D%D0%BD%D0%BD%D1%8F.jpg","source":"Викиданные","source_id":"Q55191022","license":"CC0 (Викиданные)","confidence":"ok"}},{"type":"Feature","id":"disasters:4b5f2292bba6","geometry":{"type":"Point","coordinates":[22.681389,52.852222]},"properties":{"uid":"disasters:4b5f2292bba6","layer":"disasters","layer_title":"Пожары, наводнения, катастрофы","group":"hardship","title":"Krasowo-Częstki massacre","category":"бойня","year_from":1943,"year_to":1943,"date_precision":"year","date_approx":false,"period_raw":"1943","url":"https://www.wikidata.org/wiki/Q55528148","image_url":"http://commons.wikimedia.org/wiki/Special:FilePath/Krasowo-Cz%C4%99stki%20-%2073%20Rocznica%20Mordu%20Mieszka%C5%84c%C3%B3w%20wsi.jpg","source":"Викиданные","source_id":"Q55528148","license":"CC0 (Викиданные)","confidence":"ok"}},{"type":"Feature","id":"disasters:220de8c741f2","geometry":{"type":"Point","coordinates":[30.73262,46.47747]},"properties":{"uid":"disasters:220de8c741f2","layer":"disasters","layer_title":"Пожары, наводнения, катастрофы","group":"hardship","title":"Одесский погром (1905)","category":"еврейский погром","year_from":1905,"year_to":1905,"date_precision":"year","date_approx":false,"period_raw":"1905","url":"https://ru.wikipedia.org/wiki/%D0%9E%D0%B4%D0%B5%D1%81%D1%81%D0%BA%D0%B8%D0%B9_%D0%BF%D0%BE%D0%B3%D1%80%D0%BE%D0%BC_(1905)","source":"Викиданные","source_id":"Q55654401","license":"CC0 (Викиданные)","confidence":"place_level"}},{"type":"Feature","id":"disasters:8ff3ac20bdad","geometry":{"type":"Point","coordinates":[22.849722,50.370278]},"properties":{"uid":"disasters:8ff3ac20bdad","layer":"disasters","layer_title":"Пожары, наводнения, катастрофы","group":"hardship","title":"Szarajówka massacre","category":"массовое убийство","year_from":1943,"year_to":1943,"date_precision":"year","date_approx":false,"period_raw":"1943","url":"https://www.wikidata.org/wiki/Q56328869","image_url":"http://commons.wikimedia.org/wiki/Special:FilePath/Szaraj%C3%B3wka%20massacre%20%28aftermath%29%2002.jpg","source":"Викиданные","source_id":"Q56328869","license":"CC0 (Викиданные)","confidence":"ok"}},{"type":"Feature","id":"disasters:1781deea5f10","geometry":{"type":"Point","coordinates":[22.95,50.5833]},"properties":{"uid":"disasters:1781deea5f10","layer":"disasters","layer_title":"Пожары, наводнения, катастрофы","group":"hardship","title":"Sochy massacre","category":"бойня","year_from":1943,"year_to":1943,"date_precision":"year","date_approx":false,"period_raw":"1943","url":"https://www.wikidata.org/wiki/Q56328993","image_url":"http://commons.wikimedia.org/wiki/Special:FilePath/Sochy%20massacre%20%28aftermath%29%2003.jpg","source":"Викиданные","source_id":"Q56328993","license":"CC0 (Викиданные)","confidence":"place_level"}},{"type":"Feature","id":"disasters:6406652ec6df","geometry":{"type":"Point","coordinates":[21.3125,52.248056]},"properties":{"uid":"disasters:6406652ec6df","layer":"disasters","layer_title":"Пожары, наводнения, катастрофы","group":"hardship","title":"Cechówka massacre","category":"массовое убийство","year_from":1939,"year_to":1939,"date_precision":"year","date_approx":false,"period_raw":"1939","url":"https://www.wikidata.org/wiki/Q56329615","source":"Викиданные","source_id":"Q56329615","license":"CC0 (Викиданные)","confidence":"ok"}},{"type":"Feature","id":"disasters:4b022ee85de8","geometry":{"type":"Point","coordinates":[24.583889,60.955833]},"properties":{"uid":"disasters:4b022ee85de8","layer":"disasters","layer_title":"Пожары, наводнения, катастрофы","group":"hardship","title":"Harvialan pamaus","category":"авария","year_from":1941,"year_to":1941,"date_precision":"year","date_approx":false,"period_raw":"1941","url":"https://www.wikidata.org/wiki/Q56401395","source":"Викиданные","source_id":"Q56401395","license":"CC0 (Викиданные)","confidence":"place_level"}},{"type":"Feature","id":"disasters:fc20253732e7","geometry":{"type":"Point","coordinates":[22.705878,63.677681]},"properties":{"uid":"disasters:fc20253732e7","layer":"disasters","layer_title":"Пожары, наводнения, катастрофы","group":"hardship","title":"Pietarsaaren teloitukset","category":"убийство","place_text":"Пиетарсаари","region":"Пиетарсаари","year_from":1918,"year_to":1918,"date_precision":"year","date_approx":false,"period_raw":"1918","url":"https://www.wikidata.org/wiki/Q56401550","source":"Викиданные","source_id":"Q56401550","license":"CC0 (Викиданные)","confidence":"ok"}},{"type":"Feature","id":"disasters:a221aa51cc21","geometry":{"type":"Point","coordinates":[25.268769,57.3138]},"properties":{"uid":"disasters:a221aa51cc21","layer":"disasters","layer_title":"Пожары, наводнения, катастрофы","group":"hardship","title":"Siege of Cēsis Castle","category":"массовое самоубийство","year_from":1577,"year_to":1577,"date_precision":"year","date_approx":false,"period_raw":"1577","url":"https://www.wikidata.org/wiki/Q60761175","source":"Викиданные","source_id":"Q60761175","license":"CC0 (Викиданные)","confidence":"ok"}},{"type":"Feature","id":"disasters:42cd308d10ae","geometry":{"type":"Point","coordinates":[24.0,50.366667]},"properties":{"uid":"disasters:42cd308d10ae","layer":"disasters","layer_title":"Пожары, наводнения, катастрофы","group":"hardship","title":"Belz massacre","category":"бойня","year_from":1944,"year_to":1944,"date_precision":"year","date_approx":false,"period_raw":"1944","url":"https://www.wikidata.org/wiki/Q60863142","source":"Викиданные","source_id":"Q60863142","license":"CC0 (Викиданные)","confidence":"ok"}},{"type":"Feature","id":"disasters:3f592185a093","geometry":{"type":"Point","coordinates":[24.218889,54.9]},"properties":{"uid":"disasters:3f592185a093","layer":"disasters","layer_title":"Пожары, наводнения, катастрофы","group":"hardship","title":"1941 m. birželio 26 d. Pravieniškių žudynės","category":"бойня","year_from":1941,"year_to":1941,"date_precision":"year","date_approx":false,"period_raw":"1941","url":"https://www.wikidata.org/wiki/Q61381819","source":"Викиданные","source_id":"Q61381819","license":"CC0 (Викиданные)","confidence":"place_level"}},{"type":"Feature","id":"disasters:1ac5cca1ecf9","geometry":{"type":"Point","coordinates":[21.917141,61.496602]},"properties":{"uid":"disasters:1ac5cca1ecf9","layer":"disasters","layer_title":"Пожары, наводнения, катастрофы","group":"hardship","title":"1920 fire of Harjunpää","category":"пожар","place_text":"Улвила","region":"Улвила","year_from":1920,"year_to":1920,"date_precision":"year","date_approx":false,"period_raw":"1920","url":"https://www.wikidata.org/wiki/Q61937918","image_url":"http://commons.wikimedia.org/wiki/Special:FilePath/Harjunp%C3%A4%C3%A4%201920.jpg","source":"Викиданные","source_id":"Q61937918","license":"CC0 (Викиданные)","confidence":"ok"}},{"type":"Feature","id":"disasters:847732e5e775","geometry":{"type":"Point","coordinates":[21.85,55.916667]},"properties":{"uid":"disasters:847732e5e775","layer":"disasters","layer_title":"Пожары, наводнения, катастрофы","group":"hardship","title":"Plungė massacre","category":"бойня","year_from":1941,"year_to":1941,"date_precision":"year","date_approx":false,"period_raw":"1941","url":"https://www.wikidata.org/wiki/Q64876010","source":"Викиданные","source_id":"Q64876010","license":"CC0 (Викиданные)","confidence":"ok"}},{"type":"Feature","id":"disasters:cbf97bfbafe9","geometry":{"type":"Point","coordinates":[69.631944,40.279444]},"properties":{"uid":"disasters:cbf97bfbafe9","layer":"disasters","layer_title":"Пожары, наводнения, катастрофы","group":"hardship","title":"Massaker von Chudschand","category":"бойня","year_from":1918,"year_to":1918,"date_precision":"year","date_approx":false,"period_raw":"1918","url":"https://www.wikidata.org/wiki/Q65240945","source":"Викиданные","source_id":"Q65240945","license":"CC0 (Викиданные)","confidence":"place_level"}},{"type":"Feature","id":"disasters:7e8eba343eb1","geometry":{"type":"Point","coordinates":[19.884139,50.004472]},"properties":{"uid":"disasters:7e8eba343eb1","layer":"disasters","layer_title":"Пожары, наводнения, катастрофы","group":"hardship","title":"Massacre of patients at the Kobierzyn psychiatric hospital","category":"массовое убийство","year_from":1942,"year_to":1942,"date_precision":"year","date_approx":false,"period_raw":"1942","url":"https://www.wikidata.org/wiki/Q68458380","source":"Викиданные","source_id":"Q68458380","license":"CC0 (Викиданные)","confidence":"ok"}},{"type":"Feature","id":"disasters:ccc63d4a9443","geometry":{"type":"Point","coordinates":[24.891944,51.073611]},"properties":{"uid":"disasters:ccc63d4a9443","layer":"disasters","layer_title":"Пожары, наводнения, катастрофы","group":"hardship","title":"Honchy Brid massacre","category":"бойня","year_from":1944,"year_to":1944,"date_precision":"year","date_approx":false,"period_raw":"1944","url":"https://www.wikidata.org/wiki/Q74020478","source":"Викиданные","source_id":"Q74020478","license":"CC0 (Викиданные)","confidence":"place_level"}},{"type":"Feature","id":"disasters:b8fa0bc179bf","geometry":{"type":"Point","coordinates":[19.023611,50.264167]},"properties":{"uid":"disasters:b8fa0bc179bf","layer":"disasters","layer_title":"Пожары, наводнения, катастрофы","group":"hardship","title":"Katowice massacre","category":"бойня","place_text":"Катовице","region":"Катовице","year_from":1939,"year_to":1939,"date_precision":"year","date_approx":false,"period_raw":"1939","url":"https://www.wikidata.org/wiki/Q75188988","source":"Викиданные","source_id":"Q75188988","license":"CC0 (Викиданные)","confidence":"ok"}},{"type":"Feature","id":"disasters:1cdb99d9545e","geometry":{"type":"Point","coordinates":[43.372,39.28]},"properties":{"uid":"disasters:1cdb99d9545e","layer":"disasters","layer_title":"Пожары, наводнения, катастрофы","group":"hardship","title":"632 Armenia earthquake","category":"землетрясение","date_precision":"unknown","date_approx":false,"url":"https://www.wikidata.org/wiki/Q85738538","source":"Викиданные","source_id":"Q85738538","license":"CC0 (Викиданные)","confidence":"ok"}},{"type":"Feature","id":"disasters:a506dad40583","geometry":{"type":"Point","coordinates":[22.636111,52.916944]},"properties":{"uid":"disasters:a506dad40583","layer":"disasters","layer_title":"Пожары, наводнения, катастрофы","group":"hardship","title":"Jabłoń-Dobki massacre","category":"бойня","year_from":1944,"year_to":1944,"date_precision":"year","date_approx":false,"period_raw":"1944","url":"https://www.wikidata.org/wiki/Q86662890","image_url":"http://commons.wikimedia.org/wiki/Special:FilePath/Mogi%C5%82a%20Miejsce%20Pami%C4%99ci%20Jab%C5%82o%C5%84%20Dobki.JPG","source":"Викиданные","source_id":"Q86662890","license":"CC0 (Викиданные)","confidence":"ok"}},{"type":"Feature","id":"disasters:4f062a441175","geometry":{"type":"Point","coordinates":[25.6,55.5]},"properties":{"uid":"disasters:4f062a441175","layer":"disasters","layer_title":"Пожары, наводнения, катастрофы","group":"hardship","title":"Utena Massacre","category":"военное преступление","year_from":1941,"year_to":1941,"date_precision":"year","date_approx":false,"period_raw":"1941","url":"https://www.wikidata.org/wiki/Q106882243","source":"Викиданные","source_id":"Q106882243","license":"CC0 (Викиданные)","confidence":"place_level"}},{"type":"Feature","id":"disasters:348f3fe4ec84","geometry":{"type":"Point","coordinates":[162.91,57.35]},"properties":{"uid":"disasters:348f3fe4ec84","layer":"disasters","layer_title":"Пожары, наводнения, катастрофы","group":"hardship","title":"Землетрясение на Камчатке (апрель 1923)","category":"Землетрясения на Камчатке","year_from":1923,"year_to":1923,"date_precision":"year","date_approx":false,"period_raw":"1923","url":"https://ru.wikipedia.org/wiki/%D0%97%D0%B5%D0%BC%D0%BB%D0%B5%D1%82%D1%80%D1%8F%D1%81%D0%B5%D0%BD%D0%B8%D0%B5_%D0%BD%D0%B0_%D0%9A%D0%B0%D0%BC%D1%87%D0%B0%D1%82%D0%BA%D0%B5_(%D0%B0%D0%BF%D1%80%D0%B5%D0%BB%D1%8C_1923)","source":"Викиданные","source_id":"Q107124413","license":"CC0 (Викиданные)","confidence":"ok"}},{"type":"Feature","id":"disasters:7d6ebf802926","geometry":{"type":"Point","coordinates":[159.5,52.5]},"properties":{"uid":"disasters:7d6ebf802926","layer":"disasters","layer_title":"Пожары, наводнения, катастрофы","group":"hardship","title":"1737 Kamchatka earthquake","category":"Землетрясения на Камчатке","year_from":1737,"year_to":1737,"date_precision":"year","date_approx":false,"period_raw":"1737","url":"https://www.wikidata.org/wiki/Q107461106","source":"Викиданные","source_id":"Q107461106","license":"CC0 (Викиданные)","confidence":"ok"}},{"type":"Feature","id":"disasters:eaf1d5cdf9e8","geometry":{"type":"Point","coordinates":[41.4944,57.9998]},"properties":{"uid":"disasters:eaf1d5cdf9e8","layer":"disasters","layer_title":"Пожары, наводнения, катастрофы","group":"hardship","title":"Grachev murder case","category":"массовое убийство","place_text":"РСФСР","region":"РСФСР","year_from":1925,"year_to":1925,"date_precision":"year","date_approx":false,"period_raw":"1925","url":"https://www.wikidata.org/wiki/Q107472701","source":"Викиданные","source_id":"Q107472701","license":"CC0 (Викиданные)","confidence":"ok"}},{"type":"Feature","id":"disasters:3e0c45cc8adb","geometry":{"type":"Point","coordinates":[30.983333,52.441667]},"properties":{"uid":"disasters:3e0c45cc8adb","layer":"disasters","layer_title":"Пожары, наводнения, катастрофы","group":"hardship","title":"Еврейский погром в Гомеле","category":"погром","year_from":1903,"year_to":1903,"date_precision":"year","date_approx":false,"period_raw":"1903","url":"https://ru.wikipedia.org/wiki/%D0%95%D0%B2%D1%80%D0%B5%D0%B9%D1%81%D0%BA%D0%B8%D0%B9_%D0%BF%D0%BE%D0%B3%D1%80%D0%BE%D0%BC_%D0%B2_%D0%93%D0%BE%D0%BC%D0%B5%D0%BB%D0%B5","source":"Викиданные","source_id":"Q108001130","license":"CC0 (Викиданные)","confidence":"place_level"}},{"type":"Feature","id":"disasters:94017151c345","geometry":{"type":"Point","coordinates":[24.953781,60.169581]},"properties":{"uid":"disasters:94017151c345","layer":"disasters","layer_title":"Пожары, наводнения, катастрофы","group":"hardship","title":"Убийство Николая Бобрикова","category":"политическое убийство","place_text":"Великое княжество Финляндское","region":"Великое княжество Финляндское","year_from":1904,"year_to":1904,"date_precision":"year","date_approx":false,"period_raw":"1904","url":"https://ru.wikipedia.org/wiki/%D0%A3%D0%B1%D0%B8%D0%B9%D1%81%D1%82%D0%B2%D0%BE_%D0%9D%D0%B8%D0%BA%D0%BE%D0%BB%D0%B0%D1%8F_%D0%91%D0%BE%D0%B1%D1%80%D0%B8%D0%BA%D0%BE%D0%B2%D0%B0","image_url":"http://commons.wikimedia.org/wiki/Special:FilePath/Schauman%20shoots%20Bobrikov.jpg","source":"Викиданные","source_id":"Q108196142","license":"CC0 (Викиданные)","confidence":"ok"}},{"type":"Feature","id":"disasters:b89001b94132","geometry":{"type":"Point","coordinates":[26.288889,48.166667]},"properties":{"uid":"disasters:b89001b94132","layer":"disasters","layer_title":"Пожары, наводнения, катастрофы","group":"hardship","title":"Lunca massacre","category":"массовое убийство","year_from":1941,"year_to":1941,"date_precision":"year","date_approx":false,"period_raw":"1941","url":"https://www.wikidata.org/wiki/Q110855140","source":"Викиданные","source_id":"Q110855140","license":"CC0 (Викиданные)","confidence":"ok"}},{"type":"Feature","id":"disasters:7fa31f1e9e74","geometry":{"type":"Point","coordinates":[21.007679,52.243839]},"properties":{"uid":"disasters:7fa31f1e9e74","layer":"disasters","layer_title":"Пожары, наводнения, катастрофы","group":"hardship","title":"Pogrom w Warszawie (1805)","category":"погром","place_text":"Варшава","region":"Варшава","year_from":1805,"year_to":1805,"date_precision":"year","date_approx":false,"period_raw":"1805","url":"https://www.wikidata.org/wiki/Q111728794","source":"Викиданные","source_id":"Q111728794","license":"CC0 (Викиданные)","confidence":"ok"}},{"type":"Feature","id":"disasters:602cf94b1e23","geometry":{"type":"Point","coordinates":[45.0,53.2]},"properties":{"uid":"disasters:602cf94b1e23","layer":"disasters","layer_title":"Пожары, наводнения, катастрофы","group":"hardship","title":"Убийство Болдыревой и Савиной","category":"убийство","year_from":1895,"year_to":1895,"date_precision":"year","date_approx":false,"period_raw":"1895","url":"https://ru.wikipedia.org/wiki/%D0%A3%D0%B1%D0%B8%D0%B9%D1%81%D1%82%D0%B2%D0%BE_%D0%91%D0%BE%D0%BB%D0%B4%D1%8B%D1%80%D0%B5%D0%B2%D0%BE%D0%B9_%D0%B8_%D0%A1%D0%B0%D0%B2%D0%B8%D0%BD%D0%BE%D0%B9","source":"Викиданные","source_id":"Q113410758","license":"CC0 (Викиданные)","confidence":"place_level"}},{"type":"Feature","id":"disasters:69ba329c68c4","geometry":{"type":"Point","coordinates":[22.2167,51.2167]},"properties":{"uid":"disasters:69ba329c68c4","layer":"disasters","layer_title":"Пожары, наводнения, катастрофы","group":"hardship","title":"Zbrodnia w Szczuczkach","category":"бойня","year_from":1939,"year_to":1939,"date_precision":"year","date_approx":false,"period_raw":"1939","url":"https://www.wikidata.org/wiki/Q114245180","source":"Викиданные","source_id":"Q114245180","license":"CC0 (Викиданные)","confidence":"place_level"}},{"type":"Feature","id":"disasters:9ffc00130c59","geometry":{"type":"Point","coordinates":[34.983889,48.066389]},"properties":{"uid":"disasters:9ffc00130c59","layer":"disasters","layer_title":"Пожары, наводнения, катастрофы","group":"hardship","title":"Eichenfeld massacre","category":"бойня","year_from":1919,"year_to":1919,"date_precision":"year","date_approx":false,"period_raw":"1919","url":"https://www.wikidata.org/wiki/Q114258259","source":"Викиданные","source_id":"Q114258259","license":"CC0 (Викиданные)","confidence":"ok"}},{"type":"Feature","id":"disasters:122863ebceef","geometry":{"type":"Point","coordinates":[21.012222,52.229666]},"properties":{"uid":"disasters:122863ebceef","layer":"disasters","layer_title":"Пожары, наводнения, катастрофы","group":"hardship","title":"January Action in the Warsaw Ghetto","category":"геноцид","place_text":"Варшава","region":"Варшава","year_from":1943,"year_to":1943,"date_precision":"year","date_approx":false,"period_raw":"1943","url":"https://www.wikidata.org/wiki/Q116257666","source":"Викиданные","source_id":"Q116257666","license":"CC0 (Викиданные)","confidence":"place_level"}},{"type":"Feature","id":"disasters:4f3e3ef6f342","geometry":{"type":"Point","coordinates":[35.086111,47.869444]},"properties":{"uid":"disasters:4f3e3ef6f342","layer":"disasters","layer_title":"Пожары, наводнения, катастрофы","group":"hardship","title":"DniproGES demolition","category":"разрушение плотины","place_text":"Запорожская область","region":"Запорожская область","year_from":1941,"year_to":1941,"date_precision":"year","date_approx":false,"period_raw":"1941","url":"https://www.wikidata.org/wiki/Q119169647","source":"Викиданные","source_id":"Q119169647","license":"CC0 (Викиданные)","confidence":"ok"}},{"type":"Feature","id":"disasters:e60d34398c3e","geometry":{"type":"Point","coordinates":[148.485,44.479]},"properties":{"uid":"disasters:e60d34398c3e","layer":"disasters","layer_title":"Пожары, наводнения, катастрофы","group":"hardship","title":"1958 Kuril Islands earthquake","category":"Землетрясения на острове Итуруп","year_from":1958,"year_to":1958,"date_precision":"year","date_approx":false,"period_raw":"1958","url":"https://www.wikidata.org/wiki/Q121461630","source":"Викиданные","source_id":"Q121461630","license":"CC0 (Викиданные)","confidence":"ok"}},{"type":"Feature","id":"disasters:1e44b4da68d1","geometry":{"type":"Point","coordinates":[23.145556,53.135278]},"properties":{"uid":"disasters:1e44b4da68d1","layer":"disasters","layer_title":"Пожары, наводнения, катастрофы","group":"hardship","title":"1941 Białystok massacres","category":"бойня","year_from":1941,"year_to":1941,"date_precision":"year","date_approx":false,"period_raw":"1941","url":"https://www.wikidata.org/wiki/Q122741015","source":"Викиданные","source_id":"Q122741015","license":"CC0 (Викиданные)","confidence":"ok"}},{"type":"Feature","id":"disasters:f55d502d053d","geometry":{"type":"Point","coordinates":[35.366667,46.833333]},"properties":{"uid":"disasters:f55d502d053d","layer":"disasters","layer_title":"Пожары, наводнения, катастрофы","group":"hardship","title":"Melitopol massacre","category":"бойня","year_from":1941,"year_to":1941,"date_precision":"year","date_approx":false,"period_raw":"1941","url":"https://www.wikidata.org/wiki/Q122828705","source":"Викиданные","source_id":"Q122828705","license":"CC0 (Викиданные)","confidence":"ok"}},{"type":"Feature","id":"disasters:913d69484d74","geometry":{"type":"Point","coordinates":[26.3925,50.725]},"properties":{"uid":"disasters:913d69484d74","layer":"disasters","layer_title":"Пожары, наводнения, катастрофы","group":"hardship","title":"Remel massacre","category":"террористический акт","year_from":1943,"year_to":1943,"date_precision":"year","date_approx":false,"period_raw":"1943","url":"https://www.wikidata.org/wiki/Q125053810","source":"Викиданные","source_id":"Q125053810","license":"CC0 (Викиданные)","confidence":"ok"}},{"type":"Feature","id":"disasters:36490cfa55b9","geometry":{"type":"Point","coordinates":[26.839389,60.6925]},"properties":{"uid":"disasters:36490cfa55b9","layer":"disasters","layer_title":"Пожары, наводнения, катастрофы","group":"hardship","title":"Inkeroinen train collision","category":"столкновение поездов","place_text":"Сиппола","region":"Сиппола","year_from":1905,"year_to":1905,"date_precision":"year","date_approx":false,"period_raw":"1905","url":"https://www.wikidata.org/wiki/Q129264712","source":"Викиданные","source_id":"Q129264712","license":"CC0 (Викиданные)","confidence":"place_level"}},{"type":"Feature","id":"disasters:f38ac8b6dfe1","geometry":{"type":"Point","coordinates":[22.0,52.15]},"properties":{"uid":"disasters:f38ac8b6dfe1","layer":"disasters","layer_title":"Пожары, наводнения, катастрофы","group":"hardship","title":"Rososz massacre","category":"бойня","year_from":1944,"year_to":1944,"date_precision":"year","date_approx":false,"period_raw":"1944","url":"https://www.wikidata.org/wiki/Q131238496","source":"Викиданные","source_id":"Q131238496","license":"CC0 (Викиданные)","confidence":"place_level"}},{"type":"Feature","id":"disasters:9d406fc6c558","geometry":{"type":"Point","coordinates":[31.6335,54.9875]},"properties":{"uid":"disasters:9d406fc6c558","layer":"disasters","layer_title":"Пожары, наводнения, катастрофы","group":"hardship","title":"Трагедия в Каспле (1942)","category":"бойня","year_from":1942,"year_to":1942,"date_precision":"year","date_approx":false,"period_raw":"1942","url":"https://ru.wikipedia.org/wiki/%D0%A2%D1%80%D0%B0%D0%B3%D0%B5%D0%B4%D0%B8%D1%8F_%D0%B2_%D0%9A%D0%B0%D1%81%D0%BF%D0%BB%D0%B5_(1942)","source":"Викиданные","source_id":"Q131832230","license":"CC0 (Викиданные)","confidence":"place_level"}},{"type":"Feature","id":"disasters:d1f0eb2cec1e","geometry":{"type":"Point","coordinates":[22.719722,49.989167]},"properties":{"uid":"disasters:d1f0eb2cec1e","layer":"disasters","layer_title":"Пожары, наводнения, катастрофы","group":"hardship","title":"train disaster in Munina","category":"крушение поезда","place_text":"Munina","region":"Munina","year_from":1920,"year_to":1920,"date_precision":"year","date_approx":false,"period_raw":"1920","url":"https://www.wikidata.org/wiki/Q132127948","image_url":"http://commons.wikimedia.org/wiki/Special:FilePath/Katastrofa%20kolejowa%20pod%20Jaros%C5%82awiem%20%281920%29b.jpg","source":"Викиданные","source_id":"Q132127948","license":"CC0 (Викиданные)","confidence":"ok"}},{"type":"Feature","id":"disasters:6b7cdbc840ac","geometry":{"type":"Point","coordinates":[19.133333,50.325]},"properties":{"uid":"disasters:6b7cdbc840ac","layer":"disasters","layer_title":"Пожары, наводнения, катастрофы","group":"hardship","title":"Będzin massacre","category":"бойня","year_from":1939,"year_to":1939,"date_precision":"year","date_approx":false,"period_raw":"1939","url":"https://www.wikidata.org/wiki/Q133820505","source":"Викиданные","source_id":"Q133820505","license":"CC0 (Викиданные)","confidence":"place_level"}},{"type":"Feature","id":"disasters:67c99cc810e2","geometry":{"type":"Point","coordinates":[19.38967,50.29943]},"properties":{"uid":"disasters:67c99cc810e2","layer":"disasters","layer_title":"Пожары, наводнения, катастрофы","group":"hardship","title":"Sławków massacre","category":"бойня","year_from":1939,"year_to":1939,"date_precision":"year","date_approx":false,"period_raw":"1939","url":"https://www.wikidata.org/wiki/Q133838313","source":"Викиданные","source_id":"Q133838313","license":"CC0 (Викиданные)","confidence":"place_level"}},{"type":"Feature","id":"disasters:b19fcaf46434","geometry":{"type":"Point","coordinates":[30.316667,59.95]},"properties":{"uid":"disasters:b19fcaf46434","layer":"disasters","layer_title":"Пожары, наводнения, катастрофы","group":"hardship","title":"Кровавая пятница (1918)","category":"массовое убийство","year_from":1918,"year_to":1918,"date_precision":"year","date_approx":false,"period_raw":"1918","url":"https://ru.wikipedia.org/wiki/%D0%9A%D1%80%D0%BE%D0%B2%D0%B0%D0%B2%D0%B0%D1%8F_%D0%BF%D1%8F%D1%82%D0%BD%D0%B8%D1%86%D0%B0_(1918)","source":"Викиданные","source_id":"Q133857755","license":"CC0 (Викиданные)","confidence":"place_level"}},{"type":"Feature","id":"disasters:be57e52cf23e","geometry":{"type":"Point","coordinates":[21.85,55.916667]},"properties":{"uid":"disasters:be57e52cf23e","layer":"disasters","layer_title":"Пожары, наводнения, катастрофы","group":"hardship","title":"1931 m. Plungės gaisras","category":"пожар","year_from":1931,"year_to":1931,"date_precision":"year","date_approx":false,"period_raw":"1931","url":"https://www.wikidata.org/wiki/Q133885138","source":"Викиданные","source_id":"Q133885138","license":"CC0 (Викиданные)","confidence":"place_level"}},{"type":"Feature","id":"disasters:9b564d7b5d44","geometry":{"type":"Point","coordinates":[26.565556,50.700556]},"properties":{"uid":"disasters:9b564d7b5d44","layer":"disasters","layer_title":"Пожары, наводнения, катастрофы","group":"hardship","title":"pogrom w Tuczynie","category":"погром","year_from":1941,"year_to":1941,"date_precision":"year","date_approx":false,"period_raw":"1941","url":"https://www.wikidata.org/wiki/Q135278467","source":"Викиданные","source_id":"Q135278467","license":"CC0 (Викиданные)","confidence":"place_level"}},{"type":"Feature","id":"disasters:591cb99a9ac9","geometry":{"type":"Point","coordinates":[43.956944,42.034444]},"properties":{"uid":"disasters:591cb99a9ac9","layer":"disasters","layer_title":"Пожары, наводнения, катастрофы","group":"hardship","title":"The Ruisi massacre","category":"бойня","year_from":1924,"year_to":1924,"date_precision":"year","date_approx":false,"period_raw":"1924","url":"https://www.wikidata.org/wiki/Q135510047","source":"Викиданные","source_id":"Q135510047","license":"CC0 (Викиданные)","confidence":"place_level"}},{"type":"Feature","id":"disasters:ad44cc205353","geometry":{"type":"Point","coordinates":[37.961111,48.055556]},"properties":{"uid":"disasters:ad44cc205353","layer":"disasters","layer_title":"Пожары, наводнения, катастрофы","group":"hardship","title":"Авария 1 марта 1912 на шахте «Итальянка»","category":"взрыв на шахте","place_text":"Область Войска Донского","region":"Область Войска Донского","year_from":1912,"year_to":1912,"date_precision":"year","date_approx":false,"period_raw":"1912","url":"https://www.wikidata.org/wiki/Q135642394","image_url":"http://commons.wikimedia.org/wiki/Special:FilePath/1912.%20%D0%9A%D0%B0%D1%82%D0%B0%D1%81%D1%82%D1%80%D0%BE%D1%84%D0%B0%20%D0%B2%20%D0%9C%D0%B0%D0%BA%D0%B5%D0%B5%D0%B2%D0%BA%D0%B5.jpg","source":"Викиданные","source_id":"Q135642394","license":"CC0 (Викиданные)","confidence":"place_level"}},{"type":"Feature","id":"disasters:3af66896e4ef","geometry":{"type":"Point","coordinates":[19.15375,54.3282]},"properties":{"uid":"disasters:3af66896e4ef","layer":"disasters","layer_title":"Пожары, наводнения, катастрофы","group":"hardship","title":"egzekucja Polaków z Wolnego Miasta Gdańska","category":"военное преступление","year_from":1940,"year_to":1940,"date_precision":"year","date_approx":false,"period_raw":"1940","url":"https://www.wikidata.org/wiki/Q136102575","image_url":"http://commons.wikimedia.org/wiki/Special:FilePath/Sztutowo.%20Miejsce%20egzekucji%20z%2011%20marca%201940%20r.jpg","source":"Викиданные","source_id":"Q136102575","license":"CC0 (Викиданные)","confidence":"ok"}},{"type":"Feature","id":"disasters:5757d77eaebc","geometry":{"type":"Point","coordinates":[18.261389,52.2275]},"properties":{"uid":"disasters:5757d77eaebc","layer":"disasters","layer_title":"Пожары, наводнения, катастрофы","group":"hardship","title":"powódź w Polsce (1947)","category":"наводнение","year_from":1947,"year_to":1947,"date_precision":"year","date_approx":false,"period_raw":"1947","url":"https://www.wikidata.org/wiki/Q136366659","image_url":"http://commons.wikimedia.org/wiki/Special:FilePath/Most%20wysokowodny%20na%20Wi%C5%9Ble%20w%20Warszawie.jpg","source":"Викиданные","source_id":"Q136366659","license":"CC0 (Викиданные)","confidence":"place_level"}},{"type":"Feature","id":"disasters:1aaa78cc5451","geometry":{"type":"Point","coordinates":[26.225472,51.831194]},"properties":{"uid":"disasters:1aaa78cc5451","layer":"disasters","layer_title":"Пожары, наводнения, катастрофы","group":"hardship","title":"Sernyky massacre","category":"бойня","year_from":1941,"year_to":1941,"date_precision":"year","date_approx":false,"period_raw":"1941","url":"https://www.wikidata.org/wiki/Q136913660","source":"Викиданные","source_id":"Q136913660","license":"CC0 (Викиданные)","confidence":"ok"}},{"type":"Feature","id":"disasters:a786ed37320c","geometry":{"type":"Point","coordinates":[23.7333,50.6667]},"properties":{"uid":"disasters:a786ed37320c","layer":"disasters","layer_title":"Пожары, наводнения, катастрофы","group":"hardship","title":"Turkowice massacre","category":"бойня","year_from":1944,"year_to":1944,"date_precision":"year","date_approx":false,"period_raw":"1944","url":"https://www.wikidata.org/wiki/Q137049641","source":"Викиданные","source_id":"Q137049641","license":"CC0 (Викиданные)","confidence":"place_level"}},{"type":"Feature","id":"disasters:1d1f0edd3040","geometry":{"type":"Point","coordinates":[22.327331,50.913188]},"properties":{"uid":"disasters:1d1f0edd3040","layer":"disasters","layer_title":"Пожары, наводнения, катастрофы","group":"hardship","title":"Katastrofa kolejowa pod Kraśnikiem (1939)","category":"крушение поезда","year_from":1939,"year_to":1939,"date_precision":"year","date_approx":false,"period_raw":"1939","url":"https://www.wikidata.org/wiki/Q137188403","source":"Викиданные","source_id":"Q137188403","license":"CC0 (Викиданные)","confidence":"ok"}},{"type":"Feature","id":"disasters:96414dbf6ae0","geometry":{"type":"Point","coordinates":[31.933333,52.533333]},"properties":{"uid":"disasters:96414dbf6ae0","layer":"disasters","layer_title":"Пожары, наводнения, катастрофы","group":"hardship","title":"Расстрел в Карховском лесу","category":"массовое убийство","year_from":1942,"year_to":1942,"date_precision":"year","date_approx":false,"period_raw":"1942","url":"https://ru.wikipedia.org/wiki/%D0%A0%D0%B0%D1%81%D1%81%D1%82%D1%80%D0%B5%D0%BB_%D0%B2_%D0%9A%D0%B0%D1%80%D1%85%D0%BE%D0%B2%D1%81%D0%BA%D0%BE%D0%BC_%D0%BB%D0%B5%D1%81%D1%83","source":"Викиданные","source_id":"Q137883093","license":"CC0 (Викиданные)","confidence":"place_level"}},{"type":"Feature","id":"disasters:3e22b0abe07f","geometry":{"type":"Point","coordinates":[24.245833,56.885556]},"properties":{"uid":"disasters:3e22b0abe07f","layer":"disasters","layer_title":"Пожары, наводнения, катастрофы","group":"hardship","title":"Массовое убийство в Румбуле","category":"массовое убийство","place_text":"Рига","region":"Рига","year_from":1941,"year_to":1941,"date_precision":"year","date_approx":false,"period_raw":"1941","summary":"расстрел более 25 тысяч евреев айнзацгруппой «А»","url":"https://ru.wikipedia.org/wiki/%D0%9C%D0%B0%D1%81%D1%81%D0%BE%D0%B2%D0%BE%D0%B5_%D1%83%D0%B1%D0%B8%D0%B9%D1%81%D1%82%D0%B2%D0%BE_%D0%B2_%D0%A0%D1%83%D0%BC%D0%B1%D1%83%D0%BB%D0%B5","source":"Викиданные","source_id":"Q2350607","license":"CC0 (Викиданные)","confidence":"ok"}},{"type":"Feature","id":"disasters:ef247e3b58ee","geometry":{"type":"Point","coordinates":[58.32,37.95]},"properties":{"uid":"disasters:ef247e3b58ee","layer":"disasters","layer_title":"Пожары, наводнения, катастрофы","group":"hardship","title":"Ашхабадское землетрясение","category":"землетрясение","year_from":1948,"year_to":1948,"date_precision":"year","date_approx":false,"period_raw":"1948","summary":"Сильное разрушительное землетрясение","url":"https://ru.wikipedia.org/wiki/%D0%90%D1%88%D1%85%D0%B0%D0%B1%D0%B0%D0%B4%D1%81%D0%BA%D0%BE%D0%B5_%D0%B7%D0%B5%D0%BC%D0%BB%D0%B5%D1%82%D1%80%D1%8F%D1%81%D0%B5%D0%BD%D0%B8%D0%B5","image_url":"http://commons.wikimedia.org/wiki/Special:FilePath/1948%20Ashgabat%20earthquake.png","source":"Викиданные","source_id":"Q2391429","license":"CC0 (Викиданные)","confidence":"ok"}},{"type":"Feature","id":"disasters:2aa69f2e2861","geometry":{"type":"Point","coordinates":[31.27579,58.52099]},"properties":{"uid":"disasters:2aa69f2e2861","layer":"disasters","layer_title":"Пожары, наводнения, катастрофы","group":"hardship","title":"Новгородский погром","category":"бойня","year_from":1570,"year_to":1570,"date_precision":"year","date_approx":false,"period_raw":"1570","summary":"Карательный поход опричного войска Ивана Грозного","url":"https://ru.wikipedia.org/wiki/%D0%9D%D0%BE%D0%B2%D0%B3%D0%BE%D1%80%D0%BE%D0%B4%D1%81%D0%BA%D0%B8%D0%B9_%D0%BF%D0%BE%D0%B3%D1%80%D0%BE%D0%BC","source":"Викиданные","source_id":"Q2663703","license":"CC0 (Викиданные)","confidence":"place_level"}},{"type":"Feature","id":"disasters:22ba6e7c6ec7","geometry":{"type":"Point","coordinates":[22.27,60.45]},"properties":{"uid":"disasters:22ba6e7c6ec7","layer":"disasters","layer_title":"Пожары, наводнения, катастрофы","group":"hardship","title":"Пожар Або","category":"городской пожар","year_from":1827,"year_to":1827,"date_precision":"year","date_approx":false,"period_raw":"1827","summary":"пожар в городе Або в 1827 году","url":"https://ru.wikipedia.org/wiki/%D0%9F%D0%BE%D0%B6%D0%B0%D1%80_%D0%B2_%D0%90%D0%B1%D0%BE","image_url":"http://commons.wikimedia.org/wiki/Special:FilePath/Turun%20palo%201827.jpg","source":"Викиданные","source_id":"Q2989671","license":"CC0 (Викиданные)","confidence":"ok"}},{"type":"Feature","id":"disasters:79b648233162","geometry":{"type":"Point","coordinates":[161.0,52.3]},"properties":{"uid":"disasters:79b648233162","layer":"disasters","layer_title":"Пожары, наводнения, катастрофы","group":"hardship","title":"Цунами в Северо-Курильске","category":"Землетрясения на Камчатке","year_from":1952,"year_to":1952,"date_precision":"year","date_approx":false,"period_raw":"1952","summary":"цунами, произошедшее 5 ноября 1952","url":"https://ru.wikipedia.org/wiki/%D0%A1%D0%B5%D0%B2%D0%B5%D1%80%D0%BE-%D0%9A%D1%83%D1%80%D0%B8%D0%BB%D1%8C%D1%81%D0%BA%D0%BE%D0%B5_%D1%86%D1%83%D0%BD%D0%B0%D0%BC%D0%B8_(1952)","image_url":"http://commons.wikimedia.org/wiki/Special:FilePath/North%20Kuril%20tsunami%20of%201952%20on%20Midway%20%28cropped%29.tif","source":"Викиданные","source_id":"Q3661284","license":"CC0 (Викиданные)","confidence":"ok"}},{"type":"Feature","id":"disasters:22b67ff975a7","geometry":{"type":"Point","coordinates":[37.60637,55.76078]},"properties":{"uid":"disasters:22b67ff975a7","layer":"disasters","layer_title":"Пожары, наводнения, катастрофы","group":"hardship","title":"Взрыв в Леонтьевском переулке","category":"взрыв бомбы","year_from":1919,"year_to":1919,"date_precision":"year","date_approx":false,"period_raw":"1919","summary":"Теракт в Москве","url":"https://ru.wikipedia.org/wiki/%D0%92%D0%B7%D1%80%D1%8B%D0%B2_%D0%B2_%D0%9B%D0%B5%D0%BE%D0%BD%D1%82%D1%8C%D0%B5%D0%B2%D1%81%D0%BA%D0%BE%D0%BC_%D0%BF%D0%B5%D1%80%D0%B5%D1%83%D0%BB%D0%BA%D0%B5","image_url":"http://commons.wikimedia.org/wiki/Special:FilePath/Firefighters%20on%20the%20explosion%20in%20the%20Leontief%20lane.jpg","source":"Викиданные","source_id":"Q4110390","license":"CC0 (Викиданные)","confidence":"ok"}},{"type":"Feature","id":"disasters:c1cf5a4012b3","geometry":{"type":"Point","coordinates":[90.0,65.0]},"properties":{"uid":"disasters:c1cf5a4012b3","layer":"disasters","layer_title":"Пожары, наводнения, катастрофы","group":"hardship","title":"Депортации народов в СССР","category":"геноцид","year_from":1930,"year_to":1930,"date_precision":"year","date_approx":false,"period_raw":"1930","summary":"перемещение и депортация людей в Советском Союзе","url":"https://ru.wikipedia.org/wiki/%D0%94%D0%B5%D0%BF%D0%BE%D1%80%D1%82%D0%B0%D1%86%D0%B8%D0%B8_%D0%BD%D0%B0%D1%80%D0%BE%D0%B4%D0%BE%D0%B2_%D0%B2_%D0%A1%D0%A1%D0%A1%D0%A0","source":"Викиданные","source_id":"Q85125","license":"CC0 (Викиданные)","confidence":"ok"}},{"type":"Feature","id":"disasters:47ac7bc815c2","geometry":{"type":"Point","coordinates":[21.496389,54.080556]},"properties":{"uid":"disasters:47ac7bc815c2","layer":"disasters","layer_title":"Пожары, наводнения, катастрофы","group":"hardship","title":"Заговор 20 июля","category":"попытка убийства","place_text":"Кентшин","region":"Кентшин","year_from":1944,"year_to":1944,"date_precision":"year","date_approx":false,"period_raw":"1944","summary":"попытка убийства Адольфа Гитлера 20 июля 1944 года","url":"https://ru.wikipedia.org/wiki/%D0%97%D0%B0%D0%B3%D0%BE%D0%B2%D0%BE%D1%80_20_%D0%B8%D1%8E%D0%BB%D1%8F","image_url":"http://commons.wikimedia.org/wiki/Special:FilePath/Bundesarchiv%20Bild%20146-1972-025-10%2C%20Hitler-Attentat%2C%2020.%20Juli%201944.jpg","source":"Викиданные","source_id":"Q105570","license":"CC0 (Викиданные)","confidence":"ok"}},{"type":"Feature","id":"disasters:5369eac7d0f4","geometry":{"type":"Point","coordinates":[101.95,60.916667]},"properties":{"uid":"disasters:5369eac7d0f4","layer":"disasters","layer_title":"Пожары, наводнения, катастрофы","group":"hardship","title":"Тунгусский метеорит","category":"взрыв","year_from":1908,"year_to":1908,"date_precision":"year","date_approx":false,"period_raw":"1908","summary":"Уникальное природное явление, произошедшее 17 (30) июня 1908 года в бассейне реки Подкаменная Тунгуска (Енисейская губерния, Российская империя)","url":"https://ru.wikipedia.org/wiki/%D0%A2%D1%83%D0%BD%D0%B3%D1%83%D1%81%D1%81%D0%BA%D0%B8%D0%B9_%D0%BC%D0%B5%D1%82%D0%B5%D0%BE%D1%80%D0%B8%D1%82","image_url":"http://commons.wikimedia.org/wiki/Special:FilePath/Tunguska%20Ereignis-1.jpg","source":"Викиданные","source_id":"Q125953","license":"CC0 (Викиданные)","confidence":"ok"}},{"type":"Feature","id":"disasters:a08a3a7152ac","geometry":{"type":"Point","coordinates":[129.731944,62.027222]},"properties":{"uid":"disasters:a08a3a7152ac","layer":"disasters","layer_title":"Пожары, наводнения, катастрофы","group":"hardship","title":"Якутская трагедия","category":"бойня","year_from":1889,"year_to":1889,"date_precision":"year","date_approx":false,"period_raw":"1889","summary":"подавление протеста политических ссыльных в Якутске в 1889 году","url":"https://ru.wikipedia.org/wiki/%D0%AF%D0%BA%D1%83%D1%82%D1%81%D0%BA%D0%B0%D1%8F_%D1%82%D1%80%D0%B0%D0%B3%D0%B5%D0%B4%D0%B8%D1%8F","source":"Викиданные","source_id":"Q4537267","license":"CC0 (Викиданные)","confidence":"place_level"}},{"type":"Feature","id":"disasters:e4905467149a","geometry":{"type":"Point","coordinates":[26.205556,51.332222]},"properties":{"uid":"disasters:e4905467149a","layer":"disasters","layer_title":"Пожары, наводнения, катастрофы","group":"hardship","title":"Резня в Паросле","category":"бойня","year_from":1943,"year_to":1943,"date_precision":"year","date_approx":false,"period_raw":"1943","summary":"Военное преступление","url":"https://ru.wikipedia.org/wiki/%D0%A0%D0%B5%D0%B7%D0%BD%D1%8F_%D0%B2_%D0%9F%D0%B0%D1%80%D0%BE%D1%81%D0%BB%D0%B5","source":"Викиданные","source_id":"Q7139605","license":"CC0 (Викиданные)","confidence":"ok"}},{"type":"Feature","id":"disasters:76b87f4c79c6","geometry":{"type":"Point","coordinates":[22.483333,49.766667]},"properties":{"uid":"disasters:76b87f4c79c6","layer":"disasters","layer_title":"Пожары, наводнения, катастрофы","group":"hardship","title":"резня в Бжуске","category":"бойня","year_from":1945,"year_to":1945,"date_precision":"year","date_approx":false,"period_raw":"1945","summary":"массовое убийство мирных жителей — этнических украинцев, произошедшее в марте 1945 года","url":"https://www.wikidata.org/wiki/Q8875447","image_url":"http://commons.wikimedia.org/wiki/Special:FilePath/BrzuskaMogi%C5%82a.JPG","source":"Викиданные","source_id":"Q8875447","license":"CC0 (Викиданные)","confidence":"place_level"}},{"type":"Feature","id":"disasters:63c6d37e96ce","geometry":{"type":"Point","coordinates":[25.5642,49.7553]},"properties":{"uid":"disasters:63c6d37e96ce","layer":"disasters","layer_title":"Пожары, наводнения, катастрофы","group":"hardship","title":"Резня в Малой Березовице","category":"бойня","year_from":1944,"year_to":1944,"date_precision":"year","date_approx":false,"period_raw":"1944","summary":"массовое убийство польского населения отрядами УПА","url":"https://ru.wikipedia.org/wiki/%D0%A0%D0%B5%D0%B7%D0%BD%D1%8F_%D0%B2_%D0%9C%D0%B0%D0%BB%D0%BE%D0%B9_%D0%91%D0%B5%D1%80%D0%B5%D0%B7%D0%BE%D0%B2%D0%B8%D1%86%D0%B5","image_url":"http://commons.wikimedia.org/wiki/Special:FilePath/Berezowica%20mala%20cmentarz3.jpg","source":"Викиданные","source_id":"Q9388603","license":"CC0 (Викиданные)","confidence":"ok"}},{"type":"Feature","id":"disasters:0b98e733312f","geometry":{"type":"Point","coordinates":[20.424722,49.963889]},"properties":{"uid":"disasters:0b98e733312f","layer":"disasters","layer_title":"Пожары, наводнения, катастрофы","group":"hardship","title":"Bochnia massacre","category":"военное преступление","year_from":1939,"year_to":1939,"date_precision":"year","date_approx":false,"period_raw":"1939","summary":"нацистское преступление","url":"https://www.wikidata.org/wiki/Q9388606","image_url":"http://commons.wikimedia.org/wiki/Special:FilePath/The%20Bochnia%20massacre%20German-occupied%20Poland%201939.jpg","source":"Викиданные","source_id":"Q9388606","license":"CC0 (Викиданные)","confidence":"ok"}},{"type":"Feature","id":"disasters:ab017aeff1cf","geometry":{"type":"Point","coordinates":[30.73262,46.47747]},"properties":{"uid":"disasters:ab017aeff1cf","layer":"disasters","layer_title":"Пожары, наводнения, катастрофы","group":"hardship","title":"Одесский погром (1821)","category":"погром","year_from":1821,"year_to":1821,"date_precision":"year","date_approx":false,"period_raw":"1821","summary":"еврейский погром в Одессе 19 июня 1821 года","url":"https://ru.wikipedia.org/wiki/%D0%9E%D0%B4%D0%B5%D1%81%D1%81%D0%BA%D0%B8%D0%B9_%D0%BF%D0%BE%D0%B3%D1%80%D0%BE%D0%BC_(1821)","source":"Викиданные","source_id":"Q124207142","license":"CC0 (Викиданные)","confidence":"place_level"}},{"type":"Feature","id":"disasters:67c0dec41ee1","geometry":{"type":"Point","coordinates":[21.951667,62.145]},"properties":{"uid":"disasters:67c0dec41ee1","layer":"disasters","layer_title":"Пожары, наводнения, катастрофы","group":"hardship","title":"Убийство Кюлликки Саари","category":"убийство","place_text":"Исойоки","region":"Исойоки","year_from":1953,"year_to":1953,"date_precision":"year","date_approx":false,"period_raw":"1953","summary":"нераскрытое убийство в Финляндии","url":"https://ru.wikipedia.org/wiki/%D0%A3%D0%B1%D0%B8%D0%B9%D1%81%D1%82%D0%B2%D0%BE_%D0%9A%D1%8E%D0%BB%D0%BB%D0%B8%D0%BA%D0%BA%D0%B8_%D0%A1%D0%B0%D0%B0%D1%80%D0%B8","image_url":"http://commons.wikimedia.org/wiki/Special:FilePath/Kyllikki%20Saari%20loydetty.jpg","source":"Викиданные","source_id":"Q136417771","license":"CC0 (Викиданные)","confidence":"ok"}},{"type":"Feature","id":"disasters:7b7862937b28","geometry":{"type":"Point","coordinates":[37.620341,55.760132]},"properties":{"uid":"disasters:7b7862937b28","layer":"disasters","layer_title":"Пожары, наводнения, катастрофы","group":"hardship","title":"Пожар Малого театра и Александровского пассажа","category":"пожар постройки","year_from":1914,"year_to":1914,"date_precision":"year","date_approx":false,"period_raw":"1914","summary":"пожар в Москве в 1914","url":"https://www.wikidata.org/wiki/Q139376174","image_url":"http://commons.wikimedia.org/wiki/Special:FilePath/Bolshoi1914.jpg","source":"Викиданные","source_id":"Q139376174","license":"CC0 (Викиданные)","confidence":"ok"}},{"type":"Feature","id":"disasters:689f4c341291","geometry":{"type":"Point","coordinates":[22.486111,58.253333]},"properties":{"uid":"disasters:689f4c341291","layer":"disasters","layer_title":"Пожары, наводнения, катастрофы","group":"hardship","title":"массовое убийство в Курессааре","category":"массовое убийство","year_from":1941,"year_to":1941,"date_precision":"year","date_approx":false,"period_raw":"1941","summary":"массовое убийство в Курессааре в 1941-м году","url":"https://www.wikidata.org/wiki/Q97348227","image_url":"http://commons.wikimedia.org/wiki/Special:FilePath/Victims%20of%20Soviet%20repressions%20in%20Kuressaare%2C%20Estonia%2C%201941.jpg","source":"Викиданные","source_id":"Q97348227","license":"CC0 (Викиданные)","confidence":"place_level"}},{"type":"Feature","id":"disasters:fb7ab96b31ae","geometry":{"type":"Point","coordinates":[76.8,43.1]},"properties":{"uid":"disasters:fb7ab96b31ae","layer":"disasters","layer_title":"Пожары, наводнения, катастрофы","group":"hardship","title":"Верненское землетрясение","category":"землетрясение","place_text":"Верный","region":"Верный","year_from":1887,"year_to":1887,"date_precision":"year","date_approx":false,"period_raw":"1887","summary":"землетрясение в Алма-Ате","url":"https://ru.wikipedia.org/wiki/%D0%92%D0%B5%D1%80%D0%BD%D0%B5%D0%BD%D1%81%D0%BA%D0%BE%D0%B5_%D0%B7%D0%B5%D0%BC%D0%BB%D0%B5%D1%82%D1%80%D1%8F%D1%81%D0%B5%D0%BD%D0%B8%D0%B5","source":"Викиданные","source_id":"Q104662809","license":"CC0 (Викиданные)","confidence":"ok"}},{"type":"Feature","id":"disasters:6109d1ae0be8","geometry":{"type":"Point","coordinates":[159.5,52.5]},"properties":{"uid":"disasters:6109d1ae0be8","layer":"disasters","layer_title":"Пожары, наводнения, катастрофы","group":"hardship","title":"Землетрясение на Камчатке (1841)","category":"Землетрясения на Камчатке","year_from":1841,"year_to":1841,"date_precision":"year","date_approx":false,"period_raw":"1841","summary":"землетрясение, произошедшее 6 (18) мая 1841 года у побережья Камчатки","url":"https://ru.wikipedia.org/wiki/%D0%97%D0%B5%D0%BC%D0%BB%D0%B5%D1%82%D1%80%D1%8F%D1%81%D0%B5%D0%BD%D0%B8%D0%B5_%D0%BD%D0%B0_%D0%9A%D0%B0%D0%BC%D1%87%D0%B0%D1%82%D0%BA%D0%B5_(1841)","source":"Викиданные","source_id":"Q109239197","license":"CC0 (Викиданные)","confidence":"ok"}},{"type":"Feature","id":"disasters:4ce9484c4218","geometry":{"type":"Point","coordinates":[75.7555,42.2157]},"properties":{"uid":"disasters:4ce9484c4218","layer":"disasters","layer_title":"Пожары, наводнения, катастрофы","group":"hardship","title":"Казахская резня","category":"бойня","year_from":1771,"year_to":1771,"date_precision":"year","date_approx":false,"period_raw":"1771","summary":"резня казахских пленных, раненных и не добитых Киргизами в 1771, и мирного населения в Баланае.","url":"https://www.wikidata.org/wiki/Q116233764","source":"Викиданные","source_id":"Q116233764","license":"CC0 (Викиданные)","confidence":"place_level"}},{"type":"Feature","id":"disasters:dd66a1b343e2","geometry":{"type":"Point","coordinates":[66.373524,56.639266]},"properties":{"uid":"disasters:dd66a1b343e2","layer":"disasters","layer_title":"Пожары, наводнения, катастрофы","group":"hardship","title":"massacre de prisonniers à Yalutorovsk (1919)","category":"потерпевший","year_from":1919,"year_to":1919,"date_precision":"year","date_approx":false,"period_raw":"1919","url":"https://www.wikidata.org/wiki/Q140933837","source":"Викиданные","source_id":"Q140933837","license":"CC0 (Викиданные)","confidence":"ok"}}]}