{"type":"FeatureCollection","name":"Рудники, копи, промыслы","crs":{"type":"name","properties":{"name":"urn:ogc:def:crs:OGC:1.3/CRS84"}},"features":[{"type":"Feature","id":"mines:e4b89fe4d1ef","geometry":{"type":"Point","coordinates":[72.225537,48.60451]},"properties":{"uid":"mines:e4b89fe4d1ef","layer":"mines","layer_title":"Рудники, копи, промыслы","group":"economy","title":"Коктенкольское месторождение","category":"рудное месторождение","place_text":"Карагандинская область","region":"Карагандинская область","date_precision":"unknown","date_approx":false,"summary":"Месторождение молибдена в Казахстане","url":"https://ru.wikipedia.org/wiki/%D0%9A%D0%BE%D0%BA%D1%82%D0%B5%D0%BD%D0%BA%D0%BE%D0%BB%D1%8C%D1%81%D0%BA%D0%BE%D0%B5_%D0%BC%D0%BE%D0%BB%D0%B8%D0%B1%D0%B4%D0%B5%D0%BD%D0%BE%D0%B2%D0%BE%D0%B5_%D0%BC%D0%B5%D1%81%D1%82%D0%BE%D1%80%D0%BE%D0%B6%D0%B4%D0%B5%D0%BD%D0%B8%D0%B5","source":"Викиданные","source_id":"Q16433867","license":"CC0 (Викиданные)","confidence":"ok"}},{"type":"Feature","id":"mines:104491abfaf1","geometry":{"type":"Point","coordinates":[50.416667,51.266667]},"properties":{"uid":"mines:104491abfaf1","layer":"mines","layer_title":"Рудники, копи, промыслы","group":"economy","title":"Карповский Северный Блок","category":"нефтяное месторождение","date_precision":"unknown","date_approx":false,"summary":"нефтегазоконденсатное месторождение в Казахстане","url":"https://ru.wikipedia.org/wiki/%D0%9A%D0%B0%D1%80%D0%BF%D0%BE%D0%B2%D1%81%D0%BA%D0%B8%D0%B9_%D0%A1%D0%B5%D0%B2%D0%B5%D1%80%D0%BD%D1%8B%D0%B9_%D0%B1%D0%BB%D0%BE%D0%BA","source":"Викиданные","source_id":"Q16662095","license":"CC0 (Викиданные)","confidence":"ok"}},{"type":"Feature","id":"mines:3a1666d87dce","geometry":{"type":"Point","coordinates":[33.465,48.036944]},"properties":{"uid":"mines:3a1666d87dce","layer":"mines","layer_title":"Рудники, копи, промыслы","group":"economy","title":"Юбилейная","category":"шахта","year_from":1975,"year_to":1975,"date_precision":"open","date_approx":true,"period_raw":"с 1975","summary":"шахта в городе Кривой Рог","url":"https://ru.wikipedia.org/wiki/%D0%AE%D0%B1%D0%B8%D0%BB%D0%B5%D0%B9%D0%BD%D0%B0%D1%8F_(%D1%88%D0%B0%D1%85%D1%82%D0%B0,_%D0%9A%D1%80%D0%B8%D0%B2%D0%BE%D0%B9_%D0%A0%D0%BE%D0%B3)","image_url":"http://commons.wikimedia.org/wiki/Special:FilePath/%D0%A8%D0%B0%D1%85%D1%82%D0%B0%20%22%D0%AE%D0%B1%D0%B8%D0%BB%D0%B5%D0%B9%D0%BD%D0%B0%D1%8F%22.jpg","source":"Викиданные","source_id":"Q16722551","license":"CC0 (Викиданные)","confidence":"ok"}},{"type":"Feature","id":"mines:5343ac5bd9b0","geometry":{"type":"Point","coordinates":[23.867806,47.956709]},"properties":{"uid":"mines:5343ac5bd9b0","layer":"mines","layer_title":"Рудники, копи, промыслы","group":"economy","title":"Солотвинские соляные шахты","category":"рудник","place_text":"Солотвино","region":"Солотвино","year_from":1778,"year_to":1960,"date_precision":"open","date_approx":true,"period_raw":"с 1778","summary":"бывшие соляные шахты на Украине","url":"https://www.wikidata.org/wiki/Q12154506","image_url":"http://commons.wikimedia.org/wiki/Special:FilePath/Winding%20tower%20in%20Solotvyno%20%285659-61%29.jpg","source":"Викиданные","source_id":"Q12154506","license":"CC0 (Викиданные)","confidence":"ok"}},{"type":"Feature","id":"mines:2c442f2ba8ad","geometry":{"type":"Point","coordinates":[33.430556,47.993333]},"properties":{"uid":"mines:2c442f2ba8ad","layer":"mines","layer_title":"Рудники, копи, промыслы","group":"economy","title":"Покровская","category":"шахта","year_from":1958,"year_to":1960,"date_precision":"open","date_approx":true,"period_raw":"с 1958","summary":"шахта в городе Кривой Рог","url":"https://ru.wikipedia.org/wiki/%D0%9F%D0%BE%D0%BA%D1%80%D0%BE%D0%B2%D1%81%D0%BA%D0%B0%D1%8F_(%D1%88%D0%B0%D1%85%D1%82%D0%B0)","image_url":"http://commons.wikimedia.org/wiki/Special:FilePath/%D0%9Cine%20in%20Kryvyi%20Rih.JPG","source":"Викиданные","source_id":"Q12171231","license":"CC0 (Викиданные)","confidence":"ok"}},{"type":"Feature","id":"mines:cf301ddbcfc3","geometry":{"type":"Point","coordinates":[37.726389,48.006389]},"properties":{"uid":"mines:cf301ddbcfc3","layer":"mines","layer_title":"Рудники, копи, промыслы","group":"economy","title":"Шахта «Куйбышевская»","category":"рудник","place_text":"Донецк","region":"Донецк","year_from":1939,"year_to":1960,"date_precision":"open","date_approx":true,"period_raw":"с 1939","summary":"угольная шахта в Донецке","url":"https://www.wikidata.org/wiki/Q12171243","source":"Викиданные","source_id":"Q12171243","license":"CC0 (Викиданные)","confidence":"ok"}},{"type":"Feature","id":"mines:0e0b4b4af47b","geometry":{"type":"Point","coordinates":[36.425,48.361944]},"properties":{"uid":"mines:0e0b4b4af47b","layer":"mines","layer_title":"Рудники, копи, промыслы","group":"economy","title":"Юбилейная","category":"шахта","year_from":1970,"year_to":1970,"date_precision":"open","date_approx":true,"period_raw":"с 1970","summary":"шахта в городе Першотравенск","url":"https://ru.wikipedia.org/wiki/%D0%AE%D0%B1%D0%B8%D0%BB%D0%B5%D0%B9%D0%BD%D0%B0%D1%8F_(%D1%88%D0%B0%D1%85%D1%82%D0%B0,_%D0%9F%D0%B5%D1%80%D1%88%D0%BE%D1%82%D1%80%D0%B0%D0%B2%D0%B5%D0%BD%D1%81%D0%BA)","image_url":"http://commons.wikimedia.org/wiki/Special:FilePath/%D0%A8%D0%B0%D1%85%D1%82%D0%B0%20%C2%AB%D0%AE%D0%B1%D0%B8%D0%BB%D0%B5%D0%B9%D0%BD%D0%B0%D1%8F%C2%BB%20%28%D0%A3%D0%BA%D1%80%D0%B0%D0%B8%D0%BD%D0%B0%2C%20%D0%B3%D0%BE%D1%80%D0%BE%D0%B4%20%D0%9F%D0%B5%D1%80%D1%88%D0%BE%D1%82%D1%80%D0%B0%D0%B2%D0%B5%D0%BD%D1%81%D0%BA%29.jpg","source":"Викиданные","source_id":"Q12171294","license":"CC0 (Викиданные)","confidence":"ok"}},{"type":"Feature","id":"mines:1f3a841e2aeb","geometry":{"type":"Point","coordinates":[37.630972,47.993421]},"properties":{"uid":"mines:1f3a841e2aeb","layer":"mines","layer_title":"Рудники, копи, промыслы","group":"economy","title":"Шахта имени Абакумова","category":"рудник","place_text":"Донецк","region":"Донецк","date_precision":"unknown","date_approx":false,"summary":"шахта в Донецке","url":"https://www.wikidata.org/wiki/Q12171302","source":"Викиданные","source_id":"Q12171302","license":"CC0 (Викиданные)","confidence":"ok"}},{"type":"Feature","id":"mines:1e3d8faa622e","geometry":{"type":"Point","coordinates":[33.50369,48.082248]},"properties":{"uid":"mines:1e3d8faa622e","layer":"mines","layer_title":"Рудники, копи, промыслы","group":"economy","title":"Терновская","category":"шахта","year_from":1963,"year_to":1963,"date_precision":"open","date_approx":true,"period_raw":"с 1963","summary":"железорудная шахта в городе Кривой Рог","url":"https://ru.wikipedia.org/wiki/%D0%A2%D0%B5%D1%80%D0%BD%D0%BE%D0%B2%D1%81%D0%BA%D0%B0%D1%8F_(%D1%88%D0%B0%D1%85%D1%82%D0%B0,_%D0%9A%D1%80%D0%B8%D0%B2%D0%BE%D0%B9_%D0%A0%D0%BE%D0%B3)","image_url":"http://commons.wikimedia.org/wiki/Special:FilePath/%D0%91%D1%83%D0%B4%D1%96%D0%B2%D0%BD%D0%B8%D1%86%D1%82%D0%B2%D0%BE%20%D1%88%D0%B0%D1%85%D1%82%D0%B8%20%D0%9B%D0%B5%D0%BD%D1%96%D0%BD%D0%B0%201960%D1%80.jpg","source":"Викиданные","source_id":"Q12171319","license":"CC0 (Викиданные)","confidence":"ok"}},{"type":"Feature","id":"mines:e79eca5a5436","geometry":{"type":"Point","coordinates":[33.501111,48.0825]},"properties":{"uid":"mines:e79eca5a5436","layer":"mines","layer_title":"Рудники, копи, промыслы","group":"economy","title":"Шахта имени Колачевского","category":"рудник","year_from":1929,"year_to":1960,"date_precision":"open","date_approx":true,"period_raw":"с 1929","summary":"горнодобывающее предприятие в городе Кривой Рог","url":"https://ru.wikipedia.org/wiki/%D0%A8%D0%B0%D1%85%D1%82%D0%B0_%D0%B8%D0%BC%D0%B5%D0%BD%D0%B8_%D0%9A%D0%BE%D0%BB%D0%B0%D1%87%D0%B5%D0%B2%D1%81%D0%BA%D0%BE%D0%B3%D0%BE","image_url":"http://commons.wikimedia.org/wiki/Special:FilePath/%D0%A8%D0%B0%D1%85%D1%82%D0%B0%20%D1%96%D0%BC.%20%D0%9E%D1%80%D0%B4%D0%B6%D0%BE%D0%BD%D1%96%D0%BA%D1%96%D0%B4%D0%B7%D0%B5%20%28%D0%9A%D1%80%D0%B8%D0%B2%D0%B1%D0%B0%D1%81%29.jpg","source":"Викиданные","source_id":"Q12171323","license":"CC0 (Викиданные)","confidence":"ok"}},{"type":"Feature","id":"mines:0ab1dc13ab4a","geometry":{"type":"Point","coordinates":[33.438056,48.005278]},"properties":{"uid":"mines:0ab1dc13ab4a","layer":"mines","layer_title":"Рудники, копи, промыслы","group":"economy","title":"Шахта имени М. В. Фрунзе","category":"шахта","place_text":"Покровский район","region":"Покровский район","year_from":1962,"year_to":1962,"date_precision":"open","date_approx":true,"period_raw":"с 1962","summary":"Кривой Рог","url":"https://ru.wikipedia.org/wiki/%D0%A8%D0%B0%D1%85%D1%82%D0%B0_%D0%B8%D0%BC%D0%B5%D0%BD%D0%B8_%D0%9C._%D0%92._%D0%A4%D1%80%D1%83%D0%BD%D0%B7%D0%B5_(%D0%9A%D1%80%D0%B8%D0%B2%D0%BE%D0%B9_%D0%A0%D0%BE%D0%B3)","image_url":"http://commons.wikimedia.org/wiki/Special:FilePath/%D0%A8%D0%B0%D1%85%D1%82%D0%B0%20%D0%B8%D0%BC.%20%D0%A4%D1%80%D1%83%D0%BD%D0%B7%D0%B5.jpg","source":"Викиданные","source_id":"Q12171330","license":"CC0 (Викиданные)","confidence":"ok"}},{"type":"Feature","id":"mines:82efcc084da2","geometry":{"type":"Point","coordinates":[37.606159,47.964188]},"properties":{"uid":"mines:82efcc084da2","layer":"mines","layer_title":"Рудники, копи, промыслы","group":"economy","title":"Шахта имени Челюскинцев","category":"рудник","place_text":"Донецк","region":"Донецк","year_from":1913,"year_to":1960,"date_precision":"open","date_approx":true,"period_raw":"с 1913","summary":"шахта в Донецке","url":"https://www.wikidata.org/wiki/Q12171329","source":"Викиданные","source_id":"Q12171329","license":"CC0 (Викиданные)","confidence":"ok"}},{"type":"Feature","id":"mines:a2816487b61b","geometry":{"type":"Point","coordinates":[72.75833,49.68667]},"properties":{"uid":"mines:a2816487b61b","layer":"mines","layer_title":"Рудники, копи, промыслы","group":"economy","title":"Абайская","category":"рудник","place_text":"Абай","region":"Абай","year_from":1961,"year_to":1961,"date_precision":"open","date_approx":true,"period_raw":"с 1961","summary":"шахта","url":"https://ru.wikipedia.org/wiki/%D0%90%D0%B1%D0%B0%D0%B9%D1%81%D0%BA%D0%B0%D1%8F_(%D1%88%D0%B0%D1%85%D1%82%D0%B0)","source":"Викиданные","source_id":"Q12526188","license":"CC0 (Викиданные)","confidence":"ok"}},{"type":"Feature","id":"mines:a28a68abeeb5","geometry":{"type":"Point","coordinates":[56.433333,48.2]},"properties":{"uid":"mines:a28a68abeeb5","layer":"mines","layer_title":"Рудники, копи, промыслы","group":"economy","title":"Акжарское месторождение","category":"нефтяное месторождение","place_text":"Актюбинская область","region":"Актюбинская область","date_precision":"unknown","date_approx":false,"summary":"месторождение нефти в Казахстане","url":"https://ru.wikipedia.org/wiki/%D0%90%D0%BA%D0%B6%D0%B0%D1%80%D1%81%D0%BA%D0%BE%D0%B5_%D0%BC%D0%B5%D1%81%D1%82%D0%BE%D1%80%D0%BE%D0%B6%D0%B4%D0%B5%D0%BD%D0%B8%D0%B5","source":"Викиданные","source_id":"Q12531750","license":"CC0 (Викиданные)","confidence":"ok"}},{"type":"Feature","id":"mines:b39a8b371f56","geometry":{"type":"Point","coordinates":[53.1457,46.94]},"properties":{"uid":"mines:b39a8b371f56","layer":"mines","layer_title":"Рудники, копи, промыслы","group":"economy","title":"Ботахан (нефтяное месторождение)","category":"месторождение полезных ископаемых","date_precision":"unknown","date_approx":false,"summary":"нефтяное месторождение","url":"https://ru.wikipedia.org/wiki/%D0%91%D0%BE%D1%82%D0%B0%D1%85%D0%B0%D0%BD_(%D0%BD%D0%B5%D1%84%D1%82%D1%8F%D0%BD%D0%BE%D0%B5_%D0%BC%D0%B5%D1%81%D1%82%D0%BE%D1%80%D0%BE%D0%B6%D0%B4%D0%B5%D0%BD%D0%B8%D0%B5)","source":"Викиданные","source_id":"Q12536183","license":"CC0 (Викиданные)","confidence":"ok"}},{"type":"Feature","id":"mines:99a764ac249b","geometry":{"type":"Point","coordinates":[72.5225,49.72583]},"properties":{"uid":"mines:99a764ac249b","layer":"mines","layer_title":"Рудники, копи, промыслы","group":"economy","title":"Шахта имени Ленина (Шахтинск)","category":"рудник","place_text":"Шахтинск","region":"Шахтинск","year_from":1964,"year_to":1964,"date_precision":"open","date_approx":true,"period_raw":"с 1964","summary":"угольная шахта","url":"https://ru.wikipedia.org/wiki/%D0%A8%D0%B0%D1%85%D1%82%D0%B0_%D0%B8%D0%BC%D0%B5%D0%BD%D0%B8_%D0%9B%D0%B5%D0%BD%D0%B8%D0%BD%D0%B0_(%D0%A8%D0%B0%D1%85%D1%82%D0%B8%D0%BD%D1%81%D0%BA)","source":"Викиданные","source_id":"Q12551753","license":"CC0 (Викиданные)","confidence":"ok"}},{"type":"Feature","id":"mines:c76f0f29c50c","geometry":{"type":"Point","coordinates":[74.85,67.9]},"properties":{"uid":"mines:c76f0f29c50c","layer":"mines","layer_title":"Рудники, копи, промыслы","group":"economy","title":"Самбургское газовое месторождение","category":"месторождение природного газа","place_text":"Ямало-Ненецкий автономный округ","region":"Ямало-Ненецкий автономный округ","date_precision":"unknown","date_approx":false,"summary":"газовое месторождение в России","url":"https://www.wikidata.org/wiki/Q14954548","source":"Викиданные","source_id":"Q14954548","license":"CC0 (Викиданные)","confidence":"ok"}},{"type":"Feature","id":"mines:a7d971b09d7f","geometry":{"type":"Point","coordinates":[38.3263,48.1234]},"properties":{"uid":"mines:a7d971b09d7f","layer":"mines","layer_title":"Рудники, копи, промыслы","group":"economy","title":"Шахта Рассвет","category":"рудник","place_text":"Донецкая область","region":"Донецкая область","year_from":1997,"year_to":2012,"date_precision":"year","date_approx":false,"period_raw":"1997–2012","summary":"угольная шахта, расположенная в Донецкой области","url":"https://ru.wikipedia.org/wiki/%D0%A8%D0%B0%D1%85%D1%82%D0%B0_%C2%AB%D0%A0%D0%B0%D1%81%D1%81%D0%B2%D0%B5%D1%82%C2%BB","source":"Викиданные","source_id":"Q7295231","license":"CC0 (Викиданные)","confidence":"ok"}},{"type":"Feature","id":"mines:be80be13f366","geometry":{"type":"Point","coordinates":[117.054722,65.001389]},"properties":{"uid":"mines:be80be13f366","layer":"mines","layer_title":"Рудники, копи, промыслы","group":"economy","title":"Ботуобинская","category":"рудник","place_text":"Якутия","region":"Якутия","year_from":2015,"year_to":2015,"date_precision":"open","date_approx":true,"period_raw":"с 2015","summary":"кимберлитовая трубка","url":"https://www.wikidata.org/wiki/Q16255949","source":"Викиданные","source_id":"Q16255949","license":"CC0 (Викиданные)","confidence":"ok"}},{"type":"Feature","id":"mines:474c7c618491","geometry":{"type":"Point","coordinates":[58.43939,40.25263]},"properties":{"uid":"mines:474c7c618491","layer":"mines","layer_title":"Рудники, копи, промыслы","group":"economy","title":"Дарваза","category":"постоянный природный пожар","place_text":"Ахалский велаят","region":"Ахалский велаят","year_from":1971,"year_to":1971,"date_precision":"open","date_approx":true,"period_raw":"с 1971","summary":"кратер на Земле","url":"https://ru.wikipedia.org/wiki/%D0%94%D0%B0%D1%80%D0%B2%D0%B0%D0%B7%D0%B0","image_url":"http://commons.wikimedia.org/wiki/Special:FilePath/Darvasa%20gas%20crater%20panorama.jpg","source":"Викиданные","source_id":"Q70458","license":"CC0 (Викиданные)","confidence":"ok"}},{"type":"Feature","id":"mines:313b0c3f65ad","geometry":{"type":"Point","coordinates":[60.473833,56.941917]},"properties":{"uid":"mines:313b0c3f65ad","layer":"mines","layer_title":"Рудники, копи, промыслы","group":"economy","title":"Ганина Яма","category":"рудник","place_text":"муниципальный округ Среднеуральск","region":"муниципальный округ Среднеуральск","date_precision":"unknown","date_approx":false,"summary":"заброшенный Исетский рудник","url":"https://ru.wikipedia.org/wiki/%D0%93%D0%B0%D0%BD%D0%B8%D0%BD%D0%B0_%D0%AF%D0%BC%D0%B0","image_url":"http://commons.wikimedia.org/wiki/Special:FilePath/Ganina%20Yama-2021%20-%2026.jpeg","source":"Викиданные","source_id":"Q126847","license":"CC0 (Викиданные)","confidence":"ok"}},{"type":"Feature","id":"mines:ba064e3daee7","geometry":{"type":"Point","coordinates":[64.2,41.566667]},"properties":{"uid":"mines:ba064e3daee7","layer":"mines","layer_title":"Рудники, копи, промыслы","group":"economy","title":"Зарафшан","category":"город","place_text":"Бухарская область","region":"Бухарская область","year_from":1965,"year_to":1965,"date_precision":"open","date_approx":true,"period_raw":"с 1965","summary":"город в Узбекистане","url":"https://ru.wikipedia.org/wiki/%D0%97%D0%B0%D1%80%D0%B0%D1%84%D1%88%D0%B0%D0%BD","image_url":"http://commons.wikimedia.org/wiki/Special:FilePath/%D0%97%D0%B0%D1%80%D0%B0%D1%84%D1%88%D0%B0%D0%BD%2013%20%D0%BC%D0%B0%D1%8F%202020%20%28%D0%A3%D0%B7%D0%B1%D0%B5%D0%BA%D0%B8%D1%81%D1%82%D0%B0%D0%BD%2C%20%D0%9D%D0%B0%D0%B2%D0%BE%D0%B8%29.jpg","source":"Викиданные","source_id":"Q147697","license":"CC0 (Викиданные)","confidence":"ok"}},{"type":"Feature","id":"mines:3c2dbae91676","geometry":{"type":"Point","coordinates":[112.3175,66.434167]},"properties":{"uid":"mines:3c2dbae91676","layer":"mines","layer_title":"Рудники, копи, промыслы","group":"economy","title":"Удачная","category":"рудник","place_text":"Якутия","region":"Якутия","date_precision":"unknown","date_approx":false,"summary":"кимберлитовая трубка","url":"https://ru.wikipedia.org/wiki/%D0%A3%D0%B4%D0%B0%D1%87%D0%BD%D0%B0%D1%8F_(%D0%BA%D0%B8%D0%BC%D0%B1%D0%B5%D1%80%D0%BB%D0%B8%D1%82%D0%BE%D0%B2%D0%B0%D1%8F_%D1%82%D1%80%D1%83%D0%B1%D0%BA%D0%B0)","image_url":"http://commons.wikimedia.org/wiki/Special:FilePath/Udachnaya%20pipe.JPG","source":"Викиданные","source_id":"Q372112","license":"CC0 (Викиданные)","confidence":"ok"}},{"type":"Feature","id":"mines:047fcde9e938","geometry":{"type":"Point","coordinates":[20.055655,49.983053]},"properties":{"uid":"mines:047fcde9e938","layer":"mines","layer_title":"Рудники, копи, промыслы","group":"economy","title":"Соляная шахта в Величке","category":"памятник архитектурного наследия","place_text":"Величка","region":"Величка","year_from":1300,"year_to":1960,"date_precision":"open","date_approx":true,"period_raw":"с 1300","summary":"месторождение каменной соли в городе Величке в Польше, объект Всемирного наследия ЮНЕСКО","url":"https://ru.wikipedia.org/wiki/%D0%A1%D0%BE%D0%BB%D1%8F%D0%BD%D0%B0%D1%8F_%D1%88%D0%B0%D1%85%D1%82%D0%B0_(%D0%92%D0%B5%D0%BB%D0%B8%D1%87%D0%BA%D0%B0)","image_url":"http://commons.wikimedia.org/wiki/Special:FilePath/%CE%91%CE%BB%CE%B1%CF%84%CF%89%CF%81%CF%85%CF%87%CE%B5%CE%AF%CE%B1%20%CE%92%CE%B9%CE%B5%CE%BB%CE%AF%CF%84%CF%83%CE%BA%CE%B1%205021.jpg","source":"Викиданные","source_id":"Q454019","license":"CC0 (Викиданные)","confidence":"ok"}},{"type":"Feature","id":"mines:a1743f8e1f18","geometry":{"type":"Point","coordinates":[56.033333,53.483333]},"properties":{"uid":"mines:a1743f8e1f18","layer":"mines","layer_title":"Рудники, копи, промыслы","group":"economy","title":"Кусяпкуловское нефтяное месторождение","category":"месторождение нефти и газа","place_text":"Башкортостан","region":"Башкортостан","date_precision":"unknown","date_approx":false,"summary":"месторождение нефти возле деревни Кусяпкулово (ныне город Ишимбай)","url":"https://ru.wikipedia.org/wiki/%D0%9A%D1%83%D1%81%D1%8F%D0%BF%D0%BA%D1%83%D0%BB%D0%BE%D0%B2%D1%81%D0%BA%D0%BE%D0%B5_%D0%BD%D0%B5%D1%84%D1%82%D1%8F%D0%BD%D0%BE%D0%B5_%D0%BC%D0%B5%D1%81%D1%82%D0%BE%D1%80%D0%BE%D0%B6%D0%B4%D0%B5%D0%BD%D0%B8%D0%B5","image_url":"http://commons.wikimedia.org/wiki/Special:FilePath/%D0%A9%D0%B8%D1%82.%20%D0%9A%D1%83%D1%81%D1%8F%D0%BF%D0%BA%D1%83%D0%BB%D0%BE%D0%B2%D0%BE%2021.05.2010%20-%20panoramio.jpg","source":"Викиданные","source_id":"Q4249403","license":"CC0 (Викиданные)","confidence":"ok"}},{"type":"Feature","id":"mines:3e33faf0c4b7","geometry":{"type":"Point","coordinates":[58.055105,46.123573]},"properties":{"uid":"mines:3e33faf0c4b7","layer":"mines","layer_title":"Рудники, копи, промыслы","group":"economy","title":"Кызылойское месторождение","category":"месторождение природного газа","date_precision":"unknown","date_approx":false,"summary":"газовое месторождение в Казахстане","url":"https://ru.wikipedia.org/wiki/%D0%9A%D1%8B%D0%B7%D1%8B%D0%BB%D0%BE%D0%B9%D1%81%D0%BA%D0%BE%D0%B5","source":"Викиданные","source_id":"Q4250734","license":"CC0 (Викиданные)","confidence":"ok"}},{"type":"Feature","id":"mines:ee344940fafb","geometry":{"type":"Point","coordinates":[74.0,66.0]},"properties":{"uid":"mines:ee344940fafb","layer":"mines","layer_title":"Рудники, копи, промыслы","group":"economy","title":"Медвежье газовое месторождение","category":"месторождение природного газа","place_text":"Ямало-Ненецкий автономный округ","region":"Ямало-Ненецкий автономный округ","date_precision":"unknown","date_approx":false,"summary":"месторождение в Ямало-Ненецком автономном округе","url":"https://ru.wikipedia.org/wiki/%D0%9C%D0%B5%D0%B4%D0%B2%D0%B5%D0%B6%D1%8C%D0%B5_%D0%B3%D0%B0%D0%B7%D0%BE%D0%B2%D0%BE%D0%B5_%D0%BC%D0%B5%D1%81%D1%82%D0%BE%D1%80%D0%BE%D0%B6%D0%B4%D0%B5%D0%BD%D0%B8%D0%B5","image_url":"http://commons.wikimedia.org/wiki/Special:FilePath/Nida-nokto.jpg","source":"Викиданные","source_id":"Q4287553","license":"CC0 (Викиданные)","confidence":"ok"}},{"type":"Feature","id":"mines:2c8c2d594c28","geometry":{"type":"Point","coordinates":[41.422778,65.5075]},"properties":{"uid":"mines:2c8c2d594c28","layer":"mines","layer_title":"Рудники, копи, промыслы","group":"economy","title":"Месторождение Гриба","category":"рудник","place_text":"Архангельская область","region":"Архангельская область","date_precision":"unknown","date_approx":false,"summary":"алмазное месторождение в России","url":"https://ru.wikipedia.org/wiki/%D0%9C%D0%B5%D1%81%D1%82%D0%BE%D1%80%D0%BE%D0%B6%D0%B4%D0%B5%D0%BD%D0%B8%D0%B5_%D0%93%D1%80%D0%B8%D0%B1%D0%B0","source":"Викиданные","source_id":"Q4291406","license":"CC0 (Викиданные)","confidence":"ok"}},{"type":"Feature","id":"mines:214e0f9da4f2","geometry":{"type":"Point","coordinates":[41.018056,65.291111]},"properties":{"uid":"mines:214e0f9da4f2","layer":"mines","layer_title":"Рудники, копи, промыслы","group":"economy","title":"Месторождение Ломоносова","category":"рудник","place_text":"Архангельская область","region":"Архангельская область","date_precision":"unknown","date_approx":false,"summary":"алмазное месторождение в России","url":"https://ru.wikipedia.org/wiki/%D0%9C%D0%B5%D1%81%D1%82%D0%BE%D1%80%D0%BE%D0%B6%D0%B4%D0%B5%D0%BD%D0%B8%D0%B5_%D0%9B%D0%BE%D0%BC%D0%BE%D0%BD%D0%BE%D1%81%D0%BE%D0%B2%D0%B0","image_url":"http://commons.wikimedia.org/wiki/Special:FilePath/Lomonosov%20diamond%20deposit%2003.jpg","source":"Викиданные","source_id":"Q4291410","license":"CC0 (Викиданные)","confidence":"ok"}},{"type":"Feature","id":"mines:4b2c6ec9aa24","geometry":{"type":"Point","coordinates":[53.7067,72.8521]},"properties":{"uid":"mines:4b2c6ec9aa24","layer":"mines","layer_title":"Рудники, копи, промыслы","group":"economy","title":"Павловское месторождение","category":"месторождение полезных ископаемых","date_precision":"unknown","date_approx":false,"summary":"рудное месторождение на Новой Земле","url":"https://ru.wikipedia.org/wiki/%D0%9F%D0%B0%D0%B2%D0%BB%D0%BE%D0%B2%D1%81%D0%BA%D0%BE%D0%B5_%D0%BC%D0%B5%D1%81%D1%82%D0%BE%D1%80%D0%BE%D0%B6%D0%B4%D0%B5%D0%BD%D0%B8%D0%B5_(%D0%9D%D0%BE%D0%B2%D0%B0%D1%8F_%D0%97%D0%B5%D0%BC%D0%BB%D1%8F)","source":"Викиданные","source_id":"Q4341836","license":"CC0 (Викиданные)","confidence":"ok"}},{"type":"Feature","id":"mines:36ad1a1821a7","geometry":{"type":"Point","coordinates":[37.623981,47.94554]},"properties":{"uid":"mines:36ad1a1821a7","layer":"mines","layer_title":"Рудники, копи, промыслы","group":"economy","title":"Петровская","category":"рудник","place_text":"Донецк","region":"Донецк","date_precision":"unknown","date_approx":false,"summary":"угольная шахта в Донецке","url":"https://ru.wikipedia.org/wiki/%D0%9F%D0%B5%D1%82%D1%80%D0%BE%D0%B2%D1%81%D0%BA%D0%B0%D1%8F_(%D1%88%D0%B0%D1%85%D1%82%D0%B0)","image_url":"http://commons.wikimedia.org/wiki/Special:FilePath/%D0%A8%D0%B0%D1%85%D1%82%D0%B0%20%D0%9F%D0%B5%D1%82%D1%80%D0%BE%D0%B2%D1%81%D0%BA%D0%B0%D1%8F%20004.jpg","source":"Викиданные","source_id":"Q4361155","license":"CC0 (Викиданные)","confidence":"ok"}},{"type":"Feature","id":"mines:1875af398790","geometry":{"type":"Point","coordinates":[33.409167,47.961111]},"properties":{"uid":"mines:1875af398790","layer":"mines","layer_title":"Рудники, копи, промыслы","group":"economy","title":"Криворожская","category":"шахта","year_from":1972,"year_to":1972,"date_precision":"open","date_approx":true,"period_raw":"с 1972","summary":"шахта в городе Кривой Рог","url":"https://ru.wikipedia.org/wiki/%D0%9A%D1%80%D0%B8%D0%B2%D0%BE%D1%80%D0%BE%D0%B6%D1%81%D0%BA%D0%B0%D1%8F_(%D1%88%D0%B0%D1%85%D1%82%D0%B0)","image_url":"http://commons.wikimedia.org/wiki/Special:FilePath/%D0%A8%D0%B0%D1%85%D1%82%D0%B0%20%D0%A0%D0%BE%D0%B4%D0%B8%D0%BD%D0%B0%20%D0%9A%D1%80%D0%B8%D0%B2%D0%BE%D0%B9%20%D0%A0%D0%BE%D0%B3%20%D0%A3%D0%BA%D1%80%D0%B0%D0%B8%D0%BD%D0%B0.jpg","source":"Викиданные","source_id":"Q4395762","license":"CC0 (Викиданные)","confidence":"ok"}},{"type":"Feature","id":"mines:f42a8c9188ac","geometry":{"type":"Point","coordinates":[33.462787,48.030395]},"properties":{"uid":"mines:f42a8c9188ac","layer":"mines","layer_title":"Рудники, копи, промыслы","group":"economy","title":"Сухая Балка","category":"рудник","place_text":"Кривой Рог","region":"Кривой Рог","year_from":1885,"year_to":1960,"date_precision":"open","date_approx":true,"period_raw":"с 1885","summary":"горнодобывающее предприятие в городе Кривой Рог","url":"https://ru.wikipedia.org/wiki/%D0%A1%D1%83%D1%85%D0%B0%D1%8F_%D0%91%D0%B0%D0%BB%D0%BA%D0%B0_(%D1%80%D1%83%D0%B4%D0%BD%D0%B8%D0%BA)","image_url":"http://commons.wikimedia.org/wiki/Special:FilePath/%D0%A3%D0%BF%D1%80%D0%B0%D0%B2%D0%BB%D0%B5%D0%BD%D0%B8%D0%B5%20%D0%A7%D0%90%D0%9E%20%22%D0%A1%D0%A3%D0%A5%D0%90%20%D0%91%D0%90%D0%9B%D0%9A%D0%90%22.jpg","source":"Викиданные","source_id":"Q4399522","license":"CC0 (Викиданные)","confidence":"ok"}},{"type":"Feature","id":"mines:b0a7419179a0","geometry":{"type":"Point","coordinates":[115.224167,58.661944]},"properties":{"uid":"mines:b0a7419179a0","layer":"mines","layer_title":"Рудники, копи, промыслы","group":"economy","title":"Сухой Лог (месторождение)","category":"рудник","place_text":"Иркутская область","region":"Иркутская область","date_precision":"unknown","date_approx":false,"summary":"шахта в России","url":"https://ru.wikipedia.org/wiki/%D0%A1%D1%83%D1%85%D0%BE%D0%B9_%D0%9B%D0%BE%D0%B3_(%D0%BC%D0%B5%D1%81%D1%82%D0%BE%D1%80%D0%BE%D0%B6%D0%B4%D0%B5%D0%BD%D0%B8%D0%B5)","source":"Викиданные","source_id":"Q4447269","license":"CC0 (Викиданные)","confidence":"ok"}},{"type":"Feature","id":"mines:3ec8a3b3e9b9","geometry":{"type":"Point","coordinates":[68.51349,70.26409]},"properties":{"uid":"mines:3ec8a3b3e9b9","layer":"mines","layer_title":"Рудники, копи, промыслы","group":"economy","title":"Бованенковское нефтегазоконденсатное месторождение","category":"месторождение природного газа","place_text":"Ямало-Ненецкий автономный округ","region":"Ямало-Ненецкий автономный округ","date_precision":"unknown","date_approx":false,"summary":"крупнейшее газовое месторождение на полуострове Ямал в России","url":"https://ru.wikipedia.org/wiki/%D0%91%D0%BE%D0%B2%D0%B0%D0%BD%D0%B5%D0%BD%D0%BA%D0%BE%D0%B2%D1%81%D0%BA%D0%BE%D0%B5_%D0%BD%D0%B5%D1%84%D1%82%D0%B5%D0%B3%D0%B0%D0%B7%D0%BE%D0%BA%D0%BE%D0%BD%D0%B4%D0%B5%D0%BD%D1%81%D0%B0%D1%82%D0%BD%D0%BE%D0%B5_%D0%BC%D0%B5%D1%81%D1%82%D0%BE%D1%80%D0%BE%D0%B6%D0%B4%D0%B5%D0%BD%D0%B8%D0%B5","image_url":"http://commons.wikimedia.org/wiki/Special:FilePath/Bovanenkovo%20gas%209.jpeg","source":"Викиданные","source_id":"Q536399","license":"CC0 (Викиданные)","confidence":"ok"}},{"type":"Feature","id":"mines:bf446aa27f4a","geometry":{"type":"Point","coordinates":[111.183333,71.65]},"properties":{"uid":"mines:bf446aa27f4a","layer":"mines","layer_title":"Рудники, копи, промыслы","group":"economy","title":"Попигайский кратер","category":"ударный кратер","place_text":"Красноярский край","region":"Красноярский край","date_precision":"unknown","date_approx":false,"summary":"Большой ударный кратер в России","url":"https://ru.wikipedia.org/wiki/%D0%9F%D0%BE%D0%BF%D0%B8%D0%B3%D0%B0%D0%B9_(%D0%BA%D1%80%D0%B0%D1%82%D0%B5%D1%80)","image_url":"http://commons.wikimedia.org/wiki/Special:FilePath/Popigai%20crater%20russia.jpg","source":"Викиданные","source_id":"Q594483","license":"CC0 (Викиданные)","confidence":"ok"}},{"type":"Feature","id":"mines:9ad157b03d70","geometry":{"type":"Point","coordinates":[113.984167,62.525833]},"properties":{"uid":"mines:9ad157b03d70","layer":"mines","layer_title":"Рудники, копи, промыслы","group":"economy","title":"Мир","category":"рудник","place_text":"Якутия","region":"Якутия","year_from":1957,"year_to":2017,"date_precision":"year","date_approx":false,"period_raw":"1957–2017","summary":"кимберлитовая трубка","url":"https://ru.wikipedia.org/wiki/%D0%9C%D0%B8%D1%80_(%D0%BA%D0%B8%D0%BC%D0%B1%D0%B5%D1%80%D0%BB%D0%B8%D1%82%D0%BE%D0%B2%D0%B0%D1%8F_%D1%82%D1%80%D1%83%D0%B1%D0%BA%D0%B0)","image_url":"http://commons.wikimedia.org/wiki/Special:FilePath/%D0%A0%D1%83%D0%B4%D0%BD%D0%B8%D0%BA%20%22%D0%9C%D0%B8%D1%80%22%20%D1%81%D0%BF%D1%83%D1%81%D1%82%D1%8F%205%20%D0%BB%D0%B5%D1%82%20%D0%BF%D0%BE%D1%81%D0%BB%D0%B5%20%D0%B7%D0%B0%D1%82%D0%BE%D0%BF%D0%BB%D0%B5%D0%BD%D0%B8%D1%8F%2C%20%D0%B3.%20%D0%9C%D0%B8%D1%80%D0%BD%D1%8B%D0%B9%2C%20%D0%A0%D0%B5%D1%81%D0%BF%D1%83%D0%B1%D0%BB%D0%B8%D0%BA%D0%B0%20%D0%A1%D0%B0%D1%85%D0%B0%20%28%D0%AF%D0%BA%D1%83%D1%82%D0%B8%D1%8F%29.jpg","source":"Викиданные","source_id":"Q1369879","license":"CC0 (Викиданные)","confidence":"ok"}},{"type":"Feature","id":"mines:7ef39022bb08","geometry":{"type":"Point","coordinates":[143.77,52.87]},"properties":{"uid":"mines:7ef39022bb08","layer":"mines","layer_title":"Рудники, копи, промыслы","group":"economy","title":"Сахалин-2","category":"нефтяное месторождение","date_precision":"unknown","date_approx":false,"summary":"нефтегазовый проект, реализуемый на острове Сахалин","url":"https://ru.wikipedia.org/wiki/%D0%A1%D0%B0%D1%85%D0%B0%D0%BB%D0%B8%D0%BD-2","image_url":"http://commons.wikimedia.org/wiki/Special:FilePath/LUN-A.jpg","source":"Викиданные","source_id":"Q2004739","license":"CC0 (Викиданные)","confidence":"ok"}},{"type":"Feature","id":"mines:675a1f51b1db","geometry":{"type":"Point","coordinates":[31.09861,61.71583]},"properties":{"uid":"mines:675a1f51b1db","layer":"mines","layer_title":"Рудники, копи, промыслы","group":"economy","title":"Вялимяки","category":"рудник","place_text":"Импилахтинское сельское поселение","region":"Импилахтинское сельское поселение","date_precision":"unknown","date_approx":false,"summary":"месторождение титаномагнетита в Карелии","url":"https://ru.wikipedia.org/wiki/%D0%92%D1%8F%D0%BB%D0%B8%D0%BC%D1%8F%D0%BA%D0%B8_(%D0%BC%D0%B5%D1%81%D1%82%D0%BE%D1%80%D0%BE%D0%B6%D0%B4%D0%B5%D0%BD%D0%B8%D0%B5)","image_url":"http://commons.wikimedia.org/wiki/Special:FilePath/V%C3%A4lim%C3%A4en%20rautakaivos.jpg","source":"Викиданные","source_id":"Q11902151","license":"CC0 (Викиданные)","confidence":"ok"}},{"type":"Feature","id":"mines:6b3648b8808d","geometry":{"type":"Point","coordinates":[116.551111,71.051111]},"properties":{"uid":"mines:6b3648b8808d","layer":"mines","layer_title":"Рудники, копи, промыслы","group":"economy","title":"Томтор","category":"месторождение полезных ископаемых","place_text":"Якутия","region":"Якутия","date_precision":"unknown","date_approx":false,"summary":"месторождение редкоземельных металлов в России","url":"https://ru.wikipedia.org/wiki/%D0%A2%D0%BE%D0%BC%D1%82%D0%BE%D1%80_(%D0%BC%D0%B5%D1%81%D1%82%D0%BE%D1%80%D0%BE%D0%B6%D0%B4%D0%B5%D0%BD%D0%B8%D0%B5)","source":"Викиданные","source_id":"Q4460420","license":"CC0 (Викиданные)","confidence":"ok"}},{"type":"Feature","id":"mines:164561ab8f6b","geometry":{"type":"Point","coordinates":[118.493042,56.578586]},"properties":{"uid":"mines:164561ab8f6b","layer":"mines","layer_title":"Рудники, копи, промыслы","group":"economy","title":"Удоканское медное месторождение","category":"рудник","place_text":"Забайкальский край","region":"Забайкальский край","date_precision":"unknown","date_approx":false,"summary":"месторождение меди","url":"https://ru.wikipedia.org/wiki/%D0%A3%D0%B4%D0%BE%D0%BA%D0%B0%D0%BD%D1%81%D0%BA%D0%BE%D0%B5_%D0%BC%D0%B5%D0%B4%D0%BD%D0%BE%D0%B5_%D0%BC%D0%B5%D1%81%D1%82%D0%BE%D1%80%D0%BE%D0%B6%D0%B4%D0%B5%D0%BD%D0%B8%D0%B5","source":"Викиданные","source_id":"Q4469520","license":"CC0 (Викиданные)","confidence":"ok"}},{"type":"Feature","id":"mines:3c05c0fba922","geometry":{"type":"Point","coordinates":[33.487428,48.058376]},"properties":{"uid":"mines:3c05c0fba922","layer":"mines","layer_title":"Рудники, копи, промыслы","group":"economy","title":"Казацкая","category":"шахта","place_text":"Терновский район","region":"Терновский район","year_from":1964,"year_to":1964,"date_precision":"open","date_approx":true,"period_raw":"с 1964","summary":"шахта в городе Кривой Рог","url":"https://ru.wikipedia.org/wiki/%D0%9A%D0%B0%D0%B7%D0%B0%D1%86%D0%BA%D0%B0%D1%8F_(%D1%88%D0%B0%D1%85%D1%82%D0%B0)","image_url":"http://commons.wikimedia.org/wiki/Special:FilePath/%D0%9A%D0%BE%D0%BF%D1%80%D0%B8%20%D1%88%D0%B0%D1%85%D1%82%D0%B8%20%D0%93%D0%B2%D0%B0%D1%80%D0%B4%D1%96%D0%B9%D1%81%D1%8C%D0%BA%D0%B0.jpg","source":"Викиданные","source_id":"Q4521383","license":"CC0 (Викиданные)","confidence":"ok"}},{"type":"Feature","id":"mines:b5e762d18fd0","geometry":{"type":"Point","coordinates":[37.240503,48.362974]},"properties":{"uid":"mines:b5e762d18fd0","layer":"mines","layer_title":"Рудники, копи, промыслы","group":"economy","title":"Шахта «Краснолиманская»","category":"рудник","place_text":"Родинское","region":"Родинское","year_from":1958,"year_to":1960,"date_precision":"open","date_approx":true,"period_raw":"с 1958","summary":"Государственное предприятие «Угольная компания «Краснолиманская»","url":"https://ru.wikipedia.org/wiki/%D0%A8%D0%B0%D1%85%D1%82%D0%B0_%C2%AB%D0%9A%D1%80%D0%B0%D1%81%D0%BD%D0%BE%D0%BB%D0%B8%D0%BC%D0%B0%D0%BD%D1%81%D0%BA%D0%B0%D1%8F%C2%BB","source":"Викиданные","source_id":"Q4521385","license":"CC0 (Викиданные)","confidence":"ok"}},{"type":"Feature","id":"mines:195fff060485","geometry":{"type":"Point","coordinates":[73.11472,49.86028]},"properties":{"uid":"mines:195fff060485","layer":"mines","layer_title":"Рудники, копи, промыслы","group":"economy","title":"Шахта имени Костенко","category":"рудник","place_text":"Караганда","region":"Караганда","year_from":1942,"year_to":1960,"date_precision":"open","date_approx":true,"period_raw":"с 1942","summary":"угольная шахта","url":"https://ru.wikipedia.org/wiki/%D0%A8%D0%B0%D1%85%D1%82%D0%B0_%D0%B8%D0%BC%D0%B5%D0%BD%D0%B8_%D0%9A%D0%BE%D1%81%D1%82%D0%B5%D0%BD%D0%BA%D0%BE","image_url":"http://commons.wikimedia.org/wiki/Special:FilePath/%D0%A8%D0%B0%D1%85%D1%82%D0%B0%20%D0%B8%D0%BC%D0%B5%D0%BD%D0%B8%20%D0%9A%D0%BE%D1%81%D1%82%D0%B5%D0%BD%D0%BA%D0%BE%202.jpg","source":"Викиданные","source_id":"Q4521397","license":"CC0 (Викиданные)","confidence":"ok"}},{"type":"Feature","id":"mines:c608ceaee073","geometry":{"type":"Point","coordinates":[39.2525,48.144722]},"properties":{"uid":"mines:c608ceaee073","layer":"mines","layer_title":"Рудники, копи, промыслы","group":"economy","title":"Шахта имени М. В. Фрунзе","category":"шахта","year_from":1965,"year_to":1965,"date_precision":"open","date_approx":true,"period_raw":"с 1965","summary":"Ровеньки","url":"https://ru.wikipedia.org/wiki/%D0%A8%D0%B0%D1%85%D1%82%D0%B0_%D0%B8%D0%BC%D0%B5%D0%BD%D0%B8_%D0%9C._%D0%92._%D0%A4%D1%80%D1%83%D0%BD%D0%B7%D0%B5_(%D0%A0%D0%BE%D0%B2%D0%B5%D0%BD%D1%8C%D0%BA%D0%B8)","source":"Викиданные","source_id":"Q4521403","license":"CC0 (Викиданные)","confidence":"ok"}},{"type":"Feature","id":"mines:28caecd315bf","geometry":{"type":"Point","coordinates":[37.638611,47.99]},"properties":{"uid":"mines:28caecd315bf","layer":"mines","layer_title":"Рудники, копи, промыслы","group":"economy","title":"Шахта имени академика А. А. Скочинского","category":"рудник","place_text":"Донецк","region":"Донецк","year_from":1975,"year_to":1975,"date_precision":"open","date_approx":true,"period_raw":"с 1975","summary":"шахта в Донецке","url":"https://ru.wikipedia.org/wiki/%D0%A8%D0%B0%D1%85%D1%82%D0%B0_%D0%B8%D0%BC%D0%B5%D0%BD%D0%B8_%D0%B0%D0%BA%D0%B0%D0%B4%D0%B5%D0%BC%D0%B8%D0%BA%D0%B0_%D0%90._%D0%90._%D0%A1%D0%BA%D0%BE%D1%87%D0%B8%D0%BD%D1%81%D0%BA%D0%BE%D0%B3%D0%BE","image_url":"http://commons.wikimedia.org/wiki/Special:FilePath/%D0%91%D0%B8%D1%80%D1%8E%D0%B7%D0%BE%D0%B2%D0%B0%20%D0%B8%20%D1%88%D0%B0%D1%85%D1%82%D0%B0%20%D0%A1%D0%BA%D0%B0%D1%87%D0%B8%D0%BD%D1%81%D0%BA%D0%BE%D0%B3%D0%BE%20-%20panoramio.jpg","source":"Викиданные","source_id":"Q4521406","license":"CC0 (Викиданные)","confidence":"ok"}},{"type":"Feature","id":"mines:3375a572eed8","geometry":{"type":"Point","coordinates":[37.83986,48.016722]},"properties":{"uid":"mines:3375a572eed8","layer":"mines","layer_title":"Рудники, копи, промыслы","group":"economy","title":"Шахта имени М. И. Калинина","category":"рудник","place_text":"Донецк","region":"Донецк","year_from":1937,"year_to":1960,"date_precision":"open","date_approx":true,"period_raw":"с 1937","summary":"угледобывающее предприятие в городе Донецк","url":"https://ru.wikipedia.org/wiki/%D0%A8%D0%B0%D1%85%D1%82%D0%B0_%D0%B8%D0%BC%D0%B5%D0%BD%D0%B8_%D0%9C._%D0%98._%D0%9A%D0%B0%D0%BB%D0%B8%D0%BD%D0%B8%D0%BD%D0%B0_(%D0%94%D0%BE%D0%BD%D0%B5%D1%86%D0%BA)","image_url":"http://commons.wikimedia.org/wiki/Special:FilePath/%D0%A8%D0%B0%D1%85%D1%82%D0%B0%20%D0%B8%D0%BC%D0%B5%D0%BD%D0%B8%20%D0%9A%D0%B0%D0%BB%D0%B8%D0%BD%D0%B8%D0%BD%D0%B0%20%D0%B2%20%D0%94%D0%BE%D0%BD%D0%B5%D1%86%D0%BA%D0%B5%2001.jpg","source":"Викиданные","source_id":"Q4521405","license":"CC0 (Викиданные)","confidence":"ok"}},{"type":"Feature","id":"mines:d9c63e7d26cd","geometry":{"type":"Point","coordinates":[37.698699,47.980884]},"properties":{"uid":"mines:d9c63e7d26cd","layer":"mines","layer_title":"Рудники, копи, промыслы","group":"economy","title":"Шахта № 17-17бис","category":"рудник","place_text":"Донецк","region":"Донецк","year_from":1927,"year_to":1960,"date_precision":"open","date_approx":true,"period_raw":"с 1927","summary":"угольная шахта в Донецке","url":"https://ru.wikipedia.org/wiki/%D0%A8%D0%B0%D1%85%D1%82%D0%B0_%E2%84%96_17-17%D0%B1%D0%B8%D1%81","image_url":"http://commons.wikimedia.org/wiki/Special:FilePath/%D0%A8%D0%B0%D1%85%D1%82%D0%B0%20%E2%84%9617%20-%20panoramio.jpg","source":"Викиданные","source_id":"Q4521408","license":"CC0 (Викиданные)","confidence":"ok"}},{"type":"Feature","id":"mines:c03b3c9aca8e","geometry":{"type":"Point","coordinates":[130.635833,56.199444]},"properties":{"uid":"mines:c03b3c9aca8e","layer":"mines","layer_title":"Рудники, копи, промыслы","group":"economy","title":"Эльгинское угольное месторождение","category":"рудник","place_text":"Якутия","region":"Якутия","date_precision":"unknown","date_approx":false,"summary":"угольное месторождение в Якутии России","url":"https://ru.wikipedia.org/wiki/%D0%AD%D0%BB%D1%8C%D0%B3%D0%B8%D0%BD%D1%81%D0%BA%D0%BE%D0%B5_%D1%83%D0%B3%D0%BE%D0%BB%D1%8C%D0%BD%D0%BE%D0%B5_%D0%BC%D0%B5%D1%81%D1%82%D0%BE%D1%80%D0%BE%D0%B6%D0%B4%D0%B5%D0%BD%D0%B8%D0%B5","image_url":"http://commons.wikimedia.org/wiki/Special:FilePath/%D0%AD%D0%BB%D1%8C%D0%B3%D0%B8%D0%BD%D1%81%D0%BA%D0%BE%D0%B5%20%D0%BC%D0%B5%D1%81%D1%82%D0%BE%D1%80%D0%BE%D0%B6%D0%B4%D0%B5%D0%BD%D0%B8%D0%B5.jpg","source":"Викиданные","source_id":"Q4531474","license":"CC0 (Викиданные)","confidence":"ok"}},{"type":"Feature","id":"mines:63e368ea91ba","geometry":{"type":"Point","coordinates":[96.24361,60.43222]},"properties":{"uid":"mines:63e368ea91ba","layer":"mines","layer_title":"Рудники, копи, промыслы","group":"economy","title":"Юрубчено-Тохомское нефтегазоконденсатное месторождение","category":"нефтегазовое месторождение","place_text":"Красноярский край","region":"Красноярский край","date_precision":"unknown","date_approx":false,"summary":"крупное нефтегазоконденсатное месторождение в России","url":"https://ru.wikipedia.org/wiki/%D0%AE%D1%80%D1%83%D0%B1%D1%87%D0%B5%D0%BD%D0%BE-%D0%A2%D0%BE%D1%85%D0%BE%D0%BC%D1%81%D0%BA%D0%BE%D0%B5_%D0%BD%D0%B5%D1%84%D1%82%D0%B5%D0%B3%D0%B0%D0%B7%D0%BE%D0%BA%D0%BE%D0%BD%D0%B4%D0%B5%D0%BD%D1%81%D0%B0%D1%82%D0%BD%D0%BE%D0%B5_%D0%BC%D0%B5%D1%81%D1%82%D0%BE%D1%80%D0%BE%D0%B6%D0%B4%D0%B5%D0%BD%D0%B8%D0%B5","source":"Викиданные","source_id":"Q4535162","license":"CC0 (Викиданные)","confidence":"ok"}},{"type":"Feature","id":"mines:85fda86034e4","geometry":{"type":"Point","coordinates":[53.632,63.35]},"properties":{"uid":"mines:85fda86034e4","layer":"mines","layer_title":"Рудники, копи, промыслы","group":"economy","title":"Ярегское нефтяное месторождение","category":"нефтяное месторождение","place_text":"Республика Коми","region":"Республика Коми","date_precision":"unknown","date_approx":false,"summary":"нефтяное месторождение в Республике Коми на Тиманском кряже","url":"https://ru.wikipedia.org/wiki/%D0%AF%D1%80%D0%B5%D0%B3%D1%81%D0%BA%D0%BE%D0%B5_%D0%BD%D0%B5%D1%84%D1%82%D1%8F%D0%BD%D0%BE%D0%B5_%D0%BC%D0%B5%D1%81%D1%82%D0%BE%D1%80%D0%BE%D0%B6%D0%B4%D0%B5%D0%BD%D0%B8%D0%B5","source":"Викиданные","source_id":"Q4538532","license":"CC0 (Викиданные)","confidence":"ok"}},{"type":"Feature","id":"mines:454e9209009b","geometry":{"type":"Point","coordinates":[111.233889,66.000833]},"properties":{"uid":"mines:454e9209009b","layer":"mines","layer_title":"Рудники, копи, промыслы","group":"economy","title":"Юбилейная","category":"рудник","place_text":"Якутия","region":"Якутия","date_precision":"unknown","date_approx":false,"summary":"кимберлитовая трубка","url":"https://ru.wikipedia.org/wiki/%D0%AE%D0%B1%D0%B8%D0%BB%D0%B5%D0%B9%D0%BD%D0%B0%D1%8F_(%D0%BA%D0%B8%D0%BC%D0%B1%D0%B5%D1%80%D0%BB%D0%B8%D1%82%D0%BE%D0%B2%D0%B0%D1%8F_%D1%82%D1%80%D1%83%D0%B1%D0%BA%D0%B0)","image_url":"http://commons.wikimedia.org/wiki/Special:FilePath/Aykhal%20Yubileynaya%20pipe.jpg","source":"Викиданные","source_id":"Q16976755","license":"CC0 (Викиданные)","confidence":"ok"}},{"type":"Feature","id":"mines:7050e24679bc","geometry":{"type":"Point","coordinates":[117.081111,65.025556]},"properties":{"uid":"mines:7050e24679bc","layer":"mines","layer_title":"Рудники, копи, промыслы","group":"economy","title":"Нюрбинская","category":"рудник","place_text":"Якутия","region":"Якутия","year_from":2002,"year_to":2002,"date_precision":"open","date_approx":true,"period_raw":"с 2002","summary":"кимберлитовая трубка","url":"https://www.wikidata.org/wiki/Q16976756","source":"Викиданные","source_id":"Q16976756","license":"CC0 (Викиданные)","confidence":"ok"}},{"type":"Feature","id":"mines:01b2d6202599","geometry":{"type":"Point","coordinates":[113.706389,62.456389]},"properties":{"uid":"mines:01b2d6202599","layer":"mines","layer_title":"Рудники, копи, промыслы","group":"economy","title":"Интернациональная","category":"рудник","place_text":"Якутия","region":"Якутия","year_from":1971,"year_to":1971,"date_precision":"open","date_approx":true,"period_raw":"с 1971","summary":"кимберлитовая трубка","url":"https://ru.wikipedia.org/wiki/%D0%98%D0%BD%D1%82%D0%B5%D1%80%D0%BD%D0%B0%D1%86%D0%B8%D0%BE%D0%BD%D0%B0%D0%BB%D1%8C%D0%BD%D0%B0%D1%8F_(%D0%BA%D0%B8%D0%BC%D0%B1%D0%B5%D1%80%D0%BB%D0%B8%D1%82%D0%BE%D0%B2%D0%B0%D1%8F_%D1%82%D1%80%D1%83%D0%B1%D0%BA%D0%B0)","source":"Викиданные","source_id":"Q16977368","license":"CC0 (Викиданные)","confidence":"ok"}},{"type":"Feature","id":"mines:dd5c05e01799","geometry":{"type":"Point","coordinates":[112.476667,66.223056]},"properties":{"uid":"mines:dd5c05e01799","layer":"mines","layer_title":"Рудники, копи, промыслы","group":"economy","title":"Дальняя","category":"рудник","place_text":"Якутия","region":"Якутия","date_precision":"unknown","date_approx":false,"summary":"кимберлитовая трубка","url":"https://ru.wikipedia.org/wiki/%D0%94%D0%B0%D0%BB%D1%8C%D0%BD%D1%8F%D1%8F_(%D0%BA%D0%B8%D0%BC%D0%B1%D0%B5%D1%80%D0%BB%D0%B8%D1%82%D0%BE%D0%B2%D0%B0%D1%8F_%D1%82%D1%80%D1%83%D0%B1%D0%BA%D0%B0)","source":"Викиданные","source_id":"Q16977794","license":"CC0 (Викиданные)","confidence":"ok"}},{"type":"Feature","id":"mines:700190024491","geometry":{"type":"Point","coordinates":[113.6675,70.934444]},"properties":{"uid":"mines:700190024491","layer":"mines","layer_title":"Рудники, копи, промыслы","group":"economy","title":"Эбелях","category":"рудник","place_text":"Якутия","region":"Якутия","date_precision":"unknown","date_approx":false,"summary":"россыпное месторождение алмазов","url":"https://ru.wikipedia.org/wiki/%D0%AD%D0%B1%D0%B5%D0%BB%D1%8F%D1%85_(%D1%80%D0%BE%D1%81%D1%81%D1%8B%D0%BF%D1%8C)","source":"Викиданные","source_id":"Q16977795","license":"CC0 (Викиданные)","confidence":"ok"}},{"type":"Feature","id":"mines:2f61c180c40e","geometry":{"type":"Point","coordinates":[117.011111,64.978889]},"properties":{"uid":"mines:2f61c180c40e","layer":"mines","layer_title":"Рудники, копи, промыслы","group":"economy","title":"Майская","category":"рудник","place_text":"Якутия","region":"Якутия","date_precision":"unknown","date_approx":false,"summary":"кимберлитовая трубка","url":"https://www.wikidata.org/wiki/Q16977793","source":"Викиданные","source_id":"Q16977793","license":"CC0 (Викиданные)","confidence":"ok"}},{"type":"Feature","id":"mines:c4a279997a78","geometry":{"type":"Point","coordinates":[115.050833,67.250833]},"properties":{"uid":"mines:c4a279997a78","layer":"mines","layer_title":"Рудники, копи, промыслы","group":"economy","title":"Верхнемунское месторождение","category":"рудник","place_text":"Якутия","region":"Якутия","year_from":2018,"year_to":2018,"date_precision":"open","date_approx":true,"period_raw":"с 2018","summary":"алмазное месторождение в России","url":"https://ru.wikipedia.org/wiki/%D0%92%D0%B5%D1%80%D1%85%D0%BD%D0%B5%D0%BC%D1%83%D0%BD%D1%81%D0%BA%D0%BE%D0%B5_%D0%BC%D0%B5%D1%81%D1%82%D0%BE%D1%80%D0%BE%D0%B6%D0%B4%D0%B5%D0%BD%D0%B8%D0%B5","source":"Викиданные","source_id":"Q16978922","license":"CC0 (Викиданные)","confidence":"ok"}},{"type":"Feature","id":"mines:03a6eaa2eb86","geometry":{"type":"Point","coordinates":[43.283333,42.25]},"properties":{"uid":"mines:03a6eaa2eb86","layer":"mines","layer_title":"Рудники, копи, промыслы","group":"economy","title":"Чиатурское месторождение","category":"рудник","place_text":"Чиатурский муниципалитет","region":"Чиатурский муниципалитет","date_precision":"unknown","date_approx":false,"summary":"месторождение марганца в Грузии","url":"https://ru.wikipedia.org/wiki/%D0%A7%D0%B8%D0%B0%D1%82%D1%83%D1%80%D1%81%D0%BA%D0%BE%D0%B5_%D0%BC%D0%B5%D1%81%D1%82%D0%BE%D1%80%D0%BE%D0%B6%D0%B4%D0%B5%D0%BD%D0%B8%D0%B5","image_url":"http://commons.wikimedia.org/wiki/Special:FilePath/Georgia%20Tschiatura%20Mangan%2003.jpg","source":"Викиданные","source_id":"Q17007079","license":"CC0 (Викиданные)","confidence":"ok"}},{"type":"Feature","id":"mines:e4519c81374a","geometry":{"type":"Point","coordinates":[169.226111,67.633611]},"properties":{"uid":"mines:e4519c81374a","layer":"mines","layer_title":"Рудники, копи, промыслы","group":"economy","title":"Двойное (месторождение)","category":"рудник","place_text":"Чукотский автономный округ","region":"Чукотский автономный округ","date_precision":"unknown","date_approx":false,"summary":"Месторождение золота и серебра","url":"https://www.wikidata.org/wiki/Q17097295","source":"Викиданные","source_id":"Q17097295","license":"CC0 (Викиданные)","confidence":"ok"}},{"type":"Feature","id":"mines:40151a86b287","geometry":{"type":"Point","coordinates":[117.081111,65.025556]},"properties":{"uid":"mines:40151a86b287","layer":"mines","layer_title":"Рудники, копи, промыслы","group":"economy","title":"Накынское месторождение","category":"рудник","place_text":"Якутия","region":"Якутия","date_precision":"unknown","date_approx":false,"summary":"алмазное месторождение в России","url":"https://ru.wikipedia.org/wiki/%D0%9D%D0%B0%D0%BA%D1%8B%D0%BD%D1%81%D0%BA%D0%BE%D0%B5_%D0%BC%D0%B5%D1%81%D1%82%D0%BE%D1%80%D0%BE%D0%B6%D0%B4%D0%B5%D0%BD%D0%B8%D0%B5","source":"Викиданные","source_id":"Q18405530","license":"CC0 (Викиданные)","confidence":"ok"}},{"type":"Feature","id":"mines:350565786c34","geometry":{"type":"Point","coordinates":[112.673889,66.426111]},"properties":{"uid":"mines:350565786c34","layer":"mines","layer_title":"Рудники, копи, промыслы","group":"economy","title":"Зарница","category":"рудник","place_text":"Якутия","region":"Якутия","year_from":1998,"year_to":1998,"date_precision":"open","date_approx":true,"period_raw":"с 1998","summary":"кимберлитовая трубка","url":"https://ru.wikipedia.org/wiki/%D0%97%D0%B0%D1%80%D0%BD%D0%B8%D1%86%D0%B0_(%D0%BA%D0%B8%D0%BC%D0%B1%D0%B5%D1%80%D0%BB%D0%B8%D1%82%D0%BE%D0%B2%D0%B0%D1%8F_%D1%82%D1%80%D1%83%D0%B1%D0%BA%D0%B0)","source":"Викиданные","source_id":"Q18737267","license":"CC0 (Викиданные)","confidence":"ok"}},{"type":"Feature","id":"mines:79e6ed7d08e6","geometry":{"type":"Point","coordinates":[139.96278,69.325]},"properties":{"uid":"mines:79e6ed7d08e6","layer":"mines","layer_title":"Рудники, копи, промыслы","group":"economy","title":"Депутатское месторождение","category":"месторождение полезных ископаемых","place_text":"Усть-Янский улус","region":"Усть-Янский улус","date_precision":"unknown","date_approx":false,"summary":"крупнейшее месторождение олова в России","url":"https://ru.wikipedia.org/wiki/%D0%94%D0%B5%D0%BF%D1%83%D1%82%D0%B0%D1%82%D1%81%D0%BA%D0%BE%D0%B5_%D0%BC%D0%B5%D1%81%D1%82%D0%BE%D1%80%D0%BE%D0%B6%D0%B4%D0%B5%D0%BD%D0%B8%D0%B5","source":"Викиданные","source_id":"Q19614721","license":"CC0 (Викиданные)","confidence":"ok"}},{"type":"Feature","id":"mines:d9cc8871ecee","geometry":{"type":"Point","coordinates":[78.2,41.866667]},"properties":{"uid":"mines:d9cc8871ecee","layer":"mines","layer_title":"Рудники, копи, промыслы","group":"economy","title":"Кумтор","category":"строительный карьер","place_text":"Джети-Огузский район","region":"Джети-Огузский район","year_from":1993,"year_to":1993,"date_precision":"open","date_approx":true,"period_raw":"с 1993","summary":"золоторудное месторождение в Кыргызстане","url":"https://ru.wikipedia.org/wiki/%D0%9A%D1%83%D0%BC%D1%82%D0%BE%D1%80","image_url":"http://commons.wikimedia.org/wiki/Special:FilePath/Kumtor%20Gold%20Mine%20-%20panoramio%20-%20Michael%20Karavanov.jpg","source":"Викиданные","source_id":"Q5923022","license":"CC0 (Викиданные)","confidence":"ok"}},{"type":"Feature","id":"mines:3649709a45d5","geometry":{"type":"Point","coordinates":[19.332,50.0921]},"properties":{"uid":"mines:3649709a45d5","layer":"mines","layer_title":"Рудники, копи, промыслы","group":"economy","title":"Янина (каменноугольная шахта)","category":"рудник","place_text":"Малопольское воеводство","region":"Малопольское воеводство","year_from":1907,"year_to":1960,"date_precision":"open","date_approx":true,"period_raw":"с 1907","summary":"каменноугольная шахта в Польше","url":"https://ru.wikipedia.org/wiki/%D0%AF%D0%BD%D0%B8%D0%BD%D0%B0_(%D0%BA%D0%B0%D0%BC%D0%B5%D0%BD%D0%BD%D0%BE%D1%83%D0%B3%D0%BE%D0%BB%D1%8C%D0%BD%D0%B0%D1%8F_%D1%88%D0%B0%D1%85%D1%82%D0%B0)","image_url":"http://commons.wikimedia.org/wiki/Special:FilePath/Janina-2013-by-night.jpg","source":"Викиданные","source_id":"Q6154491","license":"CC0 (Викиданные)","confidence":"ok"}},{"type":"Feature","id":"mines:7590efbe80f4","geometry":{"type":"Point","coordinates":[33.380556,47.918889]},"properties":{"uid":"mines:7590efbe80f4","layer":"mines","layer_title":"Рудники, копи, промыслы","group":"economy","title":"Гигант-Глубокая","category":"шахта","place_text":"Саксаганский район","region":"Саксаганский район","year_from":1962,"year_to":1962,"date_precision":"open","date_approx":true,"period_raw":"с 1962","summary":"шахта в Кривом Роге","url":"https://ru.wikipedia.org/wiki/%D0%93%D0%B8%D0%B3%D0%B0%D0%BD%D1%82-%D0%93%D0%BB%D1%83%D0%B1%D0%BE%D0%BA%D0%B0%D1%8F","image_url":"http://commons.wikimedia.org/wiki/Special:FilePath/Kryvyi%20Rih%20Gigant-Hlyboka.jpg","source":"Викиданные","source_id":"Q6356331","license":"CC0 (Викиданные)","confidence":"ok"}},{"type":"Feature","id":"mines:f939c56a09f7","geometry":{"type":"Point","coordinates":[60.7931,56.9114]},"properties":{"uid":"mines:f939c56a09f7","layer":"mines","layer_title":"Рудники, копи, промыслы","group":"economy","title":"Берёзовское месторождение золота","category":"рудное месторождение","place_text":"Екатеринбург","region":"Екатеринбург","date_precision":"unknown","date_approx":false,"summary":"месторождение золота, расположенное на Урале, в городе Берёзовском Свердловской области России","url":"https://ru.wikipedia.org/wiki/%D0%91%D0%B5%D1%80%D1%91%D0%B7%D0%BE%D0%B2%D1%81%D0%BA%D0%BE%D0%B5_%D0%BC%D0%B5%D1%81%D1%82%D0%BE%D1%80%D0%BE%D0%B6%D0%B4%D0%B5%D0%BD%D0%B8%D0%B5_%D0%B7%D0%BE%D0%BB%D0%BE%D1%82%D0%B0","image_url":"http://commons.wikimedia.org/wiki/Special:FilePath/PG%20-%20Recovery%20of%20gold-bearing%20sand%20near%20Berezovsky.jpg","source":"Викиданные","source_id":"Q2171678","license":"CC0 (Викиданные)","confidence":"ok"}},{"type":"Feature","id":"mines:1dc579810524","geometry":{"type":"Point","coordinates":[76.75,61.116667]},"properties":{"uid":"mines:1dc579810524","layer":"mines","layer_title":"Рудники, копи, промыслы","group":"economy","title":"Самотлорское нефтяное месторождение","category":"нефтяное месторождение","place_text":"Ханты-Мансийский автономный округ — Югра","region":"Ханты-Мансийский автономный округ — Югра","date_precision":"unknown","date_approx":false,"summary":"крупнейшее в России нефтяное месторождение","url":"https://ru.wikipedia.org/wiki/%D0%A1%D0%B0%D0%BC%D0%BE%D1%82%D0%BB%D0%BE%D1%80%D1%81%D0%BA%D0%BE%D0%B5_%D0%BD%D0%B5%D1%84%D1%82%D1%8F%D0%BD%D0%BE%D0%B5_%D0%BC%D0%B5%D1%81%D1%82%D0%BE%D1%80%D0%BE%D0%B6%D0%B4%D0%B5%D0%BD%D0%B8%D0%B5","source":"Викиданные","source_id":"Q2264872","license":"CC0 (Викиданные)","confidence":"ok"}},{"type":"Feature","id":"mines:2469a65f4b54","geometry":{"type":"Point","coordinates":[37.7897,48.0523]},"properties":{"uid":"mines:2469a65f4b54","layer":"mines","layer_title":"Рудники, копи, промыслы","group":"economy","title":"Шахта имени Засядько","category":"рудник","place_text":"Донецк","region":"Донецк","year_from":1958,"year_to":1960,"date_precision":"open","date_approx":true,"period_raw":"с 1958","summary":"угольная шахта в Донецке, Донецкая область Украины","url":"https://ru.wikipedia.org/wiki/%D0%A8%D0%B0%D1%85%D1%82%D0%B0_%D0%B8%D0%BC%D0%B5%D0%BD%D0%B8_%D0%97%D0%B0%D1%81%D1%8F%D0%B4%D1%8C%D0%BA%D0%BE","image_url":"http://commons.wikimedia.org/wiki/Special:FilePath/Zasyadko.jpg","source":"Викиданные","source_id":"Q2382724","license":"CC0 (Викиданные)","confidence":"ok"}},{"type":"Feature","id":"mines:e1cbbbe6c237","geometry":{"type":"Point","coordinates":[69.640278,40.568889]},"properties":{"uid":"mines:e1cbbbe6c237","layer":"mines","layer_title":"Рудники, копи, промыслы","group":"economy","title":"Истиклол","category":"населённый пункт","place_text":"Согдийская область","region":"Согдийская область","date_precision":"unknown","date_approx":false,"summary":"город в Согдийской области Таджикистана","url":"https://ru.wikipedia.org/wiki/%D0%98%D1%81%D1%82%D0%B8%D0%BA%D0%BB%D0%BE%D0%BB_(%D0%B3%D0%BE%D1%80%D0%BE%D0%B4)","image_url":"http://commons.wikimedia.org/wiki/Special:FilePath/OldTaboshar1.jpg","source":"Викиданные","source_id":"Q2391218","license":"CC0 (Викиданные)","confidence":"ok"}},{"type":"Feature","id":"mines:b7cbec6cf9fb","geometry":{"type":"Point","coordinates":[51.266111,40.017778]},"properties":{"uid":"mines:b7cbec6cf9fb","layer":"mines","layer_title":"Рудники, копи, промыслы","group":"economy","title":"Азери — Чираг — Гюнешли","category":"месторождение полезных ископаемых","place_text":"Каспийское море","region":"Каспийское море","date_precision":"unknown","date_approx":false,"summary":"Группа нефтегазовых месторождений Азербайджана в Каспийском море","url":"https://ru.wikipedia.org/wiki/%D0%90%D0%B7%D0%B5%D1%80%D0%B8_%E2%80%94_%D0%A7%D0%B8%D1%80%D0%B0%D0%B3_%E2%80%94_%D0%93%D1%8E%D0%BD%D0%B5%D1%88%D0%BB%D0%B8","image_url":"http://commons.wikimedia.org/wiki/Special:FilePath/EAST%20AZERI%20-%20panoramio.jpg","source":"Викиданные","source_id":"Q2433544","license":"CC0 (Викиданные)","confidence":"ok"}},{"type":"Feature","id":"mines:d2f3c8a76fad","geometry":{"type":"Point","coordinates":[89.566667,53.266667]},"properties":{"uid":"mines:d2f3c8a76fad","layer":"mines","layer_title":"Рудники, копи, промыслы","group":"economy","title":"Абагасское железорудное месторождение","category":"рудное месторождение","place_text":"Хакасия","region":"Хакасия","year_from":1983,"year_to":1983,"date_precision":"open","date_approx":true,"period_raw":"с 1983","summary":"железорудное месторождение в Аскизском районе Хакасии, Россия","url":"https://ru.wikipedia.org/wiki/%D0%90%D0%B1%D0%B0%D0%B3%D0%B0%D1%81%D1%81%D0%BA%D0%BE%D0%B5_%D0%B6%D0%B5%D0%BB%D0%B5%D0%B7%D0%BE%D1%80%D1%83%D0%B4%D0%BD%D0%BE%D0%B5_%D0%BC%D0%B5%D1%81%D1%82%D0%BE%D1%80%D0%BE%D0%B6%D0%B4%D0%B5%D0%BD%D0%B8%D0%B5","source":"Викиданные","source_id":"Q4054183","license":"CC0 (Викиданные)","confidence":"ok"}},{"type":"Feature","id":"mines:e88263daa27c","geometry":{"type":"Point","coordinates":[90.070278,52.670556]},"properties":{"uid":"mines:e88263daa27c","layer":"mines","layer_title":"Рудники, копи, промыслы","group":"economy","title":"Абаканское железорудное месторождение","category":"рудное месторождение","place_text":"Кемеровская область","region":"Кемеровская область","date_precision":"unknown","date_approx":false,"summary":"железорудное месторождение в Хакасии, вблизи города Абаза; расположено в северо-восточных отрогах Западного Саяна","url":"https://ru.wikipedia.org/wiki/%D0%90%D0%B1%D0%B0%D0%BA%D0%B0%D0%BD%D1%81%D0%BA%D0%BE%D0%B5_%D0%B6%D0%B5%D0%BB%D0%B5%D0%B7%D0%BE%D1%80%D1%83%D0%B4%D0%BD%D0%BE%D0%B5_%D0%BC%D0%B5%D1%81%D1%82%D0%BE%D1%80%D0%BE%D0%B6%D0%B4%D0%B5%D0%BD%D0%B8%D0%B5","source":"Викиданные","source_id":"Q4054261","license":"CC0 (Викиданные)","confidence":"ok"}},{"type":"Feature","id":"mines:fa207ea4edd2","geometry":{"type":"Point","coordinates":[111.497222,65.926944]},"properties":{"uid":"mines:fa207ea4edd2","layer":"mines","layer_title":"Рудники, копи, промыслы","group":"economy","title":"Айхал","category":"рудник","place_text":"Якутия","region":"Якутия","date_precision":"unknown","date_approx":false,"summary":"кимберлитовая трубка","url":"https://ru.wikipedia.org/wiki/%D0%90%D0%B9%D1%85%D0%B0%D0%BB_(%D0%BA%D0%B8%D0%BC%D0%B1%D0%B5%D1%80%D0%BB%D0%B8%D1%82%D0%BE%D0%B2%D0%B0%D1%8F_%D1%82%D1%80%D1%83%D0%B1%D0%BA%D0%B0)","source":"Викиданные","source_id":"Q19907613","license":"CC0 (Викиданные)","confidence":"ok"}},{"type":"Feature","id":"mines:724be388564e","geometry":{"type":"Point","coordinates":[133.2425,65.701944]},"properties":{"uid":"mines:724be388564e","layer":"mines","layer_title":"Рудники, копи, промыслы","group":"economy","title":"Прогноз","category":"месторождение полезных ископаемых","place_text":"Якутия","region":"Якутия","date_precision":"unknown","date_approx":false,"summary":"месторождение серебра в Якутии","url":"https://ru.wikipedia.org/wiki/%D0%9F%D1%80%D0%BE%D0%B3%D0%BD%D0%BE%D0%B7_(%D0%BC%D0%B5%D1%81%D1%82%D0%BE%D1%80%D0%BE%D0%B6%D0%B4%D0%B5%D0%BD%D0%B8%D0%B5)","source":"Викиданные","source_id":"Q19908953","license":"CC0 (Викиданные)","confidence":"ok"}},{"type":"Feature","id":"mines:3c9e5845fc6f","geometry":{"type":"Point","coordinates":[50.557194,53.419194]},"properties":{"uid":"mines:3c9e5845fc6f","layer":"mines","layer_title":"Рудники, копи, промыслы","group":"economy","title":"Чубовские розы гипса","category":"строительный карьер","place_text":"Кинельский район","region":"Кинельский район","year_from":1989,"year_to":1989,"date_precision":"open","date_approx":true,"period_raw":"с 1989","summary":"геологический памятник природы","url":"https://ru.wikipedia.org/wiki/%D0%A7%D1%83%D0%B1%D0%BE%D0%B2%D1%81%D0%BA%D0%B8%D0%B5_%D1%80%D0%BE%D0%B7%D1%8B_%D0%B3%D0%B8%D0%BF%D1%81%D0%B0","image_url":"http://commons.wikimedia.org/wiki/Special:FilePath/Desert%20roses%20of%20Chubovka%209818.JPG","source":"Викиданные","source_id":"Q19909150","license":"CC0 (Викиданные)","confidence":"ok"}},{"type":"Feature","id":"mines:6f1d5d0e45c3","geometry":{"type":"Point","coordinates":[33.381111,47.926111]},"properties":{"uid":"mines:6f1d5d0e45c3","layer":"mines","layer_title":"Рудники, копи, промыслы","group":"economy","title":"Саксагань","category":"шахта","year_from":1958,"year_to":1960,"date_precision":"open","date_approx":true,"period_raw":"с 1958","summary":"бывшая шахта в городе Кривой Рог","url":"https://ru.wikipedia.org/wiki/%D0%A1%D0%B0%D0%BA%D1%81%D0%B0%D0%B3%D0%B0%D0%BD%D1%8C_(%D1%88%D0%B0%D1%85%D1%82%D0%B0)","image_url":"http://commons.wikimedia.org/wiki/Special:FilePath/%D0%A2%D0%B0%D0%BA%20%D0%B2%D1%8B%D0%B3%D0%BB%D1%8F%D0%B4%D0%B5%D0%BB%20%D0%BA%D0%BE%D0%BF%D0%B5%D1%80%20%D1%88%D0%B0%D1%85%D1%82%D1%8B%20%22%D0%A1%D0%B0%D0%BA%D1%81%D0%B0%D0%B3%D0%B0%D0%BD%D1%8C%22%20%D0%B8%20%D0%B7%D0%B4%D0%B0%D0%BD%D0%B8%D0%B5%20%D0%90%D0%91%D0%9A%20%D1%80%D1%8F%D0%B4%D0%BE%D0%BC%20%2850-%D0%B5%29.jpg","source":"Викиданные","source_id":"Q20092690","license":"CC0 (Викиданные)","confidence":"ok"}},{"type":"Feature","id":"mines:f89c9faa8060","geometry":{"type":"Point","coordinates":[71.333,44.167]},"properties":{"uid":"mines:f89c9faa8060","layer":"mines","layer_title":"Рудники, копи, промыслы","group":"economy","title":"Айрактинское газовое месторождение","category":"месторождение полезных ископаемых","date_precision":"unknown","date_approx":false,"summary":"Газовое месторождение в Жамбылской области, Казахстан.","url":"https://ru.wikipedia.org/wiki/%D0%90%D0%B9%D1%80%D0%B0%D0%BA%D1%82%D0%B8%D0%BD%D1%81%D0%BA%D0%BE%D0%B5_%D0%B3%D0%B0%D0%B7%D0%BE%D0%BA%D0%BE%D0%BD%D0%B4%D0%B5%D0%BD%D1%81%D0%B0%D1%82%D0%BD%D0%BE%D0%B5_%D0%BC%D0%B5%D1%81%D1%82%D0%BE%D1%80%D0%BE%D0%B6%D0%B4%D0%B5%D0%BD%D0%B8%D0%B5","source":"Викиданные","source_id":"Q20484131","license":"CC0 (Викиданные)","confidence":"ok"}},{"type":"Feature","id":"mines:b73461bfa9a3","geometry":{"type":"Point","coordinates":[56.817,48.2]},"properties":{"uid":"mines:b73461bfa9a3","layer":"mines","layer_title":"Рудники, копи, промыслы","group":"economy","title":"Акжарское восточное нефтяное месторождение","category":"нефтяное месторождение","date_precision":"unknown","date_approx":false,"summary":"Месторождение нефти в Актюбинской области","url":"https://ru.wikipedia.org/wiki/%D0%90%D0%BA%D0%B6%D0%B0%D1%80%D1%81%D0%BA%D0%BE%D0%B5_%D0%B2%D0%BE%D1%81%D1%82%D0%BE%D1%87%D0%BD%D0%BE%D0%B5_%D0%BD%D0%B5%D1%84%D1%82%D1%8F%D0%BD%D0%BE%D0%B5_%D0%BC%D0%B5%D1%81%D1%82%D0%BE%D1%80%D0%BE%D0%B6%D0%B4%D0%B5%D0%BD%D0%B8%D0%B5","source":"Викиданные","source_id":"Q20484485","license":"CC0 (Викиданные)","confidence":"ok"}},{"type":"Feature","id":"mines:60b19b5edf20","geometry":{"type":"Point","coordinates":[76.65,41.6]},"properties":{"uid":"mines:60b19b5edf20","layer":"mines","layer_title":"Рудники, копи, промыслы","group":"economy","title":"Джетимское железорудное месторождение","category":"рудное месторождение","date_precision":"unknown","date_approx":false,"summary":"месторождение железа в Кыргызстане","url":"https://ru.wikipedia.org/wiki/%D0%94%D0%B6%D0%B5%D1%82%D0%B8%D0%BC%D1%81%D0%BA%D0%BE%D0%B5_%D0%B6%D0%B5%D0%BB%D0%B5%D0%B7%D0%BE%D1%80%D1%83%D0%B4%D0%BD%D0%BE%D0%B5_%D0%BC%D0%B5%D1%81%D1%82%D0%BE%D1%80%D0%BE%D0%B6%D0%B4%D0%B5%D0%BD%D0%B8%D0%B5","source":"Викиданные","source_id":"Q20626234","license":"CC0 (Викиданные)","confidence":"ok"}},{"type":"Feature","id":"mines:cbc9fb98f80e","geometry":{"type":"Point","coordinates":[19.971042,54.867198]},"properties":{"uid":"mines:cbc9fb98f80e","layer":"mines","layer_title":"Рудники, копи, промыслы","group":"economy","title":"АО «Калининградский янтарный комбинат»","category":"рудник","place_text":"Калининградская область","region":"Калининградская область","year_from":1947,"year_to":1960,"date_precision":"open","date_approx":true,"period_raw":"с 1947","summary":"российская компания","url":"https://ru.wikipedia.org/wiki/%D0%9A%D0%B0%D0%BB%D0%B8%D0%BD%D0%B8%D0%BD%D0%B3%D1%80%D0%B0%D0%B4%D1%81%D0%BA%D0%B8%D0%B9_%D1%8F%D0%BD%D1%82%D0%B0%D1%80%D0%BD%D1%8B%D0%B9_%D0%BA%D0%BE%D0%BC%D0%B1%D0%B8%D0%BD%D0%B0%D1%82","image_url":"http://commons.wikimedia.org/wiki/Special:FilePath/Palmininkaigintaras11.JPG","source":"Викиданные","source_id":"Q21006591","license":"CC0 (Викиданные)","confidence":"ok"}},{"type":"Feature","id":"mines:8eeb5362c65b","geometry":{"type":"Point","coordinates":[56.198889,53.404194]},"properties":{"uid":"mines:8eeb5362c65b","layer":"mines","layer_title":"Рудники, копи, промыслы","group":"economy","title":"Байгузинское месторождение бурых углей","category":"месторождение полезных ископаемых","place_text":"Байгузинский сельсовет","region":"Байгузинский сельсовет","date_precision":"unknown","date_approx":false,"summary":"месторождение бурого угля в Байгузинском сельсовете Ишимбайского района Башкортостана","url":"https://ru.wikipedia.org/wiki/%D0%91%D0%B0%D0%B9%D0%B3%D1%83%D0%B7%D0%B8%D0%BD%D1%81%D0%BA%D0%BE%D0%B5_%D0%BC%D0%B5%D1%81%D1%82%D0%BE%D1%80%D0%BE%D0%B6%D0%B4%D0%B5%D0%BD%D0%B8%D0%B5_%D0%B1%D1%83%D1%80%D1%8B%D1%85_%D1%83%D0%B3%D0%BB%D0%B5%D0%B9","source":"Викиданные","source_id":"Q21635787","license":"CC0 (Викиданные)","confidence":"ok"}},{"type":"Feature","id":"mines:1a6d21597051","geometry":{"type":"Point","coordinates":[18.683056,50.277222]},"properties":{"uid":"mines:1a6d21597051","layer":"mines","layer_title":"Рудники, копи, промыслы","group":"economy","title":"Gliwice coal mine","category":"рудник","year_from":1901,"year_to":2000,"date_precision":"year","date_approx":false,"period_raw":"1901–2000","url":"https://www.wikidata.org/wiki/Q203884","image_url":"http://commons.wikimedia.org/wiki/Special:FilePath/Budynek%20Cechowni%20w%20Nowych%20Gliwicach.jpg","source":"Викиданные","source_id":"Q203884","license":"CC0 (Викиданные)","confidence":"ok"}},{"type":"Feature","id":"mines:74529fa3a683","geometry":{"type":"Point","coordinates":[50.216667,39.966667]},"properties":{"uid":"mines:74529fa3a683","layer":"mines","layer_title":"Рудники, копи, промыслы","group":"economy","title":"Шах-Дениз","category":"газоконденсатное месторождение","date_precision":"unknown","date_approx":false,"url":"https://ru.wikipedia.org/wiki/%D0%A8%D0%B0%D1%85-%D0%94%D0%B5%D0%BD%D0%B8%D0%B7","source":"Викиданные","source_id":"Q248574","license":"CC0 (Викиданные)","confidence":"ok"}},{"type":"Feature","id":"mines:faa3c3ce8b96","geometry":{"type":"Point","coordinates":[18.774444,50.274444]},"properties":{"uid":"mines:faa3c3ce8b96","layer":"mines","layer_title":"Рудники, копи, промыслы","group":"economy","title":"Sośnica-Makoszowy Coal Mine","category":"рудник","place_text":"Силезское воеводство","region":"Силезское воеводство","year_from":1906,"year_to":1960,"date_precision":"open","date_approx":true,"period_raw":"с 1906","url":"https://www.wikidata.org/wiki/Q268665","image_url":"http://commons.wikimedia.org/wiki/Special:FilePath/KWK%20SM.jpg","source":"Викиданные","source_id":"Q268665","license":"CC0 (Викиданные)","confidence":"ok"}},{"type":"Feature","id":"mines:579348f1c66c","geometry":{"type":"Point","coordinates":[83.547222,67.808056]},"properties":{"uid":"mines:579348f1c66c","layer":"mines","layer_title":"Рудники, копи, промыслы","group":"economy","title":"Ванкорское нефтегазовое месторождение","category":"нефтяное месторождение","place_text":"Красноярский край","region":"Красноярский край","date_precision":"unknown","date_approx":false,"url":"https://ru.wikipedia.org/wiki/%D0%92%D0%B0%D0%BD%D0%BA%D0%BE%D1%80%D1%81%D0%BA%D0%BE%D0%B5_%D0%BD%D0%B5%D1%84%D1%82%D0%B5%D0%B3%D0%B0%D0%B7%D0%BE%D0%B2%D0%BE%D0%B5_%D0%BC%D0%B5%D1%81%D1%82%D0%BE%D1%80%D0%BE%D0%B6%D0%B4%D0%B5%D0%BD%D0%B8%D0%B5","source":"Викиданные","source_id":"Q478671","license":"CC0 (Викиданные)","confidence":"ok"}},{"type":"Feature","id":"mines:0721b6a0e190","geometry":{"type":"Point","coordinates":[62.3586,37.3014]},"properties":{"uid":"mines:0721b6a0e190","layer":"mines","layer_title":"Рудники, копи, промыслы","group":"economy","title":"Газовое месторождение Галкыныш","category":"месторождение природного газа","place_text":"Марыйский велаят","region":"Марыйский велаят","date_precision":"unknown","date_approx":false,"url":"https://ru.wikipedia.org/wiki/%D0%93%D0%B0%D0%B7%D0%BE%D0%B2%D0%BE%D0%B5_%D0%BC%D0%B5%D1%81%D1%82%D0%BE%D1%80%D0%BE%D0%B6%D0%B4%D0%B5%D0%BD%D0%B8%D0%B5_%D0%93%D0%B0%D0%BB%D0%BA%D1%8B%D0%BD%D1%8B%D1%88","source":"Викиданные","source_id":"Q730460","license":"CC0 (Викиданные)","confidence":"ok"}},{"type":"Feature","id":"mines:4b2c2640e1cb","geometry":{"type":"Point","coordinates":[106.1225,55.384444]},"properties":{"uid":"mines:4b2c2640e1cb","layer":"mines","layer_title":"Рудники, копи, промыслы","group":"economy","title":"Ковыктинское газовое месторождение","category":"нефтяное месторождение","place_text":"Сибирь","region":"Сибирь","date_precision":"unknown","date_approx":false,"url":"https://ru.wikipedia.org/wiki/%D0%9A%D0%BE%D0%B2%D1%8B%D0%BA%D1%82%D0%B8%D0%BD%D1%81%D0%BA%D0%BE%D0%B5_%D0%B3%D0%B0%D0%B7%D0%BE%D0%BA%D0%BE%D0%BD%D0%B4%D0%B5%D0%BD%D1%81%D0%B0%D1%82%D0%BD%D0%BE%D0%B5_%D0%BC%D0%B5%D1%81%D1%82%D0%BE%D1%80%D0%BE%D0%B6%D0%B4%D0%B5%D0%BD%D0%B8%D0%B5","source":"Викиданные","source_id":"Q751862","license":"CC0 (Викиданные)","confidence":"ok"}},{"type":"Feature","id":"mines:90f902671dbc","geometry":{"type":"Point","coordinates":[18.791667,50.289722]},"properties":{"uid":"mines:90f902671dbc","layer":"mines","layer_title":"Рудники, копи, промыслы","group":"economy","title":"Guido Mine and Coal Mining Museum","category":"памятник архитектурного наследия","place_text":"Забже","region":"Забже","year_from":1855,"year_to":1960,"date_precision":"open","date_approx":true,"period_raw":"с 1855","url":"https://www.wikidata.org/wiki/Q820499","image_url":"http://commons.wikimedia.org/wiki/Special:FilePath/Zabrze%20kopalnia%20Guido%2001.jpg","source":"Викиданные","source_id":"Q820499","license":"CC0 (Викиданные)","confidence":"ok"}},{"type":"Feature","id":"mines:d0e47a43abd2","geometry":{"type":"Point","coordinates":[45.971667,40.234444]},"properties":{"uid":"mines:d0e47a43abd2","layer":"mines","layer_title":"Рудники, копи, промыслы","group":"economy","title":"Зодское золоторудное месторождение","category":"рудник","place_text":"Гегаркуникская область","region":"Гегаркуникская область","date_precision":"unknown","date_approx":false,"url":"https://ru.wikipedia.org/wiki/%D0%A1%D0%BE%D1%82%D1%81%D0%BA%D0%BE%D0%B5_%D0%B7%D0%BE%D0%BB%D0%BE%D1%82%D0%BE%D1%80%D1%83%D0%B4%D0%BD%D0%BE%D0%B5_%D0%BC%D0%B5%D1%81%D1%82%D0%BE%D1%80%D0%BE%D0%B6%D0%B4%D0%B5%D0%BD%D0%B8%D0%B5","image_url":"http://commons.wikimedia.org/wiki/Special:FilePath/Accumulation%20of%20used%20gold%20ore%20waste%20%28Vardenis%29%2001.jpg","source":"Викиданные","source_id":"Q1133665","license":"CC0 (Викиданные)","confidence":"ok"}},{"type":"Feature","id":"mines:cd9b92815027","geometry":{"type":"Point","coordinates":[44.005278,73.007222]},"properties":{"uid":"mines:cd9b92815027","layer":"mines","layer_title":"Рудники, копи, промыслы","group":"economy","title":"Штокмановское газовое месторождение","category":"месторождение природного газа","place_text":"Баренцево море","region":"Баренцево море","date_precision":"unknown","date_approx":false,"url":"https://ru.wikipedia.org/wiki/%D0%A8%D1%82%D0%BE%D0%BA%D0%BC%D0%B0%D0%BD%D0%BE%D0%B2%D1%81%D0%BA%D0%BE%D0%B5_%D0%B3%D0%B0%D0%B7%D0%BE%D0%B2%D0%BE%D0%B5_%D0%BC%D0%B5%D1%81%D1%82%D0%BE%D1%80%D0%BE%D0%B6%D0%B4%D0%B5%D0%BD%D0%B8%D0%B5","image_url":"http://commons.wikimedia.org/wiki/Special:FilePath/Shtokman%20field.png","source":"Викиданные","source_id":"Q1190318","license":"CC0 (Викиданные)","confidence":"ok"}},{"type":"Feature","id":"mines:a32d06eb87c5","geometry":{"type":"Point","coordinates":[53.383333,46.152778]},"properties":{"uid":"mines:a32d06eb87c5","layer":"mines","layer_title":"Рудники, копи, промыслы","group":"economy","title":"Тенгиз","category":"giant oil and gas field","place_text":"Атырауская область","region":"Атырауская область","year_from":1993,"year_to":1993,"date_precision":"open","date_approx":true,"period_raw":"с 1993","url":"https://ru.wikipedia.org/wiki/%D0%A2%D0%B5%D0%BD%D0%B3%D0%B8%D0%B7_(%D0%BD%D0%B5%D1%84%D1%82%D0%B5%D0%B3%D0%B0%D0%B7%D0%BE%D0%B2%D0%BE%D0%B5_%D0%BC%D0%B5%D1%81%D1%82%D0%BE%D1%80%D0%BE%D0%B6%D0%B4%D0%B5%D0%BD%D0%B8%D0%B5)","source":"Викиданные","source_id":"Q1192000","license":"CC0 (Викиданные)","confidence":"ok"}},{"type":"Feature","id":"mines:0f90a53d6856","geometry":{"type":"Point","coordinates":[21.494167,50.972778]},"properties":{"uid":"mines:0f90a53d6856","layer":"mines","layer_title":"Рудники, копи, промыслы","group":"economy","title":"Кшемёнки-Опатовские","category":"рудник","place_text":"Островецкий повет","region":"Островецкий повет","date_precision":"unknown","date_approx":false,"url":"https://ru.wikipedia.org/wiki/%D0%9A%D1%88%D0%B5%D0%BC%D1%91%D0%BD%D0%BA%D0%B8-%D0%9E%D0%BF%D0%B0%D1%82%D0%BE%D0%B2%D1%81%D0%BA%D0%B8%D0%B5","image_url":"http://commons.wikimedia.org/wiki/Special:FilePath/Krzemionki%2020150519%206519.jpg","source":"Викиданные","source_id":"Q1434086","license":"CC0 (Викиданные)","confidence":"ok"}},{"type":"Feature","id":"mines:3309268a0d6d","geometry":{"type":"Point","coordinates":[76.9,66.1]},"properties":{"uid":"mines:3309268a0d6d","layer":"mines","layer_title":"Рудники, копи, промыслы","group":"economy","title":"Уренгойское газовое месторождение","category":"месторождение природного газа","place_text":"Ямало-Ненецкий автономный округ","region":"Ямало-Ненецкий автономный округ","date_precision":"unknown","date_approx":false,"url":"https://ru.wikipedia.org/wiki/%D0%A3%D1%80%D0%B5%D0%BD%D0%B3%D0%BE%D0%B9%D1%81%D0%BA%D0%BE%D0%B5_%D0%B3%D0%B0%D0%B7%D0%BE%D0%B2%D0%BE%D0%B5_%D0%BC%D0%B5%D1%81%D1%82%D0%BE%D1%80%D0%BE%D0%B6%D0%B4%D0%B5%D0%BD%D0%B8%D0%B5","source":"Викиданные","source_id":"Q1495129","license":"CC0 (Викиданные)","confidence":"ok"}},{"type":"Feature","id":"mines:456192ee2622","geometry":{"type":"Point","coordinates":[53.211079,51.353452]},"properties":{"uid":"mines:456192ee2622","layer":"mines","layer_title":"Рудники, копи, промыслы","group":"economy","title":"Карачаганакское нефтегазовое месторождение","category":"нефтяное месторождение","date_precision":"unknown","date_approx":false,"url":"https://ru.wikipedia.org/wiki/%D0%9A%D0%B0%D1%80%D0%B0%D1%87%D0%B0%D0%B3%D0%B0%D0%BD%D0%B0%D0%BA%D1%81%D0%BA%D0%BE%D0%B5_%D0%BD%D0%B5%D1%84%D1%82%D0%B5%D0%B3%D0%B0%D0%B7%D0%BE%D0%BA%D0%BE%D0%BD%D0%B4%D0%B5%D0%BD%D1%81%D0%B0%D1%82%D0%BD%D0%BE%D0%B5_%D0%BC%D0%B5%D1%81%D1%82%D0%BE%D1%80%D0%BE%D0%B6%D0%B4%D0%B5%D0%BD%D0%B8%D0%B5","image_url":"http://commons.wikimedia.org/wiki/Special:FilePath/Bolshoi%20Chagan%20pumping%20station.jpg","source":"Викиданные","source_id":"Q1523920","license":"CC0 (Викиданные)","confidence":"ok"}},{"type":"Feature","id":"mines:e60d4d3a0a7b","geometry":{"type":"Point","coordinates":[110.884236,59.823164]},"properties":{"uid":"mines:e60d4d3a0a7b","layer":"mines","layer_title":"Рудники, копи, промыслы","group":"economy","title":"Талаканское нефтегазоконденсатное месторождение","category":"месторождение нефти и газа","date_precision":"unknown","date_approx":false,"url":"https://ru.wikipedia.org/wiki/%D0%A2%D0%B0%D0%BB%D0%B0%D0%BA%D0%B0%D0%BD%D1%81%D0%BA%D0%BE%D0%B5_%D0%BD%D0%B5%D1%84%D1%82%D0%B5%D0%B3%D0%B0%D0%B7%D0%BE%D0%BA%D0%BE%D0%BD%D0%B4%D0%B5%D0%BD%D1%81%D0%B0%D1%82%D0%BD%D0%BE%D0%B5_%D0%BC%D0%B5%D1%81%D1%82%D0%BE%D1%80%D0%BE%D0%B6%D0%B4%D0%B5%D0%BD%D0%B8%D0%B5","source":"Викиданные","source_id":"Q1531125","license":"CC0 (Викиданные)","confidence":"ok"}},{"type":"Feature","id":"mines:ab2667dbed40","geometry":{"type":"Point","coordinates":[18.929167,50.342778]},"properties":{"uid":"mines:ab2667dbed40","layer":"mines","layer_title":"Рудники, копи, промыслы","group":"economy","title":"Rozbark coal mine","category":"рудник","place_text":"Rozbark","region":"Rozbark","year_from":1870,"year_to":2004,"date_precision":"year","date_approx":false,"period_raw":"1870–2004","url":"https://www.wikidata.org/wiki/Q1596269","image_url":"http://commons.wikimedia.org/wiki/Special:FilePath/Bytom%20Rozbark%20mine%20Bonczyk%20%26%20Stalmach%20towers.jpg","source":"Викиданные","source_id":"Q1596269","license":"CC0 (Викиданные)","confidence":"ok"}},{"type":"Feature","id":"mines:2e89cf3f87c2","geometry":{"type":"Point","coordinates":[67.536563,45.282133]},"properties":{"uid":"mines:2e89cf3f87c2","layer":"mines","layer_title":"Рудники, копи, промыслы","group":"economy","title":"Инкай (урановое месторождение)","category":"совместное предприятие","year_from":2009,"year_to":2009,"date_precision":"open","date_approx":true,"period_raw":"с 2009","url":"https://ru.wikipedia.org/wiki/%D0%98%D0%BD%D0%BA%D0%B0%D0%B9_(%D1%83%D1%80%D0%B0%D0%BD%D0%BE%D0%B2%D0%BE%D0%B5_%D0%BC%D0%B5%D1%81%D1%82%D0%BE%D1%80%D0%BE%D0%B6%D0%B4%D0%B5%D0%BD%D0%B8%D0%B5)","image_url":"http://commons.wikimedia.org/wiki/Special:FilePath/Steppe%20of%20western%20Kazakhstan%20in%20the%20early%20spring.jpg","source":"Викиданные","source_id":"Q1627371","license":"CC0 (Викиданные)","confidence":"ok"}},{"type":"Feature","id":"mines:e60e3b7b07a9","geometry":{"type":"Point","coordinates":[75.866667,67.280556]},"properties":{"uid":"mines:e60e3b7b07a9","layer":"mines","layer_title":"Рудники, копи, промыслы","group":"economy","title":"Южно-Русское нефтегазовое месторождение","category":"нефтяное месторождение","place_text":"Красноселькупский район","region":"Красноселькупский район","date_precision":"unknown","date_approx":false,"url":"https://ru.wikipedia.org/wiki/%D0%AE%D0%B6%D0%BD%D0%BE-%D0%A0%D1%83%D1%81%D1%81%D0%BA%D0%BE%D0%B5_%D0%BD%D0%B5%D1%84%D1%82%D0%B5%D0%B3%D0%B0%D0%B7%D0%BE%D0%B2%D0%BE%D0%B5_%D0%BC%D0%B5%D1%81%D1%82%D0%BE%D1%80%D0%BE%D0%B6%D0%B4%D0%B5%D0%BD%D0%B8%D0%B5","source":"Викиданные","source_id":"Q1714051","license":"CC0 (Викиданные)","confidence":"ok"}},{"type":"Feature","id":"mines:e27110e8f07a","geometry":{"type":"Point","coordinates":[52.454167,46.636389]},"properties":{"uid":"mines:e27110e8f07a","layer":"mines","layer_title":"Рудники, копи, промыслы","group":"economy","title":"Кашаган","category":"нефтяное месторождение","place_text":"Атырауская область","region":"Атырауская область","date_precision":"unknown","date_approx":false,"url":"https://ru.wikipedia.org/wiki/%D0%9A%D0%B0%D1%88%D0%B0%D0%B3%D0%B0%D0%BD","image_url":"http://commons.wikimedia.org/wiki/Special:FilePath/Kashagan%20Oil%20Field%2C%20Kazakhstan%20by%20Planet%20Labs.jpg","source":"Викиданные","source_id":"Q1734853","license":"CC0 (Викиданные)","confidence":"ok"}},{"type":"Feature","id":"mines:ee6f3efa220a","geometry":{"type":"Point","coordinates":[70.766667,61.216667]},"properties":{"uid":"mines:ee6f3efa220a","layer":"mines","layer_title":"Рудники, копи, промыслы","group":"economy","title":"Приобское нефтяное месторождение","category":"нефтяное месторождение","place_text":"Ханты-Мансийский автономный округ — Югра","region":"Ханты-Мансийский автономный округ — Югра","date_precision":"unknown","date_approx":false,"url":"https://ru.wikipedia.org/wiki/%D0%9F%D1%80%D0%B8%D0%BE%D0%B1%D1%81%D0%BA%D0%BE%D0%B5_%D0%BD%D0%B5%D1%84%D1%82%D1%8F%D0%BD%D0%BE%D0%B5_%D0%BC%D0%B5%D1%81%D1%82%D0%BE%D1%80%D0%BE%D0%B6%D0%B4%D0%B5%D0%BD%D0%B8%D0%B5","source":"Викиданные","source_id":"Q1749175","license":"CC0 (Викиданные)","confidence":"ok"}},{"type":"Feature","id":"mines:c1edbb76348a","geometry":{"type":"Point","coordinates":[18.987936,50.244775]},"properties":{"uid":"mines:c1edbb76348a","layer":"mines","layer_title":"Рудники, копи, промыслы","group":"economy","title":"Wujek Coal Mine","category":"рудник","place_text":"Катовице","region":"Катовице","year_from":1899,"year_to":1960,"date_precision":"open","date_approx":true,"period_raw":"с 1899","url":"https://www.wikidata.org/wiki/Q1783873","image_url":"http://commons.wikimedia.org/wiki/Special:FilePath/Katowice%20Wujek%20coal%20mine%202021%20%28cropped%29.jpg","source":"Викиданные","source_id":"Q1783873","license":"CC0 (Викиданные)","confidence":"ok"}},{"type":"Feature","id":"mines:fc61260f7c1d","geometry":{"type":"Point","coordinates":[61.3,36.6]},"properties":{"uid":"mines:fc61260f7c1d","layer":"mines","layer_title":"Рудники, копи, промыслы","group":"economy","title":"Довлетабад","category":"месторождение природного газа","place_text":"Марыйский велаят","region":"Марыйский велаят","date_precision":"unknown","date_approx":false,"url":"https://ru.wikipedia.org/wiki/%D0%94%D0%BE%D0%B2%D0%BB%D0%B5%D1%82%D0%B0%D0%B1%D0%B0%D0%B4","source":"Викиданные","source_id":"Q2033768","license":"CC0 (Викиданные)","confidence":"ok"}},{"type":"Feature","id":"mines:836c27ab88c0","geometry":{"type":"Point","coordinates":[18.851944,50.243889]},"properties":{"uid":"mines:836c27ab88c0","layer":"mines","layer_title":"Рудники, копи, промыслы","group":"economy","title":"Halemba Coal Mine","category":"рудник","place_text":"Руда-Слёнская","region":"Руда-Слёнская","year_from":1897,"year_to":1960,"date_precision":"open","date_approx":true,"period_raw":"с 1897","url":"https://www.wikidata.org/wiki/Q2237716","image_url":"http://commons.wikimedia.org/wiki/Special:FilePath/KWK%20Halemba%201.jpg","source":"Викиданные","source_id":"Q2237716","license":"CC0 (Викиданные)","confidence":"ok"}},{"type":"Feature","id":"mines:95f82e4e3a71","geometry":{"type":"Point","coordinates":[52.37056,54.57278]},"properties":{"uid":"mines:95f82e4e3a71","layer":"mines","layer_title":"Рудники, копи, промыслы","group":"economy","title":"Ромашкинское нефтяное месторождение","category":"нефтяное месторождение","place_text":"Татарстан","region":"Татарстан","date_precision":"unknown","date_approx":false,"url":"https://ru.wikipedia.org/wiki/%D0%A0%D0%BE%D0%BC%D0%B0%D1%88%D0%BA%D0%B8%D0%BD%D1%81%D0%BA%D0%BE%D0%B5_%D0%BD%D0%B5%D1%84%D1%82%D1%8F%D0%BD%D0%BE%D0%B5_%D0%BC%D0%B5%D1%81%D1%82%D0%BE%D1%80%D0%BE%D0%B6%D0%B4%D0%B5%D0%BD%D0%B8%D0%B5","image_url":"http://commons.wikimedia.org/wiki/Special:FilePath/%D0%9F%D0%B0%D0%BC%D1%8F%D1%82%D0%BD%D0%B8%D0%BA%20%C2%AB%D0%A1%D0%BA%D0%B2%D0%B0%D0%B6%D0%B8%D0%BD%D0%B0%20%E2%84%96%203%C2%BB%20%D0%B2%20%D1%81%D0%B5%D0%BB%D0%B5%20%D0%A2%D0%B8%D0%BC%D1%8F%D1%88%D0%B5%D0%B2%D0%BE%20%2809%29.jpg","source":"Викиданные","source_id":"Q2379509","license":"CC0 (Викиданные)","confidence":"ok"}},{"type":"Feature","id":"mines:3f2194155cde","geometry":{"type":"Point","coordinates":[23.4713,51.133]},"properties":{"uid":"mines:3f2194155cde","layer":"mines","layer_title":"Рудники, копи, промыслы","group":"economy","title":"Хелмские меловые подземелья","category":"рудник","place_text":"Хелм","region":"Хелм","date_precision":"unknown","date_approx":false,"url":"https://ru.wikipedia.org/wiki/%D0%A5%D0%B5%D0%BB%D0%BC%D1%81%D0%BA%D0%B8%D0%B5_%D0%BC%D0%B5%D0%BB%D0%BE%D0%B2%D1%8B%D0%B5_%D0%BF%D0%BE%D0%B4%D0%B7%D0%B5%D0%BC%D0%B5%D0%BB%D1%8C%D1%8F","image_url":"http://commons.wikimedia.org/wiki/Special:FilePath/Podziemia%20kredowe%20II.jpg","source":"Викиданные","source_id":"Q2916845","license":"CC0 (Викиданные)","confidence":"ok"}},{"type":"Feature","id":"mines:c4310bc6f3cc","geometry":{"type":"Point","coordinates":[38.066667,48.083333]},"properties":{"uid":"mines:c4310bc6f3cc","layer":"mines","layer_title":"Рудники, копи, промыслы","group":"economy","title":"Bazhanova Coal Mine","category":"рудник","place_text":"Донецкая область","region":"Донецкая область","date_precision":"unknown","date_approx":false,"url":"https://www.wikidata.org/wiki/Q3314846","source":"Викиданные","source_id":"Q3314846","license":"CC0 (Викиданные)","confidence":"ok"}},{"type":"Feature","id":"mines:d9df6c146312","geometry":{"type":"Point","coordinates":[19.1281,50.1258]},"properties":{"uid":"mines:d9df6c146312","layer":"mines","layer_title":"Рудники, копи, промыслы","group":"economy","title":"Ziemowit Coal Mine","category":"рудник","place_text":"Лендзины","region":"Лендзины","year_from":1952,"year_to":2016,"date_precision":"year","date_approx":false,"period_raw":"1952–2016","url":"https://www.wikidata.org/wiki/Q3499645","image_url":"http://commons.wikimedia.org/wiki/Special:FilePath/KWK%20Ziemowit%20L%C4%99dziny%202.JPG","source":"Викиданные","source_id":"Q3499645","license":"CC0 (Викиданные)","confidence":"ok"}},{"type":"Feature","id":"mines:e6f3606125bd","geometry":{"type":"Point","coordinates":[18.774722,50.047778]},"properties":{"uid":"mines:e6f3606125bd","layer":"mines","layer_title":"Рудники, копи, промыслы","group":"economy","title":"Krupiński Coal Mine","category":"рудник","place_text":"Силезское воеводство","region":"Силезское воеводство","year_from":1983,"year_to":2017,"date_precision":"year","date_approx":false,"period_raw":"1983–2017","url":"https://www.wikidata.org/wiki/Q3501648","image_url":"http://commons.wikimedia.org/wiki/Special:FilePath/Kwk%20krupinski.jpg","source":"Викиданные","source_id":"Q3501648","license":"CC0 (Викиданные)","confidence":"ok"}},{"type":"Feature","id":"mines:c72097dd8bc0","geometry":{"type":"Point","coordinates":[18.689722,49.967222]},"properties":{"uid":"mines:c72097dd8bc0","layer":"mines","layer_title":"Рудники, копи, промыслы","group":"economy","title":"Pniówek Coal Mine","category":"рудник","place_text":"Ястшембе-Здруй","region":"Ястшембе-Здруй","date_precision":"unknown","date_approx":false,"url":"https://www.wikidata.org/wiki/Q3507220","image_url":"http://commons.wikimedia.org/wiki/Special:FilePath/Kopalnia%20W%C4%99gla%20Kamiennego%20Pni%C3%B3wek%2001.jpg","source":"Викиданные","source_id":"Q3507220","license":"CC0 (Викиданные)","confidence":"ok"}},{"type":"Feature","id":"mines:542bfe006dd3","geometry":{"type":"Point","coordinates":[23.00472,51.32889]},"properties":{"uid":"mines:542bfe006dd3","layer":"mines","layer_title":"Рудники, копи, промыслы","group":"economy","title":"Bogdanka Coal Mine","category":"рудник","place_text":"Люблинское воеводство","region":"Люблинское воеводство","date_precision":"unknown","date_approx":false,"url":"https://www.wikidata.org/wiki/Q3507237","image_url":"http://commons.wikimedia.org/wiki/Special:FilePath/Bogdanka1.jpg","source":"Викиданные","source_id":"Q3507237","license":"CC0 (Викиданные)","confidence":"ok"}},{"type":"Feature","id":"mines:fad30ed8b015","geometry":{"type":"Point","coordinates":[18.612778,49.999444]},"properties":{"uid":"mines:fad30ed8b015","layer":"mines","layer_title":"Рудники, копи, промыслы","group":"economy","title":"Borynia Coal Mine","category":"рудник","place_text":"Ястшембе-Здруй","region":"Ястшембе-Здруй","year_from":1971,"year_to":1971,"date_precision":"open","date_approx":true,"period_raw":"с 1971","url":"https://www.wikidata.org/wiki/Q3507252","image_url":"http://commons.wikimedia.org/wiki/Special:FilePath/Borynia%20Sch%C3%A4chte%20I%20und%20II.jpg","source":"Викиданные","source_id":"Q3507252","license":"CC0 (Викиданные)","confidence":"ok"}},{"type":"Feature","id":"mines:e50be3621581","geometry":{"type":"Point","coordinates":[18.625,49.9668]},"properties":{"uid":"mines:e50be3621581","layer":"mines","layer_title":"Рудники, копи, промыслы","group":"economy","title":"Zofiówka Coal Mine","category":"рудник","place_text":"Ястшембе-Здруй","region":"Ястшембе-Здруй","year_from":1961,"year_to":1961,"date_precision":"open","date_approx":true,"period_raw":"с 1961","url":"https://www.wikidata.org/wiki/Q3507833","image_url":"http://commons.wikimedia.org/wiki/Special:FilePath/KWK%20Zofi%C3%B3wka.jpg","source":"Викиданные","source_id":"Q3507833","license":"CC0 (Викиданные)","confidence":"ok"}},{"type":"Feature","id":"mines:8d396991370f","geometry":{"type":"Point","coordinates":[96.25,57.15]},"properties":{"uid":"mines:8d396991370f","layer":"mines","layer_title":"Рудники, копи, промыслы","group":"economy","title":"Абанское угольное месторождение","category":"угольное месторождение","place_text":"Абанский район","region":"Абанский район","date_precision":"unknown","date_approx":false,"url":"https://ru.wikipedia.org/wiki/%D0%90%D0%B1%D0%B0%D0%BD%D1%81%D0%BA%D0%BE%D0%B5_%D1%83%D0%B3%D0%BE%D0%BB%D1%8C%D0%BD%D0%BE%D0%B5_%D0%BC%D0%B5%D1%81%D1%82%D0%BE%D1%80%D0%BE%D0%B6%D0%B4%D0%B5%D0%BD%D0%B8%D0%B5","source":"Викиданные","source_id":"Q4054316","license":"CC0 (Викиданные)","confidence":"ok"}},{"type":"Feature","id":"mines:28cadfd9e7c5","geometry":{"type":"Point","coordinates":[44.65,40.3]},"properties":{"uid":"mines:28cadfd9e7c5","layer":"mines","layer_title":"Рудники, копи, промыслы","group":"economy","title":"Абовянское железорудное месторождение","category":"рудник","place_text":"Котайкская область","region":"Котайкская область","date_precision":"unknown","date_approx":false,"url":"https://ru.wikipedia.org/wiki/%D0%90%D0%B1%D0%BE%D0%B2%D1%8F%D0%BD%D1%81%D0%BA%D0%BE%D0%B5_%D0%B6%D0%B5%D0%BB%D0%B5%D0%B7%D0%BE%D1%80%D1%83%D0%B4%D0%BD%D0%BE%D0%B5_%D0%BC%D0%B5%D1%81%D1%82%D0%BE%D1%80%D0%BE%D0%B6%D0%B4%D0%B5%D0%BD%D0%B8%D0%B5","source":"Викиданные","source_id":"Q4054814","license":"CC0 (Викиданные)","confidence":"ok"}},{"type":"Feature","id":"mines:1e8de461d1f3","geometry":{"type":"Point","coordinates":[54.416667,53.5]},"properties":{"uid":"mines:1e8de461d1f3","layer":"mines","layer_title":"Рудники, копи, промыслы","group":"economy","title":"Азнаевское нефтяное месторождение","category":"нефтяное месторождение","date_precision":"unknown","date_approx":false,"url":"https://ru.wikipedia.org/wiki/%D0%90%D0%B7%D0%BD%D0%B0%D0%B5%D0%B2%D1%81%D0%BA%D0%BE%D0%B5_%D0%BD%D0%B5%D1%84%D1%82%D1%8F%D0%BD%D0%BE%D0%B5_%D0%BC%D0%B5%D1%81%D1%82%D0%BE%D1%80%D0%BE%D0%B6%D0%B4%D0%B5%D0%BD%D0%B8%D0%B5","source":"Викиданные","source_id":"Q4058381","license":"CC0 (Викиданные)","confidence":"ok"}},{"type":"Feature","id":"mines:cb953c7ba742","geometry":{"type":"Point","coordinates":[71.088056,44.336667]},"properties":{"uid":"mines:cb953c7ba742","layer":"mines","layer_title":"Рудники, копи, промыслы","group":"economy","title":"Амангельды (газовое месторождение)","category":"месторождение природного газа","place_text":"Алматинская область","region":"Алматинская область","date_precision":"unknown","date_approx":false,"url":"https://ru.wikipedia.org/wiki/%D0%90%D0%BC%D0%B0%D0%BD%D0%B3%D0%B5%D0%BB%D1%8C%D0%B4%D0%B8%D0%BD%D1%81%D0%BA%D0%BE%D0%B5_%D0%B3%D0%B0%D0%B7%D0%BE%D0%B2%D0%BE%D0%B5_%D0%BC%D0%B5%D1%81%D1%82%D0%BE%D1%80%D0%BE%D0%B6%D0%B4%D0%B5%D0%BD%D0%B8%D0%B5","source":"Викиданные","source_id":"Q4063917","license":"CC0 (Викиданные)","confidence":"ok"}},{"type":"Feature","id":"mines:329074ae2134","geometry":{"type":"Point","coordinates":[45.6765,39.7196]},"properties":{"uid":"mines:329074ae2134","layer":"mines","layer_title":"Рудники, копи, промыслы","group":"economy","title":"Амулсарское золоторудное месторождение","category":"месторождение полезных ископаемых","date_precision":"unknown","date_approx":false,"url":"https://ru.wikipedia.org/wiki/%D0%90%D0%BC%D1%83%D0%BB%D1%81%D0%B0%D1%80%D1%81%D0%BA%D0%BE%D0%B5_%D0%B7%D0%BE%D0%BB%D0%BE%D1%82%D0%BE%D1%80%D1%83%D0%B4%D0%BD%D0%BE%D0%B5_%D0%BC%D0%B5%D1%81%D1%82%D0%BE%D1%80%D0%BE%D0%B6%D0%B4%D0%B5%D0%BD%D0%B8%D0%B5","source":"Викиданные","source_id":"Q4064544","license":"CC0 (Викиданные)","confidence":"ok"}},{"type":"Feature","id":"mines:a62b6ad65b70","geometry":{"type":"Point","coordinates":[54.124676,55.943645]},"properties":{"uid":"mines:a62b6ad65b70","layer":"mines","layer_title":"Рудники, копи, промыслы","group":"economy","title":"Арланское нефтяное месторождение","category":"месторождение полезных ископаемых","date_precision":"unknown","date_approx":false,"url":"https://ru.wikipedia.org/wiki/%D0%90%D1%80%D0%BB%D0%B0%D0%BD%D1%81%D0%BA%D0%BE%D0%B5_%D0%BD%D0%B5%D1%84%D1%82%D1%8F%D0%BD%D0%BE%D0%B5_%D0%BC%D0%B5%D1%81%D1%82%D0%BE%D1%80%D0%BE%D0%B6%D0%B4%D0%B5%D0%BD%D0%B8%D0%B5","image_url":"http://commons.wikimedia.org/wiki/Special:FilePath/%D0%9C%D0%BE%D0%BD%D1%83%D0%BC%D0%B5%D0%BD%D1%82%20%D1%81%D0%BA%D0%B2%D0%B0%D0%B6%D0%B8%D0%BD%D0%B5%20%D0%BF%D0%B5%D1%80%D0%B2%D0%BE%D0%BE%D1%82%D0%BA%D1%80%D1%8B%D0%B2%D0%B0%D1%82%D0%B5%D0%BB%D1%8C%D0%BD%D0%B8%D1%86%D0%B5%20%D0%90%D1%80%D0%BB%D0%B0%D0%BD%D0%BA%D0%BE%D0%B9%20%D0%BD%D0%B5%D1%84%D1%82%D0%B8.JPG","source":"Викиданные","source_id":"Q4069501","license":"CC0 (Викиданные)","confidence":"ok"}},{"type":"Feature","id":"mines:2219c59fd97a","geometry":{"type":"Point","coordinates":[51.9212,45.376]},"properties":{"uid":"mines:2219c59fd97a","layer":"mines","layer_title":"Рудники, копи, промыслы","group":"economy","title":"Арманское газонефтяное месторождение","category":"нефтяное месторождение","place_text":"Мангистауская область","region":"Мангистауская область","date_precision":"unknown","date_approx":false,"url":"https://ru.wikipedia.org/wiki/%D0%90%D1%80%D0%BC%D0%B0%D0%BD%D1%81%D0%BA%D0%BE%D0%B5_%D0%B3%D0%B0%D0%B7%D0%BE%D0%BD%D0%B5%D1%84%D1%82%D1%8F%D0%BD%D0%BE%D0%B5_%D0%BC%D0%B5%D1%81%D1%82%D0%BE%D1%80%D0%BE%D0%B6%D0%B4%D0%B5%D0%BD%D0%B8%D0%B5","source":"Викиданные","source_id":"Q4069562","license":"CC0 (Викиданные)","confidence":"ok"}},{"type":"Feature","id":"mines:9d28de68d5b3","geometry":{"type":"Point","coordinates":[31.75,45.683333]},"properties":{"uid":"mines:9d28de68d5b3","layer":"mines","layer_title":"Рудники, копи, промыслы","group":"economy","title":"Архангельское газовое месторождение","category":"месторождение природного газа","year_from":1992,"year_to":1992,"date_precision":"open","date_approx":true,"period_raw":"с 1992","url":"https://ru.wikipedia.org/wiki/%D0%90%D1%80%D1%85%D0%B0%D0%BD%D0%B3%D0%B5%D0%BB%D1%8C%D1%81%D0%BA%D0%BE%D0%B5_%D0%B3%D0%B0%D0%B7%D0%BE%D0%B2%D0%BE%D0%B5_%D0%BC%D0%B5%D1%81%D1%82%D0%BE%D1%80%D0%BE%D0%B6%D0%B4%D0%B5%D0%BD%D0%B8%D0%B5","source":"Викиданные","source_id":"Q4070654","license":"CC0 (Викиданные)","confidence":"ok"}},{"type":"Feature","id":"mines:f080f78ca650","geometry":{"type":"Point","coordinates":[52.315,43.5601]},"properties":{"uid":"mines:f080f78ca650","layer":"mines","layer_title":"Рудники, копи, промыслы","group":"economy","title":"Асар (месторождение)","category":"месторождение полезных ископаемых","date_precision":"unknown","date_approx":false,"url":"https://ru.wikipedia.org/wiki/%D0%90%D1%81%D0%B0%D1%80_(%D0%BC%D0%B5%D1%81%D1%82%D0%BE%D1%80%D0%BE%D0%B6%D0%B4%D0%B5%D0%BD%D0%B8%D0%B5)","source":"Викиданные","source_id":"Q4071156","license":"CC0 (Викиданные)","confidence":"ok"}},{"type":"Feature","id":"mines:8e6bfdf4e231","geometry":{"type":"Point","coordinates":[48.134167,46.850833]},"properties":{"uid":"mines:8e6bfdf4e231","layer":"mines","layer_title":"Рудники, копи, промыслы","group":"economy","title":"Астраханское газоконденсатное месторождение","category":"нефтяное месторождение","date_precision":"unknown","date_approx":false,"url":"https://ru.wikipedia.org/wiki/%D0%90%D1%81%D1%82%D1%80%D0%B0%D1%85%D0%B0%D0%BD%D1%81%D0%BA%D0%BE%D0%B5_%D0%B3%D0%B0%D0%B7%D0%BE%D0%BA%D0%BE%D0%BD%D0%B4%D0%B5%D0%BD%D1%81%D0%B0%D1%82%D0%BD%D0%BE%D0%B5_%D0%BC%D0%B5%D1%81%D1%82%D0%BE%D1%80%D0%BE%D0%B6%D0%B4%D0%B5%D0%BD%D0%B8%D0%B5","source":"Викиданные","source_id":"Q4071743","license":"CC0 (Викиданные)","confidence":"ok"}},{"type":"Feature","id":"mines:352f1210f5a1","geometry":{"type":"Point","coordinates":[49.871,40.368]},"properties":{"uid":"mines:352f1210f5a1","layer":"mines","layer_title":"Рудники, копи, промыслы","group":"economy","title":"Бахар (нефтегазовое месторождение)","category":"нефтяное месторождение","year_from":1969,"year_to":1969,"date_precision":"open","date_approx":true,"period_raw":"с 1969","url":"https://ru.wikipedia.org/wiki/%D0%91%D0%B0%D1%85%D0%B0%D1%80_(%D0%BD%D0%B5%D1%84%D1%82%D0%B5%D0%B3%D0%B0%D0%B7%D0%BE%D0%B2%D0%BE%D0%B5_%D0%BC%D0%B5%D1%81%D1%82%D0%BE%D1%80%D0%BE%D0%B6%D0%B4%D0%B5%D0%BD%D0%B8%D0%B5)","source":"Викиданные","source_id":"Q4079771","license":"CC0 (Викиданные)","confidence":"ok"}},{"type":"Feature","id":"mines:dfcb069073ba","geometry":{"type":"Point","coordinates":[38.968656,51.622367]},"properties":{"uid":"mines:dfcb069073ba","layer":"mines","layer_title":"Рудники, копи, промыслы","group":"economy","title":"Белый колодец","category":"рудник","place_text":"Семилукский район","region":"Семилукский район","date_precision":"unknown","date_approx":false,"url":"https://ru.wikipedia.org/wiki/%D0%91%D0%B5%D0%BB%D1%8B%D0%B9_%D0%BA%D0%BE%D0%BB%D0%BE%D0%B4%D0%B5%D1%86","source":"Викиданные","source_id":"Q4083130","license":"CC0 (Викиданные)","confidence":"ok"}},{"type":"Feature","id":"mines:f35c5f46fec7","geometry":{"type":"Point","coordinates":[50.25,49.15]},"properties":{"uid":"mines:f35c5f46fec7","layer":"mines","layer_title":"Рудники, копи, промыслы","group":"economy","title":"Болганмола","category":"месторождение полезных ископаемых","date_precision":"unknown","date_approx":false,"url":"https://ru.wikipedia.org/wiki/%D0%91%D0%BE%D0%BB%D0%B3%D0%B0%D0%BD%D0%BC%D0%BE%D0%BB%D0%B0","source":"Викиданные","source_id":"Q4090652","license":"CC0 (Викиданные)","confidence":"ok"}},{"type":"Feature","id":"mines:0557f37074a7","geometry":{"type":"Point","coordinates":[54.033878,39.332759]},"properties":{"uid":"mines:0557f37074a7","layer":"mines","layer_title":"Рудники, копи, промыслы","group":"economy","title":"Бурун","category":"месторождение нефти и газа","place_text":"Балканский велаят","region":"Балканский велаят","date_precision":"unknown","date_approx":false,"url":"https://www.wikidata.org/wiki/Q4099909","source":"Викиданные","source_id":"Q4099909","license":"CC0 (Викиданные)","confidence":"ok"}},{"type":"Feature","id":"mines:591fa78b22db","geometry":{"type":"Point","coordinates":[24.228889,50.386667]},"properties":{"uid":"mines:591fa78b22db","layer":"mines","layer_title":"Рудники, копи, промыслы","group":"economy","title":"Великомостовская (шахта)","category":"рудник","date_precision":"unknown","date_approx":false,"url":"https://ru.wikipedia.org/wiki/%D0%92%D0%B5%D0%BB%D0%B8%D0%BA%D0%BE%D0%BC%D0%BE%D1%81%D1%82%D0%BE%D0%B2%D1%81%D0%BA%D0%B0%D1%8F_(%D1%88%D0%B0%D1%85%D1%82%D0%B0)","source":"Викиданные","source_id":"Q4106765","license":"CC0 (Викиданные)","confidence":"ok"}},{"type":"Feature","id":"mines:dd1fd7001bb8","geometry":{"type":"Point","coordinates":[56.80989,59.59346]},"properties":{"uid":"mines:dd1fd7001bb8","layer":"mines","layer_title":"Рудники, копи, промыслы","group":"economy","title":"Верхнекамское месторождение калийных солей","category":"месторождение полезных ископаемых","date_precision":"unknown","date_approx":false,"url":"https://ru.wikipedia.org/wiki/%D0%92%D0%B5%D1%80%D1%85%D0%BD%D0%B5%D0%BA%D0%B0%D0%BC%D1%81%D0%BA%D0%BE%D0%B5_%D0%BC%D0%B5%D1%81%D1%82%D0%BE%D1%80%D0%BE%D0%B6%D0%B4%D0%B5%D0%BD%D0%B8%D0%B5_%D0%BA%D0%B0%D0%BB%D0%B8%D0%B9%D0%BD%D0%BE-%D0%BC%D0%B0%D0%B3%D0%BD%D0%B8%D0%B5%D0%B2%D1%8B%D1%85_%D1%81%D0%BE%D0%BB%D0%B5%D0%B9","source":"Викиданные","source_id":"Q4108422","license":"CC0 (Викиданные)","confidence":"ok"}},{"type":"Feature","id":"mines:3d829e4a0085","geometry":{"type":"Point","coordinates":[24.2175,50.309722]},"properties":{"uid":"mines:3d829e4a0085","layer":"mines","layer_title":"Рудники, копи, промыслы","group":"economy","title":"Визейская (шахта)","category":"рудник","place_text":"Селец","region":"Селец","date_precision":"unknown","date_approx":false,"url":"https://ru.wikipedia.org/wiki/%D0%92%D0%B8%D0%B7%D0%B5%D0%B9%D1%81%D0%BA%D0%B0%D1%8F_(%D1%88%D0%B0%D1%85%D1%82%D0%B0)","source":"Викиданные","source_id":"Q4110857","license":"CC0 (Викиданные)","confidence":"ok"}},{"type":"Feature","id":"mines:77e43dfe4b0f","geometry":{"type":"Point","coordinates":[56.819167,66.708889]},"properties":{"uid":"mines:77e43dfe4b0f","layer":"mines","layer_title":"Рудники, копи, промыслы","group":"economy","title":"Возейское нефтяное месторождение","category":"месторождение полезных ископаемых","date_precision":"unknown","date_approx":false,"url":"https://ru.wikipedia.org/wiki/%D0%92%D0%BE%D0%B7%D0%B5%D0%B9%D1%81%D0%BA%D0%BE%D0%B5_%D0%BD%D0%B5%D1%84%D1%82%D1%8F%D0%BD%D0%BE%D0%B5_%D0%BC%D0%B5%D1%81%D1%82%D0%BE%D1%80%D0%BE%D0%B6%D0%B4%D0%B5%D0%BD%D0%B8%D0%B5","source":"Викиданные","source_id":"Q4114784","license":"CC0 (Викиданные)","confidence":"ok"}},{"type":"Feature","id":"mines:3c40ee24b6fb","geometry":{"type":"Point","coordinates":[32.997222,45.488333]},"properties":{"uid":"mines:3c40ee24b6fb","layer":"mines","layer_title":"Рудники, копи, промыслы","group":"economy","title":"Глебовское газоконденсатное месторождение","category":"газоконденсатное месторождение","date_precision":"unknown","date_approx":false,"url":"https://ru.wikipedia.org/wiki/%D0%93%D0%BB%D0%B5%D0%B1%D0%BE%D0%B2%D1%81%D0%BA%D0%BE%D0%B5_%D0%B3%D0%B0%D0%B7%D0%BE%D0%BA%D0%BE%D0%BD%D0%B4%D0%B5%D0%BD%D1%81%D0%B0%D1%82%D0%BD%D0%BE%D0%B5_%D0%BC%D0%B5%D1%81%D1%82%D0%BE%D1%80%D0%BE%D0%B6%D0%B4%D0%B5%D0%BD%D0%B8%D0%B5","image_url":"http://commons.wikimedia.org/wiki/Special:FilePath/%D0%A3%D0%94%D0%93%20%D0%93%D0%90%D0%9E%20%22%D0%A7%D0%B5%D1%80%D0%BD%D0%BE%D0%BC%D0%BE%D1%80%D0%BD%D0%B5%D1%84%D1%82%D0%B5%D0%B3%D0%B0%D0%B7%22%20-%20panoramio.jpg","source":"Викиданные","source_id":"Q4139657","license":"CC0 (Викиданные)","confidence":"ok"}},{"type":"Feature","id":"mines:de5a450132d6","geometry":{"type":"Point","coordinates":[31.75,45.683333]},"properties":{"uid":"mines:de5a450132d6","layer":"mines","layer_title":"Рудники, копи, промыслы","group":"economy","title":"Голицинское газоконденсатное месторождение","category":"месторождение природного газа","date_precision":"unknown","date_approx":false,"url":"https://ru.wikipedia.org/wiki/%D0%93%D0%BE%D0%BB%D0%B8%D1%86%D0%B8%D0%BD%D1%81%D0%BA%D0%BE%D0%B5_%D0%B3%D0%B0%D0%B7%D0%BE%D0%BA%D0%BE%D0%BD%D0%B4%D0%B5%D0%BD%D1%81%D0%B0%D1%82%D0%BD%D0%BE%D0%B5_%D0%BC%D0%B5%D1%81%D1%82%D0%BE%D1%80%D0%BE%D0%B6%D0%B4%D0%B5%D0%BD%D0%B8%D0%B5","source":"Викиданные","source_id":"Q4141537","license":"CC0 (Викиданные)","confidence":"ok"}},{"type":"Feature","id":"mines:7c00fcc31856","geometry":{"type":"Point","coordinates":[43.24602,56.069501]},"properties":{"uid":"mines:7c00fcc31856","layer":"mines","layer_title":"Рудники, копи, промыслы","group":"economy","title":"Гомзовское месторождение","category":"месторождение полезных ископаемых","date_precision":"unknown","date_approx":false,"url":"https://ru.wikipedia.org/wiki/%D0%93%D0%BE%D0%BC%D0%B7%D0%BE%D0%B2%D1%81%D0%BA%D0%BE%D0%B5_%D0%BC%D0%B5%D1%81%D1%82%D0%BE%D1%80%D0%BE%D0%B6%D0%B4%D0%B5%D0%BD%D0%B8%D0%B5","source":"Викиданные","source_id":"Q4142970","license":"CC0 (Викиданные)","confidence":"ok"}},{"type":"Feature","id":"mines:1aee4cd40642","geometry":{"type":"Point","coordinates":[76.659164,64.590752]},"properties":{"uid":"mines:1aee4cd40642","layer":"mines","layer_title":"Рудники, копи, промыслы","group":"economy","title":"Губкинское нефтегазоконденсатное месторождение","category":"месторождение полезных ископаемых","date_precision":"unknown","date_approx":false,"url":"https://ru.wikipedia.org/wiki/%D0%93%D1%83%D0%B1%D0%BA%D0%B8%D0%BD%D1%81%D0%BA%D0%BE%D0%B5_%D0%BD%D0%B5%D1%84%D1%82%D0%B5%D0%B3%D0%B0%D0%B7%D0%BE%D0%BA%D0%BE%D0%BD%D0%B4%D0%B5%D0%BD%D1%81%D0%B0%D1%82%D0%BD%D0%BE%D0%B5_%D0%BC%D0%B5%D1%81%D1%82%D0%BE%D1%80%D0%BE%D0%B6%D0%B4%D0%B5%D0%BD%D0%B8%D0%B5","source":"Викиданные","source_id":"Q4151431","license":"CC0 (Викиданные)","confidence":"ok"}},{"type":"Feature","id":"mines:ff538a5c3bc7","geometry":{"type":"Point","coordinates":[60.19222,56.46611]},"properties":{"uid":"mines:ff538a5c3bc7","layer":"mines","layer_title":"Рудники, копи, промыслы","group":"economy","title":"Гумешевский рудник","category":"рудник","place_text":"Полевской муниципальный округ","region":"Полевской муниципальный округ","year_from":1709,"year_to":1994,"date_precision":"year","date_approx":false,"period_raw":"1709–1994","url":"https://ru.wikipedia.org/wiki/%D0%93%D1%83%D0%BC%D1%91%D1%88%D0%B5%D0%B2%D1%81%D0%BA%D0%B8%D0%B9_%D1%80%D1%83%D0%B4%D0%BD%D0%B8%D0%BA","source":"Викиданные","source_id":"Q4152080","license":"CC0 (Викиданные)","confidence":"ok"}},{"type":"Feature","id":"mines:e701313090c1","geometry":{"type":"Point","coordinates":[38.199167,54.398056]},"properties":{"uid":"mines:e701313090c1","layer":"mines","layer_title":"Рудники, копи, промыслы","group":"economy","title":"Гурьевские каменоломни","category":"строительный карьер","place_text":"Тульская область","region":"Тульская область","date_precision":"unknown","date_approx":false,"url":"https://ru.wikipedia.org/wiki/%D0%93%D1%83%D1%80%D1%8C%D0%B5%D0%B2%D1%81%D0%BA%D0%B8%D0%B5_%D0%BA%D0%B0%D0%BC%D0%B5%D0%BD%D0%BE%D0%BB%D0%BE%D0%BC%D0%BD%D0%B8","source":"Викиданные","source_id":"Q4152556","license":"CC0 (Викиданные)","confidence":"ok"}},{"type":"Feature","id":"mines:72e4308397e9","geometry":{"type":"Point","coordinates":[49.5,38.8]},"properties":{"uid":"mines:72e4308397e9","layer":"mines","layer_title":"Рудники, копи, промыслы","group":"economy","title":"Гюргяны-дениз","category":"месторождение полезных ископаемых","date_precision":"unknown","date_approx":false,"url":"https://ru.wikipedia.org/wiki/%D0%93%D1%8E%D1%80%D0%B3%D1%8F%D0%BD%D1%8B-%D0%B4%D0%B5%D0%BD%D0%B8%D0%B7","source":"Викиданные","source_id":"Q4153273","license":"CC0 (Викиданные)","confidence":"ok"}},{"type":"Feature","id":"mines:7fc884b8f3a6","geometry":{"type":"Point","coordinates":[37.456,48.2813]},"properties":{"uid":"mines:7fc884b8f3a6","layer":"mines","layer_title":"Рудники, копи, промыслы","group":"economy","title":"Добропольская (шахта)","category":"рудник","place_text":"Доброполье","region":"Доброполье","date_precision":"unknown","date_approx":false,"url":"https://ru.wikipedia.org/wiki/%D0%94%D0%BE%D0%B1%D1%80%D0%BE%D0%BF%D0%BE%D0%BB%D1%8C%D1%81%D0%BA%D0%B0%D1%8F_(%D1%88%D0%B0%D1%85%D1%82%D0%B0)","source":"Викиданные","source_id":"Q4163757","license":"CC0 (Викиданные)","confidence":"ok"}},{"type":"Feature","id":"mines:4c64a75f6cbf","geometry":{"type":"Point","coordinates":[57.478611,48.358611]},"properties":{"uid":"mines:4c64a75f6cbf","layer":"mines","layer_title":"Рудники, копи, промыслы","group":"economy","title":"Жанажол","category":"нефтяное месторождение","date_precision":"unknown","date_approx":false,"url":"https://ru.wikipedia.org/wiki/%D0%96%D0%B0%D0%BD%D0%B0%D0%B6%D0%BE%D0%BB","source":"Викиданные","source_id":"Q4178054","license":"CC0 (Викиданные)","confidence":"ok"}},{"type":"Feature","id":"mines:74d05ec4e39a","geometry":{"type":"Point","coordinates":[52.166667,43.55]},"properties":{"uid":"mines:74d05ec4e39a","layer":"mines","layer_title":"Рудники, копи, промыслы","group":"economy","title":"Жетыбай (месторождение)","category":"месторождение полезных ископаемых","date_precision":"unknown","date_approx":false,"url":"https://ru.wikipedia.org/wiki/%D0%96%D0%B5%D1%82%D1%8B%D0%B1%D0%B0%D0%B9_(%D0%BC%D0%B5%D1%81%D1%82%D0%BE%D1%80%D0%BE%D0%B6%D0%B4%D0%B5%D0%BD%D0%B8%D0%B5)","source":"Викиданные","source_id":"Q4179771","license":"CC0 (Викиданные)","confidence":"ok"}},{"type":"Feature","id":"mines:51a8b3d4eae2","geometry":{"type":"Point","coordinates":[78.78,66.71]},"properties":{"uid":"mines:51a8b3d4eae2","layer":"mines","layer_title":"Рудники, копи, промыслы","group":"economy","title":"Заполярное нефтегазоконденсатное месторождение","category":"месторождение природного газа","place_text":"Ямало-Ненецкий автономный округ","region":"Ямало-Ненецкий автономный округ","date_precision":"unknown","date_approx":false,"url":"https://ru.wikipedia.org/wiki/%D0%97%D0%B0%D0%BF%D0%BE%D0%BB%D1%8F%D1%80%D0%BD%D0%BE%D0%B5_%D0%BD%D0%B5%D1%84%D1%82%D0%B5%D0%B3%D0%B0%D0%B7%D0%BE%D0%BA%D0%BE%D0%BD%D0%B4%D0%B5%D0%BD%D1%81%D0%B0%D1%82%D0%BD%D0%BE%D0%B5_%D0%BC%D0%B5%D1%81%D1%82%D0%BE%D1%80%D0%BE%D0%B6%D0%B4%D0%B5%D0%BD%D0%B8%D0%B5","image_url":"http://commons.wikimedia.org/wiki/Special:FilePath/Zapolyarnoye%20Field%20%28Novy%20Urengoy%29.jpg","source":"Викиданные","source_id":"Q4186830","license":"CC0 (Викиданные)","confidence":"ok"}},{"type":"Feature","id":"mines:dbf686a71a05","geometry":{"type":"Point","coordinates":[24.179444,50.317222]},"properties":{"uid":"mines:dbf686a71a05","layer":"mines","layer_title":"Рудники, копи, промыслы","group":"economy","title":"Заречная (шахта, Львовуголь)","category":"шахта","date_precision":"unknown","date_approx":false,"url":"https://ru.wikipedia.org/wiki/%D0%97%D0%B0%D1%80%D0%B5%D1%87%D0%BD%D0%B0%D1%8F_(%D1%88%D0%B0%D1%85%D1%82%D0%B0,_%D0%9B%D1%8C%D0%B2%D0%BE%D0%B2%D1%83%D0%B3%D0%BE%D0%BB%D1%8C)","source":"Викиданные","source_id":"Q4187241","license":"CC0 (Викиданные)","confidence":"ok"}},{"type":"Feature","id":"mines:e287fd5a4dd5","geometry":{"type":"Point","coordinates":[66.51726,44.124548]},"properties":{"uid":"mines:e287fd5a4dd5","layer":"mines","layer_title":"Рудники, копи, промыслы","group":"economy","title":"Ирколь (урановое месторождение)","category":"месторождение полезных ископаемых","date_precision":"unknown","date_approx":false,"url":"https://ru.wikipedia.org/wiki/%D0%98%D1%80%D0%BA%D0%BE%D0%BB%D1%8C_(%D1%83%D1%80%D0%B0%D0%BD%D0%BE%D0%B2%D0%BE%D0%B5_%D0%BC%D0%B5%D1%81%D1%82%D0%BE%D1%80%D0%BE%D0%B6%D0%B4%D0%B5%D0%BD%D0%B8%D0%B5)","source":"Викиданные","source_id":"Q4203259","license":"CC0 (Викиданные)","confidence":"ok"}},{"type":"Feature","id":"mines:efdd5fa20f24","geometry":{"type":"Point","coordinates":[46.137978,39.145131]},"properties":{"uid":"mines:efdd5fa20f24","layer":"mines","layer_title":"Рудники, копи, промыслы","group":"economy","title":"Каджаранское медно-молибденовое месторождение","category":"рудник","place_text":"Каджаран","region":"Каджаран","year_from":1935,"year_to":1960,"date_precision":"open","date_approx":true,"period_raw":"с 1935","url":"https://ru.wikipedia.org/wiki/%D0%9A%D0%B0%D0%B4%D0%B6%D0%B0%D1%80%D0%B0%D0%BD%D1%81%D0%BA%D0%BE%D0%B5_%D0%BC%D0%B5%D0%B4%D0%BD%D0%BE-%D0%BC%D0%BE%D0%BB%D0%B8%D0%B1%D0%B4%D0%B5%D0%BD%D0%BE%D0%B2%D0%BE%D0%B5_%D0%BC%D0%B5%D1%81%D1%82%D0%BE%D1%80%D0%BE%D0%B6%D0%B4%D0%B5%D0%BD%D0%B8%D0%B5","image_url":"http://commons.wikimedia.org/wiki/Special:FilePath/Kajaran%20Copper-Molybdenum%20mine.JPG","source":"Викиданные","source_id":"Q4207242","license":"CC0 (Викиданные)","confidence":"ok"}},{"type":"Feature","id":"mines:fcb59fcca8d9","geometry":{"type":"Point","coordinates":[67.279587,61.400335]},"properties":{"uid":"mines:fcb59fcca8d9","layer":"mines","layer_title":"Рудники, копи, промыслы","group":"economy","title":"Каменное (нефтяное месторождение)","category":"месторождение нефти и газа","date_precision":"unknown","date_approx":false,"url":"https://ru.wikipedia.org/wiki/%D0%9A%D0%B0%D0%BC%D0%B5%D0%BD%D0%BD%D0%BE%D0%B5_(%D0%BD%D0%B5%D1%84%D1%82%D1%8F%D0%BD%D0%BE%D0%B5_%D0%BC%D0%B5%D1%81%D1%82%D0%BE%D1%80%D0%BE%D0%B6%D0%B4%D0%B5%D0%BD%D0%B8%D0%B5)","source":"Викиданные","source_id":"Q4211194","license":"CC0 (Викиданные)","confidence":"ok"}},{"type":"Feature","id":"mines:8d8f88813456","geometry":{"type":"Point","coordinates":[51.430278,45.123333]},"properties":{"uid":"mines:8d8f88813456","layer":"mines","layer_title":"Рудники, копи, промыслы","group":"economy","title":"Каражанбас","category":"нефтяное месторождение","place_text":"Мангистауская область","region":"Мангистауская область","year_from":1980,"year_to":1980,"date_precision":"open","date_approx":true,"period_raw":"с 1980","url":"https://ru.wikipedia.org/wiki/%D0%9A%D0%B0%D1%80%D0%B0%D0%B6%D0%B0%D0%BD%D0%B1%D0%B0%D1%81","source":"Викиданные","source_id":"Q4213782","license":"CC0 (Викиданные)","confidence":"ok"}},{"type":"Feature","id":"mines:43240a4e57ff","geometry":{"type":"Point","coordinates":[54.816667,52.25]},"properties":{"uid":"mines:43240a4e57ff","layer":"mines","layer_title":"Рудники, копи, промыслы","group":"economy","title":"Каргалы","category":"рудник","place_text":"Оренбургская область","region":"Оренбургская область","date_precision":"unknown","date_approx":false,"url":"https://ru.wikipedia.org/wiki/%D0%9A%D0%B0%D1%80%D0%B3%D0%B0%D0%BB%D1%8B","source":"Викиданные","source_id":"Q4214672","license":"CC0 (Викиданные)","confidence":"ok"}},{"type":"Feature","id":"mines:012ee8e1bf02","geometry":{"type":"Point","coordinates":[86.098333,56.547778]},"properties":{"uid":"mines:012ee8e1bf02","layer":"mines","layer_title":"Рудники, копи, промыслы","group":"economy","title":"Кедровский угольный разрез","category":"opencast mine","place_text":"Рудничный район","region":"Рудничный район","year_from":1954,"year_to":1960,"date_precision":"open","date_approx":true,"period_raw":"с 1954","url":"https://ru.wikipedia.org/wiki/%D0%9A%D0%B5%D0%B4%D1%80%D0%BE%D0%B2%D1%81%D0%BA%D0%B8%D0%B9_%D1%83%D0%B3%D0%BE%D0%BB%D1%8C%D0%BD%D1%8B%D0%B9_%D1%80%D0%B0%D0%B7%D1%80%D0%B5%D0%B7","image_url":"http://commons.wikimedia.org/wiki/Special:FilePath/%D0%9A%D0%B0%D1%80%D1%8C%D0%B5%D1%80%202012%20-%20panoramio.jpg","source":"Викиданные","source_id":"Q4218898","license":"CC0 (Викиданные)","confidence":"ok"}},{"type":"Feature","id":"mines:ea0f5af62f6d","geometry":{"type":"Point","coordinates":[143.893411,51.40282]},"properties":{"uid":"mines:ea0f5af62f6d","layer":"mines","layer_title":"Рудники, копи, промыслы","group":"economy","title":"Киринское газоконденсатное месторождение","category":"газоконденсатное месторождение","date_precision":"unknown","date_approx":false,"url":"https://ru.wikipedia.org/wiki/%D0%9A%D0%B8%D1%80%D0%B8%D0%BD%D1%81%D0%BA%D0%BE%D0%B5_%D0%B3%D0%B0%D0%B7%D0%BE%D0%BA%D0%BE%D0%BD%D0%B4%D0%B5%D0%BD%D1%81%D0%B0%D1%82%D0%BD%D0%BE%D0%B5_%D0%BC%D0%B5%D1%81%D1%82%D0%BE%D1%80%D0%BE%D0%B6%D0%B4%D0%B5%D0%BD%D0%B8%D0%B5","source":"Викиданные","source_id":"Q4221452","license":"CC0 (Викиданные)","confidence":"ok"}},{"type":"Feature","id":"mines:b7151c60710d","geometry":{"type":"Point","coordinates":[33.079167,45.544167]},"properties":{"uid":"mines:b7151c60710d","layer":"mines","layer_title":"Рудники, копи, промыслы","group":"economy","title":"Кировское газовое месторождение","category":"месторождение природного газа","place_text":"Черноморский район","region":"Черноморский район","date_precision":"unknown","date_approx":false,"url":"https://ru.wikipedia.org/wiki/%D0%9A%D0%B8%D1%80%D0%BE%D0%B2%D1%81%D0%BA%D0%BE%D0%B5_%D0%B3%D0%B0%D0%B7%D0%BE%D0%B2%D0%BE%D0%B5_%D0%BC%D0%B5%D1%81%D1%82%D0%BE%D1%80%D0%BE%D0%B6%D0%B4%D0%B5%D0%BD%D0%B8%D0%B5","source":"Викиданные","source_id":"Q4221741","license":"CC0 (Викиданные)","confidence":"ok"}},{"type":"Feature","id":"mines:528a90a1bb3a","geometry":{"type":"Point","coordinates":[30.428352,67.542035]},"properties":{"uid":"mines:528a90a1bb3a","layer":"mines","layer_title":"Рудники, копи, промыслы","group":"economy","title":"Ковдорское месторождение","category":"месторождение полезных ископаемых","date_precision":"unknown","date_approx":false,"url":"https://ru.wikipedia.org/wiki/%D0%9A%D0%BE%D0%B2%D0%B4%D0%BE%D1%80%D1%81%D0%BA%D0%BE%D0%B5_%D0%BC%D0%B5%D1%81%D1%82%D0%BE%D1%80%D0%BE%D0%B6%D0%B4%D0%B5%D0%BD%D0%B8%D0%B5","image_url":"http://commons.wikimedia.org/wiki/Special:FilePath/Open%20pit%20mining%20near%20Kovdor.jpg","source":"Викиданные","source_id":"Q4225734","license":"CC0 (Викиданные)","confidence":"ok"}},{"type":"Feature","id":"mines:9703c49eadac","geometry":{"type":"Point","coordinates":[60.913181,54.648934]},"properties":{"uid":"mines:9703c49eadac","layer":"mines","layer_title":"Рудники, копи, промыслы","group":"economy","title":"Коелгинское месторождение белого мрамора","category":"строительный карьер","place_text":"Еткульский район","region":"Еткульский район","date_precision":"unknown","date_approx":false,"url":"https://ru.wikipedia.org/wiki/%D0%9A%D0%BE%D0%B5%D0%BB%D0%B3%D0%B8%D0%BD%D1%81%D0%BA%D0%BE%D0%B5_%D0%BC%D0%B5%D1%81%D1%82%D0%BE%D1%80%D0%BE%D0%B6%D0%B4%D0%B5%D0%BD%D0%B8%D0%B5_%D0%B1%D0%B5%D0%BB%D0%BE%D0%B3%D0%BE_%D0%BC%D1%80%D0%B0%D0%BC%D0%BE%D1%80%D0%B0","source":"Викиданные","source_id":"Q4226233","license":"CC0 (Викиданные)","confidence":"ok"}},{"type":"Feature","id":"mines:dc4e37fc7801","geometry":{"type":"Point","coordinates":[32.221096,61.717128]},"properties":{"uid":"mines:dc4e37fc7801","layer":"mines","layer_title":"Рудники, копи, промыслы","group":"economy","title":"Колатсельгские штольни","category":"рудник","place_text":"Ведлозерское сельское поселение","region":"Ведлозерское сельское поселение","date_precision":"unknown","date_approx":false,"url":"https://ru.wikipedia.org/wiki/%D0%9A%D0%BE%D0%BB%D0%B0%D1%82%D1%81%D0%B5%D0%BB%D1%8C%D0%B3%D1%81%D0%BA%D0%B8%D0%B5_%D1%88%D1%82%D0%BE%D0%BB%D1%8C%D0%BD%D0%B8","source":"Викиданные","source_id":"Q4227571","license":"CC0 (Викиданные)","confidence":"ok"}},{"type":"Feature","id":"mines:c2dc8766b268","geometry":{"type":"Point","coordinates":[67.28,61.4]},"properties":{"uid":"mines:c2dc8766b268","layer":"mines","layer_title":"Рудники, копи, промыслы","group":"economy","title":"Красноленинская группа месторождений","category":"месторождение нефти и газа","date_precision":"unknown","date_approx":false,"url":"https://ru.wikipedia.org/wiki/%D0%9A%D1%80%D0%B0%D1%81%D0%BD%D0%BE%D0%BB%D0%B5%D0%BD%D0%B8%D0%BD%D1%81%D0%BA%D0%B0%D1%8F_%D0%B3%D1%80%D1%83%D0%BF%D0%BF%D0%B0_%D0%BC%D0%B5%D1%81%D1%82%D0%BE%D1%80%D0%BE%D0%B6%D0%B4%D0%B5%D0%BD%D0%B8%D0%B9","source":"Викиданные","source_id":"Q4238814","license":"CC0 (Викиданные)","confidence":"ok"}},{"type":"Feature","id":"mines:72e5c6083fde","geometry":{"type":"Point","coordinates":[31.666667,45.25]},"properties":{"uid":"mines:72e5c6083fde","layer":"mines","layer_title":"Рудники, копи, промыслы","group":"economy","title":"Крымское газовое месторождение","category":"месторождение природного газа","date_precision":"unknown","date_approx":false,"url":"https://ru.wikipedia.org/wiki/%D0%9A%D1%80%D1%8B%D0%BC%D1%81%D0%BA%D0%BE%D0%B5_%D0%B3%D0%B0%D0%B7%D0%BE%D0%B2%D0%BE%D0%B5_%D0%BC%D0%B5%D1%81%D1%82%D0%BE%D1%80%D0%BE%D0%B6%D0%B4%D0%B5%D0%BD%D0%B8%D0%B5","source":"Викиданные","source_id":"Q4242973","license":"CC0 (Викиданные)","confidence":"ok"}},{"type":"Feature","id":"mines:9f5d4fd7b7db","geometry":{"type":"Point","coordinates":[65.2875,46.229722]},"properties":{"uid":"mines:9f5d4fd7b7db","layer":"mines","layer_title":"Рудники, копи, промыслы","group":"economy","title":"Кумколь (нефтяное месторождение)","category":"нефтяное месторождение","place_text":"Кызылординская область","region":"Кызылординская область","date_precision":"unknown","date_approx":false,"url":"https://ru.wikipedia.org/wiki/%D0%9A%D1%83%D0%BC%D0%BA%D0%BE%D0%BB%D1%8C_(%D0%BD%D0%B5%D1%84%D1%82%D1%8F%D0%BD%D0%BE%D0%B5_%D0%BC%D0%B5%D1%81%D1%82%D0%BE%D1%80%D0%BE%D0%B6%D0%B4%D0%B5%D0%BD%D0%B8%D0%B5)","source":"Викиданные","source_id":"Q4246951","license":"CC0 (Викиданные)","confidence":"ok"}},{"type":"Feature","id":"mines:a9c084bb28ee","geometry":{"type":"Point","coordinates":[169.5425,66.790278]},"properties":{"uid":"mines:a9c084bb28ee","layer":"mines","layer_title":"Рудники, копи, промыслы","group":"economy","title":"Купол (месторождение)","category":"рудник","place_text":"Чукотский автономный округ","region":"Чукотский автономный округ","date_precision":"unknown","date_approx":false,"url":"https://ru.wikipedia.org/wiki/%D0%9A%D1%83%D0%BF%D0%BE%D0%BB_(%D0%BC%D0%B5%D1%81%D1%82%D0%BE%D1%80%D0%BE%D0%B6%D0%B4%D0%B5%D0%BD%D0%B8%D0%B5)","image_url":"http://commons.wikimedia.org/wiki/Special:FilePath/Kupol%20Ice%20road.jpg","source":"Викиданные","source_id":"Q4247510","license":"CC0 (Викиданные)","confidence":"ok"}},{"type":"Feature","id":"mines:b886970770b5","geometry":{"type":"Point","coordinates":[65.66667,72.3]},"properties":{"uid":"mines:b886970770b5","layer":"mines","layer_title":"Рудники, копи, промыслы","group":"economy","title":"Ленинградское газовое месторождение","category":"месторождение природного газа","place_text":"Ямало-Ненецкий автономный округ","region":"Ямало-Ненецкий автономный округ","date_precision":"unknown","date_approx":false,"url":"https://ru.wikipedia.org/wiki/%D0%9B%D0%B5%D0%BD%D0%B8%D0%BD%D0%B3%D1%80%D0%B0%D0%B4%D1%81%D0%BA%D0%BE%D0%B5_%D0%B3%D0%B0%D0%B7%D0%BE%D0%B2%D0%BE%D0%B5_%D0%BC%D0%B5%D1%81%D1%82%D0%BE%D1%80%D0%BE%D0%B6%D0%B4%D0%B5%D0%BD%D0%B8%D0%B5","source":"Викиданные","source_id":"Q4258172","license":"CC0 (Викиданные)","confidence":"ok"}},{"type":"Feature","id":"mines:42cfe8f3ab26","geometry":{"type":"Point","coordinates":[24.149444,50.333889]},"properties":{"uid":"mines:42cfe8f3ab26","layer":"mines","layer_title":"Рудники, копи, промыслы","group":"economy","title":"Лесная (шахта, Львовуголь)","category":"рудник","date_precision":"unknown","date_approx":false,"url":"https://ru.wikipedia.org/wiki/%D0%9B%D0%B5%D1%81%D0%BD%D0%B0%D1%8F_(%D1%88%D0%B0%D1%85%D1%82%D0%B0,_%D0%9B%D1%8C%D0%B2%D0%BE%D0%B2%D1%83%D0%B3%D0%BE%D0%BB%D1%8C)","source":"Викиданные","source_id":"Q4259483","license":"CC0 (Викиданные)","confidence":"ok"}},{"type":"Feature","id":"mines:8c33876d8421","geometry":{"type":"Point","coordinates":[37.685253,47.982042]},"properties":{"uid":"mines:8c33876d8421","layer":"mines","layer_title":"Рудники, копи, промыслы","group":"economy","title":"Лидиевка (шахта, Донецк)","category":"рудник","place_text":"Донецк","region":"Донецк","year_from":1904,"year_to":1960,"date_precision":"open","date_approx":true,"period_raw":"с 1904","url":"https://ru.wikipedia.org/wiki/%D0%9B%D0%B8%D0%B4%D0%B8%D0%B5%D0%B2%D0%BA%D0%B0_(%D1%88%D0%B0%D1%85%D1%82%D0%B0,_%D0%94%D0%BE%D0%BD%D0%B5%D1%86%D0%BA)","image_url":"http://commons.wikimedia.org/wiki/Special:FilePath/%D0%A8%D0%B0%D1%85%D1%82%D0%B0%20%D0%9B%D0%B8%D0%B4%D0%B8%D0%B5%D0%B2%D0%BA%D0%B0%20006.jpg","source":"Викиданные","source_id":"Q4261299","license":"CC0 (Викиданные)","confidence":"ok"}},{"type":"Feature","id":"mines:424e8859b9c7","geometry":{"type":"Point","coordinates":[34.611998,67.893798]},"properties":{"uid":"mines:424e8859b9c7","layer":"mines","layer_title":"Рудники, копи, промыслы","group":"economy","title":"Ловозерское месторождение","category":"месторождение полезных ископаемых","place_text":"Мурманская область","region":"Мурманская область","date_precision":"unknown","date_approx":false,"url":"https://ru.wikipedia.org/wiki/%D0%9B%D0%BE%D0%B2%D0%BE%D0%B7%D0%B5%D1%80%D1%81%D0%BA%D0%BE%D0%B5_%D0%BC%D0%B5%D1%81%D1%82%D0%BE%D1%80%D0%BE%D0%B6%D0%B4%D0%B5%D0%BD%D0%B8%D0%B5","source":"Викиданные","source_id":"Q4264918","license":"CC0 (Викиданные)","confidence":"ok"}},{"type":"Feature","id":"mines:350ca27fe84e","geometry":{"type":"Point","coordinates":[38.83255,55.295439]},"properties":{"uid":"mines:350ca27fe84e","layer":"mines","layer_title":"Рудники, копи, промыслы","group":"economy","title":"Лопатинский фосфоритный рудник","category":"рудник","place_text":"Воскресенск","region":"Воскресенск","year_from":1920,"year_to":2019,"date_precision":"year","date_approx":false,"period_raw":"1920–2019","url":"https://ru.wikipedia.org/wiki/%D0%9B%D0%BE%D0%BF%D0%B0%D1%82%D0%B8%D0%BD%D1%81%D0%BA%D0%B8%D0%B9_%D1%84%D0%BE%D1%81%D1%84%D0%BE%D1%80%D0%B8%D1%82%D0%BD%D1%8B%D0%B9_%D1%80%D1%83%D0%B4%D0%BD%D0%B8%D0%BA","source":"Викиданные","source_id":"Q4266669","license":"CC0 (Викиданные)","confidence":"ok"}},{"type":"Feature","id":"mines:4c11efaf9072","geometry":{"type":"Point","coordinates":[72.1886,61.6453]},"properties":{"uid":"mines:4c11efaf9072","layer":"mines","layer_title":"Рудники, копи, промыслы","group":"economy","title":"Лянторское нефтегазоконденсатное месторождение","category":"месторождение полезных ископаемых","date_precision":"unknown","date_approx":false,"url":"https://ru.wikipedia.org/wiki/%D0%9B%D1%8F%D0%BD%D1%82%D0%BE%D1%80%D1%81%D0%BA%D0%BE%D0%B5_%D0%BD%D0%B5%D1%84%D1%82%D0%B5%D0%B3%D0%B0%D0%B7%D0%BE%D0%BA%D0%BE%D0%BD%D0%B4%D0%B5%D0%BD%D1%81%D0%B0%D1%82%D0%BD%D0%BE%D0%B5_%D0%BC%D0%B5%D1%81%D1%82%D0%BE%D1%80%D0%BE%D0%B6%D0%B4%D0%B5%D0%BD%D0%B8%D0%B5","source":"Викиданные","source_id":"Q4272675","license":"CC0 (Викиданные)","confidence":"ok"}},{"type":"Feature","id":"mines:5483ae2cb0f0","geometry":{"type":"Point","coordinates":[107.0525,57.337222]},"properties":{"uid":"mines:5483ae2cb0f0","layer":"mines","layer_title":"Рудники, копи, промыслы","group":"economy","title":"Марковское нефтегазоконденсатное месторождение","category":"месторождение полезных ископаемых","date_precision":"unknown","date_approx":false,"url":"https://ru.wikipedia.org/wiki/%D0%9C%D0%B0%D1%80%D0%BA%D0%BE%D0%B2%D1%81%D0%BA%D0%BE%D0%B5_%D0%BD%D0%B5%D1%84%D1%82%D0%B5%D0%B3%D0%B0%D0%B7%D0%BE%D0%BA%D0%BE%D0%BD%D0%B4%D0%B5%D0%BD%D1%81%D0%B0%D1%82%D0%BD%D0%BE%D0%B5_%D0%BC%D0%B5%D1%81%D1%82%D0%BE%D1%80%D0%BE%D0%B6%D0%B4%D0%B5%D0%BD%D0%B8%D0%B5","source":"Викиданные","source_id":"Q4282190","license":"CC0 (Викиданные)","confidence":"ok"}},{"type":"Feature","id":"mines:248e2b54263c","geometry":{"type":"Point","coordinates":[24.207089,50.339562]},"properties":{"uid":"mines:248e2b54263c","layer":"mines","layer_title":"Рудники, копи, промыслы","group":"economy","title":"Межречанская (шахта)","category":"рудник","place_text":"Шептицкий район","region":"Шептицкий район","year_from":1959,"year_to":1960,"date_precision":"open","date_approx":true,"period_raw":"с 1959","url":"https://ru.wikipedia.org/wiki/%D0%9C%D0%B5%D0%B6%D1%80%D0%B5%D1%87%D0%B0%D0%BD%D1%81%D0%BA%D0%B0%D1%8F_(%D1%88%D0%B0%D1%85%D1%82%D0%B0)","image_url":"http://commons.wikimedia.org/wiki/Special:FilePath/%D0%92%D0%9F%20%D0%9C%D0%B5%D0%B6%D0%B8%D1%80%D0%B8%D1%87%D0%B0%D0%BD%D1%81%D0%BA%D0%B0%D1%8F.jpg","source":"Викиданные","source_id":"Q4288876","license":"CC0 (Викиданные)","confidence":"ok"}},{"type":"Feature","id":"mines:d8eeeb68854f","geometry":{"type":"Point","coordinates":[40.291205,62.869125]},"properties":{"uid":"mines:d8eeeb68854f","layer":"mines","layer_title":"Рудники, копи, промыслы","group":"economy","title":"Месторождение Шелекса-Южная","category":"месторождение полезных ископаемых","place_text":"Плесецкий район","region":"Плесецкий район","date_precision":"unknown","date_approx":false,"url":"https://ru.wikipedia.org/wiki/%D0%9C%D0%B5%D1%81%D1%82%D0%BE%D1%80%D0%BE%D0%B6%D0%B4%D0%B5%D0%BD%D0%B8%D0%B5_%D0%A8%D0%B5%D0%BB%D0%B5%D0%BA%D1%81%D0%B0-%D0%AE%D0%B6%D0%BD%D0%B0%D1%8F","source":"Викиданные","source_id":"Q4291411","license":"CC0 (Викиданные)","confidence":"ok"}},{"type":"Feature","id":"mines:6b0ff0de37dd","geometry":{"type":"Point","coordinates":[57.8278,68.6531]},"properties":{"uid":"mines:6b0ff0de37dd","layer":"mines","layer_title":"Рудники, копи, промыслы","group":"economy","title":"Месторождения Требса и Титова","category":"нефтяное месторождение","place_text":"Ненецкий автономный округ","region":"Ненецкий автономный округ","date_precision":"unknown","date_approx":false,"url":"https://ru.wikipedia.org/wiki/%D0%9C%D0%B5%D1%81%D1%82%D0%BE%D1%80%D0%BE%D0%B6%D0%B4%D0%B5%D0%BD%D0%B8%D1%8F_%D0%A2%D1%80%D0%B5%D0%B1%D1%81%D0%B0_%D0%B8_%D0%A2%D0%B8%D1%82%D0%BE%D0%B2%D0%B0","source":"Викиданные","source_id":"Q4291416","license":"CC0 (Викиданные)","confidence":"ok"}},{"type":"Feature","id":"mines:c47a0e5c2809","geometry":{"type":"Point","coordinates":[57.659444,67.295556]},"properties":{"uid":"mines:c47a0e5c2809","layer":"mines","layer_title":"Рудники, копи, промыслы","group":"economy","title":"Мусюршорское нефтяное месторождение","category":"месторождение полезных ископаемых","date_precision":"unknown","date_approx":false,"url":"https://ru.wikipedia.org/wiki/%D0%9C%D1%83%D1%81%D1%8E%D1%80%D1%88%D0%BE%D1%80%D1%81%D0%BA%D0%BE%D0%B5_%D0%BD%D0%B5%D1%84%D1%82%D1%8F%D0%BD%D0%BE%D0%B5_%D0%BC%D0%B5%D1%81%D1%82%D0%BE%D1%80%D0%BE%D0%B6%D0%B4%D0%B5%D0%BD%D0%B8%D0%B5","source":"Викиданные","source_id":"Q4308584","license":"CC0 (Викиданные)","confidence":"ok"}},{"type":"Feature","id":"mines:34e33be9a565","geometry":{"type":"Point","coordinates":[78.451389,58.979167]},"properties":{"uid":"mines:34e33be9a565","layer":"mines","layer_title":"Рудники, копи, промыслы","group":"economy","title":"Мыльджинское газоконденсатное месторождение","category":"месторождение полезных ископаемых","date_precision":"unknown","date_approx":false,"url":"https://ru.wikipedia.org/wiki/%D0%9C%D1%8B%D0%BB%D1%8C%D0%B4%D0%B6%D0%B8%D0%BD%D1%81%D0%BA%D0%BE%D0%B5_%D0%B3%D0%B0%D0%B7%D0%BE%D0%BA%D0%BE%D0%BD%D0%B4%D0%B5%D0%BD%D1%81%D0%B0%D1%82%D0%BD%D0%BE%D0%B5_%D0%BC%D0%B5%D1%81%D1%82%D0%BE%D1%80%D0%BE%D0%B6%D0%B4%D0%B5%D0%BD%D0%B8%D0%B5","source":"Викиданные","source_id":"Q4309374","license":"CC0 (Викиданные)","confidence":"ok"}},{"type":"Feature","id":"mines:c626f54dd2b8","geometry":{"type":"Point","coordinates":[39.679722,62.655556]},"properties":{"uid":"mines:c626f54dd2b8","layer":"mines","layer_title":"Рудники, копи, промыслы","group":"economy","title":"Мяндуха (месторождение)","category":"месторождение полезных ископаемых","date_precision":"unknown","date_approx":false,"url":"https://ru.wikipedia.org/wiki/%D0%9C%D1%8F%D0%BD%D0%B4%D1%83%D1%85%D0%B0_(%D0%BC%D0%B5%D1%81%D1%82%D0%BE%D1%80%D0%BE%D0%B6%D0%B4%D0%B5%D0%BD%D0%B8%D0%B5)","source":"Викиданные","source_id":"Q4310286","license":"CC0 (Викиданные)","confidence":"ok"}},{"type":"Feature","id":"mines:9208ad6669f5","geometry":{"type":"Point","coordinates":[24.2175,50.309722]},"properties":{"uid":"mines:9208ad6669f5","layer":"mines","layer_title":"Рудники, копи, промыслы","group":"economy","title":"Надежда (шахта)","category":"рудник","date_precision":"unknown","date_approx":false,"url":"https://ru.wikipedia.org/wiki/%D0%9D%D0%B0%D0%B4%D0%B5%D0%B6%D0%B4%D0%B0_(%D1%88%D0%B0%D1%85%D1%82%D0%B0)","source":"Викиданные","source_id":"Q4311871","license":"CC0 (Викиданные)","confidence":"ok"}},{"type":"Feature","id":"mines:e5ba474bf6c4","geometry":{"type":"Point","coordinates":[78.013333,68.003333]},"properties":{"uid":"mines:e5ba474bf6c4","layer":"mines","layer_title":"Рудники, копи, промыслы","group":"economy","title":"Находкинское газовое месторождение","category":"месторождение природного газа","place_text":"Ямало-Ненецкий автономный округ","region":"Ямало-Ненецкий автономный округ","date_precision":"unknown","date_approx":false,"url":"https://ru.wikipedia.org/wiki/%D0%9D%D0%B0%D1%85%D0%BE%D0%B4%D0%BA%D0%B8%D0%BD%D1%81%D0%BA%D0%BE%D0%B5_%D0%B3%D0%B0%D0%B7%D0%BE%D0%B2%D0%BE%D0%B5_%D0%BC%D0%B5%D1%81%D1%82%D0%BE%D1%80%D0%BE%D0%B6%D0%B4%D0%B5%D0%BD%D0%B8%D0%B5","source":"Викиданные","source_id":"Q4314747","license":"CC0 (Викиданные)","confidence":"ok"}},{"type":"Feature","id":"mines:6fe28a5c0bab","geometry":{"type":"Point","coordinates":[48.480883,45.001919]},"properties":{"uid":"mines:6fe28a5c0bab","layer":"mines","layer_title":"Рудники, копи, промыслы","group":"economy","title":"Нефтегазоконденсатное месторождение им. В. Филановского","category":"нефтяное месторождение","place_text":"Каспийское море","region":"Каспийское море","date_precision":"unknown","date_approx":false,"url":"https://ru.wikipedia.org/wiki/%D0%9C%D0%B5%D1%81%D1%82%D0%BE%D1%80%D0%BE%D0%B6%D0%B4%D0%B5%D0%BD%D0%B8%D0%B5_%D0%B8%D0%BC%D0%B5%D0%BD%D0%B8_%D0%A4%D0%B8%D0%BB%D0%B0%D0%BD%D0%BE%D0%B2%D1%81%D0%BA%D0%BE%D0%B3%D0%BE","source":"Викиданные","source_id":"Q4318081","license":"CC0 (Викиданные)","confidence":"ok"}},{"type":"Feature","id":"mines:405ed8b9ce34","geometry":{"type":"Point","coordinates":[48.955,44.2728]},"properties":{"uid":"mines:405ed8b9ce34","layer":"mines","layer_title":"Рудники, копи, промыслы","group":"economy","title":"Нефтегазоконденсатное месторождение им. Ю. Корчагина","category":"нефтяное месторождение","date_precision":"unknown","date_approx":false,"url":"https://ru.wikipedia.org/wiki/%D0%9C%D0%B5%D1%81%D1%82%D0%BE%D1%80%D0%BE%D0%B6%D0%B4%D0%B5%D0%BD%D0%B8%D0%B5_%D0%B8%D0%BC%D0%B5%D0%BD%D0%B8_%D0%9A%D0%BE%D1%80%D1%87%D0%B0%D0%B3%D0%B8%D0%BD%D0%B0","source":"Викиданные","source_id":"Q4318085","license":"CC0 (Викиданные)","confidence":"ok"}},{"type":"Feature","id":"mines:835e9a33b130","geometry":{"type":"Point","coordinates":[74.873611,61.567222]},"properties":{"uid":"mines:835e9a33b130","layer":"mines","layer_title":"Рудники, копи, промыслы","group":"economy","title":"Нивагальское нефтяное месторождение","category":"месторождение нефти и газа","date_precision":"unknown","date_approx":false,"url":"https://ru.wikipedia.org/wiki/%D0%9D%D0%B8%D0%B2%D0%B0%D0%B3%D0%B0%D0%BB%D1%8C%D1%81%D0%BA%D0%BE%D0%B5_%D0%BD%D0%B5%D1%84%D1%82%D1%8F%D0%BD%D0%BE%D0%B5_%D0%BC%D0%B5%D1%81%D1%82%D0%BE%D1%80%D0%BE%D0%B6%D0%B4%D0%B5%D0%BD%D0%B8%D0%B5","source":"Викиданные","source_id":"Q4318432","license":"CC0 (Викиданные)","confidence":"ok"}},{"type":"Feature","id":"mines:eb85f02c8e2d","geometry":{"type":"Point","coordinates":[24.057269,50.746485]},"properties":{"uid":"mines:eb85f02c8e2d","layer":"mines","layer_title":"Рудники, копи, промыслы","group":"economy","title":"Нововолынская № 10","category":"рудник","place_text":"Волынская область","region":"Волынская область","date_precision":"unknown","date_approx":false,"url":"https://ru.wikipedia.org/wiki/%D0%9D%D0%BE%D0%B2%D0%BE%D0%B2%D0%BE%D0%BB%D1%8B%D0%BD%D1%81%D0%BA%D0%B0%D1%8F_%E2%84%96_10","source":"Викиданные","source_id":"Q4323379","license":"CC0 (Викиданные)","confidence":"ok"}},{"type":"Feature","id":"mines:d1693bb9476b","geometry":{"type":"Point","coordinates":[30.98333,45.2]},"properties":{"uid":"mines:d1693bb9476b","layer":"mines","layer_title":"Рудники, копи, промыслы","group":"economy","title":"Одесское газовое месторождение","category":"месторождение природного газа","date_precision":"unknown","date_approx":false,"url":"https://ru.wikipedia.org/wiki/%D0%9E%D0%B4%D0%B5%D1%81%D1%81%D0%BA%D0%BE%D0%B5_%D0%B3%D0%B0%D0%B7%D0%BE%D0%B2%D0%BE%D0%B5_%D0%BC%D0%B5%D1%81%D1%82%D0%BE%D1%80%D0%BE%D0%B6%D0%B4%D0%B5%D0%BD%D0%B8%D0%B5","source":"Викиданные","source_id":"Q4331488","license":"CC0 (Викиданные)","confidence":"ok"}},{"type":"Feature","id":"mines:d2711e4fdd94","geometry":{"type":"Point","coordinates":[143.6,53.2]},"properties":{"uid":"mines:d2711e4fdd94","layer":"mines","layer_title":"Рудники, копи, промыслы","group":"economy","title":"Одопту-море","category":"месторождение полезных ископаемых","date_precision":"unknown","date_approx":false,"url":"https://ru.wikipedia.org/wiki/%D0%9E%D0%B4%D0%BE%D0%BF%D1%82%D1%83-%D0%BC%D0%BE%D1%80%D0%B5","source":"Викиданные","source_id":"Q4331783","license":"CC0 (Викиданные)","confidence":"ok"}},{"type":"Feature","id":"mines:83aa21808e62","geometry":{"type":"Point","coordinates":[51.842294,43.587323]},"properties":{"uid":"mines:83aa21808e62","layer":"mines","layer_title":"Рудники, копи, промыслы","group":"economy","title":"Оймаша","category":"нефтяное месторождение","place_text":"Мангистауская область","region":"Мангистауская область","date_precision":"unknown","date_approx":false,"url":"https://ru.wikipedia.org/wiki/%D0%9E%D0%B9%D0%BC%D0%B0%D1%88%D0%B0","source":"Викиданные","source_id":"Q4332407","license":"CC0 (Викиданные)","confidence":"ok"}},{"type":"Feature","id":"mines:d8be245ad6c1","geometry":{"type":"Point","coordinates":[33.193333,68.15]},"properties":{"uid":"mines:d8be245ad6c1","layer":"mines","layer_title":"Рудники, копи, промыслы","group":"economy","title":"Оленегорское железорудное месторождение","category":"месторождение полезных ископаемых","date_precision":"unknown","date_approx":false,"url":"https://ru.wikipedia.org/wiki/%D0%9E%D0%BB%D0%B5%D0%BD%D0%B5%D0%B3%D0%BE%D1%80%D1%81%D0%BA%D0%BE%D0%B5_%D0%B6%D0%B5%D0%BB%D0%B5%D0%B7%D0%BE%D1%80%D1%83%D0%B4%D0%BD%D0%BE%D0%B5_%D0%BC%D0%B5%D1%81%D1%82%D0%BE%D1%80%D0%BE%D0%B6%D0%B4%D0%B5%D0%BD%D0%B8%D0%B5","image_url":"http://commons.wikimedia.org/wiki/Special:FilePath/%D0%9E%D1%82%D0%B2%D0%B0%D0%BB%D1%8B%20%D0%BD%D0%B0%20%D0%BA%D0%B0%D1%80%D1%8C%D0%B5%D1%80%D0%B5%20%D0%B8%D0%BC%D0%B5%D0%BD%D0%B8%2015%20%D0%BB%D0%B5%D1%82%D0%B8%D1%8F%20%D0%9E%D0%BA%D1%82%D1%8F%D0%B1%D1%80%D1%8F.jpg","source":"Викиданные","source_id":"Q4333559","license":"CC0 (Викиданные)","confidence":"ok"}},{"type":"Feature","id":"mines:a3a6314fbb9a","geometry":{"type":"Point","coordinates":[92.915556,59.865]},"properties":{"uid":"mines:a3a6314fbb9a","layer":"mines","layer_title":"Рудники, копи, промыслы","group":"economy","title":"Олимпиадинское месторождение","category":"рудник","place_text":"Красноярский край","region":"Красноярский край","date_precision":"unknown","date_approx":false,"url":"https://ru.wikipedia.org/wiki/%D0%9E%D0%BB%D0%B8%D0%BC%D0%BF%D0%B8%D0%B0%D0%B4%D0%B8%D0%BD%D1%81%D0%BA%D0%BE%D0%B5_%D0%BC%D0%B5%D1%81%D1%82%D0%BE%D1%80%D0%BE%D0%B6%D0%B4%D0%B5%D0%BD%D0%B8%D0%B5","source":"Викиданные","source_id":"Q4333831","license":"CC0 (Викиданные)","confidence":"ok"}},{"type":"Feature","id":"mines:4b08a208e469","geometry":{"type":"Point","coordinates":[43.044444,62.107778]},"properties":{"uid":"mines:4b08a208e469","layer":"mines","layer_title":"Рудники, копи, промыслы","group":"economy","title":"Павловское месторождение (Шенкурский район)","category":"месторождение полезных ископаемых","date_precision":"unknown","date_approx":false,"url":"https://ru.wikipedia.org/wiki/%D0%9F%D0%B0%D0%B2%D0%BB%D0%BE%D0%B2%D1%81%D0%BA%D0%BE%D0%B5_%D0%BC%D0%B5%D1%81%D1%82%D0%BE%D1%80%D0%BE%D0%B6%D0%B4%D0%B5%D0%BD%D0%B8%D0%B5_(%D0%A8%D0%B5%D0%BD%D0%BA%D1%83%D1%80%D1%81%D0%BA%D0%B8%D0%B9_%D1%80%D0%B0%D0%B9%D0%BE%D0%BD)","source":"Викиданные","source_id":"Q4341838","license":"CC0 (Викиданные)","confidence":"ok"}},{"type":"Feature","id":"mines:23b62b98918b","geometry":{"type":"Point","coordinates":[164.462222,66.563333]},"properties":{"uid":"mines:23b62b98918b","layer":"mines","layer_title":"Рудники, копи, промыслы","group":"economy","title":"Песчанка (месторождение)","category":"месторождение полезных ископаемых","date_precision":"unknown","date_approx":false,"url":"https://ru.wikipedia.org/wiki/%D0%9F%D0%B5%D1%81%D1%87%D0%B0%D0%BD%D0%BA%D0%B0_(%D0%BC%D0%B5%D1%81%D1%82%D0%BE%D1%80%D0%BE%D0%B6%D0%B4%D0%B5%D0%BD%D0%B8%D0%B5)","source":"Викиданные","source_id":"Q4360023","license":"CC0 (Викиданные)","confidence":"ok"}},{"type":"Feature","id":"mines:d5a0fef155c9","geometry":{"type":"Point","coordinates":[50.048389,69.280364]},"properties":{"uid":"mines:d5a0fef155c9","layer":"mines","layer_title":"Рудники, копи, промыслы","group":"economy","title":"Песчаноозерское нефтяное месторождение","category":"месторождение полезных ископаемых","place_text":"Ненецкий автономный округ","region":"Ненецкий автономный округ","date_precision":"unknown","date_approx":false,"url":"https://ru.wikipedia.org/wiki/%D0%9F%D0%B5%D1%81%D1%87%D0%B0%D0%BD%D0%BE%D0%BE%D0%B7%D1%91%D1%80%D1%81%D0%BA%D0%BE%D0%B5_%D0%BD%D0%B5%D1%84%D1%82%D1%8F%D0%BD%D0%BE%D0%B5_%D0%BC%D0%B5%D1%81%D1%82%D0%BE%D1%80%D0%BE%D0%B6%D0%B4%D0%B5%D0%BD%D0%B8%D0%B5","source":"Викиданные","source_id":"Q4360075","license":"CC0 (Викиданные)","confidence":"ok"}},{"type":"Feature","id":"mines:acab083b4e99","geometry":{"type":"Point","coordinates":[75.981944,62.483889]},"properties":{"uid":"mines:acab083b4e99","layer":"mines","layer_title":"Рудники, копи, промыслы","group":"economy","title":"Повховское нефтяное месторождение","category":"месторождение нефти и газа","date_precision":"unknown","date_approx":false,"url":"https://ru.wikipedia.org/wiki/%D0%9F%D0%BE%D0%B2%D1%85%D0%BE%D0%B2%D1%81%D0%BA%D0%BE%D0%B5_%D0%BD%D0%B5%D1%84%D1%82%D1%8F%D0%BD%D0%BE%D0%B5_%D0%BC%D0%B5%D1%81%D1%82%D0%BE%D1%80%D0%BE%D0%B6%D0%B4%D0%B5%D0%BD%D0%B8%D0%B5","source":"Викиданные","source_id":"Q4366504","license":"CC0 (Викиданные)","confidence":"ok"}},{"type":"Feature","id":"mines:76715400ec96","geometry":{"type":"Point","coordinates":[50.7,51.45]},"properties":{"uid":"mines:76715400ec96","layer":"mines","layer_title":"Рудники, копи, промыслы","group":"economy","title":"Приграничное нефтяное месторождение","category":"месторождение полезных ископаемых","date_precision":"unknown","date_approx":false,"url":"https://ru.wikipedia.org/wiki/%D0%9F%D1%80%D0%B8%D0%B3%D1%80%D0%B0%D0%BD%D0%B8%D1%87%D0%BD%D0%BE%D0%B5_%D0%BD%D0%B5%D1%84%D1%82%D1%8F%D0%BD%D0%BE%D0%B5_%D0%BC%D0%B5%D1%81%D1%82%D0%BE%D1%80%D0%BE%D0%B6%D0%B4%D0%B5%D0%BD%D0%B8%D0%B5","source":"Викиданные","source_id":"Q4378109","license":"CC0 (Викиданные)","confidence":"ok"}},{"type":"Feature","id":"mines:a6b0ef94d7a4","geometry":{"type":"Point","coordinates":[88.082778,53.783611]},"properties":{"uid":"mines:a6b0ef94d7a4","layer":"mines","layer_title":"Рудники, копи, промыслы","group":"economy","title":"Распадская (шахта)","category":"рудник","place_text":"Кемеровская область","region":"Кемеровская область","year_from":1973,"year_to":1973,"date_precision":"open","date_approx":true,"period_raw":"с 1973","url":"https://ru.wikipedia.org/wiki/%D0%A0%D0%B0%D1%81%D0%BF%D0%B0%D0%B4%D1%81%D0%BA%D0%B0%D1%8F_(%D1%88%D0%B0%D1%85%D1%82%D0%B0)","image_url":"http://commons.wikimedia.org/wiki/Special:FilePath/%D0%A8%D0%B0%D1%85%D1%82%D0%B0%20%D0%A0%D0%B0%D1%81%D0%BF%D0%B0%D0%B4%D1%81%D0%BA%D0%B0%D1%8F.jpg","source":"Викиданные","source_id":"Q4390222","license":"CC0 (Викиданные)","confidence":"ok"}},{"type":"Feature","id":"mines:21920f301ba3","geometry":{"type":"Point","coordinates":[65.0,73.6]},"properties":{"uid":"mines:21920f301ba3","layer":"mines","layer_title":"Рудники, копи, промыслы","group":"economy","title":"Русановское газовое месторождение","category":"месторождение природного газа","place_text":"Ямало-Ненецкий автономный округ","region":"Ямало-Ненецкий автономный округ","date_precision":"unknown","date_approx":false,"url":"https://ru.wikipedia.org/wiki/%D0%A0%D1%83%D1%81%D0%B0%D0%BD%D0%BE%D0%B2%D1%81%D0%BA%D0%BE%D0%B5_%D0%B3%D0%B0%D0%B7%D0%BE%D0%B2%D0%BE%D0%B5_%D0%BC%D0%B5%D1%81%D1%82%D0%BE%D1%80%D0%BE%D0%B6%D0%B4%D0%B5%D0%BD%D0%B8%D0%B5","source":"Викиданные","source_id":"Q4400286","license":"CC0 (Викиданные)","confidence":"ok"}},{"type":"Feature","id":"mines:2d5fee8e816b","geometry":{"type":"Point","coordinates":[36.116111,48.473611]},"properties":{"uid":"mines:2d5fee8e816b","layer":"mines","layer_title":"Рудники, копи, промыслы","group":"economy","title":"Самарская (шахта)","category":"шахта","date_precision":"unknown","date_approx":false,"url":"https://ru.wikipedia.org/wiki/%D0%A1%D0%B0%D0%BC%D0%B0%D1%80%D1%81%D0%BA%D0%B0%D1%8F_(%D1%88%D0%B0%D1%85%D1%82%D0%B0)","image_url":"http://commons.wikimedia.org/wiki/Special:FilePath/Samarska%20Mine%2C%20Ternivka.jpg","source":"Викиданные","source_id":"Q4406359","license":"CC0 (Викиданные)","confidence":"ok"}},{"type":"Feature","id":"mines:7e695408f44a","geometry":{"type":"Point","coordinates":[46.220855,39.367429]},"properties":{"uid":"mines:7e695408f44a","layer":"mines","layer_title":"Рудники, копи, промыслы","group":"economy","title":"Сваранцское железорудное месторождение","category":"рудник","place_text":"Сюникская область","region":"Сюникская область","date_precision":"unknown","date_approx":false,"url":"https://ru.wikipedia.org/wiki/%D0%A1%D0%B2%D0%B0%D1%80%D0%B0%D0%BD%D1%86%D1%81%D0%BA%D0%BE%D0%B5_%D0%B6%D0%B5%D0%BB%D0%B5%D0%B7%D0%BE%D1%80%D1%83%D0%B4%D0%BD%D0%BE%D0%B5_%D0%BC%D0%B5%D1%81%D1%82%D0%BE%D1%80%D0%BE%D0%B6%D0%B4%D0%B5%D0%BD%D0%B8%D0%B5","source":"Викиданные","source_id":"Q4409951","license":"CC0 (Викиданные)","confidence":"ok"}},{"type":"Feature","id":"mines:f67f0fc2dd79","geometry":{"type":"Point","coordinates":[58.637896,52.696829]},"properties":{"uid":"mines:f67f0fc2dd79","layer":"mines","layer_title":"Рудники, копи, промыслы","group":"economy","title":"Сибайское медноцинковоколчеданное месторождение","category":"строительный карьер","place_text":"Сибай","region":"Сибай","date_precision":"unknown","date_approx":false,"url":"https://ru.wikipedia.org/wiki/%D0%A1%D0%B8%D0%B1%D0%B0%D0%B9%D1%81%D0%BA%D0%BE%D0%B5_%D0%BC%D0%B5%D0%B4%D0%BD%D0%BE-%D1%86%D0%B8%D0%BD%D0%BA%D0%BE%D0%B2%D0%BE-%D0%BA%D0%BE%D0%BB%D1%87%D0%B5%D0%B4%D0%B0%D0%BD%D0%BD%D0%BE%D0%B5_%D0%BC%D0%B5%D1%81%D1%82%D0%BE%D1%80%D0%BE%D0%B6%D0%B4%D0%B5%D0%BD%D0%B8%D0%B5","image_url":"http://commons.wikimedia.org/wiki/Special:FilePath/%D0%93.%20%D0%A1%D0%98%D0%91%D0%90%D0%99%20%D0%9A%D0%B0%D1%80%D1%8C%D0%B5%D1%80%20-%20panoramio.jpg","source":"Викиданные","source_id":"Q4418199","license":"CC0 (Викиданные)","confidence":"ok"}},{"type":"Feature","id":"mines:1f878902262e","geometry":{"type":"Point","coordinates":[24.126111,50.368889]},"properties":{"uid":"mines:1f878902262e","layer":"mines","layer_title":"Рудники, копи, промыслы","group":"economy","title":"Степная (шахта, Львовуголь)","category":"рудник","date_precision":"unknown","date_approx":false,"url":"https://ru.wikipedia.org/wiki/%D0%A1%D1%82%D0%B5%D0%BF%D0%BD%D0%B0%D1%8F_(%D1%88%D0%B0%D1%85%D1%82%D0%B0,_%D0%9B%D1%8C%D0%B2%D0%BE%D0%B2%D1%83%D0%B3%D0%BE%D0%BB%D1%8C)","source":"Викиданные","source_id":"Q4442065","license":"CC0 (Викиданные)","confidence":"ok"}},{"type":"Feature","id":"mines:858a8edd9f0a","geometry":{"type":"Point","coordinates":[39.6583,48.3444]},"properties":{"uid":"mines:858a8edd9f0a","layer":"mines","layer_title":"Рудники, копи, промыслы","group":"economy","title":"Суходольская-Восточная","category":"рудник","place_text":"Луганская область","region":"Луганская область","date_precision":"unknown","date_approx":false,"url":"https://ru.wikipedia.org/wiki/%D0%A1%D1%83%D1%85%D0%BE%D0%B4%D0%BE%D0%BB%D1%8C%D1%81%D0%BA%D0%B0%D1%8F-%D0%92%D0%BE%D1%81%D1%82%D0%BE%D1%87%D0%BD%D0%B0%D1%8F","source":"Викиданные","source_id":"Q4447212","license":"CC0 (Викиданные)","confidence":"ok"}},{"type":"Feature","id":"mines:79dad2700907","geometry":{"type":"Point","coordinates":[37.787452,55.485226]},"properties":{"uid":"mines:79dad2700907","layer":"mines","layer_title":"Рудники, копи, промыслы","group":"economy","title":"Сьяны","category":"строительный карьер","date_precision":"unknown","date_approx":false,"url":"https://ru.wikipedia.org/wiki/%D0%A1%D1%8C%D1%8F%D0%BD%D1%8B","image_url":"http://commons.wikimedia.org/wiki/Special:FilePath/DomodedovoDistrictMO%20Syany%2005-2017%20img3.jpg","source":"Викиданные","source_id":"Q4448368","license":"CC0 (Викиданные)","confidence":"ok"}},{"type":"Feature","id":"mines:4427714e3fb3","geometry":{"type":"Point","coordinates":[87.87946,52.76634]},"properties":{"uid":"mines:4427714e3fb3","layer":"mines","layer_title":"Рудники, копи, промыслы","group":"economy","title":"Таштагольский рудник","category":"рудник","year_from":1911,"year_to":1960,"date_precision":"open","date_approx":true,"period_raw":"с 1911","url":"https://ru.wikipedia.org/wiki/%D0%A2%D0%B0%D1%88%D1%82%D0%B0%D0%B3%D0%BE%D0%BB%D1%8C%D1%81%D0%BA%D0%B8%D0%B9_%D1%80%D1%83%D0%B4%D0%BD%D0%B8%D0%BA","source":"Викиданные","source_id":"Q4453067","license":"CC0 (Викиданные)","confidence":"ok"}},{"type":"Feature","id":"mines:d3854e99a982","geometry":{"type":"Point","coordinates":[73.711667,62.379444]},"properties":{"uid":"mines:d3854e99a982","layer":"mines","layer_title":"Рудники, копи, промыслы","group":"economy","title":"Тевлинско-Русскинское нефтяное месторождение","category":"месторождение нефти и газа","date_precision":"unknown","date_approx":false,"url":"https://ru.wikipedia.org/wiki/%D0%A2%D0%B5%D0%B2%D0%BB%D0%B8%D0%BD%D1%81%D0%BA%D0%BE-%D0%A0%D1%83%D1%81%D1%81%D0%BA%D0%B8%D0%BD%D1%81%D0%BA%D0%BE%D0%B5_%D0%BD%D0%B5%D1%84%D1%82%D1%8F%D0%BD%D0%BE%D0%B5_%D0%BC%D0%B5%D1%81%D1%82%D0%BE%D1%80%D0%BE%D0%B6%D0%B4%D0%B5%D0%BD%D0%B8%D0%B5","source":"Викиданные","source_id":"Q4453658","license":"CC0 (Викиданные)","confidence":"ok"}},{"type":"Feature","id":"mines:92ed950115fc","geometry":{"type":"Point","coordinates":[36.056111,48.526944]},"properties":{"uid":"mines:92ed950115fc","layer":"mines","layer_title":"Рудники, копи, промыслы","group":"economy","title":"Терновская (шахта)","category":"шахта","year_from":1964,"year_to":1964,"date_precision":"open","date_approx":true,"period_raw":"с 1964","url":"https://ru.wikipedia.org/wiki/%D0%A2%D0%B5%D1%80%D0%BD%D0%BE%D0%B2%D1%81%D0%BA%D0%B0%D1%8F_(%D1%88%D0%B0%D1%85%D1%82%D0%B0,_%D0%A2%D0%B5%D1%80%D0%BD%D0%BE%D0%B2%D0%BA%D0%B0)","source":"Викиданные","source_id":"Q4456051","license":"CC0 (Викиданные)","confidence":"ok"}},{"type":"Feature","id":"mines:d49052b0e414","geometry":{"type":"Point","coordinates":[44.8463,41.0881]},"properties":{"uid":"mines:d49052b0e414","layer":"mines","layer_title":"Рудники, копи, промыслы","group":"economy","title":"Техутское медно-молибденовое месторождение","category":"рудник","place_text":"Лорийская область","region":"Лорийская область","date_precision":"unknown","date_approx":false,"url":"https://ru.wikipedia.org/wiki/%D0%A2%D0%B5%D1%85%D1%83%D1%82%D1%81%D0%BA%D0%BE%D0%B5_%D0%BC%D0%B5%D0%B4%D0%BD%D0%BE-%D0%BC%D0%BE%D0%BB%D0%B8%D0%B1%D0%B4%D0%B5%D0%BD%D0%BE%D0%B2%D0%BE%D0%B5_%D0%BC%D0%B5%D1%81%D1%82%D0%BE%D1%80%D0%BE%D0%B6%D0%B4%D0%B5%D0%BD%D0%B8%D0%B5","image_url":"http://commons.wikimedia.org/wiki/Special:FilePath/Teghut%20Copper%20Mine.jpg","source":"Викиданные","source_id":"Q4456930","license":"CC0 (Викиданные)","confidence":"ok"}},{"type":"Feature","id":"mines:a3a5db182f45","geometry":{"type":"Point","coordinates":[53.500278,54.551667]},"properties":{"uid":"mines:a3a5db182f45","layer":"mines","layer_title":"Рудники, копи, промыслы","group":"economy","title":"Туймазинское нефтяное месторождение","category":"месторождение нефти и газа","date_precision":"unknown","date_approx":false,"url":"https://ru.wikipedia.org/wiki/%D0%A2%D1%83%D0%B9%D0%BC%D0%B0%D0%B7%D0%B8%D0%BD%D1%81%D0%BA%D0%BE%D0%B5_%D0%BD%D0%B5%D1%84%D1%82%D1%8F%D0%BD%D0%BE%D0%B5_%D0%BC%D0%B5%D1%81%D1%82%D0%BE%D1%80%D0%BE%D0%B6%D0%B4%D0%B5%D0%BD%D0%B8%D0%B5","source":"Викиданные","source_id":"Q4465015","license":"CC0 (Викиданные)","confidence":"ok"}},{"type":"Feature","id":"mines:2e8cf5fb833a","geometry":{"type":"Point","coordinates":[51.3048,43.6886]},"properties":{"uid":"mines:2e8cf5fb833a","layer":"mines","layer_title":"Рудники, копи, промыслы","group":"economy","title":"Узень (месторождение)","category":"нефтяное месторождение","place_text":"Мангистауская область","region":"Мангистауская область","date_precision":"unknown","date_approx":false,"url":"https://ru.wikipedia.org/wiki/%D0%A3%D0%B7%D0%B5%D0%BD%D1%8C_(%D0%BC%D0%B5%D1%81%D1%82%D0%BE%D1%80%D0%BE%D0%B6%D0%B4%D0%B5%D0%BD%D0%B8%D0%B5)","source":"Викиданные","source_id":"Q4469751","license":"CC0 (Викиданные)","confidence":"ok"}},{"type":"Feature","id":"mines:16db2950f632","geometry":{"type":"Point","coordinates":[57.35389,66.17722]},"properties":{"uid":"mines:16db2950f632","layer":"mines","layer_title":"Рудники, копи, промыслы","group":"economy","title":"Усинское нефтяное месторождение","category":"нефтяное месторождение","place_text":"Республика Коми","region":"Республика Коми","date_precision":"unknown","date_approx":false,"url":"https://ru.wikipedia.org/wiki/%D0%A3%D1%81%D0%B8%D0%BD%D1%81%D0%BA%D0%BE%D0%B5_%D0%BD%D0%B5%D1%84%D1%82%D1%8F%D0%BD%D0%BE%D0%B5_%D0%BC%D0%B5%D1%81%D1%82%D0%BE%D1%80%D0%BE%D0%B6%D0%B4%D0%B5%D0%BD%D0%B8%D0%B5","source":"Викиданные","source_id":"Q4477699","license":"CC0 (Викиданные)","confidence":"ok"}},{"type":"Feature","id":"mines:204603fe5f68","geometry":{"type":"Point","coordinates":[72.6,61.0]},"properties":{"uid":"mines:204603fe5f68","layer":"mines","layer_title":"Рудники, копи, промыслы","group":"economy","title":"Усть-Балыкское нефтяное месторождение","category":"месторождение полезных ископаемых","date_precision":"unknown","date_approx":false,"url":"https://ru.wikipedia.org/wiki/%D0%A3%D1%81%D1%82%D1%8C-%D0%91%D0%B0%D0%BB%D1%8B%D0%BA%D1%81%D0%BA%D0%BE%D0%B5_%D0%BD%D0%B5%D1%84%D1%82%D1%8F%D0%BD%D0%BE%D0%B5_%D0%BC%D0%B5%D1%81%D1%82%D0%BE%D1%80%D0%BE%D0%B6%D0%B4%D0%B5%D0%BD%D0%B8%D0%B5","source":"Викиданные","source_id":"Q4478357","license":"CC0 (Викиданные)","confidence":"ok"}},{"type":"Feature","id":"mines:a6f58192a2a8","geometry":{"type":"Point","coordinates":[73.648889,61.6575]},"properties":{"uid":"mines:a6f58192a2a8","layer":"mines","layer_title":"Рудники, копи, промыслы","group":"economy","title":"Фёдоровское нефтяное месторождение","category":"месторождение нефти и газа","date_precision":"unknown","date_approx":false,"url":"https://ru.wikipedia.org/wiki/%D0%A4%D1%91%D0%B4%D0%BE%D1%80%D0%BE%D0%B2%D1%81%D0%BA%D0%BE%D0%B5_%D0%BD%D0%B5%D1%84%D1%82%D1%8F%D0%BD%D0%BE%D0%B5_%D0%BC%D0%B5%D1%81%D1%82%D0%BE%D1%80%D0%BE%D0%B6%D0%B4%D0%B5%D0%BD%D0%B8%D0%B5","source":"Викиданные","source_id":"Q4494183","license":"CC0 (Викиданные)","confidence":"ok"}},{"type":"Feature","id":"mines:786318c12ce6","geometry":{"type":"Point","coordinates":[56.653056,67.142167]},"properties":{"uid":"mines:786318c12ce6","layer":"mines","layer_title":"Рудники, копи, промыслы","group":"economy","title":"Харьягинское нефтяное месторождение","category":"месторождение полезных ископаемых","date_precision":"unknown","date_approx":false,"url":"https://ru.wikipedia.org/wiki/%D0%A5%D0%B0%D1%80%D1%8C%D1%8F%D0%B3%D0%B8%D0%BD%D1%81%D0%BA%D0%BE%D0%B5_%D0%BD%D0%B5%D1%84%D1%82%D1%8F%D0%BD%D0%BE%D0%B5_%D0%BC%D0%B5%D1%81%D1%82%D0%BE%D1%80%D0%BE%D0%B6%D0%B4%D0%B5%D0%BD%D0%B8%D0%B5","source":"Викиданные","source_id":"Q4496385","license":"CC0 (Викиданные)","confidence":"ok"}},{"type":"Feature","id":"mines:bca2bca97ee8","geometry":{"type":"Point","coordinates":[74.382591,62.994535]},"properties":{"uid":"mines:bca2bca97ee8","layer":"mines","layer_title":"Рудники, копи, промыслы","group":"economy","title":"Холмогорское нефтяное месторождение","category":"нефтяное месторождение","date_precision":"unknown","date_approx":false,"url":"https://ru.wikipedia.org/wiki/%D0%A5%D0%BE%D0%BB%D0%BC%D0%BE%D0%B3%D0%BE%D1%80%D1%81%D0%BA%D0%BE%D0%B5_%D0%BD%D0%B5%D1%84%D1%82%D1%8F%D0%BD%D0%BE%D0%B5_%D0%BC%D0%B5%D1%81%D1%82%D0%BE%D1%80%D0%BE%D0%B6%D0%B4%D0%B5%D0%BD%D0%B8%D0%B5","source":"Викиданные","source_id":"Q4499211","license":"CC0 (Викиданные)","confidence":"ok"}},{"type":"Feature","id":"mines:1bcd5cb82c04","geometry":{"type":"Point","coordinates":[112.471944,60.462778]},"properties":{"uid":"mines:1bcd5cb82c04","layer":"mines","layer_title":"Рудники, копи, промыслы","group":"economy","title":"Чаяндинское газовое месторождение","category":"месторождение природного газа","place_text":"Якутия","region":"Якутия","date_precision":"unknown","date_approx":false,"url":"https://ru.wikipedia.org/wiki/%D0%A7%D0%B0%D1%8F%D0%BD%D0%B4%D0%B8%D0%BD%D1%81%D0%BA%D0%BE%D0%B5_%D0%BD%D0%B5%D1%84%D1%82%D0%B5%D0%B3%D0%B0%D0%B7%D0%BE%D0%BA%D0%BE%D0%BD%D0%B4%D0%B5%D0%BD%D1%81%D0%B0%D1%82%D0%BD%D0%BE%D0%B5_%D0%BC%D0%B5%D1%81%D1%82%D0%BE%D1%80%D0%BE%D0%B6%D0%B4%D0%B5%D0%BD%D0%B8%D0%B5","image_url":"http://commons.wikimedia.org/wiki/Special:FilePath/Tor%C4%89o%20de%20%C4%88ajanda%20minejo%2001.jpg","source":"Викиданные","source_id":"Q4507913","license":"CC0 (Викиданные)","confidence":"ok"}},{"type":"Feature","id":"mines:15a5bbcf40a7","geometry":{"type":"Point","coordinates":[52.833333,51.416667]},"properties":{"uid":"mines:15a5bbcf40a7","layer":"mines","layer_title":"Рудники, копи, промыслы","group":"economy","title":"Чинаревское нефтегазоконденсатное месторождение","category":"месторождение полезных ископаемых","date_precision":"unknown","date_approx":false,"url":"https://ru.wikipedia.org/wiki/%D0%A7%D0%B8%D0%BD%D0%B0%D1%80%D0%B5%D0%B2%D1%81%D0%BA%D0%BE%D0%B5_%D0%BD%D0%B5%D1%84%D1%82%D0%B5%D0%B3%D0%B0%D0%B7%D0%BE%D0%BA%D0%BE%D0%BD%D0%B4%D0%B5%D0%BD%D1%81%D0%B0%D1%82%D0%BD%D0%BE%D0%B5_%D0%BC%D0%B5%D1%81%D1%82%D0%BE%D1%80%D0%BE%D0%B6%D0%B4%D0%B5%D0%BD%D0%B8%D0%B5","source":"Викиданные","source_id":"Q4516043","license":"CC0 (Викиданные)","confidence":"ok"}},{"type":"Feature","id":"mines:4949b01aeb18","geometry":{"type":"Point","coordinates":[39.658333,48.344444]},"properties":{"uid":"mines:4949b01aeb18","layer":"mines","layer_title":"Рудники, копи, промыслы","group":"economy","title":"Шахта имени 50 лет СССР","category":"шахта","date_precision":"unknown","date_approx":false,"url":"https://ru.wikipedia.org/wiki/%D0%A8%D0%B0%D1%85%D1%82%D0%B0_%D0%B8%D0%BC%D0%B5%D0%BD%D0%B8_50-%D0%BB%D0%B5%D1%82%D0%B8%D1%8F_%D0%A1%D0%A1%D0%A1%D0%A0_(%D0%9C%D0%BE%D0%BB%D0%BE%D0%B4%D0%BE%D0%B3%D0%B2%D0%B0%D1%80%D0%B4%D0%B5%D0%B9%D1%81%D0%BA)","source":"Викиданные","source_id":"Q4521399","license":"CC0 (Викиданные)","confidence":"ok"}},{"type":"Feature","id":"mines:6f453586561f","geometry":{"type":"Point","coordinates":[36.9939,48.2592]},"properties":{"uid":"mines:6f453586561f","layer":"mines","layer_title":"Рудники, копи, промыслы","group":"economy","title":"Шахтоуправление «Покровское»","category":"рудник","place_text":"Донецкая область","region":"Донецкая область","year_from":1991,"year_to":1991,"date_precision":"open","date_approx":true,"period_raw":"с 1991","url":"https://ru.wikipedia.org/wiki/%D0%9F%D0%BE%D0%BA%D1%80%D0%BE%D0%B2%D1%81%D0%BA%D0%BE%D0%B5_(%D1%88%D0%B0%D1%85%D1%82%D0%BE%D1%83%D0%BF%D1%80%D0%B0%D0%B2%D0%BB%D0%B5%D0%BD%D0%B8%D0%B5)","source":"Викиданные","source_id":"Q4521443","license":"CC0 (Викиданные)","confidence":"ok"}},{"type":"Feature","id":"mines:36ac5a2f9cc0","geometry":{"type":"Point","coordinates":[36.5825,49.448611]},"properties":{"uid":"mines:36ac5a2f9cc0","layer":"mines","layer_title":"Рудники, копи, промыслы","group":"economy","title":"Шебелинское газовое месторождение","category":"месторождение природного газа","place_text":"Харьковская область","region":"Харьковская область","date_precision":"unknown","date_approx":false,"url":"https://ru.wikipedia.org/wiki/%D0%A8%D0%B5%D0%B1%D0%B5%D0%BB%D0%B8%D0%BD%D1%81%D0%BA%D0%BE%D0%B5_%D0%B3%D0%B0%D0%B7%D0%BE%D0%B2%D0%BE%D0%B5_%D0%BC%D0%B5%D1%81%D1%82%D0%BE%D1%80%D0%BE%D0%B6%D0%B4%D0%B5%D0%BD%D0%B8%D0%B5","source":"Викиданные","source_id":"Q4521871","license":"CC0 (Викиданные)","confidence":"ok"}},{"type":"Feature","id":"mines:2bc83385653a","geometry":{"type":"Point","coordinates":[54.081944,53.833611]},"properties":{"uid":"mines:2bc83385653a","layer":"mines","layer_title":"Рудники, копи, промыслы","group":"economy","title":"Шкаповское нефтяное месторождение","category":"месторождение нефти и газа","date_precision":"unknown","date_approx":false,"url":"https://ru.wikipedia.org/wiki/%D0%A8%D0%BA%D0%B0%D0%BF%D0%BE%D0%B2%D1%81%D0%BA%D0%BE%D0%B5_%D0%BD%D0%B5%D1%84%D1%82%D1%8F%D0%BD%D0%BE%D0%B5_%D0%BC%D0%B5%D1%81%D1%82%D0%BE%D1%80%D0%BE%D0%B6%D0%B4%D0%B5%D0%BD%D0%B8%D0%B5","source":"Викиданные","source_id":"Q4524919","license":"CC0 (Викиданные)","confidence":"ok"}},{"type":"Feature","id":"mines:e1de4f1e965f","geometry":{"type":"Point","coordinates":[31.666667,45.25]},"properties":{"uid":"mines:e1de4f1e965f","layer":"mines","layer_title":"Рудники, копи, промыслы","group":"economy","title":"Штормовое газоконденсатное месторождение","category":"месторождение природного газа","date_precision":"unknown","date_approx":false,"url":"https://ru.wikipedia.org/wiki/%D0%A8%D1%82%D0%BE%D1%80%D0%BC%D0%BE%D0%B2%D0%BE%D0%B5_%D0%B3%D0%B0%D0%B7%D0%BE%D0%BA%D0%BE%D0%BD%D0%B4%D0%B5%D0%BD%D1%81%D0%B0%D1%82%D0%BD%D0%BE%D0%B5_%D0%BC%D0%B5%D1%81%D1%82%D0%BE%D1%80%D0%BE%D0%B6%D0%B4%D0%B5%D0%BD%D0%B8%D0%B5","source":"Викиданные","source_id":"Q4526935","license":"CC0 (Викиданные)","confidence":"ok"}},{"type":"Feature","id":"mines:66d051e93649","geometry":{"type":"Point","coordinates":[126.25,58.566667]},"properties":{"uid":"mines:66d051e93649","layer":"mines","layer_title":"Рудники, копи, промыслы","group":"economy","title":"Эльконская группа месторождений","category":"рудник","place_text":"Якутия","region":"Якутия","date_precision":"unknown","date_approx":false,"url":"https://ru.wikipedia.org/wiki/%D0%AD%D0%BB%D1%8C%D0%BA%D0%BE%D0%BD%D1%81%D0%BA%D0%B0%D1%8F_%D0%B3%D1%80%D1%83%D0%BF%D0%BF%D0%B0_%D0%BC%D0%B5%D1%81%D1%82%D0%BE%D1%80%D0%BE%D0%B6%D0%B4%D0%B5%D0%BD%D0%B8%D0%B9","source":"Викиданные","source_id":"Q4531510","license":"CC0 (Викиданные)","confidence":"ok"}},{"type":"Feature","id":"mines:f07d5f46140e","geometry":{"type":"Point","coordinates":[51.033333,51.25]},"properties":{"uid":"mines:f07d5f46140e","layer":"mines","layer_title":"Рудники, копи, промыслы","group":"economy","title":"Южно-Гремячинское нефтяное месторождение","category":"месторождение полезных ископаемых","date_precision":"unknown","date_approx":false,"url":"https://ru.wikipedia.org/wiki/%D0%AE%D0%B6%D0%BD%D0%BE-%D0%93%D1%80%D0%B5%D0%BC%D1%8F%D1%87%D0%B8%D0%BD%D1%81%D0%BA%D0%BE%D0%B5_%D0%BD%D0%B5%D1%84%D1%82%D1%8F%D0%BD%D0%BE%D0%B5_%D0%BC%D0%B5%D1%81%D1%82%D0%BE%D1%80%D0%BE%D0%B6%D0%B4%D0%B5%D0%BD%D0%B8%D0%B5","source":"Викиданные","source_id":"Q4533958","license":"CC0 (Викиданные)","confidence":"ok"}},{"type":"Feature","id":"mines:656bb35e3b55","geometry":{"type":"Point","coordinates":[71.809485,71.349704]},"properties":{"uid":"mines:656bb35e3b55","layer":"mines","layer_title":"Рудники, копи, промыслы","group":"economy","title":"Южно-Тамбейское газовое месторождение","category":"месторождение природного газа","place_text":"Ямало-Ненецкий автономный округ","region":"Ямало-Ненецкий автономный округ","date_precision":"unknown","date_approx":false,"url":"https://ru.wikipedia.org/wiki/%D0%AE%D0%B6%D0%BD%D0%BE-%D0%A2%D0%B0%D0%BC%D0%B1%D0%B5%D0%B9%D1%81%D0%BA%D0%BE%D0%B5_%D0%B3%D0%B0%D0%B7%D0%BE%D0%B2%D0%BE%D0%B5_%D0%BC%D0%B5%D1%81%D1%82%D0%BE%D1%80%D0%BE%D0%B6%D0%B4%D0%B5%D0%BD%D0%B8%D0%B5","source":"Викиданные","source_id":"Q4533989","license":"CC0 (Викиданные)","confidence":"ok"}},{"type":"Feature","id":"mines:a183eac1a3a2","geometry":{"type":"Point","coordinates":[74.280833,62.446111]},"properties":{"uid":"mines:a183eac1a3a2","layer":"mines","layer_title":"Рудники, копи, промыслы","group":"economy","title":"Южно-Ягунское нефтяное месторождение","category":"нефтяное месторождение","place_text":"Ханты-Мансийский автономный округ — Югра","region":"Ханты-Мансийский автономный округ — Югра","date_precision":"unknown","date_approx":false,"url":"https://ru.wikipedia.org/wiki/%D0%AE%D0%B6%D0%BD%D0%BE-%D0%AF%D0%B3%D1%83%D0%BD%D1%81%D0%BA%D0%BE%D0%B5_%D0%BD%D0%B5%D1%84%D1%82%D1%8F%D0%BD%D0%BE%D0%B5_%D0%BC%D0%B5%D1%81%D1%82%D0%BE%D1%80%D0%BE%D0%B6%D0%B4%D0%B5%D0%BD%D0%B8%D0%B5","source":"Викиданные","source_id":"Q4534002","license":"CC0 (Викиданные)","confidence":"ok"}},{"type":"Feature","id":"mines:471f9c5a74f7","geometry":{"type":"Point","coordinates":[74.85,67.9]},"properties":{"uid":"mines:471f9c5a74f7","layer":"mines","layer_title":"Рудники, копи, промыслы","group":"economy","title":"Ямбургское нефтегазоконденсатное месторождение","category":"месторождение природного газа","place_text":"Ямало-Ненецкий автономный округ","region":"Ямало-Ненецкий автономный округ","date_precision":"unknown","date_approx":false,"url":"https://ru.wikipedia.org/wiki/%D0%AF%D0%BC%D0%B1%D1%83%D1%80%D0%B3%D1%81%D0%BA%D0%BE%D0%B5_%D0%BD%D0%B5%D1%84%D1%82%D0%B5%D0%B3%D0%B0%D0%B7%D0%BE%D0%BA%D0%BE%D0%BD%D0%B4%D0%B5%D0%BD%D1%81%D0%B0%D1%82%D0%BD%D0%BE%D0%B5_%D0%BC%D0%B5%D1%81%D1%82%D0%BE%D1%80%D0%BE%D0%B6%D0%B4%D0%B5%D0%BD%D0%B8%D0%B5","source":"Викиданные","source_id":"Q4537629","license":"CC0 (Викиданные)","confidence":"ok"}},{"type":"Feature","id":"mines:dd7f2a37b135","geometry":{"type":"Point","coordinates":[18.627877,52.018328]},"properties":{"uid":"mines:dd7f2a37b135","layer":"mines","layer_title":"Рудники, копи, промыслы","group":"economy","title":"Adamów Coal Mine","category":"рудник","place_text":"Великопольское воеводство","region":"Великопольское воеводство","year_from":1979,"year_to":1979,"date_precision":"open","date_approx":true,"period_raw":"с 1979","url":"https://www.wikidata.org/wiki/Q4680588","image_url":"http://commons.wikimedia.org/wiki/Special:FilePath/Turek%20Elektrownia.jpg","source":"Викиданные","source_id":"Q4680588","license":"CC0 (Викиданные)","confidence":"ok"}},{"type":"Feature","id":"mines:bd03a4623e30","geometry":{"type":"Point","coordinates":[37.082778,48.468889]},"properties":{"uid":"mines:bd03a4623e30","layer":"mines","layer_title":"Рудники, копи, промыслы","group":"economy","title":"Шахта «Алмазная»","category":"рудник","place_text":"Доброполье","region":"Доброполье","date_precision":"unknown","date_approx":false,"url":"https://ru.wikipedia.org/wiki/%D0%90%D0%BB%D0%BC%D0%B0%D0%B7%D0%BD%D0%B0%D1%8F_(%D1%88%D0%B0%D1%85%D1%82%D0%B0)","source":"Викиданные","source_id":"Q4733730","license":"CC0 (Викиданные)","confidence":"ok"}},{"type":"Feature","id":"mines:616d9c50ddc2","geometry":{"type":"Point","coordinates":[79.041451,65.793689]},"properties":{"uid":"mines:616d9c50ddc2","layer":"mines","layer_title":"Рудники, копи, промыслы","group":"economy","title":"Beregovoye field","category":"месторождение природного газа","place_text":"Ямало-Ненецкий автономный округ","region":"Ямало-Ненецкий автономный округ","date_precision":"unknown","date_approx":false,"url":"https://www.wikidata.org/wiki/Q4891209","source":"Викиданные","source_id":"Q4891209","license":"CC0 (Викиданные)","confidence":"ok"}},{"type":"Feature","id":"mines:89c74023e258","geometry":{"type":"Point","coordinates":[19.313667,51.262889]},"properties":{"uid":"mines:89c74023e258","layer":"mines","layer_title":"Рудники, копи, промыслы","group":"economy","title":"Bełchatów Coal Mine","category":"opencast mine","place_text":"Клещув","region":"Клещув","year_from":1975,"year_to":1975,"date_precision":"open","date_approx":true,"period_raw":"с 1975","url":"https://www.wikidata.org/wiki/Q4900408","image_url":"http://commons.wikimedia.org/wiki/Special:FilePath/KWB%20Be%C5%82chat%C3%B3w3a.JPG","source":"Викиданные","source_id":"Q4900408","license":"CC0 (Викиданные)","confidence":"ok"}},{"type":"Feature","id":"mines:0d092424dfa6","geometry":{"type":"Point","coordinates":[18.834,50.2662]},"properties":{"uid":"mines:0d092424dfa6","layer":"mines","layer_title":"Рудники, копи, промыслы","group":"economy","title":"Bielszowice Coal Mine","category":"рудник","place_text":"Руда-Слёнская","region":"Руда-Слёнская","date_precision":"unknown","date_approx":false,"url":"https://www.wikidata.org/wiki/Q4904520","image_url":"http://commons.wikimedia.org/wiki/Special:FilePath/Bielschowitz%20Gesamtanlage.jpg","source":"Викиданные","source_id":"Q4904520","license":"CC0 (Викиданные)","confidence":"ok"}},{"type":"Feature","id":"mines:6d53a3ece885","geometry":{"type":"Point","coordinates":[20.4175,49.969167]},"properties":{"uid":"mines:6d53a3ece885","layer":"mines","layer_title":"Рудники, копи, промыслы","group":"economy","title":"Соляная шахта (Бохня)","category":"государственное предприятие","place_text":"Бохня","region":"Бохня","year_from":1248,"year_to":1960,"date_precision":"open","date_approx":true,"period_raw":"с 1248","url":"https://ru.wikipedia.org/wiki/%D0%A1%D0%BE%D0%BB%D1%8F%D0%BD%D0%B0%D1%8F_%D1%88%D0%B0%D1%85%D1%82%D0%B0_(%D0%91%D0%BE%D1%85%D0%BD%D1%8F)","image_url":"http://commons.wikimedia.org/wiki/Special:FilePath/Kopalnia%20soli%20Bochnia%20-%20szyb%20Sutoris.jpg","source":"Викиданные","source_id":"Q4936252","license":"CC0 (Викиданные)","confidence":"ok"}},{"type":"Feature","id":"mines:f4bce8322ac6","geometry":{"type":"Point","coordinates":[18.865,50.141111]},"properties":{"uid":"mines:f4bce8322ac6","layer":"mines","layer_title":"Рудники, копи, промыслы","group":"economy","title":"Bolesław Śmiały Coal Mine","category":"рудник","place_text":"Лазиска-Гурне","region":"Лазиска-Гурне","date_precision":"unknown","date_approx":false,"url":"https://www.wikidata.org/wiki/Q4939277","image_url":"http://commons.wikimedia.org/wiki/Special:FilePath/KWK%20Boles%C5%82aw%20%C5%9Amia%C5%82y%20z%20ho%C5%82dy.jpg","source":"Викиданные","source_id":"Q4939277","license":"CC0 (Викиданные)","confidence":"ok"}},{"type":"Feature","id":"mines:b436715826c0","geometry":{"type":"Point","coordinates":[18.758889,50.173889]},"properties":{"uid":"mines:b436715826c0","layer":"mines","layer_title":"Рудники, копи, промыслы","group":"economy","title":"Budryk Coal Mine","category":"рудник","place_text":"Силезское воеводство","region":"Силезское воеводство","year_from":1979,"year_to":1979,"date_precision":"open","date_approx":true,"period_raw":"с 1979","url":"https://www.wikidata.org/wiki/Q4985173","image_url":"http://commons.wikimedia.org/wiki/Special:FilePath/Budryk%20III%20und%20I.jpg","source":"Викиданные","source_id":"Q4985173","license":"CC0 (Викиданные)","confidence":"ok"}},{"type":"Feature","id":"mines:523bcee069a3","geometry":{"type":"Point","coordinates":[67.0,74.0]},"properties":{"uid":"mines:523bcee069a3","layer":"mines","layer_title":"Рудники, копи, промыслы","group":"economy","title":"East-Prinovozemelsky field","category":"нефтяное месторождение","date_precision":"unknown","date_approx":false,"url":"https://www.wikidata.org/wiki/Q5327562","source":"Викиданные","source_id":"Q5327562","license":"CC0 (Викиданные)","confidence":"ok"}},{"type":"Feature","id":"mines:d72a8e742011","geometry":{"type":"Point","coordinates":[37.941582,47.999072]},"properties":{"uid":"mines:d72a8e742011","layer":"mines","layer_title":"Рудники, копи, промыслы","group":"economy","title":"Glubokaya coal mine","category":"рудник","place_text":"Макеевка","region":"Макеевка","date_precision":"unknown","date_approx":false,"url":"https://www.wikidata.org/wiki/Q5572280","source":"Викиданные","source_id":"Q5572280","license":"CC0 (Викиданные)","confidence":"ok"}},{"type":"Feature","id":"mines:78adbf038306","geometry":{"type":"Point","coordinates":[30.2238,69.4216]},"properties":{"uid":"mines:78adbf038306","layer":"mines","layer_title":"Рудники, копи, промыслы","group":"economy","title":"Kotselvaara mine","category":"рудник","place_text":"Мурманская область","region":"Мурманская область","date_precision":"unknown","date_approx":false,"url":"https://www.wikidata.org/wiki/Q5808553","image_url":"http://commons.wikimedia.org/wiki/Special:FilePath/In%20Nikel.jpg","source":"Викиданные","source_id":"Q5808553","license":"CC0 (Викиданные)","confidence":"ok"}},{"type":"Feature","id":"mines:371f69b0cde8","geometry":{"type":"Point","coordinates":[38.052219,48.001839]},"properties":{"uid":"mines:371f69b0cde8","layer":"mines","layer_title":"Рудники, копи, промыслы","group":"economy","title":"Holodnaya Balka Coal Mine","category":"рудник","place_text":"Донецкая область","region":"Донецкая область","date_precision":"unknown","date_approx":false,"url":"https://www.wikidata.org/wiki/Q5884064","source":"Викиданные","source_id":"Q5884064","license":"CC0 (Викиданные)","confidence":"ok"}},{"type":"Feature","id":"mines:1625b8418a38","geometry":{"type":"Point","coordinates":[18.5859,50.0471]},"properties":{"uid":"mines:1625b8418a38","layer":"mines","layer_title":"Рудники, копи, промыслы","group":"economy","title":"Jankowice Coal Mine","category":"рудник","place_text":"Силезское воеводство","region":"Силезское воеводство","year_from":1913,"year_to":1960,"date_precision":"open","date_approx":true,"period_raw":"с 1913","url":"https://www.wikidata.org/wiki/Q6154937","image_url":"http://commons.wikimedia.org/wiki/Special:FilePath/KWK%20Jankowice%2020080124.jpg","source":"Викиданные","source_id":"Q6154937","license":"CC0 (Викиданные)","confidence":"ok"}},{"type":"Feature","id":"mines:caff35922300","geometry":{"type":"Point","coordinates":[18.563889,49.966944]},"properties":{"uid":"mines:caff35922300","layer":"mines","layer_title":"Рудники, копи, промыслы","group":"economy","title":"Jas-Mos Coal Mine","category":"рудник","place_text":"Ястшембе-Здруй","region":"Ястшембе-Здруй","year_from":1994,"year_to":1994,"date_precision":"open","date_approx":true,"period_raw":"с 1994","url":"https://www.wikidata.org/wiki/Q6161348","image_url":"http://commons.wikimedia.org/wiki/Special:FilePath/KWK%20Jas-Mos.jpg","source":"Викиданные","source_id":"Q6161348","license":"CC0 (Викиданные)","confidence":"ok"}},{"type":"Feature","id":"mines:e13a78f72f4e","geometry":{"type":"Point","coordinates":[18.967222,50.298056]},"properties":{"uid":"mines:e13a78f72f4e","layer":"mines","layer_title":"Рудники, копи, промыслы","group":"economy","title":"Prezydent coal mine","category":"рудник","year_from":1932,"year_to":1972,"date_precision":"year","date_approx":false,"period_raw":"1932–1972","url":"https://www.wikidata.org/wiki/Q6385917","image_url":"http://commons.wikimedia.org/wiki/Special:FilePath/Prezydent%20Headframe.jpg","source":"Викиданные","source_id":"Q6385917","license":"CC0 (Викиданные)","confidence":"ok"}},{"type":"Feature","id":"mines:77a4a91e1fe9","geometry":{"type":"Point","coordinates":[18.248611,52.3225]},"properties":{"uid":"mines:77a4a91e1fe9","layer":"mines","layer_title":"Рудники, копи, промыслы","group":"economy","title":"Konin Coal Mine","category":"рудник","place_text":"Великопольское воеводство","region":"Великопольское воеводство","year_from":1962,"year_to":1962,"date_precision":"open","date_approx":true,"period_raw":"с 1962","url":"https://www.wikidata.org/wiki/Q6429370","image_url":"http://commons.wikimedia.org/wiki/Special:FilePath/Kwbkonin.jpg","source":"Викиданные","source_id":"Q6429370","license":"CC0 (Викиданные)","confidence":"ok"}},{"type":"Feature","id":"mines:3e899fca3f90","geometry":{"type":"Point","coordinates":[20.6,55.2833]},"properties":{"uid":"mines:3e899fca3f90","layer":"mines","layer_title":"Рудники, копи, промыслы","group":"economy","title":"Kravtsovskoye oilfield","category":"нефтяное месторождение","place_text":"Калининградская область","region":"Калининградская область","date_precision":"unknown","date_approx":false,"url":"https://www.wikidata.org/wiki/Q6436476","source":"Викиданные","source_id":"Q6436476","license":"CC0 (Викиданные)","confidence":"ok"}},{"type":"Feature","id":"mines:0d0474018c27","geometry":{"type":"Point","coordinates":[18.922,52.238]},"properties":{"uid":"mines:0d0474018c27","layer":"mines","layer_title":"Рудники, копи, промыслы","group":"economy","title":"Kłodawa Salt Mine","category":"рудник","place_text":"Клодава","region":"Клодава","year_from":1949,"year_to":1960,"date_precision":"open","date_approx":true,"period_raw":"с 1949","url":"https://www.wikidata.org/wiki/Q6454933","image_url":"http://commons.wikimedia.org/wiki/Special:FilePath/Kopalnia%20K%C5%82odawa.jpg","source":"Викиданные","source_id":"Q6454933","license":"CC0 (Викиданные)","confidence":"ok"}},{"type":"Feature","id":"mines:1108f3aaff9e","geometry":{"type":"Point","coordinates":[24.713744,59.346733]},"properties":{"uid":"mines:1108f3aaff9e","layer":"mines","layer_title":"Рудники, копи, промыслы","group":"economy","title":"Lake Männiku","category":"строительный карьер","place_text":"Саку","region":"Саку","date_precision":"unknown","date_approx":false,"url":"https://www.wikidata.org/wiki/Q6477054","image_url":"http://commons.wikimedia.org/wiki/Special:FilePath/M%C3%A4nniku%20Raudteej%C3%A4rv.jpg","source":"Викиданные","source_id":"Q6477054","license":"CC0 (Викиданные)","confidence":"ok"}},{"type":"Feature","id":"mines:7ec5559a60cd","geometry":{"type":"Point","coordinates":[24.745833,59.357778]},"properties":{"uid":"mines:7ec5559a60cd","layer":"mines","layer_title":"Рудники, копи, промыслы","group":"economy","title":"Lake Raku","category":"озеро","place_text":"Саку","region":"Саку","date_precision":"unknown","date_approx":false,"url":"https://www.wikidata.org/wiki/Q6477480","image_url":"http://commons.wikimedia.org/wiki/Special:FilePath/Raku%20j%C3%A4rv11.JPG","source":"Викиданные","source_id":"Q6477480","license":"CC0 (Викиданные)","confidence":"ok"}},{"type":"Feature","id":"mines:a476b9917988","geometry":{"type":"Point","coordinates":[24.902208,59.43995]},"properties":{"uid":"mines:a476b9917988","layer":"mines","layer_title":"Рудники, копи, промыслы","group":"economy","title":"Lake Tooma","category":"строительный карьер","place_text":"Таллин","region":"Таллин","date_precision":"unknown","date_approx":false,"url":"https://www.wikidata.org/wiki/Q6478063","image_url":"http://commons.wikimedia.org/wiki/Special:FilePath/Tooma%20j%C3%A4rv.JPG","source":"Викиданные","source_id":"Q6478063","license":"CC0 (Викиданные)","confidence":"ok"}},{"type":"Feature","id":"mines:6b91d46df711","geometry":{"type":"Point","coordinates":[26.01,48.28]},"properties":{"uid":"mines:6b91d46df711","layer":"mines","layer_title":"Рудники, копи, промыслы","group":"economy","title":"Lopushna oil field","category":"нефтяное месторождение","place_text":"Черновицкая область","region":"Черновицкая область","date_precision":"unknown","date_approx":false,"url":"https://www.wikidata.org/wiki/Q6678665","source":"Викиданные","source_id":"Q6678665","license":"CC0 (Викиданные)","confidence":"ok"}},{"type":"Feature","id":"mines:4c4fbcffb33c","geometry":{"type":"Point","coordinates":[71.4886,40.8119]},"properties":{"uid":"mines:4c4fbcffb33c","layer":"mines","layer_title":"Рудники, копи, промыслы","group":"economy","title":"Mingbulak oil field","category":"нефтяное месторождение","date_precision":"unknown","date_approx":false,"url":"https://www.wikidata.org/wiki/Q6864701","source":"Викиданные","source_id":"Q6864701","license":"CC0 (Викиданные)","confidence":"ok"}},{"type":"Feature","id":"mines:714c1b438f36","geometry":{"type":"Point","coordinates":[19.0077,50.18106]},"properties":{"uid":"mines:714c1b438f36","layer":"mines","layer_title":"Рудники, копи, промыслы","group":"economy","title":"Murcki Coal Mine","category":"рудник","place_text":"Силезское воеводство","region":"Силезское воеводство","year_from":1657,"year_to":1960,"date_precision":"open","date_approx":true,"period_raw":"с 1657","url":"https://www.wikidata.org/wiki/Q6937581","image_url":"http://commons.wikimedia.org/wiki/Special:FilePath/Katowice%20Murcki%20mine%202018.jpg","source":"Викиданные","source_id":"Q6937581","license":"CC0 (Викиданные)","confidence":"ok"}},{"type":"Feature","id":"mines:76a09d4bed0f","geometry":{"type":"Point","coordinates":[64.571667,41.498333]},"properties":{"uid":"mines:76a09d4bed0f","layer":"mines","layer_title":"Рудники, копи, промыслы","group":"economy","title":"Muruntau gold mine","category":"рудник","date_precision":"unknown","date_approx":false,"url":"https://www.wikidata.org/wiki/Q6939823","source":"Викиданные","source_id":"Q6939823","license":"CC0 (Викиданные)","confidence":"ok"}},{"type":"Feature","id":"mines:4eb5fc015138","geometry":{"type":"Point","coordinates":[19.1642,50.0838]},"properties":{"uid":"mines:4eb5fc015138","layer":"mines","layer_title":"Рудники, копи, промыслы","group":"economy","title":"Piast Coal Mine","category":"рудник","place_text":"Берунь","region":"Берунь","year_from":1972,"year_to":2016,"date_precision":"year","date_approx":false,"period_raw":"1972–2016","url":"https://www.wikidata.org/wiki/Q7190349","image_url":"http://commons.wikimedia.org/wiki/Special:FilePath/Kopalnia%20Piast.JPG","source":"Викиданные","source_id":"Q7190349","license":"CC0 (Викиданные)","confidence":"ok"}},{"type":"Feature","id":"mines:be04f449f081","geometry":{"type":"Point","coordinates":[80.0,66.0]},"properties":{"uid":"mines:be04f449f081","layer":"mines","layer_title":"Рудники, копи, промыслы","group":"economy","title":"Russkoye field","category":"нефтяное месторождение","place_text":"Ямало-Ненецкий автономный округ","region":"Ямало-Ненецкий автономный округ","date_precision":"unknown","date_approx":false,"url":"https://www.wikidata.org/wiki/Q7382347","source":"Викиданные","source_id":"Q7382347","license":"CC0 (Викиданные)","confidence":"ok"}},{"type":"Feature","id":"mines:4df9b8af45f8","geometry":{"type":"Point","coordinates":[63.832194,39.003013]},"properties":{"uid":"mines:4df9b8af45f8","layer":"mines","layer_title":"Рудники, копи, промыслы","group":"economy","title":"Газовое месторождение Саман-Депе","category":"месторождение природного газа","place_text":"Лебапский велаят","region":"Лебапский велаят","date_precision":"unknown","date_approx":false,"url":"https://ru.wikipedia.org/wiki/%D0%93%D0%B0%D0%B7%D0%BE%D0%B2%D0%BE%D0%B5_%D0%BC%D0%B5%D1%81%D1%82%D0%BE%D1%80%D0%BE%D0%B6%D0%B4%D0%B5%D0%BD%D0%B8%D0%B5_%D0%A1%D0%B0%D0%BC%D0%B0%D0%BD-%D0%94%D0%B5%D0%BF%D0%B5","source":"Викиданные","source_id":"Q7408537","license":"CC0 (Викиданные)","confidence":"ok"}},{"type":"Feature","id":"mines:8e9b3a3ff1fe","geometry":{"type":"Point","coordinates":[19.26,50.1836]},"properties":{"uid":"mines:8e9b3a3ff1fe","layer":"mines","layer_title":"Рудники, копи, промыслы","group":"economy","title":"Sobieski Coal Mine","category":"рудник","place_text":"Явожно","region":"Явожно","year_from":1874,"year_to":1960,"date_precision":"open","date_approx":true,"period_raw":"с 1874","url":"https://www.wikidata.org/wiki/Q7550044","image_url":"http://commons.wikimedia.org/wiki/Special:FilePath/Zak%C5%82ad%20G%C3%B3rniczy%20Sobieski%20Jaworzno.JPG","source":"Викиданные","source_id":"Q7550044","license":"CC0 (Викиданные)","confidence":"ok"}},{"type":"Feature","id":"mines:4e1d4650f63e","geometry":{"type":"Point","coordinates":[19.0442,50.2248]},"properties":{"uid":"mines:4e1d4650f63e","layer":"mines","layer_title":"Рудники, копи, промыслы","group":"economy","title":"Staszic Coal Mine","category":"рудник","place_text":"Катовице","region":"Катовице","year_from":1964,"year_to":1964,"date_precision":"open","date_approx":true,"period_raw":"с 1964","url":"https://www.wikidata.org/wiki/Q7602957","image_url":"http://commons.wikimedia.org/wiki/Special:FilePath/Giszowiec%20kopalnia%20Staszic%2002.jpg","source":"Викиданные","source_id":"Q7602957","license":"CC0 (Викиданные)","confidence":"ok"}},{"type":"Feature","id":"mines:f7ae2ef5ca0d","geometry":{"type":"Point","coordinates":[18.6328,50.1894]},"properties":{"uid":"mines:f7ae2ef5ca0d","layer":"mines","layer_title":"Рудники, копи, промыслы","group":"economy","title":"Szczygłowice Coal Mine","category":"рудник","place_text":"Кнурув","region":"Кнурув","year_from":1957,"year_to":1960,"date_precision":"open","date_approx":true,"period_raw":"с 1957","url":"https://www.wikidata.org/wiki/Q7664446","image_url":"http://commons.wikimedia.org/wiki/Special:FilePath/Kwkszczyglowice.JPG","source":"Викиданные","source_id":"Q7664446","license":"CC0 (Викиданные)","confidence":"ok"}},{"type":"Feature","id":"mines:09a1044d1519","geometry":{"type":"Point","coordinates":[87.332382,53.862145]},"properties":{"uid":"mines:09a1044d1519","layer":"mines","layer_title":"Рудники, копи, промыслы","group":"economy","title":"Yubileynaya mine","category":"рудник","place_text":"Кемеровская область","region":"Кемеровская область","date_precision":"unknown","date_approx":false,"url":"https://www.wikidata.org/wiki/Q8060128","source":"Викиданные","source_id":"Q8060128","license":"CC0 (Викиданные)","confidence":"ok"}},{"type":"Feature","id":"mines:1cc00ce5fb46","geometry":{"type":"Point","coordinates":[19.092694,50.275083]},"properties":{"uid":"mines:1cc00ce5fb46","layer":"mines","layer_title":"Рудники, копи, промыслы","group":"economy","title":"Q9351223","category":"рудник","date_precision":"unknown","date_approx":false,"url":"https://www.wikidata.org/wiki/Q9351223","source":"Викиданные","source_id":"Q9351223","license":"CC0 (Викиданные)","confidence":"ok"}},{"type":"Feature","id":"mines:0d1df7be53d9","geometry":{"type":"Point","coordinates":[19.28003,50.19352]},"properties":{"uid":"mines:0d1df7be53d9","layer":"mines","layer_title":"Рудники, копи, промыслы","group":"economy","title":"Q9364769","category":"рудник","date_precision":"unknown","date_approx":false,"url":"https://www.wikidata.org/wiki/Q9364769","source":"Викиданные","source_id":"Q9364769","license":"CC0 (Викиданные)","confidence":"ok"}},{"type":"Feature","id":"mines:715e8bc730ef","geometry":{"type":"Point","coordinates":[18.466653,50.06225]},"properties":{"uid":"mines:715e8bc730ef","layer":"mines","layer_title":"Рудники, копи, промыслы","group":"economy","title":"Heritage coal mine Ignacy","category":"музей горного дела","place_text":"Рыбник","region":"Рыбник","year_from":1792,"year_to":1960,"date_precision":"open","date_approx":true,"period_raw":"с 1792","url":"https://www.wikidata.org/wiki/Q9385507","image_url":"http://commons.wikimedia.org/wiki/Special:FilePath/Rybnik%20Foto%20Festival%202024%2C%20Zabytkowa%20Kopalnia%20Ignacy%2C%20321.jpg","source":"Викиданные","source_id":"Q9385507","license":"CC0 (Викиданные)","confidence":"ok"}},{"type":"Feature","id":"mines:ede46c87cefc","geometry":{"type":"Point","coordinates":[18.3236,49.9678]},"properties":{"uid":"mines:ede46c87cefc","layer":"mines","layer_title":"Рудники, копи, промыслы","group":"economy","title":"Odra Quarry","category":"gravel pit","place_text":"Odra, Silesian Voivodeship","region":"Odra, Silesian Voivodeship","date_precision":"unknown","date_approx":false,"url":"https://www.wikidata.org/wiki/Q9397656","source":"Викиданные","source_id":"Q9397656","license":"CC0 (Викиданные)","confidence":"ok"}},{"type":"Feature","id":"mines:bbb9b7d3038d","geometry":{"type":"Point","coordinates":[18.877527,50.345549]},"properties":{"uid":"mines:bbb9b7d3038d","layer":"mines","layer_title":"Рудники, копи, промыслы","group":"economy","title":"Bobrek coal mine","category":"рудник","year_from":1922,"year_to":2005,"date_precision":"year","date_approx":false,"period_raw":"1922–2005","url":"https://www.wikidata.org/wiki/Q9912077","image_url":"http://commons.wikimedia.org/wiki/Special:FilePath/Bobrek%20beide%20Sch%C3%A4chte%20mit%20Verwaltung.jpg","source":"Викиданные","source_id":"Q9912077","license":"CC0 (Викиданные)","confidence":"ok"}},{"type":"Feature","id":"mines:e5a8b5457409","geometry":{"type":"Point","coordinates":[30.360874,53.866523]},"properties":{"uid":"mines:e5a8b5457409","layer":"mines","layer_title":"Рудники, копи, промыслы","group":"economy","title":"Q10019977","category":"строительный карьер","place_text":"Могилёв","region":"Могилёв","date_precision":"unknown","date_approx":false,"url":"https://www.wikidata.org/wiki/Q10019977","image_url":"http://commons.wikimedia.org/wiki/Special:FilePath/Kastry%C4%8Dnicki%20District%2C%20Mogilev%2C%20Belarus%20-%20panoramio%20%28837%29.jpg","source":"Викиданные","source_id":"Q10019977","license":"CC0 (Викиданные)","confidence":"ok"}},{"type":"Feature","id":"mines:3ddd87f92562","geometry":{"type":"Point","coordinates":[20.616944,50.861111]},"properties":{"uid":"mines:3ddd87f92562","layer":"mines","layer_title":"Рудники, копи, промыслы","group":"economy","title":"Kadzielnia Reserve in Kielce","category":"заповедник","place_text":"Кельце","region":"Кельце","date_precision":"unknown","date_approx":false,"url":"https://www.wikidata.org/wiki/Q11733266","image_url":"http://commons.wikimedia.org/wiki/Special:FilePath/Kielce%2C%20Kadzielnia%2C%20KsP%2002.jpg","source":"Викиданные","source_id":"Q11733266","license":"CC0 (Викиданные)","confidence":"ok"}},{"type":"Feature","id":"mines:b4ae82861355","geometry":{"type":"Point","coordinates":[20.55,50.816944]},"properties":{"uid":"mines:b4ae82861355","layer":"mines","layer_title":"Рудники, копи, промыслы","group":"economy","title":"Lake Zgórsko","category":"строительный карьер","date_precision":"unknown","date_approx":false,"url":"https://www.wikidata.org/wiki/Q11734376","image_url":"http://commons.wikimedia.org/wiki/Special:FilePath/Kamienio%C5%82omZg%C3%B3rsko.jpg","source":"Викиданные","source_id":"Q11734376","license":"CC0 (Викиданные)","confidence":"ok"}},{"type":"Feature","id":"mines:469983bed7e6","geometry":{"type":"Point","coordinates":[19.6422,50.0839]},"properties":{"uid":"mines:469983bed7e6","layer":"mines","layer_title":"Рудники, копи, промыслы","group":"economy","title":"Q11743333","category":"строительный карьер","place_text":"Zalas, Lesser Poland Voivodeship","region":"Zalas, Lesser Poland Voivodeship","date_precision":"unknown","date_approx":false,"url":"https://www.wikidata.org/wiki/Q11743333","image_url":"http://commons.wikimedia.org/wiki/Special:FilePath/Kop.Zalas.jpg","source":"Викиданные","source_id":"Q11743333","license":"CC0 (Викиданные)","confidence":"ok"}},{"type":"Feature","id":"mines:f15196c8445a","geometry":{"type":"Point","coordinates":[18.4969,49.9775]},"properties":{"uid":"mines:f15196c8445a","layer":"mines","layer_title":"Рудники, копи, промыслы","group":"economy","title":"1 Maja Coal Mine","category":"рудник","place_text":"Водзислав-Слёнски","region":"Водзислав-Слёнски","year_from":1960,"year_to":2001,"date_precision":"year","date_approx":false,"period_raw":"1960–2001","url":"https://www.wikidata.org/wiki/Q11743339","image_url":"http://commons.wikimedia.org/wiki/Special:FilePath/Wodzis%C5%82aw%20KWK%201%20Maja.JPG","source":"Викиданные","source_id":"Q11743339","license":"CC0 (Викиданные)","confidence":"ok"}},{"type":"Feature","id":"mines:265e9c137042","geometry":{"type":"Point","coordinates":[18.9268,50.2459]},"properties":{"uid":"mines:265e9c137042","layer":"mines","layer_title":"Рудники, копи, промыслы","group":"economy","title":"Śląsk coal mine","category":"рудник","year_from":1883,"year_to":1960,"date_precision":"open","date_approx":true,"period_raw":"с 1883","url":"https://www.wikidata.org/wiki/Q11743337","image_url":"http://commons.wikimedia.org/wiki/Special:FilePath/Ruda%20Slaska%20Slask%20mine.jpg","source":"Викиданные","source_id":"Q11743337","license":"CC0 (Викиданные)","confidence":"ok"}},{"type":"Feature","id":"mines:c7e808b38e3b","geometry":{"type":"Point","coordinates":[18.95,50.3]},"properties":{"uid":"mines:c7e808b38e3b","layer":"mines","layer_title":"Рудники, копи, промыслы","group":"economy","title":"Q11743342","category":"рудник","place_text":"Хожув","region":"Хожув","year_from":1937,"year_to":1960,"date_precision":"open","date_approx":true,"period_raw":"с 1937","url":"https://www.wikidata.org/wiki/Q11743342","source":"Викиданные","source_id":"Q11743342","license":"CC0 (Викиданные)","confidence":"ok"}},{"type":"Feature","id":"mines:6e04ffe785b4","geometry":{"type":"Point","coordinates":[18.8789,50.3459]},"properties":{"uid":"mines:6e04ffe785b4","layer":"mines","layer_title":"Рудники, копи, промыслы","group":"economy","title":"Centrum-Bobrek coal mine","category":"рудник","year_from":2005,"year_to":2015,"date_precision":"year","date_approx":false,"period_raw":"2005–2015","url":"https://www.wikidata.org/wiki/Q11743343","image_url":"http://commons.wikimedia.org/wiki/Special:FilePath/Bytom%20-%20Kopalnia%20Centrum%2003.jpg","source":"Викиданные","source_id":"Q11743343","license":"CC0 (Викиданные)","confidence":"ok"}},{"type":"Feature","id":"mines:df1ac6bd62ae","geometry":{"type":"Point","coordinates":[18.9876,50.3587]},"properties":{"uid":"mines:df1ac6bd62ae","layer":"mines","layer_title":"Рудники, копи, промыслы","group":"economy","title":"Andaluzja coal mine","category":"рудник","year_from":1908,"year_to":2006,"date_precision":"year","date_approx":false,"period_raw":"1908–2006","url":"https://www.wikidata.org/wiki/Q11743340","image_url":"http://commons.wikimedia.org/wiki/Special:FilePath/%C5%BBeromski%20kurz%20vor%20dem%20Abriss.jpg","source":"Викиданные","source_id":"Q11743340","license":"CC0 (Викиданные)","confidence":"ok"}},{"type":"Feature","id":"mines:bed9837633f7","geometry":{"type":"Point","coordinates":[19.1556,49.9872]},"properties":{"uid":"mines:bed9837633f7","layer":"mines","layer_title":"Рудники, копи, промыслы","group":"economy","title":"Q11743346","category":"рудник","year_from":1903,"year_to":1960,"date_precision":"open","date_approx":true,"period_raw":"с 1903","url":"https://www.wikidata.org/wiki/Q11743346","image_url":"http://commons.wikimedia.org/wiki/Special:FilePath/KWK%20Brzeszcze.JPG","source":"Викиданные","source_id":"Q11743346","license":"CC0 (Викиданные)","confidence":"ok"}},{"type":"Feature","id":"mines:5aa1b45db84f","geometry":{"type":"Point","coordinates":[19.0072,50.1806]},"properties":{"uid":"mines:5aa1b45db84f","layer":"mines","layer_title":"Рудники, копи, промыслы","group":"economy","title":"Q11743347","category":"рудник","year_from":1901,"year_to":1976,"date_precision":"year","date_approx":false,"period_raw":"1901–1976","url":"https://www.wikidata.org/wiki/Q11743347","image_url":"http://commons.wikimedia.org/wiki/Special:FilePath/Katowice%20-%20KWK%20Bo%C5%BCe%20Dary%20w%20XX%20wieku.jpg","source":"Викиданные","source_id":"Q11743347","license":"CC0 (Викиданные)","confidence":"ok"}},{"type":"Feature","id":"mines:66cbc5149529","geometry":{"type":"Point","coordinates":[18.613301,49.99928]},"properties":{"uid":"mines:66cbc5149529","layer":"mines","layer_title":"Рудники, копи, промыслы","group":"economy","title":"Zofiówka coal mine","category":"рудник","place_text":"Ястшембе-Здруй","region":"Ястшембе-Здруй","year_from":2013,"year_to":2013,"date_precision":"open","date_approx":true,"period_raw":"с 2013","url":"https://www.wikidata.org/wiki/Q11743345","image_url":"http://commons.wikimedia.org/wiki/Special:FilePath/Zofiowka%20Aufbereitung.jpg","source":"Викиданные","source_id":"Q11743345","license":"CC0 (Викиданные)","confidence":"ok"}},{"type":"Feature","id":"mines:cee4e27ce9a4","geometry":{"type":"Point","coordinates":[18.8928,50.3541]},"properties":{"uid":"mines:cee4e27ce9a4","layer":"mines","layer_title":"Рудники, копи, промыслы","group":"economy","title":"Centrum coal mine","category":"рудник","place_text":"Бытом","region":"Бытом","year_from":1881,"year_to":2015,"date_precision":"year","date_approx":false,"period_raw":"1881–2015","url":"https://www.wikidata.org/wiki/Q11743350","image_url":"http://commons.wikimedia.org/wiki/Special:FilePath/Bytom%20-%20Kopalnia%20Centrum%2003.jpg","source":"Викиданные","source_id":"Q11743350","license":"CC0 (Викиданные)","confidence":"ok"}},{"type":"Feature","id":"mines:c8bc541adf8b","geometry":{"type":"Point","coordinates":[18.5546,50.0697]},"properties":{"uid":"mines:c8bc541adf8b","layer":"mines","layer_title":"Рудники, копи, промыслы","group":"economy","title":"Chwałowice Coal Mine","category":"рудник","place_text":"Силезское воеводство","region":"Силезское воеводство","date_precision":"unknown","date_approx":false,"url":"https://www.wikidata.org/wiki/Q11743352","image_url":"http://commons.wikimedia.org/wiki/Special:FilePath/Chwalowice%20I%20II%20VIII.jpg","source":"Викиданные","source_id":"Q11743352","license":"CC0 (Викиданные)","confidence":"ok"}},{"type":"Feature","id":"mines:ff9241b7ace7","geometry":{"type":"Point","coordinates":[19.1073,50.0205]},"properties":{"uid":"mines:ff9241b7ace7","layer":"mines","layer_title":"Рудники, копи, промыслы","group":"economy","title":"Q11743353","category":"рудник","year_from":1985,"year_to":2008,"date_precision":"year","date_approx":false,"period_raw":"1985–2008","url":"https://www.wikidata.org/wiki/Q11743353","image_url":"http://commons.wikimedia.org/wiki/Special:FilePath/Piastii2.jpg","source":"Викиданные","source_id":"Q11743353","license":"CC0 (Викиданные)","confidence":"ok"}},{"type":"Feature","id":"mines:280540a81e96","geometry":{"type":"Point","coordinates":[19.0746,50.3541]},"properties":{"uid":"mines:280540a81e96","layer":"mines","layer_title":"Рудники, копи, промыслы","group":"economy","title":"Q11743359","category":"рудник","place_text":"Grodziec","region":"Grodziec","year_from":1899,"year_to":2001,"date_precision":"year","date_approx":false,"period_raw":"1899–2001","url":"https://www.wikidata.org/wiki/Q11743359","image_url":"http://commons.wikimedia.org/wiki/Special:FilePath/B%C4%99dzin%2C%20Kopalnia%20Grodziec%20I%20-%20fotopolska.eu%20%28275038%29.jpg","source":"Викиданные","source_id":"Q11743359","license":"CC0 (Викиданные)","confidence":"ok"}},{"type":"Feature","id":"mines:c9b17f773b14","geometry":{"type":"Point","coordinates":[18.6676,50.1575]},"properties":{"uid":"mines:c9b17f773b14","layer":"mines","layer_title":"Рудники, копи, промыслы","group":"economy","title":"Dębieńsko coal mine","category":"рудник","place_text":"Червёнка-Лещины","region":"Червёнка-Лещины","year_from":1898,"year_to":2000,"date_precision":"year","date_approx":false,"period_raw":"1898–2000","url":"https://www.wikidata.org/wiki/Q11743356","image_url":"http://commons.wikimedia.org/wiki/Special:FilePath/KWK%20Debiensko%20Czerwionka.JPG","source":"Викиданные","source_id":"Q11743356","license":"CC0 (Викиданные)","confidence":"ok"}},{"type":"Feature","id":"mines:e0997fc8b42d","geometry":{"type":"Point","coordinates":[19.0438,50.3577]},"properties":{"uid":"mines:e0997fc8b42d","layer":"mines","layer_title":"Рудники, копи, промыслы","group":"economy","title":"Jowisz coal mine","category":"рудник","place_text":"Войковице","region":"Войковице","year_from":1910,"year_to":2000,"date_precision":"year","date_approx":false,"period_raw":"1910–2000","url":"https://www.wikidata.org/wiki/Q11743362","image_url":"http://commons.wikimedia.org/wiki/Special:FilePath/Wojkowice%20Jowisz%20coal%20mine.jpg","source":"Викиданные","source_id":"Q11743362","license":"CC0 (Викиданные)","confidence":"ok"}},{"type":"Feature","id":"mines:8d13ea4c2bf5","geometry":{"type":"Point","coordinates":[18.9551,50.3806]},"properties":{"uid":"mines:8d13ea4c2bf5","layer":"mines","layer_title":"Рудники, копи, промыслы","group":"economy","title":"Q11743363","category":"рудник","year_from":1954,"year_to":1999,"date_precision":"year","date_approx":false,"period_raw":"1954–1999","url":"https://www.wikidata.org/wiki/Q11743363","image_url":"http://commons.wikimedia.org/wiki/Special:FilePath/007%20Kopalnia%20Julian%2C%20Piekary%20Slaskie%2C%20Poland.jpg","source":"Викиданные","source_id":"Q11743363","license":"CC0 (Викиданные)","confidence":"ok"}},{"type":"Feature","id":"mines:e4b59dbe64ac","geometry":{"type":"Point","coordinates":[19.0677,50.2716]},"properties":{"uid":"mines:e4b59dbe64ac","layer":"mines","layer_title":"Рудники, копи, промыслы","group":"economy","title":"Q11743360","category":"рудник","place_text":"Катовице","region":"Катовице","date_precision":"unknown","date_approx":false,"url":"https://www.wikidata.org/wiki/Q11743360","image_url":"http://commons.wikimedia.org/wiki/Special:FilePath/Katowice%20-%20Jerzy%20Coal%20Mine%20in%20D%C4%85br%C3%B3wka%20Ma%C5%82a%20%282%29.jpg","source":"Викиданные","source_id":"Q11743360","license":"CC0 (Викиданные)","confidence":"ok"}},{"type":"Feature","id":"mines:5ce3e713cec7","geometry":{"type":"Point","coordinates":[19.0333,50.2643]},"properties":{"uid":"mines:5ce3e713cec7","layer":"mines","layer_title":"Рудники, копи, промыслы","group":"economy","title":"Katowice Coal Mine","category":"рудник","place_text":"Катовице","region":"Катовице","year_from":1823,"year_to":1960,"date_precision":"open","date_approx":true,"period_raw":"с 1823","url":"https://www.wikidata.org/wiki/Q11743366","image_url":"http://commons.wikimedia.org/wiki/Special:FilePath/DJI%200169%20Katowice.jpg","source":"Викиданные","source_id":"Q11743366","license":"CC0 (Викиданные)","confidence":"ok"}},{"type":"Feature","id":"mines:4606693abd4c","geometry":{"type":"Point","coordinates":[19.2378,50.2909]},"properties":{"uid":"mines:4606693abd4c","layer":"mines","layer_title":"Рудники, копи, промыслы","group":"economy","title":"Kazimierz-Juliusz hard coal mine","category":"рудник","place_text":"Сосновец","region":"Сосновец","year_from":1884,"year_to":1960,"date_precision":"open","date_approx":true,"period_raw":"с 1884","url":"https://www.wikidata.org/wiki/Q11743367","image_url":"http://commons.wikimedia.org/wiki/Special:FilePath/Sosnowiec%20Kazimierz%20Kopalnia.JPG","source":"Викиданные","source_id":"Q11743367","license":"CC0 (Викиданные)","confidence":"ok"}},{"type":"Feature","id":"mines:1c2ef8c98075","geometry":{"type":"Point","coordinates":[19.194444,50.277778]},"properties":{"uid":"mines:1c2ef8c98075","layer":"mines","layer_title":"Рудники, копи, промыслы","group":"economy","title":"Coal Mine Klimontów","category":"рудник","date_precision":"unknown","date_approx":false,"url":"https://www.wikidata.org/wiki/Q11743370","image_url":"http://commons.wikimedia.org/wiki/Special:FilePath/Kopalnia%20porabka%20kazimierz.JPG","source":"Викиданные","source_id":"Q11743370","license":"CC0 (Викиданные)","confidence":"ok"}},{"type":"Feature","id":"mines:8382de39f66e","geometry":{"type":"Point","coordinates":[19.2472,50.2206]},"properties":{"uid":"mines:8382de39f66e","layer":"mines","layer_title":"Рудники, копи, промыслы","group":"economy","title":"Jan Kanty coal mine","category":"рудник","place_text":"Явожно","region":"Явожно","year_from":1920,"year_to":1994,"date_precision":"year","date_approx":false,"period_raw":"1920–1994","url":"https://www.wikidata.org/wiki/Q11743371","image_url":"http://commons.wikimedia.org/wiki/Special:FilePath/Jan%20Kanty%20Witold%20I.jpg","source":"Викиданные","source_id":"Q11743371","license":"CC0 (Викиданные)","confidence":"ok"}},{"type":"Feature","id":"mines:8298901a3ba2","geometry":{"type":"Point","coordinates":[18.967,50.2684]},"properties":{"uid":"mines:8298901a3ba2","layer":"mines","layer_title":"Рудники, копи, промыслы","group":"economy","title":"Kleofas Coal Mine","category":"рудник","place_text":"Катовице","region":"Катовице","year_from":1840,"year_to":2004,"date_precision":"year","date_approx":false,"period_raw":"1840–2004","url":"https://www.wikidata.org/wiki/Q11743368","image_url":"http://commons.wikimedia.org/wiki/Special:FilePath/Wzd%C5%82u%C5%BC%20linii%20kolejowej%20Entlang%20der%20Bahnlinie%20Katowice%20-%20Bytom%20-%20Tarnowskie%20G%C3%B3ry%20-%20Dawna%20kopalnia%20Kleofas%20Ehemaliges%20Bergwerk%20Kleofas.jpg","source":"Викиданные","source_id":"Q11743368","license":"CC0 (Викиданные)","confidence":"ok"}},{"type":"Feature","id":"mines:727df6ce645f","geometry":{"type":"Point","coordinates":[18.6783,50.2167]},"properties":{"uid":"mines:727df6ce645f","layer":"mines","layer_title":"Рудники, копи, промыслы","group":"economy","title":"Q11743369","category":"рудник","place_text":"Кнурув","region":"Кнурув","date_precision":"unknown","date_approx":false,"url":"https://www.wikidata.org/wiki/Q11743369","image_url":"http://commons.wikimedia.org/wiki/Special:FilePath/KWK%20Knur%C3%B3w%2025.06.2011%20p.jpg","source":"Викиданные","source_id":"Q11743369","license":"CC0 (Викиданные)","confidence":"ok"}},{"type":"Feature","id":"mines:ff3ee9a29d87","geometry":{"type":"Point","coordinates":[18.955056,50.298222]},"properties":{"uid":"mines:ff3ee9a29d87","layer":"mines","layer_title":"Рудники, копи, промыслы","group":"economy","title":"Król coal mine","category":"рудник","year_from":1791,"year_to":1960,"date_precision":"open","date_approx":true,"period_raw":"с 1791","url":"https://www.wikidata.org/wiki/Q11743374","image_url":"http://commons.wikimedia.org/wiki/Special:FilePath/Kopalnia%20Krol%201922.jpg","source":"Викиданные","source_id":"Q11743374","license":"CC0 (Викиданные)","confidence":"ok"}},{"type":"Feature","id":"mines:1cc7c7c7cd2b","geometry":{"type":"Point","coordinates":[18.7955,50.3242]},"properties":{"uid":"mines:1cc7c7c7cd2b","layer":"mines","layer_title":"Рудники, копи, промыслы","group":"economy","title":"Ludwik coal mine","category":"рудник","place_text":"Забже","region":"Забже","year_from":1873,"year_to":1978,"date_precision":"year","date_approx":false,"period_raw":"1873–1978","url":"https://www.wikidata.org/wiki/Q11743375","image_url":"http://commons.wikimedia.org/wiki/Special:FilePath/Kopalnia%20Ludwik.jpg","source":"Викиданные","source_id":"Q11743375","license":"CC0 (Викиданные)","confidence":"ok"}},{"type":"Feature","id":"mines:eeb1baa6e952","geometry":{"type":"Point","coordinates":[18.6757,50.2172]},"properties":{"uid":"mines:eeb1baa6e952","layer":"mines","layer_title":"Рудники, копи, промыслы","group":"economy","title":"Q11743372","category":"рудник","place_text":"Кнурув","region":"Кнурув","year_from":2011,"year_to":2011,"date_precision":"open","date_approx":true,"period_raw":"с 2011","url":"https://www.wikidata.org/wiki/Q11743372","image_url":"http://commons.wikimedia.org/wiki/Special:FilePath/KWK%20Knur%C3%B3w%2025.06.2011%20p2.jpg","source":"Викиданные","source_id":"Q11743372","license":"CC0 (Викиданные)","confidence":"ok"}},{"type":"Feature","id":"mines:6ee8130917f9","geometry":{"type":"Point","coordinates":[19.633008,50.107539]},"properties":{"uid":"mines:6ee8130917f9","layer":"mines","layer_title":"Рудники, копи, промыслы","group":"economy","title":"Krystyna coal mine","category":"рудник","place_text":"Тенчинек","region":"Тенчинек","date_precision":"unknown","date_approx":false,"url":"https://www.wikidata.org/wiki/Q11743373","image_url":"http://commons.wikimedia.org/wiki/Special:FilePath/Ruiny%20budynk%C3%B3w%20dawnej%20KWK%20Krystyna%20I.jpg","source":"Викиданные","source_id":"Q11743373","license":"CC0 (Викиданные)","confidence":"ok"}},{"type":"Feature","id":"mines:71af4e493be5","geometry":{"type":"Point","coordinates":[18.900804,50.302464]},"properties":{"uid":"mines:71af4e493be5","layer":"mines","layer_title":"Рудники, копи, промыслы","group":"economy","title":"Matylda Coal Mine","category":"рудник","place_text":"Силезское воеводство","region":"Силезское воеводство","year_from":1827,"year_to":1977,"date_precision":"year","date_approx":false,"period_raw":"1827–1977","url":"https://www.wikidata.org/wiki/Q11743378","image_url":"http://commons.wikimedia.org/wiki/Special:FilePath/%C5%9Awi%C4%99toch%C5%82owice%2C%20Kopalnia%20w%C4%99gla%20kamiennego%20%22Matylda%22%20-%20fotopolska.eu%20%28197020%29.jpg","source":"Викиданные","source_id":"Q11743378","license":"CC0 (Викиданные)","confidence":"ok"}},{"type":"Feature","id":"mines:4631fea9e5bc","geometry":{"type":"Point","coordinates":[19.0092,50.32]},"properties":{"uid":"mines:4631fea9e5bc","layer":"mines","layer_title":"Рудники, копи, промыслы","group":"economy","title":"Q11743379","category":"рудник","year_from":1881,"year_to":1975,"date_precision":"year","date_approx":false,"period_raw":"1881–1975","url":"https://www.wikidata.org/wiki/Q11743379","image_url":"http://commons.wikimedia.org/wiki/Special:FilePath/Siemianowice%20Krystyn%20Park%20Tradycji.jpg","source":"Викиданные","source_id":"Q11743379","license":"CC0 (Викиданные)","confidence":"ok"}},{"type":"Feature","id":"mines:50cb054b6599","geometry":{"type":"Point","coordinates":[18.4851,50.0426]},"properties":{"uid":"mines:50cb054b6599","layer":"mines","layer_title":"Рудники, копи, промыслы","group":"economy","title":"Marcel Coal Mine","category":"рудник","place_text":"Радлин","region":"Радлин","year_from":1858,"year_to":1960,"date_precision":"open","date_approx":true,"period_raw":"с 1858","url":"https://www.wikidata.org/wiki/Q11743377","image_url":"http://commons.wikimedia.org/wiki/Special:FilePath/Marcel%20Schacht%20Julia.jpg","source":"Викиданные","source_id":"Q11743377","license":"CC0 (Викиданные)","confidence":"ok"}},{"type":"Feature","id":"mines:1afab0c68e44","geometry":{"type":"Point","coordinates":[18.5686,49.9414]},"properties":{"uid":"mines:1afab0c68e44","layer":"mines","layer_title":"Рудники, копи, промыслы","group":"economy","title":"Q11743382","category":"рудник","place_text":"Ястшембе-Здруй","region":"Ястшембе-Здруй","date_precision":"unknown","date_approx":false,"url":"https://www.wikidata.org/wiki/Q11743382","image_url":"http://commons.wikimedia.org/wiki/Special:FilePath/KWK%20Moszczenica%20i%20elektrociep%C5%82ownia.jpg","source":"Викиданные","source_id":"Q11743382","license":"CC0 (Викиданные)","confidence":"ok"}},{"type":"Feature","id":"mines:25e973841904","geometry":{"type":"Point","coordinates":[18.5801,49.8264]},"properties":{"uid":"mines:25e973841904","layer":"mines","layer_title":"Рудники, копи, промыслы","group":"economy","title":"Morcinek coal mine in Kaczyce","category":"рудник","place_text":"Kaczyce, Silesian Voivodeship","region":"Kaczyce, Silesian Voivodeship","year_from":1987,"year_to":1998,"date_precision":"year","date_approx":false,"period_raw":"1987–1998","url":"https://www.wikidata.org/wiki/Q11743383","image_url":"http://commons.wikimedia.org/wiki/Special:FilePath/Kwkmorcinek1.jpg","source":"Викиданные","source_id":"Q11743383","license":"CC0 (Викиданные)","confidence":"ok"}},{"type":"Feature","id":"mines:5be7127a54ae","geometry":{"type":"Point","coordinates":[18.8364,50.3522]},"properties":{"uid":"mines:5be7127a54ae","layer":"mines","layer_title":"Рудники, копи, промыслы","group":"economy","title":"Miechowice coal mine","category":"рудник","place_text":"Бытом","region":"Бытом","year_from":1900,"year_to":2005,"date_precision":"year","date_approx":false,"period_raw":"1900–2005","url":"https://www.wikidata.org/wiki/Q11743380","image_url":"http://commons.wikimedia.org/wiki/Special:FilePath/Preussengrube%20Kopalnia%20Miechowice%20Coal%20Mine%20Bytom.jpg","source":"Викиданные","source_id":"Q11743380","license":"CC0 (Викиданные)","confidence":"ok"}},{"type":"Feature","id":"mines:6a58baddbfbd","geometry":{"type":"Point","coordinates":[19.1642,50.2494]},"properties":{"uid":"mines:6a58baddbfbd","layer":"mines","layer_title":"Рудники, копи, промыслы","group":"economy","title":"Q11743386","category":"рудник","place_text":"Niwka","region":"Niwka","year_from":1833,"year_to":1933,"date_precision":"year","date_approx":false,"period_raw":"1833–1933","url":"https://www.wikidata.org/wiki/Q11743386","image_url":"http://commons.wikimedia.org/wiki/Special:FilePath/Kopalnia%20niwka%20modrzej%C3%B3w.jpg","source":"Викиданные","source_id":"Q11743386","license":"CC0 (Викиданные)","confidence":"ok"}},{"type":"Feature","id":"mines:a0880d3554bf","geometry":{"type":"Point","coordinates":[19.0362,50.19004]},"properties":{"uid":"mines:a0880d3554bf","layer":"mines","layer_title":"Рудники, копи, промыслы","group":"economy","title":"Murcki-Staszic Coal Mine","category":"рудник","place_text":"Катовице","region":"Катовице","year_from":2010,"year_to":2010,"date_precision":"open","date_approx":true,"period_raw":"с 2010","url":"https://www.wikidata.org/wiki/Q11743384","image_url":"http://commons.wikimedia.org/wiki/Special:FilePath/GISZOWIEC.%20AB-023.JPG","source":"Викиданные","source_id":"Q11743384","license":"CC0 (Викиданные)","confidence":"ok"}},{"type":"Feature","id":"mines:e2167d4e0d3d","geometry":{"type":"Point","coordinates":[19.1289,50.2489]},"properties":{"uid":"mines:e2167d4e0d3d","layer":"mines","layer_title":"Рудники, копи, промыслы","group":"economy","title":"Kopalnia Węgla Kamiennego \"Mysłowice\"","category":"рудник","year_from":1837,"year_to":2007,"date_precision":"year","date_approx":false,"period_raw":"1837–2007","url":"https://www.wikidata.org/wiki/Q11743385","image_url":"http://commons.wikimedia.org/wiki/Special:FilePath/Kwk%20mys%C5%82owice.jpg","source":"Викиданные","source_id":"Q11743385","license":"CC0 (Викиданные)","confidence":"ok"}},{"type":"Feature","id":"mines:0a4e1645f83a","geometry":{"type":"Point","coordinates":[18.8723,50.2786]},"properties":{"uid":"mines:0a4e1645f83a","layer":"mines","layer_title":"Рудники, копи, промыслы","group":"economy","title":"Kopalnia Węgla Kamiennego Pokój","category":"рудник","place_text":"Руда-Слёнская","region":"Руда-Слёнская","year_from":1902,"year_to":2016,"date_precision":"year","date_approx":false,"period_raw":"1902–2016","url":"https://www.wikidata.org/wiki/Q11743390","image_url":"http://commons.wikimedia.org/wiki/Special:FilePath/Ruda%20Slaska%20Pok%C3%B3j%20mine%20Anna%20%26%20Maria.jpg","source":"Викиданные","source_id":"Q11743390","license":"CC0 (Викиданные)","confidence":"ok"}},{"type":"Feature","id":"mines:866ded0928ff","geometry":{"type":"Point","coordinates":[18.9192,50.2855]},"properties":{"uid":"mines:866ded0928ff","layer":"mines","layer_title":"Рудники, копи, промыслы","group":"economy","title":"Polska coal mine","category":"рудник","place_text":"Свентохловице","region":"Свентохловице","year_from":1873,"year_to":1972,"date_precision":"year","date_approx":false,"period_raw":"1873–1972","url":"https://www.wikidata.org/wiki/Q11743391","image_url":"http://commons.wikimedia.org/wiki/Special:FilePath/%C5%9Awi%C4%99toch%C5%82owice%20KWK%20Polska%20wie%C5%BCe%201.JPG","source":"Викиданные","source_id":"Q11743391","license":"CC0 (Викиданные)","confidence":"ok"}},{"type":"Feature","id":"mines:b3a9969419f7","geometry":{"type":"Point","coordinates":[18.9536,50.38]},"properties":{"uid":"mines:b3a9969419f7","layer":"mines","layer_title":"Рудники, копи, промыслы","group":"economy","title":"Q11743388","category":"рудник","year_from":1999,"year_to":2015,"date_precision":"year","date_approx":false,"period_raw":"1999–2015","url":"https://www.wikidata.org/wiki/Q11743388","image_url":"http://commons.wikimedia.org/wiki/Special:FilePath/Ger%C3%BCst%20Piekary%20Schacht%20I.jpg","source":"Викиданные","source_id":"Q11743388","license":"CC0 (Викиданные)","confidence":"ok"}},{"type":"Feature","id":"mines:8757150c9a01","geometry":{"type":"Point","coordinates":[19.1639,50.3303]},"properties":{"uid":"mines:8757150c9a01","layer":"mines","layer_title":"Рудники, копи, промыслы","group":"economy","title":"Kopalnia Węgla Kamiennego \"Paryż\"","category":"рудник","place_text":"Домброва-Гурнича","region":"Домброва-Гурнича","year_from":1876,"year_to":1996,"date_precision":"year","date_approx":false,"period_raw":"1876–1996","url":"https://www.wikidata.org/wiki/Q11743389","image_url":"http://commons.wikimedia.org/wiki/Special:FilePath/D%C4%85browa%20G%C3%B3rnicza%2C%20Szyb%20Mariusz%20-%20fotopolska.eu%20%28321328%29.jpg","source":"Викиданные","source_id":"Q11743389","license":"CC0 (Викиданные)","confidence":"ok"}},{"type":"Feature","id":"mines:ffc15505dae3","geometry":{"type":"Point","coordinates":[19.1955,50.2774]},"properties":{"uid":"mines:ffc15505dae3","layer":"mines","layer_title":"Рудники, копи, промыслы","group":"economy","title":"Coal Mine Porąbka-Klimontów","category":"рудник","place_text":"Сосновец","region":"Сосновец","year_from":1800,"year_to":2000,"date_precision":"open","date_approx":true,"period_raw":"до 2000","url":"https://www.wikidata.org/wiki/Q11743394","image_url":"http://commons.wikimedia.org/wiki/Special:FilePath/Kopalnia%20Mortimer%20Coal%20Mine%20in%20Zag%C3%B3rze%20Sosnowiec%20Poland.jpg","source":"Викиданные","source_id":"Q11743394","license":"CC0 (Викиданные)","confidence":"ok"}},{"type":"Feature","id":"mines:7a8d8aa9cda1","geometry":{"type":"Point","coordinates":[18.8293,50.3412]},"properties":{"uid":"mines:7a8d8aa9cda1","layer":"mines","layer_title":"Рудники, копи, промыслы","group":"economy","title":"Pstrowski Hard Coal Mine","category":"рудник","place_text":"Забже","region":"Забже","year_from":1854,"year_to":1960,"date_precision":"open","date_approx":true,"period_raw":"с 1854","url":"https://www.wikidata.org/wiki/Q11743395","image_url":"http://commons.wikimedia.org/wiki/Special:FilePath/Zabrze%20Szybowa%20KWK%20Siltech%20bocznica%2004%2012%202010%20PC045656.jpg","source":"Викиданные","source_id":"Q11743395","license":"CC0 (Викиданные)","confidence":"ok"}},{"type":"Feature","id":"mines:29a2463ac977","geometry":{"type":"Point","coordinates":[18.91923,50.285514]},"properties":{"uid":"mines:29a2463ac977","layer":"mines","layer_title":"Рудники, копи, промыслы","group":"economy","title":"Q11743392","category":"рудник","year_from":1995,"year_to":2007,"date_precision":"year","date_approx":false,"period_raw":"1995–2007","url":"https://www.wikidata.org/wiki/Q11743392","image_url":"http://commons.wikimedia.org/wiki/Special:FilePath/Dwie%20wie%C5%BCe%20wyci%C4%85gowe%20nr%20I%20i%20II%20dawnej%20kopalni%20%22Polska%22%20%28BUCHMANN%29.JPG","source":"Викиданные","source_id":"Q11743392","license":"CC0 (Викиданные)","confidence":"ok"}},{"type":"Feature","id":"mines:fc8300cd9787","geometry":{"type":"Point","coordinates":[18.8793,50.3843]},"properties":{"uid":"mines:fc8300cd9787","layer":"mines","layer_title":"Рудники, копи, промыслы","group":"economy","title":"Q11743393","category":"рудник","year_from":1975,"year_to":2001,"date_precision":"year","date_approx":false,"period_raw":"1975–2001","url":"https://www.wikidata.org/wiki/Q11743393","image_url":"http://commons.wikimedia.org/wiki/Special:FilePath/Bytom%20Schacht%20Kopernik.jpg","source":"Викиданные","source_id":"Q11743393","license":"CC0 (Викиданные)","confidence":"ok"}},{"type":"Feature","id":"mines:9872ccb13802","geometry":{"type":"Point","coordinates":[18.49864,50.05842]},"properties":{"uid":"mines:9872ccb13802","layer":"mines","layer_title":"Рудники, копи, промыслы","group":"economy","title":"Kopalnia Węgla Kamiennego Rymer","category":"рудник","date_precision":"unknown","date_approx":false,"url":"https://www.wikidata.org/wiki/Q11743399","source":"Викиданные","source_id":"Q11743399","license":"CC0 (Викиданные)","confidence":"ok"}},{"type":"Feature","id":"mines:684a81eb56ad","geometry":{"type":"Point","coordinates":[18.830943,50.342068]},"properties":{"uid":"mines:684a81eb56ad","layer":"mines","layer_title":"Рудники, копи, промыслы","group":"economy","title":"Q11743396","category":"рудник","place_text":"Забже","region":"Забже","date_precision":"unknown","date_approx":false,"url":"https://www.wikidata.org/wiki/Q11743396","image_url":"http://commons.wikimedia.org/wiki/Special:FilePath/Zabrze-Os.M%C5%82odego%20G%C3%B3rnika%20-%20bud.%20szatni%20i%20%C5%82a%C5%BAni%20g%C3%B3rniczej%2001.jpg","source":"Викиданные","source_id":"Q11743396","license":"CC0 (Викиданные)","confidence":"ok"}},{"type":"Feature","id":"mines:b6c40b3ee51e","geometry":{"type":"Point","coordinates":[18.4369,50.0679]},"properties":{"uid":"mines:b6c40b3ee51e","layer":"mines","layer_title":"Рудники, копи, промыслы","group":"economy","title":"Q11743397","category":"рудник","place_text":"Рыдултовы","region":"Рыдултовы","year_from":1806,"year_to":1960,"date_precision":"open","date_approx":true,"period_raw":"с 1806","url":"https://www.wikidata.org/wiki/Q11743397","image_url":"http://commons.wikimedia.org/wiki/Special:FilePath/KWK%20Rydultowy-Anna%20szyb%20Leon%20IV.jpg","source":"Викиданные","source_id":"Q11743397","license":"CC0 (Викиданные)","confidence":"ok"}},{"type":"Feature","id":"mines:0cdf065a0897","geometry":{"type":"Point","coordinates":[19.01904,50.30513]},"properties":{"uid":"mines:0cdf065a0897","layer":"mines","layer_title":"Рудники, копи, промыслы","group":"economy","title":"Siemianowice coal mine","category":"рудник","place_text":"Семяновице-Слёнске","region":"Семяновице-Слёнске","year_from":1945,"year_to":1993,"date_precision":"year","date_approx":false,"period_raw":"1945–1993","url":"https://www.wikidata.org/wiki/Q11743402","image_url":"http://commons.wikimedia.org/wiki/Special:FilePath/Siemianowice.jpg","source":"Викиданные","source_id":"Q11743402","license":"CC0 (Викиданные)","confidence":"ok"}},{"type":"Feature","id":"mines:00d3c35e5729","geometry":{"type":"Point","coordinates":[19.0133,49.9398]},"properties":{"uid":"mines:00d3c35e5729","layer":"mines","layer_title":"Рудники, копи, промыслы","group":"economy","title":"Q11743403","category":"рудник","place_text":"Чеховице-Дзедзице","region":"Чеховице-Дзедзице","date_precision":"unknown","date_approx":false,"url":"https://www.wikidata.org/wiki/Q11743403","image_url":"http://commons.wikimedia.org/wiki/Special:FilePath/POL%20Czechowice-Dziedzice%20KWK%20Silesia%202.JPG","source":"Викиданные","source_id":"Q11743403","license":"CC0 (Викиданные)","confidence":"ok"}},{"type":"Feature","id":"mines:b419cc4295ce","geometry":{"type":"Point","coordinates":[19.07,50.3072]},"properties":{"uid":"mines:b419cc4295ce","layer":"mines","layer_title":"Рудники, копи, промыслы","group":"economy","title":"Saturn coal mine","category":"рудник","place_text":"Челядзь","region":"Челядзь","year_from":1887,"year_to":1996,"date_precision":"year","date_approx":false,"period_raw":"1887–1996","url":"https://www.wikidata.org/wiki/Q11743401","image_url":"http://commons.wikimedia.org/wiki/Special:FilePath/Widok%20na%20kopalni%C4%99%20Saturn%20w%20Czeladzi.jpg","source":"Викиданные","source_id":"Q11743401","license":"CC0 (Викиданные)","confidence":"ok"}},{"type":"Feature","id":"mines:96eaa3c74975","geometry":{"type":"Point","coordinates":[18.9115,50.3385]},"properties":{"uid":"mines:96eaa3c74975","layer":"mines","layer_title":"Рудники, копи, промыслы","group":"economy","title":"Szombierki Coal Mine","category":"рудник","place_text":"Бытом","region":"Бытом","year_from":1870,"year_to":1996,"date_precision":"year","date_approx":false,"period_raw":"1870–1996","url":"https://www.wikidata.org/wiki/Q11743406","image_url":"http://commons.wikimedia.org/wiki/Special:FilePath/Bytom%20Szombierki%20-%20Kopalnia%20Szombierki.jpg","source":"Викиданные","source_id":"Q11743406","license":"CC0 (Викиданные)","confidence":"ok"}},{"type":"Feature","id":"mines:4eee80ed4f9d","geometry":{"type":"Point","coordinates":[19.1525,50.2828]},"properties":{"uid":"mines:4eee80ed4f9d","layer":"mines","layer_title":"Рудники, копи, промыслы","group":"economy","title":"Kopalnia Węgla Kamiennego \"Sosnowiec\"","category":"рудник","year_from":1876,"year_to":1997,"date_precision":"year","date_approx":false,"period_raw":"1876–1997","url":"https://www.wikidata.org/wiki/Q11743405","image_url":"http://commons.wikimedia.org/wiki/Special:FilePath/Sosnowiec%20Schacht%20Anna.jpg","source":"Викиданные","source_id":"Q11743405","license":"CC0 (Викиданные)","confidence":"ok"}},{"type":"Feature","id":"mines:c672ea164181","geometry":{"type":"Point","coordinates":[19.0782,50.2432]},"properties":{"uid":"mines:c672ea164181","layer":"mines","layer_title":"Рудники, копи, промыслы","group":"economy","title":"Wieczorek Coal Mine","category":"рудник","year_from":1826,"year_to":1960,"date_precision":"open","date_approx":true,"period_raw":"с 1826","url":"https://www.wikidata.org/wiki/Q11743411","image_url":"http://commons.wikimedia.org/wiki/Special:FilePath/Wk1.jpg","source":"Викиданные","source_id":"Q11743411","license":"CC0 (Викиданные)","confidence":"ok"}},{"type":"Feature","id":"mines:ce8dab5c0751","geometry":{"type":"Point","coordinates":[19.0933,50.1794]},"properties":{"uid":"mines:ce8dab5c0751","layer":"mines","layer_title":"Рудники, копи, промыслы","group":"economy","title":"Q11743412","category":"рудник","year_from":1911,"year_to":2007,"date_precision":"year","date_approx":false,"period_raw":"1911–2007","url":"https://www.wikidata.org/wiki/Q11743412","image_url":"http://commons.wikimedia.org/wiki/Special:FilePath/Kwk%20weso%C5%82a.jpg","source":"Викиданные","source_id":"Q11743412","license":"CC0 (Викиданные)","confidence":"ok"}},{"type":"Feature","id":"mines:0e8b24339724","geometry":{"type":"Point","coordinates":[18.91733,50.32186]},"properties":{"uid":"mines:0e8b24339724","layer":"mines","layer_title":"Рудники, копи, промыслы","group":"economy","title":"Łagiewniki coal mine","category":"рудник","place_text":"Бытом","region":"Бытом","year_from":1824,"year_to":1971,"date_precision":"year","date_approx":false,"period_raw":"1824–1971","url":"https://www.wikidata.org/wiki/Q11743413","image_url":"http://commons.wikimedia.org/wiki/Special:FilePath/Florentinengrube%20Beuthen%20kopalnia%20Lagiewniki.jpg","source":"Викиданные","source_id":"Q11743413","license":"CC0 (Викиданные)","confidence":"ok"}},{"type":"Feature","id":"mines:879141b58462","geometry":{"type":"Point","coordinates":[19.3491,50.312]},"properties":{"uid":"mines:879141b58462","layer":"mines","layer_title":"Рудники, копи, промыслы","group":"economy","title":"Q11743418","category":"рудник","date_precision":"unknown","date_approx":false,"url":"https://www.wikidata.org/wiki/Q11743418","source":"Викиданные","source_id":"Q11743418","license":"CC0 (Викиданные)","confidence":"ok"}},{"type":"Feature","id":"mines:28ffadf906bc","geometry":{"type":"Point","coordinates":[19.3667,50.3045]},"properties":{"uid":"mines:28ffadf906bc","layer":"mines","layer_title":"Рудники, копи, промыслы","group":"economy","title":"Q11743417","category":"рудник","date_precision":"unknown","date_approx":false,"url":"https://www.wikidata.org/wiki/Q11743417","image_url":"http://commons.wikimedia.org/wiki/Special:FilePath/Koziol%20w%20Slawkowie.JPG","source":"Викиданные","source_id":"Q11743417","license":"CC0 (Викиданные)","confidence":"ok"}},{"type":"Feature","id":"mines:2965bbc8f4be","geometry":{"type":"Point","coordinates":[32.317828,48.456344]},"properties":{"uid":"mines:2965bbc8f4be","layer":"mines","layer_title":"Рудники, копи, промыслы","group":"economy","title":"Q12074421","category":"рудник","place_text":"Кропивницкий район","region":"Кропивницкий район","year_from":1967,"year_to":1967,"date_precision":"open","date_approx":true,"period_raw":"с 1967","url":"https://www.wikidata.org/wiki/Q12074421","source":"Викиданные","source_id":"Q12074421","license":"CC0 (Викиданные)","confidence":"ok"}},{"type":"Feature","id":"mines:c111840a837f","geometry":{"type":"Point","coordinates":[39.215,47.914444]},"properties":{"uid":"mines:c111840a837f","layer":"mines","layer_title":"Рудники, копи, промыслы","group":"economy","title":"Q12083070","category":"геологический памятник природы","date_precision":"unknown","date_approx":false,"url":"https://www.wikidata.org/wiki/Q12083070","source":"Викиданные","source_id":"Q12083070","license":"CC0 (Викиданные)","confidence":"ok"}},{"type":"Feature","id":"mines:f5fa5ceeaef5","geometry":{"type":"Point","coordinates":[100.75,52.35]},"properties":{"uid":"mines:f5fa5ceeaef5","layer":"mines","layer_title":"Рудники, копи, промыслы","group":"economy","title":"Ботогольское месторождение графита","category":"месторождение графита","place_text":"Бурятия","region":"Бурятия","year_from":1847,"year_to":1960,"date_precision":"open","date_approx":true,"period_raw":"с 1847","url":"https://www.wikidata.org/wiki/Q12084380","source":"Викиданные","source_id":"Q12084380","license":"CC0 (Викиданные)","confidence":"ok"}},{"type":"Feature","id":"mines:267923283c4c","geometry":{"type":"Point","coordinates":[81.654167,49.046111]},"properties":{"uid":"mines:267923283c4c","layer":"mines","layer_title":"Рудники, копи, промыслы","group":"economy","title":"Васильевское золоторудное месторождение","category":"рудное месторождение","place_text":"Восточно-Казахстанская область","region":"Восточно-Казахстанская область","year_from":1946,"year_to":1960,"date_precision":"open","date_approx":true,"period_raw":"с 1946","url":"https://ru.wikipedia.org/wiki/%D0%92%D0%B0%D1%81%D0%B8%D0%BB%D1%8C%D0%B5%D0%B2%D1%81%D0%BA%D0%BE%D0%B5_%D0%B7%D0%BE%D0%BB%D0%BE%D1%82%D0%BE%D1%80%D1%83%D0%B4%D0%BD%D0%BE%D0%B5_%D0%BC%D0%B5%D1%81%D1%82%D0%BE%D1%80%D0%BE%D0%B6%D0%B4%D0%B5%D0%BD%D0%B8%D0%B5_(%D0%9A%D0%B0%D0%B7%D0%B0%D1%85%D1%81%D1%82%D0%B0%D0%BD)","source":"Викиданные","source_id":"Q12087936","license":"CC0 (Викиданные)","confidence":"ok"}},{"type":"Feature","id":"mines:40cb685a15bd","geometry":{"type":"Point","coordinates":[31.281389,48.585556]},"properties":{"uid":"mines:40cb685a15bd","layer":"mines","layer_title":"Рудники, копи, промыслы","group":"economy","title":"Ватутинское урановое месторождение","category":"рудное месторождение","date_precision":"unknown","date_approx":false,"url":"https://www.wikidata.org/wiki/Q12088061","source":"Викиданные","source_id":"Q12088061","license":"CC0 (Викиданные)","confidence":"ok"}},{"type":"Feature","id":"mines:6bbd074b4467","geometry":{"type":"Point","coordinates":[23.415199,49.844508]},"properties":{"uid":"mines:6bbd074b4467","layer":"mines","layer_title":"Рудники, копи, промыслы","group":"economy","title":"Q12089289","category":"месторождение природного газа","place_text":"Львовская область","region":"Львовская область","date_precision":"unknown","date_approx":false,"url":"https://www.wikidata.org/wiki/Q12089289","source":"Викиданные","source_id":"Q12089289","license":"CC0 (Викиданные)","confidence":"ok"}},{"type":"Feature","id":"mines:85cef52275d3","geometry":{"type":"Point","coordinates":[23.738438,49.351422]},"properties":{"uid":"mines:85cef52275d3","layer":"mines","layer_title":"Рудники, копи, промыслы","group":"economy","title":"Q12093994","category":"газоконденсатное месторождение","date_precision":"unknown","date_approx":false,"url":"https://www.wikidata.org/wiki/Q12093994","source":"Викиданные","source_id":"Q12093994","license":"CC0 (Викиданные)","confidence":"ok"}},{"type":"Feature","id":"mines:ec091320a5ad","geometry":{"type":"Point","coordinates":[23.994692,49.236081]},"properties":{"uid":"mines:ec091320a5ad","layer":"mines","layer_title":"Рудники, копи, промыслы","group":"economy","title":"Q12099630","category":"месторождение природного газа","date_precision":"unknown","date_approx":false,"url":"https://www.wikidata.org/wiki/Q12099630","source":"Викиданные","source_id":"Q12099630","license":"CC0 (Викиданные)","confidence":"ok"}},{"type":"Feature","id":"mines:ff8ab3412f51","geometry":{"type":"Point","coordinates":[28.27537,49.12202]},"properties":{"uid":"mines:ff8ab3412f51","layer":"mines","layer_title":"Рудники, копи, промыслы","group":"economy","title":"Демидовский гранитный карьер","category":"строительный карьер","place_text":"Демидовка","region":"Демидовка","date_precision":"unknown","date_approx":false,"url":"https://www.wikidata.org/wiki/Q12099991","source":"Викиданные","source_id":"Q12099991","license":"CC0 (Викиданные)","confidence":"ok"}},{"type":"Feature","id":"mines:70b2e722d7df","geometry":{"type":"Point","coordinates":[55.853611,52.7575]},"properties":{"uid":"mines:70b2e722d7df","layer":"mines","layer_title":"Рудники, копи, промыслы","group":"economy","title":"Кумертауский угольный разрез","category":"opencast mine","place_text":"Башкортостан","region":"Башкортостан","year_from":1947,"year_to":2000,"date_precision":"year","date_approx":false,"period_raw":"1947–2000","url":"https://www.wikidata.org/wiki/Q12115796","source":"Викиданные","source_id":"Q12115796","license":"CC0 (Викиданные)","confidence":"ok"}},{"type":"Feature","id":"mines:7ca6ae380049","geometry":{"type":"Point","coordinates":[23.704673,49.391616]},"properties":{"uid":"mines:7ca6ae380049","layer":"mines","layer_title":"Рудники, копи, промыслы","group":"economy","title":"Q12117781","category":"нефтяное месторождение","date_precision":"unknown","date_approx":false,"url":"https://www.wikidata.org/wiki/Q12117781","source":"Викиданные","source_id":"Q12117781","license":"CC0 (Викиданные)","confidence":"ok"}},{"type":"Feature","id":"mines:f6417d86bd04","geometry":{"type":"Point","coordinates":[37.519167,47.516667]},"properties":{"uid":"mines:f6417d86bd04","layer":"mines","layer_title":"Рудники, копи, промыслы","group":"economy","title":"Mazurivka deposit","category":"рудное месторождение","place_text":"Донское","region":"Донское","date_precision":"unknown","date_approx":false,"url":"https://www.wikidata.org/wiki/Q12120393","source":"Викиданные","source_id":"Q12120393","license":"CC0 (Викиданные)","confidence":"ok"}},{"type":"Feature","id":"mines:7292751237f3","geometry":{"type":"Point","coordinates":[23.55,49.516667]},"properties":{"uid":"mines:7292751237f3","layer":"mines","layer_title":"Рудники, копи, промыслы","group":"economy","title":"Q12120459","category":"месторождение природного газа","place_text":"Самборский район","region":"Самборский район","date_precision":"unknown","date_approx":false,"url":"https://www.wikidata.org/wiki/Q12120459","source":"Викиданные","source_id":"Q12120459","license":"CC0 (Викиданные)","confidence":"ok"}},{"type":"Feature","id":"mines:f63e4b8805da","geometry":{"type":"Point","coordinates":[23.72768,49.427474]},"properties":{"uid":"mines:f63e4b8805da","layer":"mines","layer_title":"Рудники, копи, промыслы","group":"economy","title":"Q12122205","category":"месторождение природного газа","place_text":"Львовская область","region":"Львовская область","date_precision":"unknown","date_approx":false,"url":"https://www.wikidata.org/wiki/Q12122205","source":"Викиданные","source_id":"Q12122205","license":"CC0 (Викиданные)","confidence":"ok"}},{"type":"Feature","id":"mines:1b92f829940c","geometry":{"type":"Point","coordinates":[23.453611,49.510556]},"properties":{"uid":"mines:1b92f829940c","layer":"mines","layer_title":"Рудники, копи, промыслы","group":"economy","title":"Q12129223","category":"нефтяное месторождение","place_text":"Львовская область","region":"Львовская область","date_precision":"unknown","date_approx":false,"url":"https://www.wikidata.org/wiki/Q12129223","source":"Викиданные","source_id":"Q12129223","license":"CC0 (Викиданные)","confidence":"ok"}},{"type":"Feature","id":"mines:7f1a0e5c90bd","geometry":{"type":"Point","coordinates":[23.373307,49.742941]},"properties":{"uid":"mines:7f1a0e5c90bd","layer":"mines","layer_title":"Рудники, копи, промыслы","group":"economy","title":"Q12133765","category":"месторождение природного газа","place_text":"Львовская область","region":"Львовская область","date_precision":"unknown","date_approx":false,"url":"https://www.wikidata.org/wiki/Q12133765","source":"Викиданные","source_id":"Q12133765","license":"CC0 (Викиданные)","confidence":"ok"}},{"type":"Feature","id":"mines:138b413a0558","geometry":{"type":"Point","coordinates":[27.92028,51.38056]},"properties":{"uid":"mines:138b413a0558","layer":"mines","layer_title":"Рудники, копи, промыслы","group":"economy","title":"Пержанское рудное поле","category":"рудное месторождение","place_text":"Олевский район","region":"Олевский район","date_precision":"unknown","date_approx":false,"url":"https://www.wikidata.org/wiki/Q12139865","source":"Викиданные","source_id":"Q12139865","license":"CC0 (Викиданные)","confidence":"ok"}},{"type":"Feature","id":"mines:40dd4b4a4119","geometry":{"type":"Point","coordinates":[36.47,45.6]},"properties":{"uid":"mines:40dd4b4a4119","layer":"mines","layer_title":"Рудники, копи, промыслы","group":"economy","title":"Q12145856","category":"месторождение природного газа","date_precision":"unknown","date_approx":false,"url":"https://www.wikidata.org/wiki/Q12145856","source":"Викиданные","source_id":"Q12145856","license":"CC0 (Викиданные)","confidence":"ok"}},{"type":"Feature","id":"mines:cb0deac2d98d","geometry":{"type":"Point","coordinates":[36.466,45.65]},"properties":{"uid":"mines:cb0deac2d98d","layer":"mines","layer_title":"Рудники, копи, промыслы","group":"economy","title":"Q12145864","category":"месторождение природного газа","date_precision":"unknown","date_approx":false,"url":"https://www.wikidata.org/wiki/Q12145864","source":"Викиданные","source_id":"Q12145864","license":"CC0 (Викиданные)","confidence":"ok"}},{"type":"Feature","id":"mines:4117db04b4cb","geometry":{"type":"Point","coordinates":[24.16485,47.94086]},"properties":{"uid":"mines:4117db04b4cb","layer":"mines","layer_title":"Рудники, копи, промыслы","group":"economy","title":"Saulyak gold deposit","category":"рудное месторождение","place_text":"Раховский район","region":"Раховский район","date_precision":"unknown","date_approx":false,"url":"https://www.wikidata.org/wiki/Q12150786","source":"Викиданные","source_id":"Q12150786","license":"CC0 (Викиданные)","confidence":"ok"}},{"type":"Feature","id":"mines:c8618730fb8e","geometry":{"type":"Point","coordinates":[34.317358,49.725183]},"properties":{"uid":"mines:c8618730fb8e","layer":"mines","layer_title":"Рудники, копи, промыслы","group":"economy","title":"Семенцовское газоконденсатное месторождение","category":"газоконденсатное месторождение","date_precision":"unknown","date_approx":false,"url":"https://ru.wikipedia.org/wiki/%D0%A1%D0%B5%D0%BC%D0%B5%D0%BD%D1%86%D0%BE%D0%B2%D1%81%D0%BA%D0%BE%D0%B5_%D0%B3%D0%B0%D0%B7%D0%BE%D0%BA%D0%BE%D0%BD%D0%B4%D0%B5%D0%BD%D1%81%D0%B0%D1%82%D0%BD%D0%BE%D0%B5_%D0%BC%D0%B5%D1%81%D1%82%D0%BE%D1%80%D0%BE%D0%B6%D0%B4%D0%B5%D0%BD%D0%B8%D0%B5","source":"Викиданные","source_id":"Q12151971","license":"CC0 (Викиданные)","confidence":"ok"}},{"type":"Feature","id":"mines:085d70d52547","geometry":{"type":"Point","coordinates":[31.281445,48.585557]},"properties":{"uid":"mines:085d70d52547","layer":"mines","layer_title":"Рудники, копи, промыслы","group":"economy","title":"Smolin Mine","category":"рудник","place_text":"Новоукраинский район","region":"Новоукраинский район","year_from":1972,"year_to":1972,"date_precision":"open","date_approx":true,"period_raw":"с 1972","url":"https://www.wikidata.org/wiki/Q12153987","source":"Викиданные","source_id":"Q12153987","license":"CC0 (Викиданные)","confidence":"ok"}},{"type":"Feature","id":"mines:8fecacfc12f5","geometry":{"type":"Point","coordinates":[23.694819,49.430916]},"properties":{"uid":"mines:8fecacfc12f5","layer":"mines","layer_title":"Рудники, копи, промыслы","group":"economy","title":"Q12159088","category":"месторождение природного газа","place_text":"Львовская область","region":"Львовская область","date_precision":"unknown","date_approx":false,"url":"https://www.wikidata.org/wiki/Q12159088","source":"Викиданные","source_id":"Q12159088","license":"CC0 (Викиданные)","confidence":"ok"}},{"type":"Feature","id":"mines:0e399321cf5d","geometry":{"type":"Point","coordinates":[30.55,49.3]},"properties":{"uid":"mines:0e399321cf5d","layer":"mines","layer_title":"Рудники, копи, промыслы","group":"economy","title":"Q12169796","category":"bentonite clay deposit","date_precision":"unknown","date_approx":false,"url":"https://www.wikidata.org/wiki/Q12169796","source":"Викиданные","source_id":"Q12169796","license":"CC0 (Викиданные)","confidence":"ok"}},{"type":"Feature","id":"mines:1898c2c773ca","geometry":{"type":"Point","coordinates":[34.334465,44.602511]},"properties":{"uid":"mines:1898c2c773ca","layer":"mines","layer_title":"Рудники, копи, промыслы","group":"economy","title":"Q12171156","category":"строительный карьер","place_text":"Автономная Республика Крым","region":"Автономная Республика Крым","date_precision":"unknown","date_approx":false,"url":"https://www.wikidata.org/wiki/Q12171156","image_url":"http://commons.wikimedia.org/wiki/Special:FilePath/%D0%A8%D0%B5%D1%80%D1%85%D0%B8%D0%BD%D1%81%D1%8C%D0%BA%D0%B8%D0%B9%20%D0%BA%D0%B0%D1%80%D1%8C%D1%94%D1%80.JPG","source":"Викиданные","source_id":"Q12171156","license":"CC0 (Викиданные)","confidence":"ok"}},{"type":"Feature","id":"mines:b457b955f4c4","geometry":{"type":"Point","coordinates":[38.485278,48.713056]},"properties":{"uid":"mines:b457b955f4c4","layer":"mines","layer_title":"Рудники, копи, промыслы","group":"economy","title":"Q12171234","category":"рудник","year_from":1947,"year_to":1960,"date_precision":"open","date_approx":true,"period_raw":"с 1947","url":"https://www.wikidata.org/wiki/Q12171234","source":"Викиданные","source_id":"Q12171234","license":"CC0 (Викиданные)","confidence":"ok"}},{"type":"Feature","id":"mines:483adf54fc4c","geometry":{"type":"Point","coordinates":[38.058614,47.896139]},"properties":{"uid":"mines:483adf54fc4c","layer":"mines","layer_title":"Рудники, копи, промыслы","group":"economy","title":"Mospynska coal mine","category":"шахта","date_precision":"unknown","date_approx":false,"url":"https://www.wikidata.org/wiki/Q12171248","source":"Викиданные","source_id":"Q12171248","license":"CC0 (Викиданные)","confidence":"ok"}},{"type":"Feature","id":"mines:c11fccecd3b6","geometry":{"type":"Point","coordinates":[38.34461,48.95813]},"properties":{"uid":"mines:c11fccecd3b6","layer":"mines","layer_title":"Рудники, копи, промыслы","group":"economy","title":"Q12171252","category":"шахта","date_precision":"unknown","date_approx":false,"url":"https://www.wikidata.org/wiki/Q12171252","source":"Викиданные","source_id":"Q12171252","license":"CC0 (Викиданные)","confidence":"ok"}},{"type":"Feature","id":"mines:d0cdc833e588","geometry":{"type":"Point","coordinates":[38.302334,48.980279]},"properties":{"uid":"mines:d0cdc833e588","layer":"mines","layer_title":"Рудники, копи, промыслы","group":"economy","title":"Q12171263","category":"шахта","date_precision":"unknown","date_approx":false,"url":"https://www.wikidata.org/wiki/Q12171263","source":"Викиданные","source_id":"Q12171263","license":"CC0 (Викиданные)","confidence":"ok"}},{"type":"Feature","id":"mines:57bac9d36887","geometry":{"type":"Point","coordinates":[39.9225,48.356667]},"properties":{"uid":"mines:57bac9d36887","layer":"mines","layer_title":"Рудники, копи, промыслы","group":"economy","title":"Q12171268","category":"шахта","year_from":1953,"year_to":1960,"date_precision":"open","date_approx":true,"period_raw":"с 1953","url":"https://www.wikidata.org/wiki/Q12171268","source":"Викиданные","source_id":"Q12171268","license":"CC0 (Викиданные)","confidence":"ok"}},{"type":"Feature","id":"mines:ae100c95ff6a","geometry":{"type":"Point","coordinates":[36.401667,48.3475]},"properties":{"uid":"mines:ae100c95ff6a","layer":"mines","layer_title":"Рудники, копи, промыслы","group":"economy","title":"Шахта «Степная»","category":"шахта","date_precision":"unknown","date_approx":false,"url":"https://ru.wikipedia.org/wiki/%D0%A1%D1%82%D0%B5%D0%BF%D0%BD%D0%B0%D1%8F_(%D1%88%D0%B0%D1%85%D1%82%D0%B0)","source":"Викиданные","source_id":"Q12171279","license":"CC0 (Викиданные)","confidence":"ok"}},{"type":"Feature","id":"mines:2da75add44ab","geometry":{"type":"Point","coordinates":[37.304444,48.326111]},"properties":{"uid":"mines:2da75add44ab","layer":"mines","layer_title":"Рудники, копи, промыслы","group":"economy","title":"Stakhanov coal mine","category":"рудник","place_text":"Мирноград","region":"Мирноград","year_from":1974,"year_to":1974,"date_precision":"open","date_approx":true,"period_raw":"с 1974","url":"https://www.wikidata.org/wiki/Q12171277","image_url":"http://commons.wikimedia.org/wiki/Special:FilePath/Stakhanov%20Coal%20Mine.%20Administrative%20Building.JPG","source":"Викиданные","source_id":"Q12171277","license":"CC0 (Викиданные)","confidence":"ok"}},{"type":"Feature","id":"mines:68db6b6864b6","geometry":{"type":"Point","coordinates":[37.548625,47.951474]},"properties":{"uid":"mines:68db6b6864b6","layer":"mines","layer_title":"Рудники, копи, промыслы","group":"economy","title":"шахта «Трудовская»","category":"рудник","place_text":"Донецк","region":"Донецк","year_from":1941,"year_to":1960,"date_precision":"open","date_approx":true,"period_raw":"с 1941","url":"https://www.wikidata.org/wiki/Q12171283","image_url":"http://commons.wikimedia.org/wiki/Special:FilePath/%D0%92%D0%B8%D0%B4%20%D0%BD%D0%B0%20%D0%A2%D1%80%D1%83%D0%B4%D0%BE%D0%B2%D1%81%D0%BA%D1%83%D1%8E%20-%20panoramio.jpg","source":"Викиданные","source_id":"Q12171283","license":"CC0 (Викиданные)","confidence":"ok"}},{"type":"Feature","id":"mines:9234d64d592f","geometry":{"type":"Point","coordinates":[38.431944,48.886944]},"properties":{"uid":"mines:9234d64d592f","layer":"mines","layer_title":"Рудники, копи, промыслы","group":"economy","title":"Q12171292","category":"рудник","year_from":1800,"year_to":2011,"date_precision":"open","date_approx":true,"period_raw":"до 2011","url":"https://www.wikidata.org/wiki/Q12171292","source":"Викиданные","source_id":"Q12171292","license":"CC0 (Викиданные)","confidence":"ok"}},{"type":"Feature","id":"mines:b6a59e9dea1b","geometry":{"type":"Point","coordinates":[38.38869,48.91709]},"properties":{"uid":"mines:b6a59e9dea1b","layer":"mines","layer_title":"Рудники, копи, промыслы","group":"economy","title":"Lysychansk coal mine after D.F. Melnykov","category":"шахта","date_precision":"unknown","date_approx":false,"url":"https://www.wikidata.org/wiki/Q12171311","image_url":"http://commons.wikimedia.org/wiki/Special:FilePath/Melnykov%20coal%20mine%20in%20Lysychansk%20006.jpg","source":"Викиданные","source_id":"Q12171311","license":"CC0 (Викиданные)","confidence":"ok"}},{"type":"Feature","id":"mines:5a0f2ac7c29d","geometry":{"type":"Point","coordinates":[37.781822,47.992308]},"properties":{"uid":"mines:5a0f2ac7c29d","layer":"mines","layer_title":"Рудники, копи, промыслы","group":"economy","title":"Шахта имени Горького","category":"рудник","place_text":"Донецк","region":"Донецк","year_from":1962,"year_to":1962,"date_precision":"open","date_approx":true,"period_raw":"с 1962","url":"https://www.wikidata.org/wiki/Q12171308","image_url":"http://commons.wikimedia.org/wiki/Special:FilePath/%D0%A8%D0%B0%D1%85%D1%82%D0%B0%20%D0%93%D0%BE%D1%80%D1%8C%D0%BA%D0%BE%D0%B3%D0%BE%20002.jpg","source":"Викиданные","source_id":"Q12171308","license":"CC0 (Викиданные)","confidence":"ok"}},{"type":"Feature","id":"mines:b6a22d8f23e2","geometry":{"type":"Point","coordinates":[38.284824,49.00097]},"properties":{"uid":"mines:b6a22d8f23e2","layer":"mines","layer_title":"Рудники, копи, промыслы","group":"economy","title":"Q12171320","category":"рудник","year_from":1955,"year_to":1960,"date_precision":"open","date_approx":true,"period_raw":"с 1955","url":"https://www.wikidata.org/wiki/Q12171320","source":"Викиданные","source_id":"Q12171320","license":"CC0 (Викиданные)","confidence":"ok"}},{"type":"Feature","id":"mines:9dfe68b8db18","geometry":{"type":"Point","coordinates":[24.566045,59.398125]},"properties":{"uid":"mines:9dfe68b8db18","layer":"mines","layer_title":"Рудники, копи, промыслы","group":"economy","title":"Harku limestone deposit","category":"месторождение полезных ископаемых","date_precision":"unknown","date_approx":false,"url":"https://www.wikidata.org/wiki/Q12363477","image_url":"http://commons.wikimedia.org/wiki/Special:FilePath/Harku%20karj%C3%A4%C3%A4r.JPG","source":"Викиданные","source_id":"Q12363477","license":"CC0 (Викиданные)","confidence":"ok"}},{"type":"Feature","id":"mines:8d4e4574ff18","geometry":{"type":"Point","coordinates":[21.964489,58.270254]},"properties":{"uid":"mines:8d4e4574ff18","layer":"mines","layer_title":"Рудники, копи, промыслы","group":"economy","title":"Himmiste quarry","category":"строительный карьер","date_precision":"unknown","date_approx":false,"url":"https://www.wikidata.org/wiki/Q12363988","source":"Викиданные","source_id":"Q12363988","license":"CC0 (Викиданные)","confidence":"ok"}},{"type":"Feature","id":"mines:09c3fa12c618","geometry":{"type":"Point","coordinates":[26.30005,59.456842]},"properties":{"uid":"mines:09c3fa12c618","layer":"mines","layer_title":"Рудники, копи, промыслы","group":"economy","title":"Idavere quarry","category":"строительный карьер","date_precision":"unknown","date_approx":false,"url":"https://www.wikidata.org/wiki/Q12364313","source":"Викиданные","source_id":"Q12364313","license":"CC0 (Викиданные)","confidence":"ok"}},{"type":"Feature","id":"mines:1186174df705","geometry":{"type":"Point","coordinates":[27.051444,57.924595]},"properties":{"uid":"mines:1186174df705","layer":"mines","layer_title":"Рудники, копи, промыслы","group":"economy","title":"Joosu clay deposit","category":"месторождение полезных ископаемых","date_precision":"unknown","date_approx":false,"url":"https://www.wikidata.org/wiki/Q12365450","source":"Викиданные","source_id":"Q12365450","license":"CC0 (Викиданные)","confidence":"ok"}},{"type":"Feature","id":"mines:9fd922ef9881","geometry":{"type":"Point","coordinates":[27.462231,57.792317]},"properties":{"uid":"mines:9fd922ef9881","layer":"mines","layer_title":"Рудники, копи, промыслы","group":"economy","title":"Küllatova clay deposit","category":"месторождение полезных ископаемых","place_text":"Сетомаа","region":"Сетомаа","date_precision":"unknown","date_approx":false,"url":"https://www.wikidata.org/wiki/Q12368118","source":"Викиданные","source_id":"Q12368118","license":"CC0 (Викиданные)","confidence":"ok"}},{"type":"Feature","id":"mines:1519ad88d44a","geometry":{"type":"Point","coordinates":[27.8318,59.2351]},"properties":{"uid":"mines:1519ad88d44a","layer":"mines","layer_title":"Рудники, копи, промыслы","group":"economy","title":"Narva Quarry","category":"строительный карьер","place_text":"Нарва-Йыэсуу","region":"Нарва-Йыэсуу","date_precision":"unknown","date_approx":false,"url":"https://www.wikidata.org/wiki/Q12370883","source":"Викиданные","source_id":"Q12370883","license":"CC0 (Викиданные)","confidence":"ok"}},{"type":"Feature","id":"mines:0c61b2a9125a","geometry":{"type":"Point","coordinates":[27.275676,59.326705]},"properties":{"uid":"mines:0c61b2a9125a","layer":"mines","layer_title":"Рудники, копи, промыслы","group":"economy","title":"Sompa Mine","category":"рудник","place_text":"Кохтла-Ярве","region":"Кохтла-Ярве","date_precision":"unknown","date_approx":false,"url":"https://www.wikidata.org/wiki/Q12375198","image_url":"http://commons.wikimedia.org/wiki/Special:FilePath/Sompa%20kaevanduse%20hoone%20%C3%B5hust%20l%C3%A4%C3%A4ne%20k%C3%BClg.JPG","source":"Викиданные","source_id":"Q12375198","license":"CC0 (Викиданные)","confidence":"ok"}},{"type":"Feature","id":"mines:d9b4fd57eb87","geometry":{"type":"Point","coordinates":[22.247222,58.184167]},"properties":{"uid":"mines:d9b4fd57eb87","layer":"mines","layer_title":"Рудники, копи, промыслы","group":"economy","title":"Tehumardi Quarry","category":"озеро","place_text":"Сааремаа","region":"Сааремаа","date_precision":"unknown","date_approx":false,"url":"https://www.wikidata.org/wiki/Q12376682","image_url":"http://commons.wikimedia.org/wiki/Special:FilePath/Tehumardi%20karj%C3%A4%C3%A4r%2001.JPG","source":"Викиданные","source_id":"Q12376682","license":"CC0 (Викиданные)","confidence":"ok"}},{"type":"Feature","id":"mines:080948ed6422","geometry":{"type":"Point","coordinates":[24.324307,59.241416]},"properties":{"uid":"mines:080948ed6422","layer":"mines","layer_title":"Рудники, копи, промыслы","group":"economy","title":"Vasalemma limestone deposit","category":"месторождение полезных ископаемых","date_precision":"unknown","date_approx":false,"url":"https://www.wikidata.org/wiki/Q12378306","source":"Викиданные","source_id":"Q12378306","license":"CC0 (Викиданные)","confidence":"ok"}},{"type":"Feature","id":"mines:e8e2b4019949","geometry":{"type":"Point","coordinates":[24.263293,58.901646]},"properties":{"uid":"mines:e8e2b4019949","layer":"mines","layer_title":"Рудники, копи, промыслы","group":"economy","title":"Vinguta quarry","category":"строительный карьер","place_text":"Мярьямаа","region":"Мярьямаа","date_precision":"unknown","date_approx":false,"url":"https://www.wikidata.org/wiki/Q12378727","source":"Викиданные","source_id":"Q12378727","license":"CC0 (Викиданные)","confidence":"ok"}},{"type":"Feature","id":"mines:7f5ef21c85ee","geometry":{"type":"Point","coordinates":[27.3582,59.3007]},"properties":{"uid":"mines:7f5ef21c85ee","layer":"mines","layer_title":"Рудники, копи, промыслы","group":"economy","title":"Viru Mine","category":"рудник","place_text":"Волость Йыхви (2025)","region":"Волость Йыхви (2025)","date_precision":"unknown","date_approx":false,"url":"https://www.wikidata.org/wiki/Q12378750","source":"Викиданные","source_id":"Q12378750","license":"CC0 (Викиданные)","confidence":"ok"}},{"type":"Feature","id":"mines:9e95acc521e5","geometry":{"type":"Point","coordinates":[51.855812,43.700396]},"properties":{"uid":"mines:9e95acc521e5","layer":"mines","layer_title":"Рудники, копи, промыслы","group":"economy","title":"Алатобинское месторождение","category":"месторождение полезных ископаемых","date_precision":"unknown","date_approx":false,"url":"https://ru.wikipedia.org/wiki/%D0%90%D0%BB%D0%B0%D1%82%D0%BE%D0%B1%D0%B8%D0%BD%D1%81%D0%BA%D0%BE%D0%B5_%D0%BC%D0%B5%D1%81%D1%82%D0%BE%D1%80%D0%BE%D0%B6%D0%B4%D0%B5%D0%BD%D0%B8%D0%B5","source":"Викиданные","source_id":"Q12528067","license":"CC0 (Викиданные)","confidence":"ok"}},{"type":"Feature","id":"mines:1d10b51ee8be","geometry":{"type":"Point","coordinates":[68.89827,43.54469]},"properties":{"uid":"mines:1d10b51ee8be","layer":"mines","layer_title":"Рудники, копи, промыслы","group":"economy","title":"Ачисайское свинцово-цинковое месторождение","category":"месторождение полезных ископаемых","date_precision":"unknown","date_approx":false,"url":"https://ru.wikipedia.org/wiki/%D0%90%D1%87%D0%B8%D1%81%D0%B0%D0%B9%D1%81%D0%BA%D0%BE%D0%B5_%D1%81%D0%B2%D0%B8%D0%BD%D1%86%D0%BE%D0%B2%D0%BE-%D1%86%D0%B8%D0%BD%D0%BA%D0%BE%D0%B2%D0%BE%D0%B5_%D0%BC%D0%B5%D1%81%D1%82%D0%BE%D1%80%D0%BE%D0%B6%D0%B4%D0%B5%D0%BD%D0%B8%D0%B5","source":"Викиданные","source_id":"Q12531266","license":"CC0 (Викиданные)","confidence":"ok"}},{"type":"Feature","id":"mines:33403428c61e","geometry":{"type":"Point","coordinates":[71.945556,52.448333]},"properties":{"uid":"mines:33403428c61e","layer":"mines","layer_title":"Рудники, копи, промыслы","group":"economy","title":"Аксуское месторождение","category":"месторождение полезных ископаемых","date_precision":"unknown","date_approx":false,"url":"https://ru.wikipedia.org/wiki/%D0%90%D0%BA%D1%81%D1%83%D1%81%D0%BA%D0%BE%D0%B5_%D0%BC%D0%B5%D1%81%D1%82%D0%BE%D1%80%D0%BE%D0%B6%D0%B4%D0%B5%D0%BD%D0%B8%D0%B5","source":"Викиданные","source_id":"Q12532099","license":"CC0 (Викиданные)","confidence":"ok"}},{"type":"Feature","id":"mines:0a1a15a9b56e","geometry":{"type":"Point","coordinates":[66.74,47.79]},"properties":{"uid":"mines:0a1a15a9b56e","layer":"mines","layer_title":"Рудники, копи, промыслы","group":"economy","title":"Балбырауын (месторождение)","category":"месторождение полезных ископаемых","date_precision":"unknown","date_approx":false,"url":"https://ru.wikipedia.org/wiki/%D0%91%D0%B0%D0%BB%D0%B1%D1%8B%D1%80%D0%B0%D1%83%D1%8B%D0%BD_(%D0%BC%D0%B5%D1%81%D1%82%D0%BE%D1%80%D0%BE%D0%B6%D0%B4%D0%B5%D0%BD%D0%B8%D0%B5)","source":"Викиданные","source_id":"Q12533250","license":"CC0 (Викиданные)","confidence":"ok"}},{"type":"Feature","id":"mines:86cf3fc57f05","geometry":{"type":"Point","coordinates":[61.324444,52.169444]},"properties":{"uid":"mines:86cf3fc57f05","layer":"mines","layer_title":"Рудники, копи, промыслы","group":"economy","title":"Ешкиольмес","category":"месторождение золота","place_text":"Шортандинский район","region":"Шортандинский район","date_precision":"unknown","date_approx":false,"url":"https://ru.wikipedia.org/wiki/%D0%95%D1%88%D0%BA%D0%B8%D0%BE%D0%BB%D1%8C%D0%BC%D0%B5%D1%81_(%D0%BC%D0%B5%D1%81%D1%82%D0%BE%D1%80%D0%BE%D0%B6%D0%B4%D0%B5%D0%BD%D0%B8%D0%B5)","source":"Викиданные","source_id":"Q12542557","license":"CC0 (Викиданные)","confidence":"ok"}},{"type":"Feature","id":"mines:7ee47a8b37d3","geometry":{"type":"Point","coordinates":[62.9222,53.0534]},"properties":{"uid":"mines:7ee47a8b37d3","layer":"mines","layer_title":"Рудники, копи, промыслы","group":"economy","title":"Месторождение Ломоносова (Казахстан)","category":"месторождение полезных ископаемых","date_precision":"unknown","date_approx":false,"url":"https://ru.wikipedia.org/wiki/%D0%9C%D0%B5%D1%81%D1%82%D0%BE%D1%80%D0%BE%D0%B6%D0%B4%D0%B5%D0%BD%D0%B8%D0%B5_%D0%9B%D0%BE%D0%BC%D0%BE%D0%BD%D0%BE%D1%81%D0%BE%D0%B2%D0%B0_(%D0%9A%D0%B0%D0%B7%D0%B0%D1%85%D1%81%D1%82%D0%B0%D0%BD)","source":"Викиданные","source_id":"Q12552034","license":"CC0 (Викиданные)","confidence":"ok"}},{"type":"Feature","id":"mines:fba8a37aa806","geometry":{"type":"Point","coordinates":[52.49,43.555]},"properties":{"uid":"mines:fba8a37aa806","layer":"mines","layer_title":"Рудники, копи, промыслы","group":"economy","title":"Северный Карамандыбас","category":"месторождение полезных ископаемых","date_precision":"unknown","date_approx":false,"url":"https://ru.wikipedia.org/wiki/%D0%A1%D0%B5%D0%B2%D0%B5%D1%80%D0%BD%D1%8B%D0%B9_%D0%9A%D0%B0%D1%80%D0%B0%D0%BC%D0%B0%D0%BD%D0%B4%D1%8B%D0%B1%D0%B0%D1%81","source":"Викиданные","source_id":"Q12574609","license":"CC0 (Викиданные)","confidence":"ok"}},{"type":"Feature","id":"mines:6d5421a4e132","geometry":{"type":"Point","coordinates":[178.120278,65.224722]},"properties":{"uid":"mines:6d5421a4e132","layer":"mines","layer_title":"Рудники, копи, промыслы","group":"economy","title":"Анадырское месторождение","category":"месторождение полезных ископаемых","date_precision":"unknown","date_approx":false,"url":"https://ru.wikipedia.org/wiki/%D0%90%D0%BD%D0%B0%D0%B4%D1%8B%D1%80%D1%81%D0%BA%D0%BE%D0%B5_%D0%BC%D0%B5%D1%81%D1%82%D0%BE%D1%80%D0%BE%D0%B6%D0%B4%D0%B5%D0%BD%D0%B8%D0%B5","source":"Викиданные","source_id":"Q13668179","license":"CC0 (Викиданные)","confidence":"ok"}},{"type":"Feature","id":"mines:52195bb314cb","geometry":{"type":"Point","coordinates":[161.203611,67.209722]},"properties":{"uid":"mines:52195bb314cb","layer":"mines","layer_title":"Рудники, копи, промыслы","group":"economy","title":"Месторождение Клён","category":"месторождение полезных ископаемых","date_precision":"unknown","date_approx":false,"url":"https://ru.wikipedia.org/wiki/%D0%9C%D0%B5%D1%81%D1%82%D0%BE%D1%80%D0%BE%D0%B6%D0%B4%D0%B5%D0%BD%D0%B8%D0%B5_%D0%9A%D0%BB%D1%91%D0%BD","source":"Викиданные","source_id":"Q13668177","license":"CC0 (Викиданные)","confidence":"ok"}},{"type":"Feature","id":"mines:c7ffdf7ad42f","geometry":{"type":"Point","coordinates":[176.779444,68.284167]},"properties":{"uid":"mines:c7ffdf7ad42f","layer":"mines","layer_title":"Рудники, копи, промыслы","group":"economy","title":"Дальнее (угольное месторождение)","category":"месторождение полезных ископаемых","date_precision":"unknown","date_approx":false,"url":"https://ru.wikipedia.org/wiki/%D0%94%D0%B0%D0%BB%D1%8C%D0%BD%D0%B5%D0%B5_(%D1%83%D0%B3%D0%BE%D0%BB%D1%8C%D0%BD%D0%BE%D0%B5_%D0%BC%D0%B5%D1%81%D1%82%D0%BE%D1%80%D0%BE%D0%B6%D0%B4%D0%B5%D0%BD%D0%B8%D0%B5)","source":"Викиданные","source_id":"Q13668181","license":"CC0 (Викиданные)","confidence":"ok"}},{"type":"Feature","id":"mines:d22343a77a7e","geometry":{"type":"Point","coordinates":[50.2,51.1167]},"properties":{"uid":"mines:d22343a77a7e","layer":"mines","layer_title":"Рудники, копи, промыслы","group":"economy","title":"Токаревское газоконденсатное месторождение","category":"месторождение полезных ископаемых","place_text":"Западно-Казахстанская область","region":"Западно-Казахстанская область","date_precision":"unknown","date_approx":false,"url":"https://ru.wikipedia.org/wiki/%D0%A2%D0%BE%D0%BA%D0%B0%D1%80%D0%B5%D0%B2%D1%81%D0%BA%D0%BE%D0%B5_%D0%B3%D0%B0%D0%B7%D0%BE%D0%BA%D0%BE%D0%BD%D0%B4%D0%B5%D0%BD%D1%81%D0%B0%D1%82%D0%BD%D0%BE%D0%B5_%D0%BC%D0%B5%D1%81%D1%82%D0%BE%D1%80%D0%BE%D0%B6%D0%B4%D0%B5%D0%BD%D0%B8%D0%B5","source":"Викиданные","source_id":"Q14943945","license":"CC0 (Викиданные)","confidence":"ok"}},{"type":"Feature","id":"mines:cf337dd3c8e0","geometry":{"type":"Point","coordinates":[78.833333,65.0]},"properties":{"uid":"mines:cf337dd3c8e0","layer":"mines","layer_title":"Рудники, копи, промыслы","group":"economy","title":"East-Tarkosalinskoye gas field","category":"месторождение природного газа","place_text":"Ямало-Ненецкий автономный округ","region":"Ямало-Ненецкий автономный округ","date_precision":"unknown","date_approx":false,"url":"https://www.wikidata.org/wiki/Q14954543","source":"Викиданные","source_id":"Q14954543","license":"CC0 (Викиданные)","confidence":"ok"}},{"type":"Feature","id":"mines:916f37e062fc","geometry":{"type":"Point","coordinates":[77.882222,65.568056]},"properties":{"uid":"mines:916f37e062fc","layer":"mines","layer_title":"Рудники, копи, промыслы","group":"economy","title":"Pyreinoye gas field","category":"месторождение природного газа","place_text":"Ямало-Ненецкий автономный округ","region":"Ямало-Ненецкий автономный округ","date_precision":"unknown","date_approx":false,"url":"https://www.wikidata.org/wiki/Q14954546","source":"Викиданные","source_id":"Q14954546","license":"CC0 (Викиданные)","confidence":"ok"}},{"type":"Feature","id":"mines:2286d9c5935f","geometry":{"type":"Point","coordinates":[78.421111,64.936389]},"properties":{"uid":"mines:2286d9c5935f","layer":"mines","layer_title":"Рудники, копи, промыслы","group":"economy","title":"Khancheyskoye gas field","category":"месторождение природного газа","place_text":"Ямало-Ненецкий автономный округ","region":"Ямало-Ненецкий автономный округ","date_precision":"unknown","date_approx":false,"url":"https://www.wikidata.org/wiki/Q14954544","source":"Викиданные","source_id":"Q14954544","license":"CC0 (Викиданные)","confidence":"ok"}},{"type":"Feature","id":"mines:3e3361324b7f","geometry":{"type":"Point","coordinates":[76.833333,67.0]},"properties":{"uid":"mines:3e3361324b7f","layer":"mines","layer_title":"Рудники, копи, промыслы","group":"economy","title":"North-Urengoyskoye gas field","category":"месторождение природного газа","place_text":"Ямало-Ненецкий автономный округ","region":"Ямало-Ненецкий автономный округ","date_precision":"unknown","date_approx":false,"url":"https://www.wikidata.org/wiki/Q14954545","source":"Викиданные","source_id":"Q14954545","license":"CC0 (Викиданные)","confidence":"ok"}},{"type":"Feature","id":"mines:86dbebe35d41","geometry":{"type":"Point","coordinates":[32.3,44.0]},"properties":{"uid":"mines:86dbebe35d41","layer":"mines","layer_title":"Рудники, копи, промыслы","group":"economy","title":"Skifska gas field","category":"месторождение природного газа","date_precision":"unknown","date_approx":false,"url":"https://www.wikidata.org/wiki/Q14954562","source":"Викиданные","source_id":"Q14954562","license":"CC0 (Викиданные)","confidence":"ok"}},{"type":"Feature","id":"mines:c28b261ba140","geometry":{"type":"Point","coordinates":[109.56667,51.68306]},"properties":{"uid":"mines:c28b261ba140","layer":"mines","layer_title":"Рудники, копи, промыслы","group":"economy","title":"Ермаковское месторождение","category":"горное предприятие","place_text":"Кижингинский район","region":"Кижингинский район","year_from":1964,"year_to":1964,"date_precision":"open","date_approx":true,"period_raw":"с 1964","url":"https://ru.wikipedia.org/wiki/%D0%95%D1%80%D0%BC%D0%B0%D0%BA%D0%BE%D0%B2%D1%81%D0%BA%D0%BE%D0%B5_%D0%BC%D0%B5%D1%81%D1%82%D0%BE%D1%80%D0%BE%D0%B6%D0%B4%D0%B5%D0%BD%D0%B8%D0%B5","source":"Викиданные","source_id":"Q15640398","license":"CC0 (Викиданные)","confidence":"ok"}},{"type":"Feature","id":"mines:6274aad64674","geometry":{"type":"Point","coordinates":[27.393,59.2019]},"properties":{"uid":"mines:6274aad64674","layer":"mines","layer_title":"Рудники, копи, промыслы","group":"economy","title":"Estonia Mine","category":"рудник","place_text":"Алутагузе","region":"Алутагузе","date_precision":"unknown","date_approx":false,"url":"https://www.wikidata.org/wiki/Q15642695","image_url":"http://commons.wikimedia.org/wiki/Special:FilePath/Oilshale%20mine%2006.jpg","source":"Викиданные","source_id":"Q15642695","license":"CC0 (Викиданные)","confidence":"ok"}},{"type":"Feature","id":"mines:130b43203bf6","geometry":{"type":"Point","coordinates":[27.1017,59.3129]},"properties":{"uid":"mines:130b43203bf6","layer":"mines","layer_title":"Рудники, копи, промыслы","group":"economy","title":"Aidu Quarry","category":"строительный карьер","place_text":"Люганузе (волость, 2017)","region":"Люганузе (волость, 2017)","date_precision":"unknown","date_approx":false,"url":"https://www.wikidata.org/wiki/Q15642692","image_url":"http://commons.wikimedia.org/wiki/Special:FilePath/Aidu%20mine.jpg","source":"Викиданные","source_id":"Q15642692","license":"CC0 (Викиданные)","confidence":"ok"}},{"type":"Feature","id":"mines:05c13feb2e13","geometry":{"type":"Point","coordinates":[19.3327,50.2712]},"properties":{"uid":"mines:05c13feb2e13","layer":"mines","layer_title":"Рудники, копи, промыслы","group":"economy","title":"Q15714849","category":"рудник","date_precision":"unknown","date_approx":false,"url":"https://www.wikidata.org/wiki/Q15714849","source":"Викиданные","source_id":"Q15714849","license":"CC0 (Викиданные)","confidence":"ok"}},{"type":"Feature","id":"mines:99ed08c6d221","geometry":{"type":"Point","coordinates":[67.580667,44.712538]},"properties":{"uid":"mines:99ed08c6d221","layer":"mines","layer_title":"Рудники, копи, промыслы","group":"economy","title":"Akbastau mine","category":"рудник","place_text":"Туркестанская область","region":"Туркестанская область","date_precision":"unknown","date_approx":false,"url":"https://www.wikidata.org/wiki/Q16002289","image_url":"http://commons.wikimedia.org/wiki/Special:FilePath/Steppe%20of%20western%20Kazakhstan%20in%20the%20early%20spring.jpg","source":"Викиданные","source_id":"Q16002289","license":"CC0 (Викиданные)","confidence":"ok"}},{"type":"Feature","id":"mines:e8e540cbe45b","geometry":{"type":"Point","coordinates":[68.40213,45.64721]},"properties":{"uid":"mines:e8e540cbe45b","layer":"mines","layer_title":"Рудники, копи, промыслы","group":"economy","title":"Akdala mine","category":"рудник","place_text":"Алматинская область","region":"Алматинская область","date_precision":"unknown","date_approx":false,"url":"https://www.wikidata.org/wiki/Q16002293","image_url":"http://commons.wikimedia.org/wiki/Special:FilePath/Steppe%20of%20western%20Kazakhstan%20in%20the%20early%20spring.jpg","source":"Викиданные","source_id":"Q16002293","license":"CC0 (Викиданные)","confidence":"ok"}},{"type":"Feature","id":"mines:687578274006","geometry":{"type":"Point","coordinates":[79.859,46.9495]},"properties":{"uid":"mines:687578274006","layer":"mines","layer_title":"Рудники, копи, промыслы","group":"economy","title":"Месторождение Актогай","category":"рудник","place_text":"Абайская область","region":"Абайская область","date_precision":"unknown","date_approx":false,"url":"https://ru.wikipedia.org/wiki/%D0%90%D0%BA%D1%82%D0%BE%D0%B3%D0%B0%D0%B9_(%D0%BC%D0%B5%D1%81%D1%82%D0%BE%D1%80%D0%BE%D0%B6%D0%B4%D0%B5%D0%BD%D0%B8%D0%B5)","image_url":"http://commons.wikimedia.org/wiki/Special:FilePath/Aktogay%20Mine.jpg","source":"Викиданные","source_id":"Q16002321","license":"CC0 (Викиданные)","confidence":"ok"}},{"type":"Feature","id":"mines:e912c0ea9f84","geometry":{"type":"Point","coordinates":[124.9431,58.728]},"properties":{"uid":"mines:e912c0ea9f84","layer":"mines","layer_title":"Рудники, копи, промыслы","group":"economy","title":"Aldan mine","category":"рудник","place_text":"Якутия","region":"Якутия","date_precision":"unknown","date_approx":false,"url":"https://www.wikidata.org/wiki/Q16002423","source":"Викиданные","source_id":"Q16002423","license":"CC0 (Викиданные)","confidence":"ok"}},{"type":"Feature","id":"mines:308990d2de94","geometry":{"type":"Point","coordinates":[135.483333,58.666667]},"properties":{"uid":"mines:308990d2de94","layer":"mines","layer_title":"Рудники, копи, промыслы","group":"economy","title":"Algama mine","category":"рудник","place_text":"Хабаровский край","region":"Хабаровский край","date_precision":"unknown","date_approx":false,"url":"https://www.wikidata.org/wiki/Q16002487","source":"Викиданные","source_id":"Q16002487","license":"CC0 (Викиданные)","confidence":"ok"}},{"type":"Feature","id":"mines:f6be5a4d2f7f","geometry":{"type":"Point","coordinates":[70.1831,41.0384]},"properties":{"uid":"mines:f6be5a4d2f7f","layer":"mines","layer_title":"Рудники, копи, промыслы","group":"economy","title":"Angren mine","category":"рудник","date_precision":"unknown","date_approx":false,"url":"https://www.wikidata.org/wiki/Q16039065","source":"Викиданные","source_id":"Q16039065","license":"CC0 (Викиданные)","confidence":"ok"}},{"type":"Feature","id":"mines:ff355b37003a","geometry":{"type":"Point","coordinates":[82.067778,56.983333]},"properties":{"uid":"mines:ff355b37003a","layer":"mines","layer_title":"Рудники, копи, промыслы","group":"economy","title":"Бакчарское железорудное месторождение","category":"рудник","place_text":"Томская область","region":"Томская область","date_precision":"unknown","date_approx":false,"url":"https://ru.wikipedia.org/wiki/%D0%91%D0%B0%D0%BA%D1%87%D0%B0%D1%80%D1%81%D0%BA%D0%BE%D0%B5_%D0%B6%D0%B5%D0%BB%D0%B5%D0%B7%D0%BE%D1%80%D1%83%D0%B4%D0%BD%D0%BE%D0%B5_%D0%BC%D0%B5%D1%81%D1%82%D0%BE%D1%80%D0%BE%D0%B6%D0%B4%D0%B5%D0%BD%D0%B8%D0%B5","source":"Викиданные","source_id":"Q16252882","license":"CC0 (Викиданные)","confidence":"ok"}},{"type":"Feature","id":"mines:484186d4dc94","geometry":{"type":"Point","coordinates":[92.976397,60.053839]},"properties":{"uid":"mines:484186d4dc94","layer":"mines","layer_title":"Рудники, копи, промыслы","group":"economy","title":"Blagodatnoye mine","category":"рудник","place_text":"Красноярский край","region":"Красноярский край","date_precision":"unknown","date_approx":false,"url":"https://www.wikidata.org/wiki/Q16254920","source":"Викиданные","source_id":"Q16254920","license":"CC0 (Викиданные)","confidence":"ok"}},{"type":"Feature","id":"mines:620e45a8126d","geometry":{"type":"Point","coordinates":[117.6775,51.176667]},"properties":{"uid":"mines:620e45a8126d","layer":"mines","layer_title":"Рудники, копи, промыслы","group":"economy","title":"Bugdainskoe mine","category":"рудник","place_text":"Забайкальский край","region":"Забайкальский край","date_precision":"unknown","date_approx":false,"url":"https://www.wikidata.org/wiki/Q16255773","source":"Викиданные","source_id":"Q16255773","license":"CC0 (Викиданные)","confidence":"ok"}},{"type":"Feature","id":"mines:b2dd89c0a68c","geometry":{"type":"Point","coordinates":[30.1217,69.3783]},"properties":{"uid":"mines:b2dd89c0a68c","layer":"mines","layer_title":"Рудники, копи, промыслы","group":"economy","title":"Central Zhdanovskoye mine","category":"рудник","place_text":"Мурманская область","region":"Мурманская область","date_precision":"unknown","date_approx":false,"url":"https://www.wikidata.org/wiki/Q16256898","source":"Викиданные","source_id":"Q16256898","license":"CC0 (Викиданные)","confidence":"ok"}},{"type":"Feature","id":"mines:53a55741570e","geometry":{"type":"Point","coordinates":[27.407222,59.341111]},"properties":{"uid":"mines:53a55741570e","layer":"mines","layer_title":"Рудники, копи, промыслы","group":"economy","title":"Kämbemäe quarry","category":"строительный карьер","place_text":"Кохтла-Ярве","region":"Кохтла-Ярве","date_precision":"unknown","date_approx":false,"url":"https://www.wikidata.org/wiki/Q16408732","source":"Викиданные","source_id":"Q16408732","license":"CC0 (Викиданные)","confidence":"ok"}},{"type":"Feature","id":"mines:ed7dd58028dd","geometry":{"type":"Point","coordinates":[24.807589,59.264114]},"properties":{"uid":"mines:ed7dd58028dd","layer":"mines","layer_title":"Рудники, копи, промыслы","group":"economy","title":"Q16408737","category":"строительный карьер","place_text":"Кийли","region":"Кийли","date_precision":"unknown","date_approx":false,"url":"https://www.wikidata.org/wiki/Q16408737","source":"Викиданные","source_id":"Q16408737","license":"CC0 (Викиданные)","confidence":"ok"}},{"type":"Feature","id":"mines:f9f409355038","geometry":{"type":"Point","coordinates":[26.477414,59.478973]},"properties":{"uid":"mines:f9f409355038","layer":"mines","layer_title":"Рудники, копи, промыслы","group":"economy","title":"Ojaküla quarry","category":"строительный карьер","place_text":"Виру-Нигула (волость, 2017)","region":"Виру-Нигула (волость, 2017)","date_precision":"unknown","date_approx":false,"url":"https://www.wikidata.org/wiki/Q16408975","source":"Викиданные","source_id":"Q16408975","license":"CC0 (Викиданные)","confidence":"ok"}},{"type":"Feature","id":"mines:24339bc4ca92","geometry":{"type":"Point","coordinates":[24.802808,59.431922]},"properties":{"uid":"mines:24339bc4ca92","layer":"mines","layer_title":"Рудники, копи, промыслы","group":"economy","title":"Lasnamäe Quarry","category":"озеро","place_text":"Таллин","region":"Таллин","date_precision":"unknown","date_approx":false,"url":"https://www.wikidata.org/wiki/Q16409521","image_url":"http://commons.wikimedia.org/wiki/Special:FilePath/Lasnamae%20karjaar3.jpg","source":"Викиданные","source_id":"Q16409521","license":"CC0 (Викиданные)","confidence":"ok"}},{"type":"Feature","id":"mines:5d1a83f98500","geometry":{"type":"Point","coordinates":[22.816793,58.979358]},"properties":{"uid":"mines:5d1a83f98500","layer":"mines","layer_title":"Рудники, копи, промыслы","group":"economy","title":"Paluküla quarry","category":"строительный карьер","place_text":"Хийумаа","region":"Хийумаа","date_precision":"unknown","date_approx":false,"url":"https://www.wikidata.org/wiki/Q16409744","source":"Викиданные","source_id":"Q16409744","license":"CC0 (Викиданные)","confidence":"ok"}},{"type":"Feature","id":"mines:74f456ccc270","geometry":{"type":"Point","coordinates":[26.297988,58.878245]},"properties":{"uid":"mines:74f456ccc270","layer":"mines","layer_title":"Рудники, копи, промыслы","group":"economy","title":"Luige Quarry","category":"строительный карьер","place_text":"Йыгева","region":"Йыгева","date_precision":"unknown","date_approx":false,"url":"https://www.wikidata.org/wiki/Q16410616","source":"Викиданные","source_id":"Q16410616","license":"CC0 (Викиданные)","confidence":"ok"}},{"type":"Feature","id":"mines:50d7b98fc780","geometry":{"type":"Point","coordinates":[21.963675,58.407356]},"properties":{"uid":"mines:50d7b98fc780","layer":"mines","layer_title":"Рудники, копи, промыслы","group":"economy","title":"Jaagarahu quarries","category":"строительный карьер","place_text":"Сааремаа","region":"Сааремаа","date_precision":"unknown","date_approx":false,"url":"https://www.wikidata.org/wiki/Q16410636","source":"Викиданные","source_id":"Q16410636","license":"CC0 (Викиданные)","confidence":"ok"}},{"type":"Feature","id":"mines:1fc8dd441e04","geometry":{"type":"Point","coordinates":[26.843056,59.470278]},"properties":{"uid":"mines:1fc8dd441e04","layer":"mines","layer_title":"Рудники, копи, промыслы","group":"economy","title":"Aseri Quarry","category":"строительный карьер","place_text":"Виру-Нигула (волость, 2017)","region":"Виру-Нигула (волость, 2017)","date_precision":"unknown","date_approx":false,"url":"https://www.wikidata.org/wiki/Q16410860","source":"Викиданные","source_id":"Q16410860","license":"CC0 (Викиданные)","confidence":"ok"}},{"type":"Feature","id":"mines:b87d5bf7ded6","geometry":{"type":"Point","coordinates":[25.804962,58.64603]},"properties":{"uid":"mines:b87d5bf7ded6","layer":"mines","layer_title":"Рудники, копи, промыслы","group":"economy","title":"Rõstla quarry","category":"строительный карьер","place_text":"Пылтсамаа (волость, 2017)","region":"Пылтсамаа (волость, 2017)","date_precision":"unknown","date_approx":false,"url":"https://www.wikidata.org/wiki/Q16411880","source":"Викиданные","source_id":"Q16411880","license":"CC0 (Викиданные)","confidence":"ok"}},{"type":"Feature","id":"mines:f9afe3759d30","geometry":{"type":"Point","coordinates":[26.530478,59.507764]},"properties":{"uid":"mines:f9afe3759d30","layer":"mines","layer_title":"Рудники, копи, промыслы","group":"economy","title":"Q16411881","category":"строительный карьер","place_text":"Виру-Нигула (волость, 2017)","region":"Виру-Нигула (волость, 2017)","date_precision":"unknown","date_approx":false,"url":"https://www.wikidata.org/wiki/Q16411881","source":"Викиданные","source_id":"Q16411881","license":"CC0 (Викиданные)","confidence":"ok"}},{"type":"Feature","id":"mines:75a606feb3c5","geometry":{"type":"Point","coordinates":[26.479414,59.444063]},"properties":{"uid":"mines:75a606feb3c5","layer":"mines","layer_title":"Рудники, копи, промыслы","group":"economy","title":"Kunda-Aru quarry","category":"строительный карьер","place_text":"Виру-Нигула (волость, 2017)","region":"Виру-Нигула (волость, 2017)","date_precision":"unknown","date_approx":false,"url":"https://www.wikidata.org/wiki/Q16411887","image_url":"http://commons.wikimedia.org/wiki/Special:FilePath/Aru-L%C3%B5una%20lubjakivikarj%C3%A4%C3%A4r.jpg","source":"Викиданные","source_id":"Q16411887","license":"CC0 (Викиданные)","confidence":"ok"}},{"type":"Feature","id":"mines:a2dd6d09d3f1","geometry":{"type":"Point","coordinates":[24.436298,59.142585]},"properties":{"uid":"mines:a2dd6d09d3f1","layer":"mines","layer_title":"Рудники, копи, промыслы","group":"economy","title":"Mõnuste quarry","category":"строительный карьер","place_text":"Сауэ (волость, 2017)","region":"Сауэ (волость, 2017)","date_precision":"unknown","date_approx":false,"url":"https://www.wikidata.org/wiki/Q16411900","source":"Викиданные","source_id":"Q16411900","license":"CC0 (Викиданные)","confidence":"ok"}},{"type":"Feature","id":"mines:c802b8a3ec5f","geometry":{"type":"Point","coordinates":[25.597939,58.875564]},"properties":{"uid":"mines:c802b8a3ec5f","layer":"mines","layer_title":"Рудники, копи, промыслы","group":"economy","title":"Mündi quarry","category":"строительный карьер","place_text":"Пайде","region":"Пайде","date_precision":"unknown","date_approx":false,"url":"https://www.wikidata.org/wiki/Q16411936","source":"Викиданные","source_id":"Q16411936","license":"CC0 (Викиданные)","confidence":"ok"}},{"type":"Feature","id":"mines:3f8a84f5b165","geometry":{"type":"Point","coordinates":[26.03518,58.720959]},"properties":{"uid":"mines:3f8a84f5b165","layer":"mines","layer_title":"Рудники, копи, промыслы","group":"economy","title":"Otisaare quarry","category":"строительный карьер","place_text":"Пылтсамаа (волость, 2017)","region":"Пылтсамаа (волость, 2017)","date_precision":"unknown","date_approx":false,"url":"https://www.wikidata.org/wiki/Q16412655","source":"Викиданные","source_id":"Q16412655","license":"CC0 (Викиданные)","confidence":"ok"}},{"type":"Feature","id":"mines:d8b8325c742b","geometry":{"type":"Point","coordinates":[27.5217,57.7392]},"properties":{"uid":"mines:d8b8325c742b","layer":"mines","layer_title":"Рудники, копи, промыслы","group":"economy","title":"Marinova dolostone quarry","category":"строительный карьер","place_text":"Сетомаа","region":"Сетомаа","date_precision":"unknown","date_approx":false,"url":"https://www.wikidata.org/wiki/Q16412680","image_url":"http://commons.wikimedia.org/wiki/Special:FilePath/Marinova%20dolokivi%20karj%C3%A4%C3%A4r%202013%20s%C3%BCgis.JPG","source":"Викиданные","source_id":"Q16412680","license":"CC0 (Викиданные)","confidence":"ok"}},{"type":"Feature","id":"mines:0b657db7b39b","geometry":{"type":"Point","coordinates":[24.803316,59.266393]},"properties":{"uid":"mines:0b657db7b39b","layer":"mines","layer_title":"Рудники, копи, промыслы","group":"economy","title":"Paekna quarry","category":"строительный карьер","place_text":"Кийли","region":"Кийли","date_precision":"unknown","date_approx":false,"url":"https://www.wikidata.org/wiki/Q16412684","source":"Викиданные","source_id":"Q16412684","license":"CC0 (Викиданные)","confidence":"ok"}},{"type":"Feature","id":"mines:aebe8f5fbe62","geometry":{"type":"Point","coordinates":[24.375527,59.314048]},"properties":{"uid":"mines:aebe8f5fbe62","layer":"mines","layer_title":"Рудники, копи, промыслы","group":"economy","title":"Keila quarry","category":"строительный карьер","place_text":"Keila City","region":"Keila City","date_precision":"unknown","date_approx":false,"url":"https://www.wikidata.org/wiki/Q16412932","source":"Викиданные","source_id":"Q16412932","license":"CC0 (Викиданные)","confidence":"ok"}},{"type":"Feature","id":"mines:339577c7c847","geometry":{"type":"Point","coordinates":[64.3522,46.7261]},"properties":{"uid":"mines:339577c7c847","layer":"mines","layer_title":"Рудники, копи, промыслы","group":"economy","title":"Майбулакское месторождение нефти","category":"месторождение полезных ископаемых","date_precision":"unknown","date_approx":false,"url":"https://ru.wikipedia.org/wiki/%D0%9C%D0%B0%D0%B9%D0%B1%D1%83%D0%BB%D0%B0%D0%BA%D1%81%D0%BA%D0%BE%D0%B5_%D0%BC%D0%B5%D1%81%D1%82%D0%BE%D1%80%D0%BE%D0%B6%D0%B4%D0%B5%D0%BD%D0%B8%D0%B5_%D0%BD%D0%B5%D1%84%D1%82%D0%B8","source":"Викиданные","source_id":"Q16434270","license":"CC0 (Викиданные)","confidence":"ok"}},{"type":"Feature","id":"mines:e1e4a246b0ce","geometry":{"type":"Point","coordinates":[57.258944,67.595917]},"properties":{"uid":"mines:e1e4a246b0ce","layer":"mines","layer_title":"Рудники, копи, промыслы","group":"economy","title":"Ардалинское нефтяное месторождение","category":"месторождение полезных ископаемых","date_precision":"unknown","date_approx":false,"url":"https://ru.wikipedia.org/wiki/%D0%90%D1%80%D0%B4%D0%B0%D0%BB%D0%B8%D0%BD%D1%81%D0%BA%D0%BE%D0%B5_%D0%BD%D0%B5%D1%84%D1%82%D1%8F%D0%BD%D0%BE%D0%B5_%D0%BC%D0%B5%D1%81%D1%82%D0%BE%D1%80%D0%BE%D0%B6%D0%B4%D0%B5%D0%BD%D0%B8%D0%B5","source":"Викиданные","source_id":"Q16488607","license":"CC0 (Викиданные)","confidence":"ok"}},{"type":"Feature","id":"mines:b43165f6fba8","geometry":{"type":"Point","coordinates":[50.799444,53.416944]},"properties":{"uid":"mines:b43165f6fba8","layer":"mines","layer_title":"Рудники, копи, промыслы","group":"economy","title":"Алакаевское нефтяное месторождение","category":"месторождение нефти и газа","date_precision":"unknown","date_approx":false,"url":"https://ru.wikipedia.org/wiki/%D0%90%D0%BB%D0%B0%D0%BA%D0%B0%D0%B5%D0%B2%D1%81%D0%BA%D0%BE%D0%B5_%D0%BD%D0%B5%D1%84%D1%82%D1%8F%D0%BD%D0%BE%D0%B5_%D0%BC%D0%B5%D1%81%D1%82%D0%BE%D1%80%D0%BE%D0%B6%D0%B4%D0%B5%D0%BD%D0%B8%D0%B5","source":"Викиданные","source_id":"Q16495889","license":"CC0 (Викиданные)","confidence":"ok"}},{"type":"Feature","id":"mines:fb4e7e5db09a","geometry":{"type":"Point","coordinates":[69.6451,40.8156]},"properties":{"uid":"mines:fb4e7e5db09a","layer":"mines","layer_title":"Рудники, копи, промыслы","group":"economy","title":"Kalmakyr mine","category":"рудник","place_text":"Ташкентская область","region":"Ташкентская область","date_precision":"unknown","date_approx":false,"url":"https://www.wikidata.org/wiki/Q16509576","source":"Викиданные","source_id":"Q16509576","license":"CC0 (Викиданные)","confidence":"ok"}},{"type":"Feature","id":"mines:81dd9b6364b1","geometry":{"type":"Point","coordinates":[18.5817,49.8263]},"properties":{"uid":"mines:81dd9b6364b1","layer":"mines","layer_title":"Рудники, копи, промыслы","group":"economy","title":"Q16509671","category":"рудник","date_precision":"unknown","date_approx":false,"url":"https://www.wikidata.org/wiki/Q16509671","image_url":"http://commons.wikimedia.org/wiki/Special:FilePath/Kwkmorcinek1.jpg","source":"Викиданные","source_id":"Q16509671","license":"CC0 (Викиданные)","confidence":"ok"}},{"type":"Feature","id":"mines:c163e44db711","geometry":{"type":"Point","coordinates":[69.7745,40.7757]},"properties":{"uid":"mines:c163e44db711","layer":"mines","layer_title":"Рудники, копи, промыслы","group":"economy","title":"Sary Ceku mine","category":"рудник","place_text":"Ташкентская область","region":"Ташкентская область","date_precision":"unknown","date_approx":false,"url":"https://www.wikidata.org/wiki/Q16509668","source":"Викиданные","source_id":"Q16509668","license":"CC0 (Викиданные)","confidence":"ok"}},{"type":"Feature","id":"mines:33151b5bc96b","geometry":{"type":"Point","coordinates":[27.7024,59.2643]},"properties":{"uid":"mines:33151b5bc96b","layer":"mines","layer_title":"Рудники, копи, промыслы","group":"economy","title":"Sirgala Quarry","category":"строительный карьер","place_text":"Нарва-Йыэсуу","region":"Нарва-Йыэсуу","date_precision":"unknown","date_approx":false,"url":"https://www.wikidata.org/wiki/Q16509726","source":"Викиданные","source_id":"Q16509726","license":"CC0 (Викиданные)","confidence":"ok"}},{"type":"Feature","id":"mines:dc4276ab9b89","geometry":{"type":"Point","coordinates":[27.6177,59.3031]},"properties":{"uid":"mines:dc4276ab9b89","layer":"mines","layer_title":"Рудники, копи, промыслы","group":"economy","title":"Viivikonna Quarry","category":"строительный карьер","place_text":"Волость Йыхви (2025)","region":"Волость Йыхви (2025)","date_precision":"unknown","date_approx":false,"url":"https://www.wikidata.org/wiki/Q16509727","source":"Викиданные","source_id":"Q16509727","license":"CC0 (Викиданные)","confidence":"ok"}},{"type":"Feature","id":"mines:c80a376aa8da","geometry":{"type":"Point","coordinates":[19.263056,50.290278]},"properties":{"uid":"mines:c80a376aa8da","layer":"mines","layer_title":"Рудники, копи, промыслы","group":"economy","title":"\"Feliks\" coal mine","category":"рудник","date_precision":"unknown","date_approx":false,"url":"https://www.wikidata.org/wiki/Q16567749","source":"Викиданные","source_id":"Q16567749","license":"CC0 (Викиданные)","confidence":"ok"}},{"type":"Feature","id":"mines:b0d0bed77eed","geometry":{"type":"Point","coordinates":[21.0661,51.0531]},"properties":{"uid":"mines:b0d0bed77eed","layer":"mines","layer_title":"Рудники, копи, промыслы","group":"economy","title":"Q16567754","category":"рудник","date_precision":"unknown","date_approx":false,"url":"https://www.wikidata.org/wiki/Q16567754","source":"Викиданные","source_id":"Q16567754","license":"CC0 (Викиданные)","confidence":"ok"}},{"type":"Feature","id":"mines:aec5c96a337b","geometry":{"type":"Point","coordinates":[18.4851,54.3635]},"properties":{"uid":"mines:aec5c96a337b","layer":"mines","layer_title":"Рудники, копи, промыслы","group":"economy","title":"Staw Linkula","category":"строительный карьер","place_text":"Q6426830","region":"Q6426830","year_from":2000,"year_to":2000,"date_precision":"open","date_approx":true,"period_raw":"с 2000","url":"https://www.wikidata.org/wiki/Q16606647","image_url":"http://commons.wikimedia.org/wiki/Special:FilePath/Staw%20Linkula%20w%20Gda%C5%84sku.JPG","source":"Викиданные","source_id":"Q16606647","license":"CC0 (Викиданные)","confidence":"ok"}},{"type":"Feature","id":"mines:ca291ad0e70d","geometry":{"type":"Point","coordinates":[53.966389,67.945417]},"properties":{"uid":"mines:ca291ad0e70d","layer":"mines","layer_title":"Рудники, копи, промыслы","group":"economy","title":"Василковское газоконденсатное месторождение","category":"месторождение полезных ископаемых","date_precision":"unknown","date_approx":false,"url":"https://ru.wikipedia.org/wiki/%D0%92%D0%B0%D1%81%D0%B8%D0%BB%D0%BA%D0%BE%D0%B2%D1%81%D0%BA%D0%BE%D0%B5_%D0%B3%D0%B0%D0%B7%D0%BE%D0%BA%D0%BE%D0%BD%D0%B4%D0%B5%D0%BD%D1%81%D0%B0%D1%82%D0%BD%D0%BE%D0%B5_%D0%BC%D0%B5%D1%81%D1%82%D0%BE%D1%80%D0%BE%D0%B6%D0%B4%D0%B5%D0%BD%D0%B8%D0%B5","source":"Викиданные","source_id":"Q16629319","license":"CC0 (Викиданные)","confidence":"ok"}},{"type":"Feature","id":"mines:9cc7b7f130dd","geometry":{"type":"Point","coordinates":[172.194444,68.981389]},"properties":{"uid":"mines:9cc7b7f130dd","layer":"mines","layer_title":"Рудники, копи, промыслы","group":"economy","title":"Западно-Палянское месторождение","category":"месторождение полезных ископаемых","date_precision":"unknown","date_approx":false,"url":"https://ru.wikipedia.org/wiki/%D0%97%D0%B0%D0%BF%D0%B0%D0%B4%D0%BD%D0%BE-%D0%9F%D0%B0%D0%BB%D1%8F%D0%BD%D1%81%D0%BA%D0%BE%D0%B5_%D0%BC%D0%B5%D1%81%D1%82%D0%BE%D1%80%D0%BE%D0%B6%D0%B4%D0%B5%D0%BD%D0%B8%D0%B5","source":"Викиданные","source_id":"Q16653169","license":"CC0 (Викиданные)","confidence":"ok"}},{"type":"Feature","id":"mines:291dd6ea70e6","geometry":{"type":"Point","coordinates":[50.2,51.116667]},"properties":{"uid":"mines:291dd6ea70e6","layer":"mines","layer_title":"Рудники, копи, промыслы","group":"economy","title":"Каменское газоконденсатное месторождение","category":"месторождение полезных ископаемых","date_precision":"unknown","date_approx":false,"url":"https://ru.wikipedia.org/wiki/%D0%9A%D0%B0%D0%BC%D0%B5%D0%BD%D1%81%D0%BA%D0%BE%D0%B5_%D0%B3%D0%B0%D0%B7%D0%BE%D0%BA%D0%BE%D0%BD%D0%B4%D0%B5%D0%BD%D1%81%D0%B0%D1%82%D0%BD%D0%BE%D0%B5_%D0%BC%D0%B5%D1%81%D1%82%D0%BE%D1%80%D0%BE%D0%B6%D0%B4%D0%B5%D0%BD%D0%B8%D0%B5","source":"Викиданные","source_id":"Q16657692","license":"CC0 (Викиданные)","confidence":"ok"}},{"type":"Feature","id":"mines:08236401cd35","geometry":{"type":"Point","coordinates":[56.198889,53.404167]},"properties":{"uid":"mines:08236401cd35","layer":"mines","layer_title":"Рудники, копи, промыслы","group":"economy","title":"Кинзебулатовское нефтяное месторождение","category":"нефтяное месторождение","place_text":"Башкортостан","region":"Башкортостан","date_precision":"unknown","date_approx":false,"url":"https://ru.wikipedia.org/wiki/%D0%9A%D0%B8%D0%BD%D0%B7%D0%B5%D0%B1%D1%83%D0%BB%D0%B0%D1%82%D0%BE%D0%B2%D1%81%D0%BA%D0%BE%D0%B5_%D0%BD%D0%B5%D1%84%D1%82%D1%8F%D0%BD%D0%BE%D0%B5_%D0%BC%D0%B5%D1%81%D1%82%D0%BE%D1%80%D0%BE%D0%B6%D0%B4%D0%B5%D0%BD%D0%B8%D0%B5","source":"Викиданные","source_id":"Q16663428","license":"CC0 (Викиданные)","confidence":"ok"}},{"type":"Feature","id":"mines:90d90816d414","geometry":{"type":"Point","coordinates":[54.37,55.41]},"properties":{"uid":"mines:90d90816d414","layer":"mines","layer_title":"Рудники, копи, промыслы","group":"economy","title":"Манчаровское нефтяное месторождение","category":"месторождение полезных ископаемых","date_precision":"unknown","date_approx":false,"url":"https://ru.wikipedia.org/wiki/%D0%9C%D0%B0%D0%BD%D1%87%D0%B0%D1%80%D0%BE%D0%B2%D1%81%D0%BA%D0%BE%D0%B5_%D0%BD%D0%B5%D1%84%D1%82%D1%8F%D0%BD%D0%BE%D0%B5_%D0%BC%D0%B5%D1%81%D1%82%D0%BE%D1%80%D0%BE%D0%B6%D0%B4%D0%B5%D0%BD%D0%B8%D0%B5","source":"Викиданные","source_id":"Q16674204","license":"CC0 (Викиданные)","confidence":"ok"}},{"type":"Feature","id":"mines:1ebbbb67c4aa","geometry":{"type":"Point","coordinates":[56.936389,67.946389]},"properties":{"uid":"mines:1ebbbb67c4aa","layer":"mines","layer_title":"Рудники, копи, промыслы","group":"economy","title":"Нефтяное месторождение имени Россихина","category":"месторождение полезных ископаемых","date_precision":"unknown","date_approx":false,"url":"https://ru.wikipedia.org/wiki/%D0%9D%D0%B5%D1%84%D1%82%D1%8F%D0%BD%D0%BE%D0%B5_%D0%BC%D0%B5%D1%81%D1%82%D0%BE%D1%80%D0%BE%D0%B6%D0%B4%D0%B5%D0%BD%D0%B8%D0%B5_%D0%B8%D0%BC%D0%B5%D0%BD%D0%B8_%D0%A0%D0%BE%D1%81%D1%81%D0%B8%D1%85%D0%B8%D0%BD%D0%B0","source":"Викиданные","source_id":"Q16680501","license":"CC0 (Викиданные)","confidence":"ok"}},{"type":"Feature","id":"mines:553742908803","geometry":{"type":"Point","coordinates":[50.033333,49.95]},"properties":{"uid":"mines:553742908803","layer":"mines","layer_title":"Рудники, копи, промыслы","group":"economy","title":"Порт-Артур","category":"месторождение природного газа","date_precision":"unknown","date_approx":false,"url":"https://ru.wikipedia.org/wiki/%D0%9F%D0%BE%D1%80%D1%82-%D0%90%D1%80%D1%82%D1%83%D1%80_(%D0%B3%D0%B0%D0%B7%D0%BE%D0%B2%D0%BE%D0%B5_%D0%BC%D0%B5%D1%81%D1%82%D0%BE%D1%80%D0%BE%D0%B6%D0%B4%D0%B5%D0%BD%D0%B8%D0%B5)","source":"Викиданные","source_id":"Q16687263","license":"CC0 (Викиданные)","confidence":"ok"}},{"type":"Feature","id":"mines:5b2a49f73f03","geometry":{"type":"Point","coordinates":[53.6,54.4]},"properties":{"uid":"mines:5b2a49f73f03","layer":"mines","layer_title":"Рудники, копи, промыслы","group":"economy","title":"Серафимовское нефтяное месторождение","category":"месторождение полезных ископаемых","date_precision":"unknown","date_approx":false,"url":"https://ru.wikipedia.org/wiki/%D0%A1%D0%B5%D1%80%D0%B0%D1%84%D0%B8%D0%BC%D0%BE%D0%B2%D1%81%D0%BA%D0%BE%D0%B5_%D0%BD%D0%B5%D1%84%D1%82%D1%8F%D0%BD%D0%BE%D0%B5_%D0%BC%D0%B5%D1%81%D1%82%D0%BE%D1%80%D0%BE%D0%B6%D0%B4%D0%B5%D0%BD%D0%B8%D0%B5","source":"Викиданные","source_id":"Q16697034","license":"CC0 (Викиданные)","confidence":"ok"}},{"type":"Feature","id":"mines:3ad7946aaef0","geometry":{"type":"Point","coordinates":[55.817,54.833]},"properties":{"uid":"mines:3ad7946aaef0","layer":"mines","layer_title":"Рудники, копи, промыслы","group":"economy","title":"Сергеевское нефтяное месторождение","category":"месторождение полезных ископаемых","date_precision":"unknown","date_approx":false,"url":"https://ru.wikipedia.org/wiki/%D0%A1%D0%B5%D1%80%D0%B3%D0%B5%D0%B5%D0%B2%D1%81%D0%BA%D0%BE%D0%B5_%D0%BD%D0%B5%D1%84%D1%82%D1%8F%D0%BD%D0%BE%D0%B5_%D0%BC%D0%B5%D1%81%D1%82%D0%BE%D1%80%D0%BE%D0%B6%D0%B4%D0%B5%D0%BD%D0%B8%D0%B5","source":"Викиданные","source_id":"Q16697091","license":"CC0 (Викиданные)","confidence":"ok"}},{"type":"Feature","id":"mines:73187b5f7fb2","geometry":{"type":"Point","coordinates":[174.288333,63.456389]},"properties":{"uid":"mines:73187b5f7fb2","layer":"mines","layer_title":"Рудники, копи, промыслы","group":"economy","title":"Тамватнейское месторождение","category":"месторождение полезных ископаемых","date_precision":"unknown","date_approx":false,"url":"https://ru.wikipedia.org/wiki/%D0%A2%D0%B0%D0%BC%D0%B2%D0%B0%D1%82%D0%BD%D0%B5%D0%B9%D1%81%D0%BA%D0%BE%D0%B5_%D0%BC%D0%B5%D1%81%D1%82%D0%BE%D1%80%D0%BE%D0%B6%D0%B4%D0%B5%D0%BD%D0%B8%D0%B5","source":"Викиданные","source_id":"Q16704468","license":"CC0 (Викиданные)","confidence":"ok"}},{"type":"Feature","id":"mines:e80f223e6882","geometry":{"type":"Point","coordinates":[66.897111,71.184639]},"properties":{"uid":"mines:e80f223e6882","layer":"mines","layer_title":"Рудники, копи, промыслы","group":"economy","title":"Харасавэйское газоконденсатное месторождение","category":"месторождение природного газа","place_text":"Ямало-Ненецкий автономный округ","region":"Ямало-Ненецкий автономный округ","date_precision":"unknown","date_approx":false,"url":"https://ru.wikipedia.org/wiki/%D0%A5%D0%B0%D1%80%D0%B0%D1%81%D0%B0%D0%B2%D1%8D%D0%B9%D1%81%D0%BA%D0%BE%D0%B5_%D0%B3%D0%B0%D0%B7%D0%BE%D0%BA%D0%BE%D0%BD%D0%B4%D0%B5%D0%BD%D1%81%D0%B0%D1%82%D0%BD%D0%BE%D0%B5_%D0%BC%D0%B5%D1%81%D1%82%D0%BE%D1%80%D0%BE%D0%B6%D0%B4%D0%B5%D0%BD%D0%B8%D0%B5","source":"Викиданные","source_id":"Q16896740","license":"CC0 (Викиданные)","confidence":"ok"}},{"type":"Feature","id":"mines:42519254e4a3","geometry":{"type":"Point","coordinates":[54.796865,51.654135]},"properties":{"uid":"mines:42519254e4a3","layer":"mines","layer_title":"Рудники, копи, промыслы","group":"economy","title":"Оренбургское газоконденсатное месторождение","category":"месторождение природного газа","place_text":"Оренбургская область","region":"Оренбургская область","date_precision":"unknown","date_approx":false,"url":"https://ru.wikipedia.org/wiki/%D0%9E%D1%80%D0%B5%D0%BD%D0%B1%D1%83%D1%80%D0%B3%D1%81%D0%BA%D0%BE%D0%B5_%D0%B3%D0%B0%D0%B7%D0%BE%D0%BA%D0%BE%D0%BD%D0%B4%D0%B5%D0%BD%D1%81%D0%B0%D1%82%D0%BD%D0%BE%D0%B5_%D0%BC%D0%B5%D1%81%D1%82%D0%BE%D1%80%D0%BE%D0%B6%D0%B4%D0%B5%D0%BD%D0%B8%D0%B5","source":"Викиданные","source_id":"Q16896930","license":"CC0 (Викиданные)","confidence":"ok"}},{"type":"Feature","id":"mines:854983c6c019","geometry":{"type":"Point","coordinates":[173.794167,68.9825]},"properties":{"uid":"mines:854983c6c019","layer":"mines","layer_title":"Рудники, копи, промыслы","group":"economy","title":"Майское месторождение","category":"рудник","place_text":"Чукотский автономный округ","region":"Чукотский автономный округ","date_precision":"unknown","date_approx":false,"url":"https://ru.wikipedia.org/wiki/%D0%9C%D0%B0%D0%B9%D1%81%D0%BA%D0%BE%D0%B5_%D0%BC%D0%B5%D1%81%D1%82%D0%BE%D1%80%D0%BE%D0%B6%D0%B4%D0%B5%D0%BD%D0%B8%D0%B5","source":"Викиданные","source_id":"Q16932856","license":"CC0 (Викиданные)","confidence":"ok"}},{"type":"Feature","id":"mines:b716e3873b4a","geometry":{"type":"Point","coordinates":[88.70917,54.01194]},"properties":{"uid":"mines:b716e3873b4a","layer":"mines","layer_title":"Рудники, копи, промыслы","group":"economy","title":"Усинское месторождение марганца","category":"рудник","place_text":"Кемеровская область","region":"Кемеровская область","date_precision":"unknown","date_approx":false,"url":"https://ru.wikipedia.org/wiki/%D0%A3%D1%81%D0%B8%D0%BD%D1%81%D0%BA%D0%BE%D0%B5_%D0%BC%D0%B5%D1%81%D1%82%D0%BE%D1%80%D0%BE%D0%B6%D0%B4%D0%B5%D0%BD%D0%B8%D0%B5_%D0%BC%D0%B0%D1%80%D0%B3%D0%B0%D0%BD%D1%86%D0%B0","source":"Викиданные","source_id":"Q16948421","license":"CC0 (Викиданные)","confidence":"ok"}},{"type":"Feature","id":"mines:a27353cf45fa","geometry":{"type":"Point","coordinates":[131.7134,53.0598]},"properties":{"uid":"mines:a27353cf45fa","layer":"mines","layer_title":"Рудники, копи, промыслы","group":"economy","title":"Malomir mine","category":"рудник","place_text":"Амурская область","region":"Амурская область","date_precision":"unknown","date_approx":false,"url":"https://www.wikidata.org/wiki/Q16956662","source":"Викиданные","source_id":"Q16956662","license":"CC0 (Викиданные)","confidence":"ok"}},{"type":"Feature","id":"mines:c407f1622460","geometry":{"type":"Point","coordinates":[147.81,61.646944]},"properties":{"uid":"mines:c407f1622460","layer":"mines","layer_title":"Рудники, копи, промыслы","group":"economy","title":"Natalka mine","category":"рудник","place_text":"Магаданская область","region":"Магаданская область","date_precision":"unknown","date_approx":false,"url":"https://www.wikidata.org/wiki/Q16963770","source":"Викиданные","source_id":"Q16963770","license":"CC0 (Викиданные)","confidence":"ok"}},{"type":"Feature","id":"mines:04949eea6f55","geometry":{"type":"Point","coordinates":[88.454722,69.505556]},"properties":{"uid":"mines:04949eea6f55","layer":"mines","layer_title":"Рудники, копи, промыслы","group":"economy","title":"Mayak mine","category":"рудник","place_text":"Красноярский край","region":"Красноярский край","date_precision":"unknown","date_approx":false,"url":"https://www.wikidata.org/wiki/Q16964407","source":"Викиданные","source_id":"Q16964407","license":"CC0 (Викиданные)","confidence":"ok"}},{"type":"Feature","id":"mines:935b72267eca","geometry":{"type":"Point","coordinates":[58.633333,52.683333]},"properties":{"uid":"mines:935b72267eca","layer":"mines","layer_title":"Рудники, копи, промыслы","group":"economy","title":"Sibaysky mine","category":"рудник","place_text":"Башкортостан","region":"Башкортостан","date_precision":"unknown","date_approx":false,"url":"https://www.wikidata.org/wiki/Q16964894","source":"Викиданные","source_id":"Q16964894","license":"CC0 (Викиданные)","confidence":"ok"}},{"type":"Feature","id":"mines:bd89c7dc2b4c","geometry":{"type":"Point","coordinates":[30.7061,69.4183]},"properties":{"uid":"mines:bd89c7dc2b4c","layer":"mines","layer_title":"Рудники, копи, промыслы","group":"economy","title":"Severny mine","category":"рудник","place_text":"Мурманская область","region":"Мурманская область","date_precision":"unknown","date_approx":false,"url":"https://www.wikidata.org/wiki/Q16964960","source":"Викиданные","source_id":"Q16964960","license":"CC0 (Викиданные)","confidence":"ok"}},{"type":"Feature","id":"mines:906bd9bff5b2","geometry":{"type":"Point","coordinates":[81.434559,50.991427]},"properties":{"uid":"mines:906bd9bff5b2","layer":"mines","layer_title":"Рудники, копи, промыслы","group":"economy","title":"Zolotushinsky mine","category":"рудник","place_text":"Алтайский край","region":"Алтайский край","year_from":1751,"year_to":1960,"date_precision":"open","date_approx":true,"period_raw":"с 1751","url":"https://www.wikidata.org/wiki/Q16965049","source":"Викиданные","source_id":"Q16965049","license":"CC0 (Викиданные)","confidence":"ok"}},{"type":"Feature","id":"mines:d37b71f9dae0","geometry":{"type":"Point","coordinates":[59.391944,57.131944]},"properties":{"uid":"mines:d37b71f9dae0","layer":"mines","layer_title":"Рудники, копи, промыслы","group":"economy","title":"Uchalinsky mine","category":"рудник","place_text":"Башкортостан","region":"Башкортостан","date_precision":"unknown","date_approx":false,"url":"https://www.wikidata.org/wiki/Q16965071","source":"Викиданные","source_id":"Q16965071","license":"CC0 (Викиданные)","confidence":"ok"}},{"type":"Feature","id":"mines:e0172c14a37e","geometry":{"type":"Point","coordinates":[88.16,69.285]},"properties":{"uid":"mines:e0172c14a37e","layer":"mines","layer_title":"Рудники, копи, промыслы","group":"economy","title":"Zapolyarny mine","category":"рудник","place_text":"Красноярский край","region":"Красноярский край","date_precision":"unknown","date_approx":false,"url":"https://www.wikidata.org/wiki/Q16965191","source":"Викиданные","source_id":"Q16965191","license":"CC0 (Викиданные)","confidence":"ok"}},{"type":"Feature","id":"mines:e957b3aefde4","geometry":{"type":"Point","coordinates":[155.289528,62.571917]},"properties":{"uid":"mines:e957b3aefde4","layer":"mines","layer_title":"Рудники, копи, промыслы","group":"economy","title":"Dukat mine","category":"рудник","place_text":"Магаданская область","region":"Магаданская область","date_precision":"unknown","date_approx":false,"url":"https://www.wikidata.org/wiki/Q16965319","image_url":"http://commons.wikimedia.org/wiki/Special:FilePath/Gallery%2022%20%28%D0%A8%D1%82%D0%BE%D0%BB%D1%8C%D0%BD%D1%8F%20%E2%84%9622%29%2C%20level%20980%20m%20-%20panoramio.jpg","source":"Викиданные","source_id":"Q16965319","license":"CC0 (Викиданные)","confidence":"ok"}},{"type":"Feature","id":"mines:015f0d06a0f8","geometry":{"type":"Point","coordinates":[159.566667,64.558333]},"properties":{"uid":"mines:015f0d06a0f8","layer":"mines","layer_title":"Рудники, копи, промыслы","group":"economy","title":"Omolon mine","category":"рудник","place_text":"Магаданская область","region":"Магаданская область","date_precision":"unknown","date_approx":false,"url":"https://www.wikidata.org/wiki/Q16965345","source":"Викиданные","source_id":"Q16965345","license":"CC0 (Викиданные)","confidence":"ok"}},{"type":"Feature","id":"mines:e1077adb3f43","geometry":{"type":"Point","coordinates":[30.5,64.716667]},"properties":{"uid":"mines:e1077adb3f43","layer":"mines","layer_title":"Рудники, копи, промыслы","group":"economy","title":"Kostomuksha mine","category":"рудник","place_text":"Карелия","region":"Карелия","date_precision":"unknown","date_approx":false,"url":"https://www.wikidata.org/wiki/Q16965427","source":"Викиданные","source_id":"Q16965427","license":"CC0 (Викиданные)","confidence":"ok"}},{"type":"Feature","id":"mines:935226bcf7c7","geometry":{"type":"Point","coordinates":[155.653611,62.009444]},"properties":{"uid":"mines:935226bcf7c7","layer":"mines","layer_title":"Рудники, копи, промыслы","group":"economy","title":"Goltsovoye mine","category":"рудник","place_text":"Магаданская область","region":"Магаданская область","date_precision":"unknown","date_approx":false,"url":"https://www.wikidata.org/wiki/Q16965509","image_url":"http://commons.wikimedia.org/wiki/Special:FilePath/View%20on%20%22Goltcovoe%22%20camp%2C%20Omsukchan%20District%20-%20panoramio.jpg","source":"Викиданные","source_id":"Q16965509","license":"CC0 (Викиданные)","confidence":"ok"}},{"type":"Feature","id":"mines:355cf999f6ae","geometry":{"type":"Point","coordinates":[134.733,69.683]},"properties":{"uid":"mines:355cf999f6ae","layer":"mines","layer_title":"Рудники, копи, промыслы","group":"economy","title":"Кючус","category":"рудник","date_precision":"unknown","date_approx":false,"url":"https://ru.wikipedia.org/wiki/%D0%9A%D1%8E%D1%87%D1%83%D1%81","source":"Викиданные","source_id":"Q16965627","license":"CC0 (Викиданные)","confidence":"ok"}},{"type":"Feature","id":"mines:9c9590bc044b","geometry":{"type":"Point","coordinates":[39.728,62.573]},"properties":{"uid":"mines:9c9590bc044b","layer":"mines","layer_title":"Рудники, копи, промыслы","group":"economy","title":"North Onezhsky mine","category":"рудник","place_text":"Архангельская область","region":"Архангельская область","date_precision":"unknown","date_approx":false,"url":"https://www.wikidata.org/wiki/Q16965949","source":"Викиданные","source_id":"Q16965949","license":"CC0 (Викиданные)","confidence":"ok"}},{"type":"Feature","id":"mines:50d3c4031f82","geometry":{"type":"Point","coordinates":[33.25,68.5833]},"properties":{"uid":"mines:50d3c4031f82","layer":"mines","layer_title":"Рудники, копи, промыслы","group":"economy","title":"Western Zhdanovskoye mine","category":"рудник","place_text":"Мурманская область","region":"Мурманская область","date_precision":"unknown","date_approx":false,"url":"https://www.wikidata.org/wiki/Q16966052","source":"Викиданные","source_id":"Q16966052","license":"CC0 (Викиданные)","confidence":"ok"}},{"type":"Feature","id":"mines:66f0603f6d34","geometry":{"type":"Point","coordinates":[88.34007,69.5248]},"properties":{"uid":"mines:66f0603f6d34","layer":"mines","layer_title":"Рудники, копи, промыслы","group":"economy","title":"Oktyabrskoye mine","category":"рудник","place_text":"Красноярский край","region":"Красноярский край","date_precision":"unknown","date_approx":false,"url":"https://www.wikidata.org/wiki/Q16966215","source":"Викиданные","source_id":"Q16966215","license":"CC0 (Викиданные)","confidence":"ok"}},{"type":"Feature","id":"mines:a1d53fe29014","geometry":{"type":"Point","coordinates":[74.2983,51.8543]},"properties":{"uid":"mines:a1d53fe29014","layer":"mines","layer_title":"Рудники, копи, промыслы","group":"economy","title":"Месторождение Бозшаколь","category":"рудник","place_text":"Северо-Казахстанская область","region":"Северо-Казахстанская область","date_precision":"unknown","date_approx":false,"url":"https://ru.wikipedia.org/wiki/%D0%91%D0%BE%D0%B7%D1%88%D0%B0%D0%BA%D0%BE%D0%BB%D1%8C_(%D0%BC%D0%B5%D1%81%D1%82%D0%BE%D1%80%D0%BE%D0%B6%D0%B4%D0%B5%D0%BD%D0%B8%D0%B5)","source":"Викиданные","source_id":"Q16968999","license":"CC0 (Викиданные)","confidence":"ok"}},{"type":"Feature","id":"mines:0500c16d86e3","geometry":{"type":"Point","coordinates":[86.433333,65.85]},"properties":{"uid":"mines:0500c16d86e3","layer":"mines","layer_title":"Рудники, копи, промыслы","group":"economy","title":"Turukhanskoye mine","category":"рудник","place_text":"Красноярский край","region":"Красноярский край","date_precision":"unknown","date_approx":false,"url":"https://www.wikidata.org/wiki/Q16969102","source":"Викиданные","source_id":"Q16969102","license":"CC0 (Викиданные)","confidence":"ok"}},{"type":"Feature","id":"mines:a7964c7e2ddc","geometry":{"type":"Point","coordinates":[119.283333,58.316667]},"properties":{"uid":"mines:a7964c7e2ddc","layer":"mines","layer_title":"Рудники, копи, промыслы","group":"economy","title":"Tarynnakh mine","category":"рудник","place_text":"Якутия","region":"Якутия","date_precision":"unknown","date_approx":false,"url":"https://www.wikidata.org/wiki/Q16969358","source":"Викиданные","source_id":"Q16969358","license":"CC0 (Викиданные)","confidence":"ok"}},{"type":"Feature","id":"mines:f84034d6a69f","geometry":{"type":"Point","coordinates":[136.5,68.25]},"properties":{"uid":"mines:f84034d6a69f","layer":"mines","layer_title":"Рудники, копи, промыслы","group":"economy","title":"Derbeke-Nelgesinsky mine","category":"рудник","place_text":"Якутия","region":"Якутия","date_precision":"unknown","date_approx":false,"url":"https://www.wikidata.org/wiki/Q16969361","source":"Викиданные","source_id":"Q16969361","license":"CC0 (Викиданные)","confidence":"ok"}},{"type":"Feature","id":"mines:25b86ecc7eaa","geometry":{"type":"Point","coordinates":[87.566667,52.55]},"properties":{"uid":"mines:25b86ecc7eaa","layer":"mines","layer_title":"Рудники, копи, промыслы","group":"economy","title":"Sheregesh mine","category":"рудник","place_text":"Кемеровская область","region":"Кемеровская область","date_precision":"unknown","date_approx":false,"url":"https://www.wikidata.org/wiki/Q16969484","source":"Викиданные","source_id":"Q16969484","license":"CC0 (Викиданные)","confidence":"ok"}},{"type":"Feature","id":"mines:e8f2b408704d","geometry":{"type":"Point","coordinates":[33.69937,49.15234]},"properties":{"uid":"mines:e8f2b408704d","layer":"mines","layer_title":"Рудники, копи, промыслы","group":"economy","title":"Белановское месторождение","category":"рудное месторождение","date_precision":"unknown","date_approx":false,"url":"https://ru.wikipedia.org/wiki/%D0%91%D0%B5%D0%BB%D0%B0%D0%BD%D0%BE%D0%B2%D1%81%D0%BA%D0%BE%D0%B5_%D0%BC%D0%B5%D1%81%D1%82%D0%BE%D1%80%D0%BE%D0%B6%D0%B4%D0%B5%D0%BD%D0%B8%D0%B5","source":"Викиданные","source_id":"Q16976008","license":"CC0 (Викиданные)","confidence":"ok"}},{"type":"Feature","id":"mines:63b8c24525f2","geometry":{"type":"Point","coordinates":[30.018424,48.211613]},"properties":{"uid":"mines:63b8c24525f2","layer":"mines","layer_title":"Рудники, копи, промыслы","group":"economy","title":"Zavalye graphite deposit","category":"месторождение графита","place_text":"Савранский район","region":"Савранский район","date_precision":"unknown","date_approx":false,"url":"https://www.wikidata.org/wiki/Q16976278","image_url":"http://commons.wikimedia.org/wiki/Special:FilePath/%D0%97%D0%B0%D0%B2%D0%B0%D0%BB%D0%BB%D1%96%D0%B2%D1%81%D1%8C%D0%BA%D0%B8%D0%B9%20%D0%B3%D1%80%D0%B0%D1%84%D1%96%D1%82%D0%BE%D0%B2%D0%B8%D0%B9%20%D0%BA%D0%B0%D1%80%60%D1%94%D1%80%2C%20%D0%9A%D1%96%D1%80%D0%BE%D0%B2%D0%BE%D0%B3%D1%80%D0%B0%D0%B4%D1%81%D1%8C%D0%BA%D0%B0%20%D0%BE%D0%B1%D0%BB%D0%B0%D1%81%D1%82%D1%8C.jpg","source":"Викиданные","source_id":"Q16976278","license":"CC0 (Викиданные)","confidence":"ok"}},{"type":"Feature","id":"mines:c1f05c949e7d","geometry":{"type":"Point","coordinates":[89.333333,53.166667]},"properties":{"uid":"mines:c1f05c949e7d","layer":"mines","layer_title":"Рудники, копи, промыслы","group":"economy","title":"Teiskoye mine","category":"рудник","place_text":"Якутия","region":"Якутия","date_precision":"unknown","date_approx":false,"url":"https://www.wikidata.org/wiki/Q16976337","source":"Викиданные","source_id":"Q16976337","license":"CC0 (Викиданные)","confidence":"ok"}},{"type":"Feature","id":"mines:82ede8b1cb9f","geometry":{"type":"Point","coordinates":[75.65,57.566667]},"properties":{"uid":"mines:82ede8b1cb9f","layer":"mines","layer_title":"Рудники, копи, промыслы","group":"economy","title":"Vasyugan deposit","category":"рудник","date_precision":"unknown","date_approx":false,"url":"https://www.wikidata.org/wiki/Q16976368","source":"Викиданные","source_id":"Q16976368","license":"CC0 (Викиданные)","confidence":"ok"}},{"type":"Feature","id":"mines:0af732fface0","geometry":{"type":"Point","coordinates":[44.7995,40.57716]},"properties":{"uid":"mines:0af732fface0","layer":"mines","layer_title":"Рудники, копи, промыслы","group":"economy","title":"Hrazdan mine","category":"рудник","place_text":"Котайкская область","region":"Котайкская область","date_precision":"unknown","date_approx":false,"url":"https://www.wikidata.org/wiki/Q16976683","source":"Викиданные","source_id":"Q16976683","license":"CC0 (Викиданные)","confidence":"ok"}},{"type":"Feature","id":"mines:1d3a8dca30b2","geometry":{"type":"Point","coordinates":[68.149,44.343]},"properties":{"uid":"mines:1d3a8dca30b2","layer":"mines","layer_title":"Рудники, копи, промыслы","group":"economy","title":"Karatau mine","category":"рудник","place_text":"Туркестанская область","region":"Туркестанская область","date_precision":"unknown","date_approx":false,"url":"https://www.wikidata.org/wiki/Q16976752","image_url":"http://commons.wikimedia.org/wiki/Special:FilePath/Steppe%20of%20western%20Kazakhstan%20in%20the%20early%20spring.jpg","source":"Викиданные","source_id":"Q16976752","license":"CC0 (Викиданные)","confidence":"ok"}},{"type":"Feature","id":"mines:80b4b7fccb8a","geometry":{"type":"Point","coordinates":[113.6675,70.934444]},"properties":{"uid":"mines:80b4b7fccb8a","layer":"mines","layer_title":"Рудники, копи, промыслы","group":"economy","title":"Ebelyakh River diamond mine","category":"рудник","place_text":"Якутия","region":"Якутия","date_precision":"unknown","date_approx":false,"url":"https://www.wikidata.org/wiki/Q16977116","source":"Викиданные","source_id":"Q16977116","license":"CC0 (Викиданные)","confidence":"ok"}},{"type":"Feature","id":"mines:cdaba95a6b17","geometry":{"type":"Point","coordinates":[82.216667,51.183333]},"properties":{"uid":"mines:cdaba95a6b17","layer":"mines","layer_title":"Рудники, копи, промыслы","group":"economy","title":"Korbalikhinskoye mine","category":"рудник","place_text":"Новосибирская область","region":"Новосибирская область","date_precision":"unknown","date_approx":false,"url":"https://www.wikidata.org/wiki/Q16977334","source":"Викиданные","source_id":"Q16977334","license":"CC0 (Викиданные)","confidence":"ok"}},{"type":"Feature","id":"mines:6e52cff6dd0d","geometry":{"type":"Point","coordinates":[67.495,45.168]},"properties":{"uid":"mines:6e52cff6dd0d","layer":"mines","layer_title":"Рудники, копи, промыслы","group":"economy","title":"South Inkai mine","category":"рудник","place_text":"Туркестанская область","region":"Туркестанская область","date_precision":"unknown","date_approx":false,"url":"https://www.wikidata.org/wiki/Q16977734","image_url":"http://commons.wikimedia.org/wiki/Special:FilePath/Steppe%20of%20western%20Kazakhstan%20in%20the%20early%20spring.jpg","source":"Викиданные","source_id":"Q16977734","license":"CC0 (Викиданные)","confidence":"ok"}},{"type":"Feature","id":"mines:6523c9458bd2","geometry":{"type":"Point","coordinates":[118.012271,50.172219]},"properties":{"uid":"mines:6523c9458bd2","layer":"mines","layer_title":"Рудники, копи, промыслы","group":"economy","title":"Priargunsky mine","category":"рудник","date_precision":"unknown","date_approx":false,"url":"https://www.wikidata.org/wiki/Q16977735","source":"Викиданные","source_id":"Q16977735","license":"CC0 (Викиданные)","confidence":"ok"}},{"type":"Feature","id":"mines:52ee39ee38ef","geometry":{"type":"Point","coordinates":[66.859928,43.843028]},"properties":{"uid":"mines:52ee39ee38ef","layer":"mines","layer_title":"Рудники, копи, промыслы","group":"economy","title":"Kharasan mine","category":"рудник","place_text":"Туркестанская область","region":"Туркестанская область","date_precision":"unknown","date_approx":false,"url":"https://www.wikidata.org/wiki/Q16978366","image_url":"http://commons.wikimedia.org/wiki/Special:FilePath/Steppe%20of%20western%20Kazakhstan%20in%20the%20early%20spring.jpg","source":"Викиданные","source_id":"Q16978366","license":"CC0 (Викиданные)","confidence":"ok"}},{"type":"Feature","id":"mines:2de3367ae6f0","geometry":{"type":"Point","coordinates":[109.816667,56.216667]},"properties":{"uid":"mines:2de3367ae6f0","layer":"mines","layer_title":"Рудники, копи, промыслы","group":"economy","title":"Kholodninsky mine","category":"рудник","place_text":"Бурятия","region":"Бурятия","date_precision":"unknown","date_approx":false,"url":"https://www.wikidata.org/wiki/Q16979199","source":"Викиданные","source_id":"Q16979199","license":"CC0 (Викиданные)","confidence":"ok"}},{"type":"Feature","id":"mines:089fe4ed3295","geometry":{"type":"Point","coordinates":[68.011077,42.283057]},"properties":{"uid":"mines:089fe4ed3295","layer":"mines","layer_title":"Рудники, копи, промыслы","group":"economy","title":"Zarechnoye mine","category":"рудник","place_text":"Туркестанская область","region":"Туркестанская область","date_precision":"unknown","date_approx":false,"url":"https://www.wikidata.org/wiki/Q16979252","image_url":"http://commons.wikimedia.org/wiki/Special:FilePath/Steppe%20of%20western%20Kazakhstan%20in%20the%20early%20spring.jpg","source":"Викиданные","source_id":"Q16979252","license":"CC0 (Викиданные)","confidence":"ok"}},{"type":"Feature","id":"mines:13b737223c39","geometry":{"type":"Point","coordinates":[171.983333,69.516667]},"properties":{"uid":"mines:13b737223c39","layer":"mines","layer_title":"Рудники, копи, промыслы","group":"economy","title":"Pyrkakay mine","category":"рудник","place_text":"Чукотский автономный округ","region":"Чукотский автономный округ","date_precision":"unknown","date_approx":false,"url":"https://www.wikidata.org/wiki/Q16979627","source":"Викиданные","source_id":"Q16979627","license":"CC0 (Викиданные)","confidence":"ok"}},{"type":"Feature","id":"mines:0647a1ab9060","geometry":{"type":"Point","coordinates":[55.313333,68.156111]},"properties":{"uid":"mines:0647a1ab9060","layer":"mines","layer_title":"Рудники, копи, промыслы","group":"economy","title":"Южно-Хыльчуюское нефтегазовое месторождение","category":"нефтяное месторождение","place_text":"Тимано-Печорская нефтегазоносная провинция","region":"Тимано-Печорская нефтегазоносная провинция","date_precision":"unknown","date_approx":false,"url":"https://ru.wikipedia.org/wiki/%D0%AE%D0%B6%D0%BD%D0%BE-%D0%A5%D1%8B%D0%BB%D1%8C%D1%87%D1%83%D1%8E%D1%81%D0%BA%D0%BE%D0%B5_%D0%BD%D0%B5%D1%84%D1%82%D0%B5%D0%B3%D0%B0%D0%B7%D0%BE%D0%B2%D0%BE%D0%B5_%D0%BC%D0%B5%D1%81%D1%82%D0%BE%D1%80%D0%BE%D0%B6%D0%B4%D0%B5%D0%BD%D0%B8%D0%B5","source":"Викиданные","source_id":"Q17037971","license":"CC0 (Викиданные)","confidence":"ok"}},{"type":"Feature","id":"mines:eea87daaadab","geometry":{"type":"Point","coordinates":[46.13649,39.1445]},"properties":{"uid":"mines:eea87daaadab","layer":"mines","layer_title":"Рудники, копи, промыслы","group":"economy","title":"Kapan mine","category":"рудник","place_text":"Сюникская область","region":"Сюникская область","date_precision":"unknown","date_approx":false,"url":"https://www.wikidata.org/wiki/Q17056907","image_url":"http://commons.wikimedia.org/wiki/Special:FilePath/Kapan%2CDundee-mine1.jpg","source":"Викиданные","source_id":"Q17056907","license":"CC0 (Викиданные)","confidence":"ok"}},{"type":"Feature","id":"mines:6e76f90bb95a","geometry":{"type":"Point","coordinates":[44.393472,41.386561]},"properties":{"uid":"mines:6e76f90bb95a","layer":"mines","layer_title":"Рудники, копи, промыслы","group":"economy","title":"Sakdrisi","category":"рудник","date_precision":"unknown","date_approx":false,"url":"https://www.wikidata.org/wiki/Q17081159","source":"Викиданные","source_id":"Q17081159","license":"CC0 (Викиданные)","confidence":"ok"}},{"type":"Feature","id":"mines:89b0b453f09e","geometry":{"type":"Point","coordinates":[64.5775,41.49583]},"properties":{"uid":"mines:89b0b453f09e","layer":"mines","layer_title":"Рудники, копи, промыслы","group":"economy","title":"Мурунтау (месторождение)","category":"рудник","place_text":"Тамдынский район","region":"Тамдынский район","date_precision":"unknown","date_approx":false,"url":"https://ru.wikipedia.org/wiki/%D0%9C%D1%83%D1%80%D1%83%D0%BD%D1%82%D0%B0%D1%83","image_url":"http://commons.wikimedia.org/wiki/Special:FilePath/Muruntov%20mine.JPG","source":"Викиданные","source_id":"Q17489307","license":"CC0 (Викиданные)","confidence":"ok"}},{"type":"Feature","id":"mines:5acfbbae16b5","geometry":{"type":"Point","coordinates":[36.55,62.183333]},"properties":{"uid":"mines:5acfbbae16b5","layer":"mines","layer_title":"Рудники, копи, промыслы","group":"economy","title":"Аганозерское месторождение","category":"месторождение полезных ископаемых","date_precision":"unknown","date_approx":false,"url":"https://ru.wikipedia.org/wiki/%D0%90%D0%B3%D0%B0%D0%BD%D0%BE%D0%B7%D0%B5%D1%80%D1%81%D0%BA%D0%BE%D0%B5_%D0%BC%D0%B5%D1%81%D1%82%D0%BE%D1%80%D0%BE%D0%B6%D0%B4%D0%B5%D0%BD%D0%B8%D0%B5","source":"Викиданные","source_id":"Q18212266","license":"CC0 (Викиданные)","confidence":"ok"}},{"type":"Feature","id":"mines:c0d8f3707dac","geometry":{"type":"Point","coordinates":[37.69,51.252]},"properties":{"uid":"mines:c0d8f3707dac","layer":"mines","layer_title":"Рудники, копи, промыслы","group":"economy","title":"Лебединское железорудное месторождение","category":"месторождение полезных ископаемых","date_precision":"unknown","date_approx":false,"url":"https://ru.wikipedia.org/wiki/%D0%9B%D0%B5%D0%B1%D0%B5%D0%B4%D0%B8%D0%BD%D1%81%D0%BA%D0%BE%D0%B5_%D0%B6%D0%B5%D0%BB%D0%B5%D0%B7%D0%BE%D1%80%D1%83%D0%B4%D0%BD%D0%BE%D0%B5_%D0%BC%D0%B5%D1%81%D1%82%D0%BE%D1%80%D0%BE%D0%B6%D0%B4%D0%B5%D0%BD%D0%B8%D0%B5","source":"Викиданные","source_id":"Q18212286","license":"CC0 (Викиданные)","confidence":"ok"}},{"type":"Feature","id":"mines:92300489eb2b","geometry":{"type":"Point","coordinates":[38.1,48.6833]},"properties":{"uid":"mines:92300489eb2b","layer":"mines","layer_title":"Рудники, копи, промыслы","group":"economy","title":"Soledar Salt Mine","category":"рудник","place_text":"Донецкая область","region":"Донецкая область","date_precision":"unknown","date_approx":false,"url":"https://www.wikidata.org/wiki/Q18331668","image_url":"http://commons.wikimedia.org/wiki/Special:FilePath/%D0%95%D0%BA%D1%81%D0%BA%D1%83%D1%80%D1%81%D1%96%D0%B9%D0%BD%D0%B0%20%D1%88%D0%B0%D1%85%D1%82%D0%B0.jpg","source":"Викиданные","source_id":"Q18331668","license":"CC0 (Викиданные)","confidence":"ok"}},{"type":"Feature","id":"mines:e520b1a9fa49","geometry":{"type":"Point","coordinates":[69.208,44.508]},"properties":{"uid":"mines:e520b1a9fa49","layer":"mines","layer_title":"Рудники, копи, промыслы","group":"economy","title":"Q18574552","category":"рудник","date_precision":"unknown","date_approx":false,"url":"https://www.wikidata.org/wiki/Q18574552","image_url":"http://commons.wikimedia.org/wiki/Special:FilePath/Steppe%20of%20western%20Kazakhstan%20in%20the%20early%20spring.jpg","source":"Викиданные","source_id":"Q18574552","license":"CC0 (Викиданные)","confidence":"ok"}},{"type":"Feature","id":"mines:2e344e28baea","geometry":{"type":"Point","coordinates":[22.89089,58.539576]},"properties":{"uid":"mines:2e344e28baea","layer":"mines","layer_title":"Рудники, копи, промыслы","group":"economy","title":"Tagavere quarry","category":"строительный карьер","place_text":"Сааремаа","region":"Сааремаа","date_precision":"unknown","date_approx":false,"url":"https://www.wikidata.org/wiki/Q18624582","source":"Викиданные","source_id":"Q18624582","license":"CC0 (Викиданные)","confidence":"ok"}},{"type":"Feature","id":"mines:fc2585b627dd","geometry":{"type":"Point","coordinates":[26.140963,59.154372]},"properties":{"uid":"mines:fc2585b627dd","layer":"mines","layer_title":"Рудники, копи, промыслы","group":"economy","title":"Tamsalu quarry","category":"строительный карьер","place_text":"Волость Тапа","region":"Волость Тапа","date_precision":"unknown","date_approx":false,"url":"https://www.wikidata.org/wiki/Q18626048","source":"Викиданные","source_id":"Q18626048","license":"CC0 (Викиданные)","confidence":"ok"}},{"type":"Feature","id":"mines:f6ec5520593d","geometry":{"type":"Point","coordinates":[20.4212,49.8094]},"properties":{"uid":"mines:f6ec5520593d","layer":"mines","layer_title":"Рудники, копи, промыслы","group":"economy","title":"Q19400764","category":"строительный карьер","date_precision":"unknown","date_approx":false,"url":"https://www.wikidata.org/wiki/Q19400764","source":"Викиданные","source_id":"Q19400764","license":"CC0 (Викиданные)","confidence":"ok"}},{"type":"Feature","id":"mines:4936768596f1","geometry":{"type":"Point","coordinates":[20.920833,49.879722]},"properties":{"uid":"mines:4936768596f1","layer":"mines","layer_title":"Рудники, копи, промыслы","group":"economy","title":"Q19844467","category":"строительный карьер","place_text":"Lichwin, Lesser Poland Voivodeship","region":"Lichwin, Lesser Poland Voivodeship","date_precision":"unknown","date_approx":false,"url":"https://www.wikidata.org/wiki/Q19844467","image_url":"http://commons.wikimedia.org/wiki/Special:FilePath/Kamienio%C5%82om%20w%20Lichwinie%202PR3.jpg","source":"Викиданные","source_id":"Q19844467","license":"CC0 (Викиданные)","confidence":"ok"}},{"type":"Feature","id":"mines:fe539b0c0519","geometry":{"type":"Point","coordinates":[71.06472,41.258582]},"properties":{"uid":"mines:fe539b0c0519","layer":"mines","layer_title":"Рудники, копи, промыслы","group":"economy","title":"Бозымчак","category":"рудник","place_text":"Джалал-Абадская область","region":"Джалал-Абадская область","date_precision":"unknown","date_approx":false,"url":"https://ru.wikipedia.org/wiki/%D0%91%D0%BE%D0%B7%D1%8B%D0%BC%D1%87%D0%B0%D0%BA","source":"Викиданные","source_id":"Q19861347","license":"CC0 (Викиданные)","confidence":"ok"}},{"type":"Feature","id":"mines:d5e97388a9ff","geometry":{"type":"Point","coordinates":[110.5672,59.6508]},"properties":{"uid":"mines:d5e97388a9ff","layer":"mines","layer_title":"Рудники, копи, промыслы","group":"economy","title":"Алинское газонефтяное месторождение","category":"месторождение нефти и газа","date_precision":"unknown","date_approx":false,"url":"https://ru.wikipedia.org/wiki/%D0%90%D0%BB%D0%B8%D0%BD%D1%81%D0%BA%D0%BE%D0%B5_%D0%B3%D0%B0%D0%B7%D0%BE%D0%BD%D0%B5%D1%84%D1%82%D1%8F%D0%BD%D0%BE%D0%B5_%D0%BC%D0%B5%D1%81%D1%82%D0%BE%D1%80%D0%BE%D0%B6%D0%B4%D0%B5%D0%BD%D0%B8%D0%B5","source":"Викиданные","source_id":"Q19906980","license":"CC0 (Викиданные)","confidence":"ok"}},{"type":"Feature","id":"mines:b59d71760dc6","geometry":{"type":"Point","coordinates":[124.59278,56.71056]},"properties":{"uid":"mines:b59d71760dc6","layer":"mines","layer_title":"Рудники, копи, промыслы","group":"economy","title":"Разрез \"Нерюнгринский\"","category":"opencast mine","date_precision":"unknown","date_approx":false,"url":"https://www.wikidata.org/wiki/Q19908673","source":"Викиданные","source_id":"Q19908673","license":"CC0 (Викиданные)","confidence":"ok"}},{"type":"Feature","id":"mines:4e9dad851a16","geometry":{"type":"Point","coordinates":[67.20556,70.53333]},"properties":{"uid":"mines:4e9dad851a16","layer":"mines","layer_title":"Рудники, копи, промыслы","group":"economy","title":"Крузенштернское газоконденсатное месторождение","category":"газоконденсатное месторождение","date_precision":"unknown","date_approx":false,"url":"https://ru.wikipedia.org/wiki/%D0%9A%D1%80%D1%83%D0%B7%D0%B5%D0%BD%D1%88%D1%82%D0%B5%D1%80%D0%BD%D1%81%D0%BA%D0%BE%D0%B5_%D0%B3%D0%B0%D0%B7%D0%BE%D0%BA%D0%BE%D0%BD%D0%B4%D0%B5%D0%BD%D1%81%D0%B0%D1%82%D0%BD%D0%BE%D0%B5_%D0%BC%D0%B5%D1%81%D1%82%D0%BE%D1%80%D0%BE%D0%B6%D0%B4%D0%B5%D0%BD%D0%B8%D0%B5","source":"Викиданные","source_id":"Q19909745","license":"CC0 (Викиданные)","confidence":"ok"}},{"type":"Feature","id":"mines:e12ee6347dea","geometry":{"type":"Point","coordinates":[179.258889,63.064167]},"properties":{"uid":"mines:e12ee6347dea","layer":"mines","layer_title":"Рудники, копи, промыслы","group":"economy","title":"Месторождение Бухта Угольная","category":"угольное месторождение","place_text":"Чукотский автономный округ","region":"Чукотский автономный округ","date_precision":"unknown","date_approx":false,"url":"https://ru.wikipedia.org/wiki/%D0%9C%D0%B5%D1%81%D1%82%D0%BE%D1%80%D0%BE%D0%B6%D0%B4%D0%B5%D0%BD%D0%B8%D0%B5_%D0%91%D1%83%D1%85%D1%82%D0%B0_%D0%A3%D0%B3%D0%BE%D0%BB%D1%8C%D0%BD%D0%B0%D1%8F","source":"Викиданные","source_id":"Q19910786","license":"CC0 (Викиданные)","confidence":"ok"}},{"type":"Feature","id":"mines:a6b89767d52b","geometry":{"type":"Point","coordinates":[18.627528,50.040472]},"properties":{"uid":"mines:a6b89767d52b","layer":"mines","layer_title":"Рудники, копи, промыслы","group":"economy","title":"Q20032570","category":"рудник","place_text":"Жоры","region":"Жоры","year_from":1973,"year_to":1997,"date_precision":"year","date_approx":false,"period_raw":"1973–1997","url":"https://www.wikidata.org/wiki/Q20032570","source":"Викиданные","source_id":"Q20032570","license":"CC0 (Викиданные)","confidence":"ok"}},{"type":"Feature","id":"mines:d189443a20f1","geometry":{"type":"Point","coordinates":[18.390556,50.045]},"properties":{"uid":"mines:d189443a20f1","layer":"mines","layer_title":"Рудники, копи, промыслы","group":"economy","title":"Anna coal mine","category":"рудник","place_text":"Пшув","region":"Пшув","year_from":1832,"year_to":1960,"date_precision":"open","date_approx":true,"period_raw":"с 1832","url":"https://www.wikidata.org/wiki/Q20032568","image_url":"http://commons.wikimedia.org/wiki/Special:FilePath/Jan%20shaft.jpg","source":"Викиданные","source_id":"Q20032568","license":"CC0 (Викиданные)","confidence":"ok"}},{"type":"Feature","id":"mines:48ac4143ec63","geometry":{"type":"Point","coordinates":[18.436111,50.0675]},"properties":{"uid":"mines:48ac4143ec63","layer":"mines","layer_title":"Рудники, копи, промыслы","group":"economy","title":"Q20032569","category":"рудник","year_from":1806,"year_to":1960,"date_precision":"open","date_approx":true,"period_raw":"с 1806","url":"https://www.wikidata.org/wiki/Q20032569","image_url":"http://commons.wikimedia.org/wiki/Special:FilePath/KWK%20Rydultowy-Anna%20szyb%20Leon%20IV.jpg","source":"Викиданные","source_id":"Q20032569","license":"CC0 (Викиданные)","confidence":"ok"}},{"type":"Feature","id":"mines:21100d266adc","geometry":{"type":"Point","coordinates":[20.976667,49.81]},"properties":{"uid":"mines:21100d266adc","layer":"mines","layer_title":"Рудники, копи, промыслы","group":"economy","title":"Kamieniołom Tursko","category":"строительный карьер","date_precision":"unknown","date_approx":false,"url":"https://www.wikidata.org/wiki/Q20033794","image_url":"http://commons.wikimedia.org/wiki/Special:FilePath/Kamienio%C5%82om%20Tursko%203PR4.jpg","source":"Викиданные","source_id":"Q20033794","license":"CC0 (Викиданные)","confidence":"ok"}},{"type":"Feature","id":"mines:ab6ef7bf08a0","geometry":{"type":"Point","coordinates":[23.496993,49.348476]},"properties":{"uid":"mines:ab6ef7bf08a0","layer":"mines","layer_title":"Рудники, копи, промыслы","group":"economy","title":"Дрогобыцкий солеварный завод","category":"солеварня","place_text":"Дрогобыч","region":"Дрогобыч","year_from":1250,"year_to":1960,"date_precision":"open","date_approx":true,"period_raw":"с 1250","url":"https://www.wikidata.org/wiki/Q20076493","image_url":"http://commons.wikimedia.org/wiki/Special:FilePath/Zabytki%20Drohobycza%2006.jpg","source":"Викиданные","source_id":"Q20076493","license":"CC0 (Викиданные)","confidence":"ok"}},{"type":"Feature","id":"mines:b1d3c0eaded1","geometry":{"type":"Point","coordinates":[33.094167,47.982778]},"properties":{"uid":"mines:b1d3c0eaded1","layer":"mines","layer_title":"Рудники, копи, промыслы","group":"economy","title":"Q20096021","category":"месторождение полезных ископаемых","date_precision":"unknown","date_approx":false,"url":"https://www.wikidata.org/wiki/Q20096021","source":"Викиданные","source_id":"Q20096021","license":"CC0 (Викиданные)","confidence":"ok"}},{"type":"Feature","id":"mines:e5cbe2102857","geometry":{"type":"Point","coordinates":[25.3144,57.3167]},"properties":{"uid":"mines:e5cbe2102857","layer":"mines","layer_title":"Рудники, копи, промыслы","group":"economy","title":"Lauciņu dolomite quarry","category":"строительный карьер","place_text":"Цесис","region":"Цесис","date_precision":"unknown","date_approx":false,"url":"https://www.wikidata.org/wiki/Q20402668","image_url":"http://commons.wikimedia.org/wiki/Special:FilePath/View%20from%20the%20north%20shore%20to%20the%20east%20of%20Lauci%C5%86u%20quarry.jpg","source":"Викиданные","source_id":"Q20402668","license":"CC0 (Викиданные)","confidence":"ok"}},{"type":"Feature","id":"mines:de5a9f534e9e","geometry":{"type":"Point","coordinates":[67.055,47.760833]},"properties":{"uid":"mines:de5a9f534e9e","layer":"mines","layer_title":"Рудники, копи, промыслы","group":"economy","title":"Кумолинский родусит-асбестовый карьер","category":"месторождение полезных ископаемых","place_text":"Улытауский район","region":"Улытауский район","date_precision":"unknown","date_approx":false,"url":"https://ru.wikipedia.org/wiki/%D0%9A%D1%83%D0%BC%D0%BE%D0%BB%D0%B8%D0%BD%D1%81%D0%BA%D0%B8%D0%B9_%D1%80%D0%BE%D0%B4%D1%83%D1%81%D0%B8%D1%82-%D0%B0%D1%81%D0%B1%D0%B5%D1%81%D1%82%D0%BE%D0%B2%D1%8B%D0%B9_%D0%BA%D0%B0%D1%80%D1%8C%D0%B5%D1%80","image_url":"http://commons.wikimedia.org/wiki/Special:FilePath/%D0%A1%D0%BF%D0%BB%D1%83%D1%82%D0%B0%D0%BD%D0%BE-%D0%B2%D0%BE%D0%BB%D0%BE%D0%BA%D0%B8%D1%81%D1%82%D0%B8%D0%B9%20%D1%80%D0%BE%D0%B4%D1%83%D1%81%D0%B8%D1%82-%D0%B0%D0%B7%D0%B1%D0%B5%D1%81%D1%82.jpg","source":"Викиданные","source_id":"Q20486097","license":"CC0 (Викиданные)","confidence":"ok"}},{"type":"Feature","id":"mines:e02015a2301a","geometry":{"type":"Point","coordinates":[46.197222,39.0]},"properties":{"uid":"mines:e02015a2301a","layer":"mines","layer_title":"Рудники, копи, промыслы","group":"economy","title":"Q20517607","category":"месторождение полезных ископаемых","place_text":"Сюникская область","region":"Сюникская область","year_from":1961,"year_to":1961,"date_precision":"open","date_approx":true,"period_raw":"с 1961","url":"https://www.wikidata.org/wiki/Q20517607","source":"Викиданные","source_id":"Q20517607","license":"CC0 (Викиданные)","confidence":"ok"}},{"type":"Feature","id":"mines:c2059f23cf6d","geometry":{"type":"Point","coordinates":[26.940556,59.350556]},"properties":{"uid":"mines:c2059f23cf6d","layer":"mines","layer_title":"Рудники, копи, промыслы","group":"economy","title":"Kiviõli Mine","category":"рудник","place_text":"Люганузе (волость, 2017)","region":"Люганузе (волость, 2017)","date_precision":"unknown","date_approx":false,"url":"https://www.wikidata.org/wiki/Q20531306","source":"Викиданные","source_id":"Q20531306","license":"CC0 (Викиданные)","confidence":"ok"}},{"type":"Feature","id":"mines:7497b5d23f53","geometry":{"type":"Point","coordinates":[68.0,70.483333]},"properties":{"uid":"mines:7497b5d23f53","layer":"mines","layer_title":"Рудники, копи, промыслы","group":"economy","title":"Yamal project","category":"месторождение природного газа","date_precision":"unknown","date_approx":false,"url":"https://www.wikidata.org/wiki/Q20982578","source":"Викиданные","source_id":"Q20982578","license":"CC0 (Викиданные)","confidence":"ok"}},{"type":"Feature","id":"mines:52efeecf7b26","geometry":{"type":"Point","coordinates":[18.715278,50.274444]},"properties":{"uid":"mines:52efeecf7b26","layer":"mines","layer_title":"Рудники, копи, промыслы","group":"economy","title":"Q21169771","category":"рудник","place_text":"Sośnica","region":"Sośnica","year_from":1917,"year_to":1960,"date_precision":"open","date_approx":true,"period_raw":"с 1917","url":"https://www.wikidata.org/wiki/Q21169771","image_url":"http://commons.wikimedia.org/wiki/Special:FilePath/Sosnica%20Sch%C3%A4chte%20III%20und%20IV.jpg","source":"Викиданные","source_id":"Q21169771","license":"CC0 (Викиданные)","confidence":"ok"}},{"type":"Feature","id":"mines:8687bc953223","geometry":{"type":"Point","coordinates":[45.05,39.970833]},"properties":{"uid":"mines:8687bc953223","layer":"mines","layer_title":"Рудники, копи, промыслы","group":"economy","title":"Q21404265","category":"рудник","place_text":"Араратская область","region":"Араратская область","date_precision":"unknown","date_approx":false,"url":"https://www.wikidata.org/wiki/Q21404265","source":"Викиданные","source_id":"Q21404265","license":"CC0 (Викиданные)","confidence":"ok"}},{"type":"Feature","id":"mines:9f0687a8b270","geometry":{"type":"Point","coordinates":[45.255556,39.734722]},"properties":{"uid":"mines:9f0687a8b270","layer":"mines","layer_title":"Рудники, копи, промыслы","group":"economy","title":"Q21405120","category":"рудник","place_text":"Вайоцдзорская область","region":"Вайоцдзорская область","date_precision":"unknown","date_approx":false,"url":"https://www.wikidata.org/wiki/Q21405120","source":"Викиданные","source_id":"Q21405120","license":"CC0 (Викиданные)","confidence":"ok"}},{"type":"Feature","id":"mines:e59dbe508078","geometry":{"type":"Point","coordinates":[151.367,59.7]},"properties":{"uid":"mines:e59dbe508078","layer":"mines","layer_title":"Рудники, копи, промыслы","group":"economy","title":"Ланковское месторождение бурых углей","category":"месторождение полезных ископаемых","date_precision":"unknown","date_approx":false,"url":"https://ru.wikipedia.org/wiki/%D0%9B%D0%B0%D0%BD%D0%BA%D0%BE%D0%B2%D1%81%D0%BA%D0%BE%D0%B5_%D0%BC%D0%B5%D1%81%D1%82%D0%BE%D1%80%D0%BE%D0%B6%D0%B4%D0%B5%D0%BD%D0%B8%D0%B5_%D0%B1%D1%83%D1%80%D1%8B%D1%85_%D1%83%D0%B3%D0%BB%D0%B5%D0%B9","source":"Викиданные","source_id":"Q21641018","license":"CC0 (Викиданные)","confidence":"ok"}},{"type":"Feature","id":"mines:e09edd77a521","geometry":{"type":"Point","coordinates":[24.197682,59.225897]},"properties":{"uid":"mines:e09edd77a521","layer":"mines","layer_title":"Рудники, копи, промыслы","group":"economy","title":"Rummu Quarry","category":"строительный карьер","place_text":"Ляэне-Харью","region":"Ляэне-Харью","date_precision":"unknown","date_approx":false,"url":"https://www.wikidata.org/wiki/Q21694540","image_url":"http://commons.wikimedia.org/wiki/Special:FilePath/Rummu%20karj%C3%A4%C3%A4r2.jpg","source":"Викиданные","source_id":"Q21694540","license":"CC0 (Викиданные)","confidence":"ok"}},{"type":"Feature","id":"mines:78a8e2d7ef86","geometry":{"type":"Point","coordinates":[27.171944,53.158333]},"properties":{"uid":"mines:78a8e2d7ef86","layer":"mines","layer_title":"Рудники, копи, промыслы","group":"economy","title":"Q21833051","category":"строительный карьер","place_text":"Минская область","region":"Минская область","date_precision":"unknown","date_approx":false,"url":"https://www.wikidata.org/wiki/Q21833051","source":"Викиданные","source_id":"Q21833051","license":"CC0 (Викиданные)","confidence":"ok"}},{"type":"Feature","id":"mines:fe999a313a07","geometry":{"type":"Point","coordinates":[61.498718,57.012141]},"properties":{"uid":"mines:fe999a313a07","layer":"mines","layer_title":"Рудники, копи, промыслы","group":"economy","title":"Q21835970","category":"рудник","date_precision":"unknown","date_approx":false,"url":"https://www.wikidata.org/wiki/Q21835970","image_url":"http://commons.wikimedia.org/wiki/Special:FilePath/%D0%A0%D1%83%D0%B4%D0%BD%D0%B8%D0%BA.jpg","source":"Викиданные","source_id":"Q21835970","license":"CC0 (Викиданные)","confidence":"ok"}},{"type":"Feature","id":"mines:c09335e74f54","geometry":{"type":"Point","coordinates":[61.226978,52.144551]},"properties":{"uid":"mines:c09335e74f54","layer":"mines","layer_title":"Рудники, копи, промыслы","group":"economy","title":"Q21836441","category":"рудник","date_precision":"unknown","date_approx":false,"url":"https://www.wikidata.org/wiki/Q21836441","source":"Викиданные","source_id":"Q21836441","license":"CC0 (Викиданные)","confidence":"ok"}},{"type":"Feature","id":"mines:e11305b0b75c","geometry":{"type":"Point","coordinates":[59.923553,50.99107]},"properties":{"uid":"mines:e11305b0b75c","layer":"mines","layer_title":"Рудники, копи, промыслы","group":"economy","title":"Q21836451","category":"рудник","date_precision":"unknown","date_approx":false,"url":"https://www.wikidata.org/wiki/Q21836451","source":"Викиданные","source_id":"Q21836451","license":"CC0 (Викиданные)","confidence":"ok"}},{"type":"Feature","id":"mines:398b70dfdc73","geometry":{"type":"Point","coordinates":[90.559616,51.194406]},"properties":{"uid":"mines:398b70dfdc73","layer":"mines","layer_title":"Рудники, копи, промыслы","group":"economy","title":"Q21836448","category":"рудник","date_precision":"unknown","date_approx":false,"url":"https://www.wikidata.org/wiki/Q21836448","source":"Викиданные","source_id":"Q21836448","license":"CC0 (Викиданные)","confidence":"ok"}},{"type":"Feature","id":"mines:f7f3505e8592","geometry":{"type":"Point","coordinates":[49.133333,39.533333]},"properties":{"uid":"mines:f7f3505e8592","layer":"mines","layer_title":"Рудники, копи, промыслы","group":"economy","title":"Durov Dag","category":"нефтяное месторождение","date_precision":"unknown","date_approx":false,"url":"https://www.wikidata.org/wiki/Q21979126","source":"Викиданные","source_id":"Q21979126","license":"CC0 (Викиданные)","confidence":"ok"}},{"type":"Feature","id":"mines:430c92d9c16a","geometry":{"type":"Point","coordinates":[49.333333,39.75]},"properties":{"uid":"mines:430c92d9c16a","layer":"mines","layer_title":"Рудники, копи, промыслы","group":"economy","title":"Gamma","category":"нефтяное месторождение","place_text":"Азербайджан","region":"Азербайджан","date_precision":"unknown","date_approx":false,"url":"https://www.wikidata.org/wiki/Q21979127","source":"Викиданные","source_id":"Q21979127","license":"CC0 (Викиданные)","confidence":"ok"}},{"type":"Feature","id":"mines:c2629eca0786","geometry":{"type":"Point","coordinates":[49.3,40.166667]},"properties":{"uid":"mines:c2629eca0786","layer":"mines","layer_title":"Рудники, копи, промыслы","group":"economy","title":"Toragay","category":"нефтяное месторождение","date_precision":"unknown","date_approx":false,"url":"https://www.wikidata.org/wiki/Q21982549","source":"Викиданные","source_id":"Q21982549","license":"CC0 (Викиданные)","confidence":"ok"}},{"type":"Feature","id":"mines:4ebf23fd26c6","geometry":{"type":"Point","coordinates":[19.03837,50.28269]},"properties":{"uid":"mines:4ebf23fd26c6","layer":"mines","layer_title":"Рудники, копи, промыслы","group":"economy","title":"Q22672060","category":"рудник","date_precision":"unknown","date_approx":false,"url":"https://www.wikidata.org/wiki/Q22672060","source":"Викиданные","source_id":"Q22672060","license":"CC0 (Викиданные)","confidence":"ok"}},{"type":"Feature","id":"mines:eb56a90a31e1","geometry":{"type":"Point","coordinates":[18.823031,50.291669]},"properties":{"uid":"mines:eb56a90a31e1","layer":"mines","layer_title":"Рудники, копи, промыслы","group":"economy","title":"Zabrze coal mine","category":"рудник","place_text":"Забже","region":"Забже","year_from":1791,"year_to":2000,"date_precision":"year","date_approx":false,"period_raw":"1791–2000","url":"https://www.wikidata.org/wiki/Q22949132","image_url":"http://commons.wikimedia.org/wiki/Special:FilePath/Zaborze%20Konigin%20Luise%20Grube%20Ostfeld.jpg","source":"Викиданные","source_id":"Q22949132","license":"CC0 (Викиданные)","confidence":"ok"}},{"type":"Feature","id":"mines:c7dda10ec88e","geometry":{"type":"Point","coordinates":[18.86952,50.2788]},"properties":{"uid":"mines:c7dda10ec88e","layer":"mines","layer_title":"Рудники, копи, промыслы","group":"economy","title":"Q22949166","category":"рудник","place_text":"Руда-Слёнская","region":"Руда-Слёнская","date_precision":"unknown","date_approx":false,"url":"https://www.wikidata.org/wiki/Q22949166","image_url":"http://commons.wikimedia.org/wiki/Special:FilePath/Lech%201%20und%202.jpg","source":"Викиданные","source_id":"Q22949166","license":"CC0 (Викиданные)","confidence":"ok"}},{"type":"Feature","id":"mines:8e0cf87c7a33","geometry":{"type":"Point","coordinates":[18.8432,50.29095]},"properties":{"uid":"mines:8e0cf87c7a33","layer":"mines","layer_title":"Рудники, копи, промыслы","group":"economy","title":"Walenty-Wawel coal mine","category":"рудник","place_text":"Руда-Слёнская","region":"Руда-Слёнская","year_from":1931,"year_to":1971,"date_precision":"year","date_approx":false,"period_raw":"1931–1971","url":"https://www.wikidata.org/wiki/Q22949167","image_url":"http://commons.wikimedia.org/wiki/Special:FilePath/Walenty%20Schacht%20Klara.jpg","source":"Викиданные","source_id":"Q22949167","license":"CC0 (Викиданные)","confidence":"ok"}},{"type":"Feature","id":"mines:eb2e683b1bf0","geometry":{"type":"Point","coordinates":[18.79043,50.341506]},"properties":{"uid":"mines:eb2e683b1bf0","layer":"mines","layer_title":"Рудники, копи, промыслы","group":"economy","title":"Mikulczyce coal mine","category":"рудник","place_text":"Забже","region":"Забже","year_from":1906,"year_to":1960,"date_precision":"open","date_approx":true,"period_raw":"с 1906","url":"https://www.wikidata.org/wiki/Q22949164","image_url":"http://commons.wikimedia.org/wiki/Special:FilePath/Mikulczyce%20kopalnia.png","source":"Викиданные","source_id":"Q22949164","license":"CC0 (Викиданные)","confidence":"ok"}},{"type":"Feature","id":"mines:5bf1ee2598ef","geometry":{"type":"Point","coordinates":[19.15793,50.20536]},"properties":{"uid":"mines:5bf1ee2598ef","layer":"mines","layer_title":"Рудники, копи, промыслы","group":"economy","title":"Q22949165","category":"рудник","date_precision":"unknown","date_approx":false,"url":"https://www.wikidata.org/wiki/Q22949165","source":"Викиданные","source_id":"Q22949165","license":"CC0 (Викиданные)","confidence":"ok"}},{"type":"Feature","id":"mines:72ab85998322","geometry":{"type":"Point","coordinates":[18.795526,50.323709]},"properties":{"uid":"mines:72ab85998322","layer":"mines","layer_title":"Рудники, копи, промыслы","group":"economy","title":"Q22949170","category":"рудник","place_text":"Забже","region":"Забже","date_precision":"unknown","date_approx":false,"url":"https://www.wikidata.org/wiki/Q22949170","source":"Викиданные","source_id":"Q22949170","license":"CC0 (Викиданные)","confidence":"ok"}},{"type":"Feature","id":"mines:81e2135be41b","geometry":{"type":"Point","coordinates":[24.447069,57.844774]},"properties":{"uid":"mines:81e2135be41b","layer":"mines","layer_title":"Рудники, копи, промыслы","group":"economy","title":"Q23059120","category":"строительный карьер","place_text":"Айнажская волость","region":"Айнажская волость","date_precision":"unknown","date_approx":false,"url":"https://www.wikidata.org/wiki/Q23059120","source":"Викиданные","source_id":"Q23059120","license":"CC0 (Викиданные)","confidence":"ok"}},{"type":"Feature","id":"mines:034a741d7d17","geometry":{"type":"Point","coordinates":[30.459167,67.589167]},"properties":{"uid":"mines:034a741d7d17","layer":"mines","layer_title":"Рудники, копи, промыслы","group":"economy","title":"Флогопитовый карьер","category":"рудник","place_text":"Ковдор","region":"Ковдор","date_precision":"unknown","date_approx":false,"url":"https://www.wikidata.org/wiki/Q23827729","source":"Викиданные","source_id":"Q23827729","license":"CC0 (Викиданные)","confidence":"ok"}},{"type":"Feature","id":"mines:c491099fa4b9","geometry":{"type":"Point","coordinates":[30.5,67.55]},"properties":{"uid":"mines:c491099fa4b9","layer":"mines","layer_title":"Рудники, копи, промыслы","group":"economy","title":"Железный рудник","category":"рудник","place_text":"Ковдор","region":"Ковдор","date_precision":"unknown","date_approx":false,"url":"https://www.wikidata.org/wiki/Q23828035","source":"Викиданные","source_id":"Q23828035","license":"CC0 (Викиданные)","confidence":"ok"}},{"type":"Feature","id":"mines:0048061b6302","geometry":{"type":"Point","coordinates":[34.0,67.616667]},"properties":{"uid":"mines:0048061b6302","layer":"mines","layer_title":"Рудники, копи, промыслы","group":"economy","title":"карьер Коашва","category":"рудник","place_text":"Коашва","region":"Коашва","date_precision":"unknown","date_approx":false,"url":"https://www.wikidata.org/wiki/Q23848646","source":"Викиданные","source_id":"Q23848646","license":"CC0 (Викиданные)","confidence":"ok"}},{"type":"Feature","id":"mines:65484be93de9","geometry":{"type":"Point","coordinates":[88.454722,69.505556]},"properties":{"uid":"mines:65484be93de9","layer":"mines","layer_title":"Рудники, копи, промыслы","group":"economy","title":"Комсомольский рудник","category":"рудник","date_precision":"unknown","date_approx":false,"url":"https://www.wikidata.org/wiki/Q23924636","source":"Викиданные","source_id":"Q23924636","license":"CC0 (Викиданные)","confidence":"ok"}},{"type":"Feature","id":"mines:f6d37646c2c8","geometry":{"type":"Point","coordinates":[168.866667,67.683333]},"properties":{"uid":"mines:f6d37646c2c8","layer":"mines","layer_title":"Рудники, копи, промыслы","group":"economy","title":"Sentyabr’skoe deposit","category":"рудник","place_text":"Чукотский автономный округ","region":"Чукотский автономный округ","date_precision":"unknown","date_approx":false,"url":"https://www.wikidata.org/wiki/Q24035683","source":"Викиданные","source_id":"Q24035683","license":"CC0 (Викиданные)","confidence":"ok"}},{"type":"Feature","id":"mines:bba313a9919a","geometry":{"type":"Point","coordinates":[73.00333,50.16861]},"properties":{"uid":"mines:bba313a9919a","layer":"mines","layer_title":"Рудники, копи, промыслы","group":"economy","title":"Нурказганский горно-обогатительный комбинат","category":"рудник","year_from":2003,"year_to":2003,"date_precision":"open","date_approx":true,"period_raw":"с 2003","url":"https://ru.wikipedia.org/wiki/%D0%9D%D1%83%D1%80%D0%BA%D0%B0%D0%B7%D0%B3%D0%B0%D0%BD%D1%81%D0%BA%D0%B8%D0%B9_%D0%B3%D0%BE%D1%80%D0%BD%D0%BE-%D0%BE%D0%B1%D0%BE%D0%B3%D0%B0%D1%82%D0%B8%D1%82%D0%B5%D0%BB%D1%8C%D0%BD%D1%8B%D0%B9_%D0%BA%D0%BE%D0%BC%D0%B1%D0%B8%D0%BD%D0%B0%D1%82","image_url":"http://commons.wikimedia.org/wiki/Special:FilePath/%D0%9D%D1%83%D1%80%D0%BA%D0%B0%D0%B7%D0%B3%D0%B0%D0%BD.jpg","source":"Викиданные","source_id":"Q24040959","license":"CC0 (Викиданные)","confidence":"ok"}},{"type":"Feature","id":"mines:60233d2ab548","geometry":{"type":"Point","coordinates":[81.45,48.1]},"properties":{"uid":"mines:60233d2ab548","layer":"mines","layer_title":"Рудники, копи, промыслы","group":"economy","title":"Verkhnee Espe massif","category":"гора","date_precision":"unknown","date_approx":false,"url":"https://www.wikidata.org/wiki/Q24264094","source":"Викиданные","source_id":"Q24264094","license":"CC0 (Викиданные)","confidence":"ok"}},{"type":"Feature","id":"mines:8b7f4f78e3a4","geometry":{"type":"Point","coordinates":[106.5,52.7]},"properties":{"uid":"mines:8b7f4f78e3a4","layer":"mines","layer_title":"Рудники, копи, промыслы","group":"economy","title":"Бирхин (Озерновский) массив","category":"рудник","place_text":"Иркутская область","region":"Иркутская область","date_precision":"unknown","date_approx":false,"url":"https://www.wikidata.org/wiki/Q24273507","source":"Викиданные","source_id":"Q24273507","license":"CC0 (Викиданные)","confidence":"ok"}},{"type":"Feature","id":"mines:f8bb154de1bc","geometry":{"type":"Point","coordinates":[30.830556,66.3225]},"properties":{"uid":"mines:f8bb154de1bc","layer":"mines","layer_title":"Рудники, копи, промыслы","group":"economy","title":"Lukkulaisvaara ultrabasic massif","category":"рудник","place_text":"Карелия","region":"Карелия","date_precision":"unknown","date_approx":false,"url":"https://www.wikidata.org/wiki/Q24556649","source":"Викиданные","source_id":"Q24556649","license":"CC0 (Викиданные)","confidence":"ok"}},{"type":"Feature","id":"mines:fd34519bef88","geometry":{"type":"Point","coordinates":[25.086542,59.488485]},"properties":{"uid":"mines:fd34519bef88","layer":"mines","layer_title":"Рудники, копи, промыслы","group":"economy","title":"Ülgase Phosphorite Mine","category":"рудник","place_text":"Йыэляхтме","region":"Йыэляхтме","year_from":1920,"year_to":1960,"date_precision":"open","date_approx":true,"period_raw":"с 1920","url":"https://www.wikidata.org/wiki/Q25510356","source":"Викиданные","source_id":"Q25510356","license":"CC0 (Викиданные)","confidence":"ok"}},{"type":"Feature","id":"mines:b98380ebf1df","geometry":{"type":"Point","coordinates":[72.0,39.5]},"properties":{"uid":"mines:b98380ebf1df","layer":"mines","layer_title":"Рудники, копи, промыслы","group":"economy","title":"Norus-Kul coal mine","category":"рудник","place_text":"Чон-Алайский район","region":"Чон-Алайский район","date_precision":"unknown","date_approx":false,"url":"https://www.wikidata.org/wiki/Q25582144","source":"Викиданные","source_id":"Q25582144","license":"CC0 (Викиданные)","confidence":"ok"}},{"type":"Feature","id":"mines:d7f01ffc6b94","geometry":{"type":"Point","coordinates":[18.904444,50.369444]},"properties":{"uid":"mines:d7f01ffc6b94","layer":"mines","layer_title":"Рудники, копи, промыслы","group":"economy","title":"Zakłady Górnicze Nowy Dwór","category":"рудник","year_from":1881,"year_to":1978,"date_precision":"year","date_approx":false,"period_raw":"1881–1978","url":"https://www.wikidata.org/wiki/Q26237901","image_url":"http://commons.wikimedia.org/wiki/Special:FilePath/Nowy-dwor-1917.jpg","source":"Викиданные","source_id":"Q26237901","license":"CC0 (Викиданные)","confidence":"ok"}},{"type":"Feature","id":"mines:92db2da9fdc6","geometry":{"type":"Point","coordinates":[59.616667,47.816667]},"properties":{"uid":"mines:92db2da9fdc6","layer":"mines","layer_title":"Рудники, копи, промыслы","group":"economy","title":"Chelkar salt dome","category":"рудник","place_text":"Актюбинская область","region":"Актюбинская область","date_precision":"unknown","date_approx":false,"url":"https://www.wikidata.org/wiki/Q26689982","source":"Викиданные","source_id":"Q26689982","license":"CC0 (Викиданные)","confidence":"ok"}},{"type":"Feature","id":"mines:910c4b3c7d2f","geometry":{"type":"Point","coordinates":[60.5,59.783333]},"properties":{"uid":"mines:910c4b3c7d2f","layer":"mines","layer_title":"Рудники, копи, промыслы","group":"economy","title":"Новофроловское месторождение","category":"рудник","place_text":"Туринск","region":"Туринск","date_precision":"unknown","date_approx":false,"url":"https://www.wikidata.org/wiki/Q26690073","source":"Викиданные","source_id":"Q26690073","license":"CC0 (Викиданные)","confidence":"ok"}},{"type":"Feature","id":"mines:69bab4635787","geometry":{"type":"Point","coordinates":[18.834137,50.265282]},"properties":{"uid":"mines:69bab4635787","layer":"mines","layer_title":"Рудники, копи, промыслы","group":"economy","title":"Q26877518","category":"рудник","place_text":"Руда-Слёнская","region":"Руда-Слёнская","year_from":2016,"year_to":2016,"date_precision":"open","date_approx":true,"period_raw":"с 2016","url":"https://www.wikidata.org/wiki/Q26877518","image_url":"http://commons.wikimedia.org/wiki/Special:FilePath/Pokoj%20F%C3%B6rderturm.jpg","source":"Викиданные","source_id":"Q26877518","license":"CC0 (Викиданные)","confidence":"ok"}},{"type":"Feature","id":"mines:914d68235770","geometry":{"type":"Point","coordinates":[118.56,56.529722]},"properties":{"uid":"mines:914d68235770","layer":"mines","layer_title":"Рудники, копи, промыслы","group":"economy","title":"Chineyskoye Fe-Ti-V deposit","category":"рудник","place_text":"Забайкальский край","region":"Забайкальский край","date_precision":"unknown","date_approx":false,"url":"https://www.wikidata.org/wiki/Q27089340","source":"Викиданные","source_id":"Q27089340","license":"CC0 (Викиданные)","confidence":"ok"}},{"type":"Feature","id":"mines:35435323e7a4","geometry":{"type":"Point","coordinates":[72.642778,41.264722]},"properties":{"uid":"mines:35435323e7a4","layer":"mines","layer_title":"Рудники, копи, промыслы","group":"economy","title":"Q27207663","category":"рудник","date_precision":"unknown","date_approx":false,"url":"https://www.wikidata.org/wiki/Q27207663","source":"Викиданные","source_id":"Q27207663","license":"CC0 (Викиданные)","confidence":"ok"}},{"type":"Feature","id":"mines:cd34c9eee556","geometry":{"type":"Point","coordinates":[72.195556,41.339167]},"properties":{"uid":"mines:cd34c9eee556","layer":"mines","layer_title":"Рудники, копи, промыслы","group":"economy","title":"Шахта Южная","category":"рудник","date_precision":"unknown","date_approx":false,"url":"https://www.wikidata.org/wiki/Q27208626","source":"Викиданные","source_id":"Q27208626","license":"CC0 (Викиданные)","confidence":"ok"}},{"type":"Feature","id":"mines:d0be44fae1ff","geometry":{"type":"Point","coordinates":[73.099722,42.511944]},"properties":{"uid":"mines:d0be44fae1ff","layer":"mines","layer_title":"Рудники, копи, промыслы","group":"economy","title":"Q27209462","category":"рудник","date_precision":"unknown","date_approx":false,"url":"https://www.wikidata.org/wiki/Q27209462","source":"Викиданные","source_id":"Q27209462","license":"CC0 (Викиданные)","confidence":"ok"}},{"type":"Feature","id":"mines:e0a067dee249","geometry":{"type":"Point","coordinates":[79.455556,45.15]},"properties":{"uid":"mines:e0a067dee249","layer":"mines","layer_title":"Рудники, копи, промыслы","group":"economy","title":"Rudnik Tursun Ude","category":"рудник","date_precision":"unknown","date_approx":false,"url":"https://www.wikidata.org/wiki/Q27354736","source":"Викиданные","source_id":"Q27354736","license":"CC0 (Викиданные)","confidence":"ok"}},{"type":"Feature","id":"mines:5077f18809ab","geometry":{"type":"Point","coordinates":[82.988056,49.685556]},"properties":{"uid":"mines:5077f18809ab","layer":"mines","layer_title":"Рудники, копи, промыслы","group":"economy","title":"Rudnik Ognevskiy","category":"рудник","date_precision":"unknown","date_approx":false,"url":"https://www.wikidata.org/wiki/Q27354801","source":"Викиданные","source_id":"Q27354801","license":"CC0 (Викиданные)","confidence":"ok"}},{"type":"Feature","id":"mines:02d54187ab0c","geometry":{"type":"Point","coordinates":[69.929722,42.2025]},"properties":{"uid":"mines:02d54187ab0c","layer":"mines","layer_title":"Рудники, копи, промыслы","group":"economy","title":"Шахта Тогыз","category":"рудник","date_precision":"unknown","date_approx":false,"url":"https://www.wikidata.org/wiki/Q27430549","source":"Викиданные","source_id":"Q27430549","license":"CC0 (Викиданные)","confidence":"ok"}},{"type":"Feature","id":"mines:d311c6ec2587","geometry":{"type":"Point","coordinates":[84.396111,49.682222]},"properties":{"uid":"mines:d311c6ec2587","layer":"mines","layer_title":"Рудники, копи, промыслы","group":"economy","title":"Шахта Греховская Вторая","category":"рудник","date_precision":"unknown","date_approx":false,"url":"https://www.wikidata.org/wiki/Q27430928","source":"Викиданные","source_id":"Q27430928","license":"CC0 (Викиданные)","confidence":"ok"}},{"type":"Feature","id":"mines:88946cf284c0","geometry":{"type":"Point","coordinates":[103.633333,51.616667]},"properties":{"uid":"mines:88946cf284c0","layer":"mines","layer_title":"Рудники, копи, промыслы","group":"economy","title":"карьер Перевал","category":"строительный карьер","place_text":"Слюдянка","region":"Слюдянка","date_precision":"unknown","date_approx":false,"url":"https://www.wikidata.org/wiki/Q27473681","source":"Викиданные","source_id":"Q27473681","license":"CC0 (Викиданные)","confidence":"ok"}},{"type":"Feature","id":"mines:651defffdeda","geometry":{"type":"Point","coordinates":[23.23913,57.03007]},"properties":{"uid":"mines:651defffdeda","layer":"mines","layer_title":"Рудники, копи, промыслы","group":"economy","title":"Smilts karjers","category":"строительный карьер","date_precision":"unknown","date_approx":false,"url":"https://www.wikidata.org/wiki/Q27487152","source":"Викиданные","source_id":"Q27487152","license":"CC0 (Викиданные)","confidence":"ok"}},{"type":"Feature","id":"mines:a40f68479096","geometry":{"type":"Point","coordinates":[23.68472,56.59722]},"properties":{"uid":"mines:a40f68479096","layer":"mines","layer_title":"Рудники, копи, промыслы","group":"economy","title":"Q27487174","category":"строительный карьер","date_precision":"unknown","date_approx":false,"url":"https://www.wikidata.org/wiki/Q27487174","source":"Викиданные","source_id":"Q27487174","license":"CC0 (Викиданные)","confidence":"ok"}},{"type":"Feature","id":"mines:846b4ce67059","geometry":{"type":"Point","coordinates":[23.554167,56.751389]},"properties":{"uid":"mines:846b4ce67059","layer":"mines","layer_title":"Рудники, копи, промыслы","group":"economy","title":"Q27487175","category":"строительный карьер","place_text":"Латвия","region":"Латвия","date_precision":"unknown","date_approx":false,"url":"https://www.wikidata.org/wiki/Q27487175","source":"Викиданные","source_id":"Q27487175","license":"CC0 (Викиданные)","confidence":"ok"}},{"type":"Feature","id":"mines:c0946e66191c","geometry":{"type":"Point","coordinates":[23.21833,56.85778]},"properties":{"uid":"mines:c0946e66191c","layer":"mines","layer_title":"Рудники, копи, промыслы","group":"economy","title":"Burtnieku Karjers","category":"строительный карьер","date_precision":"unknown","date_approx":false,"url":"https://www.wikidata.org/wiki/Q27487178","source":"Викиданные","source_id":"Q27487178","license":"CC0 (Викиданные)","confidence":"ok"}},{"type":"Feature","id":"mines:2ac5f4cb2664","geometry":{"type":"Point","coordinates":[23.203333,56.870278]},"properties":{"uid":"mines:2ac5f4cb2664","layer":"mines","layer_title":"Рудники, копи, промыслы","group":"economy","title":"Q27487179","category":"строительный карьер","place_text":"Degole Parish","region":"Degole Parish","date_precision":"unknown","date_approx":false,"url":"https://www.wikidata.org/wiki/Q27487179","source":"Викиданные","source_id":"Q27487179","license":"CC0 (Викиданные)","confidence":"ok"}},{"type":"Feature","id":"mines:49c657af2438","geometry":{"type":"Point","coordinates":[23.475,56.820833]},"properties":{"uid":"mines:49c657af2438","layer":"mines","layer_title":"Рудники, копи, промыслы","group":"economy","title":"Q27487176","category":"строительный карьер","date_precision":"unknown","date_approx":false,"url":"https://www.wikidata.org/wiki/Q27487176","source":"Викиданные","source_id":"Q27487176","license":"CC0 (Викиданные)","confidence":"ok"}},{"type":"Feature","id":"mines:faf4007e23af","geometry":{"type":"Point","coordinates":[23.139167,56.745]},"properties":{"uid":"mines:faf4007e23af","layer":"mines","layer_title":"Рудники, копи, промыслы","group":"economy","title":"Q27487177","category":"строительный карьер","date_precision":"unknown","date_approx":false,"url":"https://www.wikidata.org/wiki/Q27487177","source":"Викиданные","source_id":"Q27487177","license":"CC0 (Викиданные)","confidence":"ok"}},{"type":"Feature","id":"mines:61f4b98be0f0","geometry":{"type":"Point","coordinates":[23.25,56.9325]},"properties":{"uid":"mines:61f4b98be0f0","layer":"mines","layer_title":"Рудники, копи, промыслы","group":"economy","title":"Q27487182","category":"строительный карьер","date_precision":"unknown","date_approx":false,"url":"https://www.wikidata.org/wiki/Q27487182","source":"Викиданные","source_id":"Q27487182","license":"CC0 (Викиданные)","confidence":"ok"}},{"type":"Feature","id":"mines:6d0844a819aa","geometry":{"type":"Point","coordinates":[23.18139,56.9025]},"properties":{"uid":"mines:6d0844a819aa","layer":"mines","layer_title":"Рудники, копи, промыслы","group":"economy","title":"Q27487180","category":"строительный карьер","date_precision":"unknown","date_approx":false,"url":"https://www.wikidata.org/wiki/Q27487180","source":"Викиданные","source_id":"Q27487180","license":"CC0 (Викиданные)","confidence":"ok"}},{"type":"Feature","id":"mines:a7b05e4ec569","geometry":{"type":"Point","coordinates":[23.231667,56.950278]},"properties":{"uid":"mines:a7b05e4ec569","layer":"mines","layer_title":"Рудники, копи, промыслы","group":"economy","title":"Q27487181","category":"строительный карьер","date_precision":"unknown","date_approx":false,"url":"https://www.wikidata.org/wiki/Q27487181","source":"Викиданные","source_id":"Q27487181","license":"CC0 (Викиданные)","confidence":"ok"}},{"type":"Feature","id":"mines:6014307ac728","geometry":{"type":"Point","coordinates":[23.559444,56.866944]},"properties":{"uid":"mines:6014307ac728","layer":"mines","layer_title":"Рудники, копи, промыслы","group":"economy","title":"Q27487184","category":"строительный карьер","date_precision":"unknown","date_approx":false,"url":"https://www.wikidata.org/wiki/Q27487184","source":"Викиданные","source_id":"Q27487184","license":"CC0 (Викиданные)","confidence":"ok"}},{"type":"Feature","id":"mines:a09eca0ae78c","geometry":{"type":"Point","coordinates":[23.275278,56.900278]},"properties":{"uid":"mines:a09eca0ae78c","layer":"mines","layer_title":"Рудники, копи, промыслы","group":"economy","title":"Q27487185","category":"строительный карьер","place_text":"Слампская волость","region":"Слампская волость","date_precision":"unknown","date_approx":false,"url":"https://www.wikidata.org/wiki/Q27487185","source":"Викиданные","source_id":"Q27487185","license":"CC0 (Викиданные)","confidence":"ok"}},{"type":"Feature","id":"mines:dad552542a91","geometry":{"type":"Point","coordinates":[18.877853,50.305017]},"properties":{"uid":"mines:dad552542a91","layer":"mines","layer_title":"Рудники, копи, промыслы","group":"economy","title":"Paweł coal mine","category":"рудник","place_text":"Руда-Слёнская","region":"Руда-Слёнская","year_from":1842,"year_to":1971,"date_precision":"year","date_approx":false,"period_raw":"1842–1971","url":"https://www.wikidata.org/wiki/Q27926294","image_url":"http://commons.wikimedia.org/wiki/Special:FilePath/Kopalnia%20Pawel%20Chebzie%20Ruda%20Slaska.jpg","source":"Викиданные","source_id":"Q27926294","license":"CC0 (Викиданные)","confidence":"ok"}},{"type":"Feature","id":"mines:e9994ed20bf6","geometry":{"type":"Point","coordinates":[18.881861,50.323722]},"properties":{"uid":"mines:e9994ed20bf6","layer":"mines","layer_title":"Рудники, копи, промыслы","group":"economy","title":"Karol coal mine","category":"рудник","place_text":"Руда-Слёнская","region":"Руда-Слёнская","year_from":1873,"year_to":1970,"date_precision":"year","date_approx":false,"period_raw":"1873–1970","url":"https://www.wikidata.org/wiki/Q27926302","image_url":"http://commons.wikimedia.org/wiki/Special:FilePath/Gotthard%20mine%20coking%20plant.jpg","source":"Викиданные","source_id":"Q27926302","license":"CC0 (Викиданные)","confidence":"ok"}},{"type":"Feature","id":"mines:b20376588c59","geometry":{"type":"Point","coordinates":[31.5,61.55]},"properties":{"uid":"mines:b20376588c59","layer":"mines","layer_title":"Рудники, копи, промыслы","group":"economy","title":"Lupikko iron mine","category":"рудник","place_text":"Питкяранта","region":"Питкяранта","date_precision":"unknown","date_approx":false,"url":"https://www.wikidata.org/wiki/Q28059719","source":"Викиданные","source_id":"Q28059719","license":"CC0 (Викиданные)","confidence":"ok"}},{"type":"Feature","id":"mines:7d7236124fe6","geometry":{"type":"Point","coordinates":[139.0,67.5]},"properties":{"uid":"mines:7d7236124fe6","layer":"mines","layer_title":"Рудники, копи, промыслы","group":"economy","title":"Kebirnin'ya creek","category":"рудник","place_text":"Якутия","region":"Якутия","date_precision":"unknown","date_approx":false,"url":"https://www.wikidata.org/wiki/Q28059735","source":"Викиданные","source_id":"Q28059735","license":"CC0 (Викиданные)","confidence":"ok"}},{"type":"Feature","id":"mines:5c34ebccad83","geometry":{"type":"Point","coordinates":[60.215556,59.651389]},"properties":{"uid":"mines:5c34ebccad83","layer":"mines","layer_title":"Рудники, копи, промыслы","group":"economy","title":"Vorontsovskoe gold deposit","category":"рудник","place_text":"Краснотурьинск","region":"Краснотурьинск","date_precision":"unknown","date_approx":false,"url":"https://www.wikidata.org/wiki/Q28122944","source":"Викиданные","source_id":"Q28122944","license":"CC0 (Викиданные)","confidence":"ok"}},{"type":"Feature","id":"mines:d7fdf41a551d","geometry":{"type":"Point","coordinates":[67.633333,44.333333]},"properties":{"uid":"mines:d7fdf41a551d","layer":"mines","layer_title":"Рудники, копи, промыслы","group":"economy","title":"Курумсакское месторождение ванадия","category":"рудник","place_text":"Туркестанская область","region":"Туркестанская область","date_precision":"unknown","date_approx":false,"url":"https://www.wikidata.org/wiki/Q28125552","source":"Викиданные","source_id":"Q28125552","license":"CC0 (Викиданные)","confidence":"ok"}},{"type":"Feature","id":"mines:496558926b50","geometry":{"type":"Point","coordinates":[72.25,47.266667]},"properties":{"uid":"mines:496558926b50","layer":"mines","layer_title":"Рудники, копи, промыслы","group":"economy","title":"Kara-Oba tungsten-molybdenum deposit","category":"рудник","place_text":"Карагандинская область","region":"Карагандинская область","date_precision":"unknown","date_approx":false,"url":"https://www.wikidata.org/wiki/Q28648965","source":"Викиданные","source_id":"Q28648965","license":"CC0 (Викиданные)","confidence":"ok"}},{"type":"Feature","id":"mines:13cd097beea6","geometry":{"type":"Point","coordinates":[119.0777,58.3418]},"properties":{"uid":"mines:13cd097beea6","layer":"mines","layer_title":"Рудники, копи, промыслы","group":"economy","title":"Сиреневый Камень","category":"месторождение полезных ископаемых","date_precision":"unknown","date_approx":false,"url":"https://ru.wikipedia.org/wiki/%D0%A1%D0%B8%D1%80%D0%B5%D0%BD%D0%B5%D0%B2%D1%8B%D0%B9_%D0%9A%D0%B0%D0%BC%D0%B5%D0%BD%D1%8C","source":"Викиданные","source_id":"Q28666836","license":"CC0 (Викиданные)","confidence":"ok"}},{"type":"Feature","id":"mines:5bc6c14fa739","geometry":{"type":"Point","coordinates":[25.276111,48.394167]},"properties":{"uid":"mines:5bc6c14fa739","layer":"mines","layer_title":"Рудники, копи, промыслы","group":"economy","title":"Q28673706","category":"opencast mine","date_precision":"unknown","date_approx":false,"url":"https://www.wikidata.org/wiki/Q28673706","image_url":"http://commons.wikimedia.org/wiki/Special:FilePath/Nowosielica%20kopalnia%20Kalor%20lignite%20mine%20Ukraine%20Poland.jpg","source":"Викиданные","source_id":"Q28673706","license":"CC0 (Викиданные)","confidence":"ok"}},{"type":"Feature","id":"mines:c6c666614258","geometry":{"type":"Point","coordinates":[18.908563,50.270753]},"properties":{"uid":"mines:c6c666614258","layer":"mines","layer_title":"Рудники, копи, промыслы","group":"economy","title":"Q28674529","category":"рудник","place_text":"Wirek","region":"Wirek","year_from":1954,"year_to":1995,"date_precision":"year","date_approx":false,"period_raw":"1954–1995","url":"https://www.wikidata.org/wiki/Q28674529","image_url":"http://commons.wikimedia.org/wiki/Special:FilePath/20070917%20KWK%20Nowy%20Wirek.jpg","source":"Викиданные","source_id":"Q28674529","license":"CC0 (Викиданные)","confidence":"ok"}},{"type":"Feature","id":"mines:f057912a8b19","geometry":{"type":"Point","coordinates":[19.534167,50.284444]},"properties":{"uid":"mines:f057912a8b19","layer":"mines","layer_title":"Рудники, копи, промыслы","group":"economy","title":"Olkusz-Pomorzany mine","category":"рудник","place_text":"Олькуш","region":"Олькуш","year_from":1974,"year_to":1974,"date_precision":"open","date_approx":true,"period_raw":"с 1974","url":"https://www.wikidata.org/wiki/Q28674608","image_url":"http://commons.wikimedia.org/wiki/Special:FilePath/Boleslaw%20Pomorzany%20mine%20Dabrowka%20headframe.jpg","source":"Викиданные","source_id":"Q28674608","license":"CC0 (Викиданные)","confidence":"ok"}},{"type":"Feature","id":"mines:734a1f688649","geometry":{"type":"Point","coordinates":[22.816667,48.916667]},"properties":{"uid":"mines:734a1f688649","layer":"mines","layer_title":"Рудники, копи, промыслы","group":"economy","title":"Лютнянское газовое месторождение","category":"месторождение природного газа","place_text":"Великоберезнянский район","region":"Великоберезнянский район","date_precision":"unknown","date_approx":false,"url":"https://ru.wikipedia.org/wiki/%D0%9B%D1%8E%D1%82%D0%BD%D1%8F%D0%BD%D1%81%D0%BA%D0%BE%D0%B5_%D0%B3%D0%B0%D0%B7%D0%BE%D0%B2%D0%BE%D0%B5_%D0%BC%D0%B5%D1%81%D1%82%D0%BE%D1%80%D0%BE%D0%B6%D0%B4%D0%B5%D0%BD%D0%B8%D0%B5","source":"Викиданные","source_id":"Q28705719","license":"CC0 (Викиданные)","confidence":"ok"}},{"type":"Feature","id":"mines:7c4d1b016439","geometry":{"type":"Point","coordinates":[39.30861,48.56833]},"properties":{"uid":"mines:7c4d1b016439","layer":"mines","layer_title":"Рудники, копи, промыслы","group":"economy","title":"Q28705777","category":"газоконденсатное месторождение","date_precision":"unknown","date_approx":false,"url":"https://www.wikidata.org/wiki/Q28705777","source":"Викиданные","source_id":"Q28705777","license":"CC0 (Викиданные)","confidence":"ok"}},{"type":"Feature","id":"mines:09d09b7fa01a","geometry":{"type":"Point","coordinates":[67.416667,44.533333]},"properties":{"uid":"mines:09d09b7fa01a","layer":"mines","layer_title":"Рудники, копи, промыслы","group":"economy","title":"Баласаускандыкское месторождение ванадия","category":"рудник","place_text":"Туркестанская область","region":"Туркестанская область","date_precision":"unknown","date_approx":false,"url":"https://www.wikidata.org/wiki/Q28751057","source":"Викиданные","source_id":"Q28751057","license":"CC0 (Викиданные)","confidence":"ok"}},{"type":"Feature","id":"mines:c36718059a34","geometry":{"type":"Point","coordinates":[81.869444,45.694722]},"properties":{"uid":"mines:c36718059a34","layer":"mines","layer_title":"Рудники, копи, промыслы","group":"economy","title":"Bota-Burum uranium deposit","category":"рудник","place_text":"Алматинская область","region":"Алматинская область","date_precision":"unknown","date_approx":false,"url":"https://www.wikidata.org/wiki/Q28770293","source":"Викиданные","source_id":"Q28770293","license":"CC0 (Викиданные)","confidence":"ok"}},{"type":"Feature","id":"mines:5d5f88dd2e6f","geometry":{"type":"Point","coordinates":[19.014255,49.93948]},"properties":{"uid":"mines:5d5f88dd2e6f","layer":"mines","layer_title":"Рудники, копи, промыслы","group":"economy","title":"Silesia coal mine","category":"рудник","date_precision":"unknown","date_approx":false,"url":"https://www.wikidata.org/wiki/Q28842000","source":"Викиданные","source_id":"Q28842000","license":"CC0 (Викиданные)","confidence":"ok"}},{"type":"Feature","id":"mines:f3d8cb48a49f","geometry":{"type":"Point","coordinates":[84.133333,51.266667]},"properties":{"uid":"mines:f3d8cb48a49f","layer":"mines","layer_title":"Рудники, копи, промыслы","group":"economy","title":"Vladimirovskoye cobalt deposit","category":"рудник","place_text":"Алтайский край","region":"Алтайский край","date_precision":"unknown","date_approx":false,"url":"https://www.wikidata.org/wiki/Q28972673","source":"Викиданные","source_id":"Q28972673","license":"CC0 (Викиданные)","confidence":"ok"}},{"type":"Feature","id":"mines:e4c6d8d8ca20","geometry":{"type":"Point","coordinates":[59.619019,57.656987]},"properties":{"uid":"mines:e4c6d8d8ca20","layer":"mines","layer_title":"Рудники, копи, промыслы","group":"economy","title":"Nishny Tagil ultramafic complex","category":"рудник","place_text":"Нижний Тагил","region":"Нижний Тагил","date_precision":"unknown","date_approx":false,"url":"https://www.wikidata.org/wiki/Q29023789","source":"Викиданные","source_id":"Q29023789","license":"CC0 (Викиданные)","confidence":"ok"}},{"type":"Feature","id":"mines:de6e24e67fbe","geometry":{"type":"Point","coordinates":[59.640827,57.652757]},"properties":{"uid":"mines:de6e24e67fbe","layer":"mines","layer_title":"Рудники, копи, промыслы","group":"economy","title":"Авроринский прииск, река Актай, Баранчинский массив","category":"рудник","place_text":"Нижний Тагил","region":"Нижний Тагил","date_precision":"unknown","date_approx":false,"url":"https://www.wikidata.org/wiki/Q29023818","source":"Викиданные","source_id":"Q29023818","license":"CC0 (Викиданные)","confidence":"ok"}},{"type":"Feature","id":"mines:484a4da4eca9","geometry":{"type":"Point","coordinates":[73.9552,41.1825]},"properties":{"uid":"mines:484a4da4eca9","layer":"mines","layer_title":"Рудники, копи, промыслы","group":"economy","title":"Makmal gold mine","category":"рудник","place_text":"Джалал-Абадская область","region":"Джалал-Абадская область","date_precision":"unknown","date_approx":false,"url":"https://www.wikidata.org/wiki/Q29075461","image_url":"http://commons.wikimedia.org/wiki/Special:FilePath/Kyrgyzaltyn%20Makmalaltyn%20filialy.jpg","source":"Викиданные","source_id":"Q29075461","license":"CC0 (Викиданные)","confidence":"ok"}},{"type":"Feature","id":"mines:4d9a34f5905a","geometry":{"type":"Point","coordinates":[35.720556,68.433889]},"properties":{"uid":"mines:4d9a34f5905a","layer":"mines","layer_title":"Рудники, копи, промыслы","group":"economy","title":"Олений хребет","category":"рудник","date_precision":"unknown","date_approx":false,"url":"https://www.wikidata.org/wiki/Q29354310","source":"Викиданные","source_id":"Q29354310","license":"CC0 (Викиданные)","confidence":"ok"}},{"type":"Feature","id":"mines:ae9b1ac2a251","geometry":{"type":"Point","coordinates":[33.785,67.7214]},"properties":{"uid":"mines:ae9b1ac2a251","layer":"mines","layer_title":"Рудники, копи, промыслы","group":"economy","title":"Tuliok river head, East slope","category":"рудник","place_text":"Мурманская область","region":"Мурманская область","date_precision":"unknown","date_approx":false,"url":"https://www.wikidata.org/wiki/Q29532421","source":"Викиданные","source_id":"Q29532421","license":"CC0 (Викиданные)","confidence":"ok"}},{"type":"Feature","id":"mines:a849b5a99deb","geometry":{"type":"Point","coordinates":[84.5,49.833056]},"properties":{"uid":"mines:a849b5a99deb","layer":"mines","layer_title":"Рудники, копи, промыслы","group":"economy","title":"Second Zavodinskii mine","category":"рудник","place_text":"Алтайский район","region":"Алтайский район","date_precision":"unknown","date_approx":false,"url":"https://www.wikidata.org/wiki/Q29573123","source":"Викиданные","source_id":"Q29573123","license":"CC0 (Викиданные)","confidence":"ok"}},{"type":"Feature","id":"mines:11fde8e092a1","geometry":{"type":"Point","coordinates":[19.033595,50.264527]},"properties":{"uid":"mines:11fde8e092a1","layer":"mines","layer_title":"Рудники, копи, промыслы","group":"economy","title":"Bartosz shaft complex","category":"рудник","place_text":"Катовице","region":"Катовице","date_precision":"unknown","date_approx":false,"url":"https://www.wikidata.org/wiki/Q30063985","image_url":"http://commons.wikimedia.org/wiki/Special:FilePath/Tereny%20by%C5%82ej%20kopalni%20Katowice%20-%20budynek%20maszynowni%20szybu%20Bartosz.jpg","source":"Викиданные","source_id":"Q30063985","license":"CC0 (Викиданные)","confidence":"ok"}},{"type":"Feature","id":"mines:a833a200aa7f","geometry":{"type":"Point","coordinates":[18.91,50.377222]},"properties":{"uid":"mines:a833a200aa7f","layer":"mines","layer_title":"Рудники, копи, промыслы","group":"economy","title":"Radzionków coal mine","category":"рудник","place_text":"Радзёнкув","region":"Радзёнкув","year_from":1871,"year_to":1975,"date_precision":"year","date_approx":false,"period_raw":"1871–1975","url":"https://www.wikidata.org/wiki/Q30904135","image_url":"http://commons.wikimedia.org/wiki/Special:FilePath/Radzionkow%20Radzionkau%20Coal%20Mine%20Pithead%20Hugo%20Karol.jpg","source":"Викиданные","source_id":"Q30904135","license":"CC0 (Викиданные)","confidence":"ok"}},{"type":"Feature","id":"mines:124611d87164","geometry":{"type":"Point","coordinates":[19.794167,50.015833]},"properties":{"uid":"mines:124611d87164","layer":"mines","layer_title":"Рудники, копи, промыслы","group":"economy","title":"Skałki Piekarskie","category":"строительный карьер","date_precision":"unknown","date_approx":false,"url":"https://www.wikidata.org/wiki/Q30906051","image_url":"http://commons.wikimedia.org/wiki/Special:FilePath/Kamienio%C5%82om%20w%20Piekarach%202DK8.jpg","source":"Викиданные","source_id":"Q30906051","license":"CC0 (Викиданные)","confidence":"ok"}},{"type":"Feature","id":"mines:d9c03fcba83e","geometry":{"type":"Point","coordinates":[27.26579,59.365668]},"properties":{"uid":"mines:d9c03fcba83e","layer":"mines","layer_title":"Рудники, копи, промыслы","group":"economy","title":"Käva Oil Shale Mine","category":"рудник","place_text":"Кохтла-Ярве","region":"Кохтла-Ярве","year_from":1925,"year_to":1972,"date_precision":"year","date_approx":false,"period_raw":"1925–1972","url":"https://www.wikidata.org/wiki/Q31272059","source":"Викиданные","source_id":"Q31272059","license":"CC0 (Викиданные)","confidence":"ok"}},{"type":"Feature","id":"mines:0e32d4500227","geometry":{"type":"Point","coordinates":[25.748056,59.121944]},"properties":{"uid":"mines:0e32d4500227","layer":"mines","layer_title":"Рудники, копи, промыслы","group":"economy","title":"Innuni Pond","category":"строительный карьер","place_text":"Ярва","region":"Ярва","date_precision":"unknown","date_approx":false,"url":"https://www.wikidata.org/wiki/Q31272062","source":"Викиданные","source_id":"Q31272062","license":"CC0 (Викиданные)","confidence":"ok"}},{"type":"Feature","id":"mines:79eb285b7ec9","geometry":{"type":"Point","coordinates":[25.05907,59.46557]},"properties":{"uid":"mines:79eb285b7ec9","layer":"mines","layer_title":"Рудники, копи, промыслы","group":"economy","title":"Maardu Phosphorite Mine","category":"рудник","place_text":"Йыэляхтме","region":"Йыэляхтме","date_precision":"unknown","date_approx":false,"url":"https://www.wikidata.org/wiki/Q31272060","image_url":"http://commons.wikimedia.org/wiki/Special:FilePath/Maardu%20fosforiidikarj%C3%A4%C3%A4r%202011%20%281%29.jpg","source":"Викиданные","source_id":"Q31272060","license":"CC0 (Викиданные)","confidence":"ok"}},{"type":"Feature","id":"mines:97314c35caa9","geometry":{"type":"Point","coordinates":[26.74776,58.100664]},"properties":{"uid":"mines:97314c35caa9","layer":"mines","layer_title":"Рудники, копи, промыслы","group":"economy","title":"Abissaare Quarry","category":"озеро","place_text":"Канепи","region":"Канепи","date_precision":"unknown","date_approx":false,"url":"https://www.wikidata.org/wiki/Q31272061","source":"Викиданные","source_id":"Q31272061","license":"CC0 (Викиданные)","confidence":"ok"}},{"type":"Feature","id":"mines:8a0ef39f4367","geometry":{"type":"Point","coordinates":[25.57797,59.22335]},"properties":{"uid":"mines:8a0ef39f4367","layer":"mines","layer_title":"Рудники, копи, промыслы","group":"economy","title":"Lake Mägede","category":"строительный карьер","place_text":"Ярва","region":"Ярва","date_precision":"unknown","date_approx":false,"url":"https://www.wikidata.org/wiki/Q31272064","source":"Викиданные","source_id":"Q31272064","license":"CC0 (Викиданные)","confidence":"ok"}},{"type":"Feature","id":"mines:26fa35e212a6","geometry":{"type":"Point","coordinates":[24.724022,59.364917]},"properties":{"uid":"mines:26fa35e212a6","layer":"mines","layer_title":"Рудники, копи, промыслы","group":"economy","title":"Pumbajärv","category":"озеро","place_text":"Таллин","region":"Таллин","date_precision":"unknown","date_approx":false,"url":"https://www.wikidata.org/wiki/Q31273428","source":"Викиданные","source_id":"Q31273428","license":"CC0 (Викиданные)","confidence":"ok"}},{"type":"Feature","id":"mines:8321d506ffb8","geometry":{"type":"Point","coordinates":[69.892445,42.204425]},"properties":{"uid":"mines:8321d506ffb8","layer":"mines","layer_title":"Рудники, копи, промыслы","group":"economy","title":"Ленгерское месторождение угля","category":"месторождение полезных ископаемых","date_precision":"unknown","date_approx":false,"url":"https://ru.wikipedia.org/wiki/%D0%9B%D0%B5%D0%BD%D0%B3%D0%B5%D1%80%D1%81%D0%BA%D0%BE%D0%B5_%D0%BC%D0%B5%D1%81%D1%82%D0%BE%D1%80%D0%BE%D0%B6%D0%B4%D0%B5%D0%BD%D0%B8%D0%B5_%D1%83%D0%B3%D0%BB%D1%8F","source":"Викиданные","source_id":"Q31445982","license":"CC0 (Викиданные)","confidence":"ok"}},{"type":"Feature","id":"mines:40cf2dc98343","geometry":{"type":"Point","coordinates":[44.105556,42.842778]},"properties":{"uid":"mines:40cf2dc98343","layer":"mines","layer_title":"Рудники, копи, промыслы","group":"economy","title":"Архонский Рудник","category":"рудник","date_precision":"unknown","date_approx":false,"url":"https://www.wikidata.org/wiki/Q31888354","source":"Викиданные","source_id":"Q31888354","license":"CC0 (Викиданные)","confidence":"ok"}},{"type":"Feature","id":"mines:d22bf24d07eb","geometry":{"type":"Point","coordinates":[41.425,56.367778]},"properties":{"uid":"mines:d22bf24d07eb","layer":"mines","layer_title":"Рудники, копи, промыслы","group":"economy","title":"Ashcherinskiy Kar”yer","category":"строительный карьер","date_precision":"unknown","date_approx":false,"url":"https://www.wikidata.org/wiki/Q31891179","source":"Викиданные","source_id":"Q31891179","license":"CC0 (Викиданные)","confidence":"ok"}},{"type":"Feature","id":"mines:14537ffcbe0b","geometry":{"type":"Point","coordinates":[100.695833,54.504722]},"properties":{"uid":"mines:14537ffcbe0b","layer":"mines","layer_title":"Рудники, копи, промыслы","group":"economy","title":"Азейский Угольный Разрез","category":"рудник","date_precision":"unknown","date_approx":false,"url":"https://www.wikidata.org/wiki/Q31894676","source":"Викиданные","source_id":"Q31894676","license":"CC0 (Викиданные)","confidence":"ok"}},{"type":"Feature","id":"mines:3316b47d5a06","geometry":{"type":"Point","coordinates":[46.789444,48.178611]},"properties":{"uid":"mines:3316b47d5a06","layer":"mines","layer_title":"Рудники, копи, промыслы","group":"economy","title":"Балластный Карьер","category":"строительный карьер","date_precision":"unknown","date_approx":false,"url":"https://www.wikidata.org/wiki/Q31909180","source":"Викиданные","source_id":"Q31909180","license":"CC0 (Викиданные)","confidence":"ok"}},{"type":"Feature","id":"mines:a5900c6a810c","geometry":{"type":"Point","coordinates":[21.223733,50.970118]},"properties":{"uid":"mines:a5900c6a810c","layer":"mines","layer_title":"Рудники, копи, промыслы","group":"economy","title":"Q33508238","category":"строительный карьер","place_text":"Doły Biskupie","region":"Doły Biskupie","date_precision":"unknown","date_approx":false,"url":"https://www.wikidata.org/wiki/Q33508238","source":"Викиданные","source_id":"Q33508238","license":"CC0 (Викиданные)","confidence":"ok"}},{"type":"Feature","id":"mines:c5edd9df0147","geometry":{"type":"Point","coordinates":[49.75159,55.16004]},"properties":{"uid":"mines:c5edd9df0147","layer":"mines","layer_title":"Рудники, копи, промыслы","group":"economy","title":"Kaleykemo","category":"нефтяное месторождение","date_precision":"unknown","date_approx":false,"url":"https://www.wikidata.org/wiki/Q34939774","source":"Викиданные","source_id":"Q34939774","license":"CC0 (Викиданные)","confidence":"ok"}},{"type":"Feature","id":"mines:8a2b9c670b90","geometry":{"type":"Point","coordinates":[47.96,42.361111]},"properties":{"uid":"mines:8a2b9c670b90","layer":"mines","layer_title":"Рудники, копи, промыслы","group":"economy","title":"Каякентский Нефтяной Промысел","category":"нефтяное месторождение","date_precision":"unknown","date_approx":false,"url":"https://www.wikidata.org/wiki/Q34939872","source":"Викиданные","source_id":"Q34939872","license":"CC0 (Викиданные)","confidence":"ok"}},{"type":"Feature","id":"mines:42f0966fd133","geometry":{"type":"Point","coordinates":[43.425278,56.437222]},"properties":{"uid":"mines:42f0966fd133","layer":"mines","layer_title":"Рудники, копи, промыслы","group":"economy","title":"Q37778573","category":"строительный карьер","date_precision":"unknown","date_approx":false,"url":"https://www.wikidata.org/wiki/Q37778573","source":"Викиданные","source_id":"Q37778573","license":"CC0 (Викиданные)","confidence":"ok"}},{"type":"Feature","id":"mines:df2a26728fe2","geometry":{"type":"Point","coordinates":[94.913889,55.874167]},"properties":{"uid":"mines:df2a26728fe2","layer":"mines","layer_title":"Рудники, копи, промыслы","group":"economy","title":"Ирша-Бородинский Угольный Разрез","category":"рудник","place_text":"Красноярский край","region":"Красноярский край","date_precision":"unknown","date_approx":false,"url":"https://www.wikidata.org/wiki/Q37808646","source":"Викиданные","source_id":"Q37808646","license":"CC0 (Викиданные)","confidence":"ok"}},{"type":"Feature","id":"mines:f3495d72e6cf","geometry":{"type":"Point","coordinates":[60.212222,57.728611]},"properties":{"uid":"mines:f3495d72e6cf","layer":"mines","layer_title":"Рудники, копи, промыслы","group":"economy","title":"Карьер Анатольский Участок","category":"строительный карьер","date_precision":"unknown","date_approx":false,"url":"https://www.wikidata.org/wiki/Q37824133","source":"Викиданные","source_id":"Q37824133","license":"CC0 (Викиданные)","confidence":"ok"}},{"type":"Feature","id":"mines:a49d1e83eb64","geometry":{"type":"Point","coordinates":[31.169444,56.226111]},"properties":{"uid":"mines:a49d1e83eb64","layer":"mines","layer_title":"Рудники, копи, промыслы","group":"economy","title":"Q37824137","category":"строительный карьер","date_precision":"unknown","date_approx":false,"url":"https://www.wikidata.org/wiki/Q37824137","source":"Викиданные","source_id":"Q37824137","license":"CC0 (Викиданные)","confidence":"ok"}},{"type":"Feature","id":"mines:f203a50d466c","geometry":{"type":"Point","coordinates":[76.542778,61.385]},"properties":{"uid":"mines:f203a50d466c","layer":"mines","layer_title":"Рудники, копи, промыслы","group":"economy","title":"Карьер Дальний","category":"строительный карьер","date_precision":"unknown","date_approx":false,"url":"https://www.wikidata.org/wiki/Q37824140","source":"Викиданные","source_id":"Q37824140","license":"CC0 (Викиданные)","confidence":"ok"}},{"type":"Feature","id":"mines:17d9cce5f099","geometry":{"type":"Point","coordinates":[49.522222,58.719167]},"properties":{"uid":"mines:17d9cce5f099","layer":"mines","layer_title":"Рудники, копи, промыслы","group":"economy","title":"Карьер Гирсовский","category":"строительный карьер","date_precision":"unknown","date_approx":false,"url":"https://www.wikidata.org/wiki/Q37824145","source":"Викиданные","source_id":"Q37824145","license":"CC0 (Викиданные)","confidence":"ok"}},{"type":"Feature","id":"mines:06996665256f","geometry":{"type":"Point","coordinates":[48.393611,53.968611]},"properties":{"uid":"mines:06996665256f","layer":"mines","layer_title":"Рудники, копи, промыслы","group":"economy","title":"Карьер Кучуры","category":"строительный карьер","date_precision":"unknown","date_approx":false,"url":"https://www.wikidata.org/wiki/Q37824149","source":"Викиданные","source_id":"Q37824149","license":"CC0 (Викиданные)","confidence":"ok"}},{"type":"Feature","id":"mines:ae3bc1f1ae51","geometry":{"type":"Point","coordinates":[61.467778,57.76]},"properties":{"uid":"mines:ae3bc1f1ae51","layer":"mines","layer_title":"Рудники, копи, промыслы","group":"economy","title":"Карьер Малая Круглышка","category":"строительный карьер","date_precision":"unknown","date_approx":false,"url":"https://www.wikidata.org/wiki/Q37824158","source":"Викиданные","source_id":"Q37824158","license":"CC0 (Викиданные)","confidence":"ok"}},{"type":"Feature","id":"mines:5b9fd67e6193","geometry":{"type":"Point","coordinates":[98.808333,54.868056]},"properties":{"uid":"mines:5b9fd67e6193","layer":"mines","layer_title":"Рудники, копи, промыслы","group":"economy","title":"Карьер Монтаха","category":"строительный карьер","date_precision":"unknown","date_approx":false,"url":"https://www.wikidata.org/wiki/Q37824163","source":"Викиданные","source_id":"Q37824163","license":"CC0 (Викиданные)","confidence":"ok"}},{"type":"Feature","id":"mines:f9e5127294e2","geometry":{"type":"Point","coordinates":[59.792778,55.498056]},"properties":{"uid":"mines:f9e5127294e2","layer":"mines","layer_title":"Рудники, копи, промыслы","group":"economy","title":"Карьер Радостный","category":"строительный карьер","date_precision":"unknown","date_approx":false,"url":"https://www.wikidata.org/wiki/Q37824167","source":"Викиданные","source_id":"Q37824167","license":"CC0 (Викиданные)","confidence":"ok"}},{"type":"Feature","id":"mines:1e53ff5eb44d","geometry":{"type":"Point","coordinates":[47.387222,53.080556]},"properties":{"uid":"mines:1e53ff5eb44d","layer":"mines","layer_title":"Рудники, копи, промыслы","group":"economy","title":"Куроедовский Меловой Карьер","category":"строительный карьер","date_precision":"unknown","date_approx":false,"url":"https://www.wikidata.org/wiki/Q37851693","source":"Викиданные","source_id":"Q37851693","license":"CC0 (Викиданные)","confidence":"ok"}},{"type":"Feature","id":"mines:ada223afa03a","geometry":{"type":"Point","coordinates":[60.425,56.579444]},"properties":{"uid":"mines:ada223afa03a","layer":"mines","layer_title":"Рудники, копи, промыслы","group":"economy","title":"Мраморский Карьер","category":"строительный карьер","date_precision":"unknown","date_approx":false,"url":"https://www.wikidata.org/wiki/Q37869209","source":"Викиданные","source_id":"Q37869209","license":"CC0 (Викиданные)","confidence":"ok"}},{"type":"Feature","id":"mines:a9324f35e67e","geometry":{"type":"Point","coordinates":[44.491389,48.875278]},"properties":{"uid":"mines:a9324f35e67e","layer":"mines","layer_title":"Рудники, копи, промыслы","group":"economy","title":"Орловский Песчаный Карьер","category":"строительный карьер","date_precision":"unknown","date_approx":false,"url":"https://www.wikidata.org/wiki/Q37903618","source":"Викиданные","source_id":"Q37903618","license":"CC0 (Викиданные)","confidence":"ok"}},{"type":"Feature","id":"mines:a49781672349","geometry":{"type":"Point","coordinates":[59.934167,58.181389]},"properties":{"uid":"mines:a49781672349","layer":"mines","layer_title":"Рудники, копи, промыслы","group":"economy","title":"Рудник Осоко-Александровский","category":"рудник","date_precision":"unknown","date_approx":false,"url":"https://www.wikidata.org/wiki/Q37904285","source":"Викиданные","source_id":"Q37904285","license":"CC0 (Викиданные)","confidence":"ok"}},{"type":"Feature","id":"mines:267f5d12d687","geometry":{"type":"Point","coordinates":[59.546389,50.725]},"properties":{"uid":"mines:267f5d12d687","layer":"mines","layer_title":"Рудники, копи, промыслы","group":"economy","title":"Шахта Номер Четыре","category":"рудник","date_precision":"unknown","date_approx":false,"url":"https://www.wikidata.org/wiki/Q37954300","source":"Викиданные","source_id":"Q37954300","license":"CC0 (Викиданные)","confidence":"ok"}},{"type":"Feature","id":"mines:d41745dcdf60","geometry":{"type":"Point","coordinates":[59.082222,54.272778]},"properties":{"uid":"mines:d41745dcdf60","layer":"mines","layer_title":"Рудники, копи, промыслы","group":"economy","title":"Прииск Пушкинский","category":"рудник","date_precision":"unknown","date_approx":false,"url":"https://www.wikidata.org/wiki/Q37960295","source":"Викиданные","source_id":"Q37960295","license":"CC0 (Викиданные)","confidence":"ok"}},{"type":"Feature","id":"mines:8c79e5aadec3","geometry":{"type":"Point","coordinates":[82.305,51.121667]},"properties":{"uid":"mines:8c79e5aadec3","layer":"mines","layer_title":"Рудники, копи, промыслы","group":"economy","title":"Rudnik Komissarovskiy","category":"рудник","date_precision":"unknown","date_approx":false,"url":"https://www.wikidata.org/wiki/Q37961818","source":"Викиданные","source_id":"Q37961818","license":"CC0 (Викиданные)","confidence":"ok"}},{"type":"Feature","id":"mines:61a1b08adf78","geometry":{"type":"Point","coordinates":[82.379722,51.109167]},"properties":{"uid":"mines:61a1b08adf78","layer":"mines","layer_title":"Рудники, копи, промыслы","group":"economy","title":"Рудник Локтевский","category":"рудник","date_precision":"unknown","date_approx":false,"url":"https://www.wikidata.org/wiki/Q37961821","source":"Викиданные","source_id":"Q37961821","license":"CC0 (Викиданные)","confidence":"ok"}},{"type":"Feature","id":"mines:90428d9bd1f0","geometry":{"type":"Point","coordinates":[61.401389,54.4325]},"properties":{"uid":"mines:90428d9bd1f0","layer":"mines","layer_title":"Рудники, копи, промыслы","group":"economy","title":"Рудник Южный","category":"рудник","date_precision":"unknown","date_approx":false,"url":"https://www.wikidata.org/wiki/Q37962328","source":"Викиданные","source_id":"Q37962328","license":"CC0 (Викиданные)","confidence":"ok"}},{"type":"Feature","id":"mines:13c79c0afbf9","geometry":{"type":"Point","coordinates":[136.535556,50.755278]},"properties":{"uid":"mines:13c79c0afbf9","layer":"mines","layer_title":"Рудники, копи, промыслы","group":"economy","title":"Рудник Перевальный","category":"рудник","date_precision":"unknown","date_approx":false,"url":"https://www.wikidata.org/wiki/Q37963787","source":"Викиданные","source_id":"Q37963787","license":"CC0 (Викиданные)","confidence":"ok"}},{"type":"Feature","id":"mines:4df608e0a1a3","geometry":{"type":"Point","coordinates":[136.523889,50.771389]},"properties":{"uid":"mines:4df608e0a1a3","layer":"mines","layer_title":"Рудники, копи, промыслы","group":"economy","title":"Rudnik Uchastok Vtoroy","category":"рудник","date_precision":"unknown","date_approx":false,"url":"https://www.wikidata.org/wiki/Q37963791","source":"Викиданные","source_id":"Q37963791","license":"CC0 (Викиданные)","confidence":"ok"}},{"type":"Feature","id":"mines:8e761b5bdff7","geometry":{"type":"Point","coordinates":[93.958333,56.741111]},"properties":{"uid":"mines:8e761b5bdff7","layer":"mines","layer_title":"Рудники, копи, промыслы","group":"economy","title":"Прииск Каменный","category":"рудник","place_text":"Красноярский край","region":"Красноярский край","date_precision":"unknown","date_approx":false,"url":"https://www.wikidata.org/wiki/Q37964661","source":"Викиданные","source_id":"Q37964661","license":"CC0 (Викиданные)","confidence":"ok"}},{"type":"Feature","id":"mines:d442893de9db","geometry":{"type":"Point","coordinates":[58.302222,52.002222]},"properties":{"uid":"mines:d442893de9db","layer":"mines","layer_title":"Рудники, копи, промыслы","group":"economy","title":"Рудник Маканский","category":"рудник","date_precision":"unknown","date_approx":false,"url":"https://www.wikidata.org/wiki/Q37964698","source":"Викиданные","source_id":"Q37964698","license":"CC0 (Викиданные)","confidence":"ok"}},{"type":"Feature","id":"mines:b11892df3485","geometry":{"type":"Point","coordinates":[34.961667,53.832222]},"properties":{"uid":"mines:b11892df3485","layer":"mines","layer_title":"Рудники, копи, промыслы","group":"economy","title":"Паликская Шахта","category":"рудник","date_precision":"unknown","date_approx":false,"url":"https://www.wikidata.org/wiki/Q37964768","source":"Викиданные","source_id":"Q37964768","license":"CC0 (Викиданные)","confidence":"ok"}},{"type":"Feature","id":"mines:e7274721b6d1","geometry":{"type":"Point","coordinates":[89.195278,55.671667]},"properties":{"uid":"mines:e7274721b6d1","layer":"mines","layer_title":"Рудники, копи, промыслы","group":"economy","title":"Razrez Berëzovskiy","category":"рудник","place_text":"Красноярский край","region":"Красноярский край","date_precision":"unknown","date_approx":false,"url":"https://www.wikidata.org/wiki/Q37964782","source":"Викиданные","source_id":"Q37964782","license":"CC0 (Викиданные)","confidence":"ok"}},{"type":"Feature","id":"mines:f2bcf87ebb40","geometry":{"type":"Point","coordinates":[136.469722,50.808611]},"properties":{"uid":"mines:f2bcf87ebb40","layer":"mines","layer_title":"Рудники, копи, промыслы","group":"economy","title":"Rudnik Pereval'nyy","category":"рудник","date_precision":"unknown","date_approx":false,"url":"https://www.wikidata.org/wiki/Q37965101","source":"Викиданные","source_id":"Q37965101","license":"CC0 (Викиданные)","confidence":"ok"}},{"type":"Feature","id":"mines:f0d131acf8a6","geometry":{"type":"Point","coordinates":[47.976111,41.728611]},"properties":{"uid":"mines:f0d131acf8a6","layer":"mines","layer_title":"Рудники, копи, промыслы","group":"economy","title":"Рудник Архыт","category":"рудник","date_precision":"unknown","date_approx":false,"url":"https://www.wikidata.org/wiki/Q37965228","source":"Викиданные","source_id":"Q37965228","license":"CC0 (Викиданные)","confidence":"ok"}},{"type":"Feature","id":"mines:387a2e277351","geometry":{"type":"Point","coordinates":[86.139722,54.696389]},"properties":{"uid":"mines:387a2e277351","layer":"mines","layer_title":"Рудники, копи, промыслы","group":"economy","title":"Шахта Имени Карла Маркса","category":"рудник","date_precision":"unknown","date_approx":false,"url":"https://www.wikidata.org/wiki/Q37965364","source":"Викиданные","source_id":"Q37965364","license":"CC0 (Викиданные)","confidence":"ok"}},{"type":"Feature","id":"mines:b0340cfb8028","geometry":{"type":"Point","coordinates":[55.091667,51.199722]},"properties":{"uid":"mines:b0340cfb8028","layer":"mines","layer_title":"Рудники, копи, промыслы","group":"economy","title":"Шахта Северная","category":"рудник","date_precision":"unknown","date_approx":false,"url":"https://www.wikidata.org/wiki/Q37965775","source":"Викиданные","source_id":"Q37965775","license":"CC0 (Викиданные)","confidence":"ok"}},{"type":"Feature","id":"mines:c29712368bf2","geometry":{"type":"Point","coordinates":[55.161111,51.190833]},"properties":{"uid":"mines:c29712368bf2","layer":"mines","layer_title":"Рудники, копи, промыслы","group":"economy","title":"Шахта Восточная","category":"рудник","date_precision":"unknown","date_approx":false,"url":"https://www.wikidata.org/wiki/Q37965778","source":"Викиданные","source_id":"Q37965778","license":"CC0 (Викиданные)","confidence":"ok"}},{"type":"Feature","id":"mines:c2dcbeb384a3","geometry":{"type":"Point","coordinates":[135.0525,44.364444]},"properties":{"uid":"mines:c2dcbeb384a3","layer":"mines","layer_title":"Рудники, копи, промыслы","group":"economy","title":"Рудник Юбилейный","category":"рудник","date_precision":"unknown","date_approx":false,"url":"https://www.wikidata.org/wiki/Q37965914","source":"Викиданные","source_id":"Q37965914","license":"CC0 (Викиданные)","confidence":"ok"}},{"type":"Feature","id":"mines:dbc671d5e747","geometry":{"type":"Point","coordinates":[135.915556,44.621667]},"properties":{"uid":"mines:dbc671d5e747","layer":"mines","layer_title":"Рудники, копи, промыслы","group":"economy","title":"Рудник Арцевский","category":"рудник","date_precision":"unknown","date_approx":false,"url":"https://www.wikidata.org/wiki/Q37965922","source":"Викиданные","source_id":"Q37965922","license":"CC0 (Викиданные)","confidence":"ok"}},{"type":"Feature","id":"mines:abfff6aed0f1","geometry":{"type":"Point","coordinates":[40.281944,48.274167]},"properties":{"uid":"mines:abfff6aed0f1","layer":"mines","layer_title":"Рудники, копи, промыслы","group":"economy","title":"Шахта Номер Семнадцать","category":"рудник","date_precision":"unknown","date_approx":false,"url":"https://www.wikidata.org/wiki/Q37965983","source":"Викиданные","source_id":"Q37965983","license":"CC0 (Викиданные)","confidence":"ok"}},{"type":"Feature","id":"mines:441293e2a437","geometry":{"type":"Point","coordinates":[40.253333,48.28]},"properties":{"uid":"mines:441293e2a437","layer":"mines","layer_title":"Рудники, копи, промыслы","group":"economy","title":"Шахта Номер Тридцать","category":"рудник","date_precision":"unknown","date_approx":false,"url":"https://www.wikidata.org/wiki/Q37965980","source":"Викиданные","source_id":"Q37965980","license":"CC0 (Викиданные)","confidence":"ok"}},{"type":"Feature","id":"mines:c6d1f9cb1a5f","geometry":{"type":"Point","coordinates":[40.937778,48.264167]},"properties":{"uid":"mines:c6d1f9cb1a5f","layer":"mines","layer_title":"Рудники, копи, промыслы","group":"economy","title":"Шахта Номер Три Бис","category":"рудник","date_precision":"unknown","date_approx":false,"url":"https://www.wikidata.org/wiki/Q37965986","source":"Викиданные","source_id":"Q37965986","license":"CC0 (Викиданные)","confidence":"ok"}},{"type":"Feature","id":"mines:dc3378add0cb","geometry":{"type":"Point","coordinates":[40.872778,48.236111]},"properties":{"uid":"mines:dc3378add0cb","layer":"mines","layer_title":"Рудники, копи, промыслы","group":"economy","title":"Шахта Номер Четыре","category":"рудник","date_precision":"unknown","date_approx":false,"url":"https://www.wikidata.org/wiki/Q37965989","source":"Викиданные","source_id":"Q37965989","license":"CC0 (Викиданные)","confidence":"ok"}},{"type":"Feature","id":"mines:cf75af998daa","geometry":{"type":"Point","coordinates":[40.599722,48.198333]},"properties":{"uid":"mines:cf75af998daa","layer":"mines","layer_title":"Рудники, копи, промыслы","group":"economy","title":"Шахта Номер Четыре","category":"рудник","date_precision":"unknown","date_approx":false,"url":"https://www.wikidata.org/wiki/Q37965995","source":"Викиданные","source_id":"Q37965995","license":"CC0 (Викиданные)","confidence":"ok"}},{"type":"Feature","id":"mines:1c2946b846da","geometry":{"type":"Point","coordinates":[40.108889,48.245]},"properties":{"uid":"mines:1c2946b846da","layer":"mines","layer_title":"Рудники, копи, промыслы","group":"economy","title":"Шахта Центрально-Восточная","category":"рудник","date_precision":"unknown","date_approx":false,"url":"https://www.wikidata.org/wiki/Q37965992","source":"Викиданные","source_id":"Q37965992","license":"CC0 (Викиданные)","confidence":"ok"}},{"type":"Feature","id":"mines:f629530a2f68","geometry":{"type":"Point","coordinates":[40.750556,48.200278]},"properties":{"uid":"mines:f629530a2f68","layer":"mines","layer_title":"Рудники, копи, промыслы","group":"economy","title":"Шахта Номер Три","category":"рудник","date_precision":"unknown","date_approx":false,"url":"https://www.wikidata.org/wiki/Q37965999","source":"Викиданные","source_id":"Q37965999","license":"CC0 (Викиданные)","confidence":"ok"}},{"type":"Feature","id":"mines:62f98838b27a","geometry":{"type":"Point","coordinates":[40.113056,48.1475]},"properties":{"uid":"mines:62f98838b27a","layer":"mines","layer_title":"Рудники, копи, промыслы","group":"economy","title":"Шахта Углерод","category":"рудник","date_precision":"unknown","date_approx":false,"url":"https://www.wikidata.org/wiki/Q37966002","source":"Викиданные","source_id":"Q37966002","license":"CC0 (Викиданные)","confidence":"ok"}},{"type":"Feature","id":"mines:d0950dc625ba","geometry":{"type":"Point","coordinates":[40.1675,48.106944]},"properties":{"uid":"mines:d0950dc625ba","layer":"mines","layer_title":"Рудники, копи, промыслы","group":"economy","title":"Шахта Номер Девять","category":"рудник","date_precision":"unknown","date_approx":false,"url":"https://www.wikidata.org/wiki/Q37966007","source":"Викиданные","source_id":"Q37966007","license":"CC0 (Викиданные)","confidence":"ok"}},{"type":"Feature","id":"mines:7f960fe2525a","geometry":{"type":"Point","coordinates":[40.590833,48.228333]},"properties":{"uid":"mines:7f960fe2525a","layer":"mines","layer_title":"Рудники, копи, промыслы","group":"economy","title":"Шахта Номер Тридцать Пять","category":"рудник","date_precision":"unknown","date_approx":false,"url":"https://www.wikidata.org/wiki/Q37966005","source":"Викиданные","source_id":"Q37966005","license":"CC0 (Викиданные)","confidence":"ok"}},{"type":"Feature","id":"mines:0fcaa9cccf1f","geometry":{"type":"Point","coordinates":[40.206944,48.100833]},"properties":{"uid":"mines:0fcaa9cccf1f","layer":"mines","layer_title":"Рудники, копи, промыслы","group":"economy","title":"Шахта Номер Четыреста","category":"рудник","date_precision":"unknown","date_approx":false,"url":"https://www.wikidata.org/wiki/Q37966010","source":"Викиданные","source_id":"Q37966010","license":"CC0 (Викиданные)","confidence":"ok"}},{"type":"Feature","id":"mines:9f8d0e4effc9","geometry":{"type":"Point","coordinates":[40.306667,48.100556]},"properties":{"uid":"mines:9f8d0e4effc9","layer":"mines","layer_title":"Рудники, копи, промыслы","group":"economy","title":"Шахта Номер Четыреста Десять","category":"рудник","date_precision":"unknown","date_approx":false,"url":"https://www.wikidata.org/wiki/Q37966013","source":"Викиданные","source_id":"Q37966013","license":"CC0 (Викиданные)","confidence":"ok"}},{"type":"Feature","id":"mines:fbb62dc04a96","geometry":{"type":"Point","coordinates":[40.3858,48.0882]},"properties":{"uid":"mines:fbb62dc04a96","layer":"mines","layer_title":"Рудники, копи, промыслы","group":"economy","title":"Шахта Дальняя","category":"рудник","date_precision":"unknown","date_approx":false,"url":"https://www.wikidata.org/wiki/Q37966019","source":"Викиданные","source_id":"Q37966019","license":"CC0 (Викиданные)","confidence":"ok"}},{"type":"Feature","id":"mines:ee18f3730aee","geometry":{"type":"Point","coordinates":[40.231944,48.096389]},"properties":{"uid":"mines:ee18f3730aee","layer":"mines","layer_title":"Рудники, копи, промыслы","group":"economy","title":"Шахта Сбойка","category":"рудник","date_precision":"unknown","date_approx":false,"url":"https://www.wikidata.org/wiki/Q37966016","source":"Викиданные","source_id":"Q37966016","license":"CC0 (Викиданные)","confidence":"ok"}},{"type":"Feature","id":"mines:077983a67224","geometry":{"type":"Point","coordinates":[40.008333,48.025278]},"properties":{"uid":"mines:077983a67224","layer":"mines","layer_title":"Рудники, копи, промыслы","group":"economy","title":"Шахта Номер Четыреста Одиннадцтаь Бис","category":"рудник","date_precision":"unknown","date_approx":false,"url":"https://www.wikidata.org/wiki/Q37966023","source":"Викиданные","source_id":"Q37966023","license":"CC0 (Викиданные)","confidence":"ok"}},{"type":"Feature","id":"mines:ef290cb6726d","geometry":{"type":"Point","coordinates":[40.741111,48.038333]},"properties":{"uid":"mines:ef290cb6726d","layer":"mines","layer_title":"Рудники, копи, промыслы","group":"economy","title":"Шахта Номер Шестнадцать","category":"рудник","date_precision":"unknown","date_approx":false,"url":"https://www.wikidata.org/wiki/Q37966021","source":"Викиданные","source_id":"Q37966021","license":"CC0 (Викиданные)","confidence":"ok"}},{"type":"Feature","id":"mines:cc09355e6b4a","geometry":{"type":"Point","coordinates":[40.779444,48.022778]},"properties":{"uid":"mines:cc09355e6b4a","layer":"mines","layer_title":"Рудники, копи, промыслы","group":"economy","title":"Шахта Номер Шестнадцать/Семнадцать","category":"рудник","date_precision":"unknown","date_approx":false,"url":"https://www.wikidata.org/wiki/Q37966026","source":"Викиданные","source_id":"Q37966026","license":"CC0 (Викиданные)","confidence":"ok"}},{"type":"Feature","id":"mines:f6e5c8f22573","geometry":{"type":"Point","coordinates":[39.416667,53.741389]},"properties":{"uid":"mines:f6e5c8f22573","layer":"mines","layer_title":"Рудники, копи, промыслы","group":"economy","title":"Шахта Номер Шесть","category":"рудник","date_precision":"unknown","date_approx":false,"url":"https://www.wikidata.org/wiki/Q37966029","source":"Викиданные","source_id":"Q37966029","license":"CC0 (Викиданные)","confidence":"ok"}},{"type":"Feature","id":"mines:94d4ac6896be","geometry":{"type":"Point","coordinates":[39.61,53.683611]},"properties":{"uid":"mines:94d4ac6896be","layer":"mines","layer_title":"Рудники, копи, промыслы","group":"economy","title":"Шахта Номер Пятьдесят Шесть","category":"рудник","date_precision":"unknown","date_approx":false,"url":"https://www.wikidata.org/wiki/Q37966035","source":"Викиданные","source_id":"Q37966035","license":"CC0 (Викиданные)","confidence":"ok"}},{"type":"Feature","id":"mines:452583278647","geometry":{"type":"Point","coordinates":[39.561389,53.698611]},"properties":{"uid":"mines:452583278647","layer":"mines","layer_title":"Рудники, копи, промыслы","group":"economy","title":"Шахта Номер Пятьдесят","category":"рудник","date_precision":"unknown","date_approx":false,"url":"https://www.wikidata.org/wiki/Q37966033","source":"Викиданные","source_id":"Q37966033","license":"CC0 (Викиданные)","confidence":"ok"}},{"type":"Feature","id":"mines:d5e5b9a7f089","geometry":{"type":"Point","coordinates":[39.532778,53.633889]},"properties":{"uid":"mines:d5e5b9a7f089","layer":"mines","layer_title":"Рудники, копи, промыслы","group":"economy","title":"Шахты Номер Три","category":"рудник","date_precision":"unknown","date_approx":false,"url":"https://www.wikidata.org/wiki/Q37966038","source":"Викиданные","source_id":"Q37966038","license":"CC0 (Викиданные)","confidence":"ok"}},{"type":"Feature","id":"mines:fcdf2455603f","geometry":{"type":"Point","coordinates":[39.543056,53.628056]},"properties":{"uid":"mines:fcdf2455603f","layer":"mines","layer_title":"Рудники, копи, промыслы","group":"economy","title":"Шахта Арцыбашевская","category":"рудник","date_precision":"unknown","date_approx":false,"url":"https://www.wikidata.org/wiki/Q37966041","source":"Викиданные","source_id":"Q37966041","license":"CC0 (Викиданные)","confidence":"ok"}},{"type":"Feature","id":"mines:97523af880d2","geometry":{"type":"Point","coordinates":[38.004167,53.910556]},"properties":{"uid":"mines:97523af880d2","layer":"mines","layer_title":"Рудники, копи, промыслы","group":"economy","title":"Шахта Номер Пятнадцать","category":"рудник","date_precision":"unknown","date_approx":false,"url":"https://www.wikidata.org/wiki/Q37966078","source":"Викиданные","source_id":"Q37966078","license":"CC0 (Викиданные)","confidence":"ok"}},{"type":"Feature","id":"mines:2eb4d8ab2c9c","geometry":{"type":"Point","coordinates":[38.091389,53.903333]},"properties":{"uid":"mines:2eb4d8ab2c9c","layer":"mines","layer_title":"Рудники, копи, промыслы","group":"economy","title":"Шахта Номер Девять","category":"рудник","date_precision":"unknown","date_approx":false,"url":"https://www.wikidata.org/wiki/Q37966076","source":"Викиданные","source_id":"Q37966076","license":"CC0 (Викиданные)","confidence":"ok"}},{"type":"Feature","id":"mines:b8e73b37a9cf","geometry":{"type":"Point","coordinates":[38.000556,53.930833]},"properties":{"uid":"mines:b8e73b37a9cf","layer":"mines","layer_title":"Рудники, копи, промыслы","group":"economy","title":"Шахта Номер Три Пиреевская","category":"рудник","date_precision":"unknown","date_approx":false,"url":"https://www.wikidata.org/wiki/Q37966081","source":"Викиданные","source_id":"Q37966081","license":"CC0 (Викиданные)","confidence":"ok"}},{"type":"Feature","id":"mines:8615527e0d2a","geometry":{"type":"Point","coordinates":[38.266111,53.928056]},"properties":{"uid":"mines:8615527e0d2a","layer":"mines","layer_title":"Рудники, копи, промыслы","group":"economy","title":"Шахта Номер Двадцать Пять","category":"рудник","date_precision":"unknown","date_approx":false,"url":"https://www.wikidata.org/wiki/Q37966087","source":"Викиданные","source_id":"Q37966087","license":"CC0 (Викиданные)","confidence":"ok"}},{"type":"Feature","id":"mines:febe9e396090","geometry":{"type":"Point","coordinates":[38.251111,53.928611]},"properties":{"uid":"mines:febe9e396090","layer":"mines","layer_title":"Рудники, копи, промыслы","group":"economy","title":"Шахта Номер Двадцать Шесть","category":"рудник","date_precision":"unknown","date_approx":false,"url":"https://www.wikidata.org/wiki/Q37966084","source":"Викиданные","source_id":"Q37966084","license":"CC0 (Викиданные)","confidence":"ok"}},{"type":"Feature","id":"mines:79b0fe9bec60","geometry":{"type":"Point","coordinates":[38.598056,53.975278]},"properties":{"uid":"mines:79b0fe9bec60","layer":"mines","layer_title":"Рудники, копи, промыслы","group":"economy","title":"Шахта Номер Два","category":"рудник","date_precision":"unknown","date_approx":false,"url":"https://www.wikidata.org/wiki/Q37966090","source":"Викиданные","source_id":"Q37966090","license":"CC0 (Викиданные)","confidence":"ok"}},{"type":"Feature","id":"mines:e958066302a1","geometry":{"type":"Point","coordinates":[38.801111,53.917222]},"properties":{"uid":"mines:e958066302a1","layer":"mines","layer_title":"Рудники, копи, промыслы","group":"economy","title":"Шахта Номер Два","category":"рудник","date_precision":"unknown","date_approx":false,"url":"https://www.wikidata.org/wiki/Q37966094","source":"Викиданные","source_id":"Q37966094","license":"CC0 (Викиданные)","confidence":"ok"}},{"type":"Feature","id":"mines:cf6cb76e8003","geometry":{"type":"Point","coordinates":[38.7825,53.908333]},"properties":{"uid":"mines:cf6cb76e8003","layer":"mines","layer_title":"Рудники, копи, промыслы","group":"economy","title":"Шахта Номер Три","category":"рудник","date_precision":"unknown","date_approx":false,"url":"https://www.wikidata.org/wiki/Q37966097","source":"Викиданные","source_id":"Q37966097","license":"CC0 (Викиданные)","confidence":"ok"}},{"type":"Feature","id":"mines:a6159792a542","geometry":{"type":"Point","coordinates":[38.578611,53.99]},"properties":{"uid":"mines:a6159792a542","layer":"mines","layer_title":"Рудники, копи, промыслы","group":"economy","title":"Шахта Номер Три","category":"рудник","date_precision":"unknown","date_approx":false,"url":"https://www.wikidata.org/wiki/Q37966103","source":"Викиданные","source_id":"Q37966103","license":"CC0 (Викиданные)","confidence":"ok"}},{"type":"Feature","id":"mines:ad6ec7b825db","geometry":{"type":"Point","coordinates":[38.035556,53.961667]},"properties":{"uid":"mines:ad6ec7b825db","layer":"mines","layer_title":"Рудники, копи, промыслы","group":"economy","title":"Шахта Номер Два Рассошинская","category":"рудник","date_precision":"unknown","date_approx":false,"url":"https://www.wikidata.org/wiki/Q37966100","source":"Викиданные","source_id":"Q37966100","license":"CC0 (Викиданные)","confidence":"ok"}},{"type":"Feature","id":"mines:da15b774c80c","geometry":{"type":"Point","coordinates":[59.839167,58.151389]},"properties":{"uid":"mines:da15b774c80c","layer":"mines","layer_title":"Рудники, копи, промыслы","group":"economy","title":"Рудник Волковский","category":"рудник","date_precision":"unknown","date_approx":false,"url":"https://www.wikidata.org/wiki/Q37966193","source":"Викиданные","source_id":"Q37966193","license":"CC0 (Викиданные)","confidence":"ok"}},{"type":"Feature","id":"mines:f5a44db34a16","geometry":{"type":"Point","coordinates":[37.986389,54.0025]},"properties":{"uid":"mines:f5a44db34a16","layer":"mines","layer_title":"Рудники, копи, промыслы","group":"economy","title":"Shakhta Nomer Odin Komsomol'skaya","category":"рудник","date_precision":"unknown","date_approx":false,"url":"https://www.wikidata.org/wiki/Q37966199","source":"Викиданные","source_id":"Q37966199","license":"CC0 (Викиданные)","confidence":"ok"}},{"type":"Feature","id":"mines:250aa87a1059","geometry":{"type":"Point","coordinates":[61.112222,57.672222]},"properties":{"uid":"mines:250aa87a1059","layer":"mines","layer_title":"Рудники, копи, промыслы","group":"economy","title":"Шахта Ватиха","category":"рудник","date_precision":"unknown","date_approx":false,"url":"https://www.wikidata.org/wiki/Q37966792","source":"Викиданные","source_id":"Q37966792","license":"CC0 (Викиданные)","confidence":"ok"}},{"type":"Feature","id":"mines:4fd633a1c6e6","geometry":{"type":"Point","coordinates":[62.023889,57.283611]},"properties":{"uid":"mines:4fd633a1c6e6","layer":"mines","layer_title":"Рудники, копи, промыслы","group":"economy","title":"Шахта Буланаш","category":"рудник","date_precision":"unknown","date_approx":false,"url":"https://www.wikidata.org/wiki/Q37966796","source":"Викиданные","source_id":"Q37966796","license":"CC0 (Викиданные)","confidence":"ok"}},{"type":"Feature","id":"mines:bcedebd67f5e","geometry":{"type":"Point","coordinates":[38.282222,54.0275]},"properties":{"uid":"mines:bcedebd67f5e","layer":"mines","layer_title":"Рудники, копи, промыслы","group":"economy","title":"Шахта Номер Двадцать Семь","category":"рудник","date_precision":"unknown","date_approx":false,"url":"https://www.wikidata.org/wiki/Q37967046","source":"Викиданные","source_id":"Q37967046","license":"CC0 (Викиданные)","confidence":"ok"}},{"type":"Feature","id":"mines:ec7520357e5e","geometry":{"type":"Point","coordinates":[38.160278,54.001389]},"properties":{"uid":"mines:ec7520357e5e","layer":"mines","layer_title":"Рудники, копи, промыслы","group":"economy","title":"Шахта Номер Два","category":"рудник","date_precision":"unknown","date_approx":false,"url":"https://www.wikidata.org/wiki/Q37967045","source":"Викиданные","source_id":"Q37967045","license":"CC0 (Викиданные)","confidence":"ok"}},{"type":"Feature","id":"mines:8fbf89b8940d","geometry":{"type":"Point","coordinates":[38.433889,54.049167]},"properties":{"uid":"mines:8fbf89b8940d","layer":"mines","layer_title":"Рудники, копи, промыслы","group":"economy","title":"Шахта Номер Тридцать Пять","category":"рудник","date_precision":"unknown","date_approx":false,"url":"https://www.wikidata.org/wiki/Q37967051","source":"Викиданные","source_id":"Q37967051","license":"CC0 (Викиданные)","confidence":"ok"}},{"type":"Feature","id":"mines:3f953cf19e2c","geometry":{"type":"Point","coordinates":[38.287778,54.042778]},"properties":{"uid":"mines:3f953cf19e2c","layer":"mines","layer_title":"Рудники, копи, промыслы","group":"economy","title":"Шахта Номер Двадцать Восемь","category":"рудник","date_precision":"unknown","date_approx":false,"url":"https://www.wikidata.org/wiki/Q37967049","source":"Викиданные","source_id":"Q37967049","license":"CC0 (Викиданные)","confidence":"ok"}},{"type":"Feature","id":"mines:3ddbbdca0b16","geometry":{"type":"Point","coordinates":[38.464722,54.0375]},"properties":{"uid":"mines:3ddbbdca0b16","layer":"mines","layer_title":"Рудники, копи, промыслы","group":"economy","title":"Шахта Номер Тридцать Восемь","category":"рудник","date_precision":"unknown","date_approx":false,"url":"https://www.wikidata.org/wiki/Q37967054","source":"Викиданные","source_id":"Q37967054","license":"CC0 (Викиданные)","confidence":"ok"}},{"type":"Feature","id":"mines:b04d7b9d6c86","geometry":{"type":"Point","coordinates":[38.5025,54.039444]},"properties":{"uid":"mines:b04d7b9d6c86","layer":"mines","layer_title":"Рудники, копи, промыслы","group":"economy","title":"Шахта Прогресс","category":"рудник","date_precision":"unknown","date_approx":false,"url":"https://www.wikidata.org/wiki/Q37967057","source":"Викиданные","source_id":"Q37967057","license":"CC0 (Викиданные)","confidence":"ok"}},{"type":"Feature","id":"mines:04c66e2d3e98","geometry":{"type":"Point","coordinates":[117.660278,50.704167]},"properties":{"uid":"mines:04c66e2d3e98","layer":"mines","layer_title":"Рудники, копи, промыслы","group":"economy","title":"Шахта Домашёвская","category":"рудник","date_precision":"unknown","date_approx":false,"url":"https://www.wikidata.org/wiki/Q37967542","source":"Викиданные","source_id":"Q37967542","license":"CC0 (Викиданные)","confidence":"ok"}},{"type":"Feature","id":"mines:948aaba16dd8","geometry":{"type":"Point","coordinates":[117.701111,50.717778]},"properties":{"uid":"mines:948aaba16dd8","layer":"mines","layer_title":"Рудники, копи, промыслы","group":"economy","title":"Шахта Южно-Покровская","category":"рудник","date_precision":"unknown","date_approx":false,"url":"https://www.wikidata.org/wiki/Q37967618","source":"Викиданные","source_id":"Q37967618","license":"CC0 (Викиданные)","confidence":"ok"}},{"type":"Feature","id":"mines:98dd4b915adb","geometry":{"type":"Point","coordinates":[117.749444,50.7225]},"properties":{"uid":"mines:98dd4b915adb","layer":"mines","layer_title":"Рудники, копи, промыслы","group":"economy","title":"Шахта Алгачинская","category":"рудник","date_precision":"unknown","date_approx":false,"url":"https://www.wikidata.org/wiki/Q37967620","source":"Викиданные","source_id":"Q37967620","license":"CC0 (Викиданные)","confidence":"ok"}},{"type":"Feature","id":"mines:158aa4faa020","geometry":{"type":"Point","coordinates":[108.352778,50.048611]},"properties":{"uid":"mines:158aa4faa020","layer":"mines","layer_title":"Рудники, копи, промыслы","group":"economy","title":"Рудник Мельничный","category":"рудник","date_precision":"unknown","date_approx":false,"url":"https://www.wikidata.org/wiki/Q37968471","source":"Викиданные","source_id":"Q37968471","license":"CC0 (Викиданные)","confidence":"ok"}},{"type":"Feature","id":"mines:0d892410f930","geometry":{"type":"Point","coordinates":[103.339444,50.307778]},"properties":{"uid":"mines:0d892410f930","layer":"mines","layer_title":"Рудники, копи, промыслы","group":"economy","title":"Рудник Верхний Холтосон","category":"рудник","date_precision":"unknown","date_approx":false,"url":"https://www.wikidata.org/wiki/Q37968610","source":"Викиданные","source_id":"Q37968610","license":"CC0 (Викиданные)","confidence":"ok"}},{"type":"Feature","id":"mines:c27bf217efcf","geometry":{"type":"Point","coordinates":[103.356667,50.321111]},"properties":{"uid":"mines:c27bf217efcf","layer":"mines","layer_title":"Рудники, копи, промыслы","group":"economy","title":"Рудник Первомайский","category":"рудник","date_precision":"unknown","date_approx":false,"url":"https://www.wikidata.org/wiki/Q37968609","source":"Викиданные","source_id":"Q37968609","license":"CC0 (Викиданные)","confidence":"ok"}},{"type":"Feature","id":"mines:72917f56e467","geometry":{"type":"Point","coordinates":[58.312778,52.009722]},"properties":{"uid":"mines:72917f56e467","layer":"mines","layer_title":"Рудники, копи, промыслы","group":"economy","title":"Рудник Октябрьский","category":"рудник","date_precision":"unknown","date_approx":false,"url":"https://www.wikidata.org/wiki/Q37968632","source":"Викиданные","source_id":"Q37968632","license":"CC0 (Викиданные)","confidence":"ok"}},{"type":"Feature","id":"mines:34168ae71412","geometry":{"type":"Point","coordinates":[59.813889,58.216389]},"properties":{"uid":"mines:34168ae71412","layer":"mines","layer_title":"Рудники, копи, промыслы","group":"economy","title":"Рудник Валуевский","category":"рудник","date_precision":"unknown","date_approx":false,"url":"https://www.wikidata.org/wiki/Q37968641","source":"Викиданные","source_id":"Q37968641","license":"CC0 (Викиданные)","confidence":"ok"}},{"type":"Feature","id":"mines:8595e6ce7d52","geometry":{"type":"Point","coordinates":[60.054722,58.398056]},"properties":{"uid":"mines:8595e6ce7d52","layer":"mines","layer_title":"Рудники, копи, промыслы","group":"economy","title":"Рудник Чернушка","category":"рудник","date_precision":"unknown","date_approx":false,"url":"https://www.wikidata.org/wiki/Q37968644","source":"Викиданные","source_id":"Q37968644","license":"CC0 (Викиданные)","confidence":"ok"}},{"type":"Feature","id":"mines:c8c7dacf3a79","geometry":{"type":"Point","coordinates":[57.651944,58.745278]},"properties":{"uid":"mines:c8c7dacf3a79","layer":"mines","layer_title":"Рудники, копи, промыслы","group":"economy","title":"Шахта Один-Два","category":"рудник","place_text":"Пермский край","region":"Пермский край","date_precision":"unknown","date_approx":false,"url":"https://www.wikidata.org/wiki/Q37968939","source":"Викиданные","source_id":"Q37968939","license":"CC0 (Викиданные)","confidence":"ok"}},{"type":"Feature","id":"mines:14b057182f3e","geometry":{"type":"Point","coordinates":[57.767222,58.782222]},"properties":{"uid":"mines:14b057182f3e","layer":"mines","layer_title":"Рудники, копи, промыслы","group":"economy","title":"Шахта Шумихинская","category":"рудник","place_text":"Пермский край","region":"Пермский край","date_precision":"unknown","date_approx":false,"url":"https://www.wikidata.org/wiki/Q37968936","source":"Викиданные","source_id":"Q37968936","license":"CC0 (Викиданные)","confidence":"ok"}},{"type":"Feature","id":"mines:8a4bb5a8fd3e","geometry":{"type":"Point","coordinates":[57.548611,58.923333]},"properties":{"uid":"mines:8a4bb5a8fd3e","layer":"mines","layer_title":"Рудники, копи, промыслы","group":"economy","title":"Шахта Номер Четыре","category":"рудник","place_text":"Пермский край","region":"Пермский край","date_precision":"unknown","date_approx":false,"url":"https://www.wikidata.org/wiki/Q37968942","source":"Викиданные","source_id":"Q37968942","license":"CC0 (Викиданные)","confidence":"ok"}},{"type":"Feature","id":"mines:5aaba63b4b2f","geometry":{"type":"Point","coordinates":[57.559167,58.972222]},"properties":{"uid":"mines:5aaba63b4b2f","layer":"mines","layer_title":"Рудники, копи, промыслы","group":"economy","title":"Шахта Номер Два Ключевская","category":"рудник","place_text":"Пермский край","region":"Пермский край","date_precision":"unknown","date_approx":false,"url":"https://www.wikidata.org/wiki/Q37968945","source":"Викиданные","source_id":"Q37968945","license":"CC0 (Викиданные)","confidence":"ok"}},{"type":"Feature","id":"mines:9f45d3150eca","geometry":{"type":"Point","coordinates":[57.586667,58.999167]},"properties":{"uid":"mines:9f45d3150eca","layer":"mines","layer_title":"Рудники, копи, промыслы","group":"economy","title":"Шахта Вторая Бис","category":"рудник","place_text":"Пермский край","region":"Пермский край","date_precision":"unknown","date_approx":false,"url":"https://www.wikidata.org/wiki/Q37968951","source":"Викиданные","source_id":"Q37968951","license":"CC0 (Викиданные)","confidence":"ok"}},{"type":"Feature","id":"mines:7ddc8af4bf81","geometry":{"type":"Point","coordinates":[57.598889,59.015833]},"properties":{"uid":"mines:7ddc8af4bf81","layer":"mines","layer_title":"Рудники, копи, промыслы","group":"economy","title":"Шахта Двадцать Первая Бис","category":"рудник","place_text":"Пермский край","region":"Пермский край","date_precision":"unknown","date_approx":false,"url":"https://www.wikidata.org/wiki/Q37968948","source":"Викиданные","source_id":"Q37968948","license":"CC0 (Викиданные)","confidence":"ok"}},{"type":"Feature","id":"mines:49b1c3bf493e","geometry":{"type":"Point","coordinates":[60.211667,57.7425]},"properties":{"uid":"mines:49b1c3bf493e","layer":"mines","layer_title":"Рудники, копи, промыслы","group":"economy","title":"Первый Шиловский Участок","category":"строительный карьер","date_precision":"unknown","date_approx":false,"url":"https://www.wikidata.org/wiki/Q39164415","source":"Викиданные","source_id":"Q39164415","license":"CC0 (Викиданные)","confidence":"ok"}},{"type":"Feature","id":"mines:f45916e62706","geometry":{"type":"Point","coordinates":[58.295,53.914444]},"properties":{"uid":"mines:f45916e62706","layer":"mines","layer_title":"Рудники, копи, промыслы","group":"economy","title":"Пугачёвский Карьер","category":"строительный карьер","date_precision":"unknown","date_approx":false,"url":"https://www.wikidata.org/wiki/Q39176541","source":"Викиданные","source_id":"Q39176541","license":"CC0 (Викиданные)","confidence":"ok"}},{"type":"Feature","id":"mines:b04de98af2ad","geometry":{"type":"Point","coordinates":[40.768056,48.246389]},"properties":{"uid":"mines:b04de98af2ad","layer":"mines","layer_title":"Рудники, копи, промыслы","group":"economy","title":"Сарвилинский Карьер","category":"строительный карьер","date_precision":"unknown","date_approx":false,"url":"https://www.wikidata.org/wiki/Q39183374","source":"Викиданные","source_id":"Q39183374","license":"CC0 (Викиданные)","confidence":"ok"}},{"type":"Feature","id":"mines:95b4badd05cc","geometry":{"type":"Point","coordinates":[38.021667,54.176667]},"properties":{"uid":"mines:95b4badd05cc","layer":"mines","layer_title":"Рудники, копи, промыслы","group":"economy","title":"Шахта Угольная Бельковская","category":"рудник","date_precision":"unknown","date_approx":false,"url":"https://www.wikidata.org/wiki/Q39187563","source":"Викиданные","source_id":"Q39187563","license":"CC0 (Викиданные)","confidence":"ok"}},{"type":"Feature","id":"mines:cbde0a655e10","geometry":{"type":"Point","coordinates":[38.355556,54.311111]},"properties":{"uid":"mines:cbde0a655e10","layer":"mines","layer_title":"Рудники, копи, промыслы","group":"economy","title":"Шахта Угольная Берёзовская","category":"рудник","date_precision":"unknown","date_approx":false,"url":"https://www.wikidata.org/wiki/Q39187570","source":"Викиданные","source_id":"Q39187570","license":"CC0 (Викиданные)","confidence":"ok"}},{"type":"Feature","id":"mines:824feb129789","geometry":{"type":"Point","coordinates":[38.250833,53.775833]},"properties":{"uid":"mines:824feb129789","layer":"mines","layer_title":"Рудники, копи, промыслы","group":"economy","title":"Шахта Угольная Номер Десять","category":"рудник","date_precision":"unknown","date_approx":false,"url":"https://www.wikidata.org/wiki/Q39187578","source":"Викиданные","source_id":"Q39187578","license":"CC0 (Викиданные)","confidence":"ok"}},{"type":"Feature","id":"mines:d333753b70b8","geometry":{"type":"Point","coordinates":[38.050833,53.804444]},"properties":{"uid":"mines:d333753b70b8","layer":"mines","layer_title":"Рудники, копи, промыслы","group":"economy","title":"Шахта Угольная Номер Семьдесят Шесть","category":"рудник","date_precision":"unknown","date_approx":false,"url":"https://www.wikidata.org/wiki/Q39187586","source":"Викиданные","source_id":"Q39187586","license":"CC0 (Викиданные)","confidence":"ok"}},{"type":"Feature","id":"mines:64852d84f0b5","geometry":{"type":"Point","coordinates":[38.265278,54.176111]},"properties":{"uid":"mines:64852d84f0b5","layer":"mines","layer_title":"Рудники, копи, промыслы","group":"economy","title":"Шахта Угольная Подмосковная","category":"рудник","date_precision":"unknown","date_approx":false,"url":"https://www.wikidata.org/wiki/Q39187593","source":"Викиданные","source_id":"Q39187593","license":"CC0 (Викиданные)","confidence":"ok"}},{"type":"Feature","id":"mines:28da012b49e9","geometry":{"type":"Point","coordinates":[43.726667,45.1]},"properties":{"uid":"mines:28da012b49e9","layer":"mines","layer_title":"Рудники, копи, промыслы","group":"economy","title":"Спасское Карьероуправление","category":"строительный карьер","date_precision":"unknown","date_approx":false,"url":"https://www.wikidata.org/wiki/Q39198607","source":"Викиданные","source_id":"Q39198607","license":"CC0 (Викиданные)","confidence":"ok"}},{"type":"Feature","id":"mines:48c69849cdb6","geometry":{"type":"Point","coordinates":[43.564444,43.981389]},"properties":{"uid":"mines:48c69849cdb6","layer":"mines","layer_title":"Рудники, копи, промыслы","group":"economy","title":"Q39268436","category":"строительный карьер","date_precision":"unknown","date_approx":false,"url":"https://www.wikidata.org/wiki/Q39268436","source":"Викиданные","source_id":"Q39268436","license":"CC0 (Викиданные)","confidence":"ok"}},{"type":"Feature","id":"mines:dcfd62c954b7","geometry":{"type":"Point","coordinates":[19.020611,50.349194]},"properties":{"uid":"mines:dcfd62c954b7","layer":"mines","layer_title":"Рудники, копи, промыслы","group":"economy","title":"Q41409226","category":"рудник","year_from":1967,"year_to":1990,"date_precision":"year","date_approx":false,"period_raw":"1967–1990","url":"https://www.wikidata.org/wiki/Q41409226","image_url":"http://commons.wikimedia.org/wiki/Special:FilePath/Zinc%20mine%20Dabrowka%20Piekary%20Slaskie%20Orzel%20Bialy.jpg","source":"Викиданные","source_id":"Q41409226","license":"CC0 (Викиданные)","confidence":"ok"}},{"type":"Feature","id":"mines:1adb127a89ab","geometry":{"type":"Point","coordinates":[18.948611,50.370417]},"properties":{"uid":"mines:1adb127a89ab","layer":"mines","layer_title":"Рудники, копи, промыслы","group":"economy","title":"Szarlej Zinc Mining Facility","category":"рудник","place_text":"Szarlej","region":"Szarlej","year_from":1811,"year_to":1960,"date_precision":"open","date_approx":true,"period_raw":"с 1811","url":"https://www.wikidata.org/wiki/Q47339190","image_url":"http://commons.wikimedia.org/wiki/Special:FilePath/Scharley%20in%20Oberschlesien%20zinc%20mine%20Piekary%20Knippel.djvu","source":"Викиданные","source_id":"Q47339190","license":"CC0 (Викиданные)","confidence":"ok"}},{"type":"Feature","id":"mines:8d5d22b86a81","geometry":{"type":"Point","coordinates":[19.13018,50.24906]},"properties":{"uid":"mines:8d5d22b86a81","layer":"mines","layer_title":"Рудники, копи, промыслы","group":"economy","title":"Mysłowice-Wesoła Coal Mine","category":"рудник","place_text":"Силезское воеводство","region":"Силезское воеводство","year_from":2007,"year_to":2007,"date_precision":"open","date_approx":true,"period_raw":"с 2007","url":"https://www.wikidata.org/wiki/Q48840663","image_url":"http://commons.wikimedia.org/wiki/Special:FilePath/Kwk%20weso%C5%82a.jpg","source":"Викиданные","source_id":"Q48840663","license":"CC0 (Викиданные)","confidence":"ok"}},{"type":"Feature","id":"mines:7fcf740daf7d","geometry":{"type":"Point","coordinates":[36.37545,45.31759]},"properties":{"uid":"mines:7fcf740daf7d","layer":"mines","layer_title":"Рудники, копи, промыслы","group":"economy","title":"Оливинские каменоломни","category":"каменоломня","place_text":"Автономная Республика Крым","region":"Автономная Республика Крым","date_precision":"unknown","date_approx":false,"url":"https://www.wikidata.org/wiki/Q49460258","source":"Викиданные","source_id":"Q49460258","license":"CC0 (Викиданные)","confidence":"ok"}},{"type":"Feature","id":"mines:90cd4c405a5f","geometry":{"type":"Point","coordinates":[34.20255,45.21412]},"properties":{"uid":"mines:90cd4c405a5f","layer":"mines","layer_title":"Рудники, копи, промыслы","group":"economy","title":"Q49460259","category":"строительный карьер","place_text":"Автономная Республика Крым","region":"Автономная Республика Крым","date_precision":"unknown","date_approx":false,"url":"https://www.wikidata.org/wiki/Q49460259","source":"Викиданные","source_id":"Q49460259","license":"CC0 (Викиданные)","confidence":"ok"}},{"type":"Feature","id":"mines:b30850806146","geometry":{"type":"Point","coordinates":[34.29,45.218056]},"properties":{"uid":"mines:b30850806146","layer":"mines","layer_title":"Рудники, копи, промыслы","group":"economy","title":"Q49460262","category":"строительный карьер","place_text":"Автономная Республика Крым","region":"Автономная Республика Крым","date_precision":"unknown","date_approx":false,"url":"https://www.wikidata.org/wiki/Q49460262","source":"Викиданные","source_id":"Q49460262","license":"CC0 (Викиданные)","confidence":"ok"}},{"type":"Feature","id":"mines:2491917bf768","geometry":{"type":"Point","coordinates":[34.241111,45.193333]},"properties":{"uid":"mines:2491917bf768","layer":"mines","layer_title":"Рудники, копи, промыслы","group":"economy","title":"Q49460261","category":"строительный карьер","place_text":"Автономная Республика Крым","region":"Автономная Республика Крым","date_precision":"unknown","date_approx":false,"url":"https://www.wikidata.org/wiki/Q49460261","source":"Викиданные","source_id":"Q49460261","license":"CC0 (Викиданные)","confidence":"ok"}},{"type":"Feature","id":"mines:c16529cf68c0","geometry":{"type":"Point","coordinates":[19.32108,49.81289]},"properties":{"uid":"mines:c16529cf68c0","layer":"mines","layer_title":"Рудники, копи, промыслы","group":"economy","title":"Q49460267","category":"строительный карьер","date_precision":"unknown","date_approx":false,"url":"https://www.wikidata.org/wiki/Q49460267","source":"Викиданные","source_id":"Q49460267","license":"CC0 (Викиданные)","confidence":"ok"}},{"type":"Feature","id":"mines:bb6d23f153d2","geometry":{"type":"Point","coordinates":[34.259167,45.203889]},"properties":{"uid":"mines:bb6d23f153d2","layer":"mines","layer_title":"Рудники, копи, промыслы","group":"economy","title":"Q49460264","category":"строительный карьер","place_text":"Автономная Республика Крым","region":"Автономная Республика Крым","date_precision":"unknown","date_approx":false,"url":"https://www.wikidata.org/wiki/Q49460264","source":"Викиданные","source_id":"Q49460264","license":"CC0 (Викиданные)","confidence":"ok"}},{"type":"Feature","id":"mines:236ac18ff685","geometry":{"type":"Point","coordinates":[33.435278,45.264444]},"properties":{"uid":"mines:236ac18ff685","layer":"mines","layer_title":"Рудники, копи, промыслы","group":"economy","title":"Мамайская каменоломня","category":"строительный карьер","place_text":"Сакский район","region":"Сакский район","date_precision":"unknown","date_approx":false,"url":"https://www.wikidata.org/wiki/Q49460311","source":"Викиданные","source_id":"Q49460311","license":"CC0 (Викиданные)","confidence":"ok"}},{"type":"Feature","id":"mines:d810e230d592","geometry":{"type":"Point","coordinates":[38.368889,48.585833]},"properties":{"uid":"mines:d810e230d592","layer":"mines","layer_title":"Рудники, копи, промыслы","group":"economy","title":"Q49460579","category":"рудник","place_text":"Луганская область","region":"Луганская область","date_precision":"unknown","date_approx":false,"url":"https://www.wikidata.org/wiki/Q49460579","source":"Викиданные","source_id":"Q49460579","license":"CC0 (Викиданные)","confidence":"ok"}},{"type":"Feature","id":"mines:c457162807c9","geometry":{"type":"Point","coordinates":[18.966911,50.348467]},"properties":{"uid":"mines:c457162807c9","layer":"mines","layer_title":"Рудники, копи, промыслы","group":"economy","title":"Orzeł Biały mine","category":"рудник","place_text":"Пекары-Слёнске","region":"Пекары-Слёнске","year_from":1851,"year_to":1960,"date_precision":"open","date_approx":true,"period_raw":"с 1851","url":"https://www.wikidata.org/wiki/Q49818315","image_url":"http://commons.wikimedia.org/wiki/Special:FilePath/Krakus%20Kraker%20pit%20Orzel%20Bialy%20Bleischarley%20mine.jpg","source":"Викиданные","source_id":"Q49818315","license":"CC0 (Викиданные)","confidence":"ok"}},{"type":"Feature","id":"mines:7f5beaeee995","geometry":{"type":"Point","coordinates":[51.90285,42.84853]},"properties":{"uid":"mines:7f5beaeee995","layer":"mines","layer_title":"Рудники, копи, промыслы","group":"economy","title":"Ракушечное месторождение","category":"месторождение нефти и газа","place_text":"Мангистауская область","region":"Мангистауская область","date_precision":"unknown","date_approx":false,"url":"https://ru.wikipedia.org/wiki/%D0%A0%D0%B0%D0%BA%D1%83%D1%88%D0%B5%D1%87%D0%BD%D0%BE%D0%B5_%D0%BC%D0%B5%D1%81%D1%82%D0%BE%D1%80%D0%BE%D0%B6%D0%B4%D0%B5%D0%BD%D0%B8%D0%B5","source":"Викиданные","source_id":"Q55659241","license":"CC0 (Викиданные)","confidence":"ok"}},{"type":"Feature","id":"mines:0885f098b82c","geometry":{"type":"Point","coordinates":[58.12,52.17]},"properties":{"uid":"mines:0885f098b82c","layer":"mines","layer_title":"Рудники, копи, промыслы","group":"economy","title":"Юбилейное медно-колчеданное месторождение","category":"месторождение полезных ископаемых","place_text":"Хайбуллинский район","region":"Хайбуллинский район","date_precision":"unknown","date_approx":false,"url":"https://ru.wikipedia.org/wiki/%D0%AE%D0%B1%D0%B8%D0%BB%D0%B5%D0%B9%D0%BD%D0%BE%D0%B5_%D0%BC%D0%B5%D0%B4%D0%BD%D0%BE-%D0%BA%D0%BE%D0%BB%D1%87%D0%B5%D0%B4%D0%B0%D0%BD%D0%BD%D0%BE%D0%B5_%D0%BC%D0%B5%D1%81%D1%82%D0%BE%D1%80%D0%BE%D0%B6%D0%B4%D0%B5%D0%BD%D0%B8%D0%B5","source":"Викиданные","source_id":"Q55659973","license":"CC0 (Викиданные)","confidence":"ok"}},{"type":"Feature","id":"mines:efa107371e1d","geometry":{"type":"Point","coordinates":[37.52446,55.4637]},"properties":{"uid":"mines:efa107371e1d","layer":"mines","layer_title":"Рудники, копи, промыслы","group":"economy","title":"Силикаты (Девятовская)","category":"строительный карьер","place_text":"Девятское","region":"Девятское","year_from":1888,"year_to":1896,"date_precision":"year","date_approx":false,"period_raw":"1888–1896","url":"https://ru.wikipedia.org/wiki/%D0%94%D0%B5%D0%B2%D1%8F%D1%82%D0%BE%D0%B2%D1%81%D0%BA%D0%B8%D0%B5_%D0%BA%D0%B0%D0%BC%D0%B5%D0%BD%D0%BE%D0%BB%D0%BE%D0%BC%D0%BD%D0%B8","image_url":"http://commons.wikimedia.org/wiki/Special:FilePath/%D0%A1%D0%B8%D0%BB%D0%B8%D0%BA%D0%B0%D1%82%D1%8B%2020140301%20071%20%D0%A8%D1%82%D1%80%D0%B5%D0%BA%20%D0%9C%D0%B5%D1%82%D1%80%D0%BE%D0%BF%D0%BE%D0%BB%D0%B8%D1%82%D0%B5%D0%BD%20%2812880885043%29.jpg","source":"Викиданные","source_id":"Q56191974","license":"CC0 (Викиданные)","confidence":"ok"}},{"type":"Feature","id":"mines:d4e8dfca0817","geometry":{"type":"Point","coordinates":[18.859444,50.426722]},"properties":{"uid":"mines:d4e8dfca0817","layer":"mines","layer_title":"Рудники, копи, промыслы","group":"economy","title":"Friedrich-Mine","category":"рудник","place_text":"Тарновске-Гуры","region":"Тарновске-Гуры","year_from":1784,"year_to":1960,"date_precision":"open","date_approx":true,"period_raw":"с 1784","url":"https://www.wikidata.org/wiki/Q56293275","image_url":"http://commons.wikimedia.org/wiki/Special:FilePath/Kopalnia%20Fryderyk%20diorama%201860-70.jpg","source":"Викиданные","source_id":"Q56293275","license":"CC0 (Викиданные)","confidence":"ok"}},{"type":"Feature","id":"mines:47a9b42aed96","geometry":{"type":"Point","coordinates":[113.0,61.6667]},"properties":{"uid":"mines:47a9b42aed96","layer":"mines","layer_title":"Рудники, копи, промыслы","group":"economy","title":"Среднеботуобинское нефтегазоконденсатное месторождение","category":"месторождение полезных ископаемых","date_precision":"unknown","date_approx":false,"url":"https://ru.wikipedia.org/wiki/%D0%A1%D1%80%D0%B5%D0%B4%D0%BD%D0%B5%D0%B1%D0%BE%D1%82%D1%83%D0%BE%D0%B1%D0%B8%D0%BD%D1%81%D0%BA%D0%BE%D0%B5_%D0%BD%D0%B5%D1%84%D1%82%D0%B5%D0%B3%D0%B0%D0%B7%D0%BE%D0%BA%D0%BE%D0%BD%D0%B4%D0%B5%D0%BD%D1%81%D0%B0%D1%82%D0%BD%D0%BE%D0%B5_%D0%BC%D0%B5%D1%81%D1%82%D0%BE%D1%80%D0%BE%D0%B6%D0%B4%D0%B5%D0%BD%D0%B8%D0%B5","source":"Викиданные","source_id":"Q56308066","license":"CC0 (Викиданные)","confidence":"ok"}},{"type":"Feature","id":"mines:246e5e19c663","geometry":{"type":"Point","coordinates":[37.73563,55.4151]},"properties":{"uid":"mines:246e5e19c663","layer":"mines","layer_title":"Рудники, копи, промыслы","group":"economy","title":"Никитские каменоломни","category":"строительный карьер","place_text":"Никитское","region":"Никитское","year_from":1900,"year_to":1960,"date_precision":"open","date_approx":true,"period_raw":"с 1900","url":"https://ru.wikipedia.org/wiki/%D0%9D%D0%B8%D0%BA%D0%B8%D1%82%D1%8B_(%D0%9C%D0%B0%D1%80%D1%82%D1%8C%D1%8F%D0%BD%D0%BE%D0%B2%D1%81%D0%BA%D0%B0%D1%8F)","source":"Викиданные","source_id":"Q56310330","license":"CC0 (Викиданные)","confidence":"ok"}},{"type":"Feature","id":"mines:f061ea269158","geometry":{"type":"Point","coordinates":[19.896389,50.143056]},"properties":{"uid":"mines:f061ea269158","layer":"mines","layer_title":"Рудники, копи, промыслы","group":"economy","title":"Q56337459","category":"строительный карьер","date_precision":"unknown","date_approx":false,"url":"https://www.wikidata.org/wiki/Q56337459","image_url":"http://commons.wikimedia.org/wiki/Special:FilePath/Januszowice%20kamienio%C5%82om%20DK11.jpg","source":"Викиданные","source_id":"Q56337459","license":"CC0 (Викиданные)","confidence":"ok"}},{"type":"Feature","id":"mines:663cd0f72762","geometry":{"type":"Point","coordinates":[18.948322,50.341249]},"properties":{"uid":"mines:663cd0f72762","layer":"mines","layer_title":"Рудники, копи, промыслы","group":"economy","title":"Zakłady Górnicze im. Juliana Marchlewskiego","category":"организация","place_text":"Силезское воеводство","region":"Силезское воеводство","year_from":1921,"year_to":1960,"date_precision":"open","date_approx":true,"period_raw":"с 1921","url":"https://www.wikidata.org/wiki/Q59417309","image_url":"http://commons.wikimedia.org/wiki/Special:FilePath/Neue%20Bleischarley%20mine.jpg","source":"Викиданные","source_id":"Q59417309","license":"CC0 (Викиданные)","confidence":"ok"}},{"type":"Feature","id":"mines:f94fe1ff471f","geometry":{"type":"Point","coordinates":[18.969319,50.348734]},"properties":{"uid":"mines:f94fe1ff471f","layer":"mines","layer_title":"Рудники, копи, промыслы","group":"economy","title":"Zakłady Górniczo-Hutnicze Orzeł Biały","category":"рудник","place_text":"Бытом","region":"Бытом","date_precision":"unknown","date_approx":false,"url":"https://www.wikidata.org/wiki/Q59418398","image_url":"http://commons.wikimedia.org/wiki/Special:FilePath/Krakus%20Kraker%20pit%20Orzel%20Bialy%20Bleischarley%20mine.jpg","source":"Викиданные","source_id":"Q59418398","license":"CC0 (Викиданные)","confidence":"ok"}},{"type":"Feature","id":"mines:ed665df4aa38","geometry":{"type":"Point","coordinates":[35.38396,47.86187]},"properties":{"uid":"mines:ed665df4aa38","layer":"mines","layer_title":"Рудники, копи, промыслы","group":"economy","title":"Янцевский гранитный карьер","category":"строительный карьер","year_from":1886,"year_to":1960,"date_precision":"open","date_approx":true,"period_raw":"с 1886","url":"https://www.wikidata.org/wiki/Q60175166","source":"Викиданные","source_id":"Q60175166","license":"CC0 (Викиданные)","confidence":"ok"}},{"type":"Feature","id":"mines:84bab58079d6","geometry":{"type":"Point","coordinates":[21.488333,55.539722]},"properties":{"uid":"mines:84bab58079d6","layer":"mines","layer_title":"Рудники, копи, промыслы","group":"economy","title":"Diegliai oil field","category":"нефтяное месторождение","date_precision":"unknown","date_approx":false,"url":"https://www.wikidata.org/wiki/Q61387255","source":"Викиданные","source_id":"Q61387255","license":"CC0 (Викиданные)","confidence":"ok"}},{"type":"Feature","id":"mines:a33a6ef6b9ae","geometry":{"type":"Point","coordinates":[27.16219,59.29595]},"properties":{"uid":"mines:a33a6ef6b9ae","layer":"mines","layer_title":"Рудники, копи, промыслы","group":"economy","title":"Ojamaa Mine","category":"рудник","place_text":"Алутагузе","region":"Алутагузе","date_precision":"unknown","date_approx":false,"url":"https://www.wikidata.org/wiki/Q61393297","image_url":"http://commons.wikimedia.org/wiki/Special:FilePath/VKG%20Ojamaa%20kaevandus.jpg","source":"Викиданные","source_id":"Q61393297","license":"CC0 (Викиданные)","confidence":"ok"}},{"type":"Feature","id":"mines:9c78f338b1f7","geometry":{"type":"Point","coordinates":[27.174116,59.350065]},"properties":{"uid":"mines:9c78f338b1f7","layer":"mines","layer_title":"Рудники, копи, промыслы","group":"economy","title":"Kohtla Mine","category":"рудник","place_text":"Волость Йыхви (2025)","region":"Волость Йыхви (2025)","date_precision":"unknown","date_approx":false,"url":"https://www.wikidata.org/wiki/Q61396845","image_url":"http://commons.wikimedia.org/wiki/Special:FilePath/Kohtla%20kaevandus%2094%20%2803%29.jpg","source":"Викиданные","source_id":"Q61396845","license":"CC0 (Викиданные)","confidence":"ok"}},{"type":"Feature","id":"mines:b6ebcbd0eb66","geometry":{"type":"Point","coordinates":[22.671096,58.2531]},"properties":{"uid":"mines:b6ebcbd0eb66","layer":"mines","layer_title":"Рудники, копи, промыслы","group":"economy","title":"Äigu Quarry","category":"строительный карьер","place_text":"Сааремаа","region":"Сааремаа","date_precision":"unknown","date_approx":false,"url":"https://www.wikidata.org/wiki/Q61397704","source":"Викиданные","source_id":"Q61397704","license":"CC0 (Викиданные)","confidence":"ok"}},{"type":"Feature","id":"mines:e8e1903c2f09","geometry":{"type":"Point","coordinates":[24.633508,59.113417]},"properties":{"uid":"mines:e8e1903c2f09","layer":"mines","layer_title":"Рудники, копи, промыслы","group":"economy","title":"Adila quarry","category":"обнажение","date_precision":"unknown","date_approx":false,"url":"https://www.wikidata.org/wiki/Q61397903","source":"Викиданные","source_id":"Q61397903","license":"CC0 (Викиданные)","confidence":"ok"}},{"type":"Feature","id":"mines:d0b99f018f65","geometry":{"type":"Point","coordinates":[24.718611,59.355556]},"properties":{"uid":"mines:d0b99f018f65","layer":"mines","layer_title":"Рудники, копи, промыслы","group":"economy","title":"Väikejärv","category":"озеро","place_text":"Саку","region":"Саку","date_precision":"unknown","date_approx":false,"url":"https://www.wikidata.org/wiki/Q61398254","image_url":"http://commons.wikimedia.org/wiki/Special:FilePath/M%C3%A4nniku%20V%C3%A4ikej%C3%A4rv.jpg","source":"Викиданные","source_id":"Q61398254","license":"CC0 (Викиданные)","confidence":"ok"}},{"type":"Feature","id":"mines:438122606fdb","geometry":{"type":"Point","coordinates":[27.509167,65.485]},"properties":{"uid":"mines:438122606fdb","layer":"mines","layer_title":"Рудники, копи, промыслы","group":"economy","title":"Q63103817","category":"рудник","place_text":"Пудасъярви","region":"Пудасъярви","date_precision":"unknown","date_approx":false,"url":"https://www.wikidata.org/wiki/Q63103817","source":"Викиданные","source_id":"Q63103817","license":"CC0 (Викиданные)","confidence":"ok"}},{"type":"Feature","id":"mines:6f71e959fcbd","geometry":{"type":"Point","coordinates":[23.241944,62.576111]},"properties":{"uid":"mines:6f71e959fcbd","layer":"mines","layer_title":"Рудники, копи, промыслы","group":"economy","title":"Q63103826","category":"рудник","place_text":"Сейняйоки","region":"Сейняйоки","date_precision":"unknown","date_approx":false,"url":"https://www.wikidata.org/wiki/Q63103826","source":"Викиданные","source_id":"Q63103826","license":"CC0 (Викиданные)","confidence":"ok"}},{"type":"Feature","id":"mines:4d04634fe3c4","geometry":{"type":"Point","coordinates":[23.976667,63.1325]},"properties":{"uid":"mines:4d04634fe3c4","layer":"mines","layer_title":"Рудники, копи, промыслы","group":"economy","title":"Q63103837","category":"рудник","place_text":"Вимпели","region":"Вимпели","date_precision":"unknown","date_approx":false,"url":"https://www.wikidata.org/wiki/Q63103837","source":"Викиданные","source_id":"Q63103837","license":"CC0 (Викиданные)","confidence":"ok"}},{"type":"Feature","id":"mines:e2341c350212","geometry":{"type":"Point","coordinates":[24.015556,63.150833]},"properties":{"uid":"mines:e2341c350212","layer":"mines","layer_title":"Рудники, копи, промыслы","group":"economy","title":"Q63103848","category":"рудник","place_text":"Вимпели","region":"Вимпели","date_precision":"unknown","date_approx":false,"url":"https://www.wikidata.org/wiki/Q63103848","source":"Викиданные","source_id":"Q63103848","license":"CC0 (Викиданные)","confidence":"ok"}},{"type":"Feature","id":"mines:81d2dd9515d1","geometry":{"type":"Point","coordinates":[24.123611,61.231944]},"properties":{"uid":"mines:81d2dd9515d1","layer":"mines","layer_title":"Рудники, копи, промыслы","group":"economy","title":"Q63103859","category":"рудник","place_text":"Валкеакоски","region":"Валкеакоски","date_precision":"unknown","date_approx":false,"url":"https://www.wikidata.org/wiki/Q63103859","source":"Викиданные","source_id":"Q63103859","license":"CC0 (Викиданные)","confidence":"ok"}},{"type":"Feature","id":"mines:0ea160f83ec6","geometry":{"type":"Point","coordinates":[22.6375,61.055]},"properties":{"uid":"mines:0ea160f83ec6","layer":"mines","layer_title":"Рудники, копи, промыслы","group":"economy","title":"Q63103873","category":"рудник","place_text":"Гуйттинен","region":"Гуйттинен","date_precision":"unknown","date_approx":false,"url":"https://www.wikidata.org/wiki/Q63103873","source":"Викиданные","source_id":"Q63103873","license":"CC0 (Викиданные)","confidence":"ok"}},{"type":"Feature","id":"mines:99b7d9e1612c","geometry":{"type":"Point","coordinates":[19.234309,50.876103]},"properties":{"uid":"mines:99b7d9e1612c","layer":"mines","layer_title":"Рудники, копи, промыслы","group":"economy","title":"Q63213006","category":"строительный карьер","date_precision":"unknown","date_approx":false,"url":"https://www.wikidata.org/wiki/Q63213006","source":"Викиданные","source_id":"Q63213006","license":"CC0 (Викиданные)","confidence":"ok"}},{"type":"Feature","id":"mines:9ae420f0a27b","geometry":{"type":"Point","coordinates":[19.591944,50.159167]},"properties":{"uid":"mines:9ae420f0a27b","layer":"mines","layer_title":"Рудники, копи, промыслы","group":"economy","title":"Q63954609","category":"строительный карьер","place_text":"Miękinia, Lesser Poland Voivodeship","region":"Miękinia, Lesser Poland Voivodeship","date_precision":"unknown","date_approx":false,"url":"https://www.wikidata.org/wiki/Q63954609","image_url":"http://commons.wikimedia.org/wiki/Special:FilePath/Kamienio%C5%82omporfiruMiekinia%20DK33%20%282%29.jpg","source":"Викиданные","source_id":"Q63954609","license":"CC0 (Викиданные)","confidence":"ok"}},{"type":"Feature","id":"mines:8c35c5f66ba6","geometry":{"type":"Point","coordinates":[19.671806,50.164583]},"properties":{"uid":"mines:8c35c5f66ba6","layer":"mines","layer_title":"Рудники, копи, промыслы","group":"economy","title":"Łom Karmelicki","category":"строительный карьер","date_precision":"unknown","date_approx":false,"url":"https://www.wikidata.org/wiki/Q65168463","image_url":"http://commons.wikimedia.org/wiki/Special:FilePath/Karmelicki%20%C5%81om%20DK32.jpg","source":"Викиданные","source_id":"Q65168463","license":"CC0 (Викиданные)","confidence":"ok"}},{"type":"Feature","id":"mines:7f597a6dd11c","geometry":{"type":"Point","coordinates":[19.670833,50.162389]},"properties":{"uid":"mines:7f597a6dd11c","layer":"mines","layer_title":"Рудники, копи, промыслы","group":"economy","title":"Q65175022","category":"строительный карьер","date_precision":"unknown","date_approx":false,"url":"https://www.wikidata.org/wiki/Q65175022","source":"Викиданные","source_id":"Q65175022","license":"CC0 (Викиданные)","confidence":"ok"}},{"type":"Feature","id":"mines:e2945215fdfe","geometry":{"type":"Point","coordinates":[19.686111,50.164583]},"properties":{"uid":"mines:e2945215fdfe","layer":"mines","layer_title":"Рудники, копи, промыслы","group":"economy","title":"Łom Hrabski","category":"строительный карьер","place_text":"Dubie, Lesser Poland Voivodeship","region":"Dubie, Lesser Poland Voivodeship","date_precision":"unknown","date_approx":false,"url":"https://www.wikidata.org/wiki/Q65190661","image_url":"http://commons.wikimedia.org/wiki/Special:FilePath/%C5%81om%20Hrabski%20P%20%282%29.jpg","source":"Викиданные","source_id":"Q65190661","license":"CC0 (Викиданные)","confidence":"ok"}},{"type":"Feature","id":"mines:011c1d873bb5","geometry":{"type":"Point","coordinates":[26.443573,59.40709]},"properties":{"uid":"mines:011c1d873bb5","layer":"mines","layer_title":"Рудники, копи, промыслы","group":"economy","title":"Ubja Oil Shale Quarry","category":"строительный карьер","place_text":"Раквере","region":"Раквере","date_precision":"unknown","date_approx":false,"url":"https://www.wikidata.org/wiki/Q65259842","image_url":"http://commons.wikimedia.org/wiki/Special:FilePath/Ubja%20p%C3%B5levkivikarj%C3%A4%C3%A4r.jpg","source":"Викиданные","source_id":"Q65259842","license":"CC0 (Викиданные)","confidence":"ok"}},{"type":"Feature","id":"mines:36f3eddebada","geometry":{"type":"Point","coordinates":[21.5636,50.9257]},"properties":{"uid":"mines:36f3eddebada","layer":"mines","layer_title":"Рудники, копи, промыслы","group":"economy","title":"Borownia Mining Field","category":"рудник","place_text":"Borownia","region":"Borownia","date_precision":"unknown","date_approx":false,"url":"https://www.wikidata.org/wiki/Q66057047","source":"Викиданные","source_id":"Q66057047","license":"CC0 (Викиданные)","confidence":"ok"}},{"type":"Feature","id":"mines:d2c005963e8e","geometry":{"type":"Point","coordinates":[21.6045,50.9116]},"properties":{"uid":"mines:d2c005963e8e","layer":"mines","layer_title":"Рудники, копи, промыслы","group":"economy","title":"Korycizna Mining Field","category":"рудник","place_text":"Ожарув","region":"Ожарув","date_precision":"unknown","date_approx":false,"url":"https://www.wikidata.org/wiki/Q66057049","source":"Викиданные","source_id":"Q66057049","license":"CC0 (Викиданные)","confidence":"ok"}},{"type":"Feature","id":"mines:1dfb4da26da3","geometry":{"type":"Point","coordinates":[32.8,67.872778]},"properties":{"uid":"mines:1dfb4da26da3","layer":"mines","layer_title":"Рудники, копи, промыслы","group":"economy","title":"Monchetundra ore field","category":"месторождение полезных ископаемых","place_text":"Мурманская область","region":"Мурманская область","date_precision":"unknown","date_approx":false,"url":"https://www.wikidata.org/wiki/Q68768898","source":"Викиданные","source_id":"Q68768898","license":"CC0 (Викиданные)","confidence":"ok"}},{"type":"Feature","id":"mines:7b0b9aac5aa9","geometry":{"type":"Point","coordinates":[19.948889,50.041389]},"properties":{"uid":"mines:7b0b9aac5aa9","layer":"mines","layer_title":"Рудники, копи, промыслы","group":"economy","title":"Szkoła Twardowskiego","category":"строительный карьер","place_text":"Краков","region":"Краков","date_precision":"unknown","date_approx":false,"url":"https://www.wikidata.org/wiki/Q75085443","image_url":"http://commons.wikimedia.org/wiki/Special:FilePath/Park%20Bednarskiego%20DK48%20%286%29.jpg","source":"Викиданные","source_id":"Q75085443","license":"CC0 (Викиданные)","confidence":"ok"}},{"type":"Feature","id":"mines:4e009e871ed8","geometry":{"type":"Point","coordinates":[60.562778,55.811667]},"properties":{"uid":"mines:4e009e871ed8","layer":"mines","layer_title":"Рудники, копи, промыслы","group":"economy","title":"Mochalin Log REE deposit","category":"месторождение полезных ископаемых","place_text":"Челябинская область","region":"Челябинская область","date_precision":"unknown","date_approx":false,"url":"https://www.wikidata.org/wiki/Q76771415","source":"Викиданные","source_id":"Q76771415","license":"CC0 (Викиданные)","confidence":"ok"}},{"type":"Feature","id":"mines:319dd53dd84f","geometry":{"type":"Point","coordinates":[19.914985,50.040129]},"properties":{"uid":"mines:319dd53dd84f","layer":"mines","layer_title":"Рудники, копи, промыслы","group":"economy","title":"Q86676161","category":"строительный карьер","place_text":"Дзельница VIII Дембники","region":"Дзельница VIII Дембники","date_precision":"unknown","date_approx":false,"url":"https://www.wikidata.org/wiki/Q86676161","image_url":"http://commons.wikimedia.org/wiki/Special:FilePath/Kapelanka%20Krak%C3%B3w%20DK46.jpg","source":"Викиданные","source_id":"Q86676161","license":"CC0 (Викиданные)","confidence":"ok"}},{"type":"Feature","id":"mines:143c52d675a1","geometry":{"type":"Point","coordinates":[19.904491,50.042555]},"properties":{"uid":"mines:143c52d675a1","layer":"mines","layer_title":"Рудники, копи, промыслы","group":"economy","title":"Q86676332","category":"строительный карьер","place_text":"Дзельница VIII Дембники","region":"Дзельница VIII Дембники","date_precision":"unknown","date_approx":false,"url":"https://www.wikidata.org/wiki/Q86676332","image_url":"http://commons.wikimedia.org/wiki/Special:FilePath/Ska%C5%82ki%20Twardowskiego%20DK45%20%283%29.jpg","source":"Викиданные","source_id":"Q86676332","license":"CC0 (Викиданные)","confidence":"ok"}},{"type":"Feature","id":"mines:e783ef95d126","geometry":{"type":"Point","coordinates":[19.909722,50.037222]},"properties":{"uid":"mines:e783ef95d126","layer":"mines","layer_title":"Рудники, копи, промыслы","group":"economy","title":"Q86676349","category":"строительный карьер","place_text":"Краков","region":"Краков","year_from":1800,"year_to":1992,"date_precision":"open","date_approx":true,"period_raw":"до 1992","url":"https://www.wikidata.org/wiki/Q86676349","image_url":"http://commons.wikimedia.org/wiki/Special:FilePath/Zakrz%C3%B3wek%20%28Krak%C3%B3w%29-kamieniolom.jpg","source":"Викиданные","source_id":"Q86676349","license":"CC0 (Викиданные)","confidence":"ok"}},{"type":"Feature","id":"mines:4304d690b7fc","geometry":{"type":"Point","coordinates":[19.898333,50.036389]},"properties":{"uid":"mines:4304d690b7fc","layer":"mines","layer_title":"Рудники, копи, промыслы","group":"economy","title":"Q86676415","category":"строительный карьер","place_text":"Дзельница VIII Дембники","region":"Дзельница VIII Дембники","date_precision":"unknown","date_approx":false,"url":"https://www.wikidata.org/wiki/Q86676415","image_url":"http://commons.wikimedia.org/wiki/Special:FilePath/%C5%81om%20Bergera%20DK48%20%284%29.jpg","source":"Викиданные","source_id":"Q86676415","license":"CC0 (Викиданные)","confidence":"ok"}},{"type":"Feature","id":"mines:d15e9c39535f","geometry":{"type":"Point","coordinates":[19.873889,50.035833]},"properties":{"uid":"mines:d15e9c39535f","layer":"mines","layer_title":"Рудники, копи, промыслы","group":"economy","title":"Q86676511","category":"строительный карьер","date_precision":"unknown","date_approx":false,"url":"https://www.wikidata.org/wiki/Q86676511","source":"Викиданные","source_id":"Q86676511","license":"CC0 (Викиданные)","confidence":"ok"}},{"type":"Feature","id":"mines:927830e18062","geometry":{"type":"Point","coordinates":[19.944722,50.037167]},"properties":{"uid":"mines:927830e18062","layer":"mines","layer_title":"Рудники, копи, промыслы","group":"economy","title":"Q86677739","category":"строительный карьер","date_precision":"unknown","date_approx":false,"url":"https://www.wikidata.org/wiki/Q86677739","source":"Викиданные","source_id":"Q86677739","license":"CC0 (Викиданные)","confidence":"ok"}},{"type":"Feature","id":"mines:484ab925dfc7","geometry":{"type":"Point","coordinates":[19.966944,50.032083]},"properties":{"uid":"mines:484ab925dfc7","layer":"mines","layer_title":"Рудники, копи, промыслы","group":"economy","title":"Q86677804","category":"строительный карьер","place_text":"Дзельница XIII Подгуже","region":"Дзельница XIII Подгуже","date_precision":"unknown","date_approx":false,"url":"https://www.wikidata.org/wiki/Q86677804","image_url":"http://commons.wikimedia.org/wiki/Special:FilePath/P%C5%82asz%C3%B3w%20kamienio%C5%82om%20DK48.jpg","source":"Викиданные","source_id":"Q86677804","license":"CC0 (Викиданные)","confidence":"ok"}},{"type":"Feature","id":"mines:f335dd2d7977","geometry":{"type":"Point","coordinates":[19.9625,50.035556]},"properties":{"uid":"mines:f335dd2d7977","layer":"mines","layer_title":"Рудники, копи, промыслы","group":"economy","title":"Q86677975","category":"парк","place_text":"Дзельница XIII Подгуже","region":"Дзельница XIII Подгуже","date_precision":"unknown","date_approx":false,"url":"https://www.wikidata.org/wiki/Q86677975","image_url":"http://commons.wikimedia.org/wiki/Special:FilePath/Kamienio%C5%82om%20Miejski%20DK49%20%285%29.jpg","source":"Викиданные","source_id":"Q86677975","license":"CC0 (Викиданные)","confidence":"ok"}},{"type":"Feature","id":"mines:5d3f1f204947","geometry":{"type":"Point","coordinates":[19.682528,50.237278]},"properties":{"uid":"mines:5d3f1f204947","layer":"mines","layer_title":"Рудники, копи, промыслы","group":"economy","title":"Q86682892","category":"строительный карьер","date_precision":"unknown","date_approx":false,"url":"https://www.wikidata.org/wiki/Q86682892","image_url":"http://commons.wikimedia.org/wiki/Special:FilePath/Kamienio%C5%82om%20w%20Zimnym%20Dole%20DK37%20%282%29.jpg","source":"Викиданные","source_id":"Q86682892","license":"CC0 (Викиданные)","confidence":"ok"}},{"type":"Feature","id":"mines:e1aa3be40459","geometry":{"type":"Point","coordinates":[23.844167,49.078333]},"properties":{"uid":"mines:e1aa3be40459","layer":"mines","layer_title":"Рудники, копи, промыслы","group":"economy","title":"Bolekhiv Saline","category":"солеварня","place_text":"Болехов","region":"Болехов","year_from":1855,"year_to":1960,"date_precision":"open","date_approx":true,"period_raw":"с 1855","url":"https://www.wikidata.org/wiki/Q90797169","image_url":"http://commons.wikimedia.org/wiki/Special:FilePath/2.%20%D0%91%D0%BE%D0%BB%D0%B5%D1%85%D1%96%D0%B2%20%28%D0%A1%D0%BE%D0%BB%D0%B5%D0%B2%D0%B0%D1%80%D0%BD%D1%8F.jpg","source":"Викиданные","source_id":"Q90797169","license":"CC0 (Викиданные)","confidence":"ok"}},{"type":"Feature","id":"mines:2f2d1a2a9fc7","geometry":{"type":"Point","coordinates":[22.773128,58.801392]},"properties":{"uid":"mines:2f2d1a2a9fc7","layer":"mines","layer_title":"Рудники, копи, промыслы","group":"economy","title":"Käina seamud deposit","category":"месторождение полезных ископаемых","place_text":"Хийумаа","region":"Хийумаа","date_precision":"unknown","date_approx":false,"url":"https://www.wikidata.org/wiki/Q94997030","source":"Викиданные","source_id":"Q94997030","license":"CC0 (Викиданные)","confidence":"ok"}},{"type":"Feature","id":"mines:60e12b5b9634","geometry":{"type":"Point","coordinates":[62.05727,55.350621]},"properties":{"uid":"mines:60e12b5b9634","layer":"mines","layer_title":"Рудники, копи, промыслы","group":"economy","title":"Miass Placer Zone","category":"месторождение полезных ископаемых","place_text":"Челябинская область","region":"Челябинская область","date_precision":"unknown","date_approx":false,"url":"https://www.wikidata.org/wiki/Q96886053","source":"Викиданные","source_id":"Q96886053","license":"CC0 (Викиданные)","confidence":"ok"}},{"type":"Feature","id":"mines:9148e44fbd2c","geometry":{"type":"Point","coordinates":[19.688889,50.108333]},"properties":{"uid":"mines:9148e44fbd2c","layer":"mines","layer_title":"Рудники, копи, промыслы","group":"economy","title":"Q97159644","category":"строительный карьер","date_precision":"unknown","date_approx":false,"url":"https://www.wikidata.org/wiki/Q97159644","source":"Викиданные","source_id":"Q97159644","license":"CC0 (Викиданные)","confidence":"ok"}},{"type":"Feature","id":"mines:1a009d465dce","geometry":{"type":"Point","coordinates":[19.093233,50.301634]},"properties":{"uid":"mines:1a009d465dce","layer":"mines","layer_title":"Рудники, копи, промыслы","group":"economy","title":"Czeladź coal mine","category":"рудник","place_text":"Челядзь","region":"Челядзь","date_precision":"unknown","date_approx":false,"url":"https://www.wikidata.org/wiki/Q97183942","image_url":"http://commons.wikimedia.org/wiki/Special:FilePath/Czeladz%20mine%20Piotr%20Pawel%20pitheads%20postcard.jpg","source":"Викиданные","source_id":"Q97183942","license":"CC0 (Викиданные)","confidence":"ok"}},{"type":"Feature","id":"mines:9b9097ba8693","geometry":{"type":"Point","coordinates":[44.565085,40.224582]},"properties":{"uid":"mines:9b9097ba8693","layer":"mines","layer_title":"Рудники, копи, промыслы","group":"economy","title":"Аванский Солекомбинат","category":"рудник","year_from":1967,"year_to":1967,"date_precision":"open","date_approx":true,"period_raw":"с 1967","url":"https://www.wikidata.org/wiki/Q97209214","source":"Викиданные","source_id":"Q97209214","license":"CC0 (Викиданные)","confidence":"ok"}},{"type":"Feature","id":"mines:8940c15e5c71","geometry":{"type":"Point","coordinates":[27.465565,59.315817]},"properties":{"uid":"mines:8940c15e5c71","layer":"mines","layer_title":"Рудники, копи, промыслы","group":"economy","title":"Ahtme Mine","category":"рудник","place_text":"Кохтла-Ярве","region":"Кохтла-Ярве","date_precision":"unknown","date_approx":false,"url":"https://www.wikidata.org/wiki/Q97213392","source":"Викиданные","source_id":"Q97213392","license":"CC0 (Викиданные)","confidence":"ok"}},{"type":"Feature","id":"mines:340e0105078c","geometry":{"type":"Point","coordinates":[28.58883,49.51755]},"properties":{"uid":"mines:340e0105078c","layer":"mines","layer_title":"Рудники, копи, промыслы","group":"economy","title":"Черепашинецкий карьер","category":"озеро","date_precision":"unknown","date_approx":false,"url":"https://www.wikidata.org/wiki/Q97369581","image_url":"http://commons.wikimedia.org/wiki/Special:FilePath/Quarry%20in%20Cherepashyntsi%202021%20G15.jpg","source":"Викиданные","source_id":"Q97369581","license":"CC0 (Викиданные)","confidence":"ok"}},{"type":"Feature","id":"mines:e495f7cce0a1","geometry":{"type":"Point","coordinates":[108.0,59.03]},"properties":{"uid":"mines:e495f7cce0a1","layer":"mines","layer_title":"Рудники, копи, промыслы","group":"economy","title":"Nepskoe potassium salt deposit","category":"месторождение полезных ископаемых","place_text":"Иркутская область","region":"Иркутская область","date_precision":"unknown","date_approx":false,"url":"https://www.wikidata.org/wiki/Q98577458","source":"Викиданные","source_id":"Q98577458","license":"CC0 (Викиданные)","confidence":"ok"}},{"type":"Feature","id":"mines:4d42f386f1b2","geometry":{"type":"Point","coordinates":[160.85,57.593333]},"properties":{"uid":"mines:4d42f386f1b2","layer":"mines","layer_title":"Рудники, копи, промыслы","group":"economy","title":"Озерновское золоторудное месторождение","category":"месторождение полезных ископаемых","place_text":"Камчатский край","region":"Камчатский край","date_precision":"unknown","date_approx":false,"url":"https://www.wikidata.org/wiki/Q98592830","source":"Викиданные","source_id":"Q98592830","license":"CC0 (Викиданные)","confidence":"ok"}},{"type":"Feature","id":"mines:a2a28d83250f","geometry":{"type":"Point","coordinates":[58.781667,58.506111]},"properties":{"uid":"mines:a2a28d83250f","layer":"mines","layer_title":"Рудники, копи, промыслы","group":"economy","title":"Saranovskii Mine","category":"рудник","place_text":"Сараны","region":"Сараны","date_precision":"unknown","date_approx":false,"url":"https://www.wikidata.org/wiki/Q98592852","source":"Викиданные","source_id":"Q98592852","license":"CC0 (Викиданные)","confidence":"ok"}},{"type":"Feature","id":"mines:89b35f01d5c0","geometry":{"type":"Point","coordinates":[71.867778,37.195278]},"properties":{"uid":"mines:89b35f01d5c0","layer":"mines","layer_title":"Рудники, копи, промыслы","group":"economy","title":"Leskhozovskiy granitic pegmatite","category":"месторождение полезных ископаемых","place_text":"Горно-Бадахшанская автономная область","region":"Горно-Бадахшанская автономная область","date_precision":"unknown","date_approx":false,"url":"https://www.wikidata.org/wiki/Q98593175","source":"Викиданные","source_id":"Q98593175","license":"CC0 (Викиданные)","confidence":"ok"}},{"type":"Feature","id":"mines:4cd2842a1e82","geometry":{"type":"Point","coordinates":[74.76,41.71]},"properties":{"uid":"mines:4cd2842a1e82","layer":"mines","layer_title":"Рудники, копи, промыслы","group":"economy","title":"Каракеченское буроугольное месторождение","category":"угольное месторождение","date_precision":"unknown","date_approx":false,"url":"https://ru.wikipedia.org/wiki/%D0%9A%D0%B0%D1%80%D0%B0%D0%BA%D0%B5%D1%87%D0%B5%D0%BD%D1%81%D0%BA%D0%BE%D0%B5_%D0%B1%D1%83%D1%80%D0%BE%D1%83%D0%B3%D0%BE%D0%BB%D1%8C%D0%BD%D0%BE%D0%B5_%D0%BC%D0%B5%D1%81%D1%82%D0%BE%D1%80%D0%BE%D0%B6%D0%B4%D0%B5%D0%BD%D0%B8%D0%B5","image_url":"http://commons.wikimedia.org/wiki/Special:FilePath/Kyzyl-Oy%20to%20Son-Kul%20%2842729164980%29.jpg","source":"Викиданные","source_id":"Q99445786","license":"CC0 (Викиданные)","confidence":"ok"}},{"type":"Feature","id":"mines:807b1a365dfd","geometry":{"type":"Point","coordinates":[35.583889,67.484722]},"properties":{"uid":"mines:807b1a365dfd","layer":"mines","layer_title":"Рудники, копи, промыслы","group":"economy","title":"Kievey Fedorovo-Pana layered intrusion","category":"месторождение полезных ископаемых","place_text":"Мурманская область","region":"Мурманская область","date_precision":"unknown","date_approx":false,"url":"https://www.wikidata.org/wiki/Q101109621","source":"Викиданные","source_id":"Q101109621","license":"CC0 (Викиданные)","confidence":"ok"}},{"type":"Feature","id":"mines:6321886b36d4","geometry":{"type":"Point","coordinates":[113.715833,62.461667]},"properties":{"uid":"mines:6321886b36d4","layer":"mines","layer_title":"Рудники, копи, промыслы","group":"economy","title":"Internatsionalnaya kimberlite pipe","category":"месторождение полезных ископаемых","place_text":"Мирный","region":"Мирный","date_precision":"unknown","date_approx":false,"url":"https://www.wikidata.org/wiki/Q101109984","source":"Викиданные","source_id":"Q101109984","license":"CC0 (Викиданные)","confidence":"ok"}},{"type":"Feature","id":"mines:942f27b309f0","geometry":{"type":"Point","coordinates":[70.2489,39.5893]},"properties":{"uid":"mines:942f27b309f0","layer":"mines","layer_title":"Рудники, копи, промыслы","group":"economy","title":"Karasu-Karavshinskoye Sn-deposit","category":"месторождение полезных ископаемых","place_text":"Баткенская область","region":"Баткенская область","date_precision":"unknown","date_approx":false,"url":"https://www.wikidata.org/wiki/Q101752169","source":"Викиданные","source_id":"Q101752169","license":"CC0 (Викиданные)","confidence":"ok"}},{"type":"Feature","id":"mines:a29cb39dcc87","geometry":{"type":"Point","coordinates":[46.091,40.595]},"properties":{"uid":"mines:a29cb39dcc87","layer":"mines","layer_title":"Рудники, копи, промыслы","group":"economy","title":"Човдарское золоторудное месторождение","category":"месторождение полезных ископаемых","date_precision":"unknown","date_approx":false,"url":"https://ru.wikipedia.org/wiki/%D0%A7%D0%BE%D0%B2%D0%B4%D0%B0%D1%80%D1%81%D0%BA%D0%BE%D0%B5_%D0%B7%D0%BE%D0%BB%D0%BE%D1%82%D0%BE%D1%80%D1%83%D0%B4%D0%BD%D0%BE%D0%B5_%D0%BC%D0%B5%D1%81%D1%82%D0%BE%D1%80%D0%BE%D0%B6%D0%B4%D0%B5%D0%BD%D0%B8%D0%B5","image_url":"http://commons.wikimedia.org/wiki/Special:FilePath/%D0%9F%D0%B5%D1%80%D0%B5%D1%80%D0%B0%D0%B1%D0%B0%D1%82%D1%8B%D0%B2%D0%B0%D1%8E%D1%89%D0%B8%D0%B9%20%D0%BA%D0%BE%D0%BC%D0%BF%D0%BB%D0%B5%D0%BA%D1%81%20%D0%A7%D0%BE%D0%B2%D0%B4%D0%B0%D1%80.jpg","source":"Викиданные","source_id":"Q102685938","license":"CC0 (Викиданные)","confidence":"ok"}},{"type":"Feature","id":"mines:ae4b4e601ba9","geometry":{"type":"Point","coordinates":[19.058222,50.21575]},"properties":{"uid":"mines:ae4b4e601ba9","layer":"mines","layer_title":"Рудники, копи, промыслы","group":"economy","title":"Q103829126","category":"рудник","place_text":"Катовице","region":"Катовице","date_precision":"unknown","date_approx":false,"url":"https://www.wikidata.org/wiki/Q103829126","source":"Викиданные","source_id":"Q103829126","license":"CC0 (Викиданные)","confidence":"ok"}},{"type":"Feature","id":"mines:72485af3d42e","geometry":{"type":"Point","coordinates":[124.573056,56.718611]},"properties":{"uid":"mines:72485af3d42e","layer":"mines","layer_title":"Рудники, копи, промыслы","group":"economy","title":"Нерюнгринское угольное месторождение","category":"угольное месторождение","place_text":"Нерюнгринский район","region":"Нерюнгринский район","date_precision":"unknown","date_approx":false,"url":"https://ru.wikipedia.org/wiki/%D0%9D%D0%B5%D1%80%D1%8E%D0%BD%D0%B3%D1%80%D0%B8%D0%BD%D1%81%D0%BA%D0%BE%D0%B5_%D1%83%D0%B3%D0%BE%D0%BB%D1%8C%D0%BD%D0%BE%D0%B5_%D0%BC%D0%B5%D1%81%D1%82%D0%BE%D1%80%D0%BE%D0%B6%D0%B4%D0%B5%D0%BD%D0%B8%D0%B5","source":"Викиданные","source_id":"Q105630348","license":"CC0 (Викиданные)","confidence":"ok"}},{"type":"Feature","id":"mines:dba0b0e67e85","geometry":{"type":"Point","coordinates":[58.8,54.925833]},"properties":{"uid":"mines:dba0b0e67e85","layer":"mines","layer_title":"Рудники, копи, промыслы","group":"economy","title":"Q105809996","category":"рудник","place_text":"Челябинская область","region":"Челябинская область","date_precision":"unknown","date_approx":false,"url":"https://www.wikidata.org/wiki/Q105809996","source":"Викиданные","source_id":"Q105809996","license":"CC0 (Викиданные)","confidence":"ok"}},{"type":"Feature","id":"mines:762109cc163e","geometry":{"type":"Point","coordinates":[57.693056,51.407222]},"properties":{"uid":"mines:762109cc163e","layer":"mines","layer_title":"Рудники, копи, промыслы","group":"economy","title":"Q105994822","category":"месторождение полезных ископаемых","place_text":"Оренбургская область","region":"Оренбургская область","date_precision":"unknown","date_approx":false,"url":"https://www.wikidata.org/wiki/Q105994822","source":"Викиданные","source_id":"Q105994822","license":"CC0 (Викиданные)","confidence":"ok"}},{"type":"Feature","id":"mines:fa4581382c91","geometry":{"type":"Point","coordinates":[33.570659,44.516842]},"properties":{"uid":"mines:fa4581382c91","layer":"mines","layer_title":"Рудники, копи, промыслы","group":"economy","title":"Кадыковский карьер","category":"водохранилище","place_text":"Автономная Республика Крым","region":"Автономная Республика Крым","date_precision":"unknown","date_approx":false,"url":"https://ru.wikipedia.org/wiki/%D0%9A%D0%B0%D0%B4%D1%8B%D0%BA%D0%BE%D0%B2%D1%81%D0%BA%D0%B8%D0%B9_%D0%BA%D0%B0%D1%80%D1%8C%D0%B5%D1%80","image_url":"http://commons.wikimedia.org/wiki/Special:FilePath/Kar%27er.jpg","source":"Викиданные","source_id":"Q106079909","license":"CC0 (Викиданные)","confidence":"ok"}},{"type":"Feature","id":"mines:b73d08fbd84e","geometry":{"type":"Point","coordinates":[18.793286,50.314699]},"properties":{"uid":"mines:b73d08fbd84e","layer":"mines","layer_title":"Рудники, копи, промыслы","group":"economy","title":"Concordia coal mine","category":"рудник","place_text":"Забже","region":"Забже","date_precision":"unknown","date_approx":false,"url":"https://www.wikidata.org/wiki/Q106417788","image_url":"http://commons.wikimedia.org/wiki/Special:FilePath/Concordia%20coal%20mine%20Zabrze%201934.jpg","source":"Викиданные","source_id":"Q106417788","license":"CC0 (Викиданные)","confidence":"ok"}},{"type":"Feature","id":"mines:da0c4231eca0","geometry":{"type":"Point","coordinates":[31.257778,62.985833]},"properties":{"uid":"mines:da0c4231eca0","layer":"mines","layer_title":"Рудники, копи, промыслы","group":"economy","title":"Pampalo mine","category":"рудник","place_text":"Иломантси","region":"Иломантси","date_precision":"unknown","date_approx":false,"url":"https://www.wikidata.org/wiki/Q106613540","source":"Викиданные","source_id":"Q106613540","license":"CC0 (Викиданные)","confidence":"ok"}},{"type":"Feature","id":"mines:218ed0c8a450","geometry":{"type":"Point","coordinates":[28.64125,50.29329]},"properties":{"uid":"mines:218ed0c8a450","layer":"mines","layer_title":"Рудники, копи, промыслы","group":"economy","title":"Sokolovsky quarry","category":"водный объект","place_text":"Житомир","region":"Житомир","date_precision":"unknown","date_approx":false,"url":"https://www.wikidata.org/wiki/Q106901313","image_url":"http://commons.wikimedia.org/wiki/Special:FilePath/%D0%A1%D0%BE%D0%BA%D0%BE%D0%BB%D0%BE%D0%B2%D1%81%D1%8C%D0%BA%D0%B8%D0%B9%20%D0%BA%D0%B0%D1%80%27%D1%94%D1%80%2003.jpg","source":"Викиданные","source_id":"Q106901313","license":"CC0 (Викиданные)","confidence":"ok"}},{"type":"Feature","id":"mines:7da3a17d8cdf","geometry":{"type":"Point","coordinates":[32.914611,48.689528]},"properties":{"uid":"mines:7da3a17d8cdf","layer":"mines","layer_title":"Рудники, копи, промыслы","group":"economy","title":"Морозовский угольный разрез","category":"карьерное озеро","place_text":"Александрийский район","region":"Александрийский район","year_from":1970,"year_to":2009,"date_precision":"year","date_approx":false,"period_raw":"1970–2009","url":"https://www.wikidata.org/wiki/Q107567087","image_url":"http://commons.wikimedia.org/wiki/Special:FilePath/Morozivskyi%20Quarry%20%282021-05-03%29%2005.jpg","source":"Викиданные","source_id":"Q107567087","license":"CC0 (Викиданные)","confidence":"ok"}},{"type":"Feature","id":"mines:2f93237ac107","geometry":{"type":"Point","coordinates":[28.666071,51.025509]},"properties":{"uid":"mines:2f93237ac107","layer":"mines","layer_title":"Рудники, копи, промыслы","group":"economy","title":"Behiv Quarry","category":"строительный карьер","place_text":"Бехи","region":"Бехи","year_from":2006,"year_to":2006,"date_precision":"open","date_approx":true,"period_raw":"с 2006","url":"https://www.wikidata.org/wiki/Q107584890","source":"Викиданные","source_id":"Q107584890","license":"CC0 (Викиданные)","confidence":"ok"}},{"type":"Feature","id":"mines:bc52d7c35e96","geometry":{"type":"Point","coordinates":[46.56,38.923]},"properties":{"uid":"mines:bc52d7c35e96","layer":"mines","layer_title":"Рудники, копи, промыслы","group":"economy","title":"Вежнали (золоторудное месторождение)","category":"рудник","place_text":"Вежнали","region":"Вежнали","date_precision":"unknown","date_approx":false,"url":"https://ru.wikipedia.org/wiki/%D0%92%D0%B5%D0%B6%D0%BD%D0%B0%D0%BB%D0%B8_(%D0%B7%D0%BE%D0%BB%D0%BE%D1%82%D0%BE%D1%80%D1%83%D0%B4%D0%BD%D0%BE%D0%B5_%D0%BC%D0%B5%D1%81%D1%82%D0%BE%D1%80%D0%BE%D0%B6%D0%B4%D0%B5%D0%BD%D0%B8%D0%B5)","source":"Викиданные","source_id":"Q107585281","license":"CC0 (Викиданные)","confidence":"ok"}},{"type":"Feature","id":"mines:1ad930609c49","geometry":{"type":"Point","coordinates":[36.534675,55.60797]},"properties":{"uid":"mines:1ad930609c49","layer":"mines","layer_title":"Рудники, копи, промыслы","group":"economy","title":"Полушкинские каменоломни","category":"строительный карьер","place_text":"Васильевское","region":"Васильевское","date_precision":"unknown","date_approx":false,"url":"https://ru.wikipedia.org/wiki/%D0%9F%D0%BE%D0%BB%D1%83%D1%88%D0%BA%D0%B8%D0%BD%D1%81%D0%BA%D0%B8%D0%B5_%D0%BA%D0%B0%D0%BC%D0%B5%D0%BD%D0%BE%D0%BB%D0%BE%D0%BC%D0%BD%D0%B8","source":"Викиданные","source_id":"Q108282604","license":"CC0 (Викиданные)","confidence":"ok"}},{"type":"Feature","id":"mines:cba7c0cf1111","geometry":{"type":"Point","coordinates":[82.9205,54.9922]},"properties":{"uid":"mines:cba7c0cf1111","layer":"mines","layer_title":"Рудники, копи, промыслы","group":"economy","title":"Горский карьер","category":"строительный карьер","date_precision":"unknown","date_approx":false,"url":"https://ru.wikipedia.org/wiki/%D0%93%D0%BE%D1%80%D1%81%D0%BA%D0%B8%D0%B9_%D0%BA%D0%B0%D1%80%D1%8C%D0%B5%D1%80","source":"Викиданные","source_id":"Q108532019","license":"CC0 (Викиданные)","confidence":"ok"}},{"type":"Feature","id":"mines:fcba11315660","geometry":{"type":"Point","coordinates":[24.325,49.026944]},"properties":{"uid":"mines:fcba11315660","layer":"mines","layer_title":"Рудники, копи, промыслы","group":"economy","title":"Домбровский карьер","category":"озеро","place_text":"Ивано-Франковская область","region":"Ивано-Франковская область","date_precision":"unknown","date_approx":false,"url":"https://www.wikidata.org/wiki/Q108534037","image_url":"http://commons.wikimedia.org/wiki/Special:FilePath/%D0%9A%D0%B0%D0%BC%27%D1%8F%D0%BD%D1%96%20%D1%80%D0%BE%D0%B7%D1%81%D0%B8%D0%BF%D0%B8%20%D0%BD%D0%B0%20%D1%81%D1%85%D1%96%D0%B4%D0%BD%D0%BE%D0%BC%D1%83%20%D0%B1%D0%BE%D1%80%D1%82%D1%96.jpg","source":"Викиданные","source_id":"Q108534037","license":"CC0 (Викиданные)","confidence":"ok"}},{"type":"Feature","id":"mines:1f6d83244721","geometry":{"type":"Point","coordinates":[31.5072,61.590282]},"properties":{"uid":"mines:1f6d83244721","layer":"mines","layer_title":"Рудники, копи, промыслы","group":"economy","title":"Рудник Валкиалампи","category":"рудник","place_text":"Питкярантское городское поселение","region":"Питкярантское городское поселение","year_from":1896,"year_to":1960,"date_precision":"open","date_approx":true,"period_raw":"с 1896","url":"https://www.wikidata.org/wiki/Q108534764","image_url":"http://commons.wikimedia.org/wiki/Special:FilePath/%D0%92%D0%B0%D0%BB%D0%BA%D0%B8%D0%B0%D0%BB%D0%B0%D0%BC%D0%BF%D0%B8%201.jpg","source":"Викиданные","source_id":"Q108534764","license":"CC0 (Викиданные)","confidence":"ok"}},{"type":"Feature","id":"mines:d8b96e3451a1","geometry":{"type":"Point","coordinates":[53.547222,54.641389]},"properties":{"uid":"mines:d8b96e3451a1","layer":"mines","layer_title":"Рудники, копи, промыслы","group":"economy","title":"Клы (карьер)","category":"водохранилище","place_text":"Татарстан","region":"Татарстан","date_precision":"unknown","date_approx":false,"url":"https://ru.wikipedia.org/wiki/%D0%9A%D0%BB%D1%8B_(%D0%BA%D0%B0%D1%80%D1%8C%D0%B5%D1%80)","source":"Викиданные","source_id":"Q108756887","license":"CC0 (Викиданные)","confidence":"ok"}},{"type":"Feature","id":"mines:0ed456b223a6","geometry":{"type":"Point","coordinates":[37.9959,45.1068]},"properties":{"uid":"mines:0ed456b223a6","layer":"mines","layer_title":"Рудники, копи, промыслы","group":"economy","title":"Анастасиевско-Троицкое месторождение","category":"природный резервуар углеводородов","place_text":"Краснодарский край","region":"Краснодарский край","date_precision":"unknown","date_approx":false,"url":"https://ru.wikipedia.org/wiki/%D0%90%D0%BD%D0%B0%D1%81%D1%82%D0%B0%D1%81%D0%B8%D0%B5%D0%B2%D1%81%D0%BA%D0%BE-%D0%A2%D1%80%D0%BE%D0%B8%D1%86%D0%BA%D0%BE%D0%B5_%D0%BC%D0%B5%D1%81%D1%82%D0%BE%D1%80%D0%BE%D0%B6%D0%B4%D0%B5%D0%BD%D0%B8%D0%B5","source":"Викиданные","source_id":"Q109357412","license":"CC0 (Викиданные)","confidence":"ok"}},{"type":"Feature","id":"mines:f71eed24f0b2","geometry":{"type":"Point","coordinates":[19.956458,50.036503]},"properties":{"uid":"mines:f71eed24f0b2","layer":"mines","layer_title":"Рудники, копи, промыслы","group":"economy","title":"Q109535863","category":"строительный карьер","place_text":"Краков","region":"Краков","date_precision":"unknown","date_approx":false,"url":"https://www.wikidata.org/wiki/Q109535863","source":"Викиданные","source_id":"Q109535863","license":"CC0 (Викиданные)","confidence":"ok"}},{"type":"Feature","id":"mines:d8a4a5ee3eb8","geometry":{"type":"Point","coordinates":[19.3132,50.2271]},"properties":{"uid":"mines:d8a4a5ee3eb8","layer":"mines","layer_title":"Рудники, копи, промыслы","group":"economy","title":"Gródek quarry","category":"строительный карьер","place_text":"Явожно","region":"Явожно","date_precision":"unknown","date_approx":false,"url":"https://www.wikidata.org/wiki/Q110240137","image_url":"http://commons.wikimedia.org/wiki/Special:FilePath/Jaworzno%20Kamienio%C5%82om%20-%20panoramio%20%282%29.jpg","source":"Викиданные","source_id":"Q110240137","license":"CC0 (Викиданные)","confidence":"ok"}},{"type":"Feature","id":"mines:321032d6c21e","geometry":{"type":"Point","coordinates":[19.069333,50.218389]},"properties":{"uid":"mines:321032d6c21e","layer":"mines","layer_title":"Рудники, копи, промыслы","group":"economy","title":"Q110387184","category":"рудник","date_precision":"unknown","date_approx":false,"url":"https://www.wikidata.org/wiki/Q110387184","source":"Викиданные","source_id":"Q110387184","license":"CC0 (Викиданные)","confidence":"ok"}},{"type":"Feature","id":"mines:7b712dc58cd3","geometry":{"type":"Point","coordinates":[18.8627,50.4126]},"properties":{"uid":"mines:7b712dc58cd3","layer":"mines","layer_title":"Рудники, копи, промыслы","group":"economy","title":"Bobrowniki dolomite quarry","category":"строительный карьер","place_text":"Бытом","region":"Бытом","date_precision":"unknown","date_approx":false,"url":"https://www.wikidata.org/wiki/Q110443429","image_url":"http://commons.wikimedia.org/wiki/Special:FilePath/Bytom%20Bobrowniki%20quarry%202020.jpg","source":"Викиданные","source_id":"Q110443429","license":"CC0 (Викиданные)","confidence":"ok"}},{"type":"Feature","id":"mines:f44aa581ba57","geometry":{"type":"Point","coordinates":[19.048297,50.224853]},"properties":{"uid":"mines:f44aa581ba57","layer":"mines","layer_title":"Рудники, копи, промыслы","group":"economy","title":"Staszic-Wujek Coal Mine","category":"рудник","place_text":"Катовице","region":"Катовице","year_from":2021,"year_to":2021,"date_precision":"open","date_approx":true,"period_raw":"с 2021","url":"https://www.wikidata.org/wiki/Q111080642","image_url":"http://commons.wikimedia.org/wiki/Special:FilePath/Staszic%20Schacht%202.jpg","source":"Викиданные","source_id":"Q111080642","license":"CC0 (Викиданные)","confidence":"ok"}},{"type":"Feature","id":"mines:cbd5544a08ea","geometry":{"type":"Point","coordinates":[33.11575,48.767361]},"properties":{"uid":"mines:cbd5544a08ea","layer":"mines","layer_title":"Рудники, копи, промыслы","group":"economy","title":"Константиновский угольный разрез","category":"угольный разрез","place_text":"Александрийский район","region":"Александрийский район","date_precision":"unknown","date_approx":false,"url":"https://www.wikidata.org/wiki/Q111341749","image_url":"http://commons.wikimedia.org/wiki/Special:FilePath/Kostiantynivskyi%20Quarry%20%282021-05-03%29%2012.jpg","source":"Викиданные","source_id":"Q111341749","license":"CC0 (Викиданные)","confidence":"ok"}},{"type":"Feature","id":"mines:a982e30f2e7a","geometry":{"type":"Point","coordinates":[26.887222,59.366389]},"properties":{"uid":"mines:a982e30f2e7a","layer":"mines","layer_title":"Рудники, копи, промыслы","group":"economy","title":"Põhja-Kiviõli Quarry","category":"строительный карьер","place_text":"Люганузе (волость, 2017)","region":"Люганузе (волость, 2017)","date_precision":"unknown","date_approx":false,"url":"https://www.wikidata.org/wiki/Q111646591","source":"Викиданные","source_id":"Q111646591","license":"CC0 (Викиданные)","confidence":"ok"}},{"type":"Feature","id":"mines:565ef39d2711","geometry":{"type":"Point","coordinates":[27.173889,59.352778]},"properties":{"uid":"mines:565ef39d2711","layer":"mines","layer_title":"Рудники, копи, промыслы","group":"economy","title":"Kohtla Quarry","category":"строительный карьер","place_text":"Волость Йыхви (2025)","region":"Волость Йыхви (2025)","date_precision":"unknown","date_approx":false,"url":"https://www.wikidata.org/wiki/Q111938281","source":"Викиданные","source_id":"Q111938281","license":"CC0 (Викиданные)","confidence":"ok"}},{"type":"Feature","id":"mines:5c0d1f2b0254","geometry":{"type":"Point","coordinates":[26.995556,59.348056]},"properties":{"uid":"mines:5c0d1f2b0254","layer":"mines","layer_title":"Рудники, копи, промыслы","group":"economy","title":"Küttejõu Quarry","category":"строительный карьер","place_text":"Люганузе (волость, 2017)","region":"Люганузе (волость, 2017)","date_precision":"unknown","date_approx":false,"url":"https://www.wikidata.org/wiki/Q111938442","source":"Викиданные","source_id":"Q111938442","license":"CC0 (Викиданные)","confidence":"ok"}},{"type":"Feature","id":"mines:39fe0c06be13","geometry":{"type":"Point","coordinates":[33.5775,44.5]},"properties":{"uid":"mines:39fe0c06be13","layer":"mines","layer_title":"Рудники, копи, промыслы","group":"economy","title":"Псилерахский карьер","category":"строительный карьер","place_text":"Автономная Республика Крым","region":"Автономная Республика Крым","date_precision":"unknown","date_approx":false,"url":"https://ru.wikipedia.org/wiki/%D0%9F%D1%81%D0%B8%D0%BB%D0%B5%D1%80%D0%B0%D1%85%D1%81%D0%BA%D0%B8%D0%B9_%D0%BA%D0%B0%D1%80%D1%8C%D0%B5%D1%80","image_url":"http://commons.wikimedia.org/wiki/Special:FilePath/%D0%9A%D0%B0%D1%80%D1%8C%D0%B5%D1%80%20%D1%84%D0%BB%D1%8E%D1%81%D0%BE%D0%B2%D1%8B%D1%85%20%D0%B8%D0%B7%D0%B2%D0%B5%D1%81%D1%82%D0%BD%D1%8F%D0%BA%D0%BE%D0%B2%20%D0%B2%20%D0%91%D0%B0%D0%BB%D0%B0%D0%BA%D0%BB%D0%B0%D0%B2%D0%B5%2C%202009%2C%2001.jpg","source":"Викиданные","source_id":"Q112114444","license":"CC0 (Викиданные)","confidence":"ok"}},{"type":"Feature","id":"mines:f3da528f15f1","geometry":{"type":"Point","coordinates":[44.01,42.86]},"properties":{"uid":"mines:f3da528f15f1","layer":"mines","layer_title":"Рудники, копи, промыслы","group":"economy","title":"Садонский рудник","category":"рудник","place_text":"Алагирский район","region":"Алагирский район","date_precision":"unknown","date_approx":false,"url":"https://ru.wikipedia.org/wiki/%D0%A1%D0%B0%D0%B4%D0%BE%D0%BD%D1%81%D0%BA%D0%B8%D0%B9_%D1%80%D1%83%D0%B4%D0%BD%D0%B8%D0%BA","image_url":"http://commons.wikimedia.org/wiki/Special:FilePath/Underground%20Moscow%20museum%20-%202026-05%20-%20p04.jpg","source":"Викиданные","source_id":"Q112114448","license":"CC0 (Викиданные)","confidence":"ok"}},{"type":"Feature","id":"mines:d71b45d2089e","geometry":{"type":"Point","coordinates":[118.672778,56.458333]},"properties":{"uid":"mines:d71b45d2089e","layer":"mines","layer_title":"Рудники, копи, промыслы","group":"economy","title":"Чинейское месторождение","category":"месторождение полезных ископаемых","date_precision":"unknown","date_approx":false,"url":"https://ru.wikipedia.org/wiki/%D0%A7%D0%B8%D0%BD%D0%B5%D0%B9%D1%81%D0%BA%D0%BE%D0%B5_%D0%BC%D0%B5%D1%81%D1%82%D0%BE%D1%80%D0%BE%D0%B6%D0%B4%D0%B5%D0%BD%D0%B8%D0%B5","source":"Викиданные","source_id":"Q112114455","license":"CC0 (Викиданные)","confidence":"ok"}},{"type":"Feature","id":"mines:0d3a1c8e353f","geometry":{"type":"Point","coordinates":[29.095,45.521111]},"properties":{"uid":"mines:0d3a1c8e353f","layer":"mines","layer_title":"Рудники, копи, промыслы","group":"economy","title":"Измаильское месторождение","category":"месторождение полезных ископаемых","place_text":"Одесская область","region":"Одесская область","date_precision":"unknown","date_approx":false,"url":"https://ru.wikipedia.org/wiki/%D0%98%D0%B7%D0%BC%D0%B0%D0%B8%D0%BB%D1%8C%D1%81%D0%BA%D0%BE%D0%B5_%D0%BC%D0%B5%D1%81%D1%82%D0%BE%D1%80%D0%BE%D0%B6%D0%B4%D0%B5%D0%BD%D0%B8%D0%B5","source":"Викиданные","source_id":"Q112584885","license":"CC0 (Викиданные)","confidence":"ok"}},{"type":"Feature","id":"mines:1ad13748ff64","geometry":{"type":"Point","coordinates":[20.020242,51.487752]},"properties":{"uid":"mines:1ad13748ff64","layer":"mines","layer_title":"Рудники, копи, промыслы","group":"economy","title":"Q113016343","category":"строительный карьер","date_precision":"unknown","date_approx":false,"url":"https://www.wikidata.org/wiki/Q113016343","source":"Викиданные","source_id":"Q113016343","license":"CC0 (Викиданные)","confidence":"ok"}},{"type":"Feature","id":"mines:a8fdc5899d6e","geometry":{"type":"Point","coordinates":[18.39725,50.046213]},"properties":{"uid":"mines:a8fdc5899d6e","layer":"mines","layer_title":"Рудники, копи, промыслы","group":"economy","title":"Kopalnia \"Anna\"","category":"рудник","place_text":"Пшув","region":"Пшув","date_precision":"unknown","date_approx":false,"url":"https://www.wikidata.org/wiki/Q113320167","source":"Викиданные","source_id":"Q113320167","license":"CC0 (Викиданные)","confidence":"ok"}},{"type":"Feature","id":"mines:f1767a65cdc3","geometry":{"type":"Point","coordinates":[21.635278,50.536667]},"properties":{"uid":"mines:f1767a65cdc3","layer":"mines","layer_title":"Рудники, копи, промыслы","group":"economy","title":"Q113359213","category":"месторождение полезных ископаемых","place_text":"Сташувский повят","region":"Сташувский повят","date_precision":"unknown","date_approx":false,"url":"https://www.wikidata.org/wiki/Q113359213","source":"Викиданные","source_id":"Q113359213","license":"CC0 (Викиданные)","confidence":"ok"}},{"type":"Feature","id":"mines:4d32c4ff9e1d","geometry":{"type":"Point","coordinates":[59.65741,54.25187]},"properties":{"uid":"mines:4d32c4ff9e1d","layer":"mines","layer_title":"Рудники, копи, промыслы","group":"economy","title":"Ташмурунское месторождение гранита","category":"месторождение полезных ископаемых","place_text":"Учалинский район","region":"Учалинский район","date_precision":"unknown","date_approx":false,"url":"https://ru.wikipedia.org/wiki/%D0%A2%D0%B0%D1%88%D0%BC%D1%83%D1%80%D1%83%D0%BD%D1%81%D0%BA%D0%BE%D0%B5_%D0%BC%D0%B5%D1%81%D1%82%D0%BE%D1%80%D0%BE%D0%B6%D0%B4%D0%B5%D0%BD%D0%B8%D0%B5_%D0%B3%D1%80%D0%B0%D0%BD%D0%B8%D1%82%D0%B0","image_url":"http://commons.wikimedia.org/wiki/Special:FilePath/%D0%93%D0%B8-0119.jpg","source":"Викиданные","source_id":"Q113408078","license":"CC0 (Викиданные)","confidence":"ok"}},{"type":"Feature","id":"mines:f8cfc88a99c2","geometry":{"type":"Point","coordinates":[83.345,54.6025]},"properties":{"uid":"mines:f8cfc88a99c2","layer":"mines","layer_title":"Рудники, копи, промыслы","group":"economy","title":"Шипуновский мраморный карьер","category":"строительный карьер","place_text":"Искитимский район","region":"Искитимский район","date_precision":"unknown","date_approx":false,"url":"https://ru.wikipedia.org/wiki/%D0%A8%D0%B8%D0%BF%D1%83%D0%BD%D0%BE%D0%B2%D1%81%D0%BA%D0%B8%D0%B9_%D0%BC%D1%80%D0%B0%D0%BC%D0%BE%D1%80%D0%BD%D1%8B%D0%B9_%D0%BA%D0%B0%D1%80%D1%8C%D0%B5%D1%80","image_url":"http://commons.wikimedia.org/wiki/Special:FilePath/%D0%A8%D0%B8%D0%BF%D1%83%D0%BD%D0%BE%D0%B2%D1%81%D0%BA%D0%B8%D0%B9%20%D0%BC%D1%80%D0%B0%D0%BC%D0%BE%D1%80%D0%BD%D1%8B%D0%B9%20%D0%BA%D0%B0%D1%80%D1%8C%D0%B5%D1%80%2001.jpg","source":"Викиданные","source_id":"Q113408228","license":"CC0 (Викиданные)","confidence":"ok"}},{"type":"Feature","id":"mines:0a1ad14c87fd","geometry":{"type":"Point","coordinates":[54.69,47.53]},"properties":{"uid":"mines:0a1ad14c87fd","layer":"mines","layer_title":"Рудники, копи, промыслы","group":"economy","title":"Мунайлы-Мола","category":"месторождение полезных ископаемых","place_text":"Жылыойский район","region":"Жылыойский район","date_precision":"unknown","date_approx":false,"url":"https://www.wikidata.org/wiki/Q113482054","source":"Викиданные","source_id":"Q113482054","license":"CC0 (Викиданные)","confidence":"ok"}},{"type":"Feature","id":"mines:39fad749058d","geometry":{"type":"Point","coordinates":[18.855333,50.406972]},"properties":{"uid":"mines:39fad749058d","layer":"mines","layer_title":"Рудники, копи, промыслы","group":"economy","title":"Lazarówka dolomite quarry","category":"строительный карьер","place_text":"Бытом","region":"Бытом","date_precision":"unknown","date_approx":false,"url":"https://www.wikidata.org/wiki/Q113565501","image_url":"http://commons.wikimedia.org/wiki/Special:FilePath/2021-07%20Bytom-Sucha%20G%C3%B3ra%20Lazar%C3%B3wka%20quarry%20%284%29.jpg","source":"Викиданные","source_id":"Q113565501","license":"CC0 (Викиданные)","confidence":"ok"}},{"type":"Feature","id":"mines:9344f2ae56c7","geometry":{"type":"Point","coordinates":[18.856083,50.404556]},"properties":{"uid":"mines:9344f2ae56c7","layer":"mines","layer_title":"Рудники, копи, промыслы","group":"economy","title":"Blachówka dolomite quarry","category":"строительный карьер","place_text":"Бытом","region":"Бытом","date_precision":"unknown","date_approx":false,"url":"https://www.wikidata.org/wiki/Q113565505","image_url":"http://commons.wikimedia.org/wiki/Special:FilePath/Bytom%20Blachowka%20quarry.jpg","source":"Викиданные","source_id":"Q113565505","license":"CC0 (Викиданные)","confidence":"ok"}},{"type":"Feature","id":"mines:ec78f3631d70","geometry":{"type":"Point","coordinates":[60.5625,59.714444]},"properties":{"uid":"mines:ec78f3631d70","layer":"mines","layer_title":"Рудники, копи, промыслы","group":"economy","title":"Серовское никелевое месторождение","category":"месторождение полезных ископаемых","place_text":"Свердловская область","region":"Свердловская область","date_precision":"unknown","date_approx":false,"url":"https://ru.wikipedia.org/wiki/%D0%A1%D0%B5%D1%80%D0%BE%D0%B2%D1%81%D0%BA%D0%BE%D0%B5_%D0%BD%D0%B8%D0%BA%D0%B5%D0%BB%D0%B5%D0%B2%D0%BE%D0%B5_%D0%BC%D0%B5%D1%81%D1%82%D0%BE%D1%80%D0%BE%D0%B6%D0%B4%D0%B5%D0%BD%D0%B8%D0%B5","source":"Викиданные","source_id":"Q114269798","license":"CC0 (Викиданные)","confidence":"ok"}},{"type":"Feature","id":"mines:127a57fc844e","geometry":{"type":"Point","coordinates":[19.164444,49.829167]},"properties":{"uid":"mines:127a57fc844e","layer":"mines","layer_title":"Рудники, копи, промыслы","group":"economy","title":"Quarry in Kozy","category":"строительный карьер","place_text":"Козы","region":"Козы","year_from":1910,"year_to":1960,"date_precision":"open","date_approx":true,"period_raw":"с 1910","url":"https://www.wikidata.org/wiki/Q116758427","image_url":"http://commons.wikimedia.org/wiki/Special:FilePath/Rock%20face%20on%20the%20lakeside%20%28Unsplash%29.jpg","source":"Викиданные","source_id":"Q116758427","license":"CC0 (Викиданные)","confidence":"ok"}},{"type":"Feature","id":"mines:9b215b62b8fb","geometry":{"type":"Point","coordinates":[31.344237,61.676949]},"properties":{"uid":"mines:9b215b62b8fb","layer":"mines","layer_title":"Рудники, копи, промыслы","group":"economy","title":"Кительское месторождение альмандинов","category":"месторождение полезных ископаемых","place_text":"Кителя","region":"Кителя","date_precision":"unknown","date_approx":false,"url":"https://ru.wikipedia.org/wiki/%D0%9A%D0%B8%D1%82%D0%B5%D0%BB%D1%8C%D1%81%D0%BA%D0%BE%D0%B5_%D0%BC%D0%B5%D1%81%D1%82%D0%BE%D1%80%D0%BE%D0%B6%D0%B4%D0%B5%D0%BD%D0%B8%D0%B5_%D0%B0%D0%BB%D1%8C%D0%BC%D0%B0%D0%BD%D0%B4%D0%B8%D0%BD%D0%BE%D0%B2","image_url":"http://commons.wikimedia.org/wiki/Special:FilePath/%D0%9A%D0%B8%D1%82%D0%B5%D0%BB%D1%8F%2C%20%D1%81%D1%82%D0%B5%D0%BD%D0%BA%D0%B0%20%D1%81%20%D0%B3%D1%80%D0%B0%D0%BD%D0%B0%D1%82%D0%B0%D0%BC%D0%B8.jpg","source":"Викиданные","source_id":"Q117188090","license":"CC0 (Викиданные)","confidence":"ok"}},{"type":"Feature","id":"mines:229c9560b93b","geometry":{"type":"Point","coordinates":[19.574444,49.805556]},"properties":{"uid":"mines:229c9560b93b","layer":"mines","layer_title":"Рудники, копи, промыслы","group":"economy","title":"Mucharz quarry","category":"строительный карьер","place_text":"Мухаж","region":"Мухаж","date_precision":"unknown","date_approx":false,"url":"https://www.wikidata.org/wiki/Q117191177","image_url":"http://commons.wikimedia.org/wiki/Special:FilePath/Kamienio%C5%82om%20Mucharz%20BM7%20%281%20pi%C4%99tro%283%29.jpg","source":"Викиданные","source_id":"Q117191177","license":"CC0 (Викиданные)","confidence":"ok"}},{"type":"Feature","id":"mines:521d6ea0fbdc","geometry":{"type":"Point","coordinates":[21.360556,55.508333]},"properties":{"uid":"mines:521d6ea0fbdc","layer":"mines","layer_title":"Рудники, копи, промыслы","group":"economy","title":"Vilkyčiai oil field","category":"нефтяное месторождение","date_precision":"unknown","date_approx":false,"url":"https://www.wikidata.org/wiki/Q117807601","source":"Викиданные","source_id":"Q117807601","license":"CC0 (Викиданные)","confidence":"ok"}},{"type":"Feature","id":"mines:46d7794e0a9d","geometry":{"type":"Point","coordinates":[22.763889,49.581944]},"properties":{"uid":"mines:46d7794e0a9d","layer":"mines","layer_title":"Рудники, копи, промыслы","group":"economy","title":"Salina Mine","category":"рудник","date_precision":"unknown","date_approx":false,"url":"https://www.wikidata.org/wiki/Q119605593","source":"Викиданные","source_id":"Q119605593","license":"CC0 (Викиданные)","confidence":"ok"}},{"type":"Feature","id":"mines:d4bb36de679b","geometry":{"type":"Point","coordinates":[141.861611,46.436111]},"properties":{"uid":"mines:d4bb36de679b","layer":"mines","layer_title":"Рудники, копи, промыслы","group":"economy","title":"Шахта Шебунино","category":"рудник","place_text":"Шебунино","region":"Шебунино","year_from":1800,"year_to":1996,"date_precision":"open","date_approx":true,"period_raw":"до 1996","url":"https://www.wikidata.org/wiki/Q120713329","source":"Викиданные","source_id":"Q120713329","license":"CC0 (Викиданные)","confidence":"ok"}},{"type":"Feature","id":"mines:cb8497b878f1","geometry":{"type":"Point","coordinates":[23.573889,48.120833]},"properties":{"uid":"mines:cb8497b878f1","layer":"mines","layer_title":"Рудники, копи, промыслы","group":"economy","title":"Tereblya rock salt deposit","category":"месторождение соли","place_text":"Тячевский район","region":"Тячевский район","year_from":1350,"year_to":1960,"date_precision":"open","date_approx":true,"period_raw":"с 1350","url":"https://www.wikidata.org/wiki/Q121163149","source":"Викиданные","source_id":"Q121163149","license":"CC0 (Викиданные)","confidence":"ok"}},{"type":"Feature","id":"mines:5ec8d4a8da11","geometry":{"type":"Point","coordinates":[30.746387,46.480114]},"properties":{"uid":"mines:5ec8d4a8da11","layer":"mines","layer_title":"Рудники, копи, промыслы","group":"economy","title":"Stone-pit K-6, Odesa","category":"строительный карьер","place_text":"Одесса","region":"Одесса","date_precision":"unknown","date_approx":false,"url":"https://www.wikidata.org/wiki/Q122299962","image_url":"http://commons.wikimedia.org/wiki/Special:FilePath/%D0%9A%D0%B0%D0%BC%D0%B5%D0%BD%D0%BE%D0%BB%D0%BE%D0%BC%D0%BD%D1%8F%20%D0%9A%D0%B0%D1%80%D0%B0%D0%BD%D1%82%D0%B8%D0%BD%D0%BD%D0%BE%D1%97%20%D0%B1%D0%B0%D0%BB%D0%BA%D0%B8%20%28%D0%9A-6%29%2C%20%D0%9E%D0%B4%D0%B5%D1%81%D0%B0%2001.jpg","source":"Викиданные","source_id":"Q122299962","license":"CC0 (Викиданные)","confidence":"ok"}},{"type":"Feature","id":"mines:87ec88483426","geometry":{"type":"Point","coordinates":[37.668477,47.953134]},"properties":{"uid":"mines:87ec88483426","layer":"mines","layer_title":"Рудники, копи, промыслы","group":"economy","title":"Шахта №29 (Донецк)","category":"рудник","place_text":"Донецк","region":"Донецк","date_precision":"unknown","date_approx":false,"url":"https://www.wikidata.org/wiki/Q122516364","image_url":"http://commons.wikimedia.org/wiki/Special:FilePath/%D0%9E%D1%81%D1%82%D0%B0%D1%82%D0%BA%D0%B8%20%D0%B0%D0%B4%D0%BC%D0%B8%D0%BD%D0%B8%D1%81%D1%82%D1%80%D0%B0%D1%82%D0%B8%D0%B2%D0%BD%D0%BE%D0%B3%D0%BE%20%D0%B7%D0%B4%D0%B0%D0%BD%D0%B8%D1%8F%2029-%D0%B9%20-%20panoramio.jpg","source":"Викиданные","source_id":"Q122516364","license":"CC0 (Викиданные)","confidence":"ok"}},{"type":"Feature","id":"mines:2cf133e38583","geometry":{"type":"Point","coordinates":[37.810278,47.986667]},"properties":{"uid":"mines:2cf133e38583","layer":"mines","layer_title":"Рудники, копи, промыслы","group":"economy","title":"Шахта «Центрально-Заводская»","category":"рудник","place_text":"Донецк","region":"Донецк","date_precision":"unknown","date_approx":false,"url":"https://www.wikidata.org/wiki/Q123342125","image_url":"http://commons.wikimedia.org/wiki/Special:FilePath/1909.%20%D0%97%D0%B0%D0%B2%D0%BE%D0%B4%D1%81%D0%BA%D0%B0%D1%8F%20%D1%88%D0%B0%D1%85%D1%82%D0%B0.jpg","source":"Викиданные","source_id":"Q123342125","license":"CC0 (Викиданные)","confidence":"ok"}},{"type":"Feature","id":"mines:eee3c416a001","geometry":{"type":"Point","coordinates":[38.503056,47.815556]},"properties":{"uid":"mines:eee3c416a001","layer":"mines","layer_title":"Рудники, копи, промыслы","group":"economy","title":"Амвросиевский мергельный карьер","category":"строительный карьер","date_precision":"unknown","date_approx":false,"url":"https://www.wikidata.org/wiki/Q123377736","image_url":"http://commons.wikimedia.org/wiki/Special:FilePath/%D0%97%D0%B0%D1%82%D0%BE%D0%BF%D0%BB%D0%B5%D0%BD%D0%BD%D1%8B%D0%B9%20%D0%BC%D0%B5%D1%80%D0%B3%D0%B5%D0%BB%D1%8C%D0%BD%D1%8B%D0%B9%20%D0%BA%D0%B0%D1%80%D1%8C%D0%B5%D1%80%20%28%D1%84%D0%BE%D1%82%D0%BE%20%D0%B8%D0%B7%20%D0%B0%D1%80%D1%85%D0%B8%D0%B2%D0%B0%20%D0%AF%D1%80%D0%BE%D1%81%D0%BB%D0%B0%D0%B2%D0%B0%20%D0%9F%D0%BE%D0%BF%D0%BE%D0%B2%D0%B0%29%20amvcity.jpg","source":"Викиданные","source_id":"Q123377736","license":"CC0 (Викиданные)","confidence":"ok"}},{"type":"Feature","id":"mines:638f3bcd6bc1","geometry":{"type":"Point","coordinates":[19.222976,50.267978]},"properties":{"uid":"mines:638f3bcd6bc1","layer":"mines","layer_title":"Рудники, копи, промыслы","group":"economy","title":"Q123502398","category":"национальный объект культурного наследия","place_text":"Сосновец","region":"Сосновец","year_from":1909,"year_to":1960,"date_precision":"open","date_approx":true,"period_raw":"с 1909","url":"https://www.wikidata.org/wiki/Q123502398","source":"Викиданные","source_id":"Q123502398","license":"CC0 (Викиданные)","confidence":"ok"}},{"type":"Feature","id":"mines:167ae1d0bf7e","geometry":{"type":"Point","coordinates":[19.067056,50.237028]},"properties":{"uid":"mines:167ae1d0bf7e","layer":"mines","layer_title":"Рудники, копи, промыслы","group":"economy","title":"Q123670400","category":"рудник","place_text":"Катовице","region":"Катовице","date_precision":"unknown","date_approx":false,"url":"https://www.wikidata.org/wiki/Q123670400","image_url":"http://commons.wikimedia.org/wiki/Special:FilePath/Zautomatyzowana%20do%C5%9Bwiadczalna%20kopalnia%20Jan%20w%20Katowicach%203%2053%200%203%20301%20274164.jpg","source":"Викиданные","source_id":"Q123670400","license":"CC0 (Викиданные)","confidence":"ok"}},{"type":"Feature","id":"mines:d3f147070d78","geometry":{"type":"Point","coordinates":[27.376833,59.343931]},"properties":{"uid":"mines:d3f147070d78","layer":"mines","layer_title":"Рудники, копи, промыслы","group":"economy","title":"Q124256471","category":"строительный карьер","date_precision":"unknown","date_approx":false,"url":"https://www.wikidata.org/wiki/Q124256471","source":"Викиданные","source_id":"Q124256471","license":"CC0 (Викиданные)","confidence":"ok"}},{"type":"Feature","id":"mines:5fb7ac2789ca","geometry":{"type":"Point","coordinates":[38.6635,55.2541]},"properties":{"uid":"mines:5fb7ac2789ca","layer":"mines","layer_title":"Рудники, копи, промыслы","group":"economy","title":"Афанасьевский рудник","category":"месторождение полезных ископаемых","date_precision":"unknown","date_approx":false,"url":"https://ru.wikipedia.org/wiki/%D0%90%D1%84%D0%B0%D0%BD%D0%B0%D1%81%D1%8C%D0%B5%D0%B2%D1%81%D0%BA%D0%B8%D0%B9_%D0%BA%D0%B0%D1%80%D1%8C%D0%B5%D1%80","source":"Викиданные","source_id":"Q124308396","license":"CC0 (Викиданные)","confidence":"ok"}},{"type":"Feature","id":"mines:04d406e64eb7","geometry":{"type":"Point","coordinates":[63.9,42.25]},"properties":{"uid":"mines:04d406e64eb7","layer":"mines","layer_title":"Рудники, копи, промыслы","group":"economy","title":"Карьеры месторождения Кокпатас","category":"рудник","place_text":"Учкудукский район","region":"Учкудукский район","date_precision":"unknown","date_approx":false,"url":"https://www.wikidata.org/wiki/Q124327316","image_url":"http://commons.wikimedia.org/wiki/Special:FilePath/Kokpatas%20Mine%2C%20Uzbekistan%20by%20Planet%20Labs.jpg","source":"Викиданные","source_id":"Q124327316","license":"CC0 (Викиданные)","confidence":"ok"}},{"type":"Feature","id":"mines:597e1f1e84a4","geometry":{"type":"Point","coordinates":[27.662861,62.573806]},"properties":{"uid":"mines:597e1f1e84a4","layer":"mines","layer_title":"Рудники, копи, промыслы","group":"economy","title":"Q124341439","category":"рудник","date_precision":"unknown","date_approx":false,"url":"https://www.wikidata.org/wiki/Q124341439","source":"Викиданные","source_id":"Q124341439","license":"CC0 (Викиданные)","confidence":"ok"}},{"type":"Feature","id":"mines:534aadab1530","geometry":{"type":"Point","coordinates":[28.569444,62.535861]},"properties":{"uid":"mines:534aadab1530","layer":"mines","layer_title":"Рудники, копи, промыслы","group":"economy","title":"Q124341442","category":"рудник","date_precision":"unknown","date_approx":false,"url":"https://www.wikidata.org/wiki/Q124341442","source":"Викиданные","source_id":"Q124341442","license":"CC0 (Викиданные)","confidence":"ok"}},{"type":"Feature","id":"mines:1787969c3653","geometry":{"type":"Point","coordinates":[25.047806,65.980667]},"properties":{"uid":"mines:1787969c3653","layer":"mines","layer_title":"Рудники, копи, промыслы","group":"economy","title":"Q124341443","category":"рудник","date_precision":"unknown","date_approx":false,"url":"https://www.wikidata.org/wiki/Q124341443","source":"Викиданные","source_id":"Q124341443","license":"CC0 (Викиданные)","confidence":"ok"}},{"type":"Feature","id":"mines:a109a8103bd1","geometry":{"type":"Point","coordinates":[27.320139,61.796611]},"properties":{"uid":"mines:a109a8103bd1","layer":"mines","layer_title":"Рудники, копи, промыслы","group":"economy","title":"Q124341440","category":"рудник","date_precision":"unknown","date_approx":false,"url":"https://www.wikidata.org/wiki/Q124341440","source":"Викиданные","source_id":"Q124341440","license":"CC0 (Викиданные)","confidence":"ok"}},{"type":"Feature","id":"mines:e5cafb8ae641","geometry":{"type":"Point","coordinates":[28.245028,61.486833]},"properties":{"uid":"mines:e5cafb8ae641","layer":"mines","layer_title":"Рудники, копи, промыслы","group":"economy","title":"Q124341441","category":"рудник","date_precision":"unknown","date_approx":false,"url":"https://www.wikidata.org/wiki/Q124341441","source":"Викиданные","source_id":"Q124341441","license":"CC0 (Викиданные)","confidence":"ok"}},{"type":"Feature","id":"mines:45bfb4ee4a96","geometry":{"type":"Point","coordinates":[23.874803,60.035719]},"properties":{"uid":"mines:45bfb4ee4a96","layer":"mines","layer_title":"Рудники, копи, промыслы","group":"economy","title":"Q124341446","category":"рудник","date_precision":"unknown","date_approx":false,"url":"https://www.wikidata.org/wiki/Q124341446","source":"Викиданные","source_id":"Q124341446","license":"CC0 (Викиданные)","confidence":"ok"}},{"type":"Feature","id":"mines:630e94347dbc","geometry":{"type":"Point","coordinates":[23.430833,60.148417]},"properties":{"uid":"mines:630e94347dbc","layer":"mines","layer_title":"Рудники, копи, промыслы","group":"economy","title":"Q124341447","category":"рудник","date_precision":"unknown","date_approx":false,"url":"https://www.wikidata.org/wiki/Q124341447","source":"Викиданные","source_id":"Q124341447","license":"CC0 (Викиданные)","confidence":"ok"}},{"type":"Feature","id":"mines:693306b26f50","geometry":{"type":"Point","coordinates":[23.801861,63.662722]},"properties":{"uid":"mines:693306b26f50","layer":"mines","layer_title":"Рудники, копи, промыслы","group":"economy","title":"Kaustinen lithium mine","category":"рудник","place_text":"Коккола","region":"Коккола","date_precision":"unknown","date_approx":false,"url":"https://www.wikidata.org/wiki/Q124341444","source":"Викиданные","source_id":"Q124341444","license":"CC0 (Викиданные)","confidence":"ok"}},{"type":"Feature","id":"mines:04ae70ae519e","geometry":{"type":"Point","coordinates":[25.61,60.515556]},"properties":{"uid":"mines:04ae70ae519e","layer":"mines","layer_title":"Рудники, копи, промыслы","group":"economy","title":"Q124341445","category":"рудник","date_precision":"unknown","date_approx":false,"url":"https://www.wikidata.org/wiki/Q124341445","source":"Викиданные","source_id":"Q124341445","license":"CC0 (Викиданные)","confidence":"ok"}},{"type":"Feature","id":"mines:9e3af3fa3ae8","geometry":{"type":"Point","coordinates":[24.128875,59.998386]},"properties":{"uid":"mines:9e3af3fa3ae8","layer":"mines","layer_title":"Рудники, копи, промыслы","group":"economy","title":"Q124341450","category":"рудник","date_precision":"unknown","date_approx":false,"url":"https://www.wikidata.org/wiki/Q124341450","source":"Викиданные","source_id":"Q124341450","license":"CC0 (Викиданные)","confidence":"ok"}},{"type":"Feature","id":"mines:108825921e2c","geometry":{"type":"Point","coordinates":[21.57225,60.141592]},"properties":{"uid":"mines:108825921e2c","layer":"mines","layer_title":"Рудники, копи, промыслы","group":"economy","title":"Q124341451","category":"рудник","date_precision":"unknown","date_approx":false,"url":"https://www.wikidata.org/wiki/Q124341451","source":"Викиданные","source_id":"Q124341451","license":"CC0 (Викиданные)","confidence":"ok"}},{"type":"Feature","id":"mines:a5d36f318b40","geometry":{"type":"Point","coordinates":[24.431631,59.988831]},"properties":{"uid":"mines:a5d36f318b40","layer":"mines","layer_title":"Рудники, копи, промыслы","group":"economy","title":"Q124341448","category":"рудник","date_precision":"unknown","date_approx":false,"url":"https://www.wikidata.org/wiki/Q124341448","source":"Викиданные","source_id":"Q124341448","license":"CC0 (Викиданные)","confidence":"ok"}},{"type":"Feature","id":"mines:017b25320fe2","geometry":{"type":"Point","coordinates":[24.762153,60.615483]},"properties":{"uid":"mines:017b25320fe2","layer":"mines","layer_title":"Рудники, копи, промыслы","group":"economy","title":"Q124341449","category":"рудник","date_precision":"unknown","date_approx":false,"url":"https://www.wikidata.org/wiki/Q124341449","source":"Викиданные","source_id":"Q124341449","license":"CC0 (Викиданные)","confidence":"ok"}},{"type":"Feature","id":"mines:b9252311695b","geometry":{"type":"Point","coordinates":[29.353333,62.869056]},"properties":{"uid":"mines:b9252311695b","layer":"mines","layer_title":"Рудники, копи, промыслы","group":"economy","title":"Q124341454","category":"рудник","date_precision":"unknown","date_approx":false,"url":"https://www.wikidata.org/wiki/Q124341454","source":"Викиданные","source_id":"Q124341454","license":"CC0 (Викиданные)","confidence":"ok"}},{"type":"Feature","id":"mines:a79a6399ca5e","geometry":{"type":"Point","coordinates":[29.245417,62.8295]},"properties":{"uid":"mines:a79a6399ca5e","layer":"mines","layer_title":"Рудники, копи, промыслы","group":"economy","title":"Q124341455","category":"рудник","date_precision":"unknown","date_approx":false,"url":"https://www.wikidata.org/wiki/Q124341455","source":"Викиданные","source_id":"Q124341455","license":"CC0 (Викиданные)","confidence":"ok"}},{"type":"Feature","id":"mines:e3b13aca9770","geometry":{"type":"Point","coordinates":[31.266944,62.897083]},"properties":{"uid":"mines:e3b13aca9770","layer":"mines","layer_title":"Рудники, копи, промыслы","group":"economy","title":"Q124341452","category":"рудник","date_precision":"unknown","date_approx":false,"url":"https://www.wikidata.org/wiki/Q124341452","source":"Викиданные","source_id":"Q124341452","license":"CC0 (Викиданные)","confidence":"ok"}},{"type":"Feature","id":"mines:bb5bc3fe0bc7","geometry":{"type":"Point","coordinates":[31.176639,63.072361]},"properties":{"uid":"mines:bb5bc3fe0bc7","layer":"mines","layer_title":"Рудники, копи, промыслы","group":"economy","title":"Q124341453","category":"рудник","date_precision":"unknown","date_approx":false,"url":"https://www.wikidata.org/wiki/Q124341453","source":"Викиданные","source_id":"Q124341453","license":"CC0 (Викиданные)","confidence":"ok"}},{"type":"Feature","id":"mines:5dfb4ad8225e","geometry":{"type":"Point","coordinates":[28.164694,63.953306]},"properties":{"uid":"mines:5dfb4ad8225e","layer":"mines","layer_title":"Рудники, копи, промыслы","group":"economy","title":"Q124341458","category":"рудник","date_precision":"unknown","date_approx":false,"url":"https://www.wikidata.org/wiki/Q124341458","source":"Викиданные","source_id":"Q124341458","license":"CC0 (Викиданные)","confidence":"ok"}},{"type":"Feature","id":"mines:e673669178d3","geometry":{"type":"Point","coordinates":[29.279694,62.856222]},"properties":{"uid":"mines:e673669178d3","layer":"mines","layer_title":"Рудники, копи, промыслы","group":"economy","title":"Q124341456","category":"рудник","date_precision":"unknown","date_approx":false,"url":"https://www.wikidata.org/wiki/Q124341456","source":"Викиданные","source_id":"Q124341456","license":"CC0 (Викиданные)","confidence":"ok"}},{"type":"Feature","id":"mines:4872b2ddfec0","geometry":{"type":"Point","coordinates":[27.838722,64.822361]},"properties":{"uid":"mines:4872b2ddfec0","layer":"mines","layer_title":"Рудники, копи, промыслы","group":"economy","title":"Q124341457","category":"рудник","date_precision":"unknown","date_approx":false,"url":"https://www.wikidata.org/wiki/Q124341457","source":"Викиданные","source_id":"Q124341457","license":"CC0 (Викиданные)","confidence":"ok"}},{"type":"Feature","id":"mines:cccbd2876398","geometry":{"type":"Point","coordinates":[29.058083,63.224556]},"properties":{"uid":"mines:cccbd2876398","layer":"mines","layer_title":"Рудники, копи, промыслы","group":"economy","title":"Q124341460","category":"рудник","date_precision":"unknown","date_approx":false,"url":"https://www.wikidata.org/wiki/Q124341460","source":"Викиданные","source_id":"Q124341460","license":"CC0 (Викиданные)","confidence":"ok"}},{"type":"Feature","id":"mines:c73d31df7f41","geometry":{"type":"Point","coordinates":[29.277,63.017722]},"properties":{"uid":"mines:c73d31df7f41","layer":"mines","layer_title":"Рудники, копи, промыслы","group":"economy","title":"Q124341461","category":"рудник","date_precision":"unknown","date_approx":false,"url":"https://www.wikidata.org/wiki/Q124341461","source":"Викиданные","source_id":"Q124341461","license":"CC0 (Викиданные)","confidence":"ok"}},{"type":"Feature","id":"mines:3114a59eb52b","geometry":{"type":"Point","coordinates":[56.233056,53.833056]},"properties":{"uid":"mines:3114a59eb52b","layer":"mines","layer_title":"Рудники, копи, промыслы","group":"economy","title":"Карлинское нефтяное месторождение","category":"нефтяное месторождение","place_text":"Гафурийский район","region":"Гафурийский район","date_precision":"unknown","date_approx":false,"url":"https://ru.wikipedia.org/wiki/%D0%9A%D0%B0%D1%80%D0%BB%D0%B8%D0%BD%D1%81%D0%BA%D0%BE%D0%B5_%D0%BD%D0%B5%D1%84%D1%82%D1%8F%D0%BD%D0%BE%D0%B5_%D0%BC%D0%B5%D1%81%D1%82%D0%BE%D1%80%D0%BE%D0%B6%D0%B4%D0%B5%D0%BD%D0%B8%D0%B5","source":"Викиданные","source_id":"Q127420568","license":"CC0 (Викиданные)","confidence":"ok"}},{"type":"Feature","id":"mines:260b7e554eb8","geometry":{"type":"Point","coordinates":[79.33444,63.95306]},"properties":{"uid":"mines:260b7e554eb8","layer":"mines","layer_title":"Рудники, копи, промыслы","group":"economy","title":"Харампуртаркинское","category":"месторождение полезных ископаемых","date_precision":"unknown","date_approx":false,"url":"https://ru.wikipedia.org/wiki/%D0%A5%D0%B0%D1%80%D0%B0%D0%BC%D0%BF%D1%83%D1%80%D1%82%D0%B0%D1%80%D0%BA%D0%B8%D0%BD%D1%81%D0%BA%D0%BE%D0%B5","source":"Викиданные","source_id":"Q127420583","license":"CC0 (Викиданные)","confidence":"ok"}},{"type":"Feature","id":"mines:4271744edef3","geometry":{"type":"Point","coordinates":[93.5049,58.1297]},"properties":{"uid":"mines:4271744edef3","layer":"mines","layer_title":"Рудники, копи, промыслы","group":"economy","title":"Горевское свинцово-цинковое месторождение","category":"рудное месторождение","date_precision":"unknown","date_approx":false,"url":"https://ru.wikipedia.org/wiki/%D0%93%D0%BE%D1%80%D0%B5%D0%B2%D1%81%D0%BA%D0%BE%D0%B5_%D1%81%D0%B2%D0%B8%D0%BD%D1%86%D0%BE%D0%B2%D0%BE-%D1%86%D0%B8%D0%BD%D0%BA%D0%BE%D0%B2%D0%BE%D0%B5_%D0%BC%D0%B5%D1%81%D1%82%D0%BE%D1%80%D0%BE%D0%B6%D0%B4%D0%B5%D0%BD%D0%B8%D0%B5","image_url":"http://commons.wikimedia.org/wiki/Special:FilePath/%D0%93%D0%BE%D1%80%D0%B5%D0%B2%D1%81%D0%BA%D0%B8%D0%B9%20%D0%BA%D0%B0%D1%80%D1%8C%D0%B5%D1%80.jpg","source":"Викиданные","source_id":"Q127420593","license":"CC0 (Викиданные)","confidence":"ok"}},{"type":"Feature","id":"mines:513c6798cfba","geometry":{"type":"Point","coordinates":[59.50236,54.49064]},"properties":{"uid":"mines:513c6798cfba","layer":"mines","layer_title":"Рудники, копи, промыслы","group":"economy","title":"Сангалыкский диоритовый карьер","category":"строительный карьер","date_precision":"unknown","date_approx":false,"url":"https://ru.wikipedia.org/wiki/%D0%A1%D0%B0%D0%BD%D0%B3%D0%B0%D0%BB%D1%8B%D0%BA%D1%81%D0%BA%D0%BE%D0%B5_%D0%BC%D0%B5%D1%81%D1%82%D0%BE%D1%80%D0%BE%D0%B6%D0%B4%D0%B5%D0%BD%D0%B8%D0%B5_%D0%B4%D0%B8%D0%BE%D1%80%D0%B8%D1%82%D0%B0","source":"Викиданные","source_id":"Q127420602","license":"CC0 (Викиданные)","confidence":"ok"}},{"type":"Feature","id":"mines:c9912e3a2234","geometry":{"type":"Point","coordinates":[19.636667,49.828333]},"properties":{"uid":"mines:c9912e3a2234","layer":"mines","layer_title":"Рудники, копи, промыслы","group":"economy","title":"Q127700462","category":"строительный карьер","date_precision":"unknown","date_approx":false,"url":"https://www.wikidata.org/wiki/Q127700462","source":"Викиданные","source_id":"Q127700462","license":"CC0 (Викиданные)","confidence":"ok"}},{"type":"Feature","id":"mines:7cc23d25429f","geometry":{"type":"Point","coordinates":[19.322222,49.812917]},"properties":{"uid":"mines:7cc23d25429f","layer":"mines","layer_title":"Рудники, копи, промыслы","group":"economy","title":"Q127700463","category":"строительный карьер","place_text":"Targanice","region":"Targanice","date_precision":"unknown","date_approx":false,"url":"https://www.wikidata.org/wiki/Q127700463","image_url":"http://commons.wikimedia.org/wiki/Special:FilePath/Kamienio%C5%82om%20w%20Targanicach%20BMa9%20%282%29.jpg","source":"Викиданные","source_id":"Q127700463","license":"CC0 (Викиданные)","confidence":"ok"}},{"type":"Feature","id":"mines:392860faaf6d","geometry":{"type":"Point","coordinates":[19.795,49.865556]},"properties":{"uid":"mines:392860faaf6d","layer":"mines","layer_title":"Рудники, копи, промыслы","group":"economy","title":"Q127700461","category":"строительный карьер","date_precision":"unknown","date_approx":false,"url":"https://www.wikidata.org/wiki/Q127700461","source":"Викиданные","source_id":"Q127700461","license":"CC0 (Викиданные)","confidence":"ok"}},{"type":"Feature","id":"mines:d4fa10493ccf","geometry":{"type":"Point","coordinates":[19.373611,50.688056]},"properties":{"uid":"mines:d4fa10493ccf","layer":"mines","layer_title":"Рудники, копи, промыслы","group":"economy","title":"Q127700465","category":"строительный карьер","date_precision":"unknown","date_approx":false,"url":"https://www.wikidata.org/wiki/Q127700465","image_url":"http://commons.wikimedia.org/wiki/Special:FilePath/Kamienio%C5%82om%20Warszawski%20DK85%20%284%29.jpg","source":"Викиданные","source_id":"Q127700465","license":"CC0 (Викиданные)","confidence":"ok"}},{"type":"Feature","id":"mines:d7b4c0731463","geometry":{"type":"Point","coordinates":[18.975583,49.548389]},"properties":{"uid":"mines:d7b4c0731463","layer":"mines","layer_title":"Рудники, копи, промыслы","group":"economy","title":"Koczy Zamek","category":"строительный карьер","place_text":"Koniaków","region":"Koniaków","date_precision":"unknown","date_approx":false,"url":"https://www.wikidata.org/wiki/Q127700478","image_url":"http://commons.wikimedia.org/wiki/Special:FilePath/Koczy%20Zamek%20kamienio%C5%82om%20B%C5%9A1.jpg","source":"Викиданные","source_id":"Q127700478","license":"CC0 (Викиданные)","confidence":"ok"}},{"type":"Feature","id":"mines:f419aa993d0b","geometry":{"type":"Point","coordinates":[18.826389,49.706389]},"properties":{"uid":"mines:f419aa993d0b","layer":"mines","layer_title":"Рудники, копи, промыслы","group":"economy","title":"Skalica","category":"строительный карьер","place_text":"Устронь","region":"Устронь","date_precision":"unknown","date_approx":false,"url":"https://www.wikidata.org/wiki/Q127700675","image_url":"http://commons.wikimedia.org/wiki/Special:FilePath/Kamienio%C5%82om%20Skalica%20B%C5%9A1%20%282%29.jpg","source":"Викиданные","source_id":"Q127700675","license":"CC0 (Викиданные)","confidence":"ok"}},{"type":"Feature","id":"mines:0633951c7101","geometry":{"type":"Point","coordinates":[19.28911,50.74583]},"properties":{"uid":"mines:0633951c7101","layer":"mines","layer_title":"Рудники, копи, промыслы","group":"economy","title":"Q129256677","category":"строительный карьер","place_text":"Przymiłowice-Kotysów","region":"Przymiłowice-Kotysów","date_precision":"unknown","date_approx":false,"url":"https://www.wikidata.org/wiki/Q129256677","image_url":"http://commons.wikimedia.org/wiki/Special:FilePath/Olsztyn%20Kielniki%20quarry%202021.jpg","source":"Викиданные","source_id":"Q129256677","license":"CC0 (Викиданные)","confidence":"ok"}},{"type":"Feature","id":"mines:3c1670376a6b","geometry":{"type":"Point","coordinates":[19.784861,49.996389]},"properties":{"uid":"mines:3c1670376a6b","layer":"mines","layer_title":"Рудники, копи, промыслы","group":"economy","title":"Q130236762","category":"строительный карьер","place_text":"Сцеёвице","region":"Сцеёвице","date_precision":"unknown","date_approx":false,"url":"https://www.wikidata.org/wiki/Q130236762","source":"Викиданные","source_id":"Q130236762","license":"CC0 (Викиданные)","confidence":"ok"}},{"type":"Feature","id":"mines:dadee4ba6080","geometry":{"type":"Point","coordinates":[19.34,50.661111]},"properties":{"uid":"mines:dadee4ba6080","layer":"mines","layer_title":"Рудники, копи, промыслы","group":"economy","title":"Q130252573","category":"строительный карьер","place_text":"Jaroszów, Silesian Voivodeship","region":"Jaroszów, Silesian Voivodeship","date_precision":"unknown","date_approx":false,"url":"https://www.wikidata.org/wiki/Q130252573","source":"Викиданные","source_id":"Q130252573","license":"CC0 (Викиданные)","confidence":"ok"}},{"type":"Feature","id":"mines:d73533bca40b","geometry":{"type":"Point","coordinates":[76.070833,46.961111]},"properties":{"uid":"mines:d73533bca40b","layer":"mines","layer_title":"Рудники, копи, промыслы","group":"economy","title":"Q130604094","category":"рудник","date_precision":"unknown","date_approx":false,"url":"https://www.wikidata.org/wiki/Q130604094","source":"Викиданные","source_id":"Q130604094","license":"CC0 (Викиданные)","confidence":"ok"}},{"type":"Feature","id":"mines:e50f4ca60c73","geometry":{"type":"Point","coordinates":[19.268417,50.686806]},"properties":{"uid":"mines:e50f4ca60c73","layer":"mines","layer_title":"Рудники, копи, промыслы","group":"economy","title":"quarries in Choroń","category":"строительный карьер","place_text":"Choroń","region":"Choroń","date_precision":"unknown","date_approx":false,"url":"https://www.wikidata.org/wiki/Q131550966","image_url":"http://commons.wikimedia.org/wiki/Special:FilePath/Kamienio%C5%82om%20Gawrona%20DK91.jpg","source":"Викиданные","source_id":"Q131550966","license":"CC0 (Викиданные)","confidence":"ok"}},{"type":"Feature","id":"mines:d26a22bbb8c7","geometry":{"type":"Point","coordinates":[36.712598,47.90934]},"properties":{"uid":"mines:d26a22bbb8c7","layer":"mines","layer_title":"Рудники, копи, промыслы","group":"economy","title":"Shevchenko deposit","category":"рудник","place_text":"Шевченко","region":"Шевченко","date_precision":"unknown","date_approx":false,"url":"https://www.wikidata.org/wiki/Q133270390","source":"Викиданные","source_id":"Q133270390","license":"CC0 (Викиданные)","confidence":"ok"}},{"type":"Feature","id":"mines:c3f9421307fb","geometry":{"type":"Point","coordinates":[45.443149,41.124328]},"properties":{"uid":"mines:c3f9421307fb","layer":"mines","layer_title":"Рудники, копи, промыслы","group":"economy","title":"Aghstafa Oil Base","category":"нефтяное месторождение","place_text":"Агстафинский район","region":"Агстафинский район","date_precision":"unknown","date_approx":false,"url":"https://www.wikidata.org/wiki/Q134600174","source":"Викиданные","source_id":"Q134600174","license":"CC0 (Викиданные)","confidence":"ok"}},{"type":"Feature","id":"mines:a114888398c8","geometry":{"type":"Point","coordinates":[37.705508,47.958732]},"properties":{"uid":"mines:a114888398c8","layer":"mines","layer_title":"Рудники, копи, промыслы","group":"economy","title":"Учебная шахта Донецкого горного техникума Е.Т. Абакумова","category":"здание учебного заведения","place_text":"Донецк","region":"Донецк","date_precision":"unknown","date_approx":false,"url":"https://www.wikidata.org/wiki/Q135422287","image_url":"http://commons.wikimedia.org/wiki/Special:FilePath/2025-07-19.%20%D0%94%D0%BE%D0%BD%D0%B5%D1%86%D0%BA%20DSC%209878.jpg","source":"Викиданные","source_id":"Q135422287","license":"CC0 (Викиданные)","confidence":"ok"}},{"type":"Feature","id":"mines:bde48b398116","geometry":{"type":"Point","coordinates":[136.9175,66.465]},"properties":{"uid":"mines:bde48b398116","layer":"mines","layer_title":"Рудники, копи, промыслы","group":"economy","title":"Sentachan mine","category":"рудник","place_text":"Якутия","region":"Якутия","date_precision":"unknown","date_approx":false,"url":"https://www.wikidata.org/wiki/Q136412305","source":"Викиданные","source_id":"Q136412305","license":"CC0 (Викиданные)","confidence":"ok"}},{"type":"Feature","id":"mines:a1fe8e232798","geometry":{"type":"Point","coordinates":[22.127,61.318]},"properties":{"uid":"mines:a1fe8e232798","layer":"mines","layer_title":"Рудники, копи, промыслы","group":"economy","title":"Harjavalta","category":"рудник","date_precision":"unknown","date_approx":false,"url":"https://www.wikidata.org/wiki/Q137925118","source":"Викиданные","source_id":"Q137925118","license":"CC0 (Викиданные)","confidence":"ok"}},{"type":"Feature","id":"mines:8897a2b8baf9","geometry":{"type":"Point","coordinates":[59.552,58.598]},"properties":{"uid":"mines:8897a2b8baf9","layer":"mines","layer_title":"Рудники, копи, промыслы","group":"economy","title":"Gusevo Gora","category":"рудник","date_precision":"unknown","date_approx":false,"url":"https://www.wikidata.org/wiki/Q137925116","source":"Викиданные","source_id":"Q137925116","license":"CC0 (Викиданные)","confidence":"ok"}},{"type":"Feature","id":"mines:3179396b9d58","geometry":{"type":"Point","coordinates":[93.032,56.025]},"properties":{"uid":"mines:3179396b9d58","layer":"mines","layer_title":"Рудники, копи, промыслы","group":"economy","title":"Krasnoyarsk","category":"рудник","date_precision":"unknown","date_approx":false,"url":"https://www.wikidata.org/wiki/Q137925139","source":"Викиданные","source_id":"Q137925139","license":"CC0 (Викиданные)","confidence":"ok"}},{"type":"Feature","id":"mines:18d8443e35f5","geometry":{"type":"Point","coordinates":[61.399702,55.164465]},"properties":{"uid":"mines:18d8443e35f5","layer":"mines","layer_title":"Рудники, копи, промыслы","group":"economy","title":"Kroutoyara River","category":"рудник","date_precision":"unknown","date_approx":false,"url":"https://www.wikidata.org/wiki/Q137925140","source":"Викиданные","source_id":"Q137925140","license":"CC0 (Викиданные)","confidence":"ok"}},{"type":"Feature","id":"mines:5cf6b0916d08","geometry":{"type":"Point","coordinates":[139.043,62.514]},"properties":{"uid":"mines:5cf6b0916d08","layer":"mines","layer_title":"Рудники, копи, промыслы","group":"economy","title":"Nezhdaninskoye","category":"рудник","date_precision":"unknown","date_approx":false,"url":"https://www.wikidata.org/wiki/Q137925164","source":"Викиданные","source_id":"Q137925164","license":"CC0 (Викиданные)","confidence":"ok"}},{"type":"Feature","id":"mines:0debfa7198b5","geometry":{"type":"Point","coordinates":[88.185,69.293]},"properties":{"uid":"mines:0debfa7198b5","layer":"mines","layer_title":"Рудники, копи, промыслы","group":"economy","title":"Polar and Kola","category":"рудник","date_precision":"unknown","date_approx":false,"url":"https://www.wikidata.org/wiki/Q137925183","source":"Викиданные","source_id":"Q137925183","license":"CC0 (Викиданные)","confidence":"ok"}},{"type":"Feature","id":"mines:509dc045300d","geometry":{"type":"Point","coordinates":[30.42058,69.41292]},"properties":{"uid":"mines:509dc045300d","layer":"mines","layer_title":"Рудники, копи, промыслы","group":"economy","title":"Semiletka Deposit","category":"рудник","date_precision":"unknown","date_approx":false,"url":"https://www.wikidata.org/wiki/Q137925199","source":"Викиданные","source_id":"Q137925199","license":"CC0 (Викиданные)","confidence":"ok"}},{"type":"Feature","id":"mines:e84d30a3dabb","geometry":{"type":"Point","coordinates":[61.18422,54.96173]},"properties":{"uid":"mines:e84d30a3dabb","layer":"mines","layer_title":"Рудники, копи, промыслы","group":"economy","title":"Tominskoye","category":"рудник","date_precision":"unknown","date_approx":false,"url":"https://www.wikidata.org/wiki/Q137925215","source":"Викиданные","source_id":"Q137925215","license":"CC0 (Викиданные)","confidence":"ok"}},{"type":"Feature","id":"mines:531b320ef990","geometry":{"type":"Point","coordinates":[96.578,61.944]},"properties":{"uid":"mines:531b320ef990","layer":"mines","layer_title":"Рудники, копи, промыслы","group":"economy","title":"Ural Mountains","category":"рудник","date_precision":"unknown","date_approx":false,"url":"https://www.wikidata.org/wiki/Q137925224","source":"Викиданные","source_id":"Q137925224","license":"CC0 (Викиданные)","confidence":"ok"}},{"type":"Feature","id":"mines:ca7bb1ed74f6","geometry":{"type":"Point","coordinates":[88.1824,69.31024]},"properties":{"uid":"mines:ca7bb1ed74f6","layer":"mines","layer_title":"Рудники, копи, промыслы","group":"economy","title":"Zapolyarny Mine","category":"рудник","date_precision":"unknown","date_approx":false,"url":"https://www.wikidata.org/wiki/Q137925239","source":"Викиданные","source_id":"Q137925239","license":"CC0 (Викиданные)","confidence":"ok"}},{"type":"Feature","id":"mines:8c2c3daab489","geometry":{"type":"Point","coordinates":[67.728,47.78]},"properties":{"uid":"mines:8c2c3daab489","layer":"mines","layer_title":"Рудники, копи, промыслы","group":"economy","title":"Zhezkazgan Smelter","category":"рудник","date_precision":"unknown","date_approx":false,"url":"https://www.wikidata.org/wiki/Q137925241","source":"Викиданные","source_id":"Q137925241","license":"CC0 (Викиданные)","confidence":"ok"}},{"type":"Feature","id":"mines:ed04eabeadf2","geometry":{"type":"Point","coordinates":[88.349,69.516]},"properties":{"uid":"mines:ed04eabeadf2","layer":"mines","layer_title":"Рудники, копи, промыслы","group":"economy","title":"Nornickel Taimyr Peninsula","category":"рудник","date_precision":"unknown","date_approx":false,"url":"https://www.wikidata.org/wiki/Q137938406","source":"Викиданные","source_id":"Q137938406","license":"CC0 (Викиданные)","confidence":"ok"}},{"type":"Feature","id":"mines:8f2bbc603438","geometry":{"type":"Point","coordinates":[88.44748,69.49046]},"properties":{"uid":"mines:8f2bbc603438","layer":"mines","layer_title":"Рудники, копи, промыслы","group":"economy","title":"Skalisty Mine","category":"рудник","date_precision":"unknown","date_approx":false,"url":"https://www.wikidata.org/wiki/Q137938451","source":"Викиданные","source_id":"Q137938451","license":"CC0 (Викиданные)","confidence":"ok"}},{"type":"Feature","id":"mines:7e6f330bec6d","geometry":{"type":"Point","coordinates":[30.74641,69.3922]},"properties":{"uid":"mines:7e6f330bec6d","layer":"mines","layer_title":"Рудники, копи, промыслы","group":"economy","title":"Zhdanovskoye Deposit","category":"рудник","date_precision":"unknown","date_approx":false,"url":"https://www.wikidata.org/wiki/Q137938514","source":"Викиданные","source_id":"Q137938514","license":"CC0 (Викиданные)","confidence":"ok"}},{"type":"Feature","id":"mines:5cf1d72217f6","geometry":{"type":"Point","coordinates":[37.9,47.3]},"properties":{"uid":"mines:5cf1d72217f6","layer":"mines","layer_title":"Рудники, копи, промыслы","group":"economy","title":"Petrovo-Hnutivske Deposit","category":"рудник","date_precision":"unknown","date_approx":false,"url":"https://www.wikidata.org/wiki/Q137942258","source":"Викиданные","source_id":"Q137942258","license":"CC0 (Викиданные)","confidence":"ok"}},{"type":"Feature","id":"mines:474607324e50","geometry":{"type":"Point","coordinates":[74.376984,49.171523]},"properties":{"uid":"mines:474607324e50","layer":"mines","layer_title":"Рудники, копи, промыслы","group":"economy","title":"Kuirektykol Deposit","category":"рудник","date_precision":"unknown","date_approx":false,"url":"https://www.wikidata.org/wiki/Q137942263","source":"Викиданные","source_id":"Q137942263","license":"CC0 (Викиданные)","confidence":"ok"}},{"type":"Feature","id":"mines:83a281c123dc","geometry":{"type":"Point","coordinates":[36.808,46.972]},"properties":{"uid":"mines:83a281c123dc","layer":"mines","layer_title":"Рудники, копи, промыслы","group":"economy","title":"Kruta Balka Lithium Deposit","category":"рудник","date_precision":"unknown","date_approx":false,"url":"https://www.wikidata.org/wiki/Q137942398","source":"Викиданные","source_id":"Q137942398","license":"CC0 (Викиданные)","confidence":"ok"}},{"type":"Feature","id":"mines:faa8a142874c","geometry":{"type":"Point","coordinates":[31.053,48.35]},"properties":{"uid":"mines:faa8a142874c","layer":"mines","layer_title":"Рудники, копи, промыслы","group":"economy","title":"Dobra Lithium Deposit","category":"рудник","date_precision":"unknown","date_approx":false,"url":"https://www.wikidata.org/wiki/Q137942402","source":"Викиданные","source_id":"Q137942402","license":"CC0 (Викиданные)","confidence":"ok"}},{"type":"Feature","id":"mines:68bdb72e5785","geometry":{"type":"Point","coordinates":[31.8,48.6]},"properties":{"uid":"mines:68bdb72e5785","layer":"mines","layer_title":"Рудники, копи, промыслы","group":"economy","title":"Polokhivske Lithium Deposit","category":"рудник","date_precision":"unknown","date_approx":false,"url":"https://www.wikidata.org/wiki/Q137942400","source":"Викиданные","source_id":"Q137942400","license":"CC0 (Викиданные)","confidence":"ok"}},{"type":"Feature","id":"mines:8ca168871100","geometry":{"type":"Point","coordinates":[36.713,47.909]},"properties":{"uid":"mines:8ca168871100","layer":"mines","layer_title":"Рудники, копи, промыслы","group":"economy","title":"Shevchenkivske Lithium Deposit","category":"рудник","date_precision":"unknown","date_approx":false,"url":"https://www.wikidata.org/wiki/Q137942401","source":"Викиданные","source_id":"Q137942401","license":"CC0 (Викиданные)","confidence":"ok"}},{"type":"Feature","id":"mines:cbce61dcde49","geometry":{"type":"Point","coordinates":[30.785,47.915]},"properties":{"uid":"mines:cbce61dcde49","layer":"mines","layer_title":"Рудники, копи, промыслы","group":"economy","title":"Kumary","category":"рудник","date_precision":"unknown","date_approx":false,"url":"https://www.wikidata.org/wiki/Q137942947","source":"Викиданные","source_id":"Q137942947","license":"CC0 (Викиданные)","confidence":"ok"}},{"type":"Feature","id":"mines:f3c469295657","geometry":{"type":"Point","coordinates":[46.076773,40.513605]},"properties":{"uid":"mines:f3c469295657","layer":"mines","layer_title":"Рудники, копи, промыслы","group":"economy","title":"Dashkesan Mine","category":"рудник","date_precision":"unknown","date_approx":false,"url":"https://www.wikidata.org/wiki/Q137942949","source":"Викиданные","source_id":"Q137942949","license":"CC0 (Викиданные)","confidence":"ok"}},{"type":"Feature","id":"mines:be2336e09cf8","geometry":{"type":"Point","coordinates":[58.462,50.308]},"properties":{"uid":"mines:be2336e09cf8","layer":"mines","layer_title":"Рудники, копи, промыслы","group":"economy","title":"Donskoy","category":"рудник","date_precision":"unknown","date_approx":false,"url":"https://www.wikidata.org/wiki/Q137942970","source":"Викиданные","source_id":"Q137942970","license":"CC0 (Викиданные)","confidence":"ok"}},{"type":"Feature","id":"mines:e6d8ab96539c","geometry":{"type":"Point","coordinates":[61.168,57.448]},"properties":{"uid":"mines:e6d8ab96539c","layer":"mines","layer_title":"Рудники, копи, промыслы","group":"economy","title":"Rezh Group","category":"рудник","date_precision":"unknown","date_approx":false,"url":"https://www.wikidata.org/wiki/Q137942978","source":"Викиданные","source_id":"Q137942978","license":"CC0 (Викиданные)","confidence":"ok"}},{"type":"Feature","id":"mines:67d5466b4976","geometry":{"type":"Point","coordinates":[92.0,53.998]},"properties":{"uid":"mines:67d5466b4976","layer":"mines","layer_title":"Рудники, копи, промыслы","group":"economy","title":"Ol'Khovo","category":"рудник","date_precision":"unknown","date_approx":false,"url":"https://www.wikidata.org/wiki/Q137942976","source":"Викиданные","source_id":"Q137942976","license":"CC0 (Викиданные)","confidence":"ok"}},{"type":"Feature","id":"mines:156498e378c7","geometry":{"type":"Point","coordinates":[28.973,62.7151]},"properties":{"uid":"mines:156498e378c7","layer":"mines","layer_title":"Рудники, копи, промыслы","group":"economy","title":"Outokumpu Copper Cobalt Deposit Finland","category":"рудник","date_precision":"unknown","date_approx":false,"url":"https://www.wikidata.org/wiki/Q137943051","source":"Викиданные","source_id":"Q137943051","license":"CC0 (Викиданные)","confidence":"ok"}},{"type":"Feature","id":"mines:80fac7563751","geometry":{"type":"Point","coordinates":[28.953,62.719]},"properties":{"uid":"mines:80fac7563751","layer":"mines","layer_title":"Рудники, копи, промыслы","group":"economy","title":"Vuonos Mine","category":"рудник","date_precision":"unknown","date_approx":false,"url":"https://www.wikidata.org/wiki/Q137943049","source":"Викиданные","source_id":"Q137943049","license":"CC0 (Викиданные)","confidence":"ok"}},{"type":"Feature","id":"mines:1ddf527ff6d8","geometry":{"type":"Point","coordinates":[28.42,64.132]},"properties":{"uid":"mines:1ddf527ff6d8","layer":"mines","layer_title":"Рудники, копи, промыслы","group":"economy","title":"Lahnaslampi","category":"рудник","date_precision":"unknown","date_approx":false,"url":"https://www.wikidata.org/wiki/Q137943122","source":"Викиданные","source_id":"Q137943122","license":"CC0 (Викиданные)","confidence":"ok"}},{"type":"Feature","id":"mines:842e09ac39f9","geometry":{"type":"Point","coordinates":[30.669,48.165]},"properties":{"uid":"mines:842e09ac39f9","layer":"mines","layer_title":"Рудники, копи, промыслы","group":"economy","title":"Pobugsk","category":"рудник","date_precision":"unknown","date_approx":false,"url":"https://www.wikidata.org/wiki/Q137943131","source":"Викиданные","source_id":"Q137943131","license":"CC0 (Викиданные)","confidence":"ok"}},{"type":"Feature","id":"mines:b69adfa99dc2","geometry":{"type":"Point","coordinates":[58.218,50.598]},"properties":{"uid":"mines:b69adfa99dc2","layer":"mines","layer_title":"Рудники, копи, промыслы","group":"economy","title":"Kempirsai Group","category":"рудник","date_precision":"unknown","date_approx":false,"url":"https://www.wikidata.org/wiki/Q137943178","source":"Викиданные","source_id":"Q137943178","license":"CC0 (Викиданные)","confidence":"ok"}},{"type":"Feature","id":"mines:33475f5180b8","geometry":{"type":"Point","coordinates":[78.843764,50.398235]},"properties":{"uid":"mines:33475f5180b8","layer":"mines","layer_title":"Рудники, копи, промыслы","group":"economy","title":"Gornostayevskoye Deposit","category":"рудник","date_precision":"unknown","date_approx":false,"url":"https://www.wikidata.org/wiki/Q137943177","source":"Викиданные","source_id":"Q137943177","license":"CC0 (Викиданные)","confidence":"ok"}},{"type":"Feature","id":"mines:e28daa3079f1","geometry":{"type":"Point","coordinates":[60.001,55.998]},"properties":{"uid":"mines:e28daa3079f1","layer":"mines","layer_title":"Рудники, копи, промыслы","group":"economy","title":"Central Ural Group","category":"рудник","date_precision":"unknown","date_approx":false,"url":"https://www.wikidata.org/wiki/Q137943191","source":"Викиданные","source_id":"Q137943191","license":"CC0 (Викиданные)","confidence":"ok"}},{"type":"Feature","id":"mines:98dab2d0e381","geometry":{"type":"Point","coordinates":[32.961,67.928]},"properties":{"uid":"mines:98dab2d0e381","layer":"mines","layer_title":"Рудники, копи, промыслы","group":"economy","title":"Monchegorsk","category":"рудник","date_precision":"unknown","date_approx":false,"url":"https://www.wikidata.org/wiki/Q137944235","source":"Викиданные","source_id":"Q137944235","license":"CC0 (Викиданные)","confidence":"ok"}},{"type":"Feature","id":"mines:f00aa814cffa","geometry":{"type":"Point","coordinates":[58.118,51.415]},"properties":{"uid":"mines:f00aa814cffa","layer":"mines","layer_title":"Рудники, копи, промыслы","group":"economy","title":"Chalilovo","category":"рудник","date_precision":"unknown","date_approx":false,"url":"https://www.wikidata.org/wiki/Q137944233","source":"Викиданные","source_id":"Q137944233","license":"CC0 (Викиданные)","confidence":"ok"}},{"type":"Feature","id":"mines:27317c871036","geometry":{"type":"Point","coordinates":[60.3014,56.7645]},"properties":{"uid":"mines:27317c871036","layer":"mines","layer_title":"Рудники, копи, промыслы","group":"economy","title":"Yuzhuralnickel Complex","category":"рудник","date_precision":"unknown","date_approx":false,"url":"https://www.wikidata.org/wiki/Q137944237","source":"Викиданные","source_id":"Q137944237","license":"CC0 (Викиданные)","confidence":"ok"}},{"type":"Feature","id":"mines:057e7fe49d7b","geometry":{"type":"Point","coordinates":[32.302,48.498]},"properties":{"uid":"mines:057e7fe49d7b","layer":"mines","layer_title":"Рудники, копи, промыслы","group":"economy","title":"Kirovograd","category":"рудник","date_precision":"unknown","date_approx":false,"url":"https://www.wikidata.org/wiki/Q137944291","source":"Викиданные","source_id":"Q137944291","license":"CC0 (Викиданные)","confidence":"ok"}},{"type":"Feature","id":"mines:f83a51eee538","geometry":{"type":"Point","coordinates":[37.181636,48.355686]},"properties":{"uid":"mines:f83a51eee538","layer":"mines","layer_title":"Рудники, копи, промыслы","group":"economy","title":"Q139411930","category":"угольная шахта","place_text":"Покровский район","region":"Покровский район","year_from":1958,"year_to":1960,"date_precision":"open","date_approx":true,"period_raw":"с 1958","url":"https://www.wikidata.org/wiki/Q139411930","source":"Викиданные","source_id":"Q139411930","license":"CC0 (Викиданные)","confidence":"ok"}},{"type":"Feature","id":"mines:56321c9600e6","geometry":{"type":"Point","coordinates":[45.768611,40.6]},"properties":{"uid":"mines:56321c9600e6","layer":"mines","layer_title":"Рудники, копи, промыслы","group":"economy","title":"Q139907809","category":"рудник","place_text":"Кедабекский район","region":"Кедабекский район","date_precision":"unknown","date_approx":false,"url":"https://www.wikidata.org/wiki/Q139907809","source":"Викиданные","source_id":"Q139907809","license":"CC0 (Викиданные)","confidence":"ok"}},{"type":"Feature","id":"mines:05124692bc0d","geometry":{"type":"Point","coordinates":[18.94245,50.34856]},"properties":{"uid":"mines:05124692bc0d","layer":"mines","layer_title":"Рудники, копи, промыслы","group":"economy","title":"Q140356440","category":"строительный карьер","place_text":"Бытом","region":"Бытом","year_from":2017,"year_to":2017,"date_precision":"open","date_approx":true,"period_raw":"с 2017","url":"https://www.wikidata.org/wiki/Q140356440","source":"Викиданные","source_id":"Q140356440","license":"CC0 (Викиданные)","confidence":"ok"}},{"type":"Feature","id":"mines:0f3e8c6ae039","geometry":{"type":"Point","coordinates":[30.579709,61.946964]},"properties":{"uid":"mines:0f3e8c6ae039","layer":"mines","layer_title":"Рудники, копи, промыслы","group":"economy","title":"Большой Мраморный каньон","category":"строительный карьер","place_text":"Рускеала","region":"Рускеала","date_precision":"unknown","date_approx":false,"url":"https://www.wikidata.org/wiki/Q140705626","source":"Викиданные","source_id":"Q140705626","license":"CC0 (Викиданные)","confidence":"ok"}},{"type":"Feature","id":"mines:1706e9e17166","geometry":{"type":"Point","coordinates":[24.170278,50.346944]},"properties":{"uid":"mines:1706e9e17166","layer":"mines","layer_title":"Рудники, копи, промыслы","group":"economy","title":"Возрождение (шахта)","category":"рудник","date_precision":"unknown","date_approx":false,"summary":"угольная шахта во Львовско-Волынском угольном бассейне","url":"https://ru.wikipedia.org/wiki/%D0%92%D0%BE%D0%B7%D1%80%D0%BE%D0%B6%D0%B4%D0%B5%D0%BD%D0%B8%D0%B5_(%D1%88%D0%B0%D1%85%D1%82%D0%B0)","source":"Викиданные","source_id":"Q4114956","license":"CC0 (Викиданные)","confidence":"ok"}},{"type":"Feature","id":"mines:da71d68bfaa0","geometry":{"type":"Point","coordinates":[39.694444,62.558889]},"properties":{"uid":"mines:da71d68bfaa0","layer":"mines","layer_title":"Рудники, копи, промыслы","group":"economy","title":"Иксинское месторождение","category":"месторождение полезных ископаемых","place_text":"Плесецкий район","region":"Плесецкий район","date_precision":"unknown","date_approx":false,"summary":"месторождение бокситов в Архангельской области","url":"https://ru.wikipedia.org/wiki/%D0%98%D0%BA%D1%81%D0%B8%D0%BD%D1%81%D0%BA%D0%BE%D0%B5_%D0%BC%D0%B5%D1%81%D1%82%D0%BE%D1%80%D0%BE%D0%B6%D0%B4%D0%B5%D0%BD%D0%B8%D0%B5","source":"Викиданные","source_id":"Q4199091","license":"CC0 (Викиданные)","confidence":"ok"}},{"type":"Feature","id":"mines:cb09552e1917","geometry":{"type":"Point","coordinates":[56.031944,53.416944]},"properties":{"uid":"mines:cb09552e1917","layer":"mines","layer_title":"Рудники, копи, промыслы","group":"economy","title":"Ишимбайское нефтяное месторождение","category":"месторождение полезных ископаемых","place_text":"Ишимбайский район","region":"Ишимбайский район","date_precision":"unknown","date_approx":false,"summary":"нефтяное месторождение в Республике Башкортостан (Россия)","url":"https://ru.wikipedia.org/wiki/%D0%98%D1%88%D0%B8%D0%BC%D0%B1%D0%B0%D0%B9%D1%81%D0%BA%D0%BE%D0%B5_%D0%BD%D0%B5%D1%84%D1%82%D1%8F%D0%BD%D0%BE%D0%B5_%D0%BC%D0%B5%D1%81%D1%82%D0%BE%D1%80%D0%BE%D0%B6%D0%B4%D0%B5%D0%BD%D0%B8%D0%B5","source":"Викиданные","source_id":"Q4205602","license":"CC0 (Викиданные)","confidence":"ok"}},{"type":"Feature","id":"mines:12fd027d72c9","geometry":{"type":"Point","coordinates":[30.65667,64.68667]},"properties":{"uid":"mines:12fd027d72c9","layer":"mines","layer_title":"Рудники, копи, промыслы","group":"economy","title":"Карельский окатыш","category":"рудник","place_text":"Карелия","region":"Карелия","year_from":1974,"year_to":1974,"date_precision":"open","date_approx":true,"period_raw":"с 1974","summary":"российский горно-обогатительный комбинат","url":"https://ru.wikipedia.org/wiki/%D0%9A%D0%B0%D1%80%D0%B5%D0%BB%D1%8C%D1%81%D0%BA%D0%B8%D0%B9_%D0%BE%D0%BA%D0%B0%D1%82%D1%8B%D1%88","image_url":"http://commons.wikimedia.org/wiki/Special:FilePath/Karelsky%20okatysh%20pelletizing%20plant.jpg","source":"Викиданные","source_id":"Q4214950","license":"CC0 (Викиданные)","confidence":"ok"}},{"type":"Feature","id":"mines:9fd1d0086d9c","geometry":{"type":"Point","coordinates":[38.374,48.164]},"properties":{"uid":"mines:9fd1d0086d9c","layer":"mines","layer_title":"Рудники, копи, промыслы","group":"economy","title":"Комсомолец Донбасса","category":"рудник","place_text":"Донецкая область","region":"Донецкая область","year_from":1980,"year_to":1980,"date_precision":"open","date_approx":true,"period_raw":"с 1980","summary":"угледобывающее предприятие в городе Кировское","url":"https://ru.wikipedia.org/wiki/%D0%9A%D0%BE%D0%BC%D1%81%D0%BE%D0%BC%D0%BE%D0%BB%D0%B5%D1%86_%D0%94%D0%BE%D0%BD%D0%B1%D0%B0%D1%81%D1%81%D0%B0","image_url":"http://commons.wikimedia.org/wiki/Special:FilePath/Shakta%20KD.png","source":"Викиданные","source_id":"Q4230161","license":"CC0 (Викиданные)","confidence":"ok"}},{"type":"Feature","id":"mines:0577d1adaef6","geometry":{"type":"Point","coordinates":[59.974299,60.197853]},"properties":{"uid":"mines:0577d1adaef6","layer":"mines","layer_title":"Рудники, копи, промыслы","group":"economy","title":"Красная Шапочка (месторождение)","category":"рудник","place_text":"Североуральский муниципальный округ","region":"Североуральский муниципальный округ","date_precision":"unknown","date_approx":false,"summary":"Месторождение бокситов в Свердловской области, в России","url":"https://ru.wikipedia.org/wiki/%D0%9A%D1%80%D0%B0%D1%81%D0%BD%D0%B0%D1%8F_%D0%A8%D0%B0%D0%BF%D0%BE%D1%87%D0%BA%D0%B0_(%D0%BC%D0%B5%D1%81%D1%82%D0%BE%D1%80%D0%BE%D0%B6%D0%B4%D0%B5%D0%BD%D0%B8%D0%B5)","image_url":"http://commons.wikimedia.org/wiki/Special:FilePath/KrasnayaShapochka%20006%204043.jpg","source":"Викиданные","source_id":"Q4238077","license":"CC0 (Викиданные)","confidence":"ok"}},{"type":"Feature","id":"mines:75399980837b","geometry":{"type":"Point","coordinates":[53.765373,68.178575]},"properties":{"uid":"mines:75399980837b","layer":"mines","layer_title":"Рудники, копи, промыслы","group":"economy","title":"Кумжинское месторождение","category":"месторождение природного газа","date_precision":"unknown","date_approx":false,"summary":"газоконденсатное месторождение в Ненецком автономном округе","url":"https://ru.wikipedia.org/wiki/%D0%9A%D1%83%D0%BC%D0%B6%D0%B8%D0%BD%D1%81%D0%BA%D0%BE%D0%B5_%D0%BC%D0%B5%D1%81%D1%82%D0%BE%D1%80%D0%BE%D0%B6%D0%B4%D0%B5%D0%BD%D0%B8%D0%B5","source":"Викиданные","source_id":"Q4246937","license":"CC0 (Викиданные)","confidence":"ok"}},{"type":"Feature","id":"mines:e1bd2f0fea2f","geometry":{"type":"Point","coordinates":[34.668131,67.837139]},"properties":{"uid":"mines:e1bd2f0fea2f","layer":"mines","layer_title":"Рудники, копи, промыслы","group":"economy","title":"Каньон реки Чинглусуай","category":"каньон","place_text":"Мурманская область","region":"Мурманская область","date_precision":"unknown","date_approx":false,"summary":"каньон в Мурманской области","url":"https://www.wikidata.org/wiki/Q23894167","source":"Викиданные","source_id":"Q23894167","license":"CC0 (Викиданные)","confidence":"ok"}},{"type":"Feature","id":"mines:3cdc4ba7bab9","geometry":{"type":"Point","coordinates":[78.741111,59.68]},"properties":{"uid":"mines:3cdc4ba7bab9","layer":"mines","layer_title":"Рудники, копи, промыслы","group":"economy","title":"Чкаловское месторождение","category":"нефтяное месторождение","date_precision":"unknown","date_approx":false,"summary":"газонефтяное месторождение в Томской области России","url":"https://ru.wikipedia.org/wiki/%D0%A7%D0%BA%D0%B0%D0%BB%D0%BE%D0%B2%D1%81%D0%BA%D0%BE%D0%B5_(%D0%A2%D0%BE%D0%BC%D1%81%D0%BA%D0%B0%D1%8F_%D0%BE%D0%B1%D0%BB%D0%B0%D1%81%D1%82%D1%8C)","source":"Викиданные","source_id":"Q25396129","license":"CC0 (Викиданные)","confidence":"ok"}},{"type":"Feature","id":"mines:ff3832c41d2f","geometry":{"type":"Point","coordinates":[43.54451,43.2288]},"properties":{"uid":"mines:ff3832c41d2f","layer":"mines","layer_title":"Рудники, копи, промыслы","group":"economy","title":"Сухое озеро","category":"озеро","place_text":"Черекский район","region":"Черекский район","date_precision":"unknown","date_approx":false,"summary":"озеро в Кабардино-Балкарии","url":"https://www.wikidata.org/wiki/Q28032814","image_url":"http://commons.wikimedia.org/wiki/Special:FilePath/%D0%9E%D0%B7%D0%B5%D1%80%D0%BE%20%D0%A1%D1%83%D1%85%D0%BE%D0%B5%20-%20panoramio.jpg","source":"Викиданные","source_id":"Q28032814","license":"CC0 (Викиданные)","confidence":"ok"}},{"type":"Feature","id":"mines:e1455e338cfd","geometry":{"type":"Point","coordinates":[67.90974,45.598224]},"properties":{"uid":"mines:e1455e338cfd","layer":"mines","layer_title":"Рудники, копи, промыслы","group":"economy","title":"Мынкудук (урановое месторождение)","category":"месторождение полезных ископаемых","place_text":"Туркестанская область","region":"Туркестанская область","date_precision":"unknown","date_approx":false,"summary":"урановое месторождение. Расположено в Шу-Сарысуйской урановой провинции Казахстана, в пределах широтной Шу-Сарысуйской впадины. Открыто в 1970-е годы. Активно разрабатывается.","url":"https://ru.wikipedia.org/wiki/%D0%9C%D1%8B%D0%BD%D0%BA%D1%83%D0%B4%D1%83%D0%BA_(%D1%83%D1%80%D0%B0%D0%BD%D0%BE%D0%B2%D0%BE%D0%B5_%D0%BC%D0%B5%D1%81%D1%82%D0%BE%D1%80%D0%BE%D0%B6%D0%B4%D0%B5%D0%BD%D0%B8%D0%B5)","image_url":"http://commons.wikimedia.org/wiki/Special:FilePath/Steppe%20of%20western%20Kazakhstan%20in%20the%20early%20spring.jpg","source":"Викиданные","source_id":"Q28952483","license":"CC0 (Викиданные)","confidence":"ok"}},{"type":"Feature","id":"mines:7d3b19f9ce83","geometry":{"type":"Point","coordinates":[60.242863,55.469448]},"properties":{"uid":"mines:7d3b19f9ce83","layer":"mines","layer_title":"Рудники, копи, промыслы","group":"economy","title":"Золотая гора","category":"рудник","place_text":"Карабаш","region":"Карабаш","date_precision":"unknown","date_approx":false,"summary":"месторождение золота","url":"https://www.wikidata.org/wiki/Q29017444","source":"Викиданные","source_id":"Q29017444","license":"CC0 (Викиданные)","confidence":"ok"}},{"type":"Feature","id":"mines:14844fd58056","geometry":{"type":"Point","coordinates":[59.925583,57.899361]},"properties":{"uid":"mines:14844fd58056","layer":"mines","layer_title":"Рудники, копи, промыслы","group":"economy","title":"Меднорудянск, Меднорудянское","category":"организация","place_text":"Свердловская область","region":"Свердловская область","year_from":1813,"year_to":1960,"date_precision":"open","date_approx":true,"period_raw":"с 1813","summary":"месторождение","url":"https://ru.wikipedia.org/wiki/%D0%9C%D0%B5%D0%B4%D0%BD%D0%BE%D1%80%D1%83%D0%B4%D1%8F%D0%BD%D1%81%D0%BA%D0%BE%D0%B5_%D0%BC%D0%B5%D1%81%D1%82%D0%BE%D1%80%D0%BE%D0%B6%D0%B4%D0%B5%D0%BD%D0%B8%D0%B5","image_url":"http://commons.wikimedia.org/wiki/Special:FilePath/Vysokogorskiy%20Open%20Pit%20-%202.jpg","source":"Викиданные","source_id":"Q29023807","license":"CC0 (Викиданные)","confidence":"ok"}},{"type":"Feature","id":"mines:927f6802a2c9","geometry":{"type":"Point","coordinates":[43.683333,49.733333]},"properties":{"uid":"mines:927f6802a2c9","layer":"mines","layer_title":"Рудники, копи, промыслы","group":"economy","title":"Арчединское нефтегазовое месторождение","category":"месторождение нефти и газа","place_text":"Волгоградская область","region":"Волгоградская область","year_from":1948,"year_to":1960,"date_precision":"open","date_approx":true,"period_raw":"с 1948","summary":"Месторождение полезных ископаемых","url":"https://ru.wikipedia.org/wiki/%D0%90%D1%80%D1%87%D0%B5%D0%B4%D0%B8%D0%BD%D1%81%D0%BA%D0%BE%D0%B5_%D0%BD%D0%B5%D1%84%D1%82%D0%B5%D0%B3%D0%B0%D0%B7%D0%BE%D0%B2%D0%BE%D0%B5_%D0%BC%D0%B5%D1%81%D1%82%D0%BE%D1%80%D0%BE%D0%B6%D0%B4%D0%B5%D0%BD%D0%B8%D0%B5","image_url":"http://commons.wikimedia.org/wiki/Special:FilePath/Frolovo%202022-08-21%201.jpg","source":"Викиданные","source_id":"Q30888407","license":"CC0 (Викиданные)","confidence":"ok"}},{"type":"Feature","id":"mines:140d0279aab3","geometry":{"type":"Point","coordinates":[36.178056,45.419722]},"properties":{"uid":"mines:140d0279aab3","layer":"mines","layer_title":"Рудники, копи, промыслы","group":"economy","title":"Караларские каменоломни","category":"катакомбы","place_text":"Ленинский район","region":"Ленинский район","date_precision":"unknown","date_approx":false,"summary":"Каменоломни на Керченском полуострове","url":"https://ru.wikipedia.org/wiki/%D0%9A%D0%B0%D1%80%D0%B0%D0%BB%D0%B0%D1%80%D1%81%D0%BA%D0%B8%D0%B5_%D0%BA%D0%B0%D0%BC%D0%B5%D0%BD%D0%BE%D0%BB%D0%BE%D0%BC%D0%BD%D0%B8","image_url":"http://commons.wikimedia.org/wiki/Special:FilePath/%D0%9A%D0%B0%D1%80%D0%B0%D0%BB%D0%B0%D1%80%D1%81%D0%BA%D0%B8%D0%B5%20%D0%BA%D0%B0%D0%BC%D0%B5%D0%BD%D0%BE%D0%BB%D0%BE%D0%BC%D0%BD%D0%B8%20%D0%B2%D1%85%D0%BE%D0%B4.jpg","source":"Викиданные","source_id":"Q49460271","license":"CC0 (Викиданные)","confidence":"ok"}},{"type":"Feature","id":"mines:8103eb2db56c","geometry":{"type":"Point","coordinates":[136.9,49.916667]},"properties":{"uid":"mines:8103eb2db56c","layer":"mines","layer_title":"Рудники, копи, промыслы","group":"economy","title":"Малмыжское месторождение","category":"месторождение полезных ископаемых","place_text":"Нанайский район","region":"Нанайский район","date_precision":"unknown","date_approx":false,"summary":"золото-медно-порфировое месторождение России, расположенное в Нанайском районе Хабаровского края, в 274 км от Хабаровска, в окрестностях села Малмыж","url":"https://ru.wikipedia.org/wiki/%D0%9C%D0%B0%D0%BB%D0%BC%D1%8B%D0%B6%D1%81%D0%BA%D0%BE%D0%B5_%D0%BC%D0%B5%D1%81%D1%82%D0%BE%D1%80%D0%BE%D0%B6%D0%B4%D0%B5%D0%BD%D0%B8%D0%B5","source":"Викиданные","source_id":"Q86679795","license":"CC0 (Викиданные)","confidence":"ok"}},{"type":"Feature","id":"mines:2b906612d5a7","geometry":{"type":"Point","coordinates":[60.19222,56.46611]},"properties":{"uid":"mines:2b906612d5a7","layer":"mines","layer_title":"Рудники, копи, промыслы","group":"economy","title":"Гумешевское медное месторождение","category":"рудное месторождение","date_precision":"unknown","date_approx":false,"summary":"месторождение меди на Среднем Урале","url":"https://www.wikidata.org/wiki/Q97014725","source":"Викиданные","source_id":"Q97014725","license":"CC0 (Викиданные)","confidence":"ok"}},{"type":"Feature","id":"mines:97aa43a3dd73","geometry":{"type":"Point","coordinates":[31.507222,61.584167]},"properties":{"uid":"mines:97aa43a3dd73","layer":"mines","layer_title":"Рудники, копи, промыслы","group":"economy","title":"Рудник Герберц-1","category":"рудник","place_text":"Питкярантское городское поселение","region":"Питкярантское городское поселение","year_from":1896,"year_to":1960,"date_precision":"open","date_approx":true,"period_raw":"с 1896","summary":"рудник на территории Пикярантского района Республики Карелия, где с 1896 по 1903 год добывалась магнетитовая руда","url":"https://ru.wikipedia.org/wiki/%D0%93%D0%B5%D1%80%D0%B1%D0%B5%D1%80%D1%86-1","image_url":"http://commons.wikimedia.org/wiki/Special:FilePath/%D0%9F%D0%B8%D1%82%D0%BA%D1%8F%D1%80%D0%B0%D0%BD%D1%82%D0%B0%2C%20%D0%A0%D1%83%D0%B4%D0%BD%D0%B8%D0%BA%20%D0%93%D0%B5%D1%80%D0%B1%D0%B5%D1%80%D1%86-1%2C%20%D1%88%D0%B0%D1%85%D1%82%D0%B0%201%2C%20%D0%B2%D0%B8%D0%B4%201.jpg","source":"Викиданные","source_id":"Q101642379","license":"CC0 (Викиданные)","confidence":"ok"}},{"type":"Feature","id":"mines:d38dbbcc1a07","geometry":{"type":"Point","coordinates":[36.494167,45.4025]},"properties":{"uid":"mines:d38dbbcc1a07","layer":"mines","layer_title":"Рудники, копи, промыслы","group":"economy","title":"Булганакские каменоломни","category":"катакомбы","place_text":"Ленинский район","region":"Ленинский район","year_from":1800,"year_to":1953,"date_precision":"open","date_approx":true,"period_raw":"до 1953","summary":"система выработок, оставшихся после добычи известняка вблизи села Бондаренково","url":"https://ru.wikipedia.org/wiki/%D0%91%D1%83%D0%BB%D0%B3%D0%B0%D0%BD%D0%B0%D0%BA%D1%81%D0%BA%D0%B8%D0%B5_%D0%BA%D0%B0%D0%BC%D0%B5%D0%BD%D0%BE%D0%BB%D0%BE%D0%BC%D0%BD%D0%B8","image_url":"http://commons.wikimedia.org/wiki/Special:FilePath/%D0%91%D1%83%D0%BB%D0%B3%D0%B0%D0%BD%D0%B0%D0%BA%D1%81%D0%BA%D0%B8%D0%B5%20%D0%BA%D0%B0%D0%BC%D0%B5%D0%BD%D0%BE%D0%BB%D0%BE%D0%BC%D0%BD%D0%B8%2C%20%D0%B2%D1%8B%D1%80%D0%B0%D0%B1%D0%BE%D1%82%D0%BA%D0%B0.jpg","source":"Викиданные","source_id":"Q105064387","license":"CC0 (Викиданные)","confidence":"ok"}},{"type":"Feature","id":"mines:a74e614e3c06","geometry":{"type":"Point","coordinates":[36.301573,45.382643]},"properties":{"uid":"mines:a74e614e3c06","layer":"mines","layer_title":"Рудники, копи, промыслы","group":"economy","title":"Багеровские каменоломни","category":"катакомбы","place_text":"Ленинский район","region":"Ленинский район","date_precision":"unknown","date_approx":false,"summary":"Каменоломни по добыче известняка в посёлке Багерово","url":"https://ru.wikipedia.org/wiki/%D0%91%D0%B0%D0%B3%D0%B5%D1%80%D0%BE%D0%B2%D1%81%D0%BA%D0%B8%D0%B5_%D0%BA%D0%B0%D0%BC%D0%B5%D0%BD%D0%BE%D0%BB%D0%BE%D0%BC%D0%BD%D0%B8","image_url":"http://commons.wikimedia.org/wiki/Special:FilePath/%D0%91%D0%B0%D0%B3%D0%B5%D1%80%D0%BE%D0%B2%D1%81%D0%BA%D0%B8%D0%B5%20%D0%BA%D0%B0%D0%BC%D0%B5%D0%BD%D0%BE%D0%BB%D0%BE%D0%BC%D0%BD%D0%B8.%20%D0%92%D1%85%D0%BE%D0%B4%D1%8B.jpg","source":"Викиданные","source_id":"Q105079501","license":"CC0 (Викиданные)","confidence":"ok"}},{"type":"Feature","id":"mines:e261773741d0","geometry":{"type":"Point","coordinates":[31.506389,61.584719]},"properties":{"uid":"mines:e261773741d0","layer":"mines","layer_title":"Рудники, копи, промыслы","group":"economy","title":"Новое рудное поле","category":"рудник","place_text":"Питкярантское городское поселение","region":"Питкярантское городское поселение","year_from":1896,"year_to":1960,"date_precision":"open","date_approx":true,"period_raw":"с 1896","summary":"группа железорудных месторождений на территории Пикярантского района Республики Карелия, где в конце XIX — начале XX вв. добывалась магнетитовая руда","url":"https://ru.wikipedia.org/wiki/%D0%9D%D0%BE%D0%B2%D0%BE%D0%B5_%D1%80%D1%83%D0%B4%D0%BD%D0%BE%D0%B5_%D0%BF%D0%BE%D0%BB%D0%B5","image_url":"http://commons.wikimedia.org/wiki/Special:FilePath/NeuenGrubenfeldes%20Pitk%C3%A4ranta.png","source":"Викиданные","source_id":"Q105203008","license":"CC0 (Викиданные)","confidence":"ok"}},{"type":"Feature","id":"mines:02ca6e7730b8","geometry":{"type":"Point","coordinates":[36.32377,45.446657]},"properties":{"uid":"mines:02ca6e7730b8","layer":"mines","layer_title":"Рудники, копи, промыслы","group":"economy","title":"Ташкалакские каменоломни","category":"строительный карьер","place_text":"Ленинский район","region":"Ленинский район","date_precision":"unknown","date_approx":false,"summary":"Каменоломни на горе Ташкалак, Крым, Ленинский район","url":"https://ru.wikipedia.org/wiki/%D0%A2%D0%B0%D1%88%D0%BA%D0%B0%D0%BB%D0%B0%D0%BA%D1%81%D0%BA%D0%B8%D0%B5_%D0%BA%D0%B0%D0%BC%D0%B5%D0%BD%D0%BE%D0%BB%D0%BE%D0%BC%D0%BD%D0%B8","image_url":"http://commons.wikimedia.org/wiki/Special:FilePath/%D0%9A%D0%B0%D0%BC%D0%B5%D0%BD%D0%BE%D0%BB%D0%BE%D0%BC%D0%BD%D1%8F%20%D0%A2%D0%B0%D1%88%D0%BA%D0%B0%D0%BB%D0%B0%D0%BA-1%20%D0%B2%D1%85%D0%BE%D0%B4%D1%8B%202.jpg","source":"Викиданные","source_id":"Q105597673","license":"CC0 (Викиданные)","confidence":"ok"}},{"type":"Feature","id":"mines:d2f1e82125dd","geometry":{"type":"Point","coordinates":[35.538013,45.283983]},"properties":{"uid":"mines:d2f1e82125dd","layer":"mines","layer_title":"Рудники, копи, промыслы","group":"economy","title":"Ак-Монайские каменоломни","category":"строительный карьер","place_text":"Ленинский район","region":"Ленинский район","date_precision":"unknown","date_approx":false,"summary":"Каменоломни у села Каменское на берегу Арабатского залива","url":"https://ru.wikipedia.org/wiki/%D0%90%D0%BA-%D0%9C%D0%BE%D0%BD%D0%B0%D0%B9%D1%81%D0%BA%D0%B8%D0%B5_%D0%BA%D0%B0%D0%BC%D0%B5%D0%BD%D0%BE%D0%BB%D0%BE%D0%BC%D0%BD%D0%B8","image_url":"http://commons.wikimedia.org/wiki/Special:FilePath/%D0%90%D0%BA-%D0%9C%D0%BE%D0%BD%D0%B0%D0%B9%D1%81%D0%BA%D0%B8%D0%B5%20%D0%BA%D0%B0%D0%BC%D0%B5%D0%BD%D0%BE%D0%BB%D0%BE%D0%BC%D0%BD%D0%B8%20%D0%9F%D1%80%D0%BE%D0%B2%D0%B0%D0%BB%D1%8B%20%D0%BF%D0%B5%D1%80%D0%B5%D0%BA%D1%80%D1%8B%D1%82%D0%B8%D0%B9%20%D1%8F%D1%80%D1%83%D1%81%D0%B0.jpg","source":"Викиданные","source_id":"Q105616668","license":"CC0 (Викиданные)","confidence":"ok"}},{"type":"Feature","id":"mines:8f6d56babb0a","geometry":{"type":"Point","coordinates":[36.216431,45.035696]},"properties":{"uid":"mines:8f6d56babb0a","layer":"mines","layer_title":"Рудники, копи, промыслы","group":"economy","title":"Опукские каменоломни","category":"катакомбы","date_precision":"unknown","date_approx":false,"summary":"Каменоломни на горе Опук на Керченском полуострове","url":"https://ru.wikipedia.org/wiki/%D0%9E%D0%BF%D1%83%D0%BA%D1%81%D0%BA%D0%B8%D0%B5_%D0%BA%D0%B0%D0%BC%D0%B5%D0%BD%D0%BE%D0%BB%D0%BE%D0%BC%D0%BD%D0%B8","image_url":"http://commons.wikimedia.org/wiki/Special:FilePath/%D0%9E%D0%BF%D1%83%D0%BA%2021.JPG","source":"Викиданные","source_id":"Q105630723","license":"CC0 (Викиданные)","confidence":"ok"}},{"type":"Feature","id":"mines:ab7c02f1190a","geometry":{"type":"Point","coordinates":[36.3475,45.440833]},"properties":{"uid":"mines:ab7c02f1190a","layer":"mines","layer_title":"Рудники, копи, промыслы","group":"economy","title":"Кезинские каменоломни","category":"строительный карьер","place_text":"Ленинский район","region":"Ленинский район","date_precision":"unknown","date_approx":false,"summary":"каменоломни на Керченском полуострове","url":"https://ru.wikipedia.org/wiki/%D0%9A%D0%B5%D0%B7%D0%B8%D0%BD%D1%81%D0%BA%D0%B8%D0%B5_%D0%BA%D0%B0%D0%BC%D0%B5%D0%BD%D0%BE%D0%BB%D0%BE%D0%BC%D0%BD%D0%B8","image_url":"http://commons.wikimedia.org/wiki/Special:FilePath/%D0%9A%D0%B5%D0%B7%D0%B8%D0%BD%D1%81%D0%BA%D0%B8%D0%B5%20%D0%BA%D0%B0%D0%BC%D0%B5%D0%BD%D0%BE%D0%BB%D0%BE%D0%BC%D0%BD%D0%B8.jpg","source":"Викиданные","source_id":"Q106044102","license":"CC0 (Викиданные)","confidence":"ok"}},{"type":"Feature","id":"mines:3912f50bddc5","geometry":{"type":"Point","coordinates":[36.394722,45.381111]},"properties":{"uid":"mines:3912f50bddc5","layer":"mines","layer_title":"Рудники, копи, промыслы","group":"economy","title":"Туркменские каменоломни","category":"строительный карьер","place_text":"Керченский городской округ","region":"Керченский городской округ","date_precision":"unknown","date_approx":false,"summary":"горные выработки известняка закрытого типа на Керченском полуострове","url":"https://ru.wikipedia.org/wiki/%D0%A2%D1%83%D1%80%D0%BA%D0%BC%D0%B5%D0%BD%D1%81%D0%BA%D0%B8%D0%B5_%D0%BA%D0%B0%D0%BC%D0%B5%D0%BD%D0%BE%D0%BB%D0%BE%D0%BC%D0%BD%D0%B8","image_url":"http://commons.wikimedia.org/wiki/Special:FilePath/%D0%A2%D1%83%D1%80%D0%BA%D0%BC%D0%B5%D0%BD%D1%81%D0%BA%D0%B8%D0%B5%20%D0%BA%D0%B0%D0%BC%D0%B5%D0%BD%D0%BE%D0%BB%D0%BE%D0%BC%D0%BD%D0%B8%20%D0%92%D1%85%D0%BE%D0%B4%D1%8B.jpg","source":"Викиданные","source_id":"Q106071479","license":"CC0 (Викиданные)","confidence":"ok"}},{"type":"Feature","id":"mines:08f5e82ad227","geometry":{"type":"Point","coordinates":[31.49801,67.62711]},"properties":{"uid":"mines:08f5e82ad227","layer":"mines","layer_title":"Рудники, копи, промыслы","group":"economy","title":"Карьер Куруваара","category":"строительный карьер","place_text":"Мурманская область","region":"Мурманская область","date_precision":"unknown","date_approx":false,"summary":"Карьер на берегу Нижнего Чалмозера, Мурманская область, Россия","url":"https://www.wikidata.org/wiki/Q106129027","image_url":"http://commons.wikimedia.org/wiki/Special:FilePath/%D0%9D%D0%B8%D0%B6%D0%BD%D0%B5%D0%B5%20%D0%A7%D0%B0%D0%BB%D0%BC%D0%BE%D0%B7%D0%B5%D1%80%D0%BE%20%D0%9A%D0%B0%D1%80%D1%8C%D0%B5%D1%80%20%D0%9A%D1%83%D1%80%D1%83%D0%B2%D0%B0%D0%B0%D1%80%D0%B0%202019%20IMG%206581.jpg","source":"Викиданные","source_id":"Q106129027","license":"CC0 (Викиданные)","confidence":"ok"}},{"type":"Feature","id":"mines:9884fe3c795d","geometry":{"type":"Point","coordinates":[34.31551,63.87829]},"properties":{"uid":"mines:9884fe3c795d","layer":"mines","layer_title":"Рудники, копи, промыслы","group":"economy","title":"Воицкий рудник","category":"рудник","place_text":"Надвоицы","region":"Надвоицы","year_from":1742,"year_to":1960,"date_precision":"open","date_approx":true,"period_raw":"с 1742","summary":"медный и полиметаллический рудник, где в XVIII веке было добыто первое рудное золото России, в Надвоицах, Карелия, Россия","url":"https://ru.wikipedia.org/wiki/%D0%92%D0%BE%D0%B8%D1%86%D0%BA%D0%B8%D0%B9_%D1%80%D1%83%D0%B4%D0%BD%D0%B8%D0%BA","image_url":"http://commons.wikimedia.org/wiki/Special:FilePath/%D0%A1%D0%B5%D0%B3%D0%B5%D0%B6%D1%81%D0%BA%D0%B8%D0%B9%20%D1%80-%D0%BD%2C%20%D0%9D%D0%B0%D0%B4%D0%B2%D0%BE%D0%B8%D1%86%D1%8B%2C%20%D0%BF%D0%B0%D0%BC%D1%8F%D1%82%D0%BD%D1%8B%D0%B9%20%D0%B7%D0%BD%D0%B0%D0%BA%20%D0%92%D0%BE%D0%B8%D1%86%D0%BA%D0%BE%D0%BC%D1%83%20%D1%80%D1%83%D0%B4%D0%BD%D0%B8%D0%BA%D1%83%20%281%29.jpg","source":"Викиданные","source_id":"Q106564191","license":"CC0 (Викиданные)","confidence":"ok"}},{"type":"Feature","id":"mines:06af3c307b46","geometry":{"type":"Point","coordinates":[62.08984,56.635208]},"properties":{"uid":"mines:06af3c307b46","layer":"mines","layer_title":"Рудники, копи, промыслы","group":"economy","title":"Уральский Марс","category":"месторождение полезных ископаемых","place_text":"Свердловская область","region":"Свердловская область","year_from":1915,"year_to":1960,"date_precision":"open","date_approx":true,"period_raw":"с 1915","summary":"Полдневский участок Троицко-Байновского месторождения огнеупорных глин","url":"https://ru.wikipedia.org/wiki/%D0%A2%D1%80%D0%BE%D0%B8%D1%86%D0%BA%D0%BE-%D0%91%D0%B0%D0%B9%D0%BD%D0%BE%D0%B2%D1%81%D0%BA%D0%BE%D0%B5_%D0%BC%D0%B5%D1%81%D1%82%D0%BE%D1%80%D0%BE%D0%B6%D0%B4%D0%B5%D0%BD%D0%B8%D0%B5","image_url":"http://commons.wikimedia.org/wiki/Special:FilePath/Ural%20Mars-2021-08-14%20-%204.jpeg","source":"Викиданные","source_id":"Q106763184","license":"CC0 (Викиданные)","confidence":"ok"}},{"type":"Feature","id":"mines:974406123564","geometry":{"type":"Point","coordinates":[43.35574,47.71631]},"properties":{"uid":"mines:974406123564","layer":"mines","layer_title":"Рудники, копи, промыслы","group":"economy","title":"Гремячинское месторождение калийных солей","category":"месторождение полезных ископаемых","place_text":"Котельниковский район","region":"Котельниковский район","date_precision":"unknown","date_approx":false,"summary":"месторождение калийных солей в Волгоградской области","url":"https://ru.wikipedia.org/wiki/%D0%93%D1%80%D0%B5%D0%BC%D1%8F%D1%87%D0%B8%D0%BD%D1%81%D0%BA%D0%BE%D0%B5_%D0%BC%D0%B5%D1%81%D1%82%D0%BE%D1%80%D0%BE%D0%B6%D0%B4%D0%B5%D0%BD%D0%B8%D0%B5_%D0%BA%D0%B0%D0%BB%D0%B8%D0%B9%D0%BD%D1%8B%D1%85_%D1%81%D0%BE%D0%BB%D0%B5%D0%B9","source":"Викиданные","source_id":"Q110272970","license":"CC0 (Викиданные)","confidence":"ok"}},{"type":"Feature","id":"mines:4b128610133f","geometry":{"type":"Point","coordinates":[34.421602,61.768549]},"properties":{"uid":"mines:4b128610133f","layer":"mines","layer_title":"Рудники, копи, промыслы","group":"economy","title":"Каменный Бор","category":"строительный карьер","place_text":"Петрозаводск","region":"Петрозаводск","date_precision":"unknown","date_approx":false,"summary":"карьер в Петрозаводске","url":"https://ru.wikipedia.org/wiki/%D0%9A%D0%B0%D0%BC%D0%B5%D0%BD%D0%BD%D1%8B%D0%B9_%D0%91%D0%BE%D1%80_(%D0%BA%D0%B0%D1%80%D1%8C%D0%B5%D1%80)","image_url":"http://commons.wikimedia.org/wiki/Special:FilePath/Lake%20Kammenyi%20Bor%200002.jpg","source":"Викиданные","source_id":"Q112322935","license":"CC0 (Викиданные)","confidence":"ok"}},{"type":"Feature","id":"mines:e66f73b0ffae","geometry":{"type":"Point","coordinates":[59.464357,58.765506]},"properties":{"uid":"mines:e66f73b0ffae","layer":"mines","layer_title":"Рудники, копи, промыслы","group":"economy","title":"Западный карьер","category":"строительный карьер","place_text":"Качканарский муниципальный округ","region":"Качканарский муниципальный округ","date_precision":"unknown","date_approx":false,"summary":"карьер Качканарского горно-обогатительного комбината","url":"https://www.wikidata.org/wiki/Q113335463","image_url":"http://commons.wikimedia.org/wiki/Special:FilePath/Quarries%20of%20Kachkanarskiy%20mining%20and%20processing%20plant%20-%201.jpg","source":"Викиданные","source_id":"Q113335463","license":"CC0 (Викиданные)","confidence":"ok"}},{"type":"Feature","id":"mines:e6f5ac7f95e9","geometry":{"type":"Point","coordinates":[59.506757,58.752775]},"properties":{"uid":"mines:e6f5ac7f95e9","layer":"mines","layer_title":"Рудники, копи, промыслы","group":"economy","title":"Главный карьер","category":"строительный карьер","place_text":"Качканарский муниципальный округ","region":"Качканарский муниципальный округ","date_precision":"unknown","date_approx":false,"summary":"карьер Качканарского горно-обогатительного комбината","url":"https://www.wikidata.org/wiki/Q113335578","image_url":"http://commons.wikimedia.org/wiki/Special:FilePath/Quarries%20of%20Kachkanarskiy%20mining%20and%20processing%20plant%20-%202.jpg","source":"Викиданные","source_id":"Q113335578","license":"CC0 (Викиданные)","confidence":"ok"}},{"type":"Feature","id":"mines:9912b7ca7e17","geometry":{"type":"Point","coordinates":[59.4959,58.773516]},"properties":{"uid":"mines:9912b7ca7e17","layer":"mines","layer_title":"Рудники, копи, промыслы","group":"economy","title":"Северный карьер","category":"строительный карьер","place_text":"Качканарский муниципальный округ","region":"Качканарский муниципальный округ","date_precision":"unknown","date_approx":false,"summary":"карьер Качканарского горно-обогатительного комбината","url":"https://www.wikidata.org/wiki/Q113335615","image_url":"http://commons.wikimedia.org/wiki/Special:FilePath/KGOK%20open%20pit-3.JPG","source":"Викиданные","source_id":"Q113335615","license":"CC0 (Викиданные)","confidence":"ok"}},{"type":"Feature","id":"mines:223902ab84b0","geometry":{"type":"Point","coordinates":[60.708405,56.839443]},"properties":{"uid":"mines:223902ab84b0","layer":"mines","layer_title":"Рудники, копи, промыслы","group":"economy","title":"Шарташский гранитный карьер","category":"организация","place_text":"Кировский район","region":"Кировский район","year_from":1957,"year_to":1960,"date_precision":"open","date_approx":true,"period_raw":"с 1957","summary":"карьер и предприятие в Екатеринбурге","url":"https://ru.wikipedia.org/wiki/%D0%A8%D0%B0%D1%80%D1%82%D0%B0%D1%88%D1%81%D0%BA%D0%B8%D0%B9_%D0%B3%D1%80%D0%B0%D0%BD%D0%B8%D1%82%D0%BD%D1%8B%D0%B9_%D0%BA%D0%B0%D1%80%D1%8C%D0%B5%D1%80","image_url":"http://commons.wikimedia.org/wiki/Special:FilePath/Shartash%20Granite%20Quarry%20%28August%202022%29%20-%201.jpg","source":"Викиданные","source_id":"Q113660119","license":"CC0 (Викиданные)","confidence":"ok"}},{"type":"Feature","id":"mines:c461ba83aa00","geometry":{"type":"Point","coordinates":[58.794846,54.92095]},"properties":{"uid":"mines:c461ba83aa00","layer":"mines","layer_title":"Рудники, копи, промыслы","group":"economy","title":"Бакальское месторождение","category":"рудное месторождение","place_text":"Саткинский район","region":"Саткинский район","year_from":1757,"year_to":1960,"date_precision":"open","date_approx":true,"period_raw":"с 1757","summary":"железорудное месторождение на Южном Урале","url":"https://ru.wikipedia.org/wiki/%D0%91%D0%B0%D0%BA%D0%B0%D0%BB%D1%8C%D1%81%D0%BA%D0%BE%D0%B5_%D0%BC%D0%B5%D1%81%D1%82%D0%BE%D1%80%D0%BE%D0%B6%D0%B4%D0%B5%D0%BD%D0%B8%D0%B5","image_url":"http://commons.wikimedia.org/wiki/Special:FilePath/%D0%A0%D1%83%D0%B4%D0%BD%D0%B8%D0%BA%20%D0%98%D1%80%D0%BA%D1%83%D1%81%D0%BA%D0%B0%D0%BD%20-%20panoramio%20%281%29.jpg","source":"Викиданные","source_id":"Q114585725","license":"CC0 (Викиданные)","confidence":"ok"}},{"type":"Feature","id":"mines:81df60640cbc","geometry":{"type":"Point","coordinates":[60.5596,56.4467]},"properties":{"uid":"mines:81df60640cbc","layer":"mines","layer_title":"Рудники, копи, промыслы","group":"economy","title":"Асбест-Камень","category":"озеро","place_text":"Сысертский муниципальный округ","region":"Сысертский муниципальный округ","date_precision":"unknown","date_approx":false,"summary":"озеро в Сысертском городском округе Свердловской области","url":"https://ru.wikipedia.org/wiki/%D0%90%D1%81%D0%B1%D0%B5%D1%81%D1%82-%D0%9A%D0%B0%D0%BC%D0%B5%D0%BD%D1%8C","image_url":"http://commons.wikimedia.org/wiki/Special:FilePath/%D0%90%D1%81%D0%B1%D0%B5%D1%81%D1%82-%D0%BA%D0%B0%D0%BC%D0%B5%D0%BD%D1%8C%20%28%D0%9C%D0%BE%D1%87%D0%B0%D0%BB%D0%BE%D0%B2%D1%81%D0%BA%D0%B8%D0%B9%20%D0%BA%D0%B0%D1%80%D1%8C%D0%B5%D1%80%29%20-%20panoramio%20%281%29.jpg","source":"Викиданные","source_id":"Q116009342","license":"CC0 (Викиданные)","confidence":"ok"}},{"type":"Feature","id":"mines:55902dbb93ad","geometry":{"type":"Point","coordinates":[30.287709,69.39531]},"properties":{"uid":"mines:55902dbb93ad","layer":"mines","layer_title":"Рудники, копи, промыслы","group":"economy","title":"Рудник «Каула-Котсельваара»","category":"рудник","place_text":"Никель","region":"Никель","date_precision":"unknown","date_approx":false,"summary":"Медно-никелевый рудник в России","url":"https://www.wikidata.org/wiki/Q116149926","image_url":"http://commons.wikimedia.org/wiki/Special:FilePath/Kaula-Kotselvaara-Mine-020.jpg","source":"Викиданные","source_id":"Q116149926","license":"CC0 (Викиданные)","confidence":"ok"}},{"type":"Feature","id":"mines:51286b1ae242","geometry":{"type":"Point","coordinates":[67.642,44.748]},"properties":{"uid":"mines:51286b1ae242","layer":"mines","layer_title":"Рудники, копи, промыслы","group":"economy","title":"Будёновское","category":"месторождение полезных ископаемых","date_precision":"unknown","date_approx":false,"summary":"урановое месторождение в Казахстане","url":"https://ru.wikipedia.org/wiki/%D0%91%D1%83%D0%B4%D1%91%D0%BD%D0%BE%D0%B2%D1%81%D0%BA%D0%BE%D0%B5_(%D1%83%D1%80%D0%B0%D0%BD%D0%BE%D0%B2%D0%BE%D0%B5_%D0%BC%D0%B5%D1%81%D1%82%D0%BE%D1%80%D0%BE%D0%B6%D0%B4%D0%B5%D0%BD%D0%B8%D0%B5)","source":"Викиданные","source_id":"Q118922168","license":"CC0 (Викиданные)","confidence":"ok"}},{"type":"Feature","id":"mines:685679165874","geometry":{"type":"Point","coordinates":[31.397027,59.855107]},"properties":{"uid":"mines:685679165874","layer":"mines","layer_title":"Рудники, копи, промыслы","group":"economy","title":"Путиловский","category":"строительный карьер","place_text":"Кировский район","region":"Кировский район","year_from":1712,"year_to":1960,"date_precision":"open","date_approx":true,"period_raw":"с 1712","summary":"карьер в Кировском районе Ленинградской области России","url":"https://www.wikidata.org/wiki/Q140779249","image_url":"http://commons.wikimedia.org/wiki/Special:FilePath/%D0%9F%D1%83%D1%82%D0%B8%D0%BB%D0%BE%D0%B2%D1%81%D0%BA%D0%B8%D0%B9%20%D0%BA%D0%B0%D1%80%D1%8C%D0%B5%D1%80.jpg","source":"Викиданные","source_id":"Q140779249","license":"CC0 (Викиданные)","confidence":"ok"}},{"type":"Feature","id":"mines:bc4450931721","geometry":{"type":"Point","coordinates":[133.2062,43.2807]},"properties":{"uid":"mines:bc4450931721","layer":"mines","layer_title":"Рудники, копи, промыслы","group":"economy","title":"Шахта Авангард","category":"рудник","place_text":"Партизанский муниципальный район","region":"Партизанский муниципальный район","year_from":1949,"year_to":1998,"date_precision":"year","date_approx":false,"period_raw":"1949–1998","summary":"угольная шахта в посёлке Авангард, Партизанск","url":"https://www.wikidata.org/wiki/Q120713730","source":"Викиданные","source_id":"Q120713730","license":"CC0 (Викиданные)","confidence":"ok"}},{"type":"Feature","id":"mines:56393340074b","geometry":{"type":"Point","coordinates":[132.3729,43.3462]},"properties":{"uid":"mines:56393340074b","layer":"mines","layer_title":"Рудники, копи, промыслы","group":"economy","title":"Шахта имени Артёма","category":"рудник","place_text":"Шкотово","region":"Шкотово","year_from":1975,"year_to":1999,"date_precision":"year","date_approx":false,"period_raw":"1975–1999","summary":"шахта в Шкотово","url":"https://www.wikidata.org/wiki/Q120714253","source":"Викиданные","source_id":"Q120714253","license":"CC0 (Викиданные)","confidence":"ok"}},{"type":"Feature","id":"mines:35e6eb81ffb7","geometry":{"type":"Point","coordinates":[132.1437,43.3561]},"properties":{"uid":"mines:35e6eb81ffb7","layer":"mines","layer_title":"Рудники, копи, промыслы","group":"economy","title":"Шахта Озёрная","category":"рудник","year_from":1937,"year_to":1994,"date_precision":"year","date_approx":false,"period_raw":"1937–1994","summary":"Угольная шахта в городе Артём","url":"https://www.wikidata.org/wiki/Q120749947","source":"Викиданные","source_id":"Q120749947","license":"CC0 (Викиданные)","confidence":"ok"}},{"type":"Feature","id":"mines:fc15a010e098","geometry":{"type":"Point","coordinates":[132.188,43.365]},"properties":{"uid":"mines:fc15a010e098","layer":"mines","layer_title":"Рудники, копи, промыслы","group":"economy","title":"Шахта 3-ц Дальневосточная","category":"рудник","year_from":1931,"year_to":1997,"date_precision":"year","date_approx":false,"period_raw":"1931–1997","summary":"угольная шахта в городе Артём","url":"https://www.wikidata.org/wiki/Q120749995","source":"Викиданные","source_id":"Q120749995","license":"CC0 (Викиданные)","confidence":"ok"}},{"type":"Feature","id":"mines:f64b535452d0","geometry":{"type":"Point","coordinates":[132.106,43.349]},"properties":{"uid":"mines:f64b535452d0","layer":"mines","layer_title":"Рудники, копи, промыслы","group":"economy","title":"Шахта 8 Амурская","category":"рудник","year_from":1939,"year_to":2000,"date_precision":"year","date_approx":false,"period_raw":"1939–2000","summary":"Угольная шахта в городе Артём","url":"https://www.wikidata.org/wiki/Q120750077","source":"Викиданные","source_id":"Q120750077","license":"CC0 (Викиданные)","confidence":"ok"}},{"type":"Feature","id":"mines:6f47d094e88c","geometry":{"type":"Point","coordinates":[43.110867,44.051119]},"properties":{"uid":"mines:6f47d094e88c","layer":"mines","layer_title":"Рудники, копи, промыслы","group":"economy","title":"каменоломни на горе Машук","category":"строительный карьер","place_text":"Пятигорск","region":"Пятигорск","date_precision":"unknown","date_approx":false,"summary":"исторические каменоломни Пятигорска","url":"https://www.wikidata.org/wiki/Q121289327","image_url":"http://commons.wikimedia.org/wiki/Special:FilePath/Old%20quarries%20at%20Mashuk%27s%20slope%202023%202.jpg","source":"Викиданные","source_id":"Q121289327","license":"CC0 (Викиданные)","confidence":"ok"}},{"type":"Feature","id":"mines:bbf9642196f8","geometry":{"type":"Point","coordinates":[37.43033,55.79839]},"properties":{"uid":"mines:bbf9642196f8","layer":"mines","layer_title":"Рудники, копи, промыслы","group":"economy","title":"Строгинский залив","category":"залив","place_text":"Строгино","region":"Строгино","date_precision":"unknown","date_approx":false,"summary":"залив на реке Москве в Строгино, затопленый карьер","url":"https://www.wikidata.org/wiki/Q122834665","image_url":"http://commons.wikimedia.org/wiki/Special:FilePath/Strogino%20District%2C%20Moscow%2C%20Russia%20-%20panoramio.jpg","source":"Викиданные","source_id":"Q122834665","license":"CC0 (Викиданные)","confidence":"ok"}},{"type":"Feature","id":"mines:a2d7026b7b13","geometry":{"type":"Point","coordinates":[111.6825,66.166667]},"properties":{"uid":"mines:a2d7026b7b13","layer":"mines","layer_title":"Рудники, копи, промыслы","group":"economy","title":"Сытыканская","category":"рудник","place_text":"Якутия","region":"Якутия","year_from":1980,"year_to":2001,"date_precision":"year","date_approx":false,"period_raw":"1980–2001","summary":"кимберлитовая трубка","url":"https://ru.wikipedia.org/wiki/%D0%A1%D1%8B%D1%82%D1%8B%D0%BA%D0%B0%D0%BD%D1%81%D0%BA%D0%B0%D1%8F_(%D0%BA%D0%B8%D0%BC%D0%B1%D0%B5%D1%80%D0%BB%D0%B8%D1%82%D0%BE%D0%B2%D0%B0%D1%8F_%D1%82%D1%80%D1%83%D0%B1%D0%BA%D0%B0)","source":"Викиданные","source_id":"Q125576910","license":"CC0 (Викиданные)","confidence":"ok"}},{"type":"Feature","id":"mines:0a4012a4ca86","geometry":{"type":"Point","coordinates":[111.703056,66.012222]},"properties":{"uid":"mines:0a4012a4ca86","layer":"mines","layer_title":"Рудники, копи, промыслы","group":"economy","title":"Комсомольская","category":"рудник","place_text":"Якутия","region":"Якутия","year_from":2000,"year_to":2019,"date_precision":"year","date_approx":false,"period_raw":"2000–2019","summary":"кимберлитовая трубка","url":"https://ru.wikipedia.org/wiki/%D0%9A%D0%BE%D0%BC%D1%81%D0%BE%D0%BC%D0%BE%D0%BB%D1%8C%D1%81%D0%BA%D0%B0%D1%8F_(%D0%BA%D0%B8%D0%BC%D0%B1%D0%B5%D1%80%D0%BB%D0%B8%D1%82%D0%BE%D0%B2%D0%B0%D1%8F_%D1%82%D1%80%D1%83%D0%B1%D0%BA%D0%B0)","source":"Викиданные","source_id":"Q125693180","license":"CC0 (Викиданные)","confidence":"ok"}},{"type":"Feature","id":"mines:b2f96836f317","geometry":{"type":"Point","coordinates":[34.171461,44.651132]},"properties":{"uid":"mines:b2f96836f317","layer":"mines","layer_title":"Рудники, копи, промыслы","group":"economy","title":"Бешуйские копи","category":"рудник","place_text":"Бахчисарайский район","region":"Бахчисарайский район","date_precision":"unknown","date_approx":false,"summary":"угольное месторождение в Бахчисарайском районе Крыма","url":"https://www.wikidata.org/wiki/Q130970495","source":"Викиданные","source_id":"Q130970495","license":"CC0 (Викиданные)","confidence":"ok"}},{"type":"Feature","id":"mines:89abddffa377","geometry":{"type":"Point","coordinates":[113.950833,62.4675]},"properties":{"uid":"mines:89abddffa377","layer":"mines","layer_title":"Рудники, копи, промыслы","group":"economy","title":"Дачная","category":"рудник","place_text":"Якутия","region":"Якутия","year_from":2001,"year_to":2005,"date_precision":"year","date_approx":false,"period_raw":"2001–2005","summary":"кимберлитовая трубка","url":"https://ru.wikipedia.org/wiki/%D0%94%D0%B0%D1%87%D0%BD%D0%B0%D1%8F_(%D0%BA%D0%B8%D0%BC%D0%B1%D0%B5%D1%80%D0%BB%D0%B8%D1%82%D0%BE%D0%B2%D0%B0%D1%8F_%D1%82%D1%80%D1%83%D0%B1%D0%BA%D0%B0)","source":"Викиданные","source_id":"Q131394415","license":"CC0 (Викиданные)","confidence":"ok"}},{"type":"Feature","id":"mines:c72a454dc076","geometry":{"type":"Point","coordinates":[113.725833,62.375833]},"properties":{"uid":"mines:c72a454dc076","layer":"mines","layer_title":"Рудники, копи, промыслы","group":"economy","title":"Таёжная","category":"рудник","place_text":"Якутия","region":"Якутия","date_precision":"unknown","date_approx":false,"summary":"кимберлитовая трубка","url":"https://www.wikidata.org/wiki/Q131394658","source":"Викиданные","source_id":"Q131394658","license":"CC0 (Викиданные)","confidence":"ok"}},{"type":"Feature","id":"mines:6faac8c09b6e","geometry":{"type":"Point","coordinates":[63.555556,42.156667]},"properties":{"uid":"mines:6faac8c09b6e","layer":"mines","layer_title":"Рудники, копи, промыслы","group":"economy","title":"Учкудук","category":"город","place_text":"Учкудукский район","region":"Учкудукский район","year_from":1958,"year_to":1960,"date_precision":"open","date_approx":true,"period_raw":"с 1958","summary":"город в Навоийской области Узбекистана","url":"https://ru.wikipedia.org/wiki/%D0%A3%D1%87%D0%BA%D1%83%D0%B4%D1%83%D0%BA","image_url":"http://commons.wikimedia.org/wiki/Special:FilePath/Uchkuduk%201983.jpg","source":"Викиданные","source_id":"Q6364","license":"CC0 (Викиданные)","confidence":"ok"}},{"type":"Feature","id":"mines:38ef7b790a79","geometry":{"type":"Point","coordinates":[57.342778,69.251944]},"properties":{"uid":"mines:38ef7b790a79","layer":"mines","layer_title":"Рудники, копи, промыслы","group":"economy","title":"Приразломное","category":"нефтяное месторождение","place_text":"Печорское море","region":"Печорское море","date_precision":"unknown","date_approx":false,"summary":"нефтяное месторождение на шельфе Печорского моря","url":"https://ru.wikipedia.org/wiki/%D0%9F%D1%80%D0%B8%D1%80%D0%B0%D0%B7%D0%BB%D0%BE%D0%BC%D0%BD%D0%BE%D0%B5_%D0%BC%D0%B5%D1%81%D1%82%D0%BE%D1%80%D0%BE%D0%B6%D0%B4%D0%B5%D0%BD%D0%B8%D0%B5","source":"Викиданные","source_id":"Q59557","license":"CC0 (Викиданные)","confidence":"ok"}},{"type":"Feature","id":"mines:43da914cd1c0","geometry":{"type":"Point","coordinates":[110.800556,65.889722]},"properties":{"uid":"mines:43da914cd1c0","layer":"mines","layer_title":"Рудники, копи, промыслы","group":"economy","title":"Краснопресненская","category":"рудник","place_text":"Якутия","region":"Якутия","date_precision":"unknown","date_approx":false,"summary":"кимберлитовая трубка","url":"https://www.wikidata.org/wiki/Q131404646","source":"Викиданные","source_id":"Q131404646","license":"CC0 (Викиданные)","confidence":"ok"}},{"type":"Feature","id":"mines:1ae6a01e71d0","geometry":{"type":"Point","coordinates":[113.7675,62.450833]},"properties":{"uid":"mines:1ae6a01e71d0","layer":"mines","layer_title":"Рудники, копи, промыслы","group":"economy","title":"имени XXIII съезда КПСС","category":"рудник","place_text":"Якутия","region":"Якутия","year_from":1980,"year_to":1985,"date_precision":"year","date_approx":false,"period_raw":"1980–1985","summary":"кимберлитовая трубка","url":"https://ru.wikipedia.org/wiki/%D0%98%D0%BC%D0%B5%D0%BD%D0%B8_XXIII_%D1%81%D1%8A%D0%B5%D0%B7%D0%B4%D0%B0_%D0%9A%D0%9F%D0%A1%D0%A1_(%D0%BA%D0%B8%D0%BC%D0%B1%D0%B5%D1%80%D0%BB%D0%B8%D1%82%D0%BE%D0%B2%D0%B0%D1%8F_%D1%82%D1%80%D1%83%D0%B1%D0%BA%D0%B0)","source":"Викиданные","source_id":"Q131404649","license":"CC0 (Викиданные)","confidence":"ok"}},{"type":"Feature","id":"mines:6a9168e1e8d9","geometry":{"type":"Point","coordinates":[111.522222,65.911944]},"properties":{"uid":"mines:6a9168e1e8d9","layer":"mines","layer_title":"Рудники, копи, промыслы","group":"economy","title":"Заря","category":"рудник","place_text":"Якутия","region":"Якутия","date_precision":"unknown","date_approx":false,"summary":"кимберлитовая трубка","url":"https://www.wikidata.org/wiki/Q131405700","source":"Викиданные","source_id":"Q131405700","license":"CC0 (Викиданные)","confidence":"ok"}},{"type":"Feature","id":"mines:50395072aca2","geometry":{"type":"Point","coordinates":[61.334116,55.12379]},"properties":{"uid":"mines:50395072aca2","layer":"mines","layer_title":"Рудники, копи, промыслы","group":"economy","title":"Изумрудный карьер","category":"строительный карьер","place_text":"Центральный район","region":"Центральный район","date_precision":"unknown","date_approx":false,"summary":"затопленный карьер в Челябинске","url":"https://www.wikidata.org/wiki/Q134984303","image_url":"http://commons.wikimedia.org/wiki/Special:FilePath/Izumrudny%20quarry%20%28June%202025%29%20-%200.jpg","source":"Викиданные","source_id":"Q134984303","license":"CC0 (Викиданные)","confidence":"ok"}},{"type":"Feature","id":"mines:34855b13b123","geometry":{"type":"Point","coordinates":[24.490506,53.279325]},"properties":{"uid":"mines:34855b13b123","layer":"mines","layer_title":"Рудники, копи, промыслы","group":"economy","title":"Красносельские Мальдивы","category":"строительный карьер","place_text":"Волковысский район","region":"Волковысский район","date_precision":"unknown","date_approx":false,"summary":"геологический памятник природы местного значения Беларуси","url":"https://ru.wikipedia.org/wiki/%D0%9A%D1%80%D0%B0%D1%81%D0%BD%D0%BE%D1%81%D0%B5%D0%BB%D1%8C%D1%81%D0%BA%D0%B8%D0%B5_%D0%9C%D0%B0%D0%BB%D1%8C%D0%B4%D0%B8%D0%B2%D1%8B","source":"Викиданные","source_id":"Q136537052","license":"CC0 (Викиданные)","confidence":"ok"}},{"type":"Feature","id":"mines:d3322e15086b","geometry":{"type":"Point","coordinates":[59.121389,53.320556]},"properties":{"uid":"mines:d3322e15086b","layer":"mines","layer_title":"Рудники, копи, промыслы","group":"economy","title":"Агаповское месторождение","category":"месторождение полезных ископаемых","place_text":"Челябинская область","region":"Челябинская область","date_precision":"unknown","date_approx":false,"summary":"месторождение флюсовых известняков и доломитов в Челябинской области к югу от Магнитогорска, на левом берегу реки Урал","url":"https://www.wikidata.org/wiki/Q139783877","source":"Викиданные","source_id":"Q139783877","license":"CC0 (Викиданные)","confidence":"ok"}},{"type":"Feature","id":"mines:858211c1d54a","geometry":{"type":"Point","coordinates":[21.547497,60.299462]},"properties":{"uid":"mines:858211c1d54a","layer":"mines","layer_title":"Рудники, копи, промыслы","group":"economy","title":"грот на мысе Кирмо","category":"строительный карьер","place_text":"Парайнен","region":"Парайнен","year_from":1932,"year_to":1960,"date_precision":"open","date_approx":true,"period_raw":"с 1932","summary":"грот в скалистой части острова Овенсар, бывшие известняковые каменоломни","url":"https://www.wikidata.org/wiki/Q110033161","source":"Викиданные","source_id":"Q110033161","license":"CC0 (Викиданные)","confidence":"ok"}},{"type":"Feature","id":"mines:7e26bf6d3c2d","geometry":{"type":"Point","coordinates":[23.748661,60.139002]},"properties":{"uid":"mines:7e26bf6d3c2d","layer":"mines","layer_title":"Рудники, копи, промыслы","group":"economy","title":"Grågälan - Tröskhusåkern","category":"Чашевидный знак","place_text":"Расеборг","region":"Расеборг","date_precision":"unknown","date_approx":false,"url":"https://www.wikidata.org/wiki/Q65107999","source":"Викиданные","source_id":"Q65107999","license":"CC0 (Викиданные)","confidence":"ok"}},{"type":"Feature","id":"mines:ef70975d1341","geometry":{"type":"Point","coordinates":[24.910529,60.265432]},"properties":{"uid":"mines:ef70975d1341","layer":"mines","layer_title":"Рудники, копи, промыслы","group":"economy","title":"Haltiala quarry","category":"строительный карьер","place_text":"Хельсинки","region":"Хельсинки","date_precision":"unknown","date_approx":false,"url":"https://www.wikidata.org/wiki/Q108586150","image_url":"http://commons.wikimedia.org/wiki/Special:FilePath/Haltiala%20Quarry%202021-08-30.jpg","source":"Викиданные","source_id":"Q108586150","license":"CC0 (Викиданные)","confidence":"ok"}},{"type":"Feature","id":"mines:09c66056a5f1","geometry":{"type":"Point","coordinates":[24.967222,60.407222]},"properties":{"uid":"mines:09c66056a5f1","layer":"mines","layer_title":"Рудники, копи, промыслы","group":"economy","title":"Q136449850","category":"gravel pit","place_text":"Туусула","region":"Туусула","date_precision":"unknown","date_approx":false,"url":"https://www.wikidata.org/wiki/Q136449850","source":"Викиданные","source_id":"Q136449850","license":"CC0 (Викиданные)","confidence":"ok"}},{"type":"Feature","id":"mines:76b83e8e55c8","geometry":{"type":"Point","coordinates":[25.0078,68.4309]},"properties":{"uid":"mines:76b83e8e55c8","layer":"mines","layer_title":"Рудники, копи, промыслы","group":"economy","title":"Ивалойоки","category":"река","place_text":"Лапландия","region":"Лапландия","date_precision":"unknown","date_approx":false,"url":"https://ru.wikipedia.org/wiki/%D0%98%D0%B2%D0%B0%D0%BB%D0%BE%D0%B9%D0%BE%D0%BA%D0%B8","image_url":"http://commons.wikimedia.org/wiki/Special:FilePath/Ivalon%20kirkko%20ja%20Ivalojoki.JPG","source":"Викиданные","source_id":"Q633801","license":"CC0 (Викиданные)","confidence":"ok"}},{"type":"Feature","id":"mines:410b74260b29","geometry":{"type":"Point","coordinates":[26.090556,68.729167]},"properties":{"uid":"mines:410b74260b29","layer":"mines","layer_title":"Рудники, копи, промыслы","group":"economy","title":"Лемменйоки","category":"река","place_text":"Инари","region":"Инари","date_precision":"unknown","date_approx":false,"url":"https://www.wikidata.org/wiki/Q965828","image_url":"http://commons.wikimedia.org/wiki/Special:FilePath/Lemmenjoki%20Autumn.JPG","source":"Викиданные","source_id":"Q965828","license":"CC0 (Викиданные)","confidence":"ok"}},{"type":"Feature","id":"mines:7b9c56c1cf83","geometry":{"type":"Point","coordinates":[26.034722,63.661111]},"properties":{"uid":"mines:7b9c56c1cf83","layer":"mines","layer_title":"Рудники, копи, промыслы","group":"economy","title":"Pyhäsalmi Mine","category":"рудник","place_text":"Пюхяярви","region":"Пюхяярви","year_from":1962,"year_to":1962,"date_precision":"open","date_approx":true,"period_raw":"с 1962","url":"https://www.wikidata.org/wiki/Q1577492","image_url":"http://commons.wikimedia.org/wiki/Special:FilePath/Pyh%C3%A4salmi%20Mine.jpg","source":"Викиданные","source_id":"Q1577492","license":"CC0 (Викиданные)","confidence":"ok"}},{"type":"Feature","id":"mines:10f4ecdd9373","geometry":{"type":"Point","coordinates":[24.138833,60.579528]},"properties":{"uid":"mines:10f4ecdd9373","layer":"mines","layer_title":"Рудники, копи, промыслы","group":"economy","title":"Q5395540","category":"рудник","place_text":"Карккила","region":"Карккила","date_precision":"unknown","date_approx":false,"url":"https://www.wikidata.org/wiki/Q5395540","source":"Викиданные","source_id":"Q5395540","license":"CC0 (Викиданные)","confidence":"ok"}},{"type":"Feature","id":"mines:80170d958189","geometry":{"type":"Point","coordinates":[24.816917,66.215361]},"properties":{"uid":"mines:80170d958189","layer":"mines","layer_title":"Рудники, копи, промыслы","group":"economy","title":"Kivimaa mine","category":"рудник","date_precision":"unknown","date_approx":false,"url":"https://www.wikidata.org/wiki/Q5404331","source":"Викиданные","source_id":"Q5404331","license":"CC0 (Викиданные)","confidence":"ok"}},{"type":"Feature","id":"mines:33daab35025d","geometry":{"type":"Point","coordinates":[28.954333,62.007778]},"properties":{"uid":"mines:33daab35025d","layer":"mines","layer_title":"Рудники, копи, промыслы","group":"economy","title":"Hälvälä mine","category":"рудник","place_text":"Керимяки","region":"Керимяки","year_from":1988,"year_to":1992,"date_precision":"year","date_approx":false,"period_raw":"1988–1992","url":"https://www.wikidata.org/wiki/Q5491150","source":"Викиданные","source_id":"Q5491150","license":"CC0 (Викиданные)","confidence":"ok"}},{"type":"Feature","id":"mines:194a99399bee","geometry":{"type":"Point","coordinates":[24.716667,65.783333]},"properties":{"uid":"mines:194a99399bee","layer":"mines","layer_title":"Рудники, копи, промыслы","group":"economy","title":"Kemi mine","category":"рудник","place_text":"Кеминмаа","region":"Кеминмаа","date_precision":"unknown","date_approx":false,"url":"https://www.wikidata.org/wiki/Q6386949","image_url":"http://commons.wikimedia.org/wiki/Special:FilePath/Kemi%20Chromite%20Mine%2020110627.JPG","source":"Викиданные","source_id":"Q6386949","license":"CC0 (Викиданные)","confidence":"ok"}},{"type":"Feature","id":"mines:03272644b8ec","geometry":{"type":"Point","coordinates":[25.4,67.913889]},"properties":{"uid":"mines:03272644b8ec","layer":"mines","layer_title":"Рудники, копи, промыслы","group":"economy","title":"Kittilä mine","category":"рудник","place_text":"Киттиля","region":"Киттиля","year_from":2008,"year_to":2008,"date_precision":"open","date_approx":true,"period_raw":"с 2008","url":"https://www.wikidata.org/wiki/Q6418450","image_url":"http://commons.wikimedia.org/wiki/Special:FilePath/Kittilla%2C%20Finland%3B%20Open%20Pit%20Mine.jpg","source":"Викиданные","source_id":"Q6418450","license":"CC0 (Викиданные)","confidence":"ok"}},{"type":"Feature","id":"mines:0b72f810754f","geometry":{"type":"Point","coordinates":[30.23991,69.41384]},"properties":{"uid":"mines:0b72f810754f","layer":"mines","layer_title":"Рудники, копи, промыслы","group":"economy","title":"Никелевые месторождения Петсамо","category":"рудник","date_precision":"unknown","date_approx":false,"url":"https://www.wikidata.org/wiki/Q7028285","source":"Викиданные","source_id":"Q7028285","license":"CC0 (Викиданные)","confidence":"ok"}},{"type":"Feature","id":"mines:c7dee358f66a","geometry":{"type":"Point","coordinates":[23.363889,60.194444]},"properties":{"uid":"mines:c7dee358f66a","layer":"mines","layer_title":"Рудники, копи, промыслы","group":"economy","title":"Q11850024","category":"рудник","place_text":"Сало","region":"Сало","date_precision":"unknown","date_approx":false,"url":"https://www.wikidata.org/wiki/Q11850024","image_url":"http://commons.wikimedia.org/wiki/Special:FilePath/Aijalan%20kaivos.jpg","source":"Викиданные","source_id":"Q11850024","license":"CC0 (Викиданные)","confidence":"ok"}},{"type":"Feature","id":"mines:8d4f7a99194f","geometry":{"type":"Point","coordinates":[22.875556,60.097778]},"properties":{"uid":"mines:8d4f7a99194f","layer":"mines","layer_title":"Рудники, копи, промыслы","group":"economy","title":"Förby mine","category":"строительный карьер","place_text":"Сало","region":"Сало","date_precision":"unknown","date_approx":false,"url":"https://www.wikidata.org/wiki/Q11860211","source":"Викиданные","source_id":"Q11860211","license":"CC0 (Викиданные)","confidence":"ok"}},{"type":"Feature","id":"mines:5da16b7710e7","geometry":{"type":"Point","coordinates":[30.028528,62.460889]},"properties":{"uid":"mines:5da16b7710e7","layer":"mines","layer_title":"Рудники, копи, промыслы","group":"economy","title":"Q11861283","category":"рудник","place_text":"Пюхяселька","region":"Пюхяселька","year_from":1973,"year_to":1986,"date_precision":"year","date_approx":false,"period_raw":"1973–1986","url":"https://www.wikidata.org/wiki/Q11861283","source":"Викиданные","source_id":"Q11861283","license":"CC0 (Викиданные)","confidence":"ok"}},{"type":"Feature","id":"mines:0312911dfcbf","geometry":{"type":"Point","coordinates":[23.246389,61.71]},"properties":{"uid":"mines:0312911dfcbf","layer":"mines","layer_title":"Рудники, копи, промыслы","group":"economy","title":"Haveri mine","category":"рудник","place_text":"Юлёярви","region":"Юлёярви","date_precision":"unknown","date_approx":false,"url":"https://www.wikidata.org/wiki/Q11861754","image_url":"http://commons.wikimedia.org/wiki/Special:FilePath/Haverin%20louhos..jpg","source":"Викиданные","source_id":"Q11861754","license":"CC0 (Викиданные)","confidence":"ok"}},{"type":"Feature","id":"mines:41cf91088581","geometry":{"type":"Point","coordinates":[28.012222,63.213333]},"properties":{"uid":"mines:41cf91088581","layer":"mines","layer_title":"Рудники, копи, промыслы","group":"economy","title":"Q11862522","category":"рудник","place_text":"Куопио","region":"Куопио","date_precision":"unknown","date_approx":false,"url":"https://www.wikidata.org/wiki/Q11862522","source":"Викиданные","source_id":"Q11862522","license":"CC0 (Викиданные)","confidence":"ok"}},{"type":"Feature","id":"mines:131254627366","geometry":{"type":"Point","coordinates":[25.023889,63.844722]},"properties":{"uid":"mines:131254627366","layer":"mines","layer_title":"Рудники, копи, промыслы","group":"economy","title":"Hitura mine","category":"рудник","place_text":"Нивала","region":"Нивала","year_from":1970,"year_to":1970,"date_precision":"open","date_approx":true,"period_raw":"с 1970","url":"https://www.wikidata.org/wiki/Q11863460","source":"Викиданные","source_id":"Q11863460","license":"CC0 (Викиданные)","confidence":"ok"}},{"type":"Feature","id":"mines:6660a24a1121","geometry":{"type":"Point","coordinates":[27.552028,62.056944]},"properties":{"uid":"mines:6660a24a1121","layer":"mines","layer_title":"Рудники, копи, промыслы","group":"economy","title":"Q11864021","category":"рудник","date_precision":"unknown","date_approx":false,"url":"https://www.wikidata.org/wiki/Q11864021","source":"Викиданные","source_id":"Q11864021","license":"CC0 (Викиданные)","confidence":"ok"}},{"type":"Feature","id":"mines:34dd7376bf7c","geometry":{"type":"Point","coordinates":[28.184444,61.033889]},"properties":{"uid":"mines:34dd7376bf7c","layer":"mines","layer_title":"Рудники, копи, промыслы","group":"economy","title":"Q11864319","category":"рудник","place_text":"Лаппеэнранта","region":"Лаппеэнранта","date_precision":"unknown","date_approx":false,"url":"https://www.wikidata.org/wiki/Q11864319","source":"Викиданные","source_id":"Q11864319","license":"CC0 (Викиданные)","confidence":"ok"}},{"type":"Feature","id":"mines:48d976e0ea3f","geometry":{"type":"Point","coordinates":[22.624444,61.117222]},"properties":{"uid":"mines:48d976e0ea3f","layer":"mines","layer_title":"Рудники, копи, промыслы","group":"economy","title":"Q11866834","category":"рудник","place_text":"Гуйттинен","region":"Гуйттинен","date_precision":"unknown","date_approx":false,"url":"https://www.wikidata.org/wiki/Q11866834","source":"Викиданные","source_id":"Q11866834","license":"CC0 (Викиданные)","confidence":"ok"}},{"type":"Feature","id":"mines:0588a80aa8ca","geometry":{"type":"Point","coordinates":[23.486944,62.679722]},"properties":{"uid":"mines:0588a80aa8ca","layer":"mines","layer_title":"Рудники, копи, промыслы","group":"economy","title":"Kaatiala Quarry","category":"строительный карьер","place_text":"Куортане","region":"Куортане","date_precision":"unknown","date_approx":false,"url":"https://www.wikidata.org/wiki/Q11868836","image_url":"http://commons.wikimedia.org/wiki/Special:FilePath/Kaatialan%20kaivos%20%281600x1200%29.JPG","source":"Викиданные","source_id":"Q11868836","license":"CC0 (Викиданные)","confidence":"ok"}},{"type":"Feature","id":"mines:55460b9abd33","geometry":{"type":"Point","coordinates":[26.111111,63.387222]},"properties":{"uid":"mines:55460b9abd33","layer":"mines","layer_title":"Рудники, копи, промыслы","group":"economy","title":"Q11869574","category":"рудник","date_precision":"unknown","date_approx":false,"url":"https://www.wikidata.org/wiki/Q11869574","source":"Викиданные","source_id":"Q11869574","license":"CC0 (Викиданные)","confidence":"ok"}},{"type":"Feature","id":"mines:09d712550d77","geometry":{"type":"Point","coordinates":[26.963611,67.690833]},"properties":{"uid":"mines:09d712550d77","layer":"mines","layer_title":"Рудники, копи, промыслы","group":"economy","title":"Kevitsa mine","category":"рудник","place_text":"Соданкюля","region":"Соданкюля","year_from":2012,"year_to":2012,"date_precision":"open","date_approx":true,"period_raw":"с 2012","url":"https://www.wikidata.org/wiki/Q11871234","source":"Викиданные","source_id":"Q11871234","license":"CC0 (Викиданные)","confidence":"ok"}},{"type":"Feature","id":"mines:627c939f3e55","geometry":{"type":"Point","coordinates":[27.995833,63.158889]},"properties":{"uid":"mines:627c939f3e55","layer":"mines","layer_title":"Рудники, копи, промыслы","group":"economy","title":"Q11871579","category":"рудник","place_text":"Куопио","region":"Куопио","date_precision":"unknown","date_approx":false,"url":"https://www.wikidata.org/wiki/Q11871579","source":"Викиданные","source_id":"Q11871579","license":"CC0 (Викиданные)","confidence":"ok"}},{"type":"Feature","id":"mines:3f4036527a7c","geometry":{"type":"Point","coordinates":[21.239583,62.813444]},"properties":{"uid":"mines:3f4036527a7c","layer":"mines","layer_title":"Рудники, копи, промыслы","group":"economy","title":"Q11872685","category":"рудник","place_text":"Корсняс","region":"Корсняс","date_precision":"unknown","date_approx":false,"url":"https://www.wikidata.org/wiki/Q11872685","source":"Викиданные","source_id":"Q11872685","license":"CC0 (Викиданные)","confidence":"ok"}},{"type":"Feature","id":"mines:0dd607e95174","geometry":{"type":"Point","coordinates":[27.616,62.572]},"properties":{"uid":"mines:0dd607e95174","layer":"mines","layer_title":"Рудники, копи, промыслы","group":"economy","title":"Kotalahti Mine","category":"организация","place_text":"Леппявирта","region":"Леппявирта","year_from":1800,"year_to":1987,"date_precision":"open","date_approx":true,"period_raw":"до 1987","url":"https://www.wikidata.org/wiki/Q11872805","image_url":"http://commons.wikimedia.org/wiki/Special:FilePath/Kotalahden%20kaivos.jpg","source":"Викиданные","source_id":"Q11872805","license":"CC0 (Викиданные)","confidence":"ok"}},{"type":"Feature","id":"mines:8ab254eb5147","geometry":{"type":"Point","coordinates":[23.579583,61.153083]},"properties":{"uid":"mines:8ab254eb5147","layer":"mines","layer_title":"Рудники, копи, промыслы","group":"economy","title":"Q11873930","category":"рудник","place_text":"Акаа","region":"Акаа","date_precision":"unknown","date_approx":false,"url":"https://www.wikidata.org/wiki/Q11873930","source":"Викиданные","source_id":"Q11873930","license":"CC0 (Викиданные)","confidence":"ok"}},{"type":"Feature","id":"mines:58df19ea0fb5","geometry":{"type":"Point","coordinates":[28.072778,64.118611]},"properties":{"uid":"mines:58df19ea0fb5","layer":"mines","layer_title":"Рудники, копи, промыслы","group":"economy","title":"Q11874404","category":"рудник","date_precision":"unknown","date_approx":false,"url":"https://www.wikidata.org/wiki/Q11874404","source":"Викиданные","source_id":"Q11874404","license":"CC0 (Викиданные)","confidence":"ok"}},{"type":"Feature","id":"mines:87838d681dd5","geometry":{"type":"Point","coordinates":[28.776556,62.041889]},"properties":{"uid":"mines:87838d681dd5","layer":"mines","layer_title":"Рудники, копи, промыслы","group":"economy","title":"Laukunkanka Mine","category":"рудник","place_text":"Энонкоски","region":"Энонкоски","year_from":1984,"year_to":1984,"date_precision":"open","date_approx":true,"period_raw":"с 1984","url":"https://www.wikidata.org/wiki/Q11874918","source":"Викиданные","source_id":"Q11874918","license":"CC0 (Викиданные)","confidence":"ok"}},{"type":"Feature","id":"mines:b6876719825b","geometry":{"type":"Point","coordinates":[24.994361,63.821722]},"properties":{"uid":"mines:b6876719825b","layer":"mines","layer_title":"Рудники, копи, промыслы","group":"economy","title":"Q11880666","category":"рудник","date_precision":"unknown","date_approx":false,"url":"https://www.wikidata.org/wiki/Q11880666","source":"Викиданные","source_id":"Q11880666","license":"CC0 (Викиданные)","confidence":"ok"}},{"type":"Feature","id":"mines:31960bf17d09","geometry":{"type":"Point","coordinates":[23.603333,60.202139]},"properties":{"uid":"mines:31960bf17d09","layer":"mines","layer_title":"Рудники, копи, промыслы","group":"economy","title":"Q11880701","category":"рудник","place_text":"Сало","region":"Сало","date_precision":"unknown","date_approx":false,"url":"https://www.wikidata.org/wiki/Q11880701","source":"Викиданные","source_id":"Q11880701","license":"CC0 (Викиданные)","confidence":"ok"}},{"type":"Feature","id":"mines:6804a66e4fb8","geometry":{"type":"Point","coordinates":[23.342861,60.189778]},"properties":{"uid":"mines:6804a66e4fb8","layer":"mines","layer_title":"Рудники, копи, промыслы","group":"economy","title":"Q11882304","category":"рудник","place_text":"Сало","region":"Сало","date_precision":"unknown","date_approx":false,"url":"https://www.wikidata.org/wiki/Q11882304","source":"Викиданные","source_id":"Q11882304","license":"CC0 (Викиданные)","confidence":"ok"}},{"type":"Feature","id":"mines:6985fb7853bb","geometry":{"type":"Point","coordinates":[28.074444,65.807111]},"properties":{"uid":"mines:6985fb7853bb","layer":"mines","layer_title":"Рудники, копи, промыслы","group":"economy","title":"Mustavaara Mine","category":"рудник","place_text":"Тайвалкоски","region":"Тайвалкоски","year_from":1976,"year_to":1976,"date_precision":"open","date_approx":true,"period_raw":"с 1976","url":"https://www.wikidata.org/wiki/Q11883549","source":"Викиданные","source_id":"Q11883549","license":"CC0 (Викиданные)","confidence":"ok"}},{"type":"Feature","id":"mines:fe9a7d054552","geometry":{"type":"Point","coordinates":[24.021667,60.236028]},"properties":{"uid":"mines:fe9a7d054552","layer":"mines","layer_title":"Рудники, копи, промыслы","group":"economy","title":"Ojamo Iron Mine","category":"рудник","place_text":"Лохья","region":"Лохья","date_precision":"unknown","date_approx":false,"url":"https://www.wikidata.org/wiki/Q11885225","source":"Викиданные","source_id":"Q11885225","license":"CC0 (Викиданные)","confidence":"ok"}},{"type":"Feature","id":"mines:80bd9b58f7cd","geometry":{"type":"Point","coordinates":[23.539167,60.229444]},"properties":{"uid":"mines:80bd9b58f7cd","layer":"mines","layer_title":"Рудники, копи, промыслы","group":"economy","title":"Orijärvi Mine","category":"рудник","place_text":"Сало","region":"Сало","date_precision":"unknown","date_approx":false,"url":"https://www.wikidata.org/wiki/Q11885777","image_url":"http://commons.wikimedia.org/wiki/Special:FilePath/Orij%C3%A4rven%20kaivos%207.jpg","source":"Викиданные","source_id":"Q11885777","license":"CC0 (Викиданные)","confidence":"ok"}},{"type":"Feature","id":"mines:b596a20c89d7","geometry":{"type":"Point","coordinates":[24.161111,61.652778]},"properties":{"uid":"mines:b596a20c89d7","layer":"mines","layer_title":"Рудники, копи, промыслы","group":"economy","title":"Q11885794","category":"рудник","date_precision":"unknown","date_approx":false,"url":"https://www.wikidata.org/wiki/Q11885794","source":"Викиданные","source_id":"Q11885794","license":"CC0 (Викиданные)","confidence":"ok"}},{"type":"Feature","id":"mines:08922c138ee2","geometry":{"type":"Point","coordinates":[27.101111,64.116389]},"properties":{"uid":"mines:08922c138ee2","layer":"mines","layer_title":"Рудники, копи, промыслы","group":"economy","title":"Otanmäki mine","category":"рудник","place_text":"Каяани","region":"Каяани","date_precision":"unknown","date_approx":false,"url":"https://www.wikidata.org/wiki/Q11885967","source":"Викиданные","source_id":"Q11885967","license":"CC0 (Викиданные)","confidence":"ok"}},{"type":"Feature","id":"mines:66569f470561","geometry":{"type":"Point","coordinates":[29.006389,62.729444]},"properties":{"uid":"mines:66569f470561","layer":"mines","layer_title":"Рудники, копи, промыслы","group":"economy","title":"Музей шахты Оутокумпу","category":"музей горного дела","place_text":"Оутокумпу","region":"Оутокумпу","year_from":1982,"year_to":1982,"date_precision":"open","date_approx":true,"period_raw":"с 1982","url":"https://ru.wikipedia.org/wiki/%D0%A1%D1%82%D0%B0%D1%80%D0%B0%D1%8F_%D1%88%D0%B0%D1%85%D1%82%D0%B0_%D0%9E%D1%83%D1%82%D0%BE%D0%BA%D1%83%D0%BC%D0%BF%D1%83","image_url":"http://commons.wikimedia.org/wiki/Special:FilePath/Outokumpu%20Old%20Mine%204.jpg","source":"Викиданные","source_id":"Q11886162","license":"CC0 (Викиданные)","confidence":"ok"}},{"type":"Feature","id":"mines:b86318fbf556","geometry":{"type":"Point","coordinates":[28.659722,62.781389]},"properties":{"uid":"mines:b86318fbf556","layer":"mines","layer_title":"Рудники, копи, промыслы","group":"economy","title":"Paakkila Mine","category":"рудник","place_text":"Туусниеми","region":"Туусниеми","year_from":1904,"year_to":1960,"date_precision":"open","date_approx":true,"period_raw":"с 1904","url":"https://www.wikidata.org/wiki/Q11886229","source":"Викиданные","source_id":"Q11886229","license":"CC0 (Викиданные)","confidence":"ok"}},{"type":"Feature","id":"mines:c1a0eaff03d1","geometry":{"type":"Point","coordinates":[26.41,67.635]},"properties":{"uid":"mines:c1a0eaff03d1","layer":"mines","layer_title":"Рудники, копи, промыслы","group":"economy","title":"Q11886370","category":"рудник","date_precision":"unknown","date_approx":false,"url":"https://www.wikidata.org/wiki/Q11886370","source":"Викиданные","source_id":"Q11886370","license":"CC0 (Викиданные)","confidence":"ok"}},{"type":"Feature","id":"mines:b5f462b92bcf","geometry":{"type":"Point","coordinates":[24.272444,67.797833]},"properties":{"uid":"mines:b5f462b92bcf","layer":"mines","layer_title":"Рудники, копи, промыслы","group":"economy","title":"Q11886372","category":"рудник","date_precision":"unknown","date_approx":false,"url":"https://www.wikidata.org/wiki/Q11886372","source":"Викиданные","source_id":"Q11886372","license":"CC0 (Викиданные)","confidence":"ok"}},{"type":"Feature","id":"mines:ef3f2aa551ea","geometry":{"type":"Point","coordinates":[31.2625,62.986111]},"properties":{"uid":"mines:ef3f2aa551ea","layer":"mines","layer_title":"Рудники, копи, промыслы","group":"economy","title":"Q11886583","category":"рудник","date_precision":"unknown","date_approx":false,"url":"https://www.wikidata.org/wiki/Q11886583","source":"Викиданные","source_id":"Q11886583","license":"CC0 (Викиданные)","confidence":"ok"}},{"type":"Feature","id":"mines:5117ee34f670","geometry":{"type":"Point","coordinates":[23.921472,67.495528]},"properties":{"uid":"mines:5117ee34f670","layer":"mines","layer_title":"Рудники, копи, промыслы","group":"economy","title":"Rautuvaara Mine","category":"рудник","place_text":"Колари","region":"Колари","year_from":1962,"year_to":1962,"date_precision":"open","date_approx":true,"period_raw":"с 1962","url":"https://www.wikidata.org/wiki/Q11890287","source":"Викиданные","source_id":"Q11890287","license":"CC0 (Викиданные)","confidence":"ok"}},{"type":"Feature","id":"mines:556d2faad076","geometry":{"type":"Point","coordinates":[26.355194,63.591944]},"properties":{"uid":"mines:556d2faad076","layer":"mines","layer_title":"Рудники, копи, промыслы","group":"economy","title":"Q11891421","category":"рудник","date_precision":"unknown","date_approx":false,"url":"https://www.wikidata.org/wiki/Q11891421","source":"Викиданные","source_id":"Q11891421","license":"CC0 (Викиданные)","confidence":"ok"}},{"type":"Feature","id":"mines:db0443ff8211","geometry":{"type":"Point","coordinates":[26.775,67.549167]},"properties":{"uid":"mines:db0443ff8211","layer":"mines","layer_title":"Рудники, копи, промыслы","group":"economy","title":"Sakatti mine","category":"рудник","place_text":"Соданкюля","region":"Соданкюля","date_precision":"unknown","date_approx":false,"url":"https://www.wikidata.org/wiki/Q11891986","source":"Викиданные","source_id":"Q11891986","license":"CC0 (Викиданные)","confidence":"ok"}},{"type":"Feature","id":"mines:a3b123a9721a","geometry":{"type":"Point","coordinates":[29.23,67.7872]},"properties":{"uid":"mines:a3b123a9721a","layer":"mines","layer_title":"Рудники, копи, промыслы","group":"economy","title":"Sokli mine","category":"рудник","place_text":"Савукоски","region":"Савукоски","date_precision":"unknown","date_approx":false,"url":"https://www.wikidata.org/wiki/Q11894014","image_url":"http://commons.wikimedia.org/wiki/Special:FilePath/Sokli%20pilot%20plant.JPG","source":"Викиданные","source_id":"Q11894014","license":"CC0 (Викиданные)","confidence":"ok"}},{"type":"Feature","id":"mines:21de09515abd","geometry":{"type":"Point","coordinates":[26.055556,66.119806]},"properties":{"uid":"mines:21de09515abd","layer":"mines","layer_title":"Рудники, копи, промыслы","group":"economy","title":"Suhanko mine","category":"рудник","place_text":"Лапландия","region":"Лапландия","date_precision":"unknown","date_approx":false,"url":"https://www.wikidata.org/wiki/Q11894601","source":"Викиданные","source_id":"Q11894601","license":"CC0 (Викиданные)","confidence":"ok"}},{"type":"Feature","id":"mines:4eeda6755935","geometry":{"type":"Point","coordinates":[29.048611,63.938333]},"properties":{"uid":"mines:4eeda6755935","layer":"mines","layer_title":"Рудники, копи, промыслы","group":"economy","title":"Q11896079","category":"рудник","place_text":"Соткамо","region":"Соткамо","date_precision":"unknown","date_approx":false,"url":"https://www.wikidata.org/wiki/Q11896079","source":"Викиданные","source_id":"Q11896079","license":"CC0 (Викиданные)","confidence":"ok"}},{"type":"Feature","id":"mines:f1027df474bc","geometry":{"type":"Point","coordinates":[28.027917,61.179861]},"properties":{"uid":"mines:f1027df474bc","layer":"mines","layer_title":"Рудники, копи, промыслы","group":"economy","title":"Q11896865","category":"рудник","place_text":"Тайпалсаари","region":"Тайпалсаари","date_precision":"unknown","date_approx":false,"url":"https://www.wikidata.org/wiki/Q11896865","source":"Викиданные","source_id":"Q11896865","license":"CC0 (Викиданные)","confidence":"ok"}},{"type":"Feature","id":"mines:53e49f2fd7ff","geometry":{"type":"Point","coordinates":[25.139472,64.409833]},"properties":{"uid":"mines:53e49f2fd7ff","layer":"mines","layer_title":"Рудники, копи, промыслы","group":"economy","title":"Vihanti Mine","category":"рудник","place_text":"Виханти","region":"Виханти","year_from":1954,"year_to":1960,"date_precision":"open","date_approx":true,"period_raw":"с 1954","url":"https://www.wikidata.org/wiki/Q11901234","image_url":"http://commons.wikimedia.org/wiki/Special:FilePath/Vihannin%20kaivoksen%20kaivostorni%2C%201956.jpg","source":"Викиданные","source_id":"Q11901234","license":"CC0 (Викиданные)","confidence":"ok"}},{"type":"Feature","id":"mines:73618ca8045f","geometry":{"type":"Point","coordinates":[29.085722,62.761667]},"properties":{"uid":"mines:73618ca8045f","layer":"mines","layer_title":"Рудники, копи, промыслы","group":"economy","title":"Q11901982","category":"рудник","date_precision":"unknown","date_approx":false,"url":"https://www.wikidata.org/wiki/Q11901982","source":"Викиданные","source_id":"Q11901982","license":"CC0 (Викиданные)","confidence":"ok"}},{"type":"Feature","id":"mines:cba66fb40c35","geometry":{"type":"Point","coordinates":[23.504583,61.609306]},"properties":{"uid":"mines:cba66fb40c35","layer":"mines","layer_title":"Рудники, копи, промыслы","group":"economy","title":"Q11902928","category":"рудник","date_precision":"unknown","date_approx":false,"url":"https://www.wikidata.org/wiki/Q11902928","source":"Викиданные","source_id":"Q11902928","license":"CC0 (Викиданные)","confidence":"ok"}},{"type":"Feature","id":"mines:6b86df0657af","geometry":{"type":"Point","coordinates":[26.1515,63.691861]},"properties":{"uid":"mines:6b86df0657af","layer":"mines","layer_title":"Рудники, копи, промыслы","group":"economy","title":"Mullikkoräme mine","category":"рудник","date_precision":"unknown","date_approx":false,"url":"https://www.wikidata.org/wiki/Q15063715","source":"Викиданные","source_id":"Q15063715","license":"CC0 (Викиданные)","confidence":"ok"}},{"type":"Feature","id":"mines:92f65caed849","geometry":{"type":"Point","coordinates":[27.1689,64.1105]},"properties":{"uid":"mines:92f65caed849","layer":"mines","layer_title":"Рудники, копи, промыслы","group":"economy","title":"Vuorokas mine","category":"рудник","date_precision":"unknown","date_approx":false,"url":"https://www.wikidata.org/wiki/Q15069566","source":"Викиданные","source_id":"Q15069566","license":"CC0 (Викиданные)","confidence":"ok"}},{"type":"Feature","id":"mines:e5bbf82dd59d","geometry":{"type":"Point","coordinates":[28.0179,63.9674]},"properties":{"uid":"mines:e5bbf82dd59d","layer":"mines","layer_title":"Рудники, копи, промыслы","group":"economy","title":"Talvivaara mine","category":"рудник","place_text":"Соткамо","region":"Соткамо","year_from":2008,"year_to":2008,"date_precision":"open","date_approx":true,"period_raw":"с 2008","url":"https://www.wikidata.org/wiki/Q16509697","image_url":"http://commons.wikimedia.org/wiki/Special:FilePath/Ilmakuva%202013%20%289712992370%29.jpg","source":"Викиданные","source_id":"Q16509697","license":"CC0 (Викиданные)","confidence":"ok"}},{"type":"Feature","id":"mines:3cdfb4b3452e","geometry":{"type":"Point","coordinates":[27.736389,63.1125]},"properties":{"uid":"mines:3cdfb4b3452e","layer":"mines","layer_title":"Рудники, копи, промыслы","group":"economy","title":"Siilinjärvi mine","category":"рудник","date_precision":"unknown","date_approx":false,"url":"https://www.wikidata.org/wiki/Q16979762","source":"Викиданные","source_id":"Q16979762","license":"CC0 (Викиданные)","confidence":"ok"}},{"type":"Feature","id":"mines:e6a4d4d6dcd0","geometry":{"type":"Point","coordinates":[24.066667,60.2605]},"properties":{"uid":"mines:e6a4d4d6dcd0","layer":"mines","layer_title":"Рудники, копи, промыслы","group":"economy","title":"Q18346700","category":"рудник","place_text":"Лохья","region":"Лохья","date_precision":"unknown","date_approx":false,"url":"https://www.wikidata.org/wiki/Q18346700","image_url":"http://commons.wikimedia.org/wiki/Special:FilePath/Tytyrin%20kalkkitehdas.jpg","source":"Викиданные","source_id":"Q18346700","license":"CC0 (Викиданные)","confidence":"ok"}},{"type":"Feature","id":"mines:692f6b866954","geometry":{"type":"Point","coordinates":[23.577778,59.824167]},"properties":{"uid":"mines:692f6b866954","layer":"mines","layer_title":"Рудники, копи, промыслы","group":"economy","title":"Jussarö Mine","category":"рудник","place_text":"Экенес","region":"Экенес","date_precision":"unknown","date_approx":false,"url":"https://www.wikidata.org/wiki/Q18659573","source":"Викиданные","source_id":"Q18659573","license":"CC0 (Викиданные)","confidence":"ok"}},{"type":"Feature","id":"mines:4142379a3cfa","geometry":{"type":"Point","coordinates":[24.593611,64.550833]},"properties":{"uid":"mines:4142379a3cfa","layer":"mines","layer_title":"Рудники, копи, промыслы","group":"economy","title":"Q18660448","category":"рудник","date_precision":"unknown","date_approx":false,"url":"https://www.wikidata.org/wiki/Q18660448","source":"Викиданные","source_id":"Q18660448","license":"CC0 (Викиданные)","confidence":"ok"}},{"type":"Feature","id":"mines:0db50371cd6b","geometry":{"type":"Point","coordinates":[27.3075,62.162833]},"properties":{"uid":"mines:0db50371cd6b","layer":"mines","layer_title":"Рудники, копи, промыслы","group":"economy","title":"Q18660850","category":"строительный карьер","place_text":"Виртасалми","region":"Виртасалми","date_precision":"unknown","date_approx":false,"url":"https://www.wikidata.org/wiki/Q18660850","source":"Викиданные","source_id":"Q18660850","license":"CC0 (Викиданные)","confidence":"ok"}},{"type":"Feature","id":"mines:070798f41c79","geometry":{"type":"Point","coordinates":[24.034444,60.239722]},"properties":{"uid":"mines:070798f41c79","layer":"mines","layer_title":"Рудники, копи, промыслы","group":"economy","title":"Q18661052","category":"рудник","place_text":"Лохья","region":"Лохья","date_precision":"unknown","date_approx":false,"url":"https://www.wikidata.org/wiki/Q18661052","source":"Викиданные","source_id":"Q18661052","license":"CC0 (Викиданные)","confidence":"ok"}},{"type":"Feature","id":"mines:ec06c77d5894","geometry":{"type":"Point","coordinates":[26.916528,66.564694]},"properties":{"uid":"mines:ec06c77d5894","layer":"mines","layer_title":"Рудники, копи, промыслы","group":"economy","title":"Raajärvi mine","category":"рудник","place_text":"Кемиярви","region":"Кемиярви","year_from":1964,"year_to":1975,"date_precision":"year","date_approx":false,"period_raw":"1964–1975","url":"https://www.wikidata.org/wiki/Q18661573","source":"Викиданные","source_id":"Q18661573","license":"CC0 (Викиданные)","confidence":"ok"}},{"type":"Feature","id":"mines:fa3545e18221","geometry":{"type":"Point","coordinates":[23.019167,61.363056]},"properties":{"uid":"mines:fa3545e18221","layer":"mines","layer_title":"Рудники, копи, промыслы","group":"economy","title":"Q18662070","category":"рудник","date_precision":"unknown","date_approx":false,"url":"https://www.wikidata.org/wiki/Q18662070","source":"Викиданные","source_id":"Q18662070","license":"CC0 (Викиданные)","confidence":"ok"}},{"type":"Feature","id":"mines:c94e1710c12f","geometry":{"type":"Point","coordinates":[23.050722,61.327917]},"properties":{"uid":"mines:c94e1710c12f","layer":"mines","layer_title":"Рудники, копи, промыслы","group":"economy","title":"Q18662087","category":"рудник","date_precision":"unknown","date_approx":false,"url":"https://www.wikidata.org/wiki/Q18662087","source":"Викиданные","source_id":"Q18662087","license":"CC0 (Викиданные)","confidence":"ok"}},{"type":"Feature","id":"mines:2e4e5484b987","geometry":{"type":"Point","coordinates":[24.783,60.258]},"properties":{"uid":"mines:2e4e5484b987","layer":"mines","layer_title":"Рудники, копи, промыслы","group":"economy","title":"Q18662309","category":"рудник","place_text":"Вантаа","region":"Вантаа","date_precision":"unknown","date_approx":false,"url":"https://www.wikidata.org/wiki/Q18662309","source":"Викиданные","source_id":"Q18662309","license":"CC0 (Викиданные)","confidence":"ok"}},{"type":"Feature","id":"mines:82a2b69667f9","geometry":{"type":"Point","coordinates":[23.271944,60.171667]},"properties":{"uid":"mines:82a2b69667f9","layer":"mines","layer_title":"Рудники, копи, промыслы","group":"economy","title":"Q18662825","category":"рудник","place_text":"Сало","region":"Сало","date_precision":"unknown","date_approx":false,"url":"https://www.wikidata.org/wiki/Q18662825","source":"Викиданные","source_id":"Q18662825","license":"CC0 (Викиданные)","confidence":"ok"}},{"type":"Feature","id":"mines:05e68153c5fb","geometry":{"type":"Point","coordinates":[24.671111,61.583889]},"properties":{"uid":"mines:05e68153c5fb","layer":"mines","layer_title":"Рудники, копи, промыслы","group":"economy","title":"Q18662870","category":"рудник","date_precision":"unknown","date_approx":false,"url":"https://www.wikidata.org/wiki/Q18662870","source":"Викиданные","source_id":"Q18662870","license":"CC0 (Викиданные)","confidence":"ok"}},{"type":"Feature","id":"mines:fabf3c73c694","geometry":{"type":"Point","coordinates":[23.975944,67.559083]},"properties":{"uid":"mines:fabf3c73c694","layer":"mines","layer_title":"Рудники, копи, промыслы","group":"economy","title":"Q18681765","category":"рудник","date_precision":"unknown","date_approx":false,"url":"https://www.wikidata.org/wiki/Q18681765","source":"Викиданные","source_id":"Q18681765","license":"CC0 (Викиданные)","confidence":"ok"}},{"type":"Feature","id":"mines:0db04af77d13","geometry":{"type":"Point","coordinates":[28.5745,63.030278]},"properties":{"uid":"mines:0db04af77d13","layer":"mines","layer_title":"Рудники, копи, промыслы","group":"economy","title":"Q18681920","category":"рудник","date_precision":"unknown","date_approx":false,"url":"https://www.wikidata.org/wiki/Q18681920","source":"Викиданные","source_id":"Q18681920","license":"CC0 (Викиданные)","confidence":"ok"}},{"type":"Feature","id":"mines:e625d5cd66a2","geometry":{"type":"Point","coordinates":[29.329722,62.858889]},"properties":{"uid":"mines:e625d5cd66a2","layer":"mines","layer_title":"Рудники, копи, промыслы","group":"economy","title":"Q18682105","category":"рудник","date_precision":"unknown","date_approx":false,"url":"https://www.wikidata.org/wiki/Q18682105","source":"Викиданные","source_id":"Q18682105","license":"CC0 (Викиданные)","confidence":"ok"}},{"type":"Feature","id":"mines:7cd37961aa9b","geometry":{"type":"Point","coordinates":[26.578889,61.449722]},"properties":{"uid":"mines:7cd37961aa9b","layer":"mines","layer_title":"Рудники, копи, промыслы","group":"economy","title":"Q18682118","category":"рудник","date_precision":"unknown","date_approx":false,"url":"https://www.wikidata.org/wiki/Q18682118","source":"Викиданные","source_id":"Q18682118","license":"CC0 (Викиданные)","confidence":"ok"}},{"type":"Feature","id":"mines:a0ce04844b6b","geometry":{"type":"Point","coordinates":[28.702278,62.938472]},"properties":{"uid":"mines:a0ce04844b6b","layer":"mines","layer_title":"Рудники, копи, промыслы","group":"economy","title":"Q18682202","category":"рудник","date_precision":"unknown","date_approx":false,"url":"https://www.wikidata.org/wiki/Q18682202","source":"Викиданные","source_id":"Q18682202","license":"CC0 (Викиданные)","confidence":"ok"}},{"type":"Feature","id":"mines:de9515870de1","geometry":{"type":"Point","coordinates":[24.408139,67.791278]},"properties":{"uid":"mines:de9515870de1","layer":"mines","layer_title":"Рудники, копи, промыслы","group":"economy","title":"Saattopora Mine","category":"рудник","date_precision":"unknown","date_approx":false,"url":"https://www.wikidata.org/wiki/Q18682562","source":"Викиданные","source_id":"Q18682562","license":"CC0 (Викиданные)","confidence":"ok"}},{"type":"Feature","id":"mines:d9904fcfc78e","geometry":{"type":"Point","coordinates":[26.806667,66.641667]},"properties":{"uid":"mines:d9904fcfc78e","layer":"mines","layer_title":"Рудники, копи, промыслы","group":"economy","title":"Q18819747","category":"рудник","place_text":"Кемиярви","region":"Кемиярви","date_precision":"unknown","date_approx":false,"url":"https://www.wikidata.org/wiki/Q18819747","source":"Викиданные","source_id":"Q18819747","license":"CC0 (Викиданные)","confidence":"ok"}},{"type":"Feature","id":"mines:84b0331c8806","geometry":{"type":"Point","coordinates":[23.338944,60.148972]},"properties":{"uid":"mines:84b0331c8806","layer":"mines","layer_title":"Рудники, копи, промыслы","group":"economy","title":"Q20251887","category":"рудник","place_text":"Расеборг","region":"Расеборг","date_precision":"unknown","date_approx":false,"url":"https://www.wikidata.org/wiki/Q20251887","source":"Викиданные","source_id":"Q20251887","license":"CC0 (Викиданные)","confidence":"ok"}},{"type":"Feature","id":"mines:8f5759dbefcf","geometry":{"type":"Point","coordinates":[30.377028,62.572194]},"properties":{"uid":"mines:8f5759dbefcf","layer":"mines","layer_title":"Рудники, копи, промыслы","group":"economy","title":"Q23045266","category":"рудник","date_precision":"unknown","date_approx":false,"url":"https://www.wikidata.org/wiki/Q23045266","source":"Викиданные","source_id":"Q23045266","license":"CC0 (Викиданные)","confidence":"ok"}},{"type":"Feature","id":"mines:2d533f5dd854","geometry":{"type":"Point","coordinates":[27.729394,60.570227]},"properties":{"uid":"mines:2d533f5dd854","layer":"mines","layer_title":"Рудники, копи, промыслы","group":"economy","title":"Pyterlahti quarry","category":"строительный карьер","place_text":"Виролахти","region":"Виролахти","date_precision":"unknown","date_approx":false,"url":"https://www.wikidata.org/wiki/Q31029064","image_url":"http://commons.wikimedia.org/wiki/Special:FilePath/Granitbrott%20i%20Pytterlaks%20-%20Pehr%20Adolf%20Kruskopf%20-%20Finland%20framst%C3%A4lldt%20i%20teckningar%20-%2057.jpg","source":"Викиданные","source_id":"Q31029064","license":"CC0 (Викиданные)","confidence":"ok"}},{"type":"Feature","id":"mines:179ab3e557fa","geometry":{"type":"Point","coordinates":[31.264722,62.986389]},"properties":{"uid":"mines:179ab3e557fa","layer":"mines","layer_title":"Рудники, копи, промыслы","group":"economy","title":"Pampalo mine","category":"рудник","place_text":"Иломантси","region":"Иломантси","date_precision":"unknown","date_approx":false,"url":"https://www.wikidata.org/wiki/Q52468227","source":"Викиданные","source_id":"Q52468227","license":"CC0 (Викиданные)","confidence":"ok"}},{"type":"Feature","id":"mines:7d452dddc1b7","geometry":{"type":"Point","coordinates":[29.590278,63.437778]},"properties":{"uid":"mines:7d452dddc1b7","layer":"mines","layer_title":"Рудники, копи, промыслы","group":"economy","title":"Q63103783","category":"рудник","place_text":"Лиекса","region":"Лиекса","date_precision":"unknown","date_approx":false,"url":"https://www.wikidata.org/wiki/Q63103783","source":"Викиданные","source_id":"Q63103783","license":"CC0 (Викиданные)","confidence":"ok"}},{"type":"Feature","id":"mines:f1defffc7fa1","geometry":{"type":"Point","coordinates":[29.065833,63.953611]},"properties":{"uid":"mines:f1defffc7fa1","layer":"mines","layer_title":"Рудники, копи, промыслы","group":"economy","title":"Q63103795","category":"рудник","date_precision":"unknown","date_approx":false,"url":"https://www.wikidata.org/wiki/Q63103795","source":"Викиданные","source_id":"Q63103795","license":"CC0 (Викиданные)","confidence":"ok"}},{"type":"Feature","id":"mines:fa6bf250bf4c","geometry":{"type":"Point","coordinates":[28.795833,62.697778]},"properties":{"uid":"mines:fa6bf250bf4c","layer":"mines","layer_title":"Рудники, копи, промыслы","group":"economy","title":"Q63103806","category":"рудник","date_precision":"unknown","date_approx":false,"url":"https://www.wikidata.org/wiki/Q63103806","source":"Викиданные","source_id":"Q63103806","license":"CC0 (Викиданные)","confidence":"ok"}}]}