{"type":"FeatureCollection","name":"Фотографии Прокудина-Горского","crs":{"type":"name","properties":{"name":"urn:ogc:def:crs:OGC:1.3/CRS84"}},"features":[{"type":"Feature","id":"prokudin_gorsky:258e2d71f275","geometry":{"type":"Point","coordinates":[35.89,56.86]},"properties":{"uid":"prokudin_gorsky:258e2d71f275","layer":"prokudin_gorsky","layer_title":"Фотографии Прокудина-Горского","group":"culture","title":"Тверь","category":"фотография","place_text":"Тверь","year_from":1903,"year_to":1916,"date_precision":"year","date_approx":true,"period_raw":"1903–1916","actor":"С. М. Прокудин-Горский","summary":"Место съёмки Прокудина-Горского: Тверь.","url":"http://prokudin-gorskiy.ru/tree.php?ID=8","image_url":"http://prokudin-gorskiy.ru/library/pg/loc/0014g.jpg","source":"prokudin-gorskiy.ru","source_id":"8","license":"фотографии — общественное достояние; привязка мест — по сайту-каталогу","confidence":"ok","extra":{"photo_page":"http://prokudin-gorskiy.ru/image.php?ID=24"}}},{"type":"Feature","id":"prokudin_gorsky:0579d4f62ad4","geometry":{"type":"Point","coordinates":[36.325178,56.71129]},"properties":{"uid":"prokudin_gorsky:0579d4f62ad4","layer":"prokudin_gorsky","layer_title":"Фотографии Прокудина-Горского","group":"culture","title":"Городня","category":"фотография","place_text":"Городня","year_from":1903,"year_to":1916,"date_precision":"year","date_approx":true,"period_raw":"1903–1916","actor":"С. М. Прокудин-Горский","summary":"Место съёмки Прокудина-Горского: Городня.","url":"http://prokudin-gorskiy.ru/tree.php?ID=11","image_url":"http://prokudin-gorskiy.ru/library/pg/loc/1207g.jpg","source":"prokudin-gorskiy.ru","source_id":"11","license":"фотографии — общественное достояние; привязка мест — по сайту-каталогу","confidence":"ok","extra":{"photo_page":"http://prokudin-gorskiy.ru/image.php?ID=646"}}},{"type":"Feature","id":"prokudin_gorsky:d4e5dcc9d784","geometry":{"type":"Point","coordinates":[44.79,41.72]},"properties":{"uid":"prokudin_gorsky:d4e5dcc9d784","layer":"prokudin_gorsky","layer_title":"Фотографии Прокудина-Горского","group":"culture","title":"Тбилиси","category":"фотография","place_text":"Тбилиси","year_from":1903,"year_to":1916,"date_precision":"year","date_approx":true,"period_raw":"1903–1916","actor":"С. М. Прокудин-Горский","summary":"Место съёмки Прокудина-Горского: Тбилиси.","url":"http://prokudin-gorskiy.ru/tree.php?ID=12","image_url":"http://prokudin-gorskiy.ru/library/pg/loc/0072g.jpg","source":"prokudin-gorskiy.ru","source_id":"12","license":"фотографии — общественное достояние; привязка мест — по сайту-каталогу","confidence":"ok","extra":{"photo_page":"http://prokudin-gorskiy.ru/image.php?ID=39"}}},{"type":"Feature","id":"prokudin_gorsky:76b88678fbb7","geometry":{"type":"Point","coordinates":[41.816711,41.180721]},"properties":{"uid":"prokudin_gorsky:76b88678fbb7","layer":"prokudin_gorsky","layer_title":"Фотографии Прокудина-Горского","group":"culture","title":"Артвин","category":"фотография","place_text":"Артвин","year_from":1903,"year_to":1916,"date_precision":"year","date_approx":true,"period_raw":"1903–1916","actor":"С. М. Прокудин-Горский","summary":"Место съёмки Прокудина-Горского: Артвин.","url":"http://prokudin-gorskiy.ru/tree.php?ID=15","image_url":"http://prokudin-gorskiy.ru/library/pg/loc/0056g.jpg","source":"prokudin-gorskiy.ru","source_id":"15","license":"фотографии — общественное достояние; привязка мест — по сайту-каталогу","confidence":"ok","extra":{"photo_page":"http://prokudin-gorskiy.ru/image.php?ID=41"}}},{"type":"Feature","id":"prokudin_gorsky:5cdc922307ba","geometry":{"type":"Point","coordinates":[40.926991,57.768018]},"properties":{"uid":"prokudin_gorsky:5cdc922307ba","layer":"prokudin_gorsky","layer_title":"Фотографии Прокудина-Горского","group":"culture","title":"Кострома","category":"фотография","place_text":"Кострома","year_from":1903,"year_to":1916,"date_precision":"year","date_approx":true,"period_raw":"1903–1916","actor":"С. М. Прокудин-Горский","summary":"Место съёмки Прокудина-Горского: Кострома.","url":"http://prokudin-gorskiy.ru/tree.php?ID=21","image_url":"http://prokudin-gorskiy.ru/library/pg/illustration/230_0006837g.jpg","source":"prokudin-gorskiy.ru","source_id":"21","license":"фотографии — общественное достояние; привязка мест — по сайту-каталогу","confidence":"ok","extra":{"photo_page":"http://prokudin-gorskiy.ru/image.php?ID=454"}}},{"type":"Feature","id":"prokudin_gorsky:0a8a091f9f26","geometry":{"type":"Point","coordinates":[36.1833,56.79975]},"properties":{"uid":"prokudin_gorsky:0a8a091f9f26","layer":"prokudin_gorsky","layer_title":"Фотографии Прокудина-Горского","group":"culture","title":"Орша","category":"фотография","place_text":"Орша","year_from":1903,"year_to":1916,"date_precision":"year","date_approx":true,"period_raw":"1903–1916","actor":"С. М. Прокудин-Горский","summary":"Место съёмки Прокудина-Горского: Орша.","url":"http://prokudin-gorskiy.ru/tree.php?ID=26","image_url":"http://prokudin-gorskiy.ru/library/pg/loc/1199g.jpg","source":"prokudin-gorskiy.ru","source_id":"26","license":"фотографии — общественное достояние; привязка мест — по сайту-каталогу","confidence":"ok","extra":{"photo_page":"http://prokudin-gorskiy.ru/image.php?ID=527"}}},{"type":"Feature","id":"prokudin_gorsky:5103c3b4ed5b","geometry":{"type":"Point","coordinates":[34.584489,56.172624]},"properties":{"uid":"prokudin_gorsky:5103c3b4ed5b","layer":"prokudin_gorsky","layer_title":"Фотографии Прокудина-Горского","group":"culture","title":"Зубцов","category":"фотография","place_text":"Зубцов","year_from":1903,"year_to":1916,"date_precision":"year","date_approx":true,"period_raw":"1903–1916","actor":"С. М. Прокудин-Горский","summary":"Место съёмки Прокудина-Горского: Зубцов.","url":"http://prokudin-gorskiy.ru/tree.php?ID=28","image_url":"http://prokudin-gorskiy.ru/library/pg/loc/1146g.jpg","source":"prokudin-gorskiy.ru","source_id":"28","license":"фотографии — общественное достояние; привязка мест — по сайту-каталогу","confidence":"ok","extra":{"photo_page":"http://prokudin-gorskiy.ru/image.php?ID=523"}}},{"type":"Feature","id":"prokudin_gorsky:8d0dd2e94fad","geometry":{"type":"Point","coordinates":[34.937897,56.505239]},"properties":{"uid":"prokudin_gorsky:8d0dd2e94fad","layer":"prokudin_gorsky","layer_title":"Фотографии Прокудина-Горского","group":"culture","title":"Старица","category":"фотография","place_text":"Старица","year_from":1903,"year_to":1916,"date_precision":"year","date_approx":true,"period_raw":"1903–1916","actor":"С. М. Прокудин-Горский","summary":"Место съёмки Прокудина-Горского: Старица.","url":"http://prokudin-gorskiy.ru/tree.php?ID=30","image_url":"http://prokudin-gorskiy.ru/library/pg/loc/1164g.jpg","source":"prokudin-gorskiy.ru","source_id":"30","license":"фотографии — общественное достояние; привязка мест — по сайту-каталогу","confidence":"ok","extra":{"photo_page":"http://prokudin-gorskiy.ru/image.php?ID=9"}}},{"type":"Feature","id":"prokudin_gorsky:e845e5ea0f0e","geometry":{"type":"Point","coordinates":[34.33,56.26]},"properties":{"uid":"prokudin_gorsky:e845e5ea0f0e","layer":"prokudin_gorsky","layer_title":"Фотографии Прокудина-Горского","group":"culture","title":"Ржев","category":"фотография","place_text":"Ржев","year_from":1903,"year_to":1916,"date_precision":"year","date_approx":true,"period_raw":"1903–1916","actor":"С. М. Прокудин-Горский","summary":"Место съёмки Прокудина-Горского: Ржев.","url":"http://prokudin-gorskiy.ru/tree.php?ID=34","image_url":"http://prokudin-gorskiy.ru/library/pg/loc/0055g.jpg","source":"prokudin-gorskiy.ru","source_id":"34","license":"фотографии — общественное достояние; привязка мест — по сайту-каталогу","confidence":"ok","extra":{"photo_page":"http://prokudin-gorskiy.ru/image.php?ID=23"}}},{"type":"Feature","id":"prokudin_gorsky:1557a3563b4d","geometry":{"type":"Point","coordinates":[39.415855,57.187251]},"properties":{"uid":"prokudin_gorsky:1557a3563b4d","layer":"prokudin_gorsky","layer_title":"Фотографии Прокудина-Горского","group":"culture","title":"Ростов Великий","category":"фотография","place_text":"Ростов Великий","year_from":1903,"year_to":1916,"date_precision":"year","date_approx":true,"period_raw":"1903–1916","actor":"С. М. Прокудин-Горский","summary":"Место съёмки Прокудина-Горского: Ростов Великий.","url":"http://prokudin-gorskiy.ru/tree.php?ID=37","image_url":"http://prokudin-gorskiy.ru/library/pg/loc/1267g.jpg","source":"prokudin-gorskiy.ru","source_id":"37","license":"фотографии — общественное достояние; привязка мест — по сайту-каталогу","confidence":"ok","extra":{"photo_page":"http://prokudin-gorskiy.ru/image.php?ID=598"}}},{"type":"Feature","id":"prokudin_gorsky:d4c79904d4e5","geometry":{"type":"Point","coordinates":[33.1,57.15]},"properties":{"uid":"prokudin_gorsky:d4c79904d4e5","layer":"prokudin_gorsky","layer_title":"Фотографии Прокудина-Горского","group":"culture","title":"Осташков","category":"фотография","place_text":"Осташков","year_from":1903,"year_to":1916,"date_precision":"year","date_approx":true,"period_raw":"1903–1916","actor":"С. М. Прокудин-Горский","summary":"Место съёмки Прокудина-Горского: Осташков.","url":"http://prokudin-gorskiy.ru/tree.php?ID=40","image_url":"http://prokudin-gorskiy.ru/library/pg/loc/1117g.jpg","source":"prokudin-gorskiy.ru","source_id":"40","license":"фотографии — общественное достояние; привязка мест — по сайту-каталогу","confidence":"ok","extra":{"photo_page":"http://prokudin-gorskiy.ru/image.php?ID=15"}}},{"type":"Feature","id":"prokudin_gorsky:a63fee068dad","geometry":{"type":"Point","coordinates":[40.440502,56.429757]},"properties":{"uid":"prokudin_gorsky:a63fee068dad","layer":"prokudin_gorsky","layer_title":"Фотографии Прокудина-Горского","group":"culture","title":"Суздаль","category":"фотография","place_text":"Суздаль","year_from":1903,"year_to":1916,"date_precision":"year","date_approx":true,"period_raw":"1903–1916","actor":"С. М. Прокудин-Горский","summary":"Место съёмки Прокудина-Горского: Суздаль.","url":"http://prokudin-gorskiy.ru/tree.php?ID=45","image_url":"http://prokudin-gorskiy.ru/library/pg/loc/1439g.jpg","source":"prokudin-gorskiy.ru","source_id":"45","license":"фотографии — общественное достояние; привязка мест — по сайту-каталогу","confidence":"ok","extra":{"photo_page":"http://prokudin-gorskiy.ru/image.php?ID=621"}}},{"type":"Feature","id":"prokudin_gorsky:60abe8815dc5","geometry":{"type":"Point","coordinates":[64.421082,39.772922]},"properties":{"uid":"prokudin_gorsky:60abe8815dc5","layer":"prokudin_gorsky","layer_title":"Фотографии Прокудина-Горского","group":"culture","title":"Бухара","category":"фотография","place_text":"Бухара","year_from":1903,"year_to":1916,"date_precision":"year","date_approx":true,"period_raw":"1903–1916","actor":"С. М. Прокудин-Горский","summary":"Место съёмки Прокудина-Горского: Бухара.","url":"http://prokudin-gorskiy.ru/tree.php?ID=47","image_url":"http://prokudin-gorskiy.ru/library/pg/loc/1867g.jpg","source":"prokudin-gorskiy.ru","source_id":"47","license":"фотографии — общественное достояние; привязка мест — по сайту-каталогу","confidence":"ok","extra":{"photo_page":"http://prokudin-gorskiy.ru/image.php?ID=568"}}},{"type":"Feature","id":"prokudin_gorsky:633afd4342e8","geometry":{"type":"Point","coordinates":[36.588593,50.607319]},"properties":{"uid":"prokudin_gorsky:633afd4342e8","layer":"prokudin_gorsky","layer_title":"Фотографии Прокудина-Горского","group":"culture","title":"Белгород","category":"фотография","place_text":"Белгород","year_from":1903,"year_to":1916,"date_precision":"year","date_approx":true,"period_raw":"1903–1916","actor":"С. М. Прокудин-Горский","summary":"Место съёмки Прокудина-Горского: Белгород.","url":"http://prokudin-gorskiy.ru/tree.php?ID=49","image_url":"http://prokudin-gorskiy.ru/library/pg/loc/0071g.jpg","source":"prokudin-gorskiy.ru","source_id":"49","license":"фотографии — общественное достояние; привязка мест — по сайту-каталогу","confidence":"ok","extra":{"photo_page":"http://prokudin-gorskiy.ru/image.php?ID=34"}}},{"type":"Feature","id":"prokudin_gorsky:8a0dce3f4af0","geometry":{"type":"Point","coordinates":[38.831005,58.049999]},"properties":{"uid":"prokudin_gorsky:8a0dce3f4af0","layer":"prokudin_gorsky","layer_title":"Фотографии Прокудина-Горского","group":"culture","title":"Рыбинск","category":"фотография","place_text":"Рыбинск","year_from":1903,"year_to":1916,"date_precision":"year","date_approx":true,"period_raw":"1903–1916","actor":"С. М. Прокудин-Горский","summary":"Место съёмки Прокудина-Горского: Рыбинск.","url":"http://prokudin-gorskiy.ru/tree.php?ID=68","image_url":"http://prokudin-gorskiy.ru/library/pg/loc/2392g.jpg","source":"prokudin-gorskiy.ru","source_id":"68","license":"фотографии — общественное достояние; привязка мест — по сайту-каталогу","confidence":"ok","extra":{"photo_page":"http://prokudin-gorskiy.ru/image.php?ID=147"}}},{"type":"Feature","id":"prokudin_gorsky:eda1846673e1","geometry":{"type":"Point","coordinates":[37.523289,54.073189]},"properties":{"uid":"prokudin_gorsky:eda1846673e1","layer":"prokudin_gorsky","layer_title":"Фотографии Прокудина-Горского","group":"culture","title":"Ясная Поляна","category":"фотография","place_text":"Ясная Поляна","year_from":1903,"year_to":1916,"date_precision":"year","date_approx":true,"period_raw":"1903–1916","actor":"С. М. Прокудин-Горский","summary":"Место съёмки Прокудина-Горского: Ясная Поляна.","url":"http://prokudin-gorskiy.ru/tree.php?ID=71","image_url":"http://prokudin-gorskiy.ru/library/pg/loc/0202g.jpg","source":"prokudin-gorskiy.ru","source_id":"71","license":"фотографии — общественное достояние; привязка мест — по сайту-каталогу","confidence":"ok","extra":{"photo_page":"http://prokudin-gorskiy.ru/image.php?ID=43"}}},{"type":"Feature","id":"prokudin_gorsky:d0882c8adf72","geometry":{"type":"Point","coordinates":[63.5734,39.1335]},"properties":{"uid":"prokudin_gorsky:d0882c8adf72","layer":"prokudin_gorsky","layer_title":"Фотографии Прокудина-Горского","group":"culture","title":"Чарджоу","category":"фотография","place_text":"Чарджоу","year_from":1903,"year_to":1916,"date_precision":"year","date_approx":true,"period_raw":"1903–1916","actor":"С. М. Прокудин-Горский","summary":"Место съёмки Прокудина-Горского: Чарджоу.","url":"http://prokudin-gorskiy.ru/tree.php?ID=72","image_url":"http://prokudin-gorskiy.ru/library/pg/loc/0076g.jpg","source":"prokudin-gorskiy.ru","source_id":"72","license":"фотографии — общественное достояние; привязка мест — по сайту-каталогу","confidence":"ok","extra":{"photo_page":"http://prokudin-gorskiy.ru/image.php?ID=44"}}},{"type":"Feature","id":"prokudin_gorsky:d842726da657","geometry":{"type":"Point","coordinates":[63.60569,39.171927]},"properties":{"uid":"prokudin_gorsky:d842726da657","layer":"prokudin_gorsky","layer_title":"Фотографии Прокудина-Горского","group":"culture","title":"Фараб","category":"фотография","place_text":"Фараб","year_from":1903,"year_to":1916,"date_precision":"year","date_approx":true,"period_raw":"1903–1916","actor":"С. М. Прокудин-Горский","summary":"Место съёмки Прокудина-Горского: Фараб.","url":"http://prokudin-gorskiy.ru/tree.php?ID=73","image_url":"http://prokudin-gorskiy.ru/library/pg/loc/0144g.jpg","source":"prokudin-gorskiy.ru","source_id":"73","license":"фотографии — общественное достояние; привязка мест — по сайту-каталогу","confidence":"ok","extra":{"photo_page":"http://prokudin-gorskiy.ru/image.php?ID=40"}}},{"type":"Feature","id":"prokudin_gorsky:3d0454873217","geometry":{"type":"Point","coordinates":[32.57206,57.21933]},"properties":{"uid":"prokudin_gorsky:3d0454873217","layer":"prokudin_gorsky","layer_title":"Фотографии Прокудина-Горского","group":"culture","title":"Новинка","category":"фотография","place_text":"Новинка","year_from":1903,"year_to":1916,"date_precision":"year","date_approx":true,"period_raw":"1903–1916","actor":"С. М. Прокудин-Горский","summary":"Место съёмки Прокудина-Горского: Новинка.","url":"http://prokudin-gorskiy.ru/tree.php?ID=74","image_url":"http://prokudin-gorskiy.ru/library/pg/loc/1093g.jpg","source":"prokudin-gorskiy.ru","source_id":"74","license":"фотографии — общественное достояние; привязка мест — по сайту-каталогу","confidence":"ok","extra":{"photo_page":"http://prokudin-gorskiy.ru/image.php?ID=33"}}},{"type":"Feature","id":"prokudin_gorsky:c583549c00ee","geometry":{"type":"Point","coordinates":[41.63475,41.643414]},"properties":{"uid":"prokudin_gorsky:c583549c00ee","layer":"prokudin_gorsky","layer_title":"Фотографии Прокудина-Горского","group":"culture","title":"Батуми","category":"фотография","place_text":"Батуми","year_from":1903,"year_to":1916,"date_precision":"year","date_approx":true,"period_raw":"1903–1916","actor":"С. М. Прокудин-Горский","summary":"Место съёмки Прокудина-Горского: Батуми.","url":"http://prokudin-gorskiy.ru/tree.php?ID=75","image_url":"http://prokudin-gorskiy.ru/library/pg/loc/1166g.jpg","source":"prokudin-gorskiy.ru","source_id":"75","license":"фотографии — общественное достояние; привязка мест — по сайту-каталогу","confidence":"ok","extra":{"photo_page":"http://prokudin-gorskiy.ru/image.php?ID=10"}}},{"type":"Feature","id":"prokudin_gorsky:baad421551ac","geometry":{"type":"Point","coordinates":[43.400803,41.847698]},"properties":{"uid":"prokudin_gorsky:baad421551ac","layer":"prokudin_gorsky","layer_title":"Фотографии Прокудина-Горского","group":"culture","title":"Боржоми","category":"фотография","place_text":"Боржоми","year_from":1903,"year_to":1916,"date_precision":"year","date_approx":true,"period_raw":"1903–1916","actor":"С. М. Прокудин-Горский","summary":"Место съёмки Прокудина-Горского: Боржоми.","url":"http://prokudin-gorskiy.ru/tree.php?ID=76","image_url":"http://prokudin-gorskiy.ru/library/pg/loc/1557g.jpg","source":"prokudin-gorskiy.ru","source_id":"76","license":"фотографии — общественное достояние; привязка мест — по сайту-каталогу","confidence":"ok","extra":{"photo_page":"http://prokudin-gorskiy.ru/image.php?ID=222"}}},{"type":"Feature","id":"prokudin_gorsky:7d0dfc60fd05","geometry":{"type":"Point","coordinates":[39.740982,54.619897]},"properties":{"uid":"prokudin_gorsky:7d0dfc60fd05","layer":"prokudin_gorsky","layer_title":"Фотографии Прокудина-Горского","group":"culture","title":"Рязань","category":"фотография","place_text":"Рязань","year_from":1903,"year_to":1916,"date_precision":"year","date_approx":true,"period_raw":"1903–1916","actor":"С. М. Прокудин-Горский","summary":"Место съёмки Прокудина-Горского: Рязань.","url":"http://prokudin-gorskiy.ru/tree.php?ID=78","image_url":"http://prokudin-gorskiy.ru/library/pg/loc/1450g.jpg","source":"prokudin-gorskiy.ru","source_id":"78","license":"фотографии — общественное достояние; привязка мест — по сайту-каталогу","confidence":"ok","extra":{"photo_page":"http://prokudin-gorskiy.ru/image.php?ID=35"}}},{"type":"Feature","id":"prokudin_gorsky:281665860806","geometry":{"type":"Point","coordinates":[66.950512,39.659892]},"properties":{"uid":"prokudin_gorsky:281665860806","layer":"prokudin_gorsky","layer_title":"Фотографии Прокудина-Горского","group":"culture","title":"Самарканд","category":"фотография","place_text":"Самарканд","year_from":1903,"year_to":1916,"date_precision":"year","date_approx":true,"period_raw":"1903–1916","actor":"С. М. Прокудин-Горский","summary":"Место съёмки Прокудина-Горского: Самарканд.","url":"http://prokudin-gorskiy.ru/tree.php?ID=81","image_url":"http://prokudin-gorskiy.ru/library/pg/loc/1831g.jpg","source":"prokudin-gorskiy.ru","source_id":"81","license":"фотографии — общественное достояние; привязка мест — по сайту-каталогу","confidence":"ok","extra":{"photo_page":"http://prokudin-gorskiy.ru/image.php?ID=328"}}},{"type":"Feature","id":"prokudin_gorsky:9a8dcc09693d","geometry":{"type":"Point","coordinates":[63.640194,56.079796]},"properties":{"uid":"prokudin_gorsky:9a8dcc09693d","layer":"prokudin_gorsky","layer_title":"Фотографии Прокудина-Горского","group":"culture","title":"Шадринск","category":"фотография","place_text":"Шадринск","year_from":1903,"year_to":1916,"date_precision":"year","date_approx":true,"period_raw":"1903–1916","actor":"С. М. Прокудин-Горский","summary":"Место съёмки Прокудина-Горского: Шадринск.","url":"http://prokudin-gorskiy.ru/tree.php?ID=84","image_url":"http://prokudin-gorskiy.ru/library/pg/loc/0818g.jpg","source":"prokudin-gorskiy.ru","source_id":"84","license":"фотографии — общественное достояние; привязка мест — по сайту-каталогу","confidence":"ok","extra":{"photo_page":"http://prokudin-gorskiy.ru/image.php?ID=81"}}},{"type":"Feature","id":"prokudin_gorsky:1d7156570ea9","geometry":{"type":"Point","coordinates":[57.548747,55.068048]},"properties":{"uid":"prokudin_gorsky:1d7156570ea9","layer":"prokudin_gorsky","layer_title":"Фотографии Прокудина-Горского","group":"culture","title":"Миньяр","category":"фотография","place_text":"Миньяр","year_from":1903,"year_to":1916,"date_precision":"year","date_approx":true,"period_raw":"1903–1916","actor":"С. М. Прокудин-Горский","summary":"Место съёмки Прокудина-Горского: Миньяр.","url":"http://prokudin-gorskiy.ru/tree.php?ID=88","image_url":"http://prokudin-gorskiy.ru/library/pg/loc/0566g.jpg","source":"prokudin-gorskiy.ru","source_id":"88","license":"фотографии — общественное достояние; привязка мест — по сайту-каталогу","confidence":"ok","extra":{"photo_page":"http://prokudin-gorskiy.ru/image.php?ID=85"}}},{"type":"Feature","id":"prokudin_gorsky:3bb77330f68a","geometry":{"type":"Point","coordinates":[56.25,58.0]},"properties":{"uid":"prokudin_gorsky:3bb77330f68a","layer":"prokudin_gorsky","layer_title":"Фотографии Прокудина-Горского","group":"culture","title":"Пермь","category":"фотография","place_text":"Пермь","year_from":1903,"year_to":1916,"date_precision":"year","date_approx":true,"period_raw":"1903–1916","actor":"С. М. Прокудин-Горский","summary":"Место съёмки Прокудина-Горского: Пермь.","url":"http://prokudin-gorskiy.ru/tree.php?ID=90","image_url":"http://prokudin-gorskiy.ru/library/pg/loc/0023g.jpg","source":"prokudin-gorskiy.ru","source_id":"90","license":"фотографии — общественное достояние; привязка мест — по сайту-каталогу","confidence":"ok","extra":{"photo_page":"http://prokudin-gorskiy.ru/image.php?ID=529"}}},{"type":"Feature","id":"prokudin_gorsky:9d8fe9ff9e5f","geometry":{"type":"Point","coordinates":[33.559971,60.730049]},"properties":{"uid":"prokudin_gorsky:9d8fe9ff9e5f","layer":"prokudin_gorsky","layer_title":"Фотографии Прокудина-Горского","group":"culture","title":"Лодейное поле","category":"фотография","place_text":"Лодейное поле","year_from":1903,"year_to":1916,"date_precision":"year","date_approx":true,"period_raw":"1903–1916","actor":"С. М. Прокудин-Горский","summary":"Место съёмки Прокудина-Горского: Лодейное поле.","url":"http://prokudin-gorskiy.ru/tree.php?ID=93","image_url":"http://prokudin-gorskiy.ru/library/pg/loc/0236g.jpg","source":"prokudin-gorskiy.ru","source_id":"93","license":"фотографии — общественное достояние; привязка мест — по сайту-каталогу","confidence":"ok","extra":{"photo_page":"http://prokudin-gorskiy.ru/image.php?ID=72"}}},{"type":"Feature","id":"prokudin_gorsky:148bd1e08630","geometry":{"type":"Point","coordinates":[32.309933,60.100371]},"properties":{"uid":"prokudin_gorsky:148bd1e08630","layer":"prokudin_gorsky","layer_title":"Фотографии Прокудина-Горского","group":"culture","title":"Новая Ладога","category":"фотография","place_text":"Новая Ладога","year_from":1903,"year_to":1916,"date_precision":"year","date_approx":true,"period_raw":"1903–1916","actor":"С. М. Прокудин-Горский","summary":"Место съёмки Прокудина-Горского: Новая Ладога.","url":"http://prokudin-gorskiy.ru/tree.php?ID=95","image_url":"http://prokudin-gorskiy.ru/library/pg/loc/0902g.jpg","source":"prokudin-gorskiy.ru","source_id":"95","license":"фотографии — общественное достояние; привязка мест — по сайту-каталогу","confidence":"ok","extra":{"photo_page":"http://prokudin-gorskiy.ru/image.php?ID=4"}}},{"type":"Feature","id":"prokudin_gorsky:e407be7e607c","geometry":{"type":"Point","coordinates":[31.555738,60.02374]},"properties":{"uid":"prokudin_gorsky:e407be7e607c","layer":"prokudin_gorsky","layer_title":"Фотографии Прокудина-Горского","group":"culture","title":"Кобона","category":"фотография","place_text":"Кобона","year_from":1903,"year_to":1916,"date_precision":"year","date_approx":true,"period_raw":"1903–1916","actor":"С. М. Прокудин-Горский","summary":"Место съёмки Прокудина-Горского: Кобона.","url":"http://prokudin-gorskiy.ru/tree.php?ID=100","image_url":"http://prokudin-gorskiy.ru/library/pg/loc/1907g.jpg","source":"prokudin-gorskiy.ru","source_id":"100","license":"фотографии — общественное достояние; привязка мест — по сайту-каталогу","confidence":"ok","extra":{"photo_page":"http://prokudin-gorskiy.ru/image.php?ID=239"}}},{"type":"Feature","id":"prokudin_gorsky:4298abcb2094","geometry":{"type":"Point","coordinates":[37.805328,60.030901]},"properties":{"uid":"prokudin_gorsky:4298abcb2094","layer":"prokudin_gorsky","layer_title":"Фотографии Прокудина-Горского","group":"culture","title":"Белозерск","category":"фотография","place_text":"Белозерск","year_from":1903,"year_to":1916,"date_precision":"year","date_approx":true,"period_raw":"1903–1916","actor":"С. М. Прокудин-Горский","summary":"Место съёмки Прокудина-Горского: Белозерск.","url":"http://prokudin-gorskiy.ru/tree.php?ID=106","image_url":"http://prokudin-gorskiy.ru/library/pg/loc/0986g.jpg","source":"prokudin-gorskiy.ru","source_id":"106","license":"фотографии — общественное достояние; привязка мест — по сайту-каталогу","confidence":"ok","extra":{"photo_page":"http://prokudin-gorskiy.ru/image.php?ID=351"}}},{"type":"Feature","id":"prokudin_gorsky:c32ac2ec7efd","geometry":{"type":"Point","coordinates":[39.338093,54.940357]},"properties":{"uid":"prokudin_gorsky:c32ac2ec7efd","layer":"prokudin_gorsky","layer_title":"Фотографии Прокудина-Горского","group":"culture","title":"Белоомут","category":"фотография","place_text":"Белоомут","year_from":1903,"year_to":1916,"date_precision":"year","date_approx":true,"period_raw":"1903–1916","actor":"С. М. Прокудин-Горский","summary":"Место съёмки Прокудина-Горского: Белоомут.","url":"http://prokudin-gorskiy.ru/tree.php?ID=112","image_url":"http://prokudin-gorskiy.ru/library/pg/loc/1458g.jpg","source":"prokudin-gorskiy.ru","source_id":"112","license":"фотографии — общественное достояние; привязка мест — по сайту-каталогу","confidence":"ok","extra":{"photo_page":"http://prokudin-gorskiy.ru/image.php?ID=184"}}},{"type":"Feature","id":"prokudin_gorsky:4af4eeff5edb","geometry":{"type":"Point","coordinates":[39.649487,54.867717]},"properties":{"uid":"prokudin_gorsky:4af4eeff5edb","layer":"prokudin_gorsky","layer_title":"Фотографии Прокудина-Горского","group":"culture","title":"Кузьминское","category":"фотография","place_text":"Кузьминское","year_from":1903,"year_to":1916,"date_precision":"year","date_approx":true,"period_raw":"1903–1916","actor":"С. М. Прокудин-Горский","summary":"Место съёмки Прокудина-Горского: Кузьминское.","url":"http://prokudin-gorskiy.ru/tree.php?ID=114","image_url":"http://prokudin-gorskiy.ru/library/pg/loc/1432g.jpg","source":"prokudin-gorskiy.ru","source_id":"114","license":"фотографии — общественное достояние; привязка мест — по сайту-каталогу","confidence":"ok","extra":{"photo_page":"http://prokudin-gorskiy.ru/image.php?ID=185"}}},{"type":"Feature","id":"prokudin_gorsky:71da51bdd5ac","geometry":{"type":"Point","coordinates":[59.029713,55.039336]},"properties":{"uid":"prokudin_gorsky:71da51bdd5ac","layer":"prokudin_gorsky","layer_title":"Фотографии Прокудина-Горского","group":"culture","title":"Сатка и окрестности","category":"фотография","place_text":"Сатка и окрестности","year_from":1903,"year_to":1916,"date_precision":"year","date_approx":true,"period_raw":"1903–1916","actor":"С. М. Прокудин-Горский","summary":"Место съёмки Прокудина-Горского: Сатка и окрестности.","url":"http://prokudin-gorskiy.ru/tree.php?ID=116","image_url":"http://prokudin-gorskiy.ru/library/pg/loc/0161g.jpg","source":"prokudin-gorskiy.ru","source_id":"116","license":"фотографии — общественное достояние; привязка мест — по сайту-каталогу","confidence":"ok","extra":{"photo_page":"http://prokudin-gorskiy.ru/image.php?ID=190"}}},{"type":"Feature","id":"prokudin_gorsky:0342caded003","geometry":{"type":"Point","coordinates":[35.739212,65.063447]},"properties":{"uid":"prokudin_gorsky:0342caded003","layer":"prokudin_gorsky","layer_title":"Фотографии Прокудина-Горского","group":"culture","title":"Соловецкие острова","category":"фотография","place_text":"Соловецкие острова","year_from":1903,"year_to":1916,"date_precision":"year","date_approx":true,"period_raw":"1903–1916","actor":"С. М. Прокудин-Горский","summary":"Место съёмки Прокудина-Горского: Соловецкие острова.","url":"http://prokudin-gorskiy.ru/tree.php?ID=122","image_url":"http://prokudin-gorskiy.ru/library/pg/loc/0348g.jpg","source":"prokudin-gorskiy.ru","source_id":"122","license":"фотографии — общественное достояние; привязка мест — по сайту-каталогу","confidence":"ok","extra":{"photo_page":"http://prokudin-gorskiy.ru/image.php?ID=227"}}},{"type":"Feature","id":"prokudin_gorsky:f89a29ed34f9","geometry":{"type":"Point","coordinates":[38.329926,57.530202]},"properties":{"uid":"prokudin_gorsky:f89a29ed34f9","layer":"prokudin_gorsky","layer_title":"Фотографии Прокудина-Горского","group":"culture","title":"Углич","category":"фотография","place_text":"Углич","year_from":1903,"year_to":1916,"date_precision":"year","date_approx":true,"period_raw":"1903–1916","actor":"С. М. Прокудин-Горский","summary":"Место съёмки Прокудина-Горского: Углич.","url":"http://prokudin-gorskiy.ru/tree.php?ID=124","image_url":"http://prokudin-gorskiy.ru/library/pg/loc/2354g.jpg","source":"prokudin-gorskiy.ru","source_id":"124","license":"фотографии — общественное достояние; привязка мест — по сайту-каталогу","confidence":"ok","extra":{"photo_page":"http://prokudin-gorskiy.ru/image.php?ID=221"}}},{"type":"Feature","id":"prokudin_gorsky:dab5310c60ee","geometry":{"type":"Point","coordinates":[26.51001,55.880126]},"properties":{"uid":"prokudin_gorsky:dab5310c60ee","layer":"prokudin_gorsky","layer_title":"Фотографии Прокудина-Горского","group":"culture","title":"Даугавпилс","category":"фотография","place_text":"Даугавпилс","year_from":1903,"year_to":1916,"date_precision":"year","date_approx":true,"period_raw":"1903–1916","actor":"С. М. Прокудин-Горский","summary":"Место съёмки Прокудина-Горского: Даугавпилс.","url":"http://prokudin-gorskiy.ru/tree.php?ID=126","image_url":"http://prokudin-gorskiy.ru/library/pg/loc/0444g.jpg","source":"prokudin-gorskiy.ru","source_id":"126","license":"фотографии — общественное достояние; привязка мест — по сайту-каталогу","confidence":"ok","extra":{"photo_page":"http://prokudin-gorskiy.ru/image.php?ID=169"}}},{"type":"Feature","id":"prokudin_gorsky:b03f9de94f28","geometry":{"type":"Point","coordinates":[31.578054,59.946693]},"properties":{"uid":"prokudin_gorsky:b03f9de94f28","layer":"prokudin_gorsky","layer_title":"Фотографии Прокудина-Горского","group":"culture","title":"Лаврово","category":"фотография","place_text":"Лаврово","year_from":1903,"year_to":1916,"date_precision":"year","date_approx":true,"period_raw":"1903–1916","actor":"С. М. Прокудин-Горский","summary":"Место съёмки Прокудина-Горского: Лаврово.","url":"http://prokudin-gorskiy.ru/tree.php?ID=127","image_url":"http://prokudin-gorskiy.ru/library/pg/loc/0891g.jpg","source":"prokudin-gorskiy.ru","source_id":"127","license":"фотографии — общественное достояние; привязка мест — по сайту-каталогу","confidence":"ok","extra":{"photo_page":"http://prokudin-gorskiy.ru/image.php?ID=1"}}},{"type":"Feature","id":"prokudin_gorsky:1922fb2d21b7","geometry":{"type":"Point","coordinates":[36.030006,55.500153]},"properties":{"uid":"prokudin_gorsky:1922fb2d21b7","layer":"prokudin_gorsky","layer_title":"Фотографии Прокудина-Горского","group":"culture","title":"Можайск","category":"фотография","place_text":"Можайск","year_from":1903,"year_to":1916,"date_precision":"year","date_approx":true,"period_raw":"1903–1916","actor":"С. М. Прокудин-Горский","summary":"Место съёмки Прокудина-Горского: Можайск.","url":"http://prokudin-gorskiy.ru/tree.php?ID=128","image_url":"http://prokudin-gorskiy.ru/library/pg/loc/0364g.jpg","source":"prokudin-gorskiy.ru","source_id":"128","license":"фотографии — общественное достояние; привязка мест — по сайту-каталогу","confidence":"ok","extra":{"photo_page":"http://prokudin-gorskiy.ru/image.php?ID=248"}}},{"type":"Feature","id":"prokudin_gorsky:ba0fb524e17d","geometry":{"type":"Point","coordinates":[41.500511,57.460003]},"properties":{"uid":"prokudin_gorsky:ba0fb524e17d","layer":"prokudin_gorsky","layer_title":"Фотографии Прокудина-Горского","group":"culture","title":"Плес","category":"фотография","place_text":"Плес","year_from":1903,"year_to":1916,"date_precision":"year","date_approx":true,"period_raw":"1903–1916","actor":"С. М. Прокудин-Горский","summary":"Место съёмки Прокудина-Горского: Плес.","url":"http://prokudin-gorskiy.ru/tree.php?ID=133","image_url":"http://prokudin-gorskiy.ru/library/pg/loc/1233g.jpg","source":"prokudin-gorskiy.ru","source_id":"133","license":"фотографии — общественное достояние; привязка мест — по сайту-каталогу","confidence":"ok","extra":{"photo_page":"http://prokudin-gorskiy.ru/image.php?ID=256"}}},{"type":"Feature","id":"prokudin_gorsky:850668846125","geometry":{"type":"Point","coordinates":[32.041111,54.779999]},"properties":{"uid":"prokudin_gorsky:850668846125","layer":"prokudin_gorsky","layer_title":"Фотографии Прокудина-Горского","group":"culture","title":"Смоленск","category":"фотография","place_text":"Смоленск","year_from":1903,"year_to":1916,"date_precision":"year","date_approx":true,"period_raw":"1903–1916","actor":"С. М. Прокудин-Горский","summary":"Место съёмки Прокудина-Горского: Смоленск.","url":"http://prokudin-gorskiy.ru/tree.php?ID=135","image_url":"http://prokudin-gorskiy.ru/library/pg/loc/0410g.jpg","source":"prokudin-gorskiy.ru","source_id":"135","license":"фотографии — общественное достояние; привязка мест — по сайту-каталогу","confidence":"ok","extra":{"photo_page":"http://prokudin-gorskiy.ru/image.php?ID=538"}}},{"type":"Feature","id":"prokudin_gorsky:ebe194176e46","geometry":{"type":"Point","coordinates":[42.129822,57.440146]},"properties":{"uid":"prokudin_gorsky:ebe194176e46","layer":"prokudin_gorsky","layer_title":"Фотографии Прокудина-Горского","group":"culture","title":"Кинешма","category":"фотография","place_text":"Кинешма","year_from":1903,"year_to":1916,"date_precision":"year","date_approx":true,"period_raw":"1903–1916","actor":"С. М. Прокудин-Горский","summary":"Место съёмки Прокудина-Горского: Кинешма.","url":"http://prokudin-gorskiy.ru/tree.php?ID=137","image_url":"http://prokudin-gorskiy.ru/library/pg/loc/2518g.jpg","source":"prokudin-gorskiy.ru","source_id":"137","license":"фотографии — общественное достояние; привязка мест — по сайту-каталогу","confidence":"ok","extra":{"photo_page":"http://prokudin-gorskiy.ru/image.php?ID=257"}}},{"type":"Feature","id":"prokudin_gorsky:80c0a558813c","geometry":{"type":"Point","coordinates":[30.328822,59.940092]},"properties":{"uid":"prokudin_gorsky:80c0a558813c","layer":"prokudin_gorsky","layer_title":"Фотографии Прокудина-Горского","group":"culture","title":"Санкт-Петербург","category":"фотография","place_text":"Санкт-Петербург","year_from":1903,"year_to":1916,"date_precision":"year","date_approx":true,"period_raw":"1903–1916","actor":"С. М. Прокудин-Горский","summary":"Место съёмки Прокудина-Горского: Санкт-Петербург.","url":"http://prokudin-gorskiy.ru/tree.php?ID=138","image_url":"http://prokudin-gorskiy.ru/library/pg/card/17g.jpg","source":"prokudin-gorskiy.ru","source_id":"138","license":"фотографии — общественное достояние; привязка мест — по сайту-каталогу","confidence":"ok","extra":{"photo_page":"http://prokudin-gorskiy.ru/image.php?ID=369"}}},{"type":"Feature","id":"prokudin_gorsky:730362576356","geometry":{"type":"Point","coordinates":[63.176873,38.564284]},"properties":{"uid":"prokudin_gorsky:730362576356","layer":"prokudin_gorsky","layer_title":"Фотографии Прокудина-Горского","group":"culture","title":"Репетек","category":"фотография","place_text":"Репетек","year_from":1903,"year_to":1916,"date_precision":"year","date_approx":true,"period_raw":"1903–1916","actor":"С. М. Прокудин-Горский","summary":"Место съёмки Прокудина-Горского: Репетек.","url":"http://prokudin-gorskiy.ru/tree.php?ID=140","image_url":"http://prokudin-gorskiy.ru/library/pg/loc/0048g.jpg","source":"prokudin-gorskiy.ru","source_id":"140","license":"фотографии — общественное достояние; привязка мест — по сайту-каталогу","confidence":"ok","extra":{"photo_page":"http://prokudin-gorskiy.ru/image.php?ID=145"}}},{"type":"Feature","id":"prokudin_gorsky:09a64e123060","geometry":{"type":"Point","coordinates":[33.079147,57.190181]},"properties":{"uid":"prokudin_gorsky:09a64e123060","layer":"prokudin_gorsky","layer_title":"Фотографии Прокудина-Горского","group":"culture","title":"Озеро Селигер","category":"фотография","place_text":"Озеро Селигер","year_from":1903,"year_to":1916,"date_precision":"year","date_approx":true,"period_raw":"1903–1916","actor":"С. М. Прокудин-Горский","summary":"Место съёмки Прокудина-Горского: Озеро Селигер.","url":"http://prokudin-gorskiy.ru/tree.php?ID=142","image_url":"http://prokudin-gorskiy.ru/library/pg/loc/1095g.jpg","source":"prokudin-gorskiy.ru","source_id":"142","license":"фотографии — общественное достояние; привязка мест — по сайту-каталогу","confidence":"ok","extra":{"photo_page":"http://prokudin-gorskiy.ru/image.php?ID=275"}}},{"type":"Feature","id":"prokudin_gorsky:3b553c0907e5","geometry":{"type":"Point","coordinates":[59.911323,57.90119]},"properties":{"uid":"prokudin_gorsky:3b553c0907e5","layer":"prokudin_gorsky","layer_title":"Фотографии Прокудина-Горского","group":"culture","title":"Нижний Тагил","category":"фотография","place_text":"Нижний Тагил","year_from":1903,"year_to":1916,"date_precision":"year","date_approx":true,"period_raw":"1903–1916","actor":"С. М. Прокудин-Горский","summary":"Место съёмки Прокудина-Горского: Нижний Тагил.","url":"http://prokudin-gorskiy.ru/tree.php?ID=144","image_url":"http://prokudin-gorskiy.ru/library/pg/loc/0588g.jpg","source":"prokudin-gorskiy.ru","source_id":"144","license":"фотографии — общественное достояние; привязка мест — по сайту-каталогу","confidence":"ok","extra":{"photo_page":"http://prokudin-gorskiy.ru/image.php?ID=274"}}},{"type":"Feature","id":"prokudin_gorsky:e06d5fc3dd93","geometry":{"type":"Point","coordinates":[60.576897,56.853665]},"properties":{"uid":"prokudin_gorsky:e06d5fc3dd93","layer":"prokudin_gorsky","layer_title":"Фотографии Прокудина-Горского","group":"culture","title":"Екатеринбург, городской округ","category":"фотография","place_text":"Екатеринбург, городской округ","year_from":1903,"year_to":1916,"date_precision":"year","date_approx":true,"period_raw":"1903–1916","actor":"С. М. Прокудин-Горский","summary":"Место съёмки Прокудина-Горского: Екатеринбург, городской округ.","url":"http://prokudin-gorskiy.ru/tree.php?ID=145","image_url":"http://prokudin-gorskiy.ru/library/pg/loc/0477g.jpg","source":"prokudin-gorskiy.ru","source_id":"145","license":"фотографии — общественное достояние; привязка мест — по сайту-каталогу","confidence":"ok","extra":{"photo_page":"http://prokudin-gorskiy.ru/image.php?ID=276"}}},{"type":"Feature","id":"prokudin_gorsky:9c742d1ec092","geometry":{"type":"Point","coordinates":[40.400505,56.139907]},"properties":{"uid":"prokudin_gorsky:9c742d1ec092","layer":"prokudin_gorsky","layer_title":"Фотографии Прокудина-Горского","group":"culture","title":"Владимир","category":"фотография","place_text":"Владимир","year_from":1903,"year_to":1916,"date_precision":"year","date_approx":true,"period_raw":"1903–1916","actor":"С. М. Прокудин-Горский","summary":"Место съёмки Прокудина-Горского: Владимир.","url":"http://prokudin-gorskiy.ru/tree.php?ID=148","image_url":"http://prokudin-gorskiy.ru/library/pg/loc/1248g.jpg","source":"prokudin-gorskiy.ru","source_id":"148","license":"фотографии — общественное достояние; привязка мест — по сайту-каталогу","confidence":"ok","extra":{"photo_page":"http://prokudin-gorskiy.ru/image.php?ID=626"}}},{"type":"Feature","id":"prokudin_gorsky:3b9ec0dbabd1","geometry":{"type":"Point","coordinates":[36.436501,61.011233]},"properties":{"uid":"prokudin_gorsky:3b9ec0dbabd1","layer":"prokudin_gorsky","layer_title":"Фотографии Прокудина-Горского","group":"culture","title":"Вытегра","category":"фотография","place_text":"Вытегра","year_from":1903,"year_to":1916,"date_precision":"year","date_approx":true,"period_raw":"1903–1916","actor":"С. М. Прокудин-Горский","summary":"Место съёмки Прокудина-Горского: Вытегра.","url":"http://prokudin-gorskiy.ru/tree.php?ID=150","image_url":"http://prokudin-gorskiy.ru/library/pg/loc/0949g.jpg","source":"prokudin-gorskiy.ru","source_id":"150","license":"фотографии — общественное достояние; привязка мест — по сайту-каталогу","confidence":"ok","extra":{"photo_page":"http://prokudin-gorskiy.ru/image.php?ID=347"}}},{"type":"Feature","id":"prokudin_gorsky:47144a4c5569","geometry":{"type":"Point","coordinates":[66.303864,56.657642]},"properties":{"uid":"prokudin_gorsky:47144a4c5569","layer":"prokudin_gorsky","layer_title":"Фотографии Прокудина-Горского","group":"culture","title":"Ялуторовск","category":"фотография","place_text":"Ялуторовск","year_from":1903,"year_to":1916,"date_precision":"year","date_approx":true,"period_raw":"1903–1916","actor":"С. М. Прокудин-Горский","summary":"Место съёмки Прокудина-Горского: Ялуторовск.","url":"http://prokudin-gorskiy.ru/tree.php?ID=152","image_url":"http://prokudin-gorskiy.ru/library/pg/loc/0840g.jpg","source":"prokudin-gorskiy.ru","source_id":"152","license":"фотографии — общественное достояние; привязка мест — по сайту-каталогу","confidence":"ok","extra":{"photo_page":"http://prokudin-gorskiy.ru/image.php?ID=349"}}},{"type":"Feature","id":"prokudin_gorsky:090c3369668a","geometry":{"type":"Point","coordinates":[38.260918,59.864298]},"properties":{"uid":"prokudin_gorsky:090c3369668a","layer":"prokudin_gorsky","layer_title":"Фотографии Прокудина-Горского","group":"culture","title":"Горицы","category":"фотография","place_text":"Горицы","year_from":1903,"year_to":1916,"date_precision":"year","date_approx":true,"period_raw":"1903–1916","actor":"С. М. Прокудин-Горский","summary":"Место съёмки Прокудина-Горского: Горицы.","url":"http://prokudin-gorskiy.ru/tree.php?ID=154","image_url":"http://prokudin-gorskiy.ru/library/pg/loc/1054g.jpg","source":"prokudin-gorskiy.ru","source_id":"154","license":"фотографии — общественное достояние; привязка мест — по сайту-каталогу","confidence":"ok","extra":{"photo_page":"http://prokudin-gorskiy.ru/image.php?ID=352"}}},{"type":"Feature","id":"prokudin_gorsky:a3bc0147441a","geometry":{"type":"Point","coordinates":[30.558472,50.425144]},"properties":{"uid":"prokudin_gorsky:a3bc0147441a","layer":"prokudin_gorsky","layer_title":"Фотографии Прокудина-Горского","group":"culture","title":"Киев","category":"фотография","place_text":"Киев","year_from":1903,"year_to":1916,"date_precision":"year","date_approx":true,"period_raw":"1903–1916","actor":"С. М. Прокудин-Горский","summary":"Место съёмки Прокудина-Горского: Киев.","url":"http://prokudin-gorskiy.ru/tree.php?ID=164","image_url":"http://prokudin-gorskiy.ru/library/pg/card/82g.jpg","source":"prokudin-gorskiy.ru","source_id":"164","license":"фотографии — общественное достояние; привязка мест — по сайту-каталогу","confidence":"ok","extra":{"photo_page":"http://prokudin-gorskiy.ru/image.php?ID=444"}}},{"type":"Feature","id":"prokudin_gorsky:1bca27a38a04","geometry":{"type":"Point","coordinates":[33.87497,51.327608]},"properties":{"uid":"prokudin_gorsky:1bca27a38a04","layer":"prokudin_gorsky","layer_title":"Фотографии Прокудина-Горского","group":"culture","title":"Путивль и окрестности","category":"фотография","place_text":"Путивль и окрестности","year_from":1903,"year_to":1916,"date_precision":"year","date_approx":true,"period_raw":"1903–1916","actor":"С. М. Прокудин-Горский","summary":"Место съёмки Прокудина-Горского: Путивль и окрестности.","url":"http://prokudin-gorskiy.ru/tree.php?ID=165","image_url":"http://prokudin-gorskiy.ru/library/pg/loc/0080g.jpg","source":"prokudin-gorskiy.ru","source_id":"165","license":"фотографии — общественное достояние; привязка мест — по сайту-каталогу","confidence":"ok","extra":{"photo_page":"http://prokudin-gorskiy.ru/image.php?ID=38"}}},{"type":"Feature","id":"prokudin_gorsky:a6220c8ac54a","geometry":{"type":"Point","coordinates":[37.656713,55.731886]},"properties":{"uid":"prokudin_gorsky:a6220c8ac54a","layer":"prokudin_gorsky","layer_title":"Фотографии Прокудина-Горского","group":"culture","title":"Москва","category":"фотография","place_text":"Москва","year_from":1903,"year_to":1916,"date_precision":"year","date_approx":true,"period_raw":"1903–1916","actor":"С. М. Прокудин-Горский","summary":"Место съёмки Прокудина-Горского: Москва.","url":"http://prokudin-gorskiy.ru/tree.php?ID=167","image_url":"http://prokudin-gorskiy.ru/library/pg/illustration/230_0006824g.jpg","source":"prokudin-gorskiy.ru","source_id":"167","license":"фотографии — общественное достояние; привязка мест — по сайту-каталогу","confidence":"ok","extra":{"photo_page":"http://prokudin-gorskiy.ru/image.php?ID=445"}}},{"type":"Feature","id":"prokudin_gorsky:d5d1205a0a54","geometry":{"type":"Point","coordinates":[43.812962,57.876713]},"properties":{"uid":"prokudin_gorsky:d5d1205a0a54","layer":"prokudin_gorsky","layer_title":"Фотографии Прокудина-Горского","group":"culture","title":"Макарьев","category":"фотография","place_text":"Макарьев","year_from":1903,"year_to":1916,"date_precision":"year","date_approx":true,"period_raw":"1903–1916","actor":"С. М. Прокудин-Горский","summary":"Место съёмки Прокудина-Горского: Макарьев.","url":"http://prokudin-gorskiy.ru/tree.php?ID=168","image_url":"http://prokudin-gorskiy.ru/library/pg/illustration/230_0006836g.jpg","source":"prokudin-gorskiy.ru","source_id":"168","license":"фотографии — общественное достояние; привязка мест — по сайту-каталогу","confidence":"ok","extra":{"photo_page":"http://prokudin-gorskiy.ru/image.php?ID=455"}}},{"type":"Feature","id":"prokudin_gorsky:966dc37404c7","geometry":{"type":"Point","coordinates":[31.039467,59.944695]},"properties":{"uid":"prokudin_gorsky:966dc37404c7","layer":"prokudin_gorsky","layer_title":"Фотографии Прокудина-Горского","group":"culture","title":"Шлиссельбург","category":"фотография","place_text":"Шлиссельбург","year_from":1903,"year_to":1916,"date_precision":"year","date_approx":true,"period_raw":"1903–1916","actor":"С. М. Прокудин-Горский","summary":"Место съёмки Прокудина-Горского: Шлиссельбург.","url":"http://prokudin-gorskiy.ru/tree.php?ID=171","image_url":"http://prokudin-gorskiy.ru/library/pg/loc/0884g.jpg","source":"prokudin-gorskiy.ru","source_id":"171","license":"фотографии — общественное достояние; привязка мест — по сайту-каталогу","confidence":"ok","extra":{"photo_page":"http://prokudin-gorskiy.ru/image.php?ID=572"}}},{"type":"Feature","id":"prokudin_gorsky:b817440bf520","geometry":{"type":"Point","coordinates":[34.020023,60.960194]},"properties":{"uid":"prokudin_gorsky:b817440bf520","layer":"prokudin_gorsky","layer_title":"Фотографии Прокудина-Горского","group":"culture","title":"Важины [Усть-Боярское]","category":"фотография","place_text":"Важины [Усть-Боярское]","year_from":1903,"year_to":1916,"date_precision":"year","date_approx":true,"period_raw":"1903–1916","actor":"С. М. Прокудин-Горский","summary":"Место съёмки Прокудина-Горского: Важины [Усть-Боярское].","url":"http://prokudin-gorskiy.ru/tree.php?ID=173","image_url":"http://prokudin-gorskiy.ru/library/pg/loc/0907g.jpg","source":"prokudin-gorskiy.ru","source_id":"173","license":"фотографии — общественное достояние; привязка мест — по сайту-каталогу","confidence":"ok","extra":{"photo_page":"http://prokudin-gorskiy.ru/image.php?ID=3"}}},{"type":"Feature","id":"prokudin_gorsky:aa6ed822190b","geometry":{"type":"Point","coordinates":[33.892136,60.975523]},"properties":{"uid":"prokudin_gorsky:aa6ed822190b","layer":"prokudin_gorsky","layer_title":"Фотографии Прокудина-Горского","group":"culture","title":"Усланка","category":"фотография","place_text":"Усланка","year_from":1903,"year_to":1916,"date_precision":"year","date_approx":true,"period_raw":"1903–1916","actor":"С. М. Прокудин-Горский","summary":"Место съёмки Прокудина-Горского: Усланка.","url":"http://prokudin-gorskiy.ru/tree.php?ID=174","image_url":"http://prokudin-gorskiy.ru/library/pg/loc/0945g.jpg","source":"prokudin-gorskiy.ru","source_id":"174","license":"фотографии — общественное достояние; привязка мест — по сайту-каталогу","confidence":"ok","extra":{"photo_page":"http://prokudin-gorskiy.ru/image.php?ID=42"}}},{"type":"Feature","id":"prokudin_gorsky:e0408c5ae385","geometry":{"type":"Point","coordinates":[34.331589,60.960485]},"properties":{"uid":"prokudin_gorsky:e0408c5ae385","layer":"prokudin_gorsky","layer_title":"Фотографии Прокудина-Горского","group":"culture","title":"Хевроньино","category":"фотография","place_text":"Хевроньино","year_from":1903,"year_to":1916,"date_precision":"year","date_approx":true,"period_raw":"1903–1916","actor":"С. М. Прокудин-Горский","summary":"Место съёмки Прокудина-Горского: Хевроньино.","url":"http://prokudin-gorskiy.ru/tree.php?ID=175","image_url":"http://prokudin-gorskiy.ru/library/pg/loc/0916g.jpg","source":"prokudin-gorskiy.ru","source_id":"175","license":"фотографии — общественное достояние; привязка мест — по сайту-каталогу","confidence":"ok","extra":{"photo_page":"http://prokudin-gorskiy.ru/image.php?ID=574"}}},{"type":"Feature","id":"prokudin_gorsky:9a48defdad64","geometry":{"type":"Point","coordinates":[36.519585,60.950277]},"properties":{"uid":"prokudin_gorsky:9a48defdad64","layer":"prokudin_gorsky","layer_title":"Фотографии Прокудина-Горского","group":"culture","title":"Анхимово","category":"фотография","place_text":"Анхимово","year_from":1903,"year_to":1916,"date_precision":"year","date_approx":true,"period_raw":"1903–1916","actor":"С. М. Прокудин-Горский","summary":"Место съёмки Прокудина-Горского: Анхимово.","url":"http://prokudin-gorskiy.ru/tree.php?ID=176","image_url":"http://prokudin-gorskiy.ru/library/pg/loc/0993g.jpg","source":"prokudin-gorskiy.ru","source_id":"176","license":"фотографии — общественное достояние; привязка мест — по сайту-каталогу","confidence":"ok","extra":{"photo_page":"http://prokudin-gorskiy.ru/image.php?ID=575"}}},{"type":"Feature","id":"prokudin_gorsky:acf3ba43dcf4","geometry":{"type":"Point","coordinates":[38.03896,60.058244]},"properties":{"uid":"prokudin_gorsky:acf3ba43dcf4","layer":"prokudin_gorsky","layer_title":"Фотографии Прокудина-Горского","group":"culture","title":"Каргулино (затоплено)","category":"фотография","place_text":"Каргулино (затоплено)","year_from":1903,"year_to":1916,"date_precision":"year","date_approx":true,"period_raw":"1903–1916","actor":"С. М. Прокудин-Горский","summary":"Место съёмки Прокудина-Горского: Каргулино (затоплено).","url":"http://prokudin-gorskiy.ru/tree.php?ID=178","image_url":"http://prokudin-gorskiy.ru/library/pg/loc/1059g.jpg","source":"prokudin-gorskiy.ru","source_id":"178","license":"фотографии — общественное достояние; привязка мест — по сайту-каталогу","confidence":"ok","extra":{"photo_page":"http://prokudin-gorskiy.ru/image.php?ID=577"}}},{"type":"Feature","id":"prokudin_gorsky:9e948aae4e4f","geometry":{"type":"Point","coordinates":[38.052177,60.059015]},"properties":{"uid":"prokudin_gorsky:9e948aae4e4f","layer":"prokudin_gorsky","layer_title":"Фотографии Прокудина-Горского","group":"culture","title":"Крохино (затоплено)","category":"фотография","place_text":"Крохино (затоплено)","year_from":1903,"year_to":1916,"date_precision":"year","date_approx":true,"period_raw":"1903–1916","actor":"С. М. Прокудин-Горский","summary":"Место съёмки Прокудина-Горского: Крохино (затоплено).","url":"http://prokudin-gorskiy.ru/tree.php?ID=179","image_url":"http://prokudin-gorskiy.ru/library/pg/loc/1061g.jpg","source":"prokudin-gorskiy.ru","source_id":"179","license":"фотографии — общественное достояние; привязка мест — по сайту-каталогу","confidence":"ok","extra":{"photo_page":"http://prokudin-gorskiy.ru/image.php?ID=579"}}},{"type":"Feature","id":"prokudin_gorsky:ec3be5d8962f","geometry":{"type":"Point","coordinates":[38.223496,59.870244]},"properties":{"uid":"prokudin_gorsky:ec3be5d8962f","layer":"prokudin_gorsky","layer_title":"Фотографии Прокудина-Горского","group":"culture","title":"[Акватория Шекснинского водохранилища]","category":"фотография","place_text":"[Акватория Шекснинского водохранилища]","year_from":1903,"year_to":1916,"date_precision":"year","date_approx":true,"period_raw":"1903–1916","actor":"С. М. Прокудин-Горский","summary":"Место съёмки Прокудина-Горского: [Акватория Шекснинского водохранилища].","url":"http://prokudin-gorskiy.ru/tree.php?ID=180","image_url":"http://prokudin-gorskiy.ru/library/pg/loc/1057g.jpg","source":"prokudin-gorskiy.ru","source_id":"180","license":"фотографии — общественное достояние; привязка мест — по сайту-каталогу","confidence":"ok","extra":{"photo_page":"http://prokudin-gorskiy.ru/image.php?ID=578"}}},{"type":"Feature","id":"prokudin_gorsky:544ad9c531f7","geometry":{"type":"Point","coordinates":[40.82129,43.088291]},"properties":{"uid":"prokudin_gorsky:544ad9c531f7","layer":"prokudin_gorsky","layer_title":"Фотографии Прокудина-Горского","group":"culture","title":"Новый Афон","category":"фотография","place_text":"Новый Афон","year_from":1903,"year_to":1916,"date_precision":"year","date_approx":true,"period_raw":"1903–1916","actor":"С. М. Прокудин-Горский","summary":"Место съёмки Прокудина-Горского: Новый Афон.","url":"http://prokudin-gorskiy.ru/tree.php?ID=182","image_url":"http://prokudin-gorskiy.ru/library/pg/loc/1694g.jpg","source":"prokudin-gorskiy.ru","source_id":"182","license":"фотографии — общественное достояние; привязка мест — по сайту-каталогу","confidence":"ok","extra":{"photo_page":"http://prokudin-gorskiy.ru/image.php?ID=493"}}},{"type":"Feature","id":"prokudin_gorsky:53a747107051","geometry":{"type":"Point","coordinates":[40.261288,43.29445]},"properties":{"uid":"prokudin_gorsky:53a747107051","layer":"prokudin_gorsky","layer_title":"Фотографии Прокудина-Горского","group":"culture","title":"Гагры и окрестности","category":"фотография","place_text":"Гагры и окрестности","year_from":1903,"year_to":1916,"date_precision":"year","date_approx":true,"period_raw":"1903–1916","actor":"С. М. Прокудин-Горский","summary":"Место съёмки Прокудина-Горского: Гагры и окрестности.","url":"http://prokudin-gorskiy.ru/tree.php?ID=183","image_url":"http://prokudin-gorskiy.ru/library/pg/loc/1549g.jpg","source":"prokudin-gorskiy.ru","source_id":"183","license":"фотографии — общественное достояние; привязка мест — по сайту-каталогу","confidence":"ok","extra":{"photo_page":"http://prokudin-gorskiy.ru/image.php?ID=491"}}},{"type":"Feature","id":"prokudin_gorsky:13508663beee","geometry":{"type":"Point","coordinates":[39.729996,43.600408]},"properties":{"uid":"prokudin_gorsky:13508663beee","layer":"prokudin_gorsky","layer_title":"Фотографии Прокудина-Горского","group":"culture","title":"Сочи","category":"фотография","place_text":"Сочи","year_from":1903,"year_to":1916,"date_precision":"year","date_approx":true,"period_raw":"1903–1916","actor":"С. М. Прокудин-Горский","summary":"Место съёмки Прокудина-Горского: Сочи.","url":"http://prokudin-gorskiy.ru/tree.php?ID=185","image_url":"http://prokudin-gorskiy.ru/library/pg/loc/1663g.jpg","source":"prokudin-gorskiy.ru","source_id":"185","license":"фотографии — общественное достояние; привязка мест — по сайту-каталогу","confidence":"ok","extra":{"photo_page":"http://prokudin-gorskiy.ru/image.php?ID=490"}}},{"type":"Feature","id":"prokudin_gorsky:3cdd1c9e8498","geometry":{"type":"Point","coordinates":[39.60155,43.691584]},"properties":{"uid":"prokudin_gorsky:3cdd1c9e8498","layer":"prokudin_gorsky","layer_title":"Фотографии Прокудина-Горского","group":"culture","title":"Лоо","category":"фотография","place_text":"Лоо","year_from":1903,"year_to":1916,"date_precision":"year","date_approx":true,"period_raw":"1903–1916","actor":"С. М. Прокудин-Горский","summary":"Место съёмки Прокудина-Горского: Лоо.","url":"http://prokudin-gorskiy.ru/tree.php?ID=186","image_url":"http://prokudin-gorskiy.ru/library/pg/loc/1570g.jpg","source":"prokudin-gorskiy.ru","source_id":"186","license":"фотографии — общественное достояние; привязка мест — по сайту-каталогу","confidence":"ok","extra":{"photo_page":"http://prokudin-gorskiy.ru/image.php?ID=585"}}},{"type":"Feature","id":"prokudin_gorsky:67060eefa91f","geometry":{"type":"Point","coordinates":[39.658585,43.657751]},"properties":{"uid":"prokudin_gorsky:67060eefa91f","layer":"prokudin_gorsky","layer_title":"Фотографии Прокудина-Горского","group":"culture","title":"Дагомыс","category":"фотография","place_text":"Дагомыс","year_from":1903,"year_to":1916,"date_precision":"year","date_approx":true,"period_raw":"1903–1916","actor":"С. М. Прокудин-Горский","summary":"Место съёмки Прокудина-Горского: Дагомыс.","url":"http://prokudin-gorskiy.ru/tree.php?ID=187","image_url":"http://prokudin-gorskiy.ru/library/pg/loc/1564g.jpg","source":"prokudin-gorskiy.ru","source_id":"187","license":"фотографии — общественное достояние; привязка мест — по сайту-каталогу","confidence":"ok","extra":{"photo_page":"http://prokudin-gorskiy.ru/image.php?ID=254"}}},{"type":"Feature","id":"prokudin_gorsky:1c1d39f3c522","geometry":{"type":"Point","coordinates":[39.634295,43.671286]},"properties":{"uid":"prokudin_gorsky:1c1d39f3c522","layer":"prokudin_gorsky","layer_title":"Фотографии Прокудина-Горского","group":"culture","title":"Уч-Дере","category":"фотография","place_text":"Уч-Дере","year_from":1903,"year_to":1916,"date_precision":"year","date_approx":true,"period_raw":"1903–1916","actor":"С. М. Прокудин-Горский","summary":"Место съёмки Прокудина-Горского: Уч-Дере.","url":"http://prokudin-gorskiy.ru/tree.php?ID=188","image_url":"http://prokudin-gorskiy.ru/library/pg/loc/0050g.jpg","source":"prokudin-gorskiy.ru","source_id":"188","license":"фотографии — общественное достояние; привязка мест — по сайту-каталогу","confidence":"ok","extra":{"photo_page":"http://prokudin-gorskiy.ru/image.php?ID=342"}}},{"type":"Feature","id":"prokudin_gorsky:52165d1db5fe","geometry":{"type":"Point","coordinates":[39.913845,43.449803]},"properties":{"uid":"prokudin_gorsky:52165d1db5fe","layer":"prokudin_gorsky","layer_title":"Фотографии Прокудина-Горского","group":"culture","title":"Адлер","category":"фотография","place_text":"Адлер","year_from":1903,"year_to":1916,"date_precision":"year","date_approx":true,"period_raw":"1903–1916","actor":"С. М. Прокудин-Горский","summary":"Место съёмки Прокудина-Горского: Адлер.","url":"http://prokudin-gorskiy.ru/tree.php?ID=190","image_url":"http://prokudin-gorskiy.ru/library/pg/card/49g.jpg","source":"prokudin-gorskiy.ru","source_id":"190","license":"фотографии — общественное достояние; привязка мест — по сайту-каталогу","confidence":"ok","extra":{"photo_page":"http://prokudin-gorskiy.ru/image.php?ID=402"}}},{"type":"Feature","id":"prokudin_gorsky:2f74c6e7a583","geometry":{"type":"Point","coordinates":[37.770138,44.719539]},"properties":{"uid":"prokudin_gorsky:2f74c6e7a583","layer":"prokudin_gorsky","layer_title":"Фотографии Прокудина-Горского","group":"culture","title":"Новороссийск","category":"фотография","place_text":"Новороссийск","year_from":1903,"year_to":1916,"date_precision":"year","date_approx":true,"period_raw":"1903–1916","actor":"С. М. Прокудин-Горский","summary":"Место съёмки Прокудина-Горского: Новороссийск.","url":"http://prokudin-gorskiy.ru/tree.php?ID=191","image_url":"http://prokudin-gorskiy.ru/library/pg/card/40g.jpg","source":"prokudin-gorskiy.ru","source_id":"191","license":"фотографии — общественное достояние; привязка мест — по сайту-каталогу","confidence":"ok","extra":{"photo_page":"http://prokudin-gorskiy.ru/image.php?ID=393"}}},{"type":"Feature","id":"prokudin_gorsky:7b7605830ed4","geometry":{"type":"Point","coordinates":[56.48243,60.400967]},"properties":{"uid":"prokudin_gorsky:7b7605830ed4","layer":"prokudin_gorsky","layer_title":"Фотографии Прокудина-Горского","group":"culture","title":"Чердынь","category":"фотография","place_text":"Чердынь","year_from":1903,"year_to":1916,"date_precision":"year","date_approx":true,"period_raw":"1903–1916","actor":"С. М. Прокудин-Горский","summary":"Место съёмки Прокудина-Горского: Чердынь.","url":"http://prokudin-gorskiy.ru/tree.php?ID=193","image_url":"http://prokudin-gorskiy.ru/library/pg/loc/0698g.jpg","source":"prokudin-gorskiy.ru","source_id":"193","license":"фотографии — общественное достояние; привязка мест — по сайту-каталогу","confidence":"ok","extra":{"photo_page":"http://prokudin-gorskiy.ru/image.php?ID=589"}}},{"type":"Feature","id":"prokudin_gorsky:6edfa205c816","geometry":{"type":"Point","coordinates":[33.061638,57.234755]},"properties":{"uid":"prokudin_gorsky:6edfa205c816","layer":"prokudin_gorsky","layer_title":"Фотографии Прокудина-Горского","group":"culture","title":"Остров Столобный и окрестности","category":"фотография","place_text":"Остров Столобный и окрестности","year_from":1903,"year_to":1916,"date_precision":"year","date_approx":true,"period_raw":"1903–1916","actor":"С. М. Прокудин-Горский","summary":"Место съёмки Прокудина-Горского: Остров Столобный и окрестности.","url":"http://prokudin-gorskiy.ru/tree.php?ID=194","image_url":"http://prokudin-gorskiy.ru/library/pg/loc/1114g.jpg","source":"prokudin-gorskiy.ru","source_id":"194","license":"фотографии — общественное достояние; привязка мест — по сайту-каталогу","confidence":"ok","extra":{"photo_page":"http://prokudin-gorskiy.ru/image.php?ID=647"}}},{"type":"Feature","id":"prokudin_gorsky:89c58f2a284d","geometry":{"type":"Point","coordinates":[34.346352,61.788707]},"properties":{"uid":"prokudin_gorsky:89c58f2a284d","layer":"prokudin_gorsky","layer_title":"Фотографии Прокудина-Горского","group":"culture","title":"Петрозаводск","category":"фотография","place_text":"Петрозаводск","year_from":1903,"year_to":1916,"date_precision":"year","date_approx":true,"period_raw":"1903–1916","actor":"С. М. Прокудин-Горский","summary":"Место съёмки Прокудина-Горского: Петрозаводск.","url":"http://prokudin-gorskiy.ru/tree.php?ID=196","image_url":"http://prokudin-gorskiy.ru/library/pg/loc/0230g.jpg","source":"prokudin-gorskiy.ru","source_id":"196","license":"фотографии — общественное достояние; привязка мест — по сайту-каталогу","confidence":"ok","extra":{"photo_page":"http://prokudin-gorskiy.ru/image.php?ID=601"}}},{"type":"Feature","id":"prokudin_gorsky:b90037b0f131","geometry":{"type":"Point","coordinates":[34.775505,64.538996]},"properties":{"uid":"prokudin_gorsky:b90037b0f131","layer":"prokudin_gorsky","layer_title":"Фотографии Прокудина-Горского","group":"culture","title":"Беломорск","category":"фотография","place_text":"Беломорск","year_from":1903,"year_to":1916,"date_precision":"year","date_approx":true,"period_raw":"1903–1916","actor":"С. М. Прокудин-Горский","summary":"Место съёмки Прокудина-Горского: Беломорск.","url":"http://prokudin-gorskiy.ru/tree.php?ID=197","image_url":"http://prokudin-gorskiy.ru/library/pg/loc/0331g.jpg","source":"prokudin-gorskiy.ru","source_id":"197","license":"фотографии — общественное достояние; привязка мест — по сайту-каталогу","confidence":"ok","extra":{"photo_page":"http://prokudin-gorskiy.ru/image.php?ID=311"}}},{"type":"Feature","id":"prokudin_gorsky:a543b0c0f495","geometry":{"type":"Point","coordinates":[34.325409,63.874402]},"properties":{"uid":"prokudin_gorsky:a543b0c0f495","layer":"prokudin_gorsky","layer_title":"Фотографии Прокудина-Горского","group":"culture","title":"Надвоицы и окрестности","category":"фотография","place_text":"Надвоицы и окрестности","year_from":1903,"year_to":1916,"date_precision":"year","date_approx":true,"period_raw":"1903–1916","actor":"С. М. Прокудин-Горский","summary":"Место съёмки Прокудина-Горского: Надвоицы и окрестности.","url":"http://prokudin-gorskiy.ru/tree.php?ID=198","image_url":"http://prokudin-gorskiy.ru/library/pg/loc/0318g.jpg","source":"prokudin-gorskiy.ru","source_id":"198","license":"фотографии — общественное достояние; привязка мест — по сайту-каталогу","confidence":"ok","extra":{"photo_page":"http://prokudin-gorskiy.ru/image.php?ID=278"}}},{"type":"Feature","id":"prokudin_gorsky:61f1fc130749","geometry":{"type":"Point","coordinates":[34.588051,64.952773]},"properties":{"uid":"prokudin_gorsky:61f1fc130749","layer":"prokudin_gorsky","layer_title":"Фотографии Прокудина-Горского","group":"culture","title":"Кемь","category":"фотография","place_text":"Кемь","year_from":1903,"year_to":1916,"date_precision":"year","date_approx":true,"period_raw":"1903–1916","actor":"С. М. Прокудин-Горский","summary":"Место съёмки Прокудина-Горского: Кемь.","url":"http://prokudin-gorskiy.ru/tree.php?ID=199","image_url":"http://prokudin-gorskiy.ru/library/pg/loc/0337g.jpg","source":"prokudin-gorskiy.ru","source_id":"199","license":"фотографии — общественное достояние; привязка мест — по сайту-каталогу","confidence":"ok","extra":{"photo_page":"http://prokudin-gorskiy.ru/image.php?ID=286"}}},{"type":"Feature","id":"prokudin_gorsky:605af14b6d34","geometry":{"type":"Point","coordinates":[34.453812,62.911247]},"properties":{"uid":"prokudin_gorsky:605af14b6d34","layer":"prokudin_gorsky","layer_title":"Фотографии Прокудина-Горского","group":"culture","title":"Медвежьегорск","category":"фотография","place_text":"Медвежьегорск","year_from":1903,"year_to":1916,"date_precision":"year","date_approx":true,"period_raw":"1903–1916","actor":"С. М. Прокудин-Горский","summary":"Место съёмки Прокудина-Горского: Медвежьегорск.","url":"http://prokudin-gorskiy.ru/tree.php?ID=200","image_url":"http://prokudin-gorskiy.ru/library/pg/loc/0296g.jpg","source":"prokudin-gorskiy.ru","source_id":"200","license":"фотографии — общественное достояние; привязка мест — по сайту-каталогу","confidence":"ok","extra":{"photo_page":"http://prokudin-gorskiy.ru/image.php?ID=549"}}},{"type":"Feature","id":"prokudin_gorsky:6f0596e8ffe8","geometry":{"type":"Point","coordinates":[33.980713,62.267443]},"properties":{"uid":"prokudin_gorsky:6f0596e8ffe8","layer":"prokudin_gorsky","layer_title":"Фотографии Прокудина-Горского","group":"culture","title":"Кивач","category":"фотография","place_text":"Кивач","year_from":1903,"year_to":1916,"date_precision":"year","date_approx":true,"period_raw":"1903–1916","actor":"С. М. Прокудин-Горский","summary":"Место съёмки Прокудина-Горского: Кивач.","url":"http://prokudin-gorskiy.ru/tree.php?ID=201","image_url":"http://prokudin-gorskiy.ru/library/pg/loc/0251g.jpg","source":"prokudin-gorskiy.ru","source_id":"201","license":"фотографии — общественное достояние; привязка мест — по сайту-каталогу","confidence":"ok","extra":{"photo_page":"http://prokudin-gorskiy.ru/image.php?ID=602"}}},{"type":"Feature","id":"prokudin_gorsky:5e3e8c060a61","geometry":{"type":"Point","coordinates":[34.28215,62.196905]},"properties":{"uid":"prokudin_gorsky:5e3e8c060a61","layer":"prokudin_gorsky","layer_title":"Фотографии Прокудина-Горского","group":"culture","title":"Кондопога","category":"фотография","place_text":"Кондопога","year_from":1903,"year_to":1916,"date_precision":"year","date_approx":true,"period_raw":"1903–1916","actor":"С. М. Прокудин-Горский","summary":"Место съёмки Прокудина-Горского: Кондопога.","url":"http://prokudin-gorskiy.ru/tree.php?ID=202","image_url":"http://prokudin-gorskiy.ru/library/pg/loc/0279g.jpg","source":"prokudin-gorskiy.ru","source_id":"202","license":"фотографии — общественное достояние; привязка мест — по сайту-каталогу","confidence":"ok","extra":{"photo_page":"http://prokudin-gorskiy.ru/image.php?ID=563"}}},{"type":"Feature","id":"prokudin_gorsky:0876b31d1479","geometry":{"type":"Point","coordinates":[34.255714,62.653766]},"properties":{"uid":"prokudin_gorsky:0876b31d1479","layer":"prokudin_gorsky","layer_title":"Фотографии Прокудина-Горского","group":"culture","title":"Кяппесельга","category":"фотография","place_text":"Кяппесельга","year_from":1903,"year_to":1916,"date_precision":"year","date_approx":true,"period_raw":"1903–1916","actor":"С. М. Прокудин-Горский","summary":"Место съёмки Прокудина-Горского: Кяппесельга.","url":"http://prokudin-gorskiy.ru/tree.php?ID=203","image_url":"http://prokudin-gorskiy.ru/library/pg/loc/0292g.jpg","source":"prokudin-gorskiy.ru","source_id":"203","license":"фотографии — общественное достояние; привязка мест — по сайту-каталогу","confidence":"ok","extra":{"photo_page":"http://prokudin-gorskiy.ru/image.php?ID=233"}}},{"type":"Feature","id":"prokudin_gorsky:452c7567dfe8","geometry":{"type":"Point","coordinates":[34.705381,64.743014]},"properties":{"uid":"prokudin_gorsky:452c7567dfe8","layer":"prokudin_gorsky","layer_title":"Фотографии Прокудина-Горского","group":"culture","title":"Шуерецкое","category":"фотография","place_text":"Шуерецкое","year_from":1903,"year_to":1916,"date_precision":"year","date_approx":true,"period_raw":"1903–1916","actor":"С. М. Прокудин-Горский","summary":"Место съёмки Прокудина-Горского: Шуерецкое.","url":"http://prokudin-gorskiy.ru/tree.php?ID=204","image_url":"http://prokudin-gorskiy.ru/library/pg/loc/0343g.jpg","source":"prokudin-gorskiy.ru","source_id":"204","license":"фотографии — общественное достояние; привязка мест — по сайту-каталогу","confidence":"ok","extra":{"photo_page":"http://prokudin-gorskiy.ru/image.php?ID=30"}}},{"type":"Feature","id":"prokudin_gorsky:f9a4c1659587","geometry":{"type":"Point","coordinates":[10.80853,45.764889]},"properties":{"uid":"prokudin_gorsky:f9a4c1659587","layer":"prokudin_gorsky","layer_title":"Фотографии Прокудина-Горского","group":"culture","title":"Мальчезине","category":"фотография","place_text":"Мальчезине","year_from":1903,"year_to":1916,"date_precision":"year","date_approx":true,"period_raw":"1903–1916","actor":"С. М. Прокудин-Горский","summary":"Место съёмки Прокудина-Горского: Мальчезине.","url":"http://prokudin-gorskiy.ru/tree.php?ID=206","image_url":"http://prokudin-gorskiy.ru/library/pg/loc/1639g.jpg","source":"prokudin-gorskiy.ru","source_id":"206","license":"фотографии — общественное достояние; привязка мест — по сайту-каталогу","confidence":"outside_bbox","extra":{"photo_page":"http://prokudin-gorskiy.ru/image.php?ID=188"}}},{"type":"Feature","id":"prokudin_gorsky:c81f5c1a6978","geometry":{"type":"Point","coordinates":[12.334557,45.435682]},"properties":{"uid":"prokudin_gorsky:c81f5c1a6978","layer":"prokudin_gorsky","layer_title":"Фотографии Прокудина-Горского","group":"culture","title":"Венеция","category":"фотография","place_text":"Венеция","year_from":1903,"year_to":1916,"date_precision":"year","date_approx":true,"period_raw":"1903–1916","actor":"С. М. Прокудин-Горский","summary":"Место съёмки Прокудина-Горского: Венеция.","url":"http://prokudin-gorskiy.ru/tree.php?ID=207","image_url":"http://prokudin-gorskiy.ru/library/pg/loc/2012g.jpg","source":"prokudin-gorskiy.ru","source_id":"207","license":"фотографии — общественное достояние; привязка мест — по сайту-каталогу","confidence":"outside_bbox","extra":{"photo_page":"http://prokudin-gorskiy.ru/image.php?ID=150"}}},{"type":"Feature","id":"prokudin_gorsky:b3be45b88938","geometry":{"type":"Point","coordinates":[11.294294,43.806857]},"properties":{"uid":"prokudin_gorsky:b3be45b88938","layer":"prokudin_gorsky","layer_title":"Фотографии Прокудина-Горского","group":"culture","title":"Фьезоле","category":"фотография","place_text":"Фьезоле","year_from":1903,"year_to":1916,"date_precision":"year","date_approx":true,"period_raw":"1903–1916","actor":"С. М. Прокудин-Горский","summary":"Место съёмки Прокудина-Горского: Фьезоле.","url":"http://prokudin-gorskiy.ru/tree.php?ID=208","image_url":"http://prokudin-gorskiy.ru/library/pg/loc/0213g.jpg","source":"prokudin-gorskiy.ru","source_id":"208","license":"фотографии — общественное достояние; привязка мест — по сайту-каталогу","confidence":"outside_bbox","extra":{"photo_page":"http://prokudin-gorskiy.ru/image.php?ID=79"}}},{"type":"Feature","id":"prokudin_gorsky:6ee47fd2dbba","geometry":{"type":"Point","coordinates":[13.841744,46.61183]},"properties":{"uid":"prokudin_gorsky:6ee47fd2dbba","layer":"prokudin_gorsky","layer_title":"Фотографии Прокудина-Горского","group":"culture","title":"Филлах","category":"фотография","place_text":"Филлах","year_from":1903,"year_to":1916,"date_precision":"year","date_approx":true,"period_raw":"1903–1916","actor":"С. М. Прокудин-Горский","summary":"Место съёмки Прокудина-Горского: Филлах.","url":"http://prokudin-gorskiy.ru/tree.php?ID=212","image_url":"http://prokudin-gorskiy.ru/library/pg/loc/0096g.jpg","source":"prokudin-gorskiy.ru","source_id":"212","license":"фотографии — общественное достояние; привязка мест — по сайту-каталогу","confidence":"outside_bbox","extra":{"photo_page":"http://prokudin-gorskiy.ru/image.php?ID=69"}}},{"type":"Feature","id":"prokudin_gorsky:cf3cfb445e84","geometry":{"type":"Point","coordinates":[32.475586,57.254816]},"properties":{"uid":"prokudin_gorsky:cf3cfb445e84","layer":"prokudin_gorsky","layer_title":"Фотографии Прокудина-Горского","group":"culture","title":"Волговерховье","category":"фотография","place_text":"Волговерховье","year_from":1903,"year_to":1916,"date_precision":"year","date_approx":true,"period_raw":"1903–1916","actor":"С. М. Прокудин-Горский","summary":"Место съёмки Прокудина-Горского: Волговерховье.","url":"http://prokudin-gorskiy.ru/tree.php?ID=213","image_url":"http://prokudin-gorskiy.ru/library/pg/loc/1091g.jpg","source":"prokudin-gorskiy.ru","source_id":"213","license":"фотографии — общественное достояние; привязка мест — по сайту-каталогу","confidence":"ok","extra":{"photo_page":"http://prokudin-gorskiy.ru/image.php?ID=649"}}},{"type":"Feature","id":"prokudin_gorsky:ce95dccee0ad","geometry":{"type":"Point","coordinates":[32.576695,57.20678]},"properties":{"uid":"prokudin_gorsky:ce95dccee0ad","layer":"prokudin_gorsky","layer_title":"Фотографии Прокудина-Горского","group":"culture","title":"Озеро Стерж и окрестности","category":"фотография","place_text":"Озеро Стерж и окрестности","year_from":1903,"year_to":1916,"date_precision":"year","date_approx":true,"period_raw":"1903–1916","actor":"С. М. Прокудин-Горский","summary":"Место съёмки Прокудина-Горского: Озеро Стерж и окрестности.","url":"http://prokudin-gorskiy.ru/tree.php?ID=214","image_url":"http://prokudin-gorskiy.ru/library/pg/loc/0168g.jpg","source":"prokudin-gorskiy.ru","source_id":"214","license":"фотографии — общественное достояние; привязка мест — по сайту-каталогу","confidence":"ok","extra":{"photo_page":"http://prokudin-gorskiy.ru/image.php?ID=273"}}},{"type":"Feature","id":"prokudin_gorsky:3d7a5060f3e5","geometry":{"type":"Point","coordinates":[12.395561,55.981758]},"properties":{"uid":"prokudin_gorsky:3d7a5060f3e5","layer":"prokudin_gorsky","layer_title":"Фотографии Прокудина-Горского","group":"culture","title":"Фреденсборг","category":"фотография","place_text":"Фреденсборг","year_from":1903,"year_to":1916,"date_precision":"year","date_approx":true,"period_raw":"1903–1916","actor":"С. М. Прокудин-Горский","summary":"Место съёмки Прокудина-Горского: Фреденсборг.","url":"http://prokudin-gorskiy.ru/tree.php?ID=216","image_url":"http://prokudin-gorskiy.ru/library/pg/loc/0184g.jpg","source":"prokudin-gorskiy.ru","source_id":"216","license":"фотографии — общественное достояние; привязка мест — по сайту-каталогу","confidence":"outside_bbox","extra":{"photo_page":"http://prokudin-gorskiy.ru/image.php?ID=76"}}},{"type":"Feature","id":"prokudin_gorsky:879f60dcb638","geometry":{"type":"Point","coordinates":[12.575741,55.683855]},"properties":{"uid":"prokudin_gorsky:879f60dcb638","layer":"prokudin_gorsky","layer_title":"Фотографии Прокудина-Горского","group":"culture","title":"Копенгаген","category":"фотография","place_text":"Копенгаген","year_from":1903,"year_to":1916,"date_precision":"year","date_approx":true,"period_raw":"1903–1916","actor":"С. М. Прокудин-Горский","summary":"Место съёмки Прокудина-Горского: Копенгаген.","url":"http://prokudin-gorskiy.ru/tree.php?ID=217","image_url":"http://prokudin-gorskiy.ru/library/pg/loc/0186g.jpg","source":"prokudin-gorskiy.ru","source_id":"217","license":"фотографии — общественное достояние; привязка мест — по сайту-каталогу","confidence":"outside_bbox","extra":{"photo_page":"http://prokudin-gorskiy.ru/image.php?ID=75"}}},{"type":"Feature","id":"prokudin_gorsky:e0029f807d7a","geometry":{"type":"Point","coordinates":[7.321701,43.709455]},"properties":{"uid":"prokudin_gorsky:e0029f807d7a","layer":"prokudin_gorsky","layer_title":"Фотографии Прокудина-Горского","group":"culture","title":"Вильфранш-сюр-Мер","category":"фотография","place_text":"Вильфранш-сюр-Мер","year_from":1903,"year_to":1916,"date_precision":"year","date_approx":true,"period_raw":"1903–1916","actor":"С. М. Прокудин-Горский","summary":"Место съёмки Прокудина-Горского: Вильфранш-сюр-Мер.","url":"http://prokudin-gorskiy.ru/tree.php?ID=219","image_url":"http://prokudin-gorskiy.ru/library/pg/loc/0079g.jpg","source":"prokudin-gorskiy.ru","source_id":"219","license":"фотографии — общественное достояние; привязка мест — по сайту-каталогу","confidence":"outside_bbox","extra":{"photo_page":"http://prokudin-gorskiy.ru/image.php?ID=47"}}},{"type":"Feature","id":"prokudin_gorsky:7ad89644c44d","geometry":{"type":"Point","coordinates":[8.960209,46.013058]},"properties":{"uid":"prokudin_gorsky:7ad89644c44d","layer":"prokudin_gorsky","layer_title":"Фотографии Прокудина-Горского","group":"culture","title":"Лугано","category":"фотография","place_text":"Лугано","year_from":1903,"year_to":1916,"date_precision":"year","date_approx":true,"period_raw":"1903–1916","actor":"С. М. Прокудин-Горский","summary":"Место съёмки Прокудина-Горского: Лугано.","url":"http://prokudin-gorskiy.ru/tree.php?ID=221","image_url":"http://prokudin-gorskiy.ru/library/pg/loc/0194g.jpg","source":"prokudin-gorskiy.ru","source_id":"221","license":"фотографии — общественное достояние; привязка мест — по сайту-каталогу","confidence":"outside_bbox","extra":{"photo_page":"http://prokudin-gorskiy.ru/image.php?ID=86"}}},{"type":"Feature","id":"prokudin_gorsky:2510cbab1aad","geometry":{"type":"Point","coordinates":[28.856278,61.866188]},"properties":{"uid":"prokudin_gorsky:2510cbab1aad","layer":"prokudin_gorsky","layer_title":"Фотографии Прокудина-Горского","group":"culture","title":"Савонлинна","category":"фотография","place_text":"Савонлинна","year_from":1903,"year_to":1916,"date_precision":"year","date_approx":true,"period_raw":"1903–1916","actor":"С. М. Прокудин-Горский","summary":"Место съёмки Прокудина-Горского: Савонлинна.","url":"http://prokudin-gorskiy.ru/tree.php?ID=224","image_url":"http://prokudin-gorskiy.ru/library/pg/card/62g.jpg","source":"prokudin-gorskiy.ru","source_id":"224","license":"фотографии — общественное достояние; привязка мест — по сайту-каталогу","confidence":"ok","extra":{"photo_page":"http://prokudin-gorskiy.ru/image.php?ID=415"}}},{"type":"Feature","id":"prokudin_gorsky:9066c64c0390","geometry":{"type":"Point","coordinates":[28.180618,61.059781]},"properties":{"uid":"prokudin_gorsky:9066c64c0390","layer":"prokudin_gorsky","layer_title":"Фотографии Прокудина-Горского","group":"culture","title":"Лаппеэнранта [Вильманстранд]","category":"фотография","place_text":"Лаппеэнранта [Вильманстранд]","year_from":1903,"year_to":1916,"date_precision":"year","date_approx":true,"period_raw":"1903–1916","actor":"С. М. Прокудин-Горский","summary":"Место съёмки Прокудина-Горского: Лаппеэнранта [Вильманстранд].","url":"http://prokudin-gorskiy.ru/tree.php?ID=225","image_url":"http://prokudin-gorskiy.ru/library/pg/loc/1999g.jpg","source":"prokudin-gorskiy.ru","source_id":"225","license":"фотографии — общественное достояние; привязка мест — по сайту-каталогу","confidence":"ok","extra":{"photo_page":"http://prokudin-gorskiy.ru/image.php?ID=482"}}},{"type":"Feature","id":"prokudin_gorsky:2ba75cffe15a","geometry":{"type":"Point","coordinates":[29.52198,60.184721]},"properties":{"uid":"prokudin_gorsky:2ba75cffe15a","layer":"prokudin_gorsky","layer_title":"Фотографии Прокудина-Горского","group":"culture","title":"Молодежное","category":"фотография","place_text":"Молодежное","year_from":1903,"year_to":1916,"date_precision":"year","date_approx":true,"period_raw":"1903–1916","actor":"С. М. Прокудин-Горский","summary":"Место съёмки Прокудина-Горского: Молодежное.","url":"http://prokudin-gorskiy.ru/tree.php?ID=227","image_url":"http://prokudin-gorskiy.ru/library/pg/card/60g.jpg","source":"prokudin-gorskiy.ru","source_id":"227","license":"фотографии — общественное достояние; привязка мест — по сайту-каталогу","confidence":"ok","extra":{"photo_page":"http://prokudin-gorskiy.ru/image.php?ID=413"}}},{"type":"Feature","id":"prokudin_gorsky:df832da0bf15","geometry":{"type":"Point","coordinates":[28.759632,60.704692]},"properties":{"uid":"prokudin_gorsky:df832da0bf15","layer":"prokudin_gorsky","layer_title":"Фотографии Прокудина-Горского","group":"culture","title":"Выборг","category":"фотография","place_text":"Выборг","year_from":1903,"year_to":1916,"date_precision":"year","date_approx":true,"period_raw":"1903–1916","actor":"С. М. Прокудин-Горский","summary":"Место съёмки Прокудина-Горского: Выборг.","url":"http://prokudin-gorskiy.ru/tree.php?ID=229","image_url":"http://prokudin-gorskiy.ru/library/pg/card/42g.jpg","source":"prokudin-gorskiy.ru","source_id":"229","license":"фотографии — общественное достояние; привязка мест — по сайту-каталогу","confidence":"ok","extra":{"photo_page":"http://prokudin-gorskiy.ru/image.php?ID=395"}}},{"type":"Feature","id":"prokudin_gorsky:0467952e37a1","geometry":{"type":"Point","coordinates":[29.615021,60.244923]},"properties":{"uid":"prokudin_gorsky:0467952e37a1","layer":"prokudin_gorsky","layer_title":"Фотографии Прокудина-Горского","group":"culture","title":"Рощино","category":"фотография","place_text":"Рощино","year_from":1903,"year_to":1916,"date_precision":"year","date_approx":true,"period_raw":"1903–1916","actor":"С. М. Прокудин-Горский","summary":"Место съёмки Прокудина-Горского: Рощино.","url":"http://prokudin-gorskiy.ru/tree.php?ID=230","image_url":"http://prokudin-gorskiy.ru/library/pg/card/75g.jpg","source":"prokudin-gorskiy.ru","source_id":"230","license":"фотографии — общественное достояние; привязка мест — по сайту-каталогу","confidence":"ok","extra":{"photo_page":"http://prokudin-gorskiy.ru/image.php?ID=428"}}},{"type":"Feature","id":"prokudin_gorsky:7aee05009105","geometry":{"type":"Point","coordinates":[28.737123,60.810259]},"properties":{"uid":"prokudin_gorsky:7aee05009105","layer":"prokudin_gorsky","layer_title":"Фотографии Прокудина-Горского","group":"culture","title":"Брусничное","category":"фотография","place_text":"Брусничное","year_from":1903,"year_to":1916,"date_precision":"year","date_approx":true,"period_raw":"1903–1916","actor":"С. М. Прокудин-Горский","summary":"Место съёмки Прокудина-Горского: Брусничное.","url":"http://prokudin-gorskiy.ru/tree.php?ID=231","image_url":"http://prokudin-gorskiy.ru/library/pg/card/47g.jpg","source":"prokudin-gorskiy.ru","source_id":"231","license":"фотографии — общественное достояние; привязка мест — по сайту-каталогу","confidence":"ok","extra":{"photo_page":"http://prokudin-gorskiy.ru/image.php?ID=400"}}},{"type":"Feature","id":"prokudin_gorsky:2da28ebb013a","geometry":{"type":"Point","coordinates":[29.111023,60.412666]},"properties":{"uid":"prokudin_gorsky:2da28ebb013a","layer":"prokudin_gorsky","layer_title":"Фотографии Прокудина-Горского","group":"culture","title":"Озеро Красавица [Каукъярви]","category":"фотография","place_text":"Озеро Красавица [Каукъярви]","year_from":1903,"year_to":1916,"date_precision":"year","date_approx":true,"period_raw":"1903–1916","actor":"С. М. Прокудин-Горский","summary":"Место съёмки Прокудина-Горского: Озеро Красавица [Каукъярви].","url":"http://prokudin-gorskiy.ru/tree.php?ID=232","image_url":"http://prokudin-gorskiy.ru/library/pg/loc/1654g.jpg","source":"prokudin-gorskiy.ru","source_id":"232","license":"фотографии — общественное достояние; привязка мест — по сайту-каталогу","confidence":"ok","extra":{"photo_page":"http://prokudin-gorskiy.ru/image.php?ID=199"}}},{"type":"Feature","id":"prokudin_gorsky:4966f7e4c327","geometry":{"type":"Point","coordinates":[30.061405,59.348957]},"properties":{"uid":"prokudin_gorsky:4966f7e4c327","layer":"prokudin_gorsky","layer_title":"Фотографии Прокудина-Горского","group":"culture","title":"Сиверский","category":"фотография","place_text":"Сиверский","year_from":1903,"year_to":1916,"date_precision":"year","date_approx":true,"period_raw":"1903–1916","actor":"С. М. Прокудин-Горский","summary":"Место съёмки Прокудина-Горского: Сиверский.","url":"http://prokudin-gorskiy.ru/tree.php?ID=235","image_url":"http://prokudin-gorskiy.ru/library/pg/loc/0172g.jpg","source":"prokudin-gorskiy.ru","source_id":"235","license":"фотографии — общественное достояние; привязка мест — по сайту-каталогу","confidence":"ok","extra":{"photo_page":"http://prokudin-gorskiy.ru/image.php?ID=468"}}},{"type":"Feature","id":"prokudin_gorsky:c04632d6881a","geometry":{"type":"Point","coordinates":[29.84,58.74]},"properties":{"uid":"prokudin_gorsky:c04632d6881a","layer":"prokudin_gorsky","layer_title":"Фотографии Прокудина-Горского","group":"culture","title":"Луга","category":"фотография","place_text":"Луга","year_from":1903,"year_to":1916,"date_precision":"year","date_approx":true,"period_raw":"1903–1916","actor":"С. М. Прокудин-Горский","summary":"Место съёмки Прокудина-Горского: Луга.","url":"http://prokudin-gorskiy.ru/tree.php?ID=237","image_url":"http://prokudin-gorskiy.ru/library/pg/card/35g.jpg","source":"prokudin-gorskiy.ru","source_id":"237","license":"фотографии — общественное достояние; привязка мест — по сайту-каталогу","confidence":"ok","extra":{"photo_page":"http://prokudin-gorskiy.ru/image.php?ID=388"}}},{"type":"Feature","id":"prokudin_gorsky:8f20e6ec0731","geometry":{"type":"Point","coordinates":[29.918861,58.730886]},"properties":{"uid":"prokudin_gorsky:8f20e6ec0731","layer":"prokudin_gorsky","layer_title":"Фотографии Прокудина-Горского","group":"culture","title":"Смешино","category":"фотография","place_text":"Смешино","year_from":1903,"year_to":1916,"date_precision":"year","date_approx":true,"period_raw":"1903–1916","actor":"С. М. Прокудин-Горский","summary":"Место съёмки Прокудина-Горского: Смешино.","url":"http://prokudin-gorskiy.ru/tree.php?ID=238","image_url":"http://prokudin-gorskiy.ru/library/pg/card/18g.jpg","source":"prokudin-gorskiy.ru","source_id":"238","license":"фотографии — общественное достояние; привязка мест — по сайту-каталогу","confidence":"ok","extra":{"photo_page":"http://prokudin-gorskiy.ru/image.php?ID=371"}}},{"type":"Feature","id":"prokudin_gorsky:85204ad77632","geometry":{"type":"Point","coordinates":[34.170742,60.913914]},"properties":{"uid":"prokudin_gorsky:85204ad77632","layer":"prokudin_gorsky","layer_title":"Фотографии Прокудина-Горского","group":"culture","title":"Подпорожье","category":"фотография","place_text":"Подпорожье","year_from":1903,"year_to":1916,"date_precision":"year","date_approx":true,"period_raw":"1903–1916","actor":"С. М. Прокудин-Горский","summary":"Место съёмки Прокудина-Горского: Подпорожье.","url":"http://prokudin-gorskiy.ru/tree.php?ID=240","image_url":"http://prokudin-gorskiy.ru/library/pg/loc/0910g.jpg","source":"prokudin-gorskiy.ru","source_id":"240","license":"фотографии — общественное достояние; привязка мест — по сайту-каталогу","confidence":"ok","extra":{"photo_page":"http://prokudin-gorskiy.ru/image.php?ID=590"}}},{"type":"Feature","id":"prokudin_gorsky:b18a2e0356af","geometry":{"type":"Point","coordinates":[34.250393,60.938271]},"properties":{"uid":"prokudin_gorsky:b18a2e0356af","layer":"prokudin_gorsky","layer_title":"Фотографии Прокудина-Горского","group":"culture","title":"Сувалда (не сущ.)","category":"фотография","place_text":"Сувалда (не сущ.)","year_from":1903,"year_to":1916,"date_precision":"year","date_approx":true,"period_raw":"1903–1916","actor":"С. М. Прокудин-Горский","summary":"Место съёмки Прокудина-Горского: Сувалда (не сущ.).","url":"http://prokudin-gorskiy.ru/tree.php?ID=241","image_url":"http://prokudin-gorskiy.ru/library/pg/loc/0913g.jpg","source":"prokudin-gorskiy.ru","source_id":"241","license":"фотографии — общественное достояние; привязка мест — по сайту-каталогу","confidence":"ok","extra":{"photo_page":"http://prokudin-gorskiy.ru/image.php?ID=593"}}},{"type":"Feature","id":"prokudin_gorsky:e7ebb2fed13c","geometry":{"type":"Point","coordinates":[34.277687,60.947526]},"properties":{"uid":"prokudin_gorsky:e7ebb2fed13c","layer":"prokudin_gorsky","layer_title":"Фотографии Прокудина-Горского","group":"culture","title":"Кукеряги (не сущ.)","category":"фотография","place_text":"Кукеряги (не сущ.)","year_from":1903,"year_to":1916,"date_precision":"year","date_approx":true,"period_raw":"1903–1916","actor":"С. М. Прокудин-Горский","summary":"Место съёмки Прокудина-Горского: Кукеряги (не сущ.).","url":"http://prokudin-gorskiy.ru/tree.php?ID=242","image_url":"http://prokudin-gorskiy.ru/library/pg/loc/1952g.jpg","source":"prokudin-gorskiy.ru","source_id":"242","license":"фотографии — общественное достояние; привязка мест — по сайту-каталогу","confidence":"ok","extra":{"photo_page":"http://prokudin-gorskiy.ru/image.php?ID=595"}}},{"type":"Feature","id":"prokudin_gorsky:f024fa86019e","geometry":{"type":"Point","coordinates":[38.368206,59.857058]},"properties":{"uid":"prokudin_gorsky:f024fa86019e","layer":"prokudin_gorsky","layer_title":"Фотографии Прокудина-Горского","group":"culture","title":"Кириллов","category":"фотография","place_text":"Кириллов","year_from":1903,"year_to":1916,"date_precision":"year","date_approx":true,"period_raw":"1903–1916","actor":"С. М. Прокудин-Горский","summary":"Место съёмки Прокудина-Горского: Кириллов.","url":"http://prokudin-gorskiy.ru/tree.php?ID=243","image_url":"http://prokudin-gorskiy.ru/library/pg/loc/1039g.jpg","source":"prokudin-gorskiy.ru","source_id":"243","license":"фотографии — общественное достояние; привязка мест — по сайту-каталогу","confidence":"ok","extra":{"photo_page":"http://prokudin-gorskiy.ru/image.php?ID=597"}}},{"type":"Feature","id":"prokudin_gorsky:c73c6a7995ca","geometry":{"type":"Point","coordinates":[43.060055,44.049966]},"properties":{"uid":"prokudin_gorsky:c73c6a7995ca","layer":"prokudin_gorsky","layer_title":"Фотографии Прокудина-Горского","group":"culture","title":"Пятигорск","category":"фотография","place_text":"Пятигорск","year_from":1903,"year_to":1916,"date_precision":"year","date_approx":true,"period_raw":"1903–1916","actor":"С. М. Прокудин-Горский","summary":"Место съёмки Прокудина-Горского: Пятигорск.","url":"http://prokudin-gorskiy.ru/tree.php?ID=245","image_url":"http://prokudin-gorskiy.ru/library/pg/card/78g.jpg","source":"prokudin-gorskiy.ru","source_id":"245","license":"фотографии — общественное достояние; привязка мест — по сайту-каталогу","confidence":"ok","extra":{"photo_page":"http://prokudin-gorskiy.ru/image.php?ID=431"}}},{"type":"Feature","id":"prokudin_gorsky:143e69fc1e04","geometry":{"type":"Point","coordinates":[42.85,44.04]},"properties":{"uid":"prokudin_gorsky:143e69fc1e04","layer":"prokudin_gorsky","layer_title":"Фотографии Прокудина-Горского","group":"culture","title":"Ессентуки","category":"фотография","place_text":"Ессентуки","year_from":1903,"year_to":1916,"date_precision":"year","date_approx":true,"period_raw":"1903–1916","actor":"С. М. Прокудин-Горский","summary":"Место съёмки Прокудина-Горского: Ессентуки.","url":"http://prokudin-gorskiy.ru/tree.php?ID=246","image_url":"http://prokudin-gorskiy.ru/library/pg/card/64g.jpg","source":"prokudin-gorskiy.ru","source_id":"246","license":"фотографии — общественное достояние; привязка мест — по сайту-каталогу","confidence":"ok","extra":{"photo_page":"http://prokudin-gorskiy.ru/image.php?ID=417"}}},{"type":"Feature","id":"prokudin_gorsky:ee40c7bfc97c","geometry":{"type":"Point","coordinates":[49.860249,40.389966]},"properties":{"uid":"prokudin_gorsky:ee40c7bfc97c","layer":"prokudin_gorsky","layer_title":"Фотографии Прокудина-Горского","group":"culture","title":"Баку","category":"фотография","place_text":"Баку","year_from":1903,"year_to":1916,"date_precision":"year","date_approx":true,"period_raw":"1903–1916","actor":"С. М. Прокудин-Горский","summary":"Место съёмки Прокудина-Горского: Баку.","url":"http://prokudin-gorskiy.ru/tree.php?ID=249","image_url":"http://prokudin-gorskiy.ru/library/pg/loc/1641g.jpg","source":"prokudin-gorskiy.ru","source_id":"249","license":"фотографии — общественное достояние; привязка мест — по сайту-каталогу","confidence":"ok","extra":{"photo_page":"http://prokudin-gorskiy.ru/image.php?ID=73"}}},{"type":"Feature","id":"prokudin_gorsky:0c3b596a5089","geometry":{"type":"Point","coordinates":[34.956093,57.040356]},"properties":{"uid":"prokudin_gorsky:0c3b596a5089","layer":"prokudin_gorsky","layer_title":"Фотографии Прокудина-Горского","group":"culture","title":"Торжок","category":"фотография","place_text":"Торжок","year_from":1903,"year_to":1916,"date_precision":"year","date_approx":true,"period_raw":"1903–1916","actor":"С. М. Прокудин-Горский","summary":"Место съёмки Прокудина-Горского: Торжок.","url":"http://prokudin-gorskiy.ru/tree.php?ID=250","image_url":"http://prokudin-gorskiy.ru/library/pg/loc/1167g.jpg","source":"prokudin-gorskiy.ru","source_id":"250","license":"фотографии — общественное достояние; привязка мест — по сайту-каталогу","confidence":"ok","extra":{"photo_page":"http://prokudin-gorskiy.ru/image.php?ID=29"}}},{"type":"Feature","id":"prokudin_gorsky:cb0237b64ed6","geometry":{"type":"Point","coordinates":[42.720165,43.910632]},"properties":{"uid":"prokudin_gorsky:cb0237b64ed6","layer":"prokudin_gorsky","layer_title":"Фотографии Прокудина-Горского","group":"culture","title":"Кисловодск","category":"фотография","place_text":"Кисловодск","year_from":1903,"year_to":1916,"date_precision":"year","date_approx":true,"period_raw":"1903–1916","actor":"С. М. Прокудин-Горский","summary":"Место съёмки Прокудина-Горского: Кисловодск.","url":"http://prokudin-gorskiy.ru/tree.php?ID=251","image_url":"http://prokudin-gorskiy.ru/library/pg/card/46g.jpg","source":"prokudin-gorskiy.ru","source_id":"251","license":"фотографии — общественное достояние; привязка мест — по сайту-каталогу","confidence":"ok","extra":{"photo_page":"http://prokudin-gorskiy.ru/image.php?ID=399"}}},{"type":"Feature","id":"prokudin_gorsky:7acfa6ee18f6","geometry":{"type":"Point","coordinates":[34.516125,62.299778]},"properties":{"uid":"prokudin_gorsky:7acfa6ee18f6","layer":"prokudin_gorsky","layer_title":"Фотографии Прокудина-Горского","group":"culture","title":"Илемсельга","category":"фотография","place_text":"Илемсельга","year_from":1903,"year_to":1916,"date_precision":"year","date_approx":true,"period_raw":"1903–1916","actor":"С. М. Прокудин-Горский","summary":"Место съёмки Прокудина-Горского: Илемсельга.","url":"http://prokudin-gorskiy.ru/tree.php?ID=269","image_url":"http://prokudin-gorskiy.ru/library/pg/loc/0280g.jpg","source":"prokudin-gorskiy.ru","source_id":"269","license":"фотографии — общественное достояние; привязка мест — по сайту-каталогу","confidence":"ok","extra":{"photo_page":"http://prokudin-gorskiy.ru/image.php?ID=238"}}},{"type":"Feature","id":"prokudin_gorsky:36e68b85897b","geometry":{"type":"Point","coordinates":[33.669148,62.480846]},"properties":{"uid":"prokudin_gorsky:36e68b85897b","layer":"prokudin_gorsky","layer_title":"Фотографии Прокудина-Горского","group":"culture","title":"Гирвас","category":"фотография","place_text":"Гирвас","year_from":1903,"year_to":1916,"date_precision":"year","date_approx":true,"period_raw":"1903–1916","actor":"С. М. Прокудин-Горский","summary":"Место съёмки Прокудина-Горского: Гирвас.","url":"http://prokudin-gorskiy.ru/tree.php?ID=270","image_url":"http://prokudin-gorskiy.ru/library/pg/loc/2031g.jpg","source":"prokudin-gorskiy.ru","source_id":"270","license":"фотографии — общественное достояние; привязка мест — по сайту-каталогу","confidence":"ok","extra":{"photo_page":"http://prokudin-gorskiy.ru/image.php?ID=195"}}},{"type":"Feature","id":"prokudin_gorsky:da6cf5e97135","geometry":{"type":"Point","coordinates":[33.724423,62.471644]},"properties":{"uid":"prokudin_gorsky:da6cf5e97135","layer":"prokudin_gorsky","layer_title":"Фотографии Прокудина-Горского","group":"culture","title":"Пор-Порог","category":"фотография","place_text":"Пор-Порог","year_from":1903,"year_to":1916,"date_precision":"year","date_approx":true,"period_raw":"1903–1916","actor":"С. М. Прокудин-Горский","summary":"Место съёмки Прокудина-Горского: Пор-Порог.","url":"http://prokudin-gorskiy.ru/tree.php?ID=271","image_url":"http://prokudin-gorskiy.ru/library/pg/loc/0262g.jpg","source":"prokudin-gorskiy.ru","source_id":"271","license":"фотографии — общественное достояние; привязка мест — по сайту-каталогу","confidence":"ok","extra":{"photo_page":"http://prokudin-gorskiy.ru/image.php?ID=194"}}},{"type":"Feature","id":"prokudin_gorsky:7ad4d9c471db","geometry":{"type":"Point","coordinates":[34.432526,62.417883]},"properties":{"uid":"prokudin_gorsky:7ad4d9c471db","layer":"prokudin_gorsky","layer_title":"Фотографии Прокудина-Горского","group":"culture","title":"Лижма","category":"фотография","place_text":"Лижма","year_from":1903,"year_to":1916,"date_precision":"year","date_approx":true,"period_raw":"1903–1916","actor":"С. М. Прокудин-Горский","summary":"Место съёмки Прокудина-Горского: Лижма.","url":"http://prokudin-gorskiy.ru/tree.php?ID=272","image_url":"http://prokudin-gorskiy.ru/library/pg/loc/0284g.jpg","source":"prokudin-gorskiy.ru","source_id":"272","license":"фотографии — общественное достояние; привязка мест — по сайту-каталогу","confidence":"ok","extra":{"photo_page":"http://prokudin-gorskiy.ru/image.php?ID=551"}}},{"type":"Feature","id":"prokudin_gorsky:cd7ccc4b3a14","geometry":{"type":"Point","coordinates":[34.30584,63.149238]},"properties":{"uid":"prokudin_gorsky:cd7ccc4b3a14","layer":"prokudin_gorsky","layer_title":"Фотографии Прокудина-Горского","group":"culture","title":"Масельгская","category":"фотография","place_text":"Масельгская","year_from":1903,"year_to":1916,"date_precision":"year","date_approx":true,"period_raw":"1903–1916","actor":"С. М. Прокудин-Горский","summary":"Место съёмки Прокудина-Горского: Масельгская.","url":"http://prokudin-gorskiy.ru/tree.php?ID=273","image_url":"http://prokudin-gorskiy.ru/library/pg/loc/0306g.jpg","source":"prokudin-gorskiy.ru","source_id":"273","license":"фотографии — общественное достояние; привязка мест — по сайту-каталогу","confidence":"ok","extra":{"photo_page":"http://prokudin-gorskiy.ru/image.php?ID=303"}}},{"type":"Feature","id":"prokudin_gorsky:ebdcb2ae6c3a","geometry":{"type":"Point","coordinates":[68.778534,40.495656]},"properties":{"uid":"prokudin_gorsky:ebdcb2ae6c3a","layer":"prokudin_gorsky","layer_title":"Фотографии Прокудина-Горского","group":"culture","title":"Гулистан","category":"фотография","place_text":"Гулистан","year_from":1903,"year_to":1916,"date_precision":"year","date_approx":true,"period_raw":"1903–1916","actor":"С. М. Прокудин-Горский","summary":"Место съёмки Прокудина-Горского: Гулистан.","url":"http://prokudin-gorskiy.ru/tree.php?ID=277","image_url":"http://prokudin-gorskiy.ru/library/pg/loc/0067g.jpg","source":"prokudin-gorskiy.ru","source_id":"277","license":"фотографии — общественное достояние; привязка мест — по сайту-каталогу","confidence":"ok","extra":{"photo_page":"http://prokudin-gorskiy.ru/image.php?ID=149"}}},{"type":"Feature","id":"prokudin_gorsky:37eba89145a7","geometry":{"type":"Point","coordinates":[68.25325,58.198937]},"properties":{"uid":"prokudin_gorsky:37eba89145a7","layer":"prokudin_gorsky","layer_title":"Фотографии Прокудина-Горского","group":"culture","title":"Тобольск","category":"фотография","place_text":"Тобольск","year_from":1903,"year_to":1916,"date_precision":"year","date_approx":true,"period_raw":"1903–1916","actor":"С. М. Прокудин-Горский","summary":"Место съёмки Прокудина-Горского: Тобольск.","url":"http://prokudin-gorskiy.ru/tree.php?ID=278","image_url":"http://prokudin-gorskiy.ru/library/pg/loc/0763g.jpg","source":"prokudin-gorskiy.ru","source_id":"278","license":"фотографии — общественное достояние; привязка мест — по сайту-каталогу","confidence":"ok","extra":{"photo_page":"http://prokudin-gorskiy.ru/image.php?ID=650"}}},{"type":"Feature","id":"prokudin_gorsky:2dbdb04ea7d4","geometry":{"type":"Point","coordinates":[39.151497,57.256766]},"properties":{"uid":"prokudin_gorsky:2dbdb04ea7d4","layer":"prokudin_gorsky","layer_title":"Фотографии Прокудина-Горского","group":"culture","title":"Борисоглебский","category":"фотография","place_text":"Борисоглебский","year_from":1903,"year_to":1916,"date_precision":"year","date_approx":true,"period_raw":"1903–1916","actor":"С. М. Прокудин-Горский","summary":"Место съёмки Прокудина-Горского: Борисоглебский.","url":"http://prokudin-gorskiy.ru/tree.php?ID=280","image_url":"http://prokudin-gorskiy.ru/library/pg/loc/1274g.jpg","source":"prokudin-gorskiy.ru","source_id":"280","license":"фотографии — общественное достояние; привязка мест — по сайту-каталогу","confidence":"ok","extra":{"photo_page":"http://prokudin-gorskiy.ru/image.php?ID=652"}}},{"type":"Feature","id":"prokudin_gorsky:1e1da80d1127","geometry":{"type":"Point","coordinates":[46.961274,42.389868]},"properties":{"uid":"prokudin_gorsky:1e1da80d1127","layer":"prokudin_gorsky","layer_title":"Фотографии Прокудина-Горского","group":"culture","title":"Гуниб","category":"фотография","place_text":"Гуниб","year_from":1903,"year_to":1916,"date_precision":"year","date_approx":true,"period_raw":"1903–1916","actor":"С. М. Прокудин-Горский","summary":"Место съёмки Прокудина-Горского: Гуниб.","url":"http://prokudin-gorskiy.ru/tree.php?ID=282","image_url":"http://prokudin-gorskiy.ru/library/pg/loc/1679g.jpg","source":"prokudin-gorskiy.ru","source_id":"282","license":"фотографии — общественное достояние; привязка мест — по сайту-каталогу","confidence":"ok","extra":{"photo_page":"http://prokudin-gorskiy.ru/image.php?ID=509"}}},{"type":"Feature","id":"prokudin_gorsky:cf822a05a3f9","geometry":{"type":"Point","coordinates":[47.062683,42.502731]},"properties":{"uid":"prokudin_gorsky:cf822a05a3f9","layer":"prokudin_gorsky","layer_title":"Фотографии Прокудина-Горского","group":"culture","title":"Гергебиль","category":"фотография","place_text":"Гергебиль","year_from":1903,"year_to":1916,"date_precision":"year","date_approx":true,"period_raw":"1903–1916","actor":"С. М. Прокудин-Горский","summary":"Место съёмки Прокудина-Горского: Гергебиль.","url":"http://prokudin-gorskiy.ru/tree.php?ID=284","image_url":"http://prokudin-gorskiy.ru/library/pg/loc/1704g.jpg","source":"prokudin-gorskiy.ru","source_id":"284","license":"фотографии — общественное достояние; привязка мест — по сайту-каталогу","confidence":"ok","extra":{"photo_page":"http://prokudin-gorskiy.ru/image.php?ID=510"}}},{"type":"Feature","id":"prokudin_gorsky:b105d1e4df82","geometry":{"type":"Point","coordinates":[39.871445,57.620405]},"properties":{"uid":"prokudin_gorsky:b105d1e4df82","layer":"prokudin_gorsky","layer_title":"Фотографии Прокудина-Горского","group":"culture","title":"Ярославль","category":"фотография","place_text":"Ярославль","year_from":1903,"year_to":1916,"date_precision":"year","date_approx":true,"period_raw":"1903–1916","actor":"С. М. Прокудин-Горский","summary":"Место съёмки Прокудина-Горского: Ярославль.","url":"http://prokudin-gorskiy.ru/tree.php?ID=285","image_url":"http://prokudin-gorskiy.ru/library/pg/loc/1260g.jpg","source":"prokudin-gorskiy.ru","source_id":"285","license":"фотографии — общественное достояние; привязка мест — по сайту-каталогу","confidence":"ok","extra":{"photo_page":"http://prokudin-gorskiy.ru/image.php?ID=643"}}},{"type":"Feature","id":"prokudin_gorsky:fd75a7ae21a0","geometry":{"type":"Point","coordinates":[36.471434,56.669387]},"properties":{"uid":"prokudin_gorsky:fd75a7ae21a0","layer":"prokudin_gorsky","layer_title":"Фотографии Прокудина-Горского","group":"culture","title":"Едимоново","category":"фотография","place_text":"Едимоново","year_from":1903,"year_to":1916,"date_precision":"year","date_approx":true,"period_raw":"1903–1916","actor":"С. М. Прокудин-Горский","summary":"Место съёмки Прокудина-Горского: Едимоново.","url":"http://prokudin-gorskiy.ru/tree.php?ID=286","image_url":"http://prokudin-gorskiy.ru/library/pg/loc/1209g.jpg","source":"prokudin-gorskiy.ru","source_id":"286","license":"фотографии — общественное достояние; привязка мест — по сайту-каталогу","confidence":"ok","extra":{"photo_page":"http://prokudin-gorskiy.ru/image.php?ID=644"}}},{"type":"Feature","id":"prokudin_gorsky:826a72e5b72b","geometry":{"type":"Point","coordinates":[36.383028,56.70149]},"properties":{"uid":"prokudin_gorsky:826a72e5b72b","layer":"prokudin_gorsky","layer_title":"Фотографии Прокудина-Горского","group":"culture","title":"Видогощи","category":"фотография","place_text":"Видогощи","year_from":1903,"year_to":1916,"date_precision":"year","date_approx":true,"period_raw":"1903–1916","actor":"С. М. Прокудин-Горский","summary":"Место съёмки Прокудина-Горского: Видогощи.","url":"http://prokudin-gorskiy.ru/tree.php?ID=287","source":"prokudin-gorskiy.ru","source_id":"287","license":"фотографии — общественное достояние; привязка мест — по сайту-каталогу","confidence":"ok","extra":{"photo_page":null}}},{"type":"Feature","id":"prokudin_gorsky:797ee1d7d124","geometry":{"type":"Point","coordinates":[62.156123,37.623552]},"properties":{"uid":"prokudin_gorsky:797ee1d7d124","layer":"prokudin_gorsky","layer_title":"Фотографии Прокудина-Горского","group":"culture","title":"Байрамали","category":"фотография","place_text":"Байрамали","year_from":1903,"year_to":1916,"date_precision":"year","date_approx":true,"period_raw":"1903–1916","actor":"С. М. Прокудин-Горский","summary":"Место съёмки Прокудина-Горского: Байрамали.","url":"http://prokudin-gorskiy.ru/tree.php?ID=291","image_url":"http://prokudin-gorskiy.ru/library/pg/loc/0131g.jpg","source":"prokudin-gorskiy.ru","source_id":"291","license":"фотографии — общественное достояние; привязка мест — по сайту-каталогу","confidence":"ok","extra":{"photo_page":"http://prokudin-gorskiy.ru/image.php?ID=128"}}},{"type":"Feature","id":"prokudin_gorsky:03dda3f1a61d","geometry":{"type":"Point","coordinates":[62.164807,37.664492]},"properties":{"uid":"prokudin_gorsky:03dda3f1a61d","layer":"prokudin_gorsky","layer_title":"Фотографии Прокудина-Горского","group":"culture","title":"Мерв","category":"фотография","place_text":"Мерв","year_from":1903,"year_to":1916,"date_precision":"year","date_approx":true,"period_raw":"1903–1916","actor":"С. М. Прокудин-Горский","summary":"Место съёмки Прокудина-Горского: Мерв.","url":"http://prokudin-gorskiy.ru/tree.php?ID=293","image_url":"http://prokudin-gorskiy.ru/library/pg/loc/0110g.jpg","source":"prokudin-gorskiy.ru","source_id":"293","license":"фотографии — общественное достояние; привязка мест — по сайту-каталогу","confidence":"ok","extra":{"photo_page":"http://prokudin-gorskiy.ru/image.php?ID=60"}}},{"type":"Feature","id":"prokudin_gorsky:1ff64ef35210","geometry":{"type":"Point","coordinates":[12.588133,55.776827]},"properties":{"uid":"prokudin_gorsky:1ff64ef35210","layer":"prokudin_gorsky","layer_title":"Фотографии Прокудина-Горского","group":"culture","title":"Клампенборг","category":"фотография","place_text":"Клампенборг","year_from":1903,"year_to":1916,"date_precision":"year","date_approx":true,"period_raw":"1903–1916","actor":"С. М. Прокудин-Горский","summary":"Место съёмки Прокудина-Горского: Клампенборг.","url":"http://prokudin-gorskiy.ru/tree.php?ID=294","image_url":"http://prokudin-gorskiy.ru/library/pg/loc/0185g.jpg","source":"prokudin-gorskiy.ru","source_id":"294","license":"фотографии — общественное достояние; привязка мест — по сайту-каталогу","confidence":"outside_bbox","extra":{"photo_page":"http://prokudin-gorskiy.ru/image.php?ID=187"}}},{"type":"Feature","id":"prokudin_gorsky:1041a9abd2f5","geometry":{"type":"Point","coordinates":[38.84697,56.734084]},"properties":{"uid":"prokudin_gorsky:1041a9abd2f5","layer":"prokudin_gorsky","layer_title":"Фотографии Прокудина-Горского","group":"culture","title":"Переславль-Залесский","category":"фотография","place_text":"Переславль-Залесский","year_from":1903,"year_to":1916,"date_precision":"year","date_approx":true,"period_raw":"1903–1916","actor":"С. М. Прокудин-Горский","summary":"Место съёмки Прокудина-Горского: Переславль-Залесский.","url":"http://prokudin-gorskiy.ru/tree.php?ID=296","image_url":"http://prokudin-gorskiy.ru/library/pg/loc/1394g.jpg","source":"prokudin-gorskiy.ru","source_id":"296","license":"фотографии — общественное достояние; привязка мест — по сайту-каталогу","confidence":"ok","extra":{"photo_page":"http://prokudin-gorskiy.ru/image.php?ID=664"}}},{"type":"Feature","id":"prokudin_gorsky:c62b72754201","geometry":{"type":"Point","coordinates":[38.774571,56.698492]},"properties":{"uid":"prokudin_gorsky:c62b72754201","layer":"prokudin_gorsky","layer_title":"Фотографии Прокудина-Горского","group":"culture","title":"Собилово","category":"фотография","place_text":"Собилово","year_from":1903,"year_to":1916,"date_precision":"year","date_approx":true,"period_raw":"1903–1916","actor":"С. М. Прокудин-Горский","summary":"Место съёмки Прокудина-Горского: Собилово.","url":"http://prokudin-gorskiy.ru/tree.php?ID=297","image_url":"http://prokudin-gorskiy.ru/library/pg/loc/1397g.jpg","source":"prokudin-gorskiy.ru","source_id":"297","license":"фотографии — общественное достояние; привязка мест — по сайту-каталогу","confidence":"ok","extra":{"photo_page":"http://prokudin-gorskiy.ru/image.php?ID=669"}}},{"type":"Feature","id":"prokudin_gorsky:aff4cf1804f7","geometry":{"type":"Point","coordinates":[48.469448,40.009735]},"properties":{"uid":"prokudin_gorsky:aff4cf1804f7","layer":"prokudin_gorsky","layer_title":"Фотографии Прокудина-Горского","group":"culture","title":"Сабирабад","category":"фотография","place_text":"Сабирабад","year_from":1903,"year_to":1916,"date_precision":"year","date_approx":true,"period_raw":"1903–1916","actor":"С. М. Прокудин-Горский","summary":"Место съёмки Прокудина-Горского: Сабирабад.","url":"http://prokudin-gorskiy.ru/tree.php?ID=300","image_url":"http://prokudin-gorskiy.ru/library/pg/loc/1625g.jpg","source":"prokudin-gorskiy.ru","source_id":"300","license":"фотографии — общественное достояние; привязка мест — по сайту-каталогу","confidence":"ok","extra":{"photo_page":"http://prokudin-gorskiy.ru/image.php?ID=709"}}},{"type":"Feature","id":"prokudin_gorsky:eca44b8bd556","geometry":{"type":"Point","coordinates":[48.369713,39.931722]},"properties":{"uid":"prokudin_gorsky:eca44b8bd556","layer":"prokudin_gorsky","layer_title":"Фотографии Прокудина-Горского","group":"culture","title":"Саатлы","category":"фотография","place_text":"Саатлы","year_from":1903,"year_to":1916,"date_precision":"year","date_approx":true,"period_raw":"1903–1916","actor":"С. М. Прокудин-Горский","summary":"Место съёмки Прокудина-Горского: Саатлы.","url":"http://prokudin-gorskiy.ru/tree.php?ID=306","image_url":"http://prokudin-gorskiy.ru/library/pg/loc/2198g.jpg","source":"prokudin-gorskiy.ru","source_id":"306","license":"фотографии — общественное достояние; привязка мест — по сайту-каталогу","confidence":"ok","extra":{"photo_page":"http://prokudin-gorskiy.ru/image.php?ID=1895"}}},{"type":"Feature","id":"prokudin_gorsky:40bef894b58a","geometry":{"type":"Point","coordinates":[38.78191,56.721558]},"properties":{"uid":"prokudin_gorsky:40bef894b58a","layer":"prokudin_gorsky","layer_title":"Фотографии Прокудина-Горского","group":"culture","title":"Веськово","category":"фотография","place_text":"Веськово","year_from":1903,"year_to":1916,"date_precision":"year","date_approx":true,"period_raw":"1903–1916","actor":"С. М. Прокудин-Горский","summary":"Место съёмки Прокудина-Горского: Веськово.","url":"http://prokudin-gorskiy.ru/tree.php?ID=311","image_url":"http://prokudin-gorskiy.ru/library/pg/loc/1400g.jpg","source":"prokudin-gorskiy.ru","source_id":"311","license":"фотографии — общественное достояние; привязка мест — по сайту-каталогу","confidence":"ok","extra":{"photo_page":"http://prokudin-gorskiy.ru/image.php?ID=713"}}},{"type":"Feature","id":"prokudin_gorsky:0cf12b1a0450","geometry":{"type":"Point","coordinates":[33.31295,60.778272]},"properties":{"uid":"prokudin_gorsky:0cf12b1a0450","layer":"prokudin_gorsky","layer_title":"Фотографии Прокудина-Горского","group":"culture","title":"Старая Слобода","category":"фотография","place_text":"Старая Слобода","year_from":1903,"year_to":1916,"date_precision":"year","date_approx":true,"period_raw":"1903–1916","actor":"С. М. Прокудин-Горский","summary":"Место съёмки Прокудина-Горского: Старая Слобода.","url":"http://prokudin-gorskiy.ru/tree.php?ID=312","image_url":"http://prokudin-gorskiy.ru/library/pg/loc/1921g.jpg","source":"prokudin-gorskiy.ru","source_id":"312","license":"фотографии — общественное достояние; привязка мест — по сайту-каталогу","confidence":"ok","extra":{"photo_page":"http://prokudin-gorskiy.ru/image.php?ID=715"}}},{"type":"Feature","id":"prokudin_gorsky:a3e23c7436c3","geometry":{"type":"Point","coordinates":[32.296972,59.996368]},"properties":{"uid":"prokudin_gorsky:a3e23c7436c3","layer":"prokudin_gorsky","layer_title":"Фотографии Прокудина-Горского","group":"culture","title":"Старая Ладога","category":"фотография","place_text":"Старая Ладога","year_from":1903,"year_to":1916,"date_precision":"year","date_approx":true,"period_raw":"1903–1916","actor":"С. М. Прокудин-Горский","summary":"Место съёмки Прокудина-Горского: Старая Ладога.","url":"http://prokudin-gorskiy.ru/tree.php?ID=313","image_url":"http://prokudin-gorskiy.ru/library/pg/loc/0894g.jpg","source":"prokudin-gorskiy.ru","source_id":"313","license":"фотографии — общественное достояние; привязка мест — по сайту-каталогу","confidence":"ok","extra":{"photo_page":"http://prokudin-gorskiy.ru/image.php?ID=722"}}},{"type":"Feature","id":"prokudin_gorsky:c0456c6fa16c","geometry":{"type":"Point","coordinates":[28.508835,54.249982]},"properties":{"uid":"prokudin_gorsky:c0456c6fa16c","layer":"prokudin_gorsky","layer_title":"Фотографии Прокудина-Горского","group":"culture","title":"Борисов","category":"фотография","place_text":"Борисов","year_from":1903,"year_to":1916,"date_precision":"year","date_approx":true,"period_raw":"1903–1916","actor":"С. М. Прокудин-Горский","summary":"Место съёмки Прокудина-Горского: Борисов.","url":"http://prokudin-gorskiy.ru/tree.php?ID=315","image_url":"http://prokudin-gorskiy.ru/library/pg/loc/0447g.jpg","source":"prokudin-gorskiy.ru","source_id":"315","license":"фотографии — общественное достояние; привязка мест — по сайту-каталогу","confidence":"ok","extra":{"photo_page":"http://prokudin-gorskiy.ru/image.php?ID=732"}}},{"type":"Feature","id":"prokudin_gorsky:7e437941f5c5","geometry":{"type":"Point","coordinates":[28.359833,54.326135]},"properties":{"uid":"prokudin_gorsky:7e437941f5c5","layer":"prokudin_gorsky","layer_title":"Фотографии Прокудина-Горского","group":"culture","title":"Студенка","category":"фотография","place_text":"Студенка","year_from":1903,"year_to":1916,"date_precision":"year","date_approx":true,"period_raw":"1903–1916","actor":"С. М. Прокудин-Горский","summary":"Место съёмки Прокудина-Горского: Студенка.","url":"http://prokudin-gorskiy.ru/tree.php?ID=316","image_url":"http://prokudin-gorskiy.ru/library/pg/loc/2238g.jpg","source":"prokudin-gorskiy.ru","source_id":"316","license":"фотографии — общественное достояние; привязка мест — по сайту-каталогу","confidence":"ok","extra":{"photo_page":"http://prokudin-gorskiy.ru/image.php?ID=728"}}},{"type":"Feature","id":"prokudin_gorsky:3047f2d1de55","geometry":{"type":"Point","coordinates":[28.408241,54.30751]},"properties":{"uid":"prokudin_gorsky:3047f2d1de55","layer":"prokudin_gorsky","layer_title":"Фотографии Прокудина-Горского","group":"culture","title":"Бытча","category":"фотография","place_text":"Бытча","year_from":1903,"year_to":1916,"date_precision":"year","date_approx":true,"period_raw":"1903–1916","actor":"С. М. Прокудин-Горский","summary":"Место съёмки Прокудина-Горского: Бытча.","url":"http://prokudin-gorskiy.ru/tree.php?ID=318","image_url":"http://prokudin-gorskiy.ru/library/pg/loc/2242g.jpg","source":"prokudin-gorskiy.ru","source_id":"318","license":"фотографии — общественное достояние; привязка мест — по сайту-каталогу","confidence":"ok","extra":{"photo_page":"http://prokudin-gorskiy.ru/image.php?ID=734"}}},{"type":"Feature","id":"prokudin_gorsky:edf64c27d43c","geometry":{"type":"Point","coordinates":[30.18,55.19]},"properties":{"uid":"prokudin_gorsky:edf64c27d43c","layer":"prokudin_gorsky","layer_title":"Фотографии Прокудина-Горского","group":"culture","title":"Витебск","category":"фотография","place_text":"Витебск","year_from":1903,"year_to":1916,"date_precision":"year","date_approx":true,"period_raw":"1903–1916","actor":"С. М. Прокудин-Горский","summary":"Место съёмки Прокудина-Горского: Витебск.","url":"http://prokudin-gorskiy.ru/tree.php?ID=320","image_url":"http://prokudin-gorskiy.ru/library/pg/loc/0428g.jpg","source":"prokudin-gorskiy.ru","source_id":"320","license":"фотографии — общественное достояние; привязка мест — по сайту-каталогу","confidence":"ok","extra":{"photo_page":"http://prokudin-gorskiy.ru/image.php?ID=600"}}},{"type":"Feature","id":"prokudin_gorsky:070eb85e977c","geometry":{"type":"Point","coordinates":[36.608849,60.946275]},"properties":{"uid":"prokudin_gorsky:070eb85e977c","layer":"prokudin_gorsky","layer_title":"Фотографии Прокудина-Горского","group":"culture","title":"Материки","category":"фотография","place_text":"Материки","year_from":1903,"year_to":1916,"date_precision":"year","date_approx":true,"period_raw":"1903–1916","actor":"С. М. Прокудин-Горский","summary":"Место съёмки Прокудина-Горского: Материки.","url":"http://prokudin-gorskiy.ru/tree.php?ID=322","image_url":"http://prokudin-gorskiy.ru/library/pg/loc/0957g.jpg","source":"prokudin-gorskiy.ru","source_id":"322","license":"фотографии — общественное достояние; привязка мест — по сайту-каталогу","confidence":"ok","extra":{"photo_page":"http://prokudin-gorskiy.ru/image.php?ID=739"}}},{"type":"Feature","id":"prokudin_gorsky:6ea300c737ca","geometry":{"type":"Point","coordinates":[41.703758,41.672655]},"properties":{"uid":"prokudin_gorsky:6ea300c737ca","layer":"prokudin_gorsky","layer_title":"Фотографии Прокудина-Горского","group":"culture","title":"Махинджаури","category":"фотография","place_text":"Махинджаури","year_from":1903,"year_to":1916,"date_precision":"year","date_approx":true,"period_raw":"1903–1916","actor":"С. М. Прокудин-Горский","summary":"Место съёмки Прокудина-Горского: Махинджаури.","url":"http://prokudin-gorskiy.ru/tree.php?ID=324","image_url":"http://prokudin-gorskiy.ru/library/pg/loc/1492g.jpg","source":"prokudin-gorskiy.ru","source_id":"324","license":"фотографии — общественное достояние; привязка мест — по сайту-каталогу","confidence":"ok","extra":{"photo_page":"http://prokudin-gorskiy.ru/image.php?ID=753"}}},{"type":"Feature","id":"prokudin_gorsky:253f888ae481","geometry":{"type":"Point","coordinates":[41.707878,41.693937]},"properties":{"uid":"prokudin_gorsky:253f888ae481","layer":"prokudin_gorsky","layer_title":"Фотографии Прокудина-Горского","group":"culture","title":"Зеленый мыс","category":"фотография","place_text":"Зеленый мыс","year_from":1903,"year_to":1916,"date_precision":"year","date_approx":true,"period_raw":"1903–1916","actor":"С. М. Прокудин-Горский","summary":"Место съёмки Прокудина-Горского: Зеленый мыс.","url":"http://prokudin-gorskiy.ru/tree.php?ID=325","image_url":"http://prokudin-gorskiy.ru/library/pg/loc/1489g.jpg","source":"prokudin-gorskiy.ru","source_id":"325","license":"фотографии — общественное достояние; привязка мест — по сайту-каталогу","confidence":"ok","extra":{"photo_page":"http://prokudin-gorskiy.ru/image.php?ID=749"}}},{"type":"Feature","id":"prokudin_gorsky:954f3fb8e8c5","geometry":{"type":"Point","coordinates":[41.7344,41.727063]},"properties":{"uid":"prokudin_gorsky:954f3fb8e8c5","layer":"prokudin_gorsky","layer_title":"Фотографии Прокудина-Горского","group":"culture","title":"Чакви","category":"фотография","place_text":"Чакви","year_from":1903,"year_to":1916,"date_precision":"year","date_approx":true,"period_raw":"1903–1916","actor":"С. М. Прокудин-Горский","summary":"Место съёмки Прокудина-Горского: Чакви.","url":"http://prokudin-gorskiy.ru/tree.php?ID=326","image_url":"http://prokudin-gorskiy.ru/library/pg/loc/1695g.jpg","source":"prokudin-gorskiy.ru","source_id":"326","license":"фотографии — общественное достояние; привязка мест — по сайту-каталогу","confidence":"ok","extra":{"photo_page":"http://prokudin-gorskiy.ru/image.php?ID=870"}}},{"type":"Feature","id":"prokudin_gorsky:ccd1e05b5faa","geometry":{"type":"Point","coordinates":[41.757102,41.707523]},"properties":{"uid":"prokudin_gorsky:ccd1e05b5faa","layer":"prokudin_gorsky","layer_title":"Фотографии Прокудина-Горского","group":"culture","title":"Ортабатуми (Чаисубани)","category":"фотография","place_text":"Ортабатуми (Чаисубани)","year_from":1903,"year_to":1916,"date_precision":"year","date_approx":true,"period_raw":"1903–1916","actor":"С. М. Прокудин-Горский","summary":"Место съёмки Прокудина-Горского: Ортабатуми (Чаисубани).","url":"http://prokudin-gorskiy.ru/tree.php?ID=327","image_url":"http://prokudin-gorskiy.ru/library/pg/loc/1468g.jpg","source":"prokudin-gorskiy.ru","source_id":"327","license":"фотографии — общественное достояние; привязка мест — по сайту-каталогу","confidence":"ok","extra":{"photo_page":"http://prokudin-gorskiy.ru/image.php?ID=1789"}}},{"type":"Feature","id":"prokudin_gorsky:4bd3d8e4ee2a","geometry":{"type":"Point","coordinates":[39.353994,57.179879]},"properties":{"uid":"prokudin_gorsky:4bd3d8e4ee2a","layer":"prokudin_gorsky","layer_title":"Фотографии Прокудина-Горского","group":"culture","title":"Богослов","category":"фотография","place_text":"Богослов","year_from":1903,"year_to":1916,"date_precision":"year","date_approx":true,"period_raw":"1903–1916","actor":"С. М. Прокудин-Горский","summary":"Место съёмки Прокудина-Горского: Богослов.","url":"http://prokudin-gorskiy.ru/tree.php?ID=328","image_url":"http://prokudin-gorskiy.ru/library/pg/loc/1240g.jpg","source":"prokudin-gorskiy.ru","source_id":"328","license":"фотографии — общественное достояние; привязка мест — по сайту-каталогу","confidence":"ok","extra":{"photo_page":"http://prokudin-gorskiy.ru/image.php?ID=762"}}},{"type":"Feature","id":"prokudin_gorsky:4341404fb4d0","geometry":{"type":"Point","coordinates":[36.77021,60.919921]},"properties":{"uid":"prokudin_gorsky:4341404fb4d0","layer":"prokudin_gorsky","layer_title":"Фотографии Прокудина-Горского","group":"culture","title":"Девятины","category":"фотография","place_text":"Девятины","year_from":1903,"year_to":1916,"date_precision":"year","date_approx":true,"period_raw":"1903–1916","actor":"С. М. Прокудин-Горский","summary":"Место съёмки Прокудина-Горского: Девятины.","url":"http://prokudin-gorskiy.ru/tree.php?ID=329","image_url":"http://prokudin-gorskiy.ru/library/pg/loc/1081g.jpg","source":"prokudin-gorskiy.ru","source_id":"329","license":"фотографии — общественное достояние; привязка мест — по сайту-каталогу","confidence":"ok","extra":{"photo_page":"http://prokudin-gorskiy.ru/image.php?ID=763"}}},{"type":"Feature","id":"prokudin_gorsky:97c8df6059a6","geometry":{"type":"Point","coordinates":[37.611351,57.360516]},"properties":{"uid":"prokudin_gorsky:97c8df6059a6","layer":"prokudin_gorsky","layer_title":"Фотографии Прокудина-Горского","group":"culture","title":"Кашин","category":"фотография","place_text":"Кашин","year_from":1903,"year_to":1916,"date_precision":"year","date_approx":true,"period_raw":"1903–1916","actor":"С. М. Прокудин-Горский","summary":"Место съёмки Прокудина-Горского: Кашин.","url":"http://prokudin-gorskiy.ru/tree.php?ID=331","image_url":"http://prokudin-gorskiy.ru/library/pg/loc/2334g.jpg","source":"prokudin-gorskiy.ru","source_id":"331","license":"фотографии — общественное достояние; привязка мест — по сайту-каталогу","confidence":"ok","extra":{"photo_page":"http://prokudin-gorskiy.ru/image.php?ID=772"}}},{"type":"Feature","id":"prokudin_gorsky:434eeb4b7220","geometry":{"type":"Point","coordinates":[34.670706,60.977146]},"properties":{"uid":"prokudin_gorsky:434eeb4b7220","layer":"prokudin_gorsky","layer_title":"Фотографии Прокудина-Горского","group":"culture","title":"Пидьма","category":"фотография","place_text":"Пидьма","year_from":1903,"year_to":1916,"date_precision":"year","date_approx":true,"period_raw":"1903–1916","actor":"С. М. Прокудин-Горский","summary":"Место съёмки Прокудина-Горского: Пидьма.","url":"http://prokudin-gorskiy.ru/tree.php?ID=333","image_url":"http://prokudin-gorskiy.ru/library/pg/loc/1080g.jpg","source":"prokudin-gorskiy.ru","source_id":"333","license":"фотографии — общественное достояние; привязка мест — по сайту-каталогу","confidence":"ok","extra":{"photo_page":"http://prokudin-gorskiy.ru/image.php?ID=904"}}},{"type":"Feature","id":"prokudin_gorsky:fff773aa39f9","geometry":{"type":"Point","coordinates":[37.116451,60.769472]},"properties":{"uid":"prokudin_gorsky:fff773aa39f9","layer":"prokudin_gorsky","layer_title":"Фотографии Прокудина-Горского","group":"culture","title":"Александровское","category":"фотография","place_text":"Александровское","year_from":1903,"year_to":1916,"date_precision":"year","date_approx":true,"period_raw":"1903–1916","actor":"С. М. Прокудин-Горский","summary":"Место съёмки Прокудина-Горского: Александровское.","url":"http://prokudin-gorskiy.ru/tree.php?ID=335","image_url":"http://prokudin-gorskiy.ru/library/pg/loc/0972g.jpg","source":"prokudin-gorskiy.ru","source_id":"335","license":"фотографии — общественное достояние; привязка мест — по сайту-каталогу","confidence":"ok","extra":{"photo_page":"http://prokudin-gorskiy.ru/image.php?ID=909"}}},{"type":"Feature","id":"prokudin_gorsky:d78661dfa206","geometry":{"type":"Point","coordinates":[58.171749,54.938977]},"properties":{"uid":"prokudin_gorsky:d78661dfa206","layer":"prokudin_gorsky","layer_title":"Фотографии Прокудина-Горского","group":"culture","title":"Усть-Катав","category":"фотография","place_text":"Усть-Катав","year_from":1903,"year_to":1916,"date_precision":"year","date_approx":true,"period_raw":"1903–1916","actor":"С. М. Прокудин-Горский","summary":"Место съёмки Прокудина-Горского: Усть-Катав.","url":"http://prokudin-gorskiy.ru/tree.php?ID=338","image_url":"http://prokudin-gorskiy.ru/library/pg/loc/0611g.jpg","source":"prokudin-gorskiy.ru","source_id":"338","license":"фотографии — общественное достояние; привязка мест — по сайту-каталогу","confidence":"ok","extra":{"photo_page":"http://prokudin-gorskiy.ru/image.php?ID=1010"}}},{"type":"Feature","id":"prokudin_gorsky:98b07a17cce3","geometry":{"type":"Point","coordinates":[60.759888,55.888983]},"properties":{"uid":"prokudin_gorsky:98b07a17cce3","layer":"prokudin_gorsky","layer_title":"Фотографии Прокудина-Горского","group":"culture","title":"Касли","category":"фотография","place_text":"Касли","year_from":1903,"year_to":1916,"date_precision":"year","date_approx":true,"period_raw":"1903–1916","actor":"С. М. Прокудин-Горский","summary":"Место съёмки Прокудина-Горского: Касли.","url":"http://prokudin-gorskiy.ru/tree.php?ID=341","image_url":"http://prokudin-gorskiy.ru/library/pg/loc/0500g.jpg","source":"prokudin-gorskiy.ru","source_id":"341","license":"фотографии — общественное достояние; привязка мест — по сайту-каталогу","confidence":"ok","extra":{"photo_page":"http://prokudin-gorskiy.ru/image.php?ID=911"}}},{"type":"Feature","id":"prokudin_gorsky:bcf2019ec871","geometry":{"type":"Point","coordinates":[60.555611,55.702065]},"properties":{"uid":"prokudin_gorsky:bcf2019ec871","layer":"prokudin_gorsky","layer_title":"Фотографии Прокудина-Горского","group":"culture","title":"Кыштым","category":"фотография","place_text":"Кыштым","year_from":1903,"year_to":1916,"date_precision":"year","date_approx":true,"period_raw":"1903–1916","actor":"С. М. Прокудин-Горский","summary":"Место съёмки Прокудина-Горского: Кыштым.","url":"http://prokudin-gorskiy.ru/tree.php?ID=342","image_url":"http://prokudin-gorskiy.ru/library/pg/loc/2159g.jpg","source":"prokudin-gorskiy.ru","source_id":"342","license":"фотографии — общественное достояние; привязка мест — по сайту-каталогу","confidence":"ok","extra":{"photo_page":"http://prokudin-gorskiy.ru/image.php?ID=2619"}}},{"type":"Feature","id":"prokudin_gorsky:3cecb0029782","geometry":{"type":"Point","coordinates":[60.123196,55.027825]},"properties":{"uid":"prokudin_gorsky:3cecb0029782","layer":"prokudin_gorsky","layer_title":"Фотографии Прокудина-Горского","group":"culture","title":"Миасс","category":"фотография","place_text":"Миасс","year_from":1903,"year_to":1916,"date_precision":"year","date_approx":true,"period_raw":"1903–1916","actor":"С. М. Прокудин-Горский","summary":"Место съёмки Прокудина-Горского: Миасс.","url":"http://prokudin-gorskiy.ru/tree.php?ID=343","image_url":"http://prokudin-gorskiy.ru/library/pg/loc/0519g.jpg","source":"prokudin-gorskiy.ru","source_id":"343","license":"фотографии — общественное достояние; привязка мест — по сайту-каталогу","confidence":"ok","extra":{"photo_page":"http://prokudin-gorskiy.ru/image.php?ID=923"}}},{"type":"Feature","id":"prokudin_gorsky:c7460b9358c6","geometry":{"type":"Point","coordinates":[37.039719,60.819142]},"properties":{"uid":"prokudin_gorsky:c7460b9358c6","layer":"prokudin_gorsky","layer_title":"Фотографии Прокудина-Горского","group":"culture","title":"Старое Петровское","category":"фотография","place_text":"Старое Петровское","year_from":1903,"year_to":1916,"date_precision":"year","date_approx":true,"period_raw":"1903–1916","actor":"С. М. Прокудин-Горский","summary":"Место съёмки Прокудина-Горского: Старое Петровское.","url":"http://prokudin-gorskiy.ru/tree.php?ID=345","image_url":"http://prokudin-gorskiy.ru/library/pg/loc/0976g.jpg","source":"prokudin-gorskiy.ru","source_id":"345","license":"фотографии — общественное достояние; привязка мест — по сайту-каталогу","confidence":"ok","extra":{"photo_page":"http://prokudin-gorskiy.ru/image.php?ID=940"}}},{"type":"Feature","id":"prokudin_gorsky:eac13ae51440","geometry":{"type":"Point","coordinates":[32.579269,57.229087]},"properties":{"uid":"prokudin_gorsky:eac13ae51440","layer":"prokudin_gorsky","layer_title":"Фотографии Прокудина-Горского","group":"culture","title":"Озеро Пено","category":"фотография","place_text":"Озеро Пено","year_from":1903,"year_to":1916,"date_precision":"year","date_approx":true,"period_raw":"1903–1916","actor":"С. М. Прокудин-Горский","summary":"Место съёмки Прокудина-Горского: Озеро Пено.","url":"http://prokudin-gorskiy.ru/tree.php?ID=348","source":"prokudin-gorskiy.ru","source_id":"348","license":"фотографии — общественное достояние; привязка мест — по сайту-каталогу","confidence":"ok","extra":{"photo_page":null}}},{"type":"Feature","id":"prokudin_gorsky:86c0a2cad328","geometry":{"type":"Point","coordinates":[32.727928,56.936546]},"properties":{"uid":"prokudin_gorsky:86c0a2cad328","layer":"prokudin_gorsky","layer_title":"Фотографии Прокудина-Горского","group":"culture","title":"Пено","category":"фотография","place_text":"Пено","year_from":1903,"year_to":1916,"date_precision":"year","date_approx":true,"period_raw":"1903–1916","actor":"С. М. Прокудин-Горский","summary":"Место съёмки Прокудина-Горского: Пено.","url":"http://prokudin-gorskiy.ru/tree.php?ID=351","image_url":"http://prokudin-gorskiy.ru/library/pg/loc/1098g.jpg","source":"prokudin-gorskiy.ru","source_id":"351","license":"фотографии — общественное достояние; привязка мест — по сайту-каталогу","confidence":"ok","extra":{"photo_page":"http://prokudin-gorskiy.ru/image.php?ID=953"}}},{"type":"Feature","id":"prokudin_gorsky:74901600348b","geometry":{"type":"Point","coordinates":[33.317242,56.885752]},"properties":{"uid":"prokudin_gorsky:74901600348b","layer":"prokudin_gorsky","layer_title":"Фотографии Прокудина-Горского","group":"culture","title":"Селище","category":"фотография","place_text":"Селище","year_from":1903,"year_to":1916,"date_precision":"year","date_approx":true,"period_raw":"1903–1916","actor":"С. М. Прокудин-Горский","summary":"Место съёмки Прокудина-Горского: Селище.","url":"http://prokudin-gorskiy.ru/tree.php?ID=353","image_url":"http://prokudin-gorskiy.ru/library/pg/loc/1125g.jpg","source":"prokudin-gorskiy.ru","source_id":"353","license":"фотографии — общественное достояние; привязка мест — по сайту-каталогу","confidence":"ok","extra":{"photo_page":"http://prokudin-gorskiy.ru/image.php?ID=957"}}},{"type":"Feature","id":"prokudin_gorsky:2c52acf33b57","geometry":{"type":"Point","coordinates":[33.066444,57.203108]},"properties":{"uid":"prokudin_gorsky:2c52acf33b57","layer":"prokudin_gorsky","layer_title":"Фотографии Прокудина-Горского","group":"culture","title":"Городомля","category":"фотография","place_text":"Городомля","year_from":1903,"year_to":1916,"date_precision":"year","date_approx":true,"period_raw":"1903–1916","actor":"С. М. Прокудин-Горский","summary":"Место съёмки Прокудина-Горского: Городомля.","url":"http://prokudin-gorskiy.ru/tree.php?ID=354","image_url":"http://prokudin-gorskiy.ru/library/pg/loc/1118g.jpg","source":"prokudin-gorskiy.ru","source_id":"354","license":"фотографии — общественное достояние; привязка мест — по сайту-каталогу","confidence":"ok","extra":{"photo_page":"http://prokudin-gorskiy.ru/image.php?ID=968"}}},{"type":"Feature","id":"prokudin_gorsky:89b8cb10177a","geometry":{"type":"Point","coordinates":[43.479853,41.800431]},"properties":{"uid":"prokudin_gorsky:89b8cb10177a","layer":"prokudin_gorsky","layer_title":"Фотографии Прокудина-Горского","group":"culture","title":"Цагвери","category":"фотография","place_text":"Цагвери","year_from":1903,"year_to":1916,"date_precision":"year","date_approx":true,"period_raw":"1903–1916","actor":"С. М. Прокудин-Горский","summary":"Место съёмки Прокудина-Горского: Цагвери.","url":"http://prokudin-gorskiy.ru/tree.php?ID=355","image_url":"http://prokudin-gorskiy.ru/library/pg/loc/0162g.jpg","source":"prokudin-gorskiy.ru","source_id":"355","license":"фотографии — общественное достояние; привязка мест — по сайту-каталогу","confidence":"ok","extra":{"photo_page":"http://prokudin-gorskiy.ru/image.php?ID=973"}}},{"type":"Feature","id":"prokudin_gorsky:8999b461de43","geometry":{"type":"Point","coordinates":[57.691441,54.996918]},"properties":{"uid":"prokudin_gorsky:8999b461de43","layer":"prokudin_gorsky","layer_title":"Фотографии Прокудина-Горского","group":"culture","title":"Сим","category":"фотография","place_text":"Сим","year_from":1903,"year_to":1916,"date_precision":"year","date_approx":true,"period_raw":"1903–1916","actor":"С. М. Прокудин-Горский","summary":"Место съёмки Прокудина-Горского: Сим.","url":"http://prokudin-gorskiy.ru/tree.php?ID=357","image_url":"http://prokudin-gorskiy.ru/library/pg/loc/0597g.jpg","source":"prokudin-gorskiy.ru","source_id":"357","license":"фотографии — общественное достояние; привязка мест — по сайту-каталогу","confidence":"ok","extra":{"photo_page":"http://prokudin-gorskiy.ru/image.php?ID=997"}}},{"type":"Feature","id":"prokudin_gorsky:90d2d65962cd","geometry":{"type":"Point","coordinates":[58.419628,54.860604]},"properties":{"uid":"prokudin_gorsky:90d2d65962cd","layer":"prokudin_gorsky","layer_title":"Фотографии Прокудина-Горского","group":"culture","title":"[Юрюзань, река]","category":"фотография","place_text":"[Юрюзань, река]","year_from":1903,"year_to":1916,"date_precision":"year","date_approx":true,"period_raw":"1903–1916","actor":"С. М. Прокудин-Горский","summary":"Место съёмки Прокудина-Горского: [Юрюзань, река].","url":"http://prokudin-gorskiy.ru/tree.php?ID=358","image_url":"http://prokudin-gorskiy.ru/library/pg/loc/0601g.jpg","source":"prokudin-gorskiy.ru","source_id":"358","license":"фотографии — общественное достояние; привязка мест — по сайту-каталогу","confidence":"ok","extra":{"photo_page":"http://prokudin-gorskiy.ru/image.php?ID=1000"}}},{"type":"Feature","id":"prokudin_gorsky:7b5e2f642493","geometry":{"type":"Point","coordinates":[58.835564,54.929904]},"properties":{"uid":"prokudin_gorsky:7b5e2f642493","layer":"prokudin_gorsky","layer_title":"Фотографии Прокудина-Горского","group":"culture","title":"Бакал","category":"фотография","place_text":"Бакал","year_from":1903,"year_to":1916,"date_precision":"year","date_approx":true,"period_raw":"1903–1916","actor":"С. М. Прокудин-Горский","summary":"Место съёмки Прокудина-Горского: Бакал.","url":"http://prokudin-gorskiy.ru/tree.php?ID=359","image_url":"http://prokudin-gorskiy.ru/library/pg/loc/2177g.jpg","source":"prokudin-gorskiy.ru","source_id":"359","license":"фотографии — общественное достояние; привязка мест — по сайту-каталогу","confidence":"ok","extra":{"photo_page":"http://prokudin-gorskiy.ru/image.php?ID=1034"}}},{"type":"Feature","id":"prokudin_gorsky:98f9ba0b234e","geometry":{"type":"Point","coordinates":[58.075587,54.967342]},"properties":{"uid":"prokudin_gorsky:98f9ba0b234e","layer":"prokudin_gorsky","layer_title":"Фотографии Прокудина-Горского","group":"culture","title":"Яхья","category":"фотография","place_text":"Яхья","year_from":1903,"year_to":1916,"date_precision":"year","date_approx":true,"period_raw":"1903–1916","actor":"С. М. Прокудин-Горский","summary":"Место съёмки Прокудина-Горского: Яхья.","url":"http://prokudin-gorskiy.ru/tree.php?ID=363","image_url":"http://prokudin-gorskiy.ru/library/pg/loc/0654g.jpg","source":"prokudin-gorskiy.ru","source_id":"363","license":"фотографии — общественное достояние; привязка мест — по сайту-каталогу","confidence":"ok","extra":{"photo_page":"http://prokudin-gorskiy.ru/image.php?ID=1057"}}},{"type":"Feature","id":"prokudin_gorsky:79bf1080b367","geometry":{"type":"Point","coordinates":[34.456387,61.3477]},"properties":{"uid":"prokudin_gorsky:79bf1080b367","layer":"prokudin_gorsky","layer_title":"Фотографии Прокудина-Горского","group":"culture","title":"Ладва","category":"фотография","place_text":"Ладва","year_from":1903,"year_to":1916,"date_precision":"year","date_approx":true,"period_raw":"1903–1916","actor":"С. М. Прокудин-Горский","summary":"Место съёмки Прокудина-Горского: Ладва.","url":"http://prokudin-gorskiy.ru/tree.php?ID=370","image_url":"http://prokudin-gorskiy.ru/library/pg/loc/0229g.jpg","source":"prokudin-gorskiy.ru","source_id":"370","license":"фотографии — общественное достояние; привязка мест — по сайту-каталогу","confidence":"ok","extra":{"photo_page":"http://prokudin-gorskiy.ru/image.php?ID=1084"}}},{"type":"Feature","id":"prokudin_gorsky:b03698439a63","geometry":{"type":"Point","coordinates":[34.236274,61.898346]},"properties":{"uid":"prokudin_gorsky:b03698439a63","layer":"prokudin_gorsky","layer_title":"Фотографии Прокудина-Горского","group":"culture","title":"Шуя","category":"фотография","place_text":"Шуя","year_from":1903,"year_to":1916,"date_precision":"year","date_approx":true,"period_raw":"1903–1916","actor":"С. М. Прокудин-Горский","summary":"Место съёмки Прокудина-Горского: Шуя.","url":"http://prokudin-gorskiy.ru/tree.php?ID=371","image_url":"http://prokudin-gorskiy.ru/library/pg/loc/0246g.jpg","source":"prokudin-gorskiy.ru","source_id":"371","license":"фотографии — общественное достояние; привязка мест — по сайту-каталогу","confidence":"ok","extra":{"photo_page":"http://prokudin-gorskiy.ru/image.php?ID=1085"}}},{"type":"Feature","id":"prokudin_gorsky:6089fb724b8a","geometry":{"type":"Point","coordinates":[34.244213,62.105971]},"properties":{"uid":"prokudin_gorsky:6089fb724b8a","layer":"prokudin_gorsky","layer_title":"Фотографии Прокудина-Горского","group":"culture","title":"Суна","category":"фотография","place_text":"Суна","year_from":1903,"year_to":1916,"date_precision":"year","date_approx":true,"period_raw":"1903–1916","actor":"С. М. Прокудин-Горский","summary":"Место съёмки Прокудина-Горского: Суна.","url":"http://prokudin-gorskiy.ru/tree.php?ID=372","image_url":"http://prokudin-gorskiy.ru/library/pg/loc/0271g.jpg","source":"prokudin-gorskiy.ru","source_id":"372","license":"фотографии — общественное достояние; привязка мест — по сайту-каталогу","confidence":"ok","extra":{"photo_page":"http://prokudin-gorskiy.ru/image.php?ID=1090"}}},{"type":"Feature","id":"prokudin_gorsky:5a8d65e7b03a","geometry":{"type":"Point","coordinates":[35.862894,55.495923]},"properties":{"uid":"prokudin_gorsky:5a8d65e7b03a","layer":"prokudin_gorsky","layer_title":"Фотографии Прокудина-Горского","group":"culture","title":"Бородино","category":"фотография","place_text":"Бородино","year_from":1903,"year_to":1916,"date_precision":"year","date_approx":true,"period_raw":"1903–1916","actor":"С. М. Прокудин-Горский","summary":"Место съёмки Прокудина-Горского: Бородино.","url":"http://prokudin-gorskiy.ru/tree.php?ID=373","image_url":"http://prokudin-gorskiy.ru/library/pg/loc/0390g.jpg","source":"prokudin-gorskiy.ru","source_id":"373","license":"фотографии — общественное достояние; привязка мест — по сайту-каталогу","confidence":"ok","extra":{"photo_page":"http://prokudin-gorskiy.ru/image.php?ID=1141"}}},{"type":"Feature","id":"prokudin_gorsky:c76420b99353","geometry":{"type":"Point","coordinates":[35.845041,55.531254]},"properties":{"uid":"prokudin_gorsky:c76420b99353","layer":"prokudin_gorsky","layer_title":"Фотографии Прокудина-Горского","group":"culture","title":"Горки","category":"фотография","place_text":"Горки","year_from":1903,"year_to":1916,"date_precision":"year","date_approx":true,"period_raw":"1903–1916","actor":"С. М. Прокудин-Горский","summary":"Место съёмки Прокудина-Горского: Горки.","url":"http://prokudin-gorskiy.ru/tree.php?ID=374","image_url":"http://prokudin-gorskiy.ru/library/pg/loc/2208g.jpg","source":"prokudin-gorskiy.ru","source_id":"374","license":"фотографии — общественное достояние; привязка мест — по сайту-каталогу","confidence":"ok","extra":{"photo_page":"http://prokudin-gorskiy.ru/image.php?ID=1119"}}},{"type":"Feature","id":"prokudin_gorsky:4cba0aff6637","geometry":{"type":"Point","coordinates":[35.830708,55.509874]},"properties":{"uid":"prokudin_gorsky:4cba0aff6637","layer":"prokudin_gorsky","layer_title":"Фотографии Прокудина-Горского","group":"culture","title":"Бородинское поле","category":"фотография","place_text":"Бородинское поле","year_from":1903,"year_to":1916,"date_precision":"year","date_approx":true,"period_raw":"1903–1916","actor":"С. М. Прокудин-Горский","summary":"Место съёмки Прокудина-Горского: Бородинское поле.","url":"http://prokudin-gorskiy.ru/tree.php?ID=375","image_url":"http://prokudin-gorskiy.ru/library/pg/loc/0370g.jpg","source":"prokudin-gorskiy.ru","source_id":"375","license":"фотографии — общественное достояние; привязка мест — по сайту-каталогу","confidence":"ok","extra":{"photo_page":"http://prokudin-gorskiy.ru/image.php?ID=1117"}}},{"type":"Feature","id":"prokudin_gorsky:a4c942ce27cb","geometry":{"type":"Point","coordinates":[35.83026,55.50449]},"properties":{"uid":"prokudin_gorsky:a4c942ce27cb","layer":"prokudin_gorsky","layer_title":"Фотографии Прокудина-Горского","group":"culture","title":"Семеновское","category":"фотография","place_text":"Семеновское","year_from":1903,"year_to":1916,"date_precision":"year","date_approx":true,"period_raw":"1903–1916","actor":"С. М. Прокудин-Горский","summary":"Место съёмки Прокудина-Горского: Семеновское.","url":"http://prokudin-gorskiy.ru/tree.php?ID=376","image_url":"http://prokudin-gorskiy.ru/library/pg/loc/0376g.jpg","source":"prokudin-gorskiy.ru","source_id":"376","license":"фотографии — общественное достояние; привязка мест — по сайту-каталогу","confidence":"ok","extra":{"photo_page":"http://prokudin-gorskiy.ru/image.php?ID=1126"}}},{"type":"Feature","id":"prokudin_gorsky:34f3e49bc112","geometry":{"type":"Point","coordinates":[35.66249,55.50101]},"properties":{"uid":"prokudin_gorsky:34f3e49bc112","layer":"prokudin_gorsky","layer_title":"Фотографии Прокудина-Горского","group":"culture","title":"Колоцкое","category":"фотография","place_text":"Колоцкое","year_from":1903,"year_to":1916,"date_precision":"year","date_approx":true,"period_raw":"1903–1916","actor":"С. М. Прокудин-Горский","summary":"Место съёмки Прокудина-Горского: Колоцкое.","url":"http://prokudin-gorskiy.ru/tree.php?ID=377","image_url":"http://prokudin-gorskiy.ru/library/pg/loc/0400g.jpg","source":"prokudin-gorskiy.ru","source_id":"377","license":"фотографии — общественное достояние; привязка мест — по сайту-каталогу","confidence":"ok","extra":{"photo_page":"http://prokudin-gorskiy.ru/image.php?ID=1152"}}},{"type":"Feature","id":"prokudin_gorsky:a3540a18d012","geometry":{"type":"Point","coordinates":[28.791218,55.489164]},"properties":{"uid":"prokudin_gorsky:a3540a18d012","layer":"prokudin_gorsky","layer_title":"Фотографии Прокудина-Горского","group":"culture","title":"Полоцк","category":"фотография","place_text":"Полоцк","year_from":1903,"year_to":1916,"date_precision":"year","date_approx":true,"period_raw":"1903–1916","actor":"С. М. Прокудин-Горский","summary":"Место съёмки Прокудина-Горского: Полоцк.","url":"http://prokudin-gorskiy.ru/tree.php?ID=378","image_url":"http://prokudin-gorskiy.ru/library/pg/loc/0430g.jpg","source":"prokudin-gorskiy.ru","source_id":"378","license":"фотографии — общественное достояние; привязка мест — по сайту-каталогу","confidence":"ok","extra":{"photo_page":"http://prokudin-gorskiy.ru/image.php?ID=1165"}}},{"type":"Feature","id":"prokudin_gorsky:c50221a90783","geometry":{"type":"Point","coordinates":[58.36092,54.907014]},"properties":{"uid":"prokudin_gorsky:c50221a90783","layer":"prokudin_gorsky","layer_title":"Фотографии Прокудина-Горского","group":"culture","title":"Вязовая","category":"фотография","place_text":"Вязовая","year_from":1903,"year_to":1916,"date_precision":"year","date_approx":true,"period_raw":"1903–1916","actor":"С. М. Прокудин-Горский","summary":"Место съёмки Прокудина-Горского: Вязовая.","url":"http://prokudin-gorskiy.ru/tree.php?ID=380","image_url":"http://prokudin-gorskiy.ru/library/pg/loc/0543g.jpg","source":"prokudin-gorskiy.ru","source_id":"380","license":"фотографии — общественное достояние; привязка мест — по сайту-каталогу","confidence":"ok","extra":{"photo_page":"http://prokudin-gorskiy.ru/image.php?ID=1203"}}},{"type":"Feature","id":"prokudin_gorsky:485d112d6bec","geometry":{"type":"Point","coordinates":[56.0392,54.777722]},"properties":{"uid":"prokudin_gorsky:485d112d6bec","layer":"prokudin_gorsky","layer_title":"Фотографии Прокудина-Горского","group":"culture","title":"Уфа","category":"фотография","place_text":"Уфа","year_from":1903,"year_to":1916,"date_precision":"year","date_approx":true,"period_raw":"1903–1916","actor":"С. М. Прокудин-Горский","summary":"Место съёмки Прокудина-Горского: Уфа.","url":"http://prokudin-gorskiy.ru/tree.php?ID=381","image_url":"http://prokudin-gorskiy.ru/library/pg/loc/0549g.jpg","source":"prokudin-gorskiy.ru","source_id":"381","license":"фотографии — общественное достояние; привязка мест — по сайту-каталогу","confidence":"ok","extra":{"photo_page":"http://prokudin-gorskiy.ru/image.php?ID=1212"}}},{"type":"Feature","id":"prokudin_gorsky:0cf66f73cce2","geometry":{"type":"Point","coordinates":[55.380878,54.579922]},"properties":{"uid":"prokudin_gorsky:0cf66f73cce2","layer":"prokudin_gorsky","layer_title":"Фотографии Прокудина-Горского","group":"culture","title":"Чишмы","category":"фотография","place_text":"Чишмы","year_from":1903,"year_to":1916,"date_precision":"year","date_approx":true,"period_raw":"1903–1916","actor":"С. М. Прокудин-Горский","summary":"Место съёмки Прокудина-Горского: Чишмы.","url":"http://prokudin-gorskiy.ru/tree.php?ID=383","image_url":"http://prokudin-gorskiy.ru/library/pg/loc/0557g.jpg","source":"prokudin-gorskiy.ru","source_id":"383","license":"фотографии — общественное достояние; привязка мест — по сайту-каталогу","confidence":"ok","extra":{"photo_page":"http://prokudin-gorskiy.ru/image.php?ID=1222"}}},{"type":"Feature","id":"prokudin_gorsky:d8fc1f5120ac","geometry":{"type":"Point","coordinates":[57.263489,54.99613]},"properties":{"uid":"prokudin_gorsky:d8fc1f5120ac","layer":"prokudin_gorsky","layer_title":"Фотографии Прокудина-Горского","group":"culture","title":"Аша","category":"фотография","place_text":"Аша","year_from":1903,"year_to":1916,"date_precision":"year","date_approx":true,"period_raw":"1903–1916","actor":"С. М. Прокудин-Горский","summary":"Место съёмки Прокудина-Горского: Аша.","url":"http://prokudin-gorskiy.ru/tree.php?ID=384","image_url":"http://prokudin-gorskiy.ru/library/pg/loc/0561g.jpg","source":"prokudin-gorskiy.ru","source_id":"384","license":"фотографии — общественное достояние; привязка мест — по сайту-каталогу","confidence":"ok","extra":{"photo_page":"http://prokudin-gorskiy.ru/image.php?ID=1226"}}},{"type":"Feature","id":"prokudin_gorsky:f2b5eb14ddca","geometry":{"type":"Point","coordinates":[38.454037,58.00446]},"properties":{"uid":"prokudin_gorsky:f2b5eb14ddca","layer":"prokudin_gorsky","layer_title":"Фотографии Прокудина-Горского","group":"culture","title":"Глебово","category":"фотография","place_text":"Глебово","year_from":1903,"year_to":1916,"date_precision":"year","date_approx":true,"period_raw":"1903–1916","actor":"С. М. Прокудин-Горский","summary":"Место съёмки Прокудина-Горского: Глебово.","url":"http://prokudin-gorskiy.ru/tree.php?ID=388","image_url":"http://prokudin-gorskiy.ru/library/pg/loc/2389g.jpg","source":"prokudin-gorskiy.ru","source_id":"388","license":"фотографии — общественное достояние; привязка мест — по сайту-каталогу","confidence":"ok","extra":{"photo_page":"http://prokudin-gorskiy.ru/image.php?ID=1294"}}},{"type":"Feature","id":"prokudin_gorsky:cb4ce8713316","geometry":{"type":"Point","coordinates":[38.471546,58.21802]},"properties":{"uid":"prokudin_gorsky:cb4ce8713316","layer":"prokudin_gorsky","layer_title":"Фотографии Прокудина-Горского","group":"culture","title":"Молога","category":"фотография","place_text":"Молога","year_from":1903,"year_to":1916,"date_precision":"year","date_approx":true,"period_raw":"1903–1916","actor":"С. М. Прокудин-Горский","summary":"Место съёмки Прокудина-Горского: Молога.","url":"http://prokudin-gorskiy.ru/tree.php?ID=389","image_url":"http://prokudin-gorskiy.ru/library/pg/loc/2391g.jpg","source":"prokudin-gorskiy.ru","source_id":"389","license":"фотографии — общественное достояние; привязка мест — по сайту-каталогу","confidence":"ok","extra":{"photo_page":"http://prokudin-gorskiy.ru/image.php?ID=1296"}}},{"type":"Feature","id":"prokudin_gorsky:7ebbd8fdee2c","geometry":{"type":"Point","coordinates":[40.396042,43.240576]},"properties":{"uid":"prokudin_gorsky:7ebbd8fdee2c","layer":"prokudin_gorsky","layer_title":"Фотографии Прокудина-Горского","group":"culture","title":"Бзыбь","category":"фотография","place_text":"Бзыбь","year_from":1903,"year_to":1916,"date_precision":"year","date_approx":true,"period_raw":"1903–1916","actor":"С. М. Прокудин-Горский","summary":"Место съёмки Прокудина-Горского: Бзыбь.","url":"http://prokudin-gorskiy.ru/tree.php?ID=391","image_url":"http://prokudin-gorskiy.ru/library/pg/loc/1563g.jpg","source":"prokudin-gorskiy.ru","source_id":"391","license":"фотографии — общественное достояние; привязка мест — по сайту-каталогу","confidence":"ok","extra":{"photo_page":"http://prokudin-gorskiy.ru/image.php?ID=320"}}},{"type":"Feature","id":"prokudin_gorsky:0b2c3cc5552b","geometry":{"type":"Point","coordinates":[41.697686,41.617953]},"properties":{"uid":"prokudin_gorsky:0b2c3cc5552b","layer":"prokudin_gorsky","layer_title":"Фотографии Прокудина-Горского","group":"culture","title":"Ахалшени","category":"фотография","place_text":"Ахалшени","year_from":1903,"year_to":1916,"date_precision":"year","date_approx":true,"period_raw":"1903–1916","actor":"С. М. Прокудин-Горский","summary":"Место съёмки Прокудина-Горского: Ахалшени.","url":"http://prokudin-gorskiy.ru/tree.php?ID=392","image_url":"http://prokudin-gorskiy.ru/library/pg/loc/1475g.jpg","source":"prokudin-gorskiy.ru","source_id":"392","license":"фотографии — общественное достояние; привязка мест — по сайту-каталогу","confidence":"ok","extra":{"photo_page":"http://prokudin-gorskiy.ru/image.php?ID=756"}}},{"type":"Feature","id":"prokudin_gorsky:9eb1466b06b5","geometry":{"type":"Point","coordinates":[69.57161,39.936066]},"properties":{"uid":"prokudin_gorsky:9eb1466b06b5","layer":"prokudin_gorsky","layer_title":"Фотографии Прокудина-Горского","group":"culture","title":"Сулюкта: окрестности","category":"фотография","place_text":"Сулюкта: окрестности","year_from":1903,"year_to":1916,"date_precision":"year","date_approx":true,"period_raw":"1903–1916","actor":"С. М. Прокудин-Горский","summary":"Место съёмки Прокудина-Горского: Сулюкта: окрестности.","url":"http://prokudin-gorskiy.ru/tree.php?ID=397","image_url":"http://prokudin-gorskiy.ru/library/pg/loc/1754g.jpg","source":"prokudin-gorskiy.ru","source_id":"397","license":"фотографии — общественное достояние; привязка мест — по сайту-каталогу","confidence":"ok","extra":{"photo_page":"http://prokudin-gorskiy.ru/image.php?ID=1439"}}},{"type":"Feature","id":"prokudin_gorsky:2d486ed681d7","geometry":{"type":"Point","coordinates":[69.010105,40.595446]},"properties":{"uid":"prokudin_gorsky:2d486ed681d7","layer":"prokudin_gorsky","layer_title":"Фотографии Прокудина-Горского","group":"culture","title":"Надеждинский","category":"фотография","place_text":"Надеждинский","year_from":1903,"year_to":1916,"date_precision":"year","date_approx":true,"period_raw":"1903–1916","actor":"С. М. Прокудин-Горский","summary":"Место съёмки Прокудина-Горского: Надеждинский.","url":"http://prokudin-gorskiy.ru/tree.php?ID=399","image_url":"http://prokudin-gorskiy.ru/library/pg/loc/2319g.jpg","source":"prokudin-gorskiy.ru","source_id":"399","license":"фотографии — общественное достояние; привязка мест — по сайту-каталогу","confidence":"ok","extra":{"photo_page":"http://prokudin-gorskiy.ru/image.php?ID=1450"}}},{"type":"Feature","id":"prokudin_gorsky:0d9a28f65266","geometry":{"type":"Point","coordinates":[43.447838,41.806829]},"properties":{"uid":"prokudin_gorsky:0d9a28f65266","layer":"prokudin_gorsky","layer_title":"Фотографии Прокудина-Горского","group":"culture","title":"Даба","category":"фотография","place_text":"Даба","year_from":1903,"year_to":1916,"date_precision":"year","date_approx":true,"period_raw":"1903–1916","actor":"С. М. Прокудин-Горский","summary":"Место съёмки Прокудина-Горского: Даба.","url":"http://prokudin-gorskiy.ru/tree.php?ID=402","image_url":"http://prokudin-gorskiy.ru/library/pg/loc/1666g.jpg","source":"prokudin-gorskiy.ru","source_id":"402","license":"фотографии — общественное достояние; привязка мест — по сайту-каталогу","confidence":"ok","extra":{"photo_page":"http://prokudin-gorskiy.ru/image.php?ID=1497"}}},{"type":"Feature","id":"prokudin_gorsky:20c4a1fe8e78","geometry":{"type":"Point","coordinates":[58.412762,54.89053]},"properties":{"uid":"prokudin_gorsky:20c4a1fe8e78","layer":"prokudin_gorsky","layer_title":"Фотографии Прокудина-Горского","group":"culture","title":"[Катав-Ивановский район: между г. Юрюзань и ст. Вязовая]","category":"фотография","place_text":"[Катав-Ивановский район: между г. Юрюзань и ст. Вязовая]","year_from":1903,"year_to":1916,"date_precision":"year","date_approx":true,"period_raw":"1903–1916","actor":"С. М. Прокудин-Горский","summary":"Место съёмки Прокудина-Горского: [Катав-Ивановский район: между г. Юрюзань и ст. Вязовая].","url":"http://prokudin-gorskiy.ru/tree.php?ID=403","image_url":"http://prokudin-gorskiy.ru/library/pg/loc/0059g.jpg","source":"prokudin-gorskiy.ru","source_id":"403","license":"фотографии — общественное достояние; привязка мест — по сайту-каталогу","confidence":"ok","extra":{"photo_page":"http://prokudin-gorskiy.ru/image.php?ID=209"}}},{"type":"Feature","id":"prokudin_gorsky:142b47976203","geometry":{"type":"Point","coordinates":[56.819401,58.28793]},"properties":{"uid":"prokudin_gorsky:142b47976203","layer":"prokudin_gorsky","layer_title":"Фотографии Прокудина-Горского","group":"culture","title":"[Усть-Шалашная, окрестности]","category":"фотография","place_text":"[Усть-Шалашная, окрестности]","year_from":1903,"year_to":1916,"date_precision":"year","date_approx":true,"period_raw":"1903–1916","actor":"С. М. Прокудин-Горский","summary":"Место съёмки Прокудина-Горского: [Усть-Шалашная, окрестности].","url":"http://prokudin-gorskiy.ru/tree.php?ID=406","image_url":"http://prokudin-gorskiy.ru/library/pg/loc/2598g.jpg","source":"prokudin-gorskiy.ru","source_id":"406","license":"фотографии — общественное достояние; привязка мест — по сайту-каталогу","confidence":"ok","extra":{"photo_page":"http://prokudin-gorskiy.ru/image.php?ID=1503"}}},{"type":"Feature","id":"prokudin_gorsky:b338dde1b081","geometry":{"type":"Point","coordinates":[56.975441,58.160561]},"properties":{"uid":"prokudin_gorsky:b338dde1b081","layer":"prokudin_gorsky","layer_title":"Фотографии Прокудина-Горского","group":"culture","title":"Куликово","category":"фотография","place_text":"Куликово","year_from":1903,"year_to":1916,"date_precision":"year","date_approx":true,"period_raw":"1903–1916","actor":"С. М. Прокудин-Горский","summary":"Место съёмки Прокудина-Горского: Куликово.","url":"http://prokudin-gorskiy.ru/tree.php?ID=407","image_url":"http://prokudin-gorskiy.ru/library/pg/loc/0709g.jpg","source":"prokudin-gorskiy.ru","source_id":"407","license":"фотографии — общественное достояние; привязка мест — по сайту-каталогу","confidence":"ok","extra":{"photo_page":"http://prokudin-gorskiy.ru/image.php?ID=1505"}}},{"type":"Feature","id":"prokudin_gorsky:0ab57a54eb11","geometry":{"type":"Point","coordinates":[57.050285,58.199299]},"properties":{"uid":"prokudin_gorsky:0ab57a54eb11","layer":"prokudin_gorsky","layer_title":"Фотографии Прокудина-Горского","group":"culture","title":"Вилижная","category":"фотография","place_text":"Вилижная","year_from":1903,"year_to":1916,"date_precision":"year","date_approx":true,"period_raw":"1903–1916","actor":"С. М. Прокудин-Горский","summary":"Место съёмки Прокудина-Горского: Вилижная.","url":"http://prokudin-gorskiy.ru/tree.php?ID=408","image_url":"http://prokudin-gorskiy.ru/library/pg/loc/0710g.jpg","source":"prokudin-gorskiy.ru","source_id":"408","license":"фотографии — общественное достояние; привязка мест — по сайту-каталогу","confidence":"ok","extra":{"photo_page":"http://prokudin-gorskiy.ru/image.php?ID=1506"}}},{"type":"Feature","id":"prokudin_gorsky:8e2e577274dc","geometry":{"type":"Point","coordinates":[57.068481,58.211961]},"properties":{"uid":"prokudin_gorsky:8e2e577274dc","layer":"prokudin_gorsky","layer_title":"Фотографии Прокудина-Горского","group":"culture","title":"Успенка","category":"фотография","place_text":"Успенка","year_from":1903,"year_to":1916,"date_precision":"year","date_approx":true,"period_raw":"1903–1916","actor":"С. М. Прокудин-Горский","summary":"Место съёмки Прокудина-Горского: Успенка.","url":"http://prokudin-gorskiy.ru/tree.php?ID=409","image_url":"http://prokudin-gorskiy.ru/library/pg/loc/0708g.jpg","source":"prokudin-gorskiy.ru","source_id":"409","license":"фотографии — общественное достояние; привязка мест — по сайту-каталогу","confidence":"ok","extra":{"photo_page":"http://prokudin-gorskiy.ru/image.php?ID=1507"}}},{"type":"Feature","id":"prokudin_gorsky:d0fa6e9bd07e","geometry":{"type":"Point","coordinates":[57.128735,58.187719]},"properties":{"uid":"prokudin_gorsky:d0fa6e9bd07e","layer":"prokudin_gorsky","layer_title":"Фотографии Прокудина-Горского","group":"culture","title":"[Верхние Городки, затоплено]","category":"фотография","place_text":"[Верхние Городки, затоплено]","year_from":1903,"year_to":1916,"date_precision":"year","date_approx":true,"period_raw":"1903–1916","actor":"С. М. Прокудин-Горский","summary":"Место съёмки Прокудина-Горского: [Верхние Городки, затоплено].","url":"http://prokudin-gorskiy.ru/tree.php?ID=410","image_url":"http://prokudin-gorskiy.ru/library/pg/loc/0712g.jpg","source":"prokudin-gorskiy.ru","source_id":"410","license":"фотографии — общественное достояние; привязка мест — по сайту-каталогу","confidence":"ok","extra":{"photo_page":"http://prokudin-gorskiy.ru/image.php?ID=1511"}}},{"type":"Feature","id":"prokudin_gorsky:1b10b42b811a","geometry":{"type":"Point","coordinates":[57.817955,58.285313]},"properties":{"uid":"prokudin_gorsky:1b10b42b811a","layer":"prokudin_gorsky","layer_title":"Фотографии Прокудина-Горского","group":"culture","title":"Чусовой","category":"фотография","place_text":"Чусовой","year_from":1903,"year_to":1916,"date_precision":"year","date_approx":true,"period_raw":"1903–1916","actor":"С. М. Прокудин-Горский","summary":"Место съёмки Прокудина-Горского: Чусовой.","url":"http://prokudin-gorskiy.ru/tree.php?ID=411","image_url":"http://prokudin-gorskiy.ru/library/pg/loc/0713g.jpg","source":"prokudin-gorskiy.ru","source_id":"411","license":"фотографии — общественное достояние; привязка мест — по сайту-каталогу","confidence":"ok","extra":{"photo_page":"http://prokudin-gorskiy.ru/image.php?ID=1513"}}},{"type":"Feature","id":"prokudin_gorsky:e9df08e6f578","geometry":{"type":"Point","coordinates":[58.647595,57.867493]},"properties":{"uid":"prokudin_gorsky:e9df08e6f578","layer":"prokudin_gorsky","layer_title":"Фотографии Прокудина-Горского","group":"culture","title":"Кын","category":"фотография","place_text":"Кын","year_from":1903,"year_to":1916,"date_precision":"year","date_approx":true,"period_raw":"1903–1916","actor":"С. М. Прокудин-Горский","summary":"Место съёмки Прокудина-Горского: Кын.","url":"http://prokudin-gorskiy.ru/tree.php?ID=414","image_url":"http://prokudin-gorskiy.ru/library/pg/loc/0720g.jpg","source":"prokudin-gorskiy.ru","source_id":"414","license":"фотографии — общественное достояние; привязка мест — по сайту-каталогу","confidence":"ok","extra":{"photo_page":"http://prokudin-gorskiy.ru/image.php?ID=1521"}}},{"type":"Feature","id":"prokudin_gorsky:9e2b68e22442","geometry":{"type":"Point","coordinates":[58.910065,57.678916]},"properties":{"uid":"prokudin_gorsky:9e2b68e22442","layer":"prokudin_gorsky","layer_title":"Фотографии Прокудина-Горского","group":"culture","title":"[камень Олений]","category":"фотография","place_text":"[камень Олений]","year_from":1903,"year_to":1916,"date_precision":"year","date_approx":true,"period_raw":"1903–1916","actor":"С. М. Прокудин-Горский","summary":"Место съёмки Прокудина-Горского: [камень Олений].","url":"http://prokudin-gorskiy.ru/tree.php?ID=421","image_url":"http://prokudin-gorskiy.ru/library/pg/loc/0727g.jpg","source":"prokudin-gorskiy.ru","source_id":"421","license":"фотографии — общественное достояние; привязка мест — по сайту-каталогу","confidence":"ok","extra":{"photo_page":"http://prokudin-gorskiy.ru/image.php?ID=1529"}}},{"type":"Feature","id":"prokudin_gorsky:62cc647f62b4","geometry":{"type":"Point","coordinates":[58.852558,57.712126]},"properties":{"uid":"prokudin_gorsky:62cc647f62b4","layer":"prokudin_gorsky","layer_title":"Фотографии Прокудина-Горского","group":"culture","title":"[камень Столбы]","category":"фотография","place_text":"[камень Столбы]","year_from":1903,"year_to":1916,"date_precision":"year","date_approx":true,"period_raw":"1903–1916","actor":"С. М. Прокудин-Горский","summary":"Место съёмки Прокудина-Горского: [камень Столбы].","url":"http://prokudin-gorskiy.ru/tree.php?ID=422","image_url":"http://prokudin-gorskiy.ru/library/pg/loc/0722g.jpg","source":"prokudin-gorskiy.ru","source_id":"422","license":"фотографии — общественное достояние; привязка мест — по сайту-каталогу","confidence":"ok","extra":{"photo_page":"http://prokudin-gorskiy.ru/image.php?ID=1525"}}},{"type":"Feature","id":"prokudin_gorsky:ec0ed9ff9906","geometry":{"type":"Point","coordinates":[58.893242,57.663815]},"properties":{"uid":"prokudin_gorsky:ec0ed9ff9906","layer":"prokudin_gorsky","layer_title":"Фотографии Прокудина-Горского","group":"culture","title":"[камень Дыроватый]","category":"фотография","place_text":"[камень Дыроватый]","year_from":1903,"year_to":1916,"date_precision":"year","date_approx":true,"period_raw":"1903–1916","actor":"С. М. Прокудин-Горский","summary":"Место съёмки Прокудина-Горского: [камень Дыроватый].","url":"http://prokudin-gorskiy.ru/tree.php?ID=424","image_url":"http://prokudin-gorskiy.ru/library/pg/loc/0728g.jpg","source":"prokudin-gorskiy.ru","source_id":"424","license":"фотографии — общественное достояние; привязка мест — по сайту-каталогу","confidence":"ok","extra":{"photo_page":"http://prokudin-gorskiy.ru/image.php?ID=1530"}}},{"type":"Feature","id":"prokudin_gorsky:2d490a4e6339","geometry":{"type":"Point","coordinates":[58.733597,57.845939]},"properties":{"uid":"prokudin_gorsky:2d490a4e6339","layer":"prokudin_gorsky","layer_title":"Фотографии Прокудина-Горского","group":"culture","title":"[камень Кирпичный]","category":"фотография","place_text":"[камень Кирпичный]","year_from":1903,"year_to":1916,"date_precision":"year","date_approx":true,"period_raw":"1903–1916","actor":"С. М. Прокудин-Горский","summary":"Место съёмки Прокудина-Горского: [камень Кирпичный].","url":"http://prokudin-gorskiy.ru/tree.php?ID=425","image_url":"http://prokudin-gorskiy.ru/library/pg/loc/0723g.jpg","source":"prokudin-gorskiy.ru","source_id":"425","license":"фотографии — общественное достояние; привязка мест — по сайту-каталогу","confidence":"ok","extra":{"photo_page":"http://prokudin-gorskiy.ru/image.php?ID=1524"}}},{"type":"Feature","id":"prokudin_gorsky:bf91097516bf","geometry":{"type":"Point","coordinates":[58.928003,57.663632]},"properties":{"uid":"prokudin_gorsky:bf91097516bf","layer":"prokudin_gorsky","layer_title":"Фотографии Прокудина-Горского","group":"culture","title":"[камень Омутной]","category":"фотография","place_text":"[камень Омутной]","year_from":1903,"year_to":1916,"date_precision":"year","date_approx":true,"period_raw":"1903–1916","actor":"С. М. Прокудин-Горский","summary":"Место съёмки Прокудина-Горского: [камень Омутной].","url":"http://prokudin-gorskiy.ru/tree.php?ID=426","image_url":"http://prokudin-gorskiy.ru/library/pg/loc/0729g.jpg","source":"prokudin-gorskiy.ru","source_id":"426","license":"фотографии — общественное достояние; привязка мест — по сайту-каталогу","confidence":"ok","extra":{"photo_page":"http://prokudin-gorskiy.ru/image.php?ID=1531"}}},{"type":"Feature","id":"prokudin_gorsky:822281ed3c7d","geometry":{"type":"Point","coordinates":[58.933411,57.639061]},"properties":{"uid":"prokudin_gorsky:822281ed3c7d","layer":"prokudin_gorsky","layer_title":"Фотографии Прокудина-Горского","group":"culture","title":"Кашка (нежил.)","category":"фотография","place_text":"Кашка (нежил.)","year_from":1903,"year_to":1916,"date_precision":"year","date_approx":true,"period_raw":"1903–1916","actor":"С. М. Прокудин-Горский","summary":"Место съёмки Прокудина-Горского: Кашка (нежил.).","url":"http://prokudin-gorskiy.ru/tree.php?ID=427","image_url":"http://prokudin-gorskiy.ru/library/pg/loc/0730g.jpg","source":"prokudin-gorskiy.ru","source_id":"427","license":"фотографии — общественное достояние; привязка мест — по сайту-каталогу","confidence":"ok","extra":{"photo_page":"http://prokudin-gorskiy.ru/image.php?ID=1533"}}},{"type":"Feature","id":"prokudin_gorsky:b01830985b7d","geometry":{"type":"Point","coordinates":[59.022589,57.62353]},"properties":{"uid":"prokudin_gorsky:b01830985b7d","layer":"prokudin_gorsky","layer_title":"Фотографии Прокудина-Горского","group":"culture","title":"Усть-Утка","category":"фотография","place_text":"Усть-Утка","year_from":1903,"year_to":1916,"date_precision":"year","date_approx":true,"period_raw":"1903–1916","actor":"С. М. Прокудин-Горский","summary":"Место съёмки Прокудина-Горского: Усть-Утка.","url":"http://prokudin-gorskiy.ru/tree.php?ID=428","image_url":"http://prokudin-gorskiy.ru/library/pg/loc/0731g.jpg","source":"prokudin-gorskiy.ru","source_id":"428","license":"фотографии — общественное достояние; привязка мест — по сайту-каталогу","confidence":"ok","extra":{"photo_page":"http://prokudin-gorskiy.ru/image.php?ID=1534"}}},{"type":"Feature","id":"prokudin_gorsky:fd260756beb8","geometry":{"type":"Point","coordinates":[59.089794,57.577678]},"properties":{"uid":"prokudin_gorsky:fd260756beb8","layer":"prokudin_gorsky","layer_title":"Фотографии Прокудина-Горского","group":"culture","title":"Романово (нежил.)","category":"фотография","place_text":"Романово (нежил.)","year_from":1903,"year_to":1916,"date_precision":"year","date_approx":true,"period_raw":"1903–1916","actor":"С. М. Прокудин-Горский","summary":"Место съёмки Прокудина-Горского: Романово (нежил.).","url":"http://prokudin-gorskiy.ru/tree.php?ID=429","image_url":"http://prokudin-gorskiy.ru/library/pg/loc/0733g.jpg","source":"prokudin-gorskiy.ru","source_id":"429","license":"фотографии — общественное достояние; привязка мест — по сайту-каталогу","confidence":"ok","extra":{"photo_page":"http://prokudin-gorskiy.ru/image.php?ID=1539"}}},{"type":"Feature","id":"prokudin_gorsky:070a2389e9ce","geometry":{"type":"Point","coordinates":[59.065247,57.497841]},"properties":{"uid":"prokudin_gorsky:070a2389e9ce","layer":"prokudin_gorsky","layer_title":"Фотографии Прокудина-Горского","group":"culture","title":"Илим","category":"фотография","place_text":"Илим","year_from":1903,"year_to":1916,"date_precision":"year","date_approx":true,"period_raw":"1903–1916","actor":"С. М. Прокудин-Горский","summary":"Место съёмки Прокудина-Горского: Илим.","url":"http://prokudin-gorskiy.ru/tree.php?ID=433","image_url":"http://prokudin-gorskiy.ru/library/pg/loc/0734g.jpg","source":"prokudin-gorskiy.ru","source_id":"433","license":"фотографии — общественное достояние; привязка мест — по сайту-каталогу","confidence":"ok","extra":{"photo_page":"http://prokudin-gorskiy.ru/image.php?ID=1540"}}},{"type":"Feature","id":"prokudin_gorsky:d4a4c79cdfd4","geometry":{"type":"Point","coordinates":[59.18232,57.396884]},"properties":{"uid":"prokudin_gorsky:d4a4c79cdfd4","layer":"prokudin_gorsky","layer_title":"Фотографии Прокудина-Горского","group":"culture","title":"Мартьяново и окрестности","category":"фотография","place_text":"Мартьяново и окрестности","year_from":1903,"year_to":1916,"date_precision":"year","date_approx":true,"period_raw":"1903–1916","actor":"С. М. Прокудин-Горский","summary":"Место съёмки Прокудина-Горского: Мартьяново и окрестности.","url":"http://prokudin-gorskiy.ru/tree.php?ID=434","image_url":"http://prokudin-gorskiy.ru/library/pg/loc/0736g.jpg","source":"prokudin-gorskiy.ru","source_id":"434","license":"фотографии — общественное достояние; привязка мест — по сайту-каталогу","confidence":"ok","extra":{"photo_page":"http://prokudin-gorskiy.ru/image.php?ID=1542"}}},{"type":"Feature","id":"prokudin_gorsky:ce129e8b0578","geometry":{"type":"Point","coordinates":[59.249439,57.338937]},"properties":{"uid":"prokudin_gorsky:ce129e8b0578","layer":"prokudin_gorsky","layer_title":"Фотографии Прокудина-Горского","group":"culture","title":"Чусовое","category":"фотография","place_text":"Чусовое","year_from":1903,"year_to":1916,"date_precision":"year","date_approx":true,"period_raw":"1903–1916","actor":"С. М. Прокудин-Горский","summary":"Место съёмки Прокудина-Горского: Чусовое.","url":"http://prokudin-gorskiy.ru/tree.php?ID=435","image_url":"http://prokudin-gorskiy.ru/library/pg/loc/0740g.jpg","source":"prokudin-gorskiy.ru","source_id":"435","license":"фотографии — общественное достояние; привязка мест — по сайту-каталогу","confidence":"ok","extra":{"photo_page":"http://prokudin-gorskiy.ru/image.php?ID=1546"}}},{"type":"Feature","id":"prokudin_gorsky:768c8e22d7fc","geometry":{"type":"Point","coordinates":[59.294243,57.298709]},"properties":{"uid":"prokudin_gorsky:768c8e22d7fc","layer":"prokudin_gorsky","layer_title":"Фотографии Прокудина-Горского","group":"culture","title":"Родина (нежил.)","category":"фотография","place_text":"Родина (нежил.)","year_from":1903,"year_to":1916,"date_precision":"year","date_approx":true,"period_raw":"1903–1916","actor":"С. М. Прокудин-Горский","summary":"Место съёмки Прокудина-Горского: Родина (нежил.).","url":"http://prokudin-gorskiy.ru/tree.php?ID=436","image_url":"http://prokudin-gorskiy.ru/library/pg/loc/0742g.jpg","source":"prokudin-gorskiy.ru","source_id":"436","license":"фотографии — общественное достояние; привязка мест — по сайту-каталогу","confidence":"ok","extra":{"photo_page":"http://prokudin-gorskiy.ru/image.php?ID=1548"}}},{"type":"Feature","id":"prokudin_gorsky:e01c27c12cf0","geometry":{"type":"Point","coordinates":[59.321365,57.231131]},"properties":{"uid":"prokudin_gorsky:e01c27c12cf0","layer":"prokudin_gorsky","layer_title":"Фотографии Прокудина-Горского","group":"culture","title":"Староуткинск","category":"фотография","place_text":"Староуткинск","year_from":1903,"year_to":1916,"date_precision":"year","date_approx":true,"period_raw":"1903–1916","actor":"С. М. Прокудин-Горский","summary":"Место съёмки Прокудина-Горского: Староуткинск.","url":"http://prokudin-gorskiy.ru/tree.php?ID=438","image_url":"http://prokudin-gorskiy.ru/library/pg/loc/0749g.jpg","source":"prokudin-gorskiy.ru","source_id":"438","license":"фотографии — общественное достояние; привязка мест — по сайту-каталогу","confidence":"ok","extra":{"photo_page":"http://prokudin-gorskiy.ru/image.php?ID=1555"}}},{"type":"Feature","id":"prokudin_gorsky:3960f8d1603e","geometry":{"type":"Point","coordinates":[59.370976,57.210778]},"properties":{"uid":"prokudin_gorsky:3960f8d1603e","layer":"prokudin_gorsky","layer_title":"Фотографии Прокудина-Горского","group":"culture","title":"Курья","category":"фотография","place_text":"Курья","year_from":1903,"year_to":1916,"date_precision":"year","date_approx":true,"period_raw":"1903–1916","actor":"С. М. Прокудин-Горский","summary":"Место съёмки Прокудина-Горского: Курья.","url":"http://prokudin-gorskiy.ru/tree.php?ID=439","image_url":"http://prokudin-gorskiy.ru/library/pg/loc/0750g.jpg","source":"prokudin-gorskiy.ru","source_id":"439","license":"фотографии — общественное достояние; привязка мест — по сайту-каталогу","confidence":"ok","extra":{"photo_page":"http://prokudin-gorskiy.ru/image.php?ID=1557"}}},{"type":"Feature","id":"prokudin_gorsky:765a5bff29ae","geometry":{"type":"Point","coordinates":[59.546242,57.104834]},"properties":{"uid":"prokudin_gorsky:765a5bff29ae","layer":"prokudin_gorsky","layer_title":"Фотографии Прокудина-Горского","group":"culture","title":"[камень Шайтан]","category":"фотография","place_text":"[камень Шайтан]","year_from":1903,"year_to":1916,"date_precision":"year","date_approx":true,"period_raw":"1903–1916","actor":"С. М. Прокудин-Горский","summary":"Место съёмки Прокудина-Горского: [камень Шайтан].","url":"http://prokudin-gorskiy.ru/tree.php?ID=442","image_url":"http://prokudin-gorskiy.ru/library/pg/loc/0774g.jpg","source":"prokudin-gorskiy.ru","source_id":"442","license":"фотографии — общественное достояние; привязка мест — по сайту-каталогу","confidence":"ok","extra":{"photo_page":"http://prokudin-gorskiy.ru/image.php?ID=1567"}}},{"type":"Feature","id":"prokudin_gorsky:ae960d514384","geometry":{"type":"Point","coordinates":[59.510193,57.059123]},"properties":{"uid":"prokudin_gorsky:ae960d514384","layer":"prokudin_gorsky","layer_title":"Фотографии Прокудина-Горского","group":"culture","title":"Каменка","category":"фотография","place_text":"Каменка","year_from":1903,"year_to":1916,"date_precision":"year","date_approx":true,"period_raw":"1903–1916","actor":"С. М. Прокудин-Горский","summary":"Место съёмки Прокудина-Горского: Каменка.","url":"http://prokudin-gorskiy.ru/tree.php?ID=443","image_url":"http://prokudin-gorskiy.ru/library/pg/loc/0775g.jpg","source":"prokudin-gorskiy.ru","source_id":"443","license":"фотографии — общественное достояние; привязка мест — по сайту-каталогу","confidence":"ok","extra":{"photo_page":"http://prokudin-gorskiy.ru/image.php?ID=1571"}}},{"type":"Feature","id":"prokudin_gorsky:e131c79b01b6","geometry":{"type":"Point","coordinates":[38.740368,56.400415]},"properties":{"uid":"prokudin_gorsky:e131c79b01b6","layer":"prokudin_gorsky","layer_title":"Фотографии Прокудина-Горского","group":"culture","title":"Александров","category":"фотография","place_text":"Александров","year_from":1903,"year_to":1916,"date_precision":"year","date_approx":true,"period_raw":"1903–1916","actor":"С. М. Прокудин-Горский","summary":"Место съёмки Прокудина-Горского: Александров.","url":"http://prokudin-gorskiy.ru/tree.php?ID=446","image_url":"http://prokudin-gorskiy.ru/library/pg/loc/1263g.jpg","source":"prokudin-gorskiy.ru","source_id":"446","license":"фотографии — общественное достояние; привязка мест — по сайту-каталогу","confidence":"ok","extra":{"photo_page":"http://prokudin-gorskiy.ru/image.php?ID=1584"}}},{"type":"Feature","id":"prokudin_gorsky:644a3b8dbf8d","geometry":{"type":"Point","coordinates":[35.4776,61.010983]},"properties":{"uid":"prokudin_gorsky:644a3b8dbf8d","layer":"prokudin_gorsky","layer_title":"Фотографии Прокудина-Горского","group":"culture","title":"Вознесенье","category":"фотография","place_text":"Вознесенье","year_from":1903,"year_to":1916,"date_precision":"year","date_approx":true,"period_raw":"1903–1916","actor":"С. М. Прокудин-Горский","summary":"Место съёмки Прокудина-Горского: Вознесенье.","url":"http://prokudin-gorskiy.ru/tree.php?ID=447","image_url":"http://prokudin-gorskiy.ru/library/pg/loc/0932g.jpg","source":"prokudin-gorskiy.ru","source_id":"447","license":"фотографии — общественное достояние; привязка мест — по сайту-каталогу","confidence":"ok","extra":{"photo_page":"http://prokudin-gorskiy.ru/image.php?ID=1586"}}},{"type":"Feature","id":"prokudin_gorsky:bd100f48afbe","geometry":{"type":"Point","coordinates":[38.475838,59.447868]},"properties":{"uid":"prokudin_gorsky:bd100f48afbe","layer":"prokudin_gorsky","layer_title":"Фотографии Прокудина-Горского","group":"culture","title":"Черная Гряда","category":"фотография","place_text":"Черная Гряда","year_from":1903,"year_to":1916,"date_precision":"year","date_approx":true,"period_raw":"1903–1916","actor":"С. М. Прокудин-Горский","summary":"Место съёмки Прокудина-Горского: Черная Гряда.","url":"http://prokudin-gorskiy.ru/tree.php?ID=452","image_url":"http://prokudin-gorskiy.ru/library/pg/loc/1022g.jpg","source":"prokudin-gorskiy.ru","source_id":"452","license":"фотографии — общественное достояние; привязка мест — по сайту-каталогу","confidence":"ok","extra":{"photo_page":"http://prokudin-gorskiy.ru/image.php?ID=1592"}}},{"type":"Feature","id":"prokudin_gorsky:5a07b9d5caac","geometry":{"type":"Point","coordinates":[43.518133,41.810764]},"properties":{"uid":"prokudin_gorsky:5a07b9d5caac","layer":"prokudin_gorsky","layer_title":"Фотографии Прокудина-Горского","group":"culture","title":"Тимотесубани","category":"фотография","place_text":"Тимотесубани","year_from":1903,"year_to":1916,"date_precision":"year","date_approx":true,"period_raw":"1903–1916","actor":"С. М. Прокудин-Горский","summary":"Место съёмки Прокудина-Горского: Тимотесубани.","url":"http://prokudin-gorskiy.ru/tree.php?ID=454","image_url":"http://prokudin-gorskiy.ru/library/pg/loc/1672g.jpg","source":"prokudin-gorskiy.ru","source_id":"454","license":"фотографии — общественное достояние; привязка мест — по сайту-каталогу","confidence":"ok","extra":{"photo_page":"http://prokudin-gorskiy.ru/image.php?ID=1887"}}},{"type":"Feature","id":"prokudin_gorsky:28623128cad0","geometry":{"type":"Point","coordinates":[58.199215,54.749892]},"properties":{"uid":"prokudin_gorsky:28623128cad0","layer":"prokudin_gorsky","layer_title":"Фотографии Прокудина-Горского","group":"culture","title":"Катав-Ивановск","category":"фотография","place_text":"Катав-Ивановск","year_from":1903,"year_to":1916,"date_precision":"year","date_approx":true,"period_raw":"1903–1916","actor":"С. М. Прокудин-Горский","summary":"Место съёмки Прокудина-Горского: Катав-Ивановск.","url":"http://prokudin-gorskiy.ru/tree.php?ID=458","image_url":"http://prokudin-gorskiy.ru/library/pg/loc/0619g.jpg","source":"prokudin-gorskiy.ru","source_id":"458","license":"фотографии — общественное достояние; привязка мест — по сайту-каталогу","confidence":"ok","extra":{"photo_page":"http://prokudin-gorskiy.ru/image.php?ID=1018"}}},{"type":"Feature","id":"prokudin_gorsky:b5354c46bf01","geometry":{"type":"Point","coordinates":[58.42083,54.860011]},"properties":{"uid":"prokudin_gorsky:b5354c46bf01","layer":"prokudin_gorsky","layer_title":"Фотографии Прокудина-Горского","group":"culture","title":"Юрюзань","category":"фотография","place_text":"Юрюзань","year_from":1903,"year_to":1916,"date_precision":"year","date_approx":true,"period_raw":"1903–1916","actor":"С. М. Прокудин-Горский","summary":"Место съёмки Прокудина-Горского: Юрюзань.","url":"http://prokudin-gorskiy.ru/tree.php?ID=459","image_url":"http://prokudin-gorskiy.ru/library/pg/loc/0624g.jpg","source":"prokudin-gorskiy.ru","source_id":"459","license":"фотографии — общественное достояние; привязка мест — по сайту-каталогу","confidence":"ok","extra":{"photo_page":"http://prokudin-gorskiy.ru/image.php?ID=1023"}}},{"type":"Feature","id":"prokudin_gorsky:8f12c921d44d","geometry":{"type":"Point","coordinates":[60.24765,56.848784]},"properties":{"uid":"prokudin_gorsky:8f12c921d44d","layer":"prokudin_gorsky","layer_title":"Фотографии Прокудина-Горского","group":"culture","title":"Старые Решёты","category":"фотография","place_text":"Старые Решёты","year_from":1903,"year_to":1916,"date_precision":"year","date_approx":true,"period_raw":"1903–1916","actor":"С. М. Прокудин-Горский","summary":"Место съёмки Прокудина-Горского: Старые Решёты.","url":"http://prokudin-gorskiy.ru/tree.php?ID=460","image_url":"http://prokudin-gorskiy.ru/library/pg/loc/0782g.jpg","source":"prokudin-gorskiy.ru","source_id":"460","license":"фотографии — общественное достояние; привязка мест — по сайту-каталогу","confidence":"ok","extra":{"photo_page":"http://prokudin-gorskiy.ru/image.php?ID=1619"}}},{"type":"Feature","id":"prokudin_gorsky:e61355a6f22c","geometry":{"type":"Point","coordinates":[60.18023,56.852961]},"properties":{"uid":"prokudin_gorsky:e61355a6f22c","layer":"prokudin_gorsky","layer_title":"Фотографии Прокудина-Горского","group":"culture","title":"Хрустальная","category":"фотография","place_text":"Хрустальная","year_from":1903,"year_to":1916,"date_precision":"year","date_approx":true,"period_raw":"1903–1916","actor":"С. М. Прокудин-Горский","summary":"Место съёмки Прокудина-Горского: Хрустальная.","url":"http://prokudin-gorskiy.ru/tree.php?ID=461","image_url":"http://prokudin-gorskiy.ru/library/pg/loc/0783g.jpg","source":"prokudin-gorskiy.ru","source_id":"461","license":"фотографии — общественное достояние; привязка мест — по сайту-каталогу","confidence":"ok","extra":{"photo_page":"http://prokudin-gorskiy.ru/image.php?ID=1622"}}},{"type":"Feature","id":"prokudin_gorsky:0efaed278665","geometry":{"type":"Point","coordinates":[62.186394,56.367342]},"properties":{"uid":"prokudin_gorsky:0efaed278665","layer":"prokudin_gorsky","layer_title":"Фотографии Прокудина-Горского","group":"culture","title":"Колчедан","category":"фотография","place_text":"Колчедан","year_from":1903,"year_to":1916,"date_precision":"year","date_approx":true,"period_raw":"1903–1916","actor":"С. М. Прокудин-Горский","summary":"Место съёмки Прокудина-Горского: Колчедан.","url":"http://prokudin-gorskiy.ru/tree.php?ID=464","image_url":"http://prokudin-gorskiy.ru/library/pg/loc/0799g.jpg","source":"prokudin-gorskiy.ru","source_id":"464","license":"фотографии — общественное достояние; привязка мест — по сайту-каталогу","confidence":"ok","extra":{"photo_page":"http://prokudin-gorskiy.ru/image.php?ID=1637"}}},{"type":"Feature","id":"prokudin_gorsky:1381748dcd4c","geometry":{"type":"Point","coordinates":[62.267418,56.340901]},"properties":{"uid":"prokudin_gorsky:1381748dcd4c","layer":"prokudin_gorsky","layer_title":"Фотографии Прокудина-Горского","group":"culture","title":"Водолазово","category":"фотография","place_text":"Водолазово","year_from":1903,"year_to":1916,"date_precision":"year","date_approx":true,"period_raw":"1903–1916","actor":"С. М. Прокудин-Горский","summary":"Место съёмки Прокудина-Горского: Водолазово.","url":"http://prokudin-gorskiy.ru/tree.php?ID=466","image_url":"http://prokudin-gorskiy.ru/library/pg/loc/0801g.jpg","source":"prokudin-gorskiy.ru","source_id":"466","license":"фотографии — общественное достояние; привязка мест — по сайту-каталогу","confidence":"ok","extra":{"photo_page":"http://prokudin-gorskiy.ru/image.php?ID=1639"}}},{"type":"Feature","id":"prokudin_gorsky:fb7516947cf0","geometry":{"type":"Point","coordinates":[62.585163,56.288918]},"properties":{"uid":"prokudin_gorsky:fb7516947cf0","layer":"prokudin_gorsky","layer_title":"Фотографии Прокудина-Горского","group":"culture","title":"Катайск","category":"фотография","place_text":"Катайск","year_from":1903,"year_to":1916,"date_precision":"year","date_approx":true,"period_raw":"1903–1916","actor":"С. М. Прокудин-Горский","summary":"Место съёмки Прокудина-Горского: Катайск.","url":"http://prokudin-gorskiy.ru/tree.php?ID=467","image_url":"http://prokudin-gorskiy.ru/library/pg/loc/0803g.jpg","source":"prokudin-gorskiy.ru","source_id":"467","license":"фотографии — общественное достояние; привязка мест — по сайту-каталогу","confidence":"ok","extra":{"photo_page":"http://prokudin-gorskiy.ru/image.php?ID=1648"}}},{"type":"Feature","id":"prokudin_gorsky:92d5bd151a6a","geometry":{"type":"Point","coordinates":[62.938614,56.262995]},"properties":{"uid":"prokudin_gorsky:92d5bd151a6a","layer":"prokudin_gorsky","layer_title":"Фотографии Прокудина-Горского","group":"culture","title":"Далматово","category":"фотография","place_text":"Далматово","year_from":1903,"year_to":1916,"date_precision":"year","date_approx":true,"period_raw":"1903–1916","actor":"С. М. Прокудин-Горский","summary":"Место съёмки Прокудина-Горского: Далматово.","url":"http://prokudin-gorskiy.ru/tree.php?ID=469","image_url":"http://prokudin-gorskiy.ru/library/pg/loc/0806g.jpg","source":"prokudin-gorskiy.ru","source_id":"469","license":"фотографии — общественное достояние; привязка мест — по сайту-каталогу","confidence":"ok","extra":{"photo_page":"http://prokudin-gorskiy.ru/image.php?ID=1649"}}},{"type":"Feature","id":"prokudin_gorsky:35b5a0f1883a","geometry":{"type":"Point","coordinates":[62.712193,56.848972]},"properties":{"uid":"prokudin_gorsky:35b5a0f1883a","layer":"prokudin_gorsky","layer_title":"Фотографии Прокудина-Горского","group":"culture","title":"Камышлов","category":"фотография","place_text":"Камышлов","year_from":1903,"year_to":1916,"date_precision":"year","date_approx":true,"period_raw":"1903–1916","actor":"С. М. Прокудин-Горский","summary":"Место съёмки Прокудина-Горского: Камышлов.","url":"http://prokudin-gorskiy.ru/tree.php?ID=472","image_url":"http://prokudin-gorskiy.ru/library/pg/loc/0825g.jpg","source":"prokudin-gorskiy.ru","source_id":"472","license":"фотографии — общественное достояние; привязка мест — по сайту-каталогу","confidence":"ok","extra":{"photo_page":"http://prokudin-gorskiy.ru/image.php?ID=1671"}}},{"type":"Feature","id":"prokudin_gorsky:1c3d68777f3d","geometry":{"type":"Point","coordinates":[62.600098,56.82869]},"properties":{"uid":"prokudin_gorsky:1c3d68777f3d","layer":"prokudin_gorsky","layer_title":"Фотографии Прокудина-Горского","group":"culture","title":"Обуховское","category":"фотография","place_text":"Обуховское","year_from":1903,"year_to":1916,"date_precision":"year","date_approx":true,"period_raw":"1903–1916","actor":"С. М. Прокудин-Горский","summary":"Место съёмки Прокудина-Горского: Обуховское.","url":"http://prokudin-gorskiy.ru/tree.php?ID=473","image_url":"http://prokudin-gorskiy.ru/library/pg/loc/0830g.jpg","source":"prokudin-gorskiy.ru","source_id":"473","license":"фотографии — общественное достояние; привязка мест — по сайту-каталогу","confidence":"ok","extra":{"photo_page":"http://prokudin-gorskiy.ru/image.php?ID=1674"}}},{"type":"Feature","id":"prokudin_gorsky:45624630056c","geometry":{"type":"Point","coordinates":[63.60775,56.133498]},"properties":{"uid":"prokudin_gorsky:45624630056c","layer":"prokudin_gorsky","layer_title":"Фотографии Прокудина-Горского","group":"culture","title":"Ключи","category":"фотография","place_text":"Ключи","year_from":1903,"year_to":1916,"date_precision":"year","date_approx":true,"period_raw":"1903–1916","actor":"С. М. Прокудин-Горский","summary":"Место съёмки Прокудина-Горского: Ключи.","url":"http://prokudin-gorskiy.ru/tree.php?ID=474","image_url":"http://prokudin-gorskiy.ru/library/pg/loc/0820g.jpg","source":"prokudin-gorskiy.ru","source_id":"474","license":"фотографии — общественное достояние; привязка мест — по сайту-каталогу","confidence":"ok","extra":{"photo_page":"http://prokudin-gorskiy.ru/image.php?ID=1664"}}},{"type":"Feature","id":"prokudin_gorsky:f1a20b53ffa6","geometry":{"type":"Point","coordinates":[63.435402,56.270621]},"properties":{"uid":"prokudin_gorsky:f1a20b53ffa6","layer":"prokudin_gorsky","layer_title":"Фотографии Прокудина-Горского","group":"culture","title":"Дрянново","category":"фотография","place_text":"Дрянново","year_from":1903,"year_to":1916,"date_precision":"year","date_approx":true,"period_raw":"1903–1916","actor":"С. М. Прокудин-Горский","summary":"Место съёмки Прокудина-Горского: Дрянново.","url":"http://prokudin-gorskiy.ru/tree.php?ID=476","image_url":"http://prokudin-gorskiy.ru/library/pg/loc/0821g.jpg","source":"prokudin-gorskiy.ru","source_id":"476","license":"фотографии — общественное достояние; привязка мест — по сайту-каталогу","confidence":"ok","extra":{"photo_page":"http://prokudin-gorskiy.ru/image.php?ID=1667"}}},{"type":"Feature","id":"prokudin_gorsky:9ba92b484857","geometry":{"type":"Point","coordinates":[62.86171,56.719863]},"properties":{"uid":"prokudin_gorsky:9ba92b484857","layer":"prokudin_gorsky","layer_title":"Фотографии Прокудина-Горского","group":"culture","title":"Скатинское","category":"фотография","place_text":"Скатинское","year_from":1903,"year_to":1916,"date_precision":"year","date_approx":true,"period_raw":"1903–1916","actor":"С. М. Прокудин-Горский","summary":"Место съёмки Прокудина-Горского: Скатинское.","url":"http://prokudin-gorskiy.ru/tree.php?ID=477","image_url":"http://prokudin-gorskiy.ru/library/pg/loc/0826g.jpg","source":"prokudin-gorskiy.ru","source_id":"477","license":"фотографии — общественное достояние; привязка мест — по сайту-каталогу","confidence":"ok","extra":{"photo_page":"http://prokudin-gorskiy.ru/image.php?ID=1670"}}},{"type":"Feature","id":"prokudin_gorsky:f37499bb1f91","geometry":{"type":"Point","coordinates":[65.251665,56.431798]},"properties":{"uid":"prokudin_gorsky:f37499bb1f91","layer":"prokudin_gorsky","layer_title":"Фотографии Прокудина-Горского","group":"culture","title":"Рафайлово","category":"фотография","place_text":"Рафайлово","year_from":1903,"year_to":1916,"date_precision":"year","date_approx":true,"period_raw":"1903–1916","actor":"С. М. Прокудин-Горский","summary":"Место съёмки Прокудина-Горского: Рафайлово.","url":"http://prokudin-gorskiy.ru/tree.php?ID=479","image_url":"http://prokudin-gorskiy.ru/library/pg/loc/0832g.jpg","source":"prokudin-gorskiy.ru","source_id":"479","license":"фотографии — общественное достояние; привязка мест — по сайту-каталогу","confidence":"ok","extra":{"photo_page":"http://prokudin-gorskiy.ru/image.php?ID=1676"}}},{"type":"Feature","id":"prokudin_gorsky:ea3fc843bb74","geometry":{"type":"Point","coordinates":[65.326767,56.478041]},"properties":{"uid":"prokudin_gorsky:ea3fc843bb74","layer":"prokudin_gorsky","layer_title":"Фотографии Прокудина-Горского","group":"culture","title":"Исетское","category":"фотография","place_text":"Исетское","year_from":1903,"year_to":1916,"date_precision":"year","date_approx":true,"period_raw":"1903–1916","actor":"С. М. Прокудин-Горский","summary":"Место съёмки Прокудина-Горского: Исетское.","url":"http://prokudin-gorskiy.ru/tree.php?ID=480","image_url":"http://prokudin-gorskiy.ru/library/pg/loc/2606g.jpg","source":"prokudin-gorskiy.ru","source_id":"480","license":"фотографии — общественное достояние; привязка мест — по сайту-каталогу","confidence":"ok","extra":{"photo_page":"http://prokudin-gorskiy.ru/image.php?ID=1680"}}},{"type":"Feature","id":"prokudin_gorsky:43f9bdc2be83","geometry":{"type":"Point","coordinates":[64.80835,56.294443]},"properties":{"uid":"prokudin_gorsky:43f9bdc2be83","layer":"prokudin_gorsky","layer_title":"Фотографии Прокудина-Горского","group":"culture","title":"Терсюкское","category":"фотография","place_text":"Терсюкское","year_from":1903,"year_to":1916,"date_precision":"year","date_approx":true,"period_raw":"1903–1916","actor":"С. М. Прокудин-Горский","summary":"Место съёмки Прокудина-Горского: Терсюкское.","url":"http://prokudin-gorskiy.ru/tree.php?ID=483","image_url":"http://prokudin-gorskiy.ru/library/pg/loc/0835g.jpg","source":"prokudin-gorskiy.ru","source_id":"483","license":"фотографии — общественное достояние; привязка мест — по сайту-каталогу","confidence":"ok","extra":{"photo_page":"http://prokudin-gorskiy.ru/image.php?ID=1681"}}},{"type":"Feature","id":"prokudin_gorsky:0fa10cd77a0b","geometry":{"type":"Point","coordinates":[64.57386,56.163715]},"properties":{"uid":"prokudin_gorsky:0fa10cd77a0b","layer":"prokudin_gorsky","layer_title":"Фотографии Прокудина-Горского","group":"culture","title":"Мехонское","category":"фотография","place_text":"Мехонское","year_from":1903,"year_to":1916,"date_precision":"year","date_approx":true,"period_raw":"1903–1916","actor":"С. М. Прокудин-Горский","summary":"Место съёмки Прокудина-Горского: Мехонское.","url":"http://prokudin-gorskiy.ru/tree.php?ID=484","image_url":"http://prokudin-gorskiy.ru/library/pg/loc/0837g.jpg","source":"prokudin-gorskiy.ru","source_id":"484","license":"фотографии — общественное достояние; привязка мест — по сайту-каталогу","confidence":"ok","extra":{"photo_page":"http://prokudin-gorskiy.ru/image.php?ID=1683"}}},{"type":"Feature","id":"prokudin_gorsky:d41a26e9b3a5","geometry":{"type":"Point","coordinates":[64.582787,56.142872]},"properties":{"uid":"prokudin_gorsky:d41a26e9b3a5","layer":"prokudin_gorsky","layer_title":"Фотографии Прокудина-Горского","group":"culture","title":"Бахарево","category":"фотография","place_text":"Бахарево","year_from":1903,"year_to":1916,"date_precision":"year","date_approx":true,"period_raw":"1903–1916","actor":"С. М. Прокудин-Горский","summary":"Место съёмки Прокудина-Горского: Бахарево.","url":"http://prokudin-gorskiy.ru/tree.php?ID=485","image_url":"http://prokudin-gorskiy.ru/library/pg/loc/0838g.jpg","source":"prokudin-gorskiy.ru","source_id":"485","license":"фотографии — общественное достояние; привязка мест — по сайту-каталогу","confidence":"ok","extra":{"photo_page":"http://prokudin-gorskiy.ru/image.php?ID=1684"}}},{"type":"Feature","id":"prokudin_gorsky:52f76d2f7e14","geometry":{"type":"Point","coordinates":[65.531044,57.150116]},"properties":{"uid":"prokudin_gorsky:52f76d2f7e14","layer":"prokudin_gorsky","layer_title":"Фотографии Прокудина-Горского","group":"culture","title":"Тюмень","category":"фотография","place_text":"Тюмень","year_from":1903,"year_to":1916,"date_precision":"year","date_approx":true,"period_raw":"1903–1916","actor":"С. М. Прокудин-Горский","summary":"Место съёмки Прокудина-Горского: Тюмень.","url":"http://prokudin-gorskiy.ru/tree.php?ID=486","image_url":"http://prokudin-gorskiy.ru/library/pg/loc/0846g.jpg","source":"prokudin-gorskiy.ru","source_id":"486","license":"фотографии — общественное достояние; привязка мест — по сайту-каталогу","confidence":"ok","extra":{"photo_page":"http://prokudin-gorskiy.ru/image.php?ID=1691"}}},{"type":"Feature","id":"prokudin_gorsky:24c65c85bab5","geometry":{"type":"Point","coordinates":[65.769997,57.150768]},"properties":{"uid":"prokudin_gorsky:24c65c85bab5","layer":"prokudin_gorsky","layer_title":"Фотографии Прокудина-Горского","group":"culture","title":"Ембаево","category":"фотография","place_text":"Ембаево","year_from":1903,"year_to":1916,"date_precision":"year","date_approx":true,"period_raw":"1903–1916","actor":"С. М. Прокудин-Горский","summary":"Место съёмки Прокудина-Горского: Ембаево.","url":"http://prokudin-gorskiy.ru/tree.php?ID=488","image_url":"http://prokudin-gorskiy.ru/library/pg/loc/0850g.jpg","source":"prokudin-gorskiy.ru","source_id":"488","license":"фотографии — общественное достояние; привязка мест — по сайту-каталогу","confidence":"ok","extra":{"photo_page":"http://prokudin-gorskiy.ru/image.php?ID=1695"}}},{"type":"Feature","id":"prokudin_gorsky:456871bc2ead","geometry":{"type":"Point","coordinates":[66.795845,57.243022]},"properties":{"uid":"prokudin_gorsky:456871bc2ead","layer":"prokudin_gorsky","layer_title":"Фотографии Прокудина-Горского","group":"culture","title":"Покровское","category":"фотография","place_text":"Покровское","year_from":1903,"year_to":1916,"date_precision":"year","date_approx":true,"period_raw":"1903–1916","actor":"С. М. Прокудин-Горский","summary":"Место съёмки Прокудина-Горского: Покровское.","url":"http://prokudin-gorskiy.ru/tree.php?ID=490","image_url":"http://prokudin-gorskiy.ru/library/pg/loc/0851g.jpg","source":"prokudin-gorskiy.ru","source_id":"490","license":"фотографии — общественное достояние; привязка мест — по сайту-каталогу","confidence":"ok","extra":{"photo_page":"http://prokudin-gorskiy.ru/image.php?ID=1696"}}},{"type":"Feature","id":"prokudin_gorsky:15c950597efa","geometry":{"type":"Point","coordinates":[67.08355,57.609923]},"properties":{"uid":"prokudin_gorsky:15c950597efa","layer":"prokudin_gorsky","layer_title":"Фотографии Прокудина-Горского","group":"culture","title":"Гилево","category":"фотография","place_text":"Гилево","year_from":1903,"year_to":1916,"date_precision":"year","date_approx":true,"period_raw":"1903–1916","actor":"С. М. Прокудин-Горский","summary":"Место съёмки Прокудина-Горского: Гилево.","url":"http://prokudin-gorskiy.ru/tree.php?ID=491","image_url":"http://prokudin-gorskiy.ru/library/pg/loc/0852g.jpg","source":"prokudin-gorskiy.ru","source_id":"491","license":"фотографии — общественное достояние; привязка мест — по сайту-каталогу","confidence":"ok","extra":{"photo_page":"http://prokudin-gorskiy.ru/image.php?ID=1697"}}},{"type":"Feature","id":"prokudin_gorsky:1d3e6ed39ee3","geometry":{"type":"Point","coordinates":[32.544104,56.862813]},"properties":{"uid":"prokudin_gorsky:1d3e6ed39ee3","layer":"prokudin_gorsky","layer_title":"Фотографии Прокудина-Горского","group":"culture","title":"Корякино","category":"фотография","place_text":"Корякино","year_from":1903,"year_to":1916,"date_precision":"year","date_approx":true,"period_raw":"1903–1916","actor":"С. М. Прокудин-Горский","summary":"Место съёмки Прокудина-Горского: Корякино.","url":"http://prokudin-gorskiy.ru/tree.php?ID=495","image_url":"http://prokudin-gorskiy.ru/library/pg/loc/1214g.jpg","source":"prokudin-gorskiy.ru","source_id":"495","license":"фотографии — общественное достояние; привязка мест — по сайту-каталогу","confidence":"ok","extra":{"photo_page":"http://prokudin-gorskiy.ru/image.php?ID=1716"}}},{"type":"Feature","id":"prokudin_gorsky:c34a38de4e9c","geometry":{"type":"Point","coordinates":[41.017971,43.008162]},"properties":{"uid":"prokudin_gorsky:c34a38de4e9c","layer":"prokudin_gorsky","layer_title":"Фотографии Прокудина-Горского","group":"culture","title":"Сухуми","category":"фотография","place_text":"Сухуми","year_from":1903,"year_to":1916,"date_precision":"year","date_approx":true,"period_raw":"1903–1916","actor":"С. М. Прокудин-Горский","summary":"Место съёмки Прокудина-Горского: Сухуми.","url":"http://prokudin-gorskiy.ru/tree.php?ID=496","image_url":"http://prokudin-gorskiy.ru/library/pg/loc/1526g.jpg","source":"prokudin-gorskiy.ru","source_id":"496","license":"фотографии — общественное достояние; привязка мест — по сайту-каталогу","confidence":"ok","extra":{"photo_page":"http://prokudin-gorskiy.ru/image.php?ID=1822"}}},{"type":"Feature","id":"prokudin_gorsky:f85f6fc96934","geometry":{"type":"Point","coordinates":[44.680023,43.040916]},"properties":{"uid":"prokudin_gorsky:f85f6fc96934","layer":"prokudin_gorsky","layer_title":"Фотографии Прокудина-Горского","group":"culture","title":"Владикавказ","category":"фотография","place_text":"Владикавказ","year_from":1903,"year_to":1916,"date_precision":"year","date_approx":true,"period_raw":"1903–1916","actor":"С. М. Прокудин-Горский","summary":"Место съёмки Прокудина-Горского: Владикавказ.","url":"http://prokudin-gorskiy.ru/tree.php?ID=501","image_url":"http://prokudin-gorskiy.ru/library/pg/loc/1640g.jpg","source":"prokudin-gorskiy.ru","source_id":"501","license":"фотографии — общественное достояние; привязка мест — по сайту-каталогу","confidence":"ok","extra":{"photo_page":"http://prokudin-gorskiy.ru/image.php?ID=1925"}}},{"type":"Feature","id":"prokudin_gorsky:03f79ae73254","geometry":{"type":"Point","coordinates":[27.943575,55.774915]},"properties":{"uid":"prokudin_gorsky:03f79ae73254","layer":"prokudin_gorsky","layer_title":"Фотографии Прокудина-Горского","group":"culture","title":"Верхнедвинск","category":"фотография","place_text":"Верхнедвинск","year_from":1903,"year_to":1916,"date_precision":"year","date_approx":true,"period_raw":"1903–1916","actor":"С. М. Прокудин-Горский","summary":"Место съёмки Прокудина-Горского: Верхнедвинск.","url":"http://prokudin-gorskiy.ru/tree.php?ID=502","image_url":"http://prokudin-gorskiy.ru/library/pg/loc/0438g.jpg","source":"prokudin-gorskiy.ru","source_id":"502","license":"фотографии — общественное достояние; привязка мест — по сайту-каталогу","confidence":"ok","extra":{"photo_page":"http://prokudin-gorskiy.ru/image.php?ID=1938"}}},{"type":"Feature","id":"prokudin_gorsky:fa5cf9704568","geometry":{"type":"Point","coordinates":[25.270615,54.701217]},"properties":{"uid":"prokudin_gorsky:fa5cf9704568","layer":"prokudin_gorsky","layer_title":"Фотографии Прокудина-Горского","group":"culture","title":"Вильнюс","category":"фотография","place_text":"Вильнюс","year_from":1903,"year_to":1916,"date_precision":"year","date_approx":true,"period_raw":"1903–1916","actor":"С. М. Прокудин-Горский","summary":"Место съёмки Прокудина-Горского: Вильнюс.","url":"http://prokudin-gorskiy.ru/tree.php?ID=504","image_url":"http://prokudin-gorskiy.ru/library/pg/loc/2216g.jpg","source":"prokudin-gorskiy.ru","source_id":"504","license":"фотографии — общественное достояние; привязка мест — по сайту-каталогу","confidence":"ok","extra":{"photo_page":"http://prokudin-gorskiy.ru/image.php?ID=1946"}}},{"type":"Feature","id":"prokudin_gorsky:052e20d19646","geometry":{"type":"Point","coordinates":[23.9114,54.899118]},"properties":{"uid":"prokudin_gorsky:052e20d19646","layer":"prokudin_gorsky","layer_title":"Фотографии Прокудина-Горского","group":"culture","title":"Каунас","category":"фотография","place_text":"Каунас","year_from":1903,"year_to":1916,"date_precision":"year","date_approx":true,"period_raw":"1903–1916","actor":"С. М. Прокудин-Горский","summary":"Место съёмки Прокудина-Горского: Каунас.","url":"http://prokudin-gorskiy.ru/tree.php?ID=505","image_url":"http://prokudin-gorskiy.ru/library/pg/loc/2229g.jpg","source":"prokudin-gorskiy.ru","source_id":"505","license":"фотографии — общественное достояние; привязка мест — по сайту-каталогу","confidence":"ok","extra":{"photo_page":"http://prokudin-gorskiy.ru/image.php?ID=1959"}}},{"type":"Feature","id":"prokudin_gorsky:01b8541615c5","geometry":{"type":"Point","coordinates":[27.550964,53.908788]},"properties":{"uid":"prokudin_gorsky:01b8541615c5","layer":"prokudin_gorsky","layer_title":"Фотографии Прокудина-Горского","group":"culture","title":"Минск","category":"фотография","place_text":"Минск","year_from":1903,"year_to":1916,"date_precision":"year","date_approx":true,"period_raw":"1903–1916","actor":"С. М. Прокудин-Горский","summary":"Место съёмки Прокудина-Горского: Минск.","url":"http://prokudin-gorskiy.ru/tree.php?ID=506","image_url":"http://prokudin-gorskiy.ru/library/pg/loc/2235g.jpg","source":"prokudin-gorskiy.ru","source_id":"506","license":"фотографии — общественное достояние; привязка мест — по сайту-каталогу","confidence":"ok","extra":{"photo_page":"http://prokudin-gorskiy.ru/image.php?ID=1965"}}},{"type":"Feature","id":"prokudin_gorsky:5c4ef7115e9a","geometry":{"type":"Point","coordinates":[31.435,54.56]},"properties":{"uid":"prokudin_gorsky:5c4ef7115e9a","layer":"prokudin_gorsky","layer_title":"Фотографии Прокудина-Горского","group":"culture","title":"Красный","category":"фотография","place_text":"Красный","year_from":1903,"year_to":1916,"date_precision":"year","date_approx":true,"period_raw":"1903–1916","actor":"С. М. Прокудин-Горский","summary":"Место съёмки Прокудина-Горского: Красный.","url":"http://prokudin-gorskiy.ru/tree.php?ID=508","image_url":"http://prokudin-gorskiy.ru/library/pg/loc/2245g.jpg","source":"prokudin-gorskiy.ru","source_id":"508","license":"фотографии — общественное достояние; привязка мест — по сайту-каталогу","confidence":"ok","extra":{"photo_page":"http://prokudin-gorskiy.ru/image.php?ID=1967"}}},{"type":"Feature","id":"prokudin_gorsky:9e5e80705a62","geometry":{"type":"Point","coordinates":[34.290733,55.210026]},"properties":{"uid":"prokudin_gorsky:9e5e80705a62","layer":"prokudin_gorsky","layer_title":"Фотографии Прокудина-Горского","group":"culture","title":"Вязьма","category":"фотография","place_text":"Вязьма","year_from":1903,"year_to":1916,"date_precision":"year","date_approx":true,"period_raw":"1903–1916","actor":"С. М. Прокудин-Горский","summary":"Место съёмки Прокудина-Горского: Вязьма.","url":"http://prokudin-gorskiy.ru/tree.php?ID=510","image_url":"http://prokudin-gorskiy.ru/library/pg/loc/2249g.jpg","source":"prokudin-gorskiy.ru","source_id":"510","license":"фотографии — общественное достояние; привязка мест — по сайту-каталогу","confidence":"ok","extra":{"photo_page":"http://prokudin-gorskiy.ru/image.php?ID=1971"}}},{"type":"Feature","id":"prokudin_gorsky:d09c123fdf44","geometry":{"type":"Point","coordinates":[36.469975,55.009815]},"properties":{"uid":"prokudin_gorsky:d09c123fdf44","layer":"prokudin_gorsky","layer_title":"Фотографии Прокудина-Горского","group":"culture","title":"Малоярославец","category":"фотография","place_text":"Малоярославец","year_from":1903,"year_to":1916,"date_precision":"year","date_approx":true,"period_raw":"1903–1916","actor":"С. М. Прокудин-Горский","summary":"Место съёмки Прокудина-Горского: Малоярославец.","url":"http://prokudin-gorskiy.ru/tree.php?ID=513","image_url":"http://prokudin-gorskiy.ru/library/pg/loc/2253g.jpg","source":"prokudin-gorskiy.ru","source_id":"513","license":"фотографии — общественное достояние; привязка мест — по сайту-каталогу","confidence":"ok","extra":{"photo_page":"http://prokudin-gorskiy.ru/image.php?ID=1975"}}},{"type":"Feature","id":"prokudin_gorsky:9ebdf95bf224","geometry":{"type":"Point","coordinates":[31.967125,60.215774]},"properties":{"uid":"prokudin_gorsky:9ebdf95bf224","layer":"prokudin_gorsky","layer_title":"Фотографии Прокудина-Горского","group":"culture","title":"Дубно","category":"фотография","place_text":"Дубно","year_from":1903,"year_to":1916,"date_precision":"year","date_approx":true,"period_raw":"1903–1916","actor":"С. М. Прокудин-Горский","summary":"Место съёмки Прокудина-Горского: Дубно.","url":"http://prokudin-gorskiy.ru/tree.php?ID=515","image_url":"http://prokudin-gorskiy.ru/library/pg/loc/0878g.jpg","source":"prokudin-gorskiy.ru","source_id":"515","license":"фотографии — общественное достояние; привязка мест — по сайту-каталогу","confidence":"ok","extra":{"photo_page":"http://prokudin-gorskiy.ru/image.php?ID=1982"}}},{"type":"Feature","id":"prokudin_gorsky:73cb7e037495","geometry":{"type":"Point","coordinates":[31.888847,60.212704]},"properties":{"uid":"prokudin_gorsky:73cb7e037495","layer":"prokudin_gorsky","layer_title":"Фотографии Прокудина-Горского","group":"culture","title":"Сумское","category":"фотография","place_text":"Сумское","year_from":1903,"year_to":1916,"date_precision":"year","date_approx":true,"period_raw":"1903–1916","actor":"С. М. Прокудин-Горский","summary":"Место съёмки Прокудина-Горского: Сумское.","url":"http://prokudin-gorskiy.ru/tree.php?ID=516","image_url":"http://prokudin-gorskiy.ru/library/pg/loc/0888g.jpg","source":"prokudin-gorskiy.ru","source_id":"516","license":"фотографии — общественное достояние; привязка мест — по сайту-каталогу","confidence":"ok","extra":{"photo_page":"http://prokudin-gorskiy.ru/image.php?ID=1985"}}},{"type":"Feature","id":"prokudin_gorsky:bfb31547731c","geometry":{"type":"Point","coordinates":[31.340561,59.898581]},"properties":{"uid":"prokudin_gorsky:bfb31547731c","layer":"prokudin_gorsky","layer_title":"Фотографии Прокудина-Горского","group":"culture","title":"Назия","category":"фотография","place_text":"Назия","year_from":1903,"year_to":1916,"date_precision":"year","date_approx":true,"period_raw":"1903–1916","actor":"С. М. Прокудин-Горский","summary":"Место съёмки Прокудина-Горского: Назия.","url":"http://prokudin-gorskiy.ru/tree.php?ID=517","image_url":"http://prokudin-gorskiy.ru/library/pg/loc/0892g.jpg","source":"prokudin-gorskiy.ru","source_id":"517","license":"фотографии — общественное достояние; привязка мест — по сайту-каталогу","confidence":"ok","extra":{"photo_page":"http://prokudin-gorskiy.ru/image.php?ID=1986"}}},{"type":"Feature","id":"prokudin_gorsky:b0b7a869156b","geometry":{"type":"Point","coordinates":[31.267433,59.935237]},"properties":{"uid":"prokudin_gorsky:b0b7a869156b","layer":"prokudin_gorsky","layer_title":"Фотографии Прокудина-Горского","group":"culture","title":"[Бугры]","category":"фотография","place_text":"[Бугры]","year_from":1903,"year_to":1916,"date_precision":"year","date_approx":true,"period_raw":"1903–1916","actor":"С. М. Прокудин-Горский","summary":"Место съёмки Прокудина-Горского: [Бугры].","url":"http://prokudin-gorskiy.ru/tree.php?ID=518","image_url":"http://prokudin-gorskiy.ru/library/pg/loc/1908g.jpg","source":"prokudin-gorskiy.ru","source_id":"518","license":"фотографии — общественное достояние; привязка мест — по сайту-каталогу","confidence":"ok","extra":{"photo_page":"http://prokudin-gorskiy.ru/image.php?ID=1987"}}},{"type":"Feature","id":"prokudin_gorsky:3ea2a4836093","geometry":{"type":"Point","coordinates":[31.614533,60.135351]},"properties":{"uid":"prokudin_gorsky:3ea2a4836093","layer":"prokudin_gorsky","layer_title":"Фотографии Прокудина-Горского","group":"culture","title":"Черное","category":"фотография","place_text":"Черное","year_from":1903,"year_to":1916,"date_precision":"year","date_approx":true,"period_raw":"1903–1916","actor":"С. М. Прокудин-Горский","summary":"Место съёмки Прокудина-Горского: Черное.","url":"http://prokudin-gorskiy.ru/tree.php?ID=519","image_url":"http://prokudin-gorskiy.ru/library/pg/loc/1909g.jpg","source":"prokudin-gorskiy.ru","source_id":"519","license":"фотографии — общественное достояние; привязка мест — по сайту-каталогу","confidence":"ok","extra":{"photo_page":"http://prokudin-gorskiy.ru/image.php?ID=1988"}}},{"type":"Feature","id":"prokudin_gorsky:dbda2028f1af","geometry":{"type":"Point","coordinates":[32.554379,60.138599]},"properties":{"uid":"prokudin_gorsky:dbda2028f1af","layer":"prokudin_gorsky","layer_title":"Фотографии Прокудина-Горского","group":"culture","title":"Сясьстрой","category":"фотография","place_text":"Сясьстрой","year_from":1903,"year_to":1916,"date_precision":"year","date_approx":true,"period_raw":"1903–1916","actor":"С. М. Прокудин-Горский","summary":"Место съёмки Прокудина-Горского: Сясьстрой.","url":"http://prokudin-gorskiy.ru/tree.php?ID=521","image_url":"http://prokudin-gorskiy.ru/library/pg/loc/0901g.jpg","source":"prokudin-gorskiy.ru","source_id":"521","license":"фотографии — общественное достояние; привязка мест — по сайту-каталогу","confidence":"ok","extra":{"photo_page":"http://prokudin-gorskiy.ru/image.php?ID=2002"}}},{"type":"Feature","id":"prokudin_gorsky:385acd19c6a8","geometry":{"type":"Point","coordinates":[33.326511,60.698812]},"properties":{"uid":"prokudin_gorsky:385acd19c6a8","layer":"prokudin_gorsky","layer_title":"Фотографии Прокудина-Горского","group":"culture","title":"Ручьи","category":"фотография","place_text":"Ручьи","year_from":1903,"year_to":1916,"date_precision":"year","date_approx":true,"period_raw":"1903–1916","actor":"С. М. Прокудин-Горский","summary":"Место съёмки Прокудина-Горского: Ручьи.","url":"http://prokudin-gorskiy.ru/tree.php?ID=522","source":"prokudin-gorskiy.ru","source_id":"522","license":"фотографии — общественное достояние; привязка мест — по сайту-каталогу","confidence":"ok","extra":{"photo_page":null}}},{"type":"Feature","id":"prokudin_gorsky:2368c5ec18ce","geometry":{"type":"Point","coordinates":[29.551334,60.203194]},"properties":{"uid":"prokudin_gorsky:2368c5ec18ce","layer":"prokudin_gorsky","layer_title":"Фотографии Прокудина-Горского","group":"culture","title":"Серово","category":"фотография","place_text":"Серово","year_from":1903,"year_to":1916,"date_precision":"year","date_approx":true,"period_raw":"1903–1916","actor":"С. М. Прокудин-Горский","summary":"Место съёмки Прокудина-Горского: Серово.","url":"http://prokudin-gorskiy.ru/tree.php?ID=524","source":"prokudin-gorskiy.ru","source_id":"524","license":"фотографии — общественное достояние; привязка мест — по сайту-каталогу","confidence":"ok","extra":{"photo_page":null}}},{"type":"Feature","id":"prokudin_gorsky:76597a939212","geometry":{"type":"Point","coordinates":[37.195244,60.835375]},"properties":{"uid":"prokudin_gorsky:76597a939212","layer":"prokudin_gorsky","layer_title":"Фотографии Прокудина-Горского","group":"culture","title":"Ковжская плотинка (нежил.)","category":"фотография","place_text":"Ковжская плотинка (нежил.)","year_from":1903,"year_to":1916,"date_precision":"year","date_approx":true,"period_raw":"1903–1916","actor":"С. М. Прокудин-Горский","summary":"Место съёмки Прокудина-Горского: Ковжская плотинка (нежил.).","url":"http://prokudin-gorskiy.ru/tree.php?ID=528","image_url":"http://prokudin-gorskiy.ru/library/pg/loc/0967g.jpg","source":"prokudin-gorskiy.ru","source_id":"528","license":"фотографии — общественное достояние; привязка мест — по сайту-каталогу","confidence":"ok","extra":{"photo_page":"http://prokudin-gorskiy.ru/image.php?ID=2020"}}},{"type":"Feature","id":"prokudin_gorsky:260a8490862a","geometry":{"type":"Point","coordinates":[33.757725,60.878094]},"properties":{"uid":"prokudin_gorsky:260a8490862a","layer":"prokudin_gorsky","layer_title":"Фотографии Прокудина-Горского","group":"culture","title":"Мандроги (нежил.)","category":"фотография","place_text":"Мандроги (нежил.)","year_from":1903,"year_to":1916,"date_precision":"year","date_approx":true,"period_raw":"1903–1916","actor":"С. М. Прокудин-Горский","summary":"Место съёмки Прокудина-Горского: Мандроги (нежил.).","url":"http://prokudin-gorskiy.ru/tree.php?ID=530","image_url":"http://prokudin-gorskiy.ru/library/pg/loc/1946g.jpg","source":"prokudin-gorskiy.ru","source_id":"530","license":"фотографии — общественное достояние; привязка мест — по сайту-каталогу","confidence":"ok","extra":{"photo_page":"http://prokudin-gorskiy.ru/image.php?ID=2029"}}},{"type":"Feature","id":"prokudin_gorsky:577043ae6c63","geometry":{"type":"Point","coordinates":[36.831837,60.922174]},"properties":{"uid":"prokudin_gorsky:577043ae6c63","layer":"prokudin_gorsky","layer_title":"Фотографии Прокудина-Горского","group":"culture","title":"Белый Ручей","category":"фотография","place_text":"Белый Ручей","year_from":1903,"year_to":1916,"date_precision":"year","date_approx":true,"period_raw":"1903–1916","actor":"С. М. Прокудин-Горский","summary":"Место съёмки Прокудина-Горского: Белый Ручей.","url":"http://prokudin-gorskiy.ru/tree.php?ID=532","image_url":"http://prokudin-gorskiy.ru/library/pg/loc/0386g.jpg","source":"prokudin-gorskiy.ru","source_id":"532","license":"фотографии — общественное достояние; привязка мест — по сайту-каталогу","confidence":"ok","extra":{"photo_page":"http://prokudin-gorskiy.ru/image.php?ID=2037"}}},{"type":"Feature","id":"prokudin_gorsky:59c347e2e5b7","geometry":{"type":"Point","coordinates":[34.801941,61.120693]},"properties":{"uid":"prokudin_gorsky:59c347e2e5b7","layer":"prokudin_gorsky","layer_title":"Фотографии Прокудина-Горского","group":"culture","title":"Остречины (затоплено)","category":"фотография","place_text":"Остречины (затоплено)","year_from":1903,"year_to":1916,"date_precision":"year","date_approx":true,"period_raw":"1903–1916","actor":"С. М. Прокудин-Горский","summary":"Место съёмки Прокудина-Горского: Остречины (затоплено).","url":"http://prokudin-gorskiy.ru/tree.php?ID=534","image_url":"http://prokudin-gorskiy.ru/library/pg/loc/0911g.jpg","source":"prokudin-gorskiy.ru","source_id":"534","license":"фотографии — общественное достояние; привязка мест — по сайту-каталогу","confidence":"ok","extra":{"photo_page":"http://prokudin-gorskiy.ru/image.php?ID=2042"}}},{"type":"Feature","id":"prokudin_gorsky:8087dd75404d","geometry":{"type":"Point","coordinates":[34.414673,60.978104]},"properties":{"uid":"prokudin_gorsky:8087dd75404d","layer":"prokudin_gorsky","layer_title":"Фотографии Прокудина-Горского","group":"culture","title":"Мятусово","category":"фотография","place_text":"Мятусово","year_from":1903,"year_to":1916,"date_precision":"year","date_approx":true,"period_raw":"1903–1916","actor":"С. М. Прокудин-Горский","summary":"Место съёмки Прокудина-Горского: Мятусово.","url":"http://prokudin-gorskiy.ru/tree.php?ID=538","image_url":"http://prokudin-gorskiy.ru/library/pg/loc/0923g.jpg","source":"prokudin-gorskiy.ru","source_id":"538","license":"фотографии — общественное достояние; привязка мест — по сайту-каталогу","confidence":"ok","extra":{"photo_page":"http://prokudin-gorskiy.ru/image.php?ID=2049"}}},{"type":"Feature","id":"prokudin_gorsky:d6d0b2500378","geometry":{"type":"Point","coordinates":[36.190744,61.011249]},"properties":{"uid":"prokudin_gorsky:d6d0b2500378","layer":"prokudin_gorsky","layer_title":"Фотографии Прокудина-Горского","group":"culture","title":"Палтога","category":"фотография","place_text":"Палтога","year_from":1903,"year_to":1916,"date_precision":"year","date_approx":true,"period_raw":"1903–1916","actor":"С. М. Прокудин-Горский","summary":"Место съёмки Прокудина-Горского: Палтога.","url":"http://prokudin-gorskiy.ru/tree.php?ID=540","image_url":"http://prokudin-gorskiy.ru/library/pg/loc/1082g.jpg","source":"prokudin-gorskiy.ru","source_id":"540","license":"фотографии — общественное достояние; привязка мест — по сайту-каталогу","confidence":"ok","extra":{"photo_page":"http://prokudin-gorskiy.ru/image.php?ID=2061"}}},{"type":"Feature","id":"prokudin_gorsky:c658befe9d19","geometry":{"type":"Point","coordinates":[38.114491,60.017693]},"properties":{"uid":"prokudin_gorsky:c658befe9d19","layer":"prokudin_gorsky","layer_title":"Фотографии Прокудина-Горского","group":"culture","title":"Чайка","category":"фотография","place_text":"Чайка","year_from":1903,"year_to":1916,"date_precision":"year","date_approx":true,"period_raw":"1903–1916","actor":"С. М. Прокудин-Горский","summary":"Место съёмки Прокудина-Горского: Чайка.","url":"http://prokudin-gorskiy.ru/tree.php?ID=541","image_url":"http://prokudin-gorskiy.ru/library/pg/loc/0982g.jpg","source":"prokudin-gorskiy.ru","source_id":"541","license":"фотографии — общественное достояние; привязка мест — по сайту-каталогу","confidence":"ok","extra":{"photo_page":"http://prokudin-gorskiy.ru/image.php?ID=2078"}}},{"type":"Feature","id":"prokudin_gorsky:289000cee982","geometry":{"type":"Point","coordinates":[38.383484,59.763657]},"properties":{"uid":"prokudin_gorsky:289000cee982","layer":"prokudin_gorsky","layer_title":"Фотографии Прокудина-Горского","group":"culture","title":"Топорня","category":"фотография","place_text":"Топорня","year_from":1903,"year_to":1916,"date_precision":"year","date_approx":true,"period_raw":"1903–1916","actor":"С. М. Прокудин-Горский","summary":"Место съёмки Прокудина-Горского: Топорня.","url":"http://prokudin-gorskiy.ru/tree.php?ID=543","image_url":"http://prokudin-gorskiy.ru/library/pg/loc/1056g.jpg","source":"prokudin-gorskiy.ru","source_id":"543","license":"фотографии — общественное достояние; привязка мест — по сайту-каталогу","confidence":"ok","extra":{"photo_page":"http://prokudin-gorskiy.ru/image.php?ID=2099"}}},{"type":"Feature","id":"prokudin_gorsky:6ce6cef1a512","geometry":{"type":"Point","coordinates":[38.090021,58.7727]},"properties":{"uid":"prokudin_gorsky:6ce6cef1a512","layer":"prokudin_gorsky","layer_title":"Фотографии Прокудина-Горского","group":"culture","title":"Леушино (затоплено)","category":"фотография","place_text":"Леушино (затоплено)","year_from":1903,"year_to":1916,"date_precision":"year","date_approx":true,"period_raw":"1903–1916","actor":"С. М. Прокудин-Горский","summary":"Место съёмки Прокудина-Горского: Леушино (затоплено).","url":"http://prokudin-gorskiy.ru/tree.php?ID=546","image_url":"http://prokudin-gorskiy.ru/library/pg/loc/1078g.jpg","source":"prokudin-gorskiy.ru","source_id":"546","license":"фотографии — общественное достояние; привязка мест — по сайту-каталогу","confidence":"ok","extra":{"photo_page":"http://prokudin-gorskiy.ru/image.php?ID=2142"}}},{"type":"Feature","id":"prokudin_gorsky:ebdc4901abe4","geometry":{"type":"Point","coordinates":[39.540825,57.87014]},"properties":{"uid":"prokudin_gorsky:ebdc4901abe4","layer":"prokudin_gorsky","layer_title":"Фотографии Прокудина-Горского","group":"culture","title":"Тутаев","category":"фотография","place_text":"Тутаев","year_from":1903,"year_to":1916,"date_precision":"year","date_approx":true,"period_raw":"1903–1916","actor":"С. М. Прокудин-Горский","summary":"Место съёмки Прокудина-Горского: Тутаев.","url":"http://prokudin-gorskiy.ru/tree.php?ID=548","image_url":"http://prokudin-gorskiy.ru/library/pg/loc/2402g.jpg","source":"prokudin-gorskiy.ru","source_id":"548","license":"фотографии — общественное достояние; привязка мест — по сайту-каталогу","confidence":"ok","extra":{"photo_page":"http://prokudin-gorskiy.ru/image.php?ID=2181"}}},{"type":"Feature","id":"prokudin_gorsky:6373c77ba7ad","geometry":{"type":"Point","coordinates":[40.336111,57.683333]},"properties":{"uid":"prokudin_gorsky:6373c77ba7ad","layer":"prokudin_gorsky","layer_title":"Фотографии Прокудина-Горского","group":"culture","title":"Некрасовское","category":"фотография","place_text":"Некрасовское","year_from":1903,"year_to":1916,"date_precision":"year","date_approx":true,"period_raw":"1903–1916","actor":"С. М. Прокудин-Горский","summary":"Место съёмки Прокудина-Горского: Некрасовское.","url":"http://prokudin-gorskiy.ru/tree.php?ID=550","image_url":"http://prokudin-gorskiy.ru/library/pg/loc/2448g.jpg","source":"prokudin-gorskiy.ru","source_id":"550","license":"фотографии — общественное достояние; привязка мест — по сайту-каталогу","confidence":"ok","extra":{"photo_page":"http://prokudin-gorskiy.ru/image.php?ID=2211"}}},{"type":"Feature","id":"prokudin_gorsky:ac4cccdeed6d","geometry":{"type":"Point","coordinates":[41.534414,57.526654]},"properties":{"uid":"prokudin_gorsky:ac4cccdeed6d","layer":"prokudin_gorsky","layer_title":"Фотографии Прокудина-Горского","group":"culture","title":"Коробово","category":"фотография","place_text":"Коробово","year_from":1903,"year_to":1916,"date_precision":"year","date_approx":true,"period_raw":"1903–1916","actor":"С. М. Прокудин-Горский","summary":"Место съёмки Прокудина-Горского: Коробово.","url":"http://prokudin-gorskiy.ru/tree.php?ID=552","image_url":"http://prokudin-gorskiy.ru/library/pg/loc/2499g.jpg","source":"prokudin-gorskiy.ru","source_id":"552","license":"фотографии — общественное достояние; привязка мест — по сайту-каталогу","confidence":"ok","extra":{"photo_page":"http://prokudin-gorskiy.ru/image.php?ID=2265"}}},{"type":"Feature","id":"prokudin_gorsky:fa1585e328d1","geometry":{"type":"Point","coordinates":[41.805124,57.402526]},"properties":{"uid":"prokudin_gorsky:fa1585e328d1","layer":"prokudin_gorsky","layer_title":"Фотографии Прокудина-Горского","group":"culture","title":"Стрелка","category":"фотография","place_text":"Стрелка","year_from":1903,"year_to":1916,"date_precision":"year","date_approx":true,"period_raw":"1903–1916","actor":"С. М. Прокудин-Горский","summary":"Место съёмки Прокудина-Горского: Стрелка.","url":"http://prokudin-gorskiy.ru/tree.php?ID=554","image_url":"http://prokudin-gorskiy.ru/library/pg/loc/2513g.jpg","source":"prokudin-gorskiy.ru","source_id":"554","license":"фотографии — общественное достояние; привязка мест — по сайту-каталогу","confidence":"ok","extra":{"photo_page":"http://prokudin-gorskiy.ru/image.php?ID=2279"}}},{"type":"Feature","id":"prokudin_gorsky:06f169b18b57","geometry":{"type":"Point","coordinates":[42.557173,57.407173]},"properties":{"uid":"prokudin_gorsky:06f169b18b57","layer":"prokudin_gorsky","layer_title":"Фотографии Прокудина-Горского","group":"culture","title":"Решма","category":"фотография","place_text":"Решма","year_from":1903,"year_to":1916,"date_precision":"year","date_approx":true,"period_raw":"1903–1916","actor":"С. М. Прокудин-Горский","summary":"Место съёмки Прокудина-Горского: Решма.","url":"http://prokudin-gorskiy.ru/tree.php?ID=556","image_url":"http://prokudin-gorskiy.ru/library/pg/loc/2523g.jpg","source":"prokudin-gorskiy.ru","source_id":"556","license":"фотографии — общественное достояние; привязка мест — по сайту-каталогу","confidence":"ok","extra":{"photo_page":"http://prokudin-gorskiy.ru/image.php?ID=2289"}}},{"type":"Feature","id":"prokudin_gorsky:cc139ecc30ee","geometry":{"type":"Point","coordinates":[43.10915,57.327166]},"properties":{"uid":"prokudin_gorsky:cc139ecc30ee","layer":"prokudin_gorsky","layer_title":"Фотографии Прокудина-Горского","group":"culture","title":"Юрьевец","category":"фотография","place_text":"Юрьевец","year_from":1903,"year_to":1916,"date_precision":"year","date_approx":true,"period_raw":"1903–1916","actor":"С. М. Прокудин-Горский","summary":"Место съёмки Прокудина-Горского: Юрьевец.","url":"http://prokudin-gorskiy.ru/tree.php?ID=559","image_url":"http://prokudin-gorskiy.ru/library/pg/loc/2525g.jpg","source":"prokudin-gorskiy.ru","source_id":"559","license":"фотографии — общественное достояние; привязка мест — по сайту-каталогу","confidence":"ok","extra":{"photo_page":"http://prokudin-gorskiy.ru/image.php?ID=2291"}}},{"type":"Feature","id":"prokudin_gorsky:f9fa9414ff69","geometry":{"type":"Point","coordinates":[43.185196,56.983063]},"properties":{"uid":"prokudin_gorsky:f9fa9414ff69","layer":"prokudin_gorsky","layer_title":"Фотографии Прокудина-Горского","group":"culture","title":"Пучеж","category":"фотография","place_text":"Пучеж","year_from":1903,"year_to":1916,"date_precision":"year","date_approx":true,"period_raw":"1903–1916","actor":"С. М. Прокудин-Горский","summary":"Место съёмки Прокудина-Горского: Пучеж.","url":"http://prokudin-gorskiy.ru/tree.php?ID=564","image_url":"http://prokudin-gorskiy.ru/library/pg/loc/2544g.jpg","source":"prokudin-gorskiy.ru","source_id":"564","license":"фотографии — общественное достояние; привязка мест — по сайту-каталогу","confidence":"ok","extra":{"photo_page":"http://prokudin-gorskiy.ru/image.php?ID=2313"}}},{"type":"Feature","id":"prokudin_gorsky:375ec0eee7f9","geometry":{"type":"Point","coordinates":[43.477364,56.647922]},"properties":{"uid":"prokudin_gorsky:375ec0eee7f9","layer":"prokudin_gorsky","layer_title":"Фотографии Прокудина-Горского","group":"culture","title":"Городец","category":"фотография","place_text":"Городец","year_from":1903,"year_to":1916,"date_precision":"year","date_approx":true,"period_raw":"1903–1916","actor":"С. М. Прокудин-Горский","summary":"Место съёмки Прокудина-Горского: Городец.","url":"http://prokudin-gorskiy.ru/tree.php?ID=567","image_url":"http://prokudin-gorskiy.ru/library/pg/loc/2547g.jpg","source":"prokudin-gorskiy.ru","source_id":"567","license":"фотографии — общественное достояние; привязка мест — по сайту-каталогу","confidence":"ok","extra":{"photo_page":"http://prokudin-gorskiy.ru/image.php?ID=2316"}}},{"type":"Feature","id":"prokudin_gorsky:42d2182c5bec","geometry":{"type":"Point","coordinates":[43.22,56.83]},"properties":{"uid":"prokudin_gorsky:42d2182c5bec","layer":"prokudin_gorsky","layer_title":"Фотографии Прокудина-Горского","group":"culture","title":"Катунки","category":"фотография","place_text":"Катунки","year_from":1903,"year_to":1916,"date_precision":"year","date_approx":true,"period_raw":"1903–1916","actor":"С. М. Прокудин-Горский","summary":"Место съёмки Прокудина-Горского: Катунки.","url":"http://prokudin-gorskiy.ru/tree.php?ID=569","image_url":"http://prokudin-gorskiy.ru/library/pg/loc/2549g.jpg","source":"prokudin-gorskiy.ru","source_id":"569","license":"фотографии — общественное достояние; привязка мест — по сайту-каталогу","confidence":"ok","extra":{"photo_page":"http://prokudin-gorskiy.ru/image.php?ID=2318"}}},{"type":"Feature","id":"prokudin_gorsky:38ac07837e3f","geometry":{"type":"Point","coordinates":[43.244762,56.761004]},"properties":{"uid":"prokudin_gorsky:38ac07837e3f","layer":"prokudin_gorsky","layer_title":"Фотографии Прокудина-Горского","group":"culture","title":"Чкалов","category":"фотография","place_text":"Чкалов","year_from":1903,"year_to":1916,"date_precision":"year","date_approx":true,"period_raw":"1903–1916","actor":"С. М. Прокудин-Горский","summary":"Место съёмки Прокудина-Горского: Чкалов.","url":"http://prokudin-gorskiy.ru/tree.php?ID=570","image_url":"http://prokudin-gorskiy.ru/library/pg/loc/2550g.jpg","source":"prokudin-gorskiy.ru","source_id":"570","license":"фотографии — общественное достояние; привязка мест — по сайту-каталогу","confidence":"ok","extra":{"photo_page":"http://prokudin-gorskiy.ru/image.php?ID=2319"}}},{"type":"Feature","id":"prokudin_gorsky:17ead20f8b12","geometry":{"type":"Point","coordinates":[39.128494,55.054186]},"properties":{"uid":"prokudin_gorsky:17ead20f8b12","layer":"prokudin_gorsky","layer_title":"Фотографии Прокудина-Горского","group":"culture","title":"Дединово","category":"фотография","place_text":"Дединово","year_from":1903,"year_to":1916,"date_precision":"year","date_approx":true,"period_raw":"1903–1916","actor":"С. М. Прокудин-Горский","summary":"Место съёмки Прокудина-Горского: Дединово.","url":"http://prokudin-gorskiy.ru/tree.php?ID=572","image_url":"http://prokudin-gorskiy.ru/library/pg/loc/2610g.jpg","source":"prokudin-gorskiy.ru","source_id":"572","license":"фотографии — общественное достояние; привязка мест — по сайту-каталогу","confidence":"ok","extra":{"photo_page":"http://prokudin-gorskiy.ru/image.php?ID=2424"}}},{"type":"Feature","id":"prokudin_gorsky:e059bf37a4c4","geometry":{"type":"Point","coordinates":[38.780365,55.080922]},"properties":{"uid":"prokudin_gorsky:e059bf37a4c4","layer":"prokudin_gorsky","layer_title":"Фотографии Прокудина-Горского","group":"culture","title":"Коломна","category":"фотография","place_text":"Коломна","year_from":1903,"year_to":1916,"date_precision":"year","date_approx":true,"period_raw":"1903–1916","actor":"С. М. Прокудин-Горский","summary":"Место съёмки Прокудина-Горского: Коломна.","url":"http://prokudin-gorskiy.ru/tree.php?ID=574","image_url":"http://prokudin-gorskiy.ru/library/pg/loc/1442g.jpg","source":"prokudin-gorskiy.ru","source_id":"574","license":"фотографии — общественное достояние; привязка мест — по сайту-каталогу","confidence":"ok","extra":{"photo_page":"http://prokudin-gorskiy.ru/image.php?ID=2457"}}},{"type":"Feature","id":"prokudin_gorsky:4fda46d490da","geometry":{"type":"Point","coordinates":[61.933333,56.4]},"properties":{"uid":"prokudin_gorsky:4fda46d490da","layer":"prokudin_gorsky","layer_title":"Фотографии Прокудина-Горского","group":"culture","title":"Каменск-Уральский","category":"фотография","place_text":"Каменск-Уральский","year_from":1903,"year_to":1916,"date_precision":"year","date_approx":true,"period_raw":"1903–1916","actor":"С. М. Прокудин-Горский","summary":"Место съёмки Прокудина-Горского: Каменск-Уральский.","url":"http://prokudin-gorskiy.ru/tree.php?ID=575","image_url":"http://prokudin-gorskiy.ru/library/pg/loc/0485g.jpg","source":"prokudin-gorskiy.ru","source_id":"575","license":"фотографии — общественное достояние; привязка мест — по сайту-каталогу","confidence":"ok","extra":{"photo_page":"http://prokudin-gorskiy.ru/image.php?ID=2519"}}},{"type":"Feature","id":"prokudin_gorsky:172aebba1007","geometry":{"type":"Point","coordinates":[60.810013,58.860289]},"properties":{"uid":"prokudin_gorsky:172aebba1007","layer":"prokudin_gorsky","layer_title":"Фотографии Прокудина-Горского","group":"culture","title":"Верхотурье","category":"фотография","place_text":"Верхотурье","year_from":1903,"year_to":1916,"date_precision":"year","date_approx":true,"period_raw":"1903–1916","actor":"С. М. Прокудин-Горский","summary":"Место съёмки Прокудина-Горского: Верхотурье.","url":"http://prokudin-gorskiy.ru/tree.php?ID=579","image_url":"http://prokudin-gorskiy.ru/library/pg/loc/2099g.jpg","source":"prokudin-gorskiy.ru","source_id":"579","license":"фотографии — общественное достояние; привязка мест — по сайту-каталогу","confidence":"ok","extra":{"photo_page":"http://prokudin-gorskiy.ru/image.php?ID=2559"}}},{"type":"Feature","id":"prokudin_gorsky:9c3593647cc5","geometry":{"type":"Point","coordinates":[59.747086,58.2882]},"properties":{"uid":"prokudin_gorsky:9c3593647cc5","layer":"prokudin_gorsky","layer_title":"Фотографии Прокудина-Горского","group":"culture","title":"Кушва","category":"фотография","place_text":"Кушва","year_from":1903,"year_to":1916,"date_precision":"year","date_approx":true,"period_raw":"1903–1916","actor":"С. М. Прокудин-Горский","summary":"Место съёмки Прокудина-Горского: Кушва.","url":"http://prokudin-gorskiy.ru/tree.php?ID=581","image_url":"http://prokudin-gorskiy.ru/library/pg/loc/2127g.jpg","source":"prokudin-gorskiy.ru","source_id":"581","license":"фотографии — общественное достояние; привязка мест — по сайту-каталогу","confidence":"ok","extra":{"photo_page":"http://prokudin-gorskiy.ru/image.php?ID=2587"}}},{"type":"Feature","id":"prokudin_gorsky:bb7a4ea2e778","geometry":{"type":"Point","coordinates":[60.799542,56.910408]},"properties":{"uid":"prokudin_gorsky:bb7a4ea2e778","layer":"prokudin_gorsky","layer_title":"Фотографии Прокудина-Горского","group":"culture","title":"Берёзовский","category":"фотография","place_text":"Берёзовский","year_from":1903,"year_to":1916,"date_precision":"year","date_approx":true,"period_raw":"1903–1916","actor":"С. М. Прокудин-Горский","summary":"Место съёмки Прокудина-Горского: Берёзовский.","url":"http://prokudin-gorskiy.ru/tree.php?ID=582","image_url":"http://prokudin-gorskiy.ru/library/pg/loc/2151g.jpg","source":"prokudin-gorskiy.ru","source_id":"582","license":"фотографии — общественное достояние; привязка мест — по сайту-каталогу","confidence":"ok","extra":{"photo_page":"http://prokudin-gorskiy.ru/image.php?ID=2611"}}},{"type":"Feature","id":"prokudin_gorsky:ec47b6219476","geometry":{"type":"Point","coordinates":[60.229969,56.059482]},"properties":{"uid":"prokudin_gorsky:ec47b6219476","layer":"prokudin_gorsky","layer_title":"Фотографии Прокудина-Горского","group":"culture","title":"Верхний Уфалей","category":"фотография","place_text":"Верхний Уфалей","year_from":1903,"year_to":1916,"date_precision":"year","date_approx":true,"period_raw":"1903–1916","actor":"С. М. Прокудин-Горский","summary":"Место съёмки Прокудина-Горского: Верхний Уфалей.","url":"http://prokudin-gorskiy.ru/tree.php?ID=584","image_url":"http://prokudin-gorskiy.ru/library/pg/loc/2158g.jpg","source":"prokudin-gorskiy.ru","source_id":"584","license":"фотографии — общественное достояние; привязка мест — по сайту-каталогу","confidence":"ok","extra":{"photo_page":"http://prokudin-gorskiy.ru/image.php?ID=2618"}}},{"type":"Feature","id":"prokudin_gorsky:b4cb37040c25","geometry":{"type":"Point","coordinates":[61.434174,55.148273]},"properties":{"uid":"prokudin_gorsky:b4cb37040c25","layer":"prokudin_gorsky","layer_title":"Фотографии Прокудина-Горского","group":"culture","title":"Челябинск","category":"фотография","place_text":"Челябинск","year_from":1903,"year_to":1916,"date_precision":"year","date_approx":true,"period_raw":"1903–1916","actor":"С. М. Прокудин-Горский","summary":"Место съёмки Прокудина-Горского: Челябинск.","url":"http://prokudin-gorskiy.ru/tree.php?ID=585","image_url":"http://prokudin-gorskiy.ru/library/pg/loc/0518g.jpg","source":"prokudin-gorskiy.ru","source_id":"585","license":"фотографии — общественное достояние; привязка мест — по сайту-каталогу","confidence":"ok","extra":{"photo_page":"http://prokudin-gorskiy.ru/image.php?ID=2633"}}},{"type":"Feature","id":"prokudin_gorsky:309e83d4cd86","geometry":{"type":"Point","coordinates":[56.713142,60.732063]},"properties":{"uid":"prokudin_gorsky:309e83d4cd86","layer":"prokudin_gorsky","layer_title":"Фотографии Прокудина-Горского","group":"culture","title":"Ныроб","category":"фотография","place_text":"Ныроб","year_from":1903,"year_to":1916,"date_precision":"year","date_approx":true,"period_raw":"1903–1916","actor":"С. М. Прокудин-Горский","summary":"Место съёмки Прокудина-Горского: Ныроб.","url":"http://prokudin-gorskiy.ru/tree.php?ID=586","image_url":"http://prokudin-gorskiy.ru/library/pg/loc/0664g.jpg","source":"prokudin-gorskiy.ru","source_id":"586","license":"фотографии — общественное достояние; привязка мест — по сайту-каталогу","confidence":"ok","extra":{"photo_page":"http://prokudin-gorskiy.ru/image.php?ID=2636"}}},{"type":"Feature","id":"prokudin_gorsky:d85d50d15cd0","geometry":{"type":"Point","coordinates":[56.702328,60.651311]},"properties":{"uid":"prokudin_gorsky:d85d50d15cd0","layer":"prokudin_gorsky","layer_title":"Фотографии Прокудина-Горского","group":"culture","title":"Искор","category":"фотография","place_text":"Искор","year_from":1903,"year_to":1916,"date_precision":"year","date_approx":true,"period_raw":"1903–1916","actor":"С. М. Прокудин-Горский","summary":"Место съёмки Прокудина-Горского: Искор.","url":"http://prokudin-gorskiy.ru/tree.php?ID=587","image_url":"http://prokudin-gorskiy.ru/library/pg/loc/0687g.jpg","source":"prokudin-gorskiy.ru","source_id":"587","license":"фотографии — общественное достояние; привязка мест — по сайту-каталогу","confidence":"ok","extra":{"photo_page":"http://prokudin-gorskiy.ru/image.php?ID=2662"}}},{"type":"Feature","id":"prokudin_gorsky:8d2dab496f8f","geometry":{"type":"Point","coordinates":[56.501999,60.582583]},"properties":{"uid":"prokudin_gorsky:8d2dab496f8f","layer":"prokudin_gorsky","layer_title":"Фотографии Прокудина-Горского","group":"culture","title":"Камгорт","category":"фотография","place_text":"Камгорт","year_from":1903,"year_to":1916,"date_precision":"year","date_approx":true,"period_raw":"1903–1916","actor":"С. М. Прокудин-Горский","summary":"Место съёмки Прокудина-Горского: Камгорт.","url":"http://prokudin-gorskiy.ru/tree.php?ID=588","image_url":"http://prokudin-gorskiy.ru/library/pg/loc/0688g.jpg","source":"prokudin-gorskiy.ru","source_id":"588","license":"фотографии — общественное достояние; привязка мест — по сайту-каталогу","confidence":"ok","extra":{"photo_page":"http://prokudin-gorskiy.ru/image.php?ID=2663"}}},{"type":"Feature","id":"prokudin_gorsky:57ebb02aaf96","geometry":{"type":"Point","coordinates":[56.46492,60.561329]},"properties":{"uid":"prokudin_gorsky:57ebb02aaf96","layer":"prokudin_gorsky","layer_title":"Фотографии Прокудина-Горского","group":"culture","title":"Вильгорт","category":"фотография","place_text":"Вильгорт","year_from":1903,"year_to":1916,"date_precision":"year","date_approx":true,"period_raw":"1903–1916","actor":"С. М. Прокудин-Горский","summary":"Место съёмки Прокудина-Горского: Вильгорт.","url":"http://prokudin-gorskiy.ru/tree.php?ID=589","image_url":"http://prokudin-gorskiy.ru/library/pg/loc/0689g.jpg","source":"prokudin-gorskiy.ru","source_id":"589","license":"фотографии — общественное достояние; привязка мест — по сайту-каталогу","confidence":"ok","extra":{"photo_page":"http://prokudin-gorskiy.ru/image.php?ID=2664"}}},{"type":"Feature","id":"prokudin_gorsky:8f4f7ced4a3b","geometry":{"type":"Point","coordinates":[29.938259,58.740152]},"properties":{"uid":"prokudin_gorsky:8f4f7ced4a3b","layer":"prokudin_gorsky","layer_title":"Фотографии Прокудина-Горского","group":"culture","title":"Турово","category":"фотография","place_text":"Турово","year_from":1903,"year_to":1916,"date_precision":"year","date_approx":true,"period_raw":"1903–1916","actor":"С. М. Прокудин-Горский","summary":"Место съёмки Прокудина-Горского: Турово.","url":"http://prokudin-gorskiy.ru/tree.php?ID=590","image_url":"http://prokudin-gorskiy.ru/library/pg/loc/1979g.jpg","source":"prokudin-gorskiy.ru","source_id":"590","license":"фотографии — общественное достояние; привязка мест — по сайту-каталогу","confidence":"ok","extra":{"photo_page":"http://prokudin-gorskiy.ru/image.php?ID=2685"}}},{"type":"Feature","id":"prokudin_gorsky:c89701553341","geometry":{"type":"Point","coordinates":[30.13052,59.569897]},"properties":{"uid":"prokudin_gorsky:c89701553341","layer":"prokudin_gorsky","layer_title":"Фотографии Прокудина-Горского","group":"culture","title":"Гатчина","category":"фотография","place_text":"Гатчина","year_from":1903,"year_to":1916,"date_precision":"year","date_approx":true,"period_raw":"1903–1916","actor":"С. М. Прокудин-Горский","summary":"Место съёмки Прокудина-Горского: Гатчина.","url":"http://prokudin-gorskiy.ru/tree.php?ID=591","image_url":"http://prokudin-gorskiy.ru/library/pg/loc/1985g.jpg","source":"prokudin-gorskiy.ru","source_id":"591","license":"фотографии — общественное достояние; привязка мест — по сайту-каталогу","confidence":"ok","extra":{"photo_page":"http://prokudin-gorskiy.ru/image.php?ID=2689"}}},{"type":"Feature","id":"prokudin_gorsky:0d7481549c49","geometry":{"type":"Point","coordinates":[9.190064,45.476503]},"properties":{"uid":"prokudin_gorsky:0d7481549c49","layer":"prokudin_gorsky","layer_title":"Фотографии Прокудина-Горского","group":"culture","title":"Милан","category":"фотография","place_text":"Милан","year_from":1903,"year_to":1916,"date_precision":"year","date_approx":true,"period_raw":"1903–1916","actor":"С. М. Прокудин-Горский","summary":"Место съёмки Прокудина-Горского: Милан.","url":"http://prokudin-gorskiy.ru/tree.php?ID=592","image_url":"http://prokudin-gorskiy.ru/library/pg/loc/0210g.jpg","source":"prokudin-gorskiy.ru","source_id":"592","license":"фотографии — общественное достояние; привязка мест — по сайту-каталогу","confidence":"outside_bbox","extra":{"photo_page":"http://prokudin-gorskiy.ru/image.php?ID=2711"}}},{"type":"Feature","id":"prokudin_gorsky:0c16c693c2a2","geometry":{"type":"Point","coordinates":[14.488177,40.750476]},"properties":{"uid":"prokudin_gorsky:0c16c693c2a2","layer":"prokudin_gorsky","layer_title":"Фотографии Прокудина-Горского","group":"culture","title":"Помпеи","category":"фотография","place_text":"Помпеи","year_from":1903,"year_to":1916,"date_precision":"year","date_approx":true,"period_raw":"1903–1916","actor":"С. М. Прокудин-Горский","summary":"Место съёмки Прокудина-Горского: Помпеи.","url":"http://prokudin-gorskiy.ru/tree.php?ID=593","image_url":"http://prokudin-gorskiy.ru/library/pg/loc/2014g.jpg","source":"prokudin-gorskiy.ru","source_id":"593","license":"фотографии — общественное достояние; привязка мест — по сайту-каталогу","confidence":"outside_bbox","extra":{"photo_page":"http://prokudin-gorskiy.ru/image.php?ID=2717"}}},{"type":"Feature","id":"prokudin_gorsky:c91dde5ae805","geometry":{"type":"Point","coordinates":[14.230728,40.549287]},"properties":{"uid":"prokudin_gorsky:c91dde5ae805","layer":"prokudin_gorsky","layer_title":"Фотографии Прокудина-Горского","group":"culture","title":"Капри","category":"фотография","place_text":"Капри","year_from":1903,"year_to":1916,"date_precision":"year","date_approx":true,"period_raw":"1903–1916","actor":"С. М. Прокудин-Горский","summary":"Место съёмки Прокудина-Горского: Капри.","url":"http://prokudin-gorskiy.ru/tree.php?ID=594","image_url":"http://prokudin-gorskiy.ru/library/pg/loc/0218g.jpg","source":"prokudin-gorskiy.ru","source_id":"594","license":"фотографии — общественное достояние; привязка мест — по сайту-каталогу","confidence":"outside_bbox","extra":{"photo_page":"http://prokudin-gorskiy.ru/image.php?ID=2732"}}},{"type":"Feature","id":"prokudin_gorsky:c81fc60ad074","geometry":{"type":"Point","coordinates":[29.389629,61.757043]},"properties":{"uid":"prokudin_gorsky:c81fc60ad074","layer":"prokudin_gorsky","layer_title":"Фотографии Прокудина-Горского","group":"culture","title":"Пункахарью","category":"фотография","place_text":"Пункахарью","year_from":1903,"year_to":1916,"date_precision":"year","date_approx":true,"period_raw":"1903–1916","actor":"С. М. Прокудин-Горский","summary":"Место съёмки Прокудина-Горского: Пункахарью.","url":"http://prokudin-gorskiy.ru/tree.php?ID=596","image_url":"http://prokudin-gorskiy.ru/library/pg/loc/1654g.jpg","source":"prokudin-gorskiy.ru","source_id":"596","license":"фотографии — общественное достояние; привязка мест — по сайту-каталогу","confidence":"ok","extra":{"photo_page":"http://prokudin-gorskiy.ru/image.php?ID=199"}}},{"type":"Feature","id":"prokudin_gorsky:175e085fc96a","geometry":{"type":"Point","coordinates":[59.650097,55.170045]},"properties":{"uid":"prokudin_gorsky:175e085fc96a","layer":"prokudin_gorsky","layer_title":"Фотографии Прокудина-Горского","group":"culture","title":"Златоуст и окрестности","category":"фотография","place_text":"Златоуст и окрестности","year_from":1903,"year_to":1916,"date_precision":"year","date_approx":true,"period_raw":"1903–1916","actor":"С. М. Прокудин-Горский","summary":"Место съёмки Прокудина-Горского: Златоуст и окрестности.","url":"http://prokudin-gorskiy.ru/tree.php?ID=597","image_url":"http://prokudin-gorskiy.ru/library/pg/loc/0513g.jpg","source":"prokudin-gorskiy.ru","source_id":"597","license":"фотографии — общественное достояние; привязка мест — по сайту-каталогу","confidence":"ok","extra":{"photo_page":"http://prokudin-gorskiy.ru/image.php?ID=1175"}}},{"type":"Feature","id":"prokudin_gorsky:379638da638c","geometry":{"type":"Point","coordinates":[28.865719,55.470584]},"properties":{"uid":"prokudin_gorsky:379638da638c","layer":"prokudin_gorsky","layer_title":"Фотографии Прокудина-Горского","group":"culture","title":"Струнье","category":"фотография","place_text":"Струнье","year_from":1903,"year_to":1916,"date_precision":"year","date_approx":true,"period_raw":"1903–1916","actor":"С. М. Прокудин-Горский","summary":"Место съёмки Прокудина-Горского: Струнье.","url":"http://prokudin-gorskiy.ru/tree.php?ID=598","source":"prokudin-gorskiy.ru","source_id":"598","license":"фотографии — общественное достояние; привязка мест — по сайту-каталогу","confidence":"ok","extra":{"photo_page":null}}},{"type":"Feature","id":"prokudin_gorsky:01494b399e41","geometry":{"type":"Point","coordinates":[34.30172,63.744922]},"properties":{"uid":"prokudin_gorsky:01494b399e41","layer":"prokudin_gorsky","layer_title":"Фотографии Прокудина-Горского","group":"culture","title":"Сегежа","category":"фотография","place_text":"Сегежа","year_from":1903,"year_to":1916,"date_precision":"year","date_approx":true,"period_raw":"1903–1916","actor":"С. М. Прокудин-Горский","summary":"Место съёмки Прокудина-Горского: Сегежа.","url":"http://prokudin-gorskiy.ru/tree.php?ID=599","image_url":"http://prokudin-gorskiy.ru/library/pg/loc/0312g.jpg","source":"prokudin-gorskiy.ru","source_id":"599","license":"фотографии — общественное достояние; привязка мест — по сайту-каталогу","confidence":"ok","extra":{"photo_page":"http://prokudin-gorskiy.ru/image.php?ID=557"}}},{"type":"Feature","id":"prokudin_gorsky:ebac7a3e6f8e","geometry":{"type":"Point","coordinates":[38.463821,59.601096]},"properties":{"uid":"prokudin_gorsky:ebac7a3e6f8e","layer":"prokudin_gorsky","layer_title":"Фотографии Прокудина-Горского","group":"culture","title":"Ковжа (затоплено)","category":"фотография","place_text":"Ковжа (затоплено)","year_from":1903,"year_to":1916,"date_precision":"year","date_approx":true,"period_raw":"1903–1916","actor":"С. М. Прокудин-Горский","summary":"Место съёмки Прокудина-Горского: Ковжа (затоплено).","url":"http://prokudin-gorskiy.ru/tree.php?ID=600","image_url":"http://prokudin-gorskiy.ru/library/pg/loc/0975g.jpg","source":"prokudin-gorskiy.ru","source_id":"600","license":"фотографии — общественное достояние; привязка мест — по сайту-каталогу","confidence":"ok","extra":{"photo_page":"http://prokudin-gorskiy.ru/image.php?ID=2013"}}},{"type":"Feature","id":"prokudin_gorsky:17e57409d53f","geometry":{"type":"Point","coordinates":[36.905994,60.864307]},"properties":{"uid":"prokudin_gorsky:17e57409d53f","layer":"prokudin_gorsky","layer_title":"Фотографии Прокудина-Горского","group":"culture","title":"Волоков Мост","category":"фотография","place_text":"Волоков Мост","year_from":1903,"year_to":1916,"date_precision":"year","date_approx":true,"period_raw":"1903–1916","actor":"С. М. Прокудин-Горский","summary":"Место съёмки Прокудина-Горского: Волоков Мост.","url":"http://prokudin-gorskiy.ru/tree.php?ID=601","image_url":"http://prokudin-gorskiy.ru/library/pg/loc/0958g.jpg","source":"prokudin-gorskiy.ru","source_id":"601","license":"фотографии — общественное достояние; привязка мест — по сайту-каталогу","confidence":"ok","extra":{"photo_page":"http://prokudin-gorskiy.ru/image.php?ID=935"}}},{"type":"Feature","id":"prokudin_gorsky:9b8642a1f500","geometry":{"type":"Point","coordinates":[36.285782,61.096973]},"properties":{"uid":"prokudin_gorsky:9b8642a1f500","layer":"prokudin_gorsky","layer_title":"Фотографии Прокудина-Горского","group":"culture","title":"Онежское озеро, устье Вытегры","category":"фотография","place_text":"Онежское озеро, устье Вытегры","year_from":1903,"year_to":1916,"date_precision":"year","date_approx":true,"period_raw":"1903–1916","actor":"С. М. Прокудин-Горский","summary":"Место съёмки Прокудина-Горского: Онежское озеро, устье Вытегры.","url":"http://prokudin-gorskiy.ru/tree.php?ID=602","image_url":"http://prokudin-gorskiy.ru/library/pg/loc/0928g.jpg","source":"prokudin-gorskiy.ru","source_id":"602","license":"фотографии — общественное достояние; привязка мест — по сайту-каталогу","confidence":"ok","extra":{"photo_page":"http://prokudin-gorskiy.ru/image.php?ID=2055"}}},{"type":"Feature","id":"prokudin_gorsky:967b0048f37f","geometry":{"type":"Point","coordinates":[57.677021,54.951301]},"properties":{"uid":"prokudin_gorsky:967b0048f37f","layer":"prokudin_gorsky","layer_title":"Фотографии Прокудина-Горского","group":"culture","title":"Верхние Луга","category":"фотография","place_text":"Верхние Луга","year_from":1903,"year_to":1916,"date_precision":"year","date_approx":true,"period_raw":"1903–1916","actor":"С. М. Прокудин-Горский","summary":"Место съёмки Прокудина-Горского: Верхние Луга.","url":"http://prokudin-gorskiy.ru/tree.php?ID=603","image_url":"http://prokudin-gorskiy.ru/library/pg/loc/0591g.jpg","source":"prokudin-gorskiy.ru","source_id":"603","license":"фотографии — общественное достояние; привязка мест — по сайту-каталогу","confidence":"ok","extra":{"photo_page":"http://prokudin-gorskiy.ru/image.php?ID=991"}}},{"type":"Feature","id":"prokudin_gorsky:eb8bef7f029d","geometry":{"type":"Point","coordinates":[37.115936,60.413513]},"properties":{"uid":"prokudin_gorsky:eb8bef7f029d","layer":"prokudin_gorsky","layer_title":"Фотографии Прокудина-Горского","group":"culture","title":"Ковжинский Завод (затоплено)","category":"фотография","place_text":"Ковжинский Завод (затоплено)","year_from":1903,"year_to":1916,"date_precision":"year","date_approx":true,"period_raw":"1903–1916","actor":"С. М. Прокудин-Горский","summary":"Место съёмки Прокудина-Горского: Ковжинский Завод (затоплено).","url":"http://prokudin-gorskiy.ru/tree.php?ID=605","image_url":"http://prokudin-gorskiy.ru/library/pg/loc/0969g.jpg","source":"prokudin-gorskiy.ru","source_id":"605","license":"фотографии — общественное достояние; привязка мест — по сайту-каталогу","confidence":"ok","extra":{"photo_page":"http://prokudin-gorskiy.ru/image.php?ID=2015"}}},{"type":"Feature","id":"prokudin_gorsky:7b3817a5108c","geometry":{"type":"Point","coordinates":[34.471493,62.385834]},"properties":{"uid":"prokudin_gorsky:7b3817a5108c","layer":"prokudin_gorsky","layer_title":"Фотографии Прокудина-Горского","group":"culture","title":"[Мост на р. Лижма]","category":"фотография","place_text":"[Мост на р. Лижма]","year_from":1903,"year_to":1916,"date_precision":"year","date_approx":true,"period_raw":"1903–1916","actor":"С. М. Прокудин-Горский","summary":"Место съёмки Прокудина-Горского: [Мост на р. Лижма].","url":"http://prokudin-gorskiy.ru/tree.php?ID=607","image_url":"http://prokudin-gorskiy.ru/library/pg/loc/0282g.jpg","source":"prokudin-gorskiy.ru","source_id":"607","license":"фотографии — общественное достояние; привязка мест — по сайту-каталогу","confidence":"ok","extra":{"photo_page":"http://prokudin-gorskiy.ru/image.php?ID=291"}}},{"type":"Feature","id":"prokudin_gorsky:b9f32ba32fb9","geometry":{"type":"Point","coordinates":[40.188074,57.633915]},"properties":{"uid":"prokudin_gorsky:b9f32ba32fb9","layer":"prokudin_gorsky","layer_title":"Фотографии Прокудина-Горского","group":"culture","title":"Диево Городище","category":"фотография","place_text":"Диево Городище","year_from":1903,"year_to":1916,"date_precision":"year","date_approx":true,"period_raw":"1903–1916","actor":"С. М. Прокудин-Горский","summary":"Место съёмки Прокудина-Горского: Диево Городище.","url":"http://prokudin-gorskiy.ru/tree.php?ID=612","source":"prokudin-gorskiy.ru","source_id":"612","license":"фотографии — общественное достояние; привязка мест — по сайту-каталогу","confidence":"ok","extra":{"photo_page":null}}},{"type":"Feature","id":"prokudin_gorsky:58e4fc0ef719","geometry":{"type":"Point","coordinates":[34.128712,44.430604]},"properties":{"uid":"prokudin_gorsky:58e4fc0ef719","layer":"prokudin_gorsky","layer_title":"Фотографии Прокудина-Горского","group":"culture","title":"Ай-Тодор","category":"фотография","place_text":"Ай-Тодор","year_from":1903,"year_to":1916,"date_precision":"year","date_approx":true,"period_raw":"1903–1916","actor":"С. М. Прокудин-Горский","summary":"Место съёмки Прокудина-Горского: Ай-Тодор.","url":"http://prokudin-gorskiy.ru/tree.php?ID=620","image_url":"http://prokudin-gorskiy.ru/library/pg/loc/0188g.jpg","source":"prokudin-gorskiy.ru","source_id":"620","license":"фотографии — общественное достояние; привязка мест — по сайту-каталогу","confidence":"ok","extra":{"photo_page":"http://prokudin-gorskiy.ru/image.php?ID=489"}}},{"type":"Feature","id":"prokudin_gorsky:8ce96576ad72","geometry":{"type":"Point","coordinates":[33.869476,44.749659]},"properties":{"uid":"prokudin_gorsky:8ce96576ad72","layer":"prokudin_gorsky","layer_title":"Фотографии Прокудина-Горского","group":"culture","title":"Бахчисарай","category":"фотография","place_text":"Бахчисарай","year_from":1903,"year_to":1916,"date_precision":"year","date_approx":true,"period_raw":"1903–1916","actor":"С. М. Прокудин-Горский","summary":"Место съёмки Прокудина-Горского: Бахчисарай.","url":"http://prokudin-gorskiy.ru/tree.php?ID=621","image_url":"http://prokudin-gorskiy.ru/library/pg/card/79g.jpg","source":"prokudin-gorskiy.ru","source_id":"621","license":"фотографии — общественное достояние; привязка мест — по сайту-каталогу","confidence":"ok","extra":{"photo_page":"http://prokudin-gorskiy.ru/image.php?ID=432"}}},{"type":"Feature","id":"prokudin_gorsky:5f1c12fd2029","geometry":{"type":"Point","coordinates":[34.278889,44.546074]},"properties":{"uid":"prokudin_gorsky:5f1c12fd2029","layer":"prokudin_gorsky","layer_title":"Фотографии Прокудина-Горского","group":"culture","title":"Гурзуф","category":"фотография","place_text":"Гурзуф","year_from":1903,"year_to":1916,"date_precision":"year","date_approx":true,"period_raw":"1903–1916","actor":"С. М. Прокудин-Горский","summary":"Место съёмки Прокудина-Горского: Гурзуф.","url":"http://prokudin-gorskiy.ru/tree.php?ID=622","image_url":"http://prokudin-gorskiy.ru/library/pg/card/27g.jpg","source":"prokudin-gorskiy.ru","source_id":"622","license":"фотографии — общественное достояние; привязка мест — по сайту-каталогу","confidence":"ok","extra":{"photo_page":"http://prokudin-gorskiy.ru/image.php?ID=380"}}},{"type":"Feature","id":"prokudin_gorsky:952f2506f5ca","geometry":{"type":"Point","coordinates":[33.607553,44.604069]},"properties":{"uid":"prokudin_gorsky:952f2506f5ca","layer":"prokudin_gorsky","layer_title":"Фотографии Прокудина-Горского","group":"culture","title":"Инкерман","category":"фотография","place_text":"Инкерман","year_from":1903,"year_to":1916,"date_precision":"year","date_approx":true,"period_raw":"1903–1916","actor":"С. М. Прокудин-Горский","summary":"Место съёмки Прокудина-Горского: Инкерман.","url":"http://prokudin-gorskiy.ru/tree.php?ID=623","image_url":"http://prokudin-gorskiy.ru/library/pg/card/09g.jpg","source":"prokudin-gorskiy.ru","source_id":"623","license":"фотографии — общественное достояние; привязка мест — по сайту-каталогу","confidence":"ok","extra":{"photo_page":"http://prokudin-gorskiy.ru/image.php?ID=361"}}},{"type":"Feature","id":"prokudin_gorsky:383326558bd0","geometry":{"type":"Point","coordinates":[34.185998,44.511457]},"properties":{"uid":"prokudin_gorsky:383326558bd0","layer":"prokudin_gorsky","layer_title":"Фотографии Прокудина-Горского","group":"culture","title":"Массандра","category":"фотография","place_text":"Массандра","year_from":1903,"year_to":1916,"date_precision":"year","date_approx":true,"period_raw":"1903–1916","actor":"С. М. Прокудин-Горский","summary":"Место съёмки Прокудина-Горского: Массандра.","url":"http://prokudin-gorskiy.ru/tree.php?ID=624","image_url":"http://prokudin-gorskiy.ru/library/pg/loc/0187g.jpg","source":"prokudin-gorskiy.ru","source_id":"624","license":"фотографии — общественное достояние; привязка мест — по сайту-каталогу","confidence":"ok","extra":{"photo_page":"http://prokudin-gorskiy.ru/image.php?ID=82"}}},{"type":"Feature","id":"prokudin_gorsky:9132ccdb6f0e","geometry":{"type":"Point","coordinates":[34.141152,44.456866]},"properties":{"uid":"prokudin_gorsky:9132ccdb6f0e","layer":"prokudin_gorsky","layer_title":"Фотографии Прокудина-Горского","group":"culture","title":"Ореанда","category":"фотография","place_text":"Ореанда","year_from":1903,"year_to":1916,"date_precision":"year","date_approx":true,"period_raw":"1903–1916","actor":"С. М. Прокудин-Горский","summary":"Место съёмки Прокудина-Горского: Ореанда.","url":"http://prokudin-gorskiy.ru/tree.php?ID=625","image_url":"http://prokudin-gorskiy.ru/library/pg/card/28g.jpg","source":"prokudin-gorskiy.ru","source_id":"625","license":"фотографии — общественное достояние; привязка мест — по сайту-каталогу","confidence":"ok","extra":{"photo_page":"http://prokudin-gorskiy.ru/image.php?ID=381"}}},{"type":"Feature","id":"prokudin_gorsky:d41c458109e5","geometry":{"type":"Point","coordinates":[33.52993,44.599757]},"properties":{"uid":"prokudin_gorsky:d41c458109e5","layer":"prokudin_gorsky","layer_title":"Фотографии Прокудина-Горского","group":"culture","title":"Севастополь","category":"фотография","place_text":"Севастополь","year_from":1903,"year_to":1916,"date_precision":"year","date_approx":true,"period_raw":"1903–1916","actor":"С. М. Прокудин-Горский","summary":"Место съёмки Прокудина-Горского: Севастополь.","url":"http://prokudin-gorskiy.ru/tree.php?ID=626","image_url":"http://prokudin-gorskiy.ru/library/pg/card/41g.jpg","source":"prokudin-gorskiy.ru","source_id":"626","license":"фотографии — общественное достояние; привязка мест — по сайту-каталогу","confidence":"ok","extra":{"photo_page":"http://prokudin-gorskiy.ru/image.php?ID=394"}}},{"type":"Feature","id":"prokudin_gorsky:38a0af866556","geometry":{"type":"Point","coordinates":[34.169369,44.499444]},"properties":{"uid":"prokudin_gorsky:38a0af866556","layer":"prokudin_gorsky","layer_title":"Фотографии Прокудина-Горского","group":"culture","title":"Ялта","category":"фотография","place_text":"Ялта","year_from":1903,"year_to":1916,"date_precision":"year","date_approx":true,"period_raw":"1903–1916","actor":"С. М. Прокудин-Горский","summary":"Место съёмки Прокудина-Горского: Ялта.","url":"http://prokudin-gorskiy.ru/tree.php?ID=627","image_url":"http://prokudin-gorskiy.ru/library/pg/card/61g.jpg","source":"prokudin-gorskiy.ru","source_id":"627","license":"фотографии — общественное достояние; привязка мест — по сайту-каталогу","confidence":"ok","extra":{"photo_page":"http://prokudin-gorskiy.ru/image.php?ID=414"}}}]}