{"type":"FeatureCollection","name":"Места репрессий и спецпоселений","crs":{"type":"name","properties":{"name":"urn:ogc:def:crs:OGC:1.3/CRS84"}},"features":[{"type":"Feature","id":"repressions:c76a8372251a","geometry":{"type":"Point","coordinates":[22.053056,52.631111]},"properties":{"uid":"repressions:c76a8372251a","layer":"repressions","layer_title":"Места репрессий и спецпоселений","group":"hardship","title":"Треблинка","category":"лагерь смерти нацистской Германии","place_text":"Косув-Ляцки","region":"Косув-Ляцки","year_from":1942,"year_to":1943,"date_precision":"year","date_approx":false,"period_raw":"1942–1943","summary":"созданный нацистами в Польше лагерь смерти","url":"https://ru.wikipedia.org/wiki/%D0%A2%D1%80%D0%B5%D0%B1%D0%BB%D0%B8%D0%BD%D0%BA%D0%B0","image_url":"http://commons.wikimedia.org/wiki/Special:FilePath/Treblinka%20Memorial%202013%2001.JPG","source":"Викиданные","source_id":"Q152010","license":"CC0 (Викиданные)","confidence":"ok"}},{"type":"Feature","id":"repressions:a4988cfd6b6d","geometry":{"type":"Point","coordinates":[23.594136,51.446992]},"properties":{"uid":"repressions:a4988cfd6b6d","layer":"repressions","layer_title":"Места репрессий и спецпоселений","group":"hardship","title":"концлагерь Собибор","category":"концентрационный лагерь","place_text":"Влодава","region":"Влодава","year_from":1942,"year_to":1960,"date_precision":"part","date_approx":true,"period_raw":"с 1942","summary":"нацистский концлагерь в Польше","url":"https://ru.wikipedia.org/wiki/%D0%A1%D0%BE%D0%B1%D0%B8%D0%B1%D0%BE%D1%80","image_url":"http://commons.wikimedia.org/wiki/Special:FilePath/Foto%20genomen%20vanuit%20een%20wachttoren%20van%20Sobibor%2C%20met%20gevangenen%20en%20bewakers.jpg","source":"Викиданные","source_id":"Q152658","license":"CC0 (Викиданные)","confidence":"ok"}},{"type":"Feature","id":"repressions:fab805dfb250","geometry":{"type":"Point","coordinates":[22.598056,51.221944]},"properties":{"uid":"repressions:fab805dfb250","layer":"repressions","layer_title":"Места репрессий и спецпоселений","group":"hardship","title":"Майданек","category":"лагерь смерти нацистской Германии","place_text":"Люблин","region":"Люблин","year_from":1941,"year_to":1944,"date_precision":"year","date_approx":false,"period_raw":"1941–1944","summary":"нацистский концентрационный лагерь","url":"https://ru.wikipedia.org/wiki/%D0%9C%D0%B0%D0%B9%D0%B4%D0%B0%D0%BD%D0%B5%D0%BA","image_url":"http://commons.wikimedia.org/wiki/Special:FilePath/Alians%20PL%20KL%20Majdanek%20Lublin%2C10%2010%202008%2CPA100050.jpg","source":"Викиданные","source_id":"Q160135","license":"CC0 (Викиданные)","confidence":"ok"}},{"type":"Feature","id":"repressions:2e155b070a4e","geometry":{"type":"Point","coordinates":[28.718889,48.854444]},"properties":{"uid":"repressions:2e155b070a4e","layer":"repressions","layer_title":"Места репрессий и спецпоселений","group":"hardship","title":"Печера (концентрационный лагерь)","category":"концентрационный лагерь","place_text":"Губернаторство Транснистрия","region":"Губернаторство Транснистрия","year_from":1941,"year_to":1960,"date_precision":"part","date_approx":true,"period_raw":"с 1941","summary":"румынский концлагерь в Винницкой обл. Украины","url":"https://ru.wikipedia.org/wiki/%D0%9F%D0%B5%D1%87%D0%B5%D1%80%D0%B0_(%D0%BA%D0%BE%D0%BD%D1%86%D0%B5%D0%BD%D1%82%D1%80%D0%B0%D1%86%D0%B8%D0%BE%D0%BD%D0%BD%D1%8B%D0%B9_%D0%BB%D0%B0%D0%B3%D0%B5%D1%80%D1%8C)","image_url":"http://commons.wikimedia.org/wiki/Special:FilePath/Pechera%20main%20building.jpg","source":"Викиданные","source_id":"Q45471294","license":"CC0 (Викиданные)","confidence":"ok"}},{"type":"Feature","id":"repressions:d19f481c1ba9","geometry":{"type":"Point","coordinates":[28.683333,52.883333]},"properties":{"uid":"repressions:d19f481c1ba9","layer":"repressions","layer_title":"Места репрессий и спецпоселений","group":"hardship","title":"Глусский концлагерь","category":"концентрационный лагерь","date_precision":"unknown","date_approx":false,"summary":"Концлагерь","url":"https://www.wikidata.org/wiki/Q45469432","source":"Викиданные","source_id":"Q45469432","license":"CC0 (Викиданные)","confidence":"ok"}},{"type":"Feature","id":"repressions:5739fbd436e3","geometry":{"type":"Point","coordinates":[40.260944,64.861355]},"properties":{"uid":"repressions:5739fbd436e3","layer":"repressions","layer_title":"Места репрессий и спецпоселений","group":"hardship","title":"Мудьюгский концентрационный лагерь","category":"концентрационный лагерь","place_text":"Мудьюгский","region":"Мудьюгский","year_from":1918,"year_to":1919,"date_precision":"year","date_approx":false,"period_raw":"1918–1919","summary":"концентрационный лагерь на острове Мудьюг","url":"https://ru.wikipedia.org/wiki/%D0%9C%D1%83%D0%B4%D1%8C%D1%8E%D0%B3%D1%81%D0%BA%D0%B8%D0%B9_%D0%BA%D0%BE%D0%BD%D1%86%D0%B5%D0%BD%D1%82%D1%80%D0%B0%D1%86%D0%B8%D0%BE%D0%BD%D0%BD%D1%8B%D0%B9_%D0%BB%D0%B0%D0%B3%D0%B5%D1%80%D1%8C","image_url":"http://commons.wikimedia.org/wiki/Special:FilePath/%D0%92%D1%8B%D1%88%D0%BA%D0%B0%20%D0%B8%20%D0%B0%D0%B4%D0%BC%D0%B8%D0%BD%D0%B8%D1%81%D1%82%D1%80%D0%B0%D1%82%D0%B8%D0%B2%D0%BD%D0%BE%D0%B5%20%D0%B7%D0%B4%D0%B0%D0%BD%D0%B8%D0%B5%20%D0%BA%D0%BE%D0%BD%D1%86%D0%BB%D0%B0%D0%B3%D0%B5%D1%80%D1%8F.jpg","source":"Викиданные","source_id":"Q4305789","license":"CC0 (Викиданные)","confidence":"ok"}},{"type":"Feature","id":"repressions:65056b1d5935","geometry":{"type":"Point","coordinates":[37.597548,55.830625]},"properties":{"uid":"repressions:65056b1d5935","layer":"repressions","layer_title":"Места репрессий и спецпоселений","group":"hardship","title":"Автоматика","category":"Шарашка","place_text":"Москва","region":"Москва","date_precision":"unknown","date_approx":false,"summary":"российское военно-промышленное предприятие, правопреемник НИИ Связи и марфинской шарашки","url":"https://ru.wikipedia.org/wiki/%D0%9A%D0%BE%D0%BD%D1%86%D0%B5%D1%80%D0%BD_%C2%AB%D0%90%D0%B2%D1%82%D0%BE%D0%BC%D0%B0%D1%82%D0%B8%D0%BA%D0%B0%C2%BB","image_url":"http://commons.wikimedia.org/wiki/Special:FilePath/%D0%9A%D0%BE%D0%BD%D1%86%D0%B5%D1%80%D0%BD%20%D0%90%D0%B2%D1%82%D0%BE%D0%BC%D0%B0%D1%82%D0%B8%D0%BA%D0%B0.jpg","source":"Викиданные","source_id":"Q4310636","license":"CC0 (Викиданные)","confidence":"ok"}},{"type":"Feature","id":"repressions:a811b5f9b685","geometry":{"type":"Point","coordinates":[65.790278,66.805]},"properties":{"uid":"repressions:a811b5f9b685","layer":"repressions","layer_title":"Места репрессий и спецпоселений","group":"hardship","title":"Полярная сова","category":"Тюрьма супермаксимальной безопасности","place_text":"Харп","region":"Харп","year_from":1961,"year_to":1961,"date_precision":"part","date_approx":true,"period_raw":"с 1961","summary":"колония особого режима для пожизненно осужденных","url":"https://ru.wikipedia.org/wiki/%D0%9F%D0%BE%D0%BB%D1%8F%D1%80%D0%BD%D0%B0%D1%8F_%D1%81%D0%BE%D0%B2%D0%B0_(%D0%BA%D0%BE%D0%BB%D0%BE%D0%BD%D0%B8%D1%8F)","source":"Викиданные","source_id":"Q4371595","license":"CC0 (Викиданные)","confidence":"ok"}},{"type":"Feature","id":"repressions:be8f5f5bbb10","geometry":{"type":"Point","coordinates":[30.357413,59.962793]},"properties":{"uid":"repressions:be8f5f5bbb10","layer":"repressions","layer_title":"Места репрессий и спецпоселений","group":"hardship","title":"СИЗО № 4 (СПб)","category":"комплекс зданий","place_text":"Калининский район","region":"Калининский район","year_from":1869,"year_to":1960,"date_precision":"part","date_approx":true,"period_raw":"с 1869","summary":"тюрьма","url":"https://ru.wikipedia.org/wiki/%D0%A1%D0%98%D0%97%D0%9E_%E2%84%96_4_(%D0%A1%D0%B0%D0%BD%D0%BA%D1%82-%D0%9F%D0%B5%D1%82%D0%B5%D1%80%D0%B1%D1%83%D1%80%D0%B3)","image_url":"http://commons.wikimedia.org/wiki/Special:FilePath/%D0%A1%D0%98-4.jpg","source":"Викиданные","source_id":"Q4403040","license":"CC0 (Викиданные)","confidence":"ok"}},{"type":"Feature","id":"repressions:35d38c31d5e1","geometry":{"type":"Point","coordinates":[30.313307,59.948416]},"properties":{"uid":"repressions:35d38c31d5e1","layer":"repressions","layer_title":"Места репрессий и спецпоселений","group":"hardship","title":"Тюрьма Трубецкого бастиона","category":"музей","place_text":"Петроградский район","region":"Петроградский район","year_from":1872,"year_to":1960,"date_precision":"part","date_approx":true,"period_raw":"с 1872","summary":"существовавшая в 1872—1921 г. в Петропавловской крепости тюрьма для политических заключенных","url":"https://ru.wikipedia.org/wiki/%D0%A2%D1%8E%D1%80%D1%8C%D0%BC%D0%B0_%D0%A2%D1%80%D1%83%D0%B1%D0%B5%D1%86%D0%BA%D0%BE%D0%B3%D0%BE_%D0%B1%D0%B0%D1%81%D1%82%D0%B8%D0%BE%D0%BD%D0%B0","image_url":"http://commons.wikimedia.org/wiki/Special:FilePath/%D0%A2%D1%8E%D1%80%D1%8C%D0%BC%D0%B0%20%D0%A2%D1%80%D1%83%D0%B1%D0%B5%D1%86%D0%BA%D0%BE%D0%B3%D0%BE%20%D0%B1%D0%B0%D1%81%D1%82%D0%B8%D0%BE%D0%BD%D0%B0%20%D0%B2%D1%85%D0%BE%D0%B4.jpg","source":"Викиданные","source_id":"Q4467693","license":"CC0 (Викиданные)","confidence":"ok"}},{"type":"Feature","id":"repressions:3f7ab98e5ae1","geometry":{"type":"Point","coordinates":[54.993056,51.155556]},"properties":{"uid":"repressions:3f7ab98e5ae1","layer":"repressions","layer_title":"Места репрессий и спецпоселений","group":"hardship","title":"ФКУ ИК-6 УФСИН России по Оренбургской области","category":"исправительная колония","place_text":"Соль-Илецк","region":"Соль-Илецк","year_from":1773,"year_to":1960,"date_precision":"part","date_approx":true,"period_raw":"с 1773","summary":"исправительная колония для пожизненно осуждённых","url":"https://ru.wikipedia.org/wiki/%D0%A7%D1%91%D1%80%D0%BD%D1%8B%D0%B9_%D0%B4%D0%B5%D0%BB%D1%8C%D1%84%D0%B8%D0%BD","image_url":"http://commons.wikimedia.org/wiki/Special:FilePath/Prison%20Black%20Dolphin%20-%20entrance.jpg","source":"Викиданные","source_id":"Q4518872","license":"CC0 (Викиданные)","confidence":"ok"}},{"type":"Feature","id":"repressions:741361ee6d3c","geometry":{"type":"Point","coordinates":[30.13904,55.19382]},"properties":{"uid":"repressions:741361ee6d3c","layer":"repressions","layer_title":"Места репрессий и спецпоселений","group":"hardship","title":"Шталаг 313","category":"концентрационный лагерь","place_text":"Витебск","region":"Витебск","date_precision":"unknown","date_approx":false,"summary":"лагерь для военнопленных, созданный во время Второй мировой войны","url":"https://ru.wikipedia.org/wiki/%D0%A8%D1%82%D0%B0%D0%BB%D0%B0%D0%B3_313","source":"Викиданные","source_id":"Q4526701","license":"CC0 (Викиданные)","confidence":"ok"}},{"type":"Feature","id":"repressions:52d01821dbcb","geometry":{"type":"Point","coordinates":[24.74175,59.45027]},"properties":{"uid":"repressions:52d01821dbcb","layer":"repressions","layer_title":"Места репрессий и спецпоселений","group":"hardship","title":"Батарейная тюрьма","category":"музей","place_text":"Таллин","region":"Таллин","year_from":1920,"year_to":1960,"date_precision":"part","date_approx":true,"period_raw":"с 1920","summary":"тюрьма в Таллине, Эстония","url":"https://ru.wikipedia.org/wiki/%D0%91%D0%B0%D1%82%D0%B0%D1%80%D0%B5%D0%B9%D0%BD%D0%B0%D1%8F_%D1%82%D1%8E%D1%80%D1%8C%D0%BC%D0%B0","image_url":"http://commons.wikimedia.org/wiki/Special:FilePath/Keskvanlga%20Tallinn%202018.jpg","source":"Викиданные","source_id":"Q5401903","license":"CC0 (Викиданные)","confidence":"ok"}},{"type":"Feature","id":"repressions:375b7a9ab663","geometry":{"type":"Point","coordinates":[30.184722,48.740833]},"properties":{"uid":"repressions:375b7a9ab663","layer":"repressions","layer_title":"Места репрессий и спецпоселений","group":"hardship","title":"Шталаг 349","category":"концентрационный лагерь","place_text":"Умань","region":"Умань","date_precision":"unknown","date_approx":false,"summary":"лагерь для военнопленных, созданный во время Второй мировой войны","url":"https://ru.wikipedia.org/wiki/%D0%A8%D1%82%D0%B0%D0%BB%D0%B0%D0%B3_349","image_url":"http://commons.wikimedia.org/wiki/Special:FilePath/%D0%A3%D0%BC%D0%B0%D0%BD%D1%8C.%20%D0%9C%D1%96%D1%81%D1%86%D0%B5%20%D1%80%D0%BE%D0%B7%D1%82%D0%B0%D1%88%D1%83%D0%B2%D0%B0%D0%BD%D0%BD%D1%8F%20%D0%BA%D0%BE%D0%BD%D1%86%D1%82%D0%B0%D0%B1%D0%BE%D1%80%D1%83%20%D0%B2%D1%96%D0%B9%D1%81%D1%8C%D0%BA%D0%BE%D0%B2%D0%BE%D0%BF%D0%BE%D0%BB%D0%BE%D0%BD%D0%B5%D0%BD%D0%B8%D1%85%20%D0%A8%D1%82%D0%B0%D0%BB%D0%B0%D0%B3%20%E2%84%96%20349%20%C2%AB%D0%A3%D0%BC%D0%B0%D0%BD%D1%81%D1%8C%D0%BA%D0%B0%20%D1%8F%D0%BC%D0%B0%C2%BB.jpg","source":"Викиданные","source_id":"Q12164511","license":"CC0 (Викиданные)","confidence":"ok"}},{"type":"Feature","id":"repressions:f111e1f2f542","geometry":{"type":"Point","coordinates":[33.261389,49.778333]},"properties":{"uid":"repressions:f111e1f2f542","layer":"repressions","layer_title":"Места репрессий и спецпоселений","group":"hardship","title":"Концентрационный лагерь «Хорольская яма»","category":"концентрационный лагерь","place_text":"Хорол","region":"Хорол","year_from":1941,"year_to":1943,"date_precision":"year","date_approx":false,"period_raw":"1941–1943","summary":"концлагерь в Украине","url":"https://ru.wikipedia.org/wiki/%D0%A5%D0%BE%D1%80%D0%BE%D0%BB%D1%8C%D1%81%D0%BA%D0%B0%D1%8F_%D0%AF%D0%BC%D0%B0","source":"Викиданные","source_id":"Q12167643","license":"CC0 (Викиданные)","confidence":"ok"}},{"type":"Feature","id":"repressions:c5b350d2390f","geometry":{"type":"Point","coordinates":[26.070222,57.7875]},"properties":{"uid":"repressions:c5b350d2390f","layer":"repressions","layer_title":"Места репрессий и спецпоселений","group":"hardship","title":"Шталаг 351","category":"концентрационный лагерь","date_precision":"unknown","date_approx":false,"summary":"лагерь для военнопленных, созданный во время Второй мировой войны","url":"https://ru.wikipedia.org/wiki/%D0%A8%D1%82%D0%B0%D0%BB%D0%B0%D0%B3_351","source":"Викиданные","source_id":"Q12375330","license":"CC0 (Викиданные)","confidence":"ok"}},{"type":"Feature","id":"repressions:a708e3376c47","geometry":{"type":"Point","coordinates":[46.013222,51.539861]},"properties":{"uid":"repressions:a708e3376c47","layer":"repressions","layer_title":"Места репрессий и спецпоселений","group":"hardship","title":"СИЗО № 1","category":"следственный изолятор","place_text":"Саратов","region":"Саратов","date_precision":"unknown","date_approx":false,"summary":"следственный изолятор, расположенный в Саратове","url":"https://ru.wikipedia.org/wiki/%D0%A1%D0%98%D0%97%D0%9E_%E2%84%96_1_(%D0%A1%D0%B0%D1%80%D0%B0%D1%82%D0%BE%D0%B2)","source":"Викиданные","source_id":"Q16693502","license":"CC0 (Викиданные)","confidence":"ok"}},{"type":"Feature","id":"repressions:88155faf3d46","geometry":{"type":"Point","coordinates":[104.31211,52.29396]},"properties":{"uid":"repressions:88155faf3d46","layer":"repressions","layer_title":"Места репрессий и спецпоселений","group":"hardship","title":"СИЗО № 1","category":"тюрьма","place_text":"Иркутск","region":"Иркутск","year_from":1803,"year_to":1960,"date_precision":"part","date_approx":true,"period_raw":"с 1803","summary":"следственный изолятор в Иркутске","url":"https://ru.wikipedia.org/wiki/%D0%A1%D0%98%D0%97%D0%9E_%E2%84%96_1_(%D0%98%D1%80%D0%BA%D1%83%D1%82%D1%81%D0%BA)","image_url":"http://commons.wikimedia.org/wiki/Special:FilePath/IrkutskayaTurma.JPG","source":"Викиданные","source_id":"Q16693500","license":"CC0 (Викиданные)","confidence":"ok"}},{"type":"Feature","id":"repressions:cf00f48c47f2","geometry":{"type":"Point","coordinates":[60.45,60.9]},"properties":{"uid":"repressions:cf00f48c47f2","layer":"repressions","layer_title":"Места репрессий и спецпоселений","group":"hardship","title":"Чёрный беркут","category":"Тюрьма супермаксимальной безопасности","place_text":"Ивдель","region":"Ивдель","year_from":1935,"year_to":2019,"date_precision":"year","date_approx":false,"period_raw":"1935–2019","summary":"исправительная колония особого режима","url":"https://ru.wikipedia.org/wiki/%D0%A7%D1%91%D1%80%D0%BD%D1%8B%D0%B9_%D0%B1%D0%B5%D1%80%D0%BA%D1%83%D1%82_(%D0%A0%D0%BE%D1%81%D1%81%D0%B8%D1%8F)","source":"Викиданные","source_id":"Q16718940","license":"CC0 (Викиданные)","confidence":"ok"}},{"type":"Feature","id":"repressions:f15ea6927444","geometry":{"type":"Point","coordinates":[57.527329,44.018142]},"properties":{"uid":"repressions:f15ea6927444","layer":"repressions","layer_title":"Места репрессий и спецпоселений","group":"hardship","title":"Жаслык","category":"тюрьма","place_text":"Каракалпакстан","region":"Каракалпакстан","year_from":1999,"year_to":2019,"date_precision":"year","date_approx":false,"period_raw":"1999–2019","summary":"тюрьма в Узбекистане","url":"https://ru.wikipedia.org/wiki/%D0%96%D0%B0%D1%81%D0%BB%D1%8B%D0%BA_(%D1%82%D1%8E%D1%80%D1%8C%D0%BC%D0%B0)","source":"Викиданные","source_id":"Q23824467","license":"CC0 (Викиданные)","confidence":"ok"}},{"type":"Feature","id":"repressions:ba06a3288f3b","geometry":{"type":"Point","coordinates":[43.22361,54.08417]},"properties":{"uid":"repressions:ba06a3288f3b","layer":"repressions","layer_title":"Места репрессий и спецпоселений","group":"hardship","title":"Торбеевский централ","category":"исправительная колония","place_text":"Торбеево","region":"Торбеево","year_from":2015,"year_to":2015,"date_precision":"part","date_approx":true,"period_raw":"с 2015","summary":"исправительная колония особого режима","url":"https://ru.wikipedia.org/wiki/%D0%A2%D0%BE%D1%80%D0%B1%D0%B5%D0%B5%D0%B2%D1%81%D0%BA%D0%B8%D0%B9_%D1%86%D0%B5%D0%BD%D1%82%D1%80%D0%B0%D0%BB","source":"Викиданные","source_id":"Q28666505","license":"CC0 (Викиданные)","confidence":"ok"}},{"type":"Feature","id":"repressions:3ac6d23d5a2a","geometry":{"type":"Point","coordinates":[142.966667,50.266667]},"properties":{"uid":"repressions:3ac6d23d5a2a","layer":"repressions","layer_title":"Места репрессий и спецпоселений","group":"hardship","title":"сахалинская каторга","category":"исправительная колония","place_text":"Сахалинская область","region":"Сахалинская область","date_precision":"unknown","date_approx":false,"summary":"каторга на острове Сахалин в Российской империи","url":"https://ru.wikipedia.org/wiki/%D0%A1%D0%B0%D1%85%D0%B0%D0%BB%D0%B8%D0%BD%D1%81%D0%BA%D0%B0%D1%8F_%D0%BA%D0%B0%D1%82%D0%BE%D1%80%D0%B3%D0%B0","image_url":"http://commons.wikimedia.org/wiki/Special:FilePath/Prisoners%20in%20Sachalin.jpg","source":"Викиданные","source_id":"Q28920195","license":"CC0 (Викиданные)","confidence":"ok"}},{"type":"Feature","id":"repressions:544f95ce599e","geometry":{"type":"Point","coordinates":[19.9618,50.0327]},"properties":{"uid":"repressions:544f95ce599e","layer":"repressions","layer_title":"Места репрессий и спецпоселений","group":"hardship","title":"Плашув","category":"концентрационный лагерь","place_text":"Краков","region":"Краков","date_precision":"unknown","date_approx":false,"summary":"нацистский концентрационный лагерь в южном пригороде Кракова","url":"https://ru.wikipedia.org/wiki/%D0%9F%D0%BB%D0%B0%D1%88%D0%BE%D0%B2","image_url":"http://commons.wikimedia.org/wiki/Special:FilePath/PLASZOW-German%20concentration%20camp%20near%20Krakow%20PL.jpg","source":"Викиданные","source_id":"Q160408","license":"CC0 (Викиданные)","confidence":"ok"}},{"type":"Feature","id":"repressions:9b7b43164811","geometry":{"type":"Point","coordinates":[19.239876,50.21354]},"properties":{"uid":"repressions:9b7b43164811","layer":"repressions","layer_title":"Места репрессий и спецпоселений","group":"hardship","title":"Центральный лагерь труда в Явожно","category":"концентрационный лагерь","date_precision":"unknown","date_approx":false,"summary":"лагерь труда в Явожно","url":"https://www.wikidata.org/wiki/Q190410","source":"Викиданные","source_id":"Q190410","license":"CC0 (Викиданные)","confidence":"ok"}},{"type":"Feature","id":"repressions:329ceb9d3f94","geometry":{"type":"Point","coordinates":[40.434276,56.141036]},"properties":{"uid":"repressions:329ceb9d3f94","layer":"repressions","layer_title":"Места репрессий и спецпоселений","group":"hardship","title":"Владимирский централ","category":"тюрьма","place_text":"Владимир","region":"Владимир","year_from":1783,"year_to":1960,"date_precision":"part","date_approx":true,"period_raw":"с 1783","summary":"Тюрьма в городе Владимир","url":"https://ru.wikipedia.org/wiki/%D0%92%D0%BB%D0%B0%D0%B4%D0%B8%D0%BC%D0%B8%D1%80%D1%81%D0%BA%D0%B8%D0%B9_%D1%86%D0%B5%D0%BD%D1%82%D1%80%D0%B0%D0%BB","image_url":"http://commons.wikimedia.org/wiki/Special:FilePath/Vladimir%20asv2019-01%20img40%20Tsentral.jpg","source":"Викиданные","source_id":"Q240549","license":"CC0 (Викиданные)","confidence":"ok"}},{"type":"Feature","id":"repressions:6ca810998783","geometry":{"type":"Point","coordinates":[20.245278,53.578611]},"properties":{"uid":"repressions:6ca810998783","layer":"repressions","layer_title":"Места репрессий и спецпоселений","group":"hardship","title":"Хохенштейн","category":"лагерь для военнопленных","place_text":"Ольштынек","region":"Ольштынек","date_precision":"unknown","date_approx":false,"summary":"шталаг","url":"https://www.wikidata.org/wiki/Q7597181","source":"Викиданные","source_id":"Q7597181","license":"CC0 (Викиданные)","confidence":"ok"}},{"type":"Feature","id":"repressions:aefa102d064e","geometry":{"type":"Point","coordinates":[19.9072,50.0092]},"properties":{"uid":"repressions:aefa102d064e","layer":"repressions","layer_title":"Места репрессий и спецпоселений","group":"hardship","title":"Шталаг 369","category":"лагерь для военнопленных","place_text":"Краков","region":"Краков","year_from":1942,"year_to":1960,"date_precision":"part","date_approx":true,"period_raw":"с 1942","summary":"лагерь для военнопленных, созданный во время Второй мировой войны","url":"https://ru.wikipedia.org/wiki/%D0%A8%D1%82%D0%B0%D0%BB%D0%B0%D0%B3_369","image_url":"http://commons.wikimedia.org/wiki/Special:FilePath/Stalag%20369%20Kobierzyn%20%28Poland%29%20logo.jpg","source":"Викиданные","source_id":"Q9341364","license":"CC0 (Викиданные)","confidence":"ok"}},{"type":"Feature","id":"repressions:232f2c7ea55c","geometry":{"type":"Point","coordinates":[19.4211,51.715]},"properties":{"uid":"repressions:232f2c7ea55c","layer":"repressions","layer_title":"Места репрессий и спецпоселений","group":"hardship","title":"Шталаг Люфт II","category":"шталаг","place_text":"Rokicie","region":"Rokicie","date_precision":"unknown","date_approx":false,"summary":"лагерь для военнопленных, созданный во время Второй мировой войны","url":"https://ru.wikipedia.org/wiki/%D0%A8%D1%82%D0%B0%D0%BB%D0%B0%D0%B3_%D0%9B%D1%8E%D1%84%D1%82_II","image_url":"http://commons.wikimedia.org/wiki/Special:FilePath/Stalag%20Luft%20II%2C%20%C5%81%C3%B3d%C5%BA%2C%20V%201942%2C%20aerial.jpg","source":"Викиданные","source_id":"Q9341365","license":"CC0 (Викиданные)","confidence":"ok"}},{"type":"Feature","id":"repressions:2381283c5dfc","geometry":{"type":"Point","coordinates":[27.943611,54.334444]},"properties":{"uid":"repressions:2381283c5dfc","layer":"repressions","layer_title":"Места репрессий и спецпоселений","group":"hardship","title":"Хатынь","category":"деревня","place_text":"Каменский сельсовет","region":"Каменский сельсовет","year_from":1800,"year_to":1943,"date_precision":"part","date_approx":true,"period_raw":"до 1943","summary":"уничтоженная деревня в Логойском районе Минской области Беларуси","url":"https://ru.wikipedia.org/wiki/%D0%A5%D0%B0%D1%82%D1%8B%D0%BD%D1%8C_(%D0%B4%D0%B5%D1%80%D0%B5%D0%B2%D0%BD%D1%8F)","image_url":"http://commons.wikimedia.org/wiki/Special:FilePath/Belarus%2C%20Khatyn%20%283942241697%29.jpg","source":"Викиданные","source_id":"Q11710682","license":"CC0 (Викиданные)","confidence":"ok"}},{"type":"Feature","id":"repressions:dc1df0b90c52","geometry":{"type":"Point","coordinates":[27.25,59.3167]},"properties":{"uid":"repressions:dc1df0b90c52","layer":"repressions","layer_title":"Места репрессий и спецпоселений","group":"hardship","title":"Концлагерь «Эреда»","category":"концентрационный лагерь","date_precision":"unknown","date_approx":false,"summary":"концентрационный лагерь","url":"https://www.wikidata.org/wiki/Q47515722","source":"Викиданные","source_id":"Q47515722","license":"CC0 (Викиданные)","confidence":"ok"}},{"type":"Feature","id":"repressions:4903a26d3d05","geometry":{"type":"Point","coordinates":[40.075929,47.395993]},"properties":{"uid":"repressions:4903a26d3d05","layer":"repressions","layer_title":"Места репрессий и спецпоселений","group":"hardship","title":"Новочеркасская тюрьма","category":"тюрьма","place_text":"Новочеркасск","region":"Новочеркасск","date_precision":"unknown","date_approx":false,"summary":"Тюрьма","url":"https://ru.wikipedia.org/wiki/%D0%9D%D0%BE%D0%B2%D0%BE%D1%87%D0%B5%D1%80%D0%BA%D0%B0%D1%81%D1%81%D0%BA%D0%B0%D1%8F_%D1%82%D1%8E%D1%80%D1%8C%D0%BC%D0%B0","source":"Викиданные","source_id":"Q61746233","license":"CC0 (Викиданные)","confidence":"ok"}},{"type":"Feature","id":"repressions:6a850c04336f","geometry":{"type":"Point","coordinates":[33.514736,44.600923]},"properties":{"uid":"repressions:6a850c04336f","layer":"repressions","layer_title":"Места репрессий и спецпоселений","group":"hardship","title":"Севастопольская тюрьма","category":"тюрьма","place_text":"Севастополь","region":"Севастополь","date_precision":"unknown","date_approx":false,"summary":"исправительное заведение","url":"https://ru.wikipedia.org/wiki/%D0%A1%D0%B5%D0%B2%D0%B0%D1%81%D1%82%D0%BE%D0%BF%D0%BE%D0%BB%D1%8C%D1%81%D0%BA%D0%B0%D1%8F_%D1%82%D1%8E%D1%80%D1%8C%D0%BC%D0%B0","image_url":"http://commons.wikimedia.org/wiki/Special:FilePath/%D0%91%D1%83%D0%B4%D0%B8%D0%BD%D0%BE%D0%BA%20%D0%B2%27%D1%8F%D0%B7%D0%BD%D0%B8%D1%86%D1%96%20%28%D0%A1%D0%B5%D0%B2%D0%B0%D1%81%D1%82%D0%BE%D0%BF%D0%BE%D0%BB%D1%8C%29.JPG","source":"Викиданные","source_id":"Q63241799","license":"CC0 (Викиданные)","confidence":"ok"}},{"type":"Feature","id":"repressions:fc764d7b477a","geometry":{"type":"Point","coordinates":[30.635,59.739722]},"properties":{"uid":"repressions:fc764d7b477a","layer":"repressions","layer_title":"Места репрессий и спецпоселений","group":"hardship","title":"Колпино","category":"следственный изолятор","place_text":"Колпино","region":"Колпино","year_from":2017,"year_to":2017,"date_precision":"part","date_approx":true,"period_raw":"с 2017","summary":"следственный изолятор в Санкт-Петербурге","url":"https://ru.wikipedia.org/wiki/%D0%9A%D1%80%D0%B5%D1%81%D1%82%D1%8B-2","image_url":"http://commons.wikimedia.org/wiki/Special:FilePath/Kolpino%20prison%202020.jpg","source":"Викиданные","source_id":"Q84430074","license":"CC0 (Викиданные)","confidence":"ok"}},{"type":"Feature","id":"repressions:596d066a0af8","geometry":{"type":"Point","coordinates":[60.013253,57.901806]},"properties":{"uid":"repressions:596d066a0af8","layer":"repressions","layer_title":"Места репрессий и спецпоселений","group":"hardship","title":"ИК-13 «Красная утка»","category":"исправительная колония","place_text":"Нижний Тагил","region":"Нижний Тагил","year_from":1948,"year_to":1960,"date_precision":"part","date_approx":true,"period_raw":"с 1948","summary":"исправительная колония","url":"https://ru.wikipedia.org/wiki/%D0%9A%D1%80%D0%B0%D1%81%D0%BD%D0%B0%D1%8F_%D1%83%D1%82%D0%BA%D0%B0_(%D0%BA%D0%BE%D0%BB%D0%BE%D0%BD%D0%B8%D1%8F)","source":"Викиданные","source_id":"Q97170595","license":"CC0 (Викиданные)","confidence":"ok"}},{"type":"Feature","id":"repressions:58d0ed81fcee","geometry":{"type":"Point","coordinates":[27.4936,53.88218]},"properties":{"uid":"repressions:58d0ed81fcee","layer":"repressions","layer_title":"Места репрессий и спецпоселений","group":"hardship","title":"Окрестина (Изолятор, Минск)","category":"тюрьма","place_text":"Минск","region":"Минск","date_precision":"unknown","date_approx":false,"summary":"комплекс мест заключения в Минске, расположенный по 1-му переулку Окрестина","url":"https://ru.wikipedia.org/wiki/%D0%9E%D0%BA%D1%80%D0%B5%D1%81%D1%82%D0%B8%D0%BD%D0%B0","image_url":"http://commons.wikimedia.org/wiki/Special:FilePath/Prison%20cell%20Akrestsina%2C%20Minsk%20.jpg","source":"Викиданные","source_id":"Q98590356","license":"CC0 (Викиданные)","confidence":"ok"}},{"type":"Feature","id":"repressions:95034ccecc84","geometry":{"type":"Point","coordinates":[30.284254,54.179917]},"properties":{"uid":"repressions:95034ccecc84","layer":"repressions","layer_title":"Места репрессий и спецпоселений","group":"hardship","title":"Исправительная колония №17","category":"исправительная колония","place_text":"Шклов","region":"Шклов","year_from":1980,"year_to":1980,"date_precision":"part","date_approx":true,"period_raw":"с 1980","summary":"Исправительное учреждение \"Исправительная колония № 17\" управления Департамента исполнения наказаний Министерства внутренних дел по Могилевской области","url":"https://www.wikidata.org/wiki/Q99284121","source":"Викиданные","source_id":"Q99284121","license":"CC0 (Викиданные)","confidence":"ok"}},{"type":"Feature","id":"repressions:6e90e7d2dc2c","geometry":{"type":"Point","coordinates":[39.184472,55.90371]},"properties":{"uid":"repressions:6e90e7d2dc2c","layer":"repressions","layer_title":"Места репрессий и спецпоселений","group":"hardship","title":"Покровская колония","category":"исправительная колония","place_text":"Владимирская область","region":"Владимирская область","year_from":1994,"year_to":1994,"date_precision":"part","date_approx":true,"period_raw":"с 1994","summary":"тюрьма во Владимирской области","url":"https://ru.wikipedia.org/wiki/%D0%98%D0%9A-2_%D0%9F%D0%BE%D0%BA%D1%80%D0%BE%D0%B2","image_url":"http://commons.wikimedia.org/wiki/Special:FilePath/IK%202%20Pokrov.jpg","source":"Викиданные","source_id":"Q105700834","license":"CC0 (Викиданные)","confidence":"ok"}},{"type":"Feature","id":"repressions:eb909e150f10","geometry":{"type":"Point","coordinates":[34.076111,44.953889]},"properties":{"uid":"repressions:eb909e150f10","layer":"repressions","layer_title":"Места репрессий и спецпоселений","group":"hardship","title":"Картофельный городок","category":"концентрационный лагерь","place_text":"Симферополь","region":"Симферополь","date_precision":"unknown","date_approx":false,"summary":"концентрационный лагерь в Симферополе","url":"https://ru.wikipedia.org/wiki/%D0%9A%D0%B0%D1%80%D1%82%D0%BE%D1%84%D0%B5%D0%BB%D1%8C%D0%BD%D1%8B%D0%B9_%D0%B3%D0%BE%D1%80%D0%BE%D0%B4%D0%BE%D0%BA","image_url":"http://commons.wikimedia.org/wiki/Special:FilePath/%D0%9C%D0%B8%D1%82%D0%B8%D0%BD%D0%B3%20%D0%B2%20%D0%BF%D0%B0%D0%BC%D1%8F%D1%82%D1%8C%20%D1%83%D0%B7%D0%BD%D0%B8%D0%BA%D0%BE%D0%B2%20%D0%BB%D0%B0%D0%B3%D0%B5%D1%80%D1%8F%20%C2%AB%D0%9A%D0%B0%D1%80%D1%82%D0%BE%D1%84%D0%B5%D0%BB%D1%8C%D0%BD%D1%8B%D0%B9%20%D0%B3%D0%BE%D1%80%D0%BE%D0%B4%D0%BE%D0%BA%C2%BB%20%282018%2C%201%29.jpg","source":"Викиданные","source_id":"Q106627236","license":"CC0 (Викиданные)","confidence":"ok"}},{"type":"Feature","id":"repressions:b0524fb37edd","geometry":{"type":"Point","coordinates":[28.57575,55.51339]},"properties":{"uid":"repressions:b0524fb37edd","layer":"repressions","layer_title":"Места репрессий и спецпоселений","group":"hardship","title":"Исправительная колония № 1","category":"исправительная колония","place_text":"Новополоцк","region":"Новополоцк","date_precision":"unknown","date_approx":false,"summary":"колония в Новополоцке, Республика Беларусь","url":"https://www.wikidata.org/wiki/Q106939135","source":"Викиданные","source_id":"Q106939135","license":"CC0 (Викиданные)","confidence":"ok"}},{"type":"Feature","id":"repressions:70ac7263debe","geometry":{"type":"Point","coordinates":[19.203088,50.027606]},"properties":{"uid":"repressions:70ac7263debe","layer":"repressions","layer_title":"Места репрессий и спецпоселений","group":"hardship","title":"Освенцим","category":"концентрационный лагерь","place_text":"Освенцим","region":"Освенцим","date_precision":"unknown","date_approx":false,"summary":"концлагерь","url":"https://www.wikidata.org/wiki/Q662563","image_url":"http://commons.wikimedia.org/wiki/Special:FilePath/Eingangstor%20des%20KZ%20Auschwitz%2C%20Arbeit%20macht%20frei%20%282007%29.jpg","source":"Викиданные","source_id":"Q662563","license":"CC0 (Викиданные)","confidence":"ok"}},{"type":"Feature","id":"repressions:a623a79cdf6e","geometry":{"type":"Point","coordinates":[19.1752,50.0371]},"properties":{"uid":"repressions:a623a79cdf6e","layer":"repressions","layer_title":"Места репрессий и спецпоселений","group":"hardship","title":"концлагерь Биркенау","category":"концентрационный лагерь","place_text":"Бжезинка","region":"Бжезинка","year_from":1940,"year_to":1945,"date_precision":"year","date_approx":false,"period_raw":"1940–1945","summary":"один из трех крупных лагерей в системе концлагерей Освенцим","url":"https://www.wikidata.org/wiki/Q663764","image_url":"http://commons.wikimedia.org/wiki/Special:FilePath/Birkenau4.JPG","source":"Викиданные","source_id":"Q663764","license":"CC0 (Викиданные)","confidence":"ok"}},{"type":"Feature","id":"repressions:4c2cbb45ee6c","geometry":{"type":"Point","coordinates":[23.870556,54.944722]},"properties":{"uid":"repressions:4c2cbb45ee6c","layer":"repressions","layer_title":"Места репрессий и спецпоселений","group":"hardship","title":"IX форт","category":"нацистский концлагерь","place_text":"Каунас","region":"Каунас","date_precision":"unknown","date_approx":false,"summary":"форт Ковенской крепости, во времена нацистской Германии служил местом массовых убийств","url":"https://ru.wikipedia.org/wiki/IX_%D1%84%D0%BE%D1%80%D1%82_(%D0%9A%D0%B0%D1%83%D0%BD%D0%B0%D1%81)","image_url":"http://commons.wikimedia.org/wiki/Special:FilePath/Kaunas%20Fortress.Ninth%20Fort%203.jpg","source":"Викиданные","source_id":"Q665266","license":"CC0 (Викиданные)","confidence":"ok"}},{"type":"Feature","id":"repressions:ba606ad9d5a8","geometry":{"type":"Point","coordinates":[20.993031,52.242925]},"properties":{"uid":"repressions:ba606ad9d5a8","layer":"repressions","layer_title":"Места репрессий и спецпоселений","group":"hardship","title":"Варшавский концентрационный лагерь","category":"концентрационный лагерь","date_precision":"unknown","date_approx":false,"summary":"Нацистский концлагерь","url":"https://ru.wikipedia.org/wiki/%D0%92%D0%B0%D1%80%D1%88%D0%B0%D0%B2%D1%81%D0%BA%D0%B8%D0%B9_%D0%BA%D0%BE%D0%BD%D1%86%D0%B5%D0%BD%D1%82%D1%80%D0%B0%D1%86%D0%B8%D0%BE%D0%BD%D0%BD%D1%8B%D0%B9_%D0%BB%D0%B0%D0%B3%D0%B5%D1%80%D1%8C","image_url":"http://commons.wikimedia.org/wiki/Special:FilePath/KL%20Warschau%20-%20multilingual%20warning%20sign.jpg","source":"Викиданные","source_id":"Q692676","license":"CC0 (Викиданные)","confidence":"ok"}},{"type":"Feature","id":"repressions:ac8c91721bad","geometry":{"type":"Point","coordinates":[24.131389,56.996944]},"properties":{"uid":"repressions:ac8c91721bad","layer":"repressions","layer_title":"Места репрессий и спецпоселений","group":"hardship","title":"Рига-Кайзервальд","category":"концентрационный лагерь","place_text":"Рига","region":"Рига","year_from":1943,"year_to":1944,"date_precision":"year","date_approx":false,"period_raw":"1943–1944","summary":"концентрационный лагерь","url":"https://ru.wikipedia.org/wiki/%D0%9A%D0%B0%D0%B9%D0%B7%D0%B5%D1%80%D0%B2%D0%B0%D0%BB%D1%8C%D0%B4_(%D0%BA%D0%BE%D0%BD%D1%86%D0%B5%D0%BD%D1%82%D1%80%D0%B0%D1%86%D0%B8%D0%BE%D0%BD%D0%BD%D1%8B%D0%B9_%D0%BB%D0%B0%D0%B3%D0%B5%D1%80%D1%8C)","image_url":"http://commons.wikimedia.org/wiki/Special:FilePath/Kaiserwald%20piemineklis.jpg","source":"Викиданные","source_id":"Q697912","license":"CC0 (Викиданные)","confidence":"ok"}},{"type":"Feature","id":"repressions:e42a1e697719","geometry":{"type":"Point","coordinates":[24.301361,56.874389]},"properties":{"uid":"repressions:e42a1e697719","layer":"repressions","layer_title":"Места репрессий и спецпоселений","group":"hardship","title":"Саласпилсский концлагерь","category":"концентрационный лагерь","place_text":"Саласпилсская волость","region":"Саласпилсская волость","year_from":1941,"year_to":1944,"date_precision":"year","date_approx":false,"period_raw":"1941–1944","summary":"Концентрационный лагерь, созданный в период Великой Отечественной войны в оккупированной нацистами Латвийской ССР (совр. Латвии)","url":"https://ru.wikipedia.org/wiki/%D0%A1%D0%B0%D0%BB%D0%B0%D1%81%D0%BF%D0%B8%D0%BB%D1%81%D1%81%D0%BA%D0%B8%D0%B9_%D0%BA%D0%BE%D0%BD%D1%86%D0%BB%D0%B0%D0%B3%D0%B5%D1%80%D1%8C","image_url":"http://commons.wikimedia.org/wiki/Special:FilePath/Memorial%20Salaspils%201.JPG","source":"Викиданные","source_id":"Q697919","license":"CC0 (Викиданные)","confidence":"ok"}},{"type":"Feature","id":"repressions:3a4662a9bc76","geometry":{"type":"Point","coordinates":[19.2915,50.031101]},"properties":{"uid":"repressions:3a4662a9bc76","layer":"repressions","layer_title":"Места репрессий и спецпоселений","group":"hardship","title":"Освенцим III Моновиц","category":"концентрационный лагерь","place_text":"Моновице","region":"Моновице","date_precision":"unknown","date_approx":false,"summary":"один из лагерей Аушвица","url":"https://ru.wikipedia.org/wiki/%D0%90%D1%83%D1%88%D0%B2%D0%B8%D1%86_III_%D0%9C%D0%BE%D0%BD%D0%BE%D0%B2%D0%B8%D1%86","image_url":"http://commons.wikimedia.org/wiki/Special:FilePath/Bundesarchiv%20Bild%20146-2007-0056%2C%20IG-Farbenwerke%20Auschwitz.jpg","source":"Викиданные","source_id":"Q700356","license":"CC0 (Викиданные)","confidence":"ok"}},{"type":"Feature","id":"repressions:93d69784dc7a","geometry":{"type":"Point","coordinates":[27.760886,59.369892]},"properties":{"uid":"repressions:93d69784dc7a","layer":"repressions","layer_title":"Места репрессий и спецпоселений","group":"hardship","title":"Вайвара","category":"концентрационный лагерь","date_precision":"unknown","date_approx":false,"summary":"концентрационный лагерь","url":"https://ru.wikipedia.org/wiki/%D0%92%D0%B0%D0%B9%D0%B2%D0%B0%D1%80%D0%B0_(%D0%BA%D0%BE%D0%BD%D1%86%D0%B5%D0%BD%D1%82%D1%80%D0%B0%D1%86%D0%B8%D0%BE%D0%BD%D0%BD%D1%8B%D0%B9_%D0%BB%D0%B0%D0%B3%D0%B5%D1%80%D1%8C)","source":"Викиданные","source_id":"Q705431","license":"CC0 (Викиданные)","confidence":"ok"}},{"type":"Feature","id":"repressions:0bb243676cd8","geometry":{"type":"Point","coordinates":[27.548035,53.898899]},"properties":{"uid":"repressions:0bb243676cd8","layer":"repressions","layer_title":"Места репрессий и спецпоселений","group":"hardship","title":"Следственный изолятор № 1","category":"следственный изолятор","date_precision":"unknown","date_approx":false,"summary":"тюрьма в Минске","url":"https://www.wikidata.org/wiki/Q108150355","source":"Викиданные","source_id":"Q108150355","license":"CC0 (Викиданные)","confidence":"ok"}},{"type":"Feature","id":"repressions:00bbee7f62e5","geometry":{"type":"Point","coordinates":[61.475758,54.990524]},"properties":{"uid":"repressions:00bbee7f62e5","layer":"repressions","layer_title":"Места репрессий и спецпоселений","group":"hardship","title":"Синеглазовская исправительная колония","category":"тюрьма","place_text":"Челябинская область","region":"Челябинская область","year_from":1966,"year_to":1966,"date_precision":"part","date_approx":true,"period_raw":"с 1966","summary":"исправительная колония в Челябинской области","url":"https://www.wikidata.org/wiki/Q110437150","source":"Викиданные","source_id":"Q110437150","license":"CC0 (Викиданные)","confidence":"ok"}},{"type":"Feature","id":"repressions:b04e689d067e","geometry":{"type":"Point","coordinates":[30.28778,59.92948]},"properties":{"uid":"repressions:b04e689d067e","layer":"repressions","layer_title":"Места репрессий и спецпоселений","group":"hardship","title":"Бутылка","category":"тюрьма","place_text":"Санкт-Петербург","region":"Санкт-Петербург","year_from":1830,"year_to":1960,"date_precision":"part","date_approx":true,"period_raw":"с 1830","summary":"бывшая тюрьма , ныне общественное пространство в Санкт-Петербурге","url":"https://ru.wikipedia.org/wiki/%D0%91%D1%83%D1%82%D1%8B%D0%BB%D0%BA%D0%B0_(%D1%82%D1%8E%D1%80%D1%8C%D0%BC%D0%B0)","image_url":"http://commons.wikimedia.org/wiki/Special:FilePath/New%20Holland%20SPB%20The%20Bottle%20%28img1%29.jpg","source":"Викиданные","source_id":"Q115362684","license":"CC0 (Викиданные)","confidence":"ok"}},{"type":"Feature","id":"repressions:1c9361dfc8d4","geometry":{"type":"Point","coordinates":[41.3166,56.255]},"properties":{"uid":"repressions:1c9361dfc8d4","layer":"repressions","layer_title":"Места репрессий и спецпоселений","group":"hardship","title":"ИК-6 Мелехово","category":"тюрьма","place_text":"Мелехово","region":"Мелехово","year_from":1959,"year_to":1960,"date_precision":"part","date_approx":true,"period_raw":"с 1959","summary":"исправительно-трудовая колония УВД в поселке Мелехово Владимирской области","url":"https://ru.wikipedia.org/wiki/%D0%98%D0%9A-6_%D0%9C%D0%B5%D0%BB%D0%B5%D1%85%D0%BE%D0%B2%D0%BE","source":"Викиданные","source_id":"Q120868586","license":"CC0 (Викиданные)","confidence":"ok"}},{"type":"Feature","id":"repressions:d56e1af77f65","geometry":{"type":"Point","coordinates":[65.795556,66.818611]},"properties":{"uid":"repressions:d56e1af77f65","layer":"repressions","layer_title":"Места репрессий и спецпоселений","group":"hardship","title":"ИК-3 Харп","category":"исправительная колония","place_text":"Харп","region":"Харп","year_from":1961,"year_to":1961,"date_precision":"part","date_approx":true,"period_raw":"с 1961","summary":"исправительная колония в Ямало-Ненецком автономном округе","url":"https://ru.wikipedia.org/wiki/%D0%98%D0%9A-3_%D0%A5%D0%B0%D1%80%D0%BF","image_url":"http://commons.wikimedia.org/wiki/Special:FilePath/Kharp%20panorama.jpg","source":"Викиданные","source_id":"Q123999876","license":"CC0 (Викиданные)","confidence":"ok"}},{"type":"Feature","id":"repressions:cced473871b6","geometry":{"type":"Point","coordinates":[27.611333,53.9655]},"properties":{"uid":"repressions:cced473871b6","layer":"repressions","layer_title":"Места репрессий и спецпоселений","group":"hardship","title":"Куропаты","category":"лес","place_text":"Минский район","region":"Минский район","date_precision":"unknown","date_approx":false,"summary":"лесное урочище Минска, в которой были найдены массовые захоронения репрессированных во время Большого террора","url":"https://ru.wikipedia.org/wiki/%D0%9A%D1%83%D1%80%D0%BE%D0%BF%D0%B0%D1%82%D1%8B","image_url":"http://commons.wikimedia.org/wiki/Special:FilePath/Kurapaty.jpg","source":"Викиданные","source_id":"Q9708","license":"CC0 (Викиданные)","confidence":"ok"}},{"type":"Feature","id":"repressions:cb19daaec637","geometry":{"type":"Point","coordinates":[30.448889,50.471389]},"properties":{"uid":"repressions:cb19daaec637","layer":"repressions","layer_title":"Места репрессий и спецпоселений","group":"hardship","title":"Бабий Яр","category":"место массового убийства","place_text":"Киев","region":"Киев","date_precision":"unknown","date_approx":false,"summary":"урочище в Киеве, место массовых казней во время Второй Мировой войны","url":"https://ru.wikipedia.org/wiki/%D0%91%D0%B0%D0%B1%D0%B8%D0%B9_%D0%AF%D1%80","image_url":"http://commons.wikimedia.org/wiki/Special:FilePath/Babyn%20Yar.%20General%20view%20of%20the%20place%20of%20massacres.jpg","source":"Викиданные","source_id":"Q48766","license":"CC0 (Викиданные)","confidence":"ok"}},{"type":"Feature","id":"repressions:ae20098d42e2","geometry":{"type":"Point","coordinates":[32.007778,46.983889]},"properties":{"uid":"repressions:ae20098d42e2","layer":"repressions","layer_title":"Места репрессий и спецпоселений","group":"hardship","title":"Шталаг 364","category":"концентрационный лагерь","place_text":"Николаев","region":"Николаев","year_from":1800,"year_to":1943,"date_precision":"part","date_approx":true,"period_raw":"до 1943","summary":"Концентрационный лагерь в Николаеве","url":"https://www.wikidata.org/wiki/Q124720051","image_url":"http://commons.wikimedia.org/wiki/Special:FilePath/%D0%92%D0%BE%D1%80%D0%BE%D1%82%D0%B0%20%D0%BA%D0%BE%D0%BD%D1%86%D0%B5%D0%BD%D1%82%D1%80%D0%B0%D1%86%D1%96%D0%B9%D0%BD%D0%BE%D0%B3%D0%BE%20%D1%82%D0%B0%D0%B1%D0%BE%D1%80%D1%83%20%C2%AB%D0%A8%D1%82%D0%B0%D0%BB%D0%B0%D0%B3-364%C2%BB%20%D0%B2%20%D0%9C%D0%B8%D0%BA%D0%BE%D0%BB%D0%B0%D1%94%D0%B2%D1%96.jpg","source":"Викиданные","source_id":"Q124720051","license":"CC0 (Викиданные)","confidence":"ok"}},{"type":"Feature","id":"repressions:833df4114a10","geometry":{"type":"Point","coordinates":[44.847222,41.81]},"properties":{"uid":"repressions:833df4114a10","layer":"repressions","layer_title":"Места репрессий и спецпоселений","group":"hardship","title":"Глданская тюрьма","category":"тюрьма","place_text":"Глдани","region":"Глдани","year_from":2008,"year_to":2008,"date_precision":"part","date_approx":true,"period_raw":"с 2008","summary":"тюрьма в Тбилиси, Грузия","url":"https://ru.wikipedia.org/wiki/%D0%93%D0%BB%D0%B4%D0%B0%D0%BD%D1%81%D0%BA%D0%B0%D1%8F_%D1%82%D1%8E%D1%80%D1%8C%D0%BC%D0%B0","source":"Викиданные","source_id":"Q126690938","license":"CC0 (Викиданные)","confidence":"ok"}},{"type":"Feature","id":"repressions:d68a0800a7ea","geometry":{"type":"Point","coordinates":[59.923056,41.764444]},"properties":{"uid":"repressions:d68a0800a7ea","layer":"repressions","layer_title":"Места репрессий и спецпоселений","group":"hardship","title":"Дашогузская женская колония","category":"тюрьма","place_text":"Дашогуз","region":"Дашогуз","date_precision":"unknown","date_approx":false,"summary":"женская колония на севере Туркменистана","url":"https://ru.wikipedia.org/wiki/%D0%94%D0%B0%D1%88%D0%BE%D0%B3%D1%83%D0%B7%D1%81%D0%BA%D0%B0%D1%8F_%D0%B6%D0%B5%D0%BD%D1%81%D0%BA%D0%B0%D1%8F_%D0%BA%D0%BE%D0%BB%D0%BE%D0%BD%D0%B8%D1%8F","source":"Викиданные","source_id":"Q130416434","license":"CC0 (Викиданные)","confidence":"ok"}},{"type":"Feature","id":"repressions:20cb2d7bec22","geometry":{"type":"Point","coordinates":[34.392108,53.286523]},"properties":{"uid":"repressions:20cb2d7bec22","layer":"repressions","layer_title":"Места репрессий и спецпоселений","group":"hardship","title":"ДУЛАГ-142 — мемориальный комплекс жертв узников фашистского концентрационного лагеря с массовыми захоронениями мирных граждан и военнопленных в городе Брянске","category":"лагерь для военнопленных","place_text":"Брянск","region":"Брянск","year_from":1941,"year_to":1943,"date_precision":"year","date_approx":false,"period_raw":"1941–1943","summary":"нацистский концлагерь","url":"https://ru.wikipedia.org/wiki/%D0%94%D1%83%D0%BB%D0%B0%D0%B3_142","source":"Викиданные","source_id":"Q133375002","license":"CC0 (Викиданные)","confidence":"ok"}},{"type":"Feature","id":"repressions:9e975b8c5873","geometry":{"type":"Point","coordinates":[38.906772,47.228909]},"properties":{"uid":"repressions:9e975b8c5873","layer":"repressions","layer_title":"Места репрессий и спецпоселений","group":"hardship","title":"СИЗО-2","category":"тюрьма","place_text":"Таганрог","region":"Таганрог","year_from":1808,"year_to":1960,"date_precision":"part","date_approx":true,"period_raw":"с 1808","summary":"тюрьма в Таганроге (Россия)","url":"https://ru.wikipedia.org/wiki/%D0%A1%D0%98%D0%97%D0%9E-2_(%D0%A2%D0%B0%D0%B3%D0%B0%D0%BD%D1%80%D0%BE%D0%B3)","source":"Викиданные","source_id":"Q134366322","license":"CC0 (Викиданные)","confidence":"ok"}},{"type":"Feature","id":"repressions:eb57f1bae549","geometry":{"type":"Point","coordinates":[37.718985,55.66548]},"properties":{"uid":"repressions:eb57f1bae549","layer":"repressions","layer_title":"Места репрессий и спецпоселений","group":"hardship","title":"СИЗО-6 (Москва)","category":"тюрьма","place_text":"Москва","region":"Москва","date_precision":"unknown","date_approx":false,"summary":"женский следственный изолятор в Москве","url":"https://ru.wikipedia.org/wiki/%D0%A1%D0%98%D0%97%D0%9E-6_(%D0%9C%D0%BE%D1%81%D0%BA%D0%B2%D0%B0)","image_url":"http://commons.wikimedia.org/wiki/Special:FilePath/%D0%A8%D0%BE%D1%81%D1%81%D0%B5%D0%B9%D0%BD%D0%B0%D1%8F%20%D1%83%D0%BB%D0%B8%D1%86%D0%B0%20%28%D0%9C%D0%BE%D1%81%D0%BA%D0%B2%D0%B0%29%20%D0%B2%D0%B8%D0%B4%20%E2%84%964.jpg","source":"Викиданные","source_id":"Q135467018","license":"CC0 (Викиданные)","confidence":"ok"}},{"type":"Feature","id":"repressions:2b4d205e8cb0","geometry":{"type":"Point","coordinates":[46.207144,55.934193]},"properties":{"uid":"repressions:2b4d205e8cb0","layer":"repressions","layer_title":"Места репрессий и спецпоселений","group":"hardship","title":"Тюрьма","category":"тюрьма","place_text":"Ядрин","region":"Ядрин","date_precision":"unknown","date_approx":false,"summary":"памятник архитектуры","url":"https://ru.wikipedia.org/wiki/%D0%A2%D1%8E%D1%80%D1%8C%D0%BC%D0%B0_(%D0%AF%D0%B4%D1%80%D0%B8%D0%BD)","source":"Викиданные","source_id":"Q139386902","license":"CC0 (Викиданные)","confidence":"ok"}},{"type":"Feature","id":"repressions:9261809c37e9","geometry":{"type":"Point","coordinates":[30.240744,59.925974]},"properties":{"uid":"repressions:9261809c37e9","layer":"repressions","layer_title":"Места репрессий и спецпоселений","group":"hardship","title":"Дерябинские казармы","category":"бывшая тюрьма","place_text":"Санкт-Петербург","region":"Санкт-Петербург","date_precision":"unknown","date_approx":false,"summary":"бывшие кадры в Санкт-Петербурге","url":"https://ru.wikipedia.org/wiki/%D0%94%D0%B5%D1%80%D1%8F%D0%B1%D0%B8%D0%BD%D1%81%D0%BA%D0%B8%D0%B5_%D0%BA%D0%B0%D0%B7%D0%B0%D1%80%D0%BC%D1%8B","image_url":"http://commons.wikimedia.org/wiki/Special:FilePath/Church%20of%20Our%20Lady%20the%20Merciful.jpg","source":"Викиданные","source_id":"Q139619827","license":"CC0 (Викиданные)","confidence":"ok"}},{"type":"Feature","id":"repressions:1cff56c72efc","geometry":{"type":"Point","coordinates":[21.011111,52.2075]},"properties":{"uid":"repressions:1cff56c72efc","layer":"repressions","layer_title":"Места репрессий и спецпоселений","group":"hardship","title":"Мокотув","category":"тюрьма","place_text":"Мокотув","region":"Мокотув","year_from":1902,"year_to":1960,"date_precision":"part","date_approx":true,"period_raw":"с 1902","url":"https://ru.wikipedia.org/wiki/%D0%9C%D0%BE%D0%BA%D0%BE%D1%82%D1%83%D0%B2_(%D1%82%D1%8E%D1%80%D1%8C%D0%BC%D0%B0)","image_url":"http://commons.wikimedia.org/wiki/Special:FilePath/Mokot%C3%B3w%20Prison%20DSC%202381.JPG","source":"Викиданные","source_id":"Q3671981","license":"CC0 (Викиданные)","confidence":"ok"}},{"type":"Feature","id":"repressions:b78632ba83b5","geometry":{"type":"Point","coordinates":[22.277222,49.519722]},"properties":{"uid":"repressions:b78632ba83b5","layer":"repressions","layer_title":"Места репрессий и спецпоселений","group":"hardship","title":"Заслав","category":"концентрационный лагерь","date_precision":"unknown","date_approx":false,"url":"https://ru.wikipedia.org/wiki/%D0%97%D0%B0%D1%81%D0%BB%D0%B0%D0%B2_(%D0%BA%D0%BE%D0%BD%D1%86%D0%B5%D0%BD%D1%82%D1%80%D0%B0%D1%86%D0%B8%D0%BE%D0%BD%D0%BD%D1%8B%D0%B9_%D0%BB%D0%B0%D0%B3%D0%B5%D1%80%D1%8C)","source":"Викиданные","source_id":"Q4026807","license":"CC0 (Викиданные)","confidence":"ok"}},{"type":"Feature","id":"repressions:80aee96d5da1","geometry":{"type":"Point","coordinates":[59.222493,53.896395]},"properties":{"uid":"repressions:80aee96d5da1","layer":"repressions","layer_title":"Места репрессий и спецпоселений","group":"hardship","title":"Верхнеуральский политизолятор","category":"Политизолятор","place_text":"Верхнеуральск","region":"Верхнеуральск","date_precision":"unknown","date_approx":false,"url":"https://ru.wikipedia.org/wiki/%D0%92%D0%B5%D1%80%D1%85%D0%BD%D0%B5%D1%83%D1%80%D0%B0%D0%BB%D1%8C%D1%81%D0%BA%D0%B8%D0%B9_%D0%BF%D0%BE%D0%BB%D0%B8%D1%82%D0%B8%D0%B7%D0%BE%D0%BB%D1%8F%D1%82%D0%BE%D1%80","source":"Викиданные","source_id":"Q4108539","license":"CC0 (Викиданные)","confidence":"ok"}},{"type":"Feature","id":"repressions:f45035a35ca1","geometry":{"type":"Point","coordinates":[49.392036,40.103798]},"properties":{"uid":"repressions:f45035a35ca1","layer":"repressions","layer_title":"Места репрессий и спецпоселений","group":"hardship","title":"Гобустанская закрытая тюрьма","category":"тюрьма","place_text":"Гобустан","region":"Гобустан","date_precision":"unknown","date_approx":false,"url":"https://ru.wikipedia.org/wiki/%D0%93%D0%BE%D0%B1%D1%83%D1%81%D1%82%D0%B0%D0%BD%D1%81%D0%BA%D0%B0%D1%8F_%D0%B7%D0%B0%D0%BA%D1%80%D1%8B%D1%82%D0%B0%D1%8F_%D1%82%D1%8E%D1%80%D1%8C%D0%BC%D0%B0","source":"Викиданные","source_id":"Q4140857","license":"CC0 (Викиданные)","confidence":"ok"}},{"type":"Feature","id":"repressions:3dfbad600492","geometry":{"type":"Point","coordinates":[26.534722,55.868056]},"properties":{"uid":"repressions:3dfbad600492","layer":"repressions","layer_title":"Места репрессий и спецпоселений","group":"hardship","title":"Даугавпилсская тюрьма","category":"тюрьма","place_text":"Даугавпилс","region":"Даугавпилс","year_from":1863,"year_to":1960,"date_precision":"part","date_approx":true,"period_raw":"с 1863","url":"https://ru.wikipedia.org/wiki/%D0%94%D0%B0%D1%83%D0%B3%D0%B0%D0%B2%D0%BF%D0%B8%D0%BB%D1%81%D1%81%D0%BA%D0%B0%D1%8F_%D1%82%D1%8E%D1%80%D1%8C%D0%BC%D0%B0","image_url":"http://commons.wikimedia.org/wiki/Special:FilePath/Daugavpils%20prison.jpg","source":"Викиданные","source_id":"Q4155233","license":"CC0 (Викиданные)","confidence":"ok"}},{"type":"Feature","id":"repressions:9803ad4825c5","geometry":{"type":"Point","coordinates":[39.511106,68.055658]},"properties":{"uid":"repressions:9803ad4825c5","layer":"repressions","layer_title":"Места репрессий и спецпоселений","group":"hardship","title":"Йоканьгская тюрьма","category":"концентрационный лагерь","place_text":"Островной","region":"Островной","year_from":1919,"year_to":1920,"date_precision":"year","date_approx":false,"period_raw":"1919–1920","url":"https://ru.wikipedia.org/wiki/%D0%99%D0%BE%D0%BA%D0%B0%D0%BD%D1%8C%D0%B3%D1%81%D0%BA%D0%B0%D1%8F_%D1%82%D1%8E%D1%80%D1%8C%D0%BC%D0%B0","image_url":"http://commons.wikimedia.org/wiki/Special:FilePath/%D0%9E%D0%B1%D1%89%D0%B8%D0%B9%20%D0%B2%D0%B8%D0%B4%20%D0%99%D0%BE%D0%BA%D0%B0%D0%BD%D1%8C%D0%B3%D1%81%D0%BA%D0%BE%D0%B9%20%D1%82%D1%8E%D1%80%D1%8C%D0%BC%D1%8B.jpg","source":"Викиданные","source_id":"Q4205909","license":"CC0 (Викиданные)","confidence":"ok"}},{"type":"Feature","id":"repressions:e950afd60a2a","geometry":{"type":"Point","coordinates":[26.490833,55.879722]},"properties":{"uid":"repressions:e950afd60a2a","layer":"repressions","layer_title":"Места репрессий и спецпоселений","group":"hardship","title":"Мостовое прикрытие (Динабургская крепость)","category":"тюрьма","place_text":"Даугавпилс","region":"Даугавпилс","year_from":1801,"year_to":1960,"date_precision":"part","date_approx":true,"period_raw":"с 1801","url":"https://ru.wikipedia.org/wiki/%D0%9C%D0%BE%D1%81%D1%82%D0%BE%D0%B2%D0%BE%D0%B5_%D0%BF%D1%80%D0%B8%D0%BA%D1%80%D1%8B%D1%82%D0%B8%D0%B5_(%D0%94%D0%B8%D0%BD%D0%B0%D0%B1%D1%83%D1%80%D0%B3%D1%81%D0%BA%D0%B0%D1%8F_%D0%BA%D1%80%D0%B5%D0%BF%D0%BE%D1%81%D1%82%D1%8C)","image_url":"http://commons.wikimedia.org/wiki/Special:FilePath/Daugavpils%2C%20Latvia%20-%20panoramio%20%2863%29.jpg","source":"Викиданные","source_id":"Q4304679","license":"CC0 (Викиданные)","confidence":"ok"}},{"type":"Feature","id":"repressions:99b262121a3d","geometry":{"type":"Point","coordinates":[44.01694,56.31722]},"properties":{"uid":"repressions:99b262121a3d","layer":"repressions","layer_title":"Места репрессий и спецпоселений","group":"hardship","title":"Нижегородский острог","category":"музей","place_text":"Нижний Новгород","region":"Нижний Новгород","year_from":1820,"year_to":1960,"date_precision":"part","date_approx":true,"period_raw":"с 1820","url":"https://ru.wikipedia.org/wiki/%D0%9D%D0%B8%D0%B6%D0%B5%D0%B3%D0%BE%D1%80%D0%BE%D0%B4%D1%81%D0%BA%D0%B8%D0%B9_%D0%BE%D1%81%D1%82%D1%80%D0%BE%D0%B3","image_url":"http://commons.wikimedia.org/wiki/Special:FilePath/%D0%9E%D1%81%D1%82%D1%80%D0%BE%D0%B3%20%D1%84%D0%B0%D1%81%D0%B0%D0%B4.jpg","source":"Викиданные","source_id":"Q4318666","license":"CC0 (Викиданные)","confidence":"ok"}},{"type":"Feature","id":"repressions:bd6ac53dc53a","geometry":{"type":"Point","coordinates":[37.513186,55.76545]},"properties":{"uid":"repressions:bd6ac53dc53a","layer":"repressions","layer_title":"Места репрессий и спецпоселений","group":"hardship","title":"Пресненская пересыльная тюрьма","category":"тюрьма","place_text":"Москва","region":"Москва","date_precision":"unknown","date_approx":false,"url":"https://ru.wikipedia.org/wiki/%D0%9F%D1%80%D0%B5%D1%81%D0%BD%D0%B5%D0%BD%D1%81%D0%BA%D0%B0%D1%8F_%D0%BF%D0%B5%D1%80%D0%B5%D1%81%D1%8B%D0%BB%D1%8C%D0%BD%D0%B0%D1%8F_%D1%82%D1%8E%D1%80%D1%8C%D0%BC%D0%B0","image_url":"http://commons.wikimedia.org/wiki/Special:FilePath/Presnya%20Prison%2013.jpg","source":"Викиданные","source_id":"Q4377435","license":"CC0 (Викиданные)","confidence":"ok"}},{"type":"Feature","id":"repressions:f8ded136ab5f","geometry":{"type":"Point","coordinates":[34.3364,56.2458]},"properties":{"uid":"repressions:f8ded136ab5f","layer":"repressions","layer_title":"Места репрессий и спецпоселений","group":"hardship","title":"Ржевская тюрьма","category":"тюрьма","place_text":"Ржев","region":"Ржев","date_precision":"unknown","date_approx":false,"url":"https://ru.wikipedia.org/wiki/%D0%A0%D0%B6%D0%B5%D0%B2%D1%81%D0%BA%D0%B0%D1%8F_%D1%82%D1%8E%D1%80%D1%8C%D0%BC%D0%B0","source":"Викиданные","source_id":"Q4394211","license":"CC0 (Викиданные)","confidence":"ok"}},{"type":"Feature","id":"repressions:f928df6ffe35","geometry":{"type":"Point","coordinates":[30.372144,59.959925]},"properties":{"uid":"repressions:f928df6ffe35","layer":"repressions","layer_title":"Места репрессий и спецпоселений","group":"hardship","title":"Санкт-Петербургская психиатрическая больница специализированного типа с интенсивным наблюдением","category":"больница","place_text":"Калининский район","region":"Калининский район","year_from":1951,"year_to":1960,"date_precision":"part","date_approx":true,"period_raw":"с 1951","url":"https://ru.wikipedia.org/wiki/%D0%A1%D0%B0%D0%BD%D0%BA%D1%82-%D0%9F%D0%B5%D1%82%D0%B5%D1%80%D0%B1%D1%83%D1%80%D0%B3%D1%81%D0%BA%D0%B0%D1%8F_%D0%BF%D1%81%D0%B8%D1%85%D0%B8%D0%B0%D1%82%D1%80%D0%B8%D1%87%D0%B5%D1%81%D0%BA%D0%B0%D1%8F_%D0%B1%D0%BE%D0%BB%D1%8C%D0%BD%D0%B8%D1%86%D0%B0_%D1%81%D0%BF%D0%B5%D1%86%D0%B8%D0%B0%D0%BB%D0%B8%D0%B7%D0%B8%D1%80%D0%BE%D0%B2%D0%B0%D0%BD%D0%BD%D0%BE%D0%B3%D0%BE_%D1%82%D0%B8%D0%BF%D0%B0_%D1%81_%D0%B8%D0%BD%D1%82%D0%B5%D0%BD%D1%81%D0%B8%D0%B2%D0%BD%D1%8B%D0%BC_%D0%BD%D0%B0%D0%B1%D0%BB%D1%8E%D0%B4%D0%B5%D0%BD%D0%B8%D0%B5%D0%BC","image_url":"http://commons.wikimedia.org/wiki/Special:FilePath/St%20Petersburg%20Psychiatric%20Hospital%20of%20Specialized%20Type%20with%20Intense%20Observation.JPG","source":"Викиданные","source_id":"Q4407678","license":"CC0 (Викиданные)","confidence":"ok"}},{"type":"Feature","id":"repressions:4555801db53d","geometry":{"type":"Point","coordinates":[34.295534,63.774255]},"properties":{"uid":"repressions:4555801db53d","layer":"repressions","layer_title":"Места репрессий и спецпоселений","group":"hardship","title":"Сегежская исправительная колония","category":"исправительная колония","place_text":"Сегежа","region":"Сегежа","year_from":1968,"year_to":1968,"date_precision":"part","date_approx":true,"period_raw":"с 1968","url":"https://www.wikidata.org/wiki/Q4412759","source":"Викиданные","source_id":"Q4412759","license":"CC0 (Викиданные)","confidence":"ok"}},{"type":"Feature","id":"repressions:a0d05c282426","geometry":{"type":"Point","coordinates":[18.0,53.116667]},"properties":{"uid":"repressions:a0d05c282426","layer":"repressions","layer_title":"Места репрессий и спецпоселений","group":"hardship","title":"Bromberg-Ost","category":"концентрационный лагерь","date_precision":"unknown","date_approx":false,"url":"https://www.wikidata.org/wiki/Q4973584","source":"Викиданные","source_id":"Q4973584","license":"CC0 (Викиданные)","confidence":"ok"}},{"type":"Feature","id":"repressions:d0439b718cee","geometry":{"type":"Point","coordinates":[45.358381,43.670089]},"properties":{"uid":"repressions:d0439b718cee","layer":"repressions","layer_title":"Места репрессий и спецпоселений","group":"hardship","title":"Следственный изолятор Чернокозово","category":"следственный изолятор","place_text":"Чернокозово","region":"Чернокозово","date_precision":"unknown","date_approx":false,"url":"https://ru.wikipedia.org/wiki/%D0%A1%D0%BB%D0%B5%D0%B4%D1%81%D1%82%D0%B2%D0%B5%D0%BD%D0%BD%D1%8B%D0%B9_%D0%B8%D0%B7%D0%BE%D0%BB%D1%8F%D1%82%D0%BE%D1%80_%D0%A7%D0%B5%D1%80%D0%BD%D0%BE%D0%BA%D0%BE%D0%B7%D0%BE%D0%B2%D0%BE","source":"Викиданные","source_id":"Q5092079","license":"CC0 (Викиданные)","confidence":"ok"}},{"type":"Feature","id":"repressions:7965d9514075","geometry":{"type":"Point","coordinates":[21.3115,54.3609]},"properties":{"uid":"repressions:7965d9514075","layer":"repressions","layer_title":"Места репрессий и спецпоселений","group":"hardship","title":"Gerdenau concentration camp","category":"концентрационный лагерь","date_precision":"unknown","date_approx":false,"url":"https://www.wikidata.org/wiki/Q5550510","source":"Викиданные","source_id":"Q5550510","license":"CC0 (Викиданные)","confidence":"ok"}},{"type":"Feature","id":"repressions:43b598ceae4a","geometry":{"type":"Point","coordinates":[25.305,54.676111]},"properties":{"uid":"repressions:43b598ceae4a","layer":"repressions","layer_title":"Места репрессий и спецпоселений","group":"hardship","title":"HKP 562 forced labor camp","category":"трудовой лагерь","place_text":"Вильнюс","region":"Вильнюс","date_precision":"unknown","date_approx":false,"url":"https://www.wikidata.org/wiki/Q5629995","image_url":"http://commons.wikimedia.org/wiki/Special:FilePath/Memorial%20to%20the%20Jews%20victims%20of%20Nazi%20Germany%20in%20Vilnius2.JPG","source":"Викиданные","source_id":"Q5629995","license":"CC0 (Викиданные)","confidence":"ok"}},{"type":"Feature","id":"repressions:f742f8389c4c","geometry":{"type":"Point","coordinates":[22.2,50.95]},"properties":{"uid":"repressions:f742f8389c4c","layer":"repressions","layer_title":"Места репрессий и спецпоселений","group":"hardship","title":"Budzyń concentration camp","category":"концентрационный лагерь","year_from":1942,"year_to":1944,"date_precision":"year","date_approx":false,"period_raw":"1942–1944","url":"https://www.wikidata.org/wiki/Q5734941","source":"Викиданные","source_id":"Q5734941","license":"CC0 (Викиданные)","confidence":"ok"}},{"type":"Feature","id":"repressions:193bcdf8f499","geometry":{"type":"Point","coordinates":[36.467106,49.4622]},"properties":{"uid":"repressions:193bcdf8f499","layer":"repressions","layer_title":"Места репрессий и спецпоселений","group":"hardship","title":"Качановская исправительная колония","category":"тюрьма","date_precision":"unknown","date_approx":false,"url":"https://www.wikidata.org/wiki/Q6344615","image_url":"http://commons.wikimedia.org/wiki/Special:FilePath/%D0%9A%D0%B0%D1%87%D0%B0%D0%BD%D0%BE%D0%B2%D1%81%D0%BA%D0%B0%D1%8F%20%D0%B6%D0%B5%D0%BD%D1%81%D0%BA%D0%B0%D1%8F%20%D0%BA%D0%BE%D0%BB%D0%BE%D0%BD%D0%B8%D1%8F%2054%2C%20%D0%A5%D0%B0%D1%80%D1%8C%D0%BA%D0%BE%D0%B2.%20%D0%92%D0%B8%D0%B4%20%D1%81%20%D1%83%D0%B3%D0%BB%D0%B0%20%D0%9A%D0%B0%D1%88%D1%82%D0%B0%D0%BD%D0%BE%D0%B2%D0%BE%D0%B9%20%D1%83%D0%BB.%20%D0%B8%20%D0%92%D0%B8%D1%88%D0%BD%D1%91%D0%B2%D0%BE%D0%B3%D0%BE%20%D0%BF%D0%B5%D1%80.%202012-09-10.jpg","source":"Викиданные","source_id":"Q6344615","license":"CC0 (Викиданные)","confidence":"ok"}},{"type":"Feature","id":"repressions:520e5355e0e7","geometry":{"type":"Point","coordinates":[23.916389,54.895]},"properties":{"uid":"repressions:520e5355e0e7","layer":"repressions","layer_title":"Места репрессий и спецпоселений","group":"hardship","title":"Kaunas Prison","category":"тюрьма","place_text":"Каунас","region":"Каунас","year_from":1864,"year_to":1960,"date_precision":"part","date_approx":true,"period_raw":"с 1864","url":"https://www.wikidata.org/wiki/Q6378808","image_url":"http://commons.wikimedia.org/wiki/Special:FilePath/Kauno%20kalejimas%202006%2007%2016.jpg","source":"Викиданные","source_id":"Q6378808","license":"CC0 (Викиданные)","confidence":"ok"}},{"type":"Feature","id":"repressions:534ad1260c65","geometry":{"type":"Point","coordinates":[27.553409,53.898783]},"properties":{"uid":"repressions:534ad1260c65","layer":"repressions","layer_title":"Места репрессий и спецпоселений","group":"hardship","title":"СИЗО КГБ Беларуси","category":"тюрьма","place_text":"Минск","region":"Минск","year_from":1920,"year_to":1960,"date_precision":"part","date_approx":true,"period_raw":"с 1920","url":"https://ru.wikipedia.org/wiki/%D0%A1%D0%98%D0%97%D0%9E_%D0%9A%D0%93%D0%91_%D0%91%D0%B5%D0%BB%D0%B0%D1%80%D1%83%D1%81%D0%B8","source":"Викиданные","source_id":"Q6538813","license":"CC0 (Викиданные)","confidence":"ok"}},{"type":"Feature","id":"repressions:8b372cdf36bb","geometry":{"type":"Point","coordinates":[19.438889,51.809444]},"properties":{"uid":"repressions:8b372cdf36bb","layer":"repressions","layer_title":"Места репрессий и спецпоселений","group":"hardship","title":"Radogoszcz prison","category":"тюрьма","place_text":"Julianów-Marysin-Rogi","region":"Julianów-Marysin-Rogi","date_precision":"unknown","date_approx":false,"url":"https://www.wikidata.org/wiki/Q7281508","image_url":"http://commons.wikimedia.org/wiki/Special:FilePath/Radogoszcz%20mauzoleum.jpg","source":"Викиданные","source_id":"Q7281508","license":"CC0 (Викиданные)","confidence":"ok"}},{"type":"Feature","id":"repressions:36394393b9e5","geometry":{"type":"Point","coordinates":[19.00257,54.00926]},"properties":{"uid":"repressions:36394393b9e5","layer":"repressions","layer_title":"Места репрессий и спецпоселений","group":"hardship","title":"Stalag XX-B","category":"шталаг","date_precision":"unknown","date_approx":false,"url":"https://www.wikidata.org/wiki/Q7597208","source":"Викиданные","source_id":"Q7597208","license":"CC0 (Викиданные)","confidence":"ok"}},{"type":"Feature","id":"repressions:f2ed47aac048","geometry":{"type":"Point","coordinates":[23.1404,53.1236]},"properties":{"uid":"repressions:f2ed47aac048","layer":"repressions","layer_title":"Места репрессий и спецпоселений","group":"hardship","title":"Białystok Detention Center","category":"следственный изолятор во Франции","place_text":"Белосток","region":"Белосток","year_from":1906,"year_to":1960,"date_precision":"part","date_approx":true,"period_raw":"с 1906","url":"https://www.wikidata.org/wiki/Q9159442","image_url":"http://commons.wikimedia.org/wiki/Special:FilePath/Areszt%20%C5%9Aledczy%20w%20Bia%C5%82ymstoku%2001.jpg","source":"Викиданные","source_id":"Q9159442","license":"CC0 (Викиданные)","confidence":"ok"}},{"type":"Feature","id":"repressions:eb2a8f2c7205","geometry":{"type":"Point","coordinates":[21.006944,52.244556]},"properties":{"uid":"repressions:eb2a8f2c7205","layer":"repressions","layer_title":"Места репрессий и спецпоселений","group":"hardship","title":"Areszt Centralny w Warszawie","category":"следственный изолятор во Франции","place_text":"Варшава","region":"Варшава","date_precision":"unknown","date_approx":false,"url":"https://www.wikidata.org/wiki/Q9159440","image_url":"http://commons.wikimedia.org/wiki/Special:FilePath/Areszt%20Centralny%20przy%20ul.%20Dani%C5%82owiczowskiej%20w%20Warszawie.jpg","source":"Викиданные","source_id":"Q9159440","license":"CC0 (Викиданные)","confidence":"ok"}},{"type":"Feature","id":"repressions:cbec30a6eb55","geometry":{"type":"Point","coordinates":[19.4046,54.1604]},"properties":{"uid":"repressions:cbec30a6eb55","layer":"repressions","layer_title":"Места репрессий и спецпоселений","group":"hardship","title":"Areszt Śledczy w Elblągu","category":"следственный изолятор","place_text":"Эльблонг","region":"Эльблонг","date_precision":"unknown","date_approx":false,"url":"https://www.wikidata.org/wiki/Q9159447","source":"Викиданные","source_id":"Q9159447","license":"CC0 (Викиданные)","confidence":"ok"}},{"type":"Feature","id":"repressions:a0f6ae97dc7d","geometry":{"type":"Point","coordinates":[18.64,54.3529]},"properties":{"uid":"repressions:a0f6ae97dc7d","layer":"repressions","layer_title":"Места репрессий и спецпоселений","group":"hardship","title":"Areszt Śledczy Gdańsk","category":"тюрьма","place_text":"Гданьск","region":"Гданьск","year_from":1904,"year_to":1960,"date_precision":"part","date_approx":true,"period_raw":"с 1904","url":"https://www.wikidata.org/wiki/Q9159451","image_url":"http://commons.wikimedia.org/wiki/Special:FilePath/Areszt%20Sledczy%20Gdansk%202010.jpg","source":"Викиданные","source_id":"Q9159451","license":"CC0 (Викиданные)","confidence":"ok"}},{"type":"Feature","id":"repressions:3593c647f586","geometry":{"type":"Point","coordinates":[18.2483,52.7982]},"properties":{"uid":"repressions:3593c647f586","layer":"repressions","layer_title":"Места репрессий и спецпоселений","group":"hardship","title":"Areszt Śledczy Inowrocław","category":"тюрьма","place_text":"Иновроцлав","region":"Иновроцлав","date_precision":"unknown","date_approx":false,"url":"https://www.wikidata.org/wiki/Q9159448","source":"Викиданные","source_id":"Q9159448","license":"CC0 (Викиданные)","confidence":"ok"}},{"type":"Feature","id":"repressions:bee9cc65d95b","geometry":{"type":"Point","coordinates":[20.4805,53.7783]},"properties":{"uid":"repressions:bee9cc65d95b","layer":"repressions","layer_title":"Места репрессий и спецпоселений","group":"hardship","title":"Areszt Śledczy Olsztyn","category":"следственный изолятор во Франции","place_text":"Ольштын","region":"Ольштын","date_precision":"unknown","date_approx":false,"url":"https://www.wikidata.org/wiki/Q9159454","image_url":"http://commons.wikimedia.org/wiki/Special:FilePath/Areszt%20Olsztyn.JPG","source":"Викиданные","source_id":"Q9159454","license":"CC0 (Викиданные)","confidence":"ok"}},{"type":"Feature","id":"repressions:e5e8e45ec5f1","geometry":{"type":"Point","coordinates":[18.148,50.3337]},"properties":{"uid":"repressions:e5e8e45ec5f1","layer":"repressions","layer_title":"Места репрессий и спецпоселений","group":"hardship","title":"Areszt Śledczy w Kędzierzynie-Koźlu","category":"следственный изолятор во Франции","place_text":"Кендзежин-Козле","region":"Кендзежин-Козле","date_precision":"unknown","date_approx":false,"url":"https://www.wikidata.org/wiki/Q9159455","source":"Викиданные","source_id":"Q9159455","license":"CC0 (Викиданные)","confidence":"ok"}},{"type":"Feature","id":"repressions:c097db01d4a7","geometry":{"type":"Point","coordinates":[21.5798,53.0898]},"properties":{"uid":"repressions:c097db01d4a7","layer":"repressions","layer_title":"Места репрессий и спецпоселений","group":"hardship","title":"Areszt Śledczy Ostrołęka","category":"следственный изолятор во Франции","place_text":"Остроленка","region":"Остроленка","date_precision":"unknown","date_approx":false,"url":"https://www.wikidata.org/wiki/Q9159456","source":"Викиданные","source_id":"Q9159456","license":"CC0 (Викиданные)","confidence":"ok"}},{"type":"Feature","id":"repressions:2c06dd8a2a39","geometry":{"type":"Point","coordinates":[19.661,51.3894]},"properties":{"uid":"repressions:2c06dd8a2a39","layer":"repressions","layer_title":"Места репрессий и спецпоселений","group":"hardship","title":"Areszt Śledczy w Piotrkowie Trybunalskim","category":"следственный изолятор","year_from":1793,"year_to":1960,"date_precision":"part","date_approx":true,"period_raw":"с 1793","url":"https://www.wikidata.org/wiki/Q9159457","source":"Викиданные","source_id":"Q9159457","license":"CC0 (Викиданные)","confidence":"ok"}},{"type":"Feature","id":"repressions:d1f024b4e8fb","geometry":{"type":"Point","coordinates":[21.0887,51.4035]},"properties":{"uid":"repressions:d1f024b4e8fb","layer":"repressions","layer_title":"Места репрессий и спецпоселений","group":"hardship","title":"Areszt Śledczy w Radomiu","category":"следственный изолятор","place_text":"Радом","region":"Радом","year_from":1998,"year_to":1998,"date_precision":"part","date_approx":true,"period_raw":"с 1998","url":"https://www.wikidata.org/wiki/Q9159461","source":"Викиданные","source_id":"Q9159461","license":"CC0 (Викиданные)","confidence":"ok"}},{"type":"Feature","id":"repressions:7b1e0f887963","geometry":{"type":"Point","coordinates":[20.9906,52.1601]},"properties":{"uid":"repressions:7b1e0f887963","layer":"repressions","layer_title":"Места репрессий и спецпоселений","group":"hardship","title":"Areszt Śledczy Warszawa-Służewiec","category":"следственный изолятор во Франции","place_text":"Урсынов","region":"Урсынов","year_from":1944,"year_to":1960,"date_precision":"part","date_approx":true,"period_raw":"с 1944","url":"https://www.wikidata.org/wiki/Q9159467","image_url":"http://commons.wikimedia.org/wiki/Special:FilePath/Areszt%20Sledczy%20Warszawa%20Sluzewiec%2001.JPG","source":"Викиданные","source_id":"Q9159467","license":"CC0 (Викиданные)","confidence":"ok"}},{"type":"Feature","id":"repressions:7768dc1feca0","geometry":{"type":"Point","coordinates":[21.00686,52.33468]},"properties":{"uid":"repressions:7768dc1feca0","layer":"repressions","layer_title":"Места репрессий и спецпоселений","group":"hardship","title":"Areszt Śledczy Warszawa-Białołęka","category":"тюрьма","place_text":"Варшава","region":"Варшава","year_from":1952,"year_to":1960,"date_precision":"part","date_approx":true,"period_raw":"с 1952","url":"https://www.wikidata.org/wiki/Q9159465","image_url":"http://commons.wikimedia.org/wiki/Special:FilePath/Areszt%20%C5%9Aledczy%20w%20Warszawie%20Bialo%C5%82%C4%99ce.jpeg","source":"Викиданные","source_id":"Q9159465","license":"CC0 (Викиданные)","confidence":"ok"}},{"type":"Feature","id":"repressions:97c128868d33","geometry":{"type":"Point","coordinates":[20.811888,52.170472]},"properties":{"uid":"repressions:97c128868d33","layer":"repressions","layer_title":"Места репрессий и спецпоселений","group":"hardship","title":"Дулаг 121 в Прушкуве","category":"концентрационный лагерь","place_text":"Прушкув","region":"Прушкув","date_precision":"unknown","date_approx":false,"url":"https://www.wikidata.org/wiki/Q9212886","image_url":"http://commons.wikimedia.org/wiki/Special:FilePath/Pruszkow%20Transit%20Camp%20gate%20no%2014.jpg","source":"Викиданные","source_id":"Q9212886","license":"CC0 (Викиданные)","confidence":"ok"}},{"type":"Feature","id":"repressions:38c53df71ce5","geometry":{"type":"Point","coordinates":[18.45,54.170833]},"properties":{"uid":"repressions:38c53df71ce5","layer":"repressions","layer_title":"Места репрессий и спецпоселений","group":"hardship","title":"Grenzdorf","category":"нацистский концлагерь","date_precision":"unknown","date_approx":false,"url":"https://www.wikidata.org/wiki/Q9276304","source":"Викиданные","source_id":"Q9276304","license":"CC0 (Викиданные)","confidence":"ok"}},{"type":"Feature","id":"repressions:c86f3169e9df","geometry":{"type":"Point","coordinates":[19.438889,51.809444]},"properties":{"uid":"repressions:c86f3169e9df","layer":"repressions","layer_title":"Места репрессий и спецпоселений","group":"hardship","title":"Radogoszcz","category":"концентрационный лагерь","place_text":"Julianów-Marysin-Rogi","region":"Julianów-Marysin-Rogi","date_precision":"unknown","date_approx":false,"url":"https://www.wikidata.org/wiki/Q9302463","image_url":"http://commons.wikimedia.org/wiki/Special:FilePath/Radogoszcz%20mauzoleum.jpg","source":"Викиданные","source_id":"Q9302463","license":"CC0 (Викиданные)","confidence":"ok"}},{"type":"Feature","id":"repressions:87b7fc082a22","geometry":{"type":"Point","coordinates":[22.9345,54.1219]},"properties":{"uid":"repressions:87b7fc082a22","layer":"repressions","layer_title":"Места репрессий и спецпоселений","group":"hardship","title":"Stalag I-F","category":"лагерь для военнопленных","place_text":"Сувалки","region":"Сувалки","year_from":1941,"year_to":1944,"date_precision":"year","date_approx":false,"period_raw":"1941–1944","url":"https://www.wikidata.org/wiki/Q9341366","source":"Викиданные","source_id":"Q9341366","license":"CC0 (Викиданные)","confidence":"ok"}},{"type":"Feature","id":"repressions:0be6250647bb","geometry":{"type":"Point","coordinates":[22.220461,49.556603]},"properties":{"uid":"repressions:0be6250647bb","layer":"repressions","layer_title":"Места репрессий и спецпоселений","group":"hardship","title":"Stalag 325Z Olchowce","category":"лагерь для военнопленных","place_text":"Olchowce","region":"Olchowce","date_precision":"unknown","date_approx":false,"url":"https://www.wikidata.org/wiki/Q9341369","source":"Викиданные","source_id":"Q9341369","license":"CC0 (Викиданные)","confidence":"ok"}},{"type":"Feature","id":"repressions:bf43f13f8bd7","geometry":{"type":"Point","coordinates":[20.691,53.826]},"properties":{"uid":"repressions:bf43f13f8bd7","layer":"repressions","layer_title":"Места репрессий и спецпоселений","group":"hardship","title":"Synagogue in Barczewo","category":"синагога","place_text":"Барчево","region":"Барчево","year_from":1847,"year_to":1937,"date_precision":"year","date_approx":false,"period_raw":"1847–1937","url":"https://www.wikidata.org/wiki/Q9349632","image_url":"http://commons.wikimedia.org/wiki/Special:FilePath/Synagoga%20w%20Barczewie.jpg","source":"Викиданные","source_id":"Q9349632","license":"CC0 (Викиданные)","confidence":"ok"}},{"type":"Feature","id":"repressions:54829147dce8","geometry":{"type":"Point","coordinates":[21.035278,52.263611]},"properties":{"uid":"repressions:54829147dce8","layer":"repressions","layer_title":"Места репрессий и спецпоселений","group":"hardship","title":"Więzienie karno-śledcze nr III w Warszawie","category":"тюрьма","place_text":"Варшава","region":"Варшава","year_from":1944,"year_to":1956,"date_precision":"year","date_approx":false,"period_raw":"1944–1956","url":"https://www.wikidata.org/wiki/Q9376072","source":"Викиданные","source_id":"Q9376072","license":"CC0 (Викиданные)","confidence":"ok"}},{"type":"Feature","id":"repressions:1e25dc480ade","geometry":{"type":"Point","coordinates":[20.6933,53.827]},"properties":{"uid":"repressions:1e25dc480ade","layer":"repressions","layer_title":"Места репрессий и спецпоселений","group":"hardship","title":"Prison in Barczewo","category":"тюрьма","place_text":"Барчево","region":"Барчево","year_from":1812,"year_to":1960,"date_precision":"part","date_approx":true,"period_raw":"с 1812","url":"https://www.wikidata.org/wiki/Q9386187","image_url":"http://commons.wikimedia.org/wiki/Special:FilePath/Zaklad%20Karny%20Barczewo%20brama%20wjazdowa.jpg","source":"Викиданные","source_id":"Q9386187","license":"CC0 (Викиданные)","confidence":"ok"}},{"type":"Feature","id":"repressions:ab5dac1a28d0","geometry":{"type":"Point","coordinates":[19.8165,54.3827]},"properties":{"uid":"repressions:ab5dac1a28d0","layer":"repressions","layer_title":"Места репрессий и спецпоселений","group":"hardship","title":"Zakład Karny w Braniewie","category":"тюрьма","place_text":"Бранево","region":"Бранево","year_from":1990,"year_to":1990,"date_precision":"part","date_approx":true,"period_raw":"с 1990","url":"https://www.wikidata.org/wiki/Q9386191","source":"Викиданные","source_id":"Q9386191","license":"CC0 (Викиданные)","confidence":"ok"}},{"type":"Feature","id":"repressions:1ec45fe35779","geometry":{"type":"Point","coordinates":[23.1175,53.1267]},"properties":{"uid":"repressions:1ec45fe35779","layer":"repressions","layer_title":"Места репрессий и спецпоселений","group":"hardship","title":"Penitentiary in Białystok","category":"тюрьма","place_text":"Белосток","region":"Белосток","date_precision":"unknown","date_approx":false,"url":"https://www.wikidata.org/wiki/Q9386188","image_url":"http://commons.wikimedia.org/wiki/Special:FilePath/Prison%20in%20Bia%C5%82ystok.JPG","source":"Викиданные","source_id":"Q9386188","license":"CC0 (Викиданные)","confidence":"ok"}},{"type":"Feature","id":"repressions:fce2edf0d8c7","geometry":{"type":"Point","coordinates":[23.1204,52.037]},"properties":{"uid":"repressions:fce2edf0d8c7","layer":"repressions","layer_title":"Места репрессий и спецпоселений","group":"hardship","title":"Zakład Karny w Białej Podlaskiej","category":"тюрьма","year_from":1878,"year_to":1960,"date_precision":"part","date_approx":true,"period_raw":"с 1878","url":"https://www.wikidata.org/wiki/Q9386189","image_url":"http://commons.wikimedia.org/wiki/Special:FilePath/Zaklad%20karny%20biala%20podlaska.jpg","source":"Викиданные","source_id":"Q9386189","license":"CC0 (Викиданные)","confidence":"ok"}},{"type":"Feature","id":"repressions:f1cc0f3975bb","geometry":{"type":"Point","coordinates":[23.4984,51.141]},"properties":{"uid":"repressions:f1cc0f3975bb","layer":"repressions","layer_title":"Места репрессий и спецпоселений","group":"hardship","title":"Prisons in Chełm","category":"тюрьма","place_text":"Хелм","region":"Хелм","date_precision":"unknown","date_approx":false,"url":"https://www.wikidata.org/wiki/Q9386194","source":"Викиданные","source_id":"Q9386194","license":"CC0 (Викиданные)","confidence":"ok"}},{"type":"Feature","id":"repressions:cb5cabbb4a6e","geometry":{"type":"Point","coordinates":[18.17413,53.14919]},"properties":{"uid":"repressions:cb5cabbb4a6e","layer":"repressions","layer_title":"Места репрессий и спецпоселений","group":"hardship","title":"Zakład Karny Bydgoszcz-Fordon","category":"тюрьма","place_text":"Fordon","region":"Fordon","year_from":1780,"year_to":1960,"date_precision":"part","date_approx":true,"period_raw":"с 1780","url":"https://www.wikidata.org/wiki/Q9386192","image_url":"http://commons.wikimedia.org/wiki/Special:FilePath/Polska%20bydgoszcz%20fordon%20zaklad%20karny.jpg","source":"Викиданные","source_id":"Q9386192","license":"CC0 (Викиданные)","confidence":"ok"}},{"type":"Feature","id":"repressions:26a4fd2fe37a","geometry":{"type":"Point","coordinates":[18.6849,54.3612]},"properties":{"uid":"repressions:26a4fd2fe37a","layer":"repressions","layer_title":"Места репрессий и спецпоселений","group":"hardship","title":"Zakład Karny w Gdańsku-Przeróbce","category":"тюрьма","place_text":"Гданьск","region":"Гданьск","year_from":1970,"year_to":1970,"date_precision":"part","date_approx":true,"period_raw":"с 1970","url":"https://www.wikidata.org/wiki/Q9386193","source":"Викиданные","source_id":"Q9386193","license":"CC0 (Викиданные)","confidence":"ok"}},{"type":"Feature","id":"repressions:198b82c98cd1","geometry":{"type":"Point","coordinates":[18.0998,51.7653]},"properties":{"uid":"repressions:198b82c98cd1","layer":"repressions","layer_title":"Места репрессий и спецпоселений","group":"hardship","title":"Zakład Karny w Kaliszu","category":"тюрьма","place_text":"Калиш","region":"Калиш","year_from":1846,"year_to":1960,"date_precision":"part","date_approx":true,"period_raw":"с 1846","url":"https://www.wikidata.org/wiki/Q9386198","source":"Викиданные","source_id":"Q9386198","license":"CC0 (Викиданные)","confidence":"ok"}},{"type":"Feature","id":"repressions:cc909a25c7d4","geometry":{"type":"Point","coordinates":[18.6281,49.9837]},"properties":{"uid":"repressions:cc909a25c7d4","layer":"repressions","layer_title":"Места репрессий и спецпоселений","group":"hardship","title":"Zakład Karny w Jastrzębiu-Zdroju","category":"тюрьма","place_text":"Ястшембе-Здруй","region":"Ястшембе-Здруй","year_from":1963,"year_to":1963,"date_precision":"part","date_approx":true,"period_raw":"с 1963","url":"https://www.wikidata.org/wiki/Q9386199","source":"Викиданные","source_id":"Q9386199","license":"CC0 (Викиданные)","confidence":"ok"}},{"type":"Feature","id":"repressions:da3d6ec1fbe4","geometry":{"type":"Point","coordinates":[18.8858,50.7473]},"properties":{"uid":"repressions:da3d6ec1fbe4","layer":"repressions","layer_title":"Места репрессий и спецпоселений","group":"hardship","title":"Zakład Karny w Herbach","category":"тюрьма","year_from":1990,"year_to":1990,"date_precision":"part","date_approx":true,"period_raw":"с 1990","url":"https://www.wikidata.org/wiki/Q9386196","source":"Викиданные","source_id":"Q9386196","license":"CC0 (Викиданные)","confidence":"ok"}},{"type":"Feature","id":"repressions:be6a736a4def","geometry":{"type":"Point","coordinates":[19.5616,53.5882]},"properties":{"uid":"repressions:be6a736a4def","layer":"repressions","layer_title":"Места репрессий и спецпоселений","group":"hardship","title":"Zakład Karny w Iławie","category":"тюрьма","date_precision":"unknown","date_approx":false,"url":"https://www.wikidata.org/wiki/Q9386197","source":"Викиданные","source_id":"Q9386197","license":"CC0 (Викиданные)","confidence":"ok"}},{"type":"Feature","id":"repressions:bc94086ae99c","geometry":{"type":"Point","coordinates":[18.2139,50.0817]},"properties":{"uid":"repressions:bc94086ae99c","layer":"repressions","layer_title":"Места репрессий и спецпоселений","group":"hardship","title":"Racibórz Prison","category":"тюрьма","place_text":"Рацибуж","region":"Рацибуж","year_from":1851,"year_to":1960,"date_precision":"part","date_approx":true,"period_raw":"с 1851","url":"https://www.wikidata.org/wiki/Q9386202","image_url":"http://commons.wikimedia.org/wiki/Special:FilePath/POL%20Racib%C3%B3rz%20-%20wi%C4%99zienie%20przy%20ul.%20Eichendorffa.JPG","source":"Викиданные","source_id":"Q9386202","license":"CC0 (Викиданные)","confidence":"ok"}},{"type":"Feature","id":"repressions:1a63ab03a292","geometry":{"type":"Point","coordinates":[20.465,49.9156]},"properties":{"uid":"repressions:1a63ab03a292","layer":"repressions","layer_title":"Места репрессий и спецпоселений","group":"hardship","title":"Prison in Nowy Wiśnicz","category":"тюрьма","year_from":1783,"year_to":1960,"date_precision":"part","date_approx":true,"period_raw":"с 1783","url":"https://www.wikidata.org/wiki/Q9386203","source":"Викиданные","source_id":"Q9386203","license":"CC0 (Викиданные)","confidence":"ok"}},{"type":"Feature","id":"repressions:d86f81b8e4ec","geometry":{"type":"Point","coordinates":[22.9221,49.8054]},"properties":{"uid":"repressions:d86f81b8e4ec","layer":"repressions","layer_title":"Места репрессий и спецпоселений","group":"hardship","title":"Zakład Karny w Medyce","category":"тюрьма","year_from":1966,"year_to":1966,"date_precision":"part","date_approx":true,"period_raw":"с 1966","url":"https://www.wikidata.org/wiki/Q9386200","source":"Викиданные","source_id":"Q9386200","license":"CC0 (Викиданные)","confidence":"ok"}},{"type":"Feature","id":"repressions:80cf44261b84","geometry":{"type":"Point","coordinates":[19.0296,54.0365]},"properties":{"uid":"repressions:80cf44261b84","layer":"repressions","layer_title":"Места репрессий и спецпоселений","group":"hardship","title":"Prison in Malbork","category":"тюрьма","date_precision":"unknown","date_approx":false,"url":"https://www.wikidata.org/wiki/Q9386201","image_url":"http://commons.wikimedia.org/wiki/Special:FilePath/Malbork%2C%20J%C3%B3zefa%20Pi%C5%82sudskiego%2C%20v%C4%9Bznice.JPG","source":"Викиданные","source_id":"Q9386201","license":"CC0 (Викиданные)","confidence":"ok"}},{"type":"Feature","id":"repressions:255320f8dee3","geometry":{"type":"Point","coordinates":[19.0337,53.9221]},"properties":{"uid":"repressions:255320f8dee3","layer":"repressions","layer_title":"Места репрессий и спецпоселений","group":"hardship","title":"Sztum Prison","category":"тюрьма","year_from":1910,"year_to":1960,"date_precision":"part","date_approx":true,"period_raw":"с 1910","url":"https://www.wikidata.org/wiki/Q9386206","image_url":"http://commons.wikimedia.org/wiki/Special:FilePath/Wi%C4%99zienie%20w%20Sztumie.jpg","source":"Викиданные","source_id":"Q9386206","license":"CC0 (Викиданные)","confidence":"ok"}},{"type":"Feature","id":"repressions:121fd1e2ace9","geometry":{"type":"Point","coordinates":[20.9049,50.0239]},"properties":{"uid":"repressions:121fd1e2ace9","layer":"repressions","layer_title":"Места репрессий и спецпоселений","group":"hardship","title":"Zakład Karny w Tarnowie-Mościcach","category":"тюрьма","place_text":"Тарнув","region":"Тарнув","year_from":1963,"year_to":1963,"date_precision":"part","date_approx":true,"period_raw":"с 1963","url":"https://www.wikidata.org/wiki/Q9386207","source":"Викиданные","source_id":"Q9386207","license":"CC0 (Викиданные)","confidence":"ok"}},{"type":"Feature","id":"repressions:740bbace9cd1","geometry":{"type":"Point","coordinates":[19.0285,50.3673]},"properties":{"uid":"repressions:740bbace9cd1","layer":"repressions","layer_title":"Места репрессий и спецпоселений","group":"hardship","title":"Zakład Karny w Wojkowicach","category":"тюрьма","place_text":"Войковице","region":"Войковице","year_from":1959,"year_to":1960,"date_precision":"part","date_approx":true,"period_raw":"с 1959","url":"https://www.wikidata.org/wiki/Q9386210","image_url":"http://commons.wikimedia.org/wiki/Special:FilePath/Zaklad%20Karny%20Wojkowice.jpg","source":"Викиданные","source_id":"Q9386210","license":"CC0 (Викиданные)","confidence":"ok"}},{"type":"Feature","id":"repressions:58a7747afcdc","geometry":{"type":"Point","coordinates":[19.4907,49.8825]},"properties":{"uid":"repressions:58a7747afcdc","layer":"repressions","layer_title":"Места репрессий и спецпоселений","group":"hardship","title":"Zakład Karny w Wadowicach","category":"тюрьма","year_from":1872,"year_to":1960,"date_precision":"part","date_approx":true,"period_raw":"с 1872","url":"https://www.wikidata.org/wiki/Q9386208","source":"Викиданные","source_id":"Q9386208","license":"CC0 (Викиданные)","confidence":"ok"}},{"type":"Feature","id":"repressions:5359dd85aebe","geometry":{"type":"Point","coordinates":[22.976056,50.614472]},"properties":{"uid":"repressions:5359dd85aebe","layer":"repressions","layer_title":"Места репрессий и спецпоселений","group":"hardship","title":"miejsce straceń z 1944 r. - plac wraz z dwoma jarzębinami w Zwierzyńcu","category":"места казней","place_text":"Звежинец","region":"Звежинец","year_from":1944,"year_to":1960,"date_precision":"part","date_approx":true,"period_raw":"с 1944","url":"https://www.wikidata.org/wiki/Q30104234","image_url":"http://commons.wikimedia.org/wiki/Special:FilePath/Miejsce%20strace%C5%84%20%28Zwierzyniec%29.JPG","source":"Викиданные","source_id":"Q30104234","license":"CC0 (Викиданные)","confidence":"ok"}},{"type":"Feature","id":"repressions:e6a74e448244","geometry":{"type":"Point","coordinates":[19.962886,50.031573]},"properties":{"uid":"repressions:e6a74e448244","layer":"repressions","layer_title":"Места репрессий и спецпоселений","group":"hardship","title":"Teren obozu koncentracyjnego Kraków-Płaszów","category":"концентрационный лагерь","place_text":"Краков","region":"Краков","year_from":1944,"year_to":1960,"date_precision":"part","date_approx":true,"period_raw":"с 1944","url":"https://www.wikidata.org/wiki/Q30161823","image_url":"http://commons.wikimedia.org/wiki/Special:FilePath/PLASZOW-German%20concentration%20camp%20near%20Krakow%20PL.jpg","source":"Викиданные","source_id":"Q30161823","license":"CC0 (Викиданные)","confidence":"ok"}},{"type":"Feature","id":"repressions:f6c8bda719b7","geometry":{"type":"Point","coordinates":[19.962802,50.032176]},"properties":{"uid":"repressions:f6c8bda719b7","layer":"repressions","layer_title":"Места репрессий и спецпоселений","group":"hardship","title":"Nazi concentration camp in Płaszów","category":"концентрационный лагерь","place_text":"Краков","region":"Краков","year_from":1944,"year_to":1960,"date_precision":"part","date_approx":true,"period_raw":"с 1944","url":"https://www.wikidata.org/wiki/Q30161821","image_url":"http://commons.wikimedia.org/wiki/Special:FilePath/Podgorze%27s%20old%20and%20new%20Jewish%20cemeteries%2C%20%281942-1945%20KL%20Plaszow%2C%20German%20concentration%20camp%20for%20Jews%29%2C%20Jerozolimska%20street%2C%20Podg%C3%B3rze%2C%20Krakow%2C%20Poland.jpg","source":"Викиданные","source_id":"Q30161821","license":"CC0 (Викиданные)","confidence":"ok"}},{"type":"Feature","id":"repressions:8d1de0ced28a","geometry":{"type":"Point","coordinates":[19.95514,50.04445]},"properties":{"uid":"repressions:8d1de0ced28a","layer":"repressions","layer_title":"Места репрессий и спецпоселений","group":"hardship","title":"Investigator custody in Kraków","category":"тюрьма","place_text":"Краков","region":"Краков","year_from":1905,"year_to":1960,"date_precision":"part","date_approx":true,"period_raw":"с 1905","url":"https://www.wikidata.org/wiki/Q30161860","image_url":"http://commons.wikimedia.org/wiki/Special:FilePath/Krak%C3%B3w%20ul.%20Czarnieckiego%203%20A-1027%20%284%29.jpg","source":"Викиданные","source_id":"Q30161860","license":"CC0 (Викиданные)","confidence":"ok"}},{"type":"Feature","id":"repressions:b7baf6887983","geometry":{"type":"Point","coordinates":[18.2927,50.511505]},"properties":{"uid":"repressions:b7baf6887983","layer":"repressions","layer_title":"Места репрессий и спецпоселений","group":"hardship","title":"Zakład karny nr 2","category":"тюрьма","place_text":"Стшельце-Опольске","region":"Стшельце-Опольске","year_from":1896,"year_to":1960,"date_precision":"part","date_approx":true,"period_raw":"с 1896","url":"https://www.wikidata.org/wiki/Q30231080","source":"Викиданные","source_id":"Q30231080","license":"CC0 (Викиданные)","confidence":"ok"}},{"type":"Feature","id":"repressions:89287e718604","geometry":{"type":"Point","coordinates":[18.292397,50.511351]},"properties":{"uid":"repressions:89287e718604","layer":"repressions","layer_title":"Места репрессий и спецпоселений","group":"hardship","title":"Pawilon więzienny II","category":"тюрьма","place_text":"Стшельце-Опольске","region":"Стшельце-Опольске","year_from":1896,"year_to":1960,"date_precision":"part","date_approx":true,"period_raw":"с 1896","url":"https://www.wikidata.org/wiki/Q30231090","source":"Викиданные","source_id":"Q30231090","license":"CC0 (Викиданные)","confidence":"ok"}},{"type":"Feature","id":"repressions:63a796fa7373","geometry":{"type":"Point","coordinates":[23.139772,53.123708]},"properties":{"uid":"repressions:63a796fa7373","layer":"repressions","layer_title":"Места репрессий и спецпоселений","group":"hardship","title":"Pawilon więzienny I","category":"тюрьма","place_text":"Белосток","region":"Белосток","year_from":1908,"year_to":1960,"date_precision":"part","date_approx":true,"period_raw":"с 1908","url":"https://www.wikidata.org/wiki/Q30574159","source":"Викиданные","source_id":"Q30574159","license":"CC0 (Викиданные)","confidence":"ok"}},{"type":"Feature","id":"repressions:1e19f3889815","geometry":{"type":"Point","coordinates":[23.13908,53.123393]},"properties":{"uid":"repressions:1e19f3889815","layer":"repressions","layer_title":"Места репрессий и спецпоселений","group":"hardship","title":"Pawilon więzienny II","category":"тюрьма","place_text":"Белосток","region":"Белосток","year_from":1908,"year_to":1960,"date_precision":"part","date_approx":true,"period_raw":"с 1908","url":"https://www.wikidata.org/wiki/Q30574160","source":"Викиданные","source_id":"Q30574160","license":"CC0 (Викиданные)","confidence":"ok"}},{"type":"Feature","id":"repressions:d0d6a069e374","geometry":{"type":"Point","coordinates":[22.932792,54.107401]},"properties":{"uid":"repressions:d0d6a069e374","layer":"repressions","layer_title":"Места репрессий и спецпоселений","group":"hardship","title":"Areszt, przed 1909 r.","category":"тюрьма","place_text":"Сувалки","region":"Сувалки","date_precision":"unknown","date_approx":false,"url":"https://www.wikidata.org/wiki/Q30575188","source":"Викиданные","source_id":"Q30575188","license":"CC0 (Викиданные)","confidence":"ok"}},{"type":"Feature","id":"repressions:66c6859cce42","geometry":{"type":"Point","coordinates":[61.4611,52.0262]},"properties":{"uid":"repressions:66c6859cce42","layer":"repressions","layer_title":"Места репрессий и спецпоселений","group":"hardship","title":"Чёрный беркут","category":"тюрьма","place_text":"Житикаринский район","region":"Житикаринский район","year_from":1961,"year_to":1961,"date_precision":"part","date_approx":true,"period_raw":"с 1961","url":"https://ru.wikipedia.org/wiki/%D0%A7%D1%91%D1%80%D0%BD%D1%8B%D0%B9_%D0%B1%D0%B5%D1%80%D0%BA%D1%83%D1%82_(%D0%9A%D0%B0%D0%B7%D0%B0%D1%85%D1%81%D1%82%D0%B0%D0%BD)","source":"Викиданные","source_id":"Q30896975","license":"CC0 (Викиданные)","confidence":"ok"}},{"type":"Feature","id":"repressions:7c7564b71218","geometry":{"type":"Point","coordinates":[20.385167,53.112528]},"properties":{"uid":"repressions:7c7564b71218","layer":"repressions","layer_title":"Места репрессий и спецпоселений","group":"hardship","title":"Więzienie, ob. archiwum","category":"тюрьма","place_text":"Млава","region":"Млава","date_precision":"unknown","date_approx":false,"url":"https://www.wikidata.org/wiki/Q33383078","image_url":"http://commons.wikimedia.org/wiki/Special:FilePath/M%C5%82awa%2C%20ul.%20Narutowicza.%20Budynek%20m%C5%82awskiego%20oddzia%C5%82u%20Archiwum%20m.%20st.%20Warszawy..jpg","source":"Викиданные","source_id":"Q33383078","license":"CC0 (Викиданные)","confidence":"ok"}},{"type":"Feature","id":"repressions:7ca9c5f1542e","geometry":{"type":"Point","coordinates":[25.933333,54.416666]},"properties":{"uid":"repressions:7ca9c5f1542e","layer":"repressions","layer_title":"Места репрессий и спецпоселений","group":"hardship","title":"Oszmiana concentration camp","category":"концентрационный лагерь","date_precision":"unknown","date_approx":false,"url":"https://www.wikidata.org/wiki/Q45466218","source":"Викиданные","source_id":"Q45466218","license":"CC0 (Викиданные)","confidence":"ok"}},{"type":"Feature","id":"repressions:d28191302817","geometry":{"type":"Point","coordinates":[27.233333,49.033333]},"properties":{"uid":"repressions:d28191302817","layer":"repressions","layer_title":"Места репрессий и спецпоселений","group":"hardship","title":"Vin’kovtsy concentration camp","category":"концентрационный лагерь","date_precision":"unknown","date_approx":false,"url":"https://www.wikidata.org/wiki/Q45466319","source":"Викиданные","source_id":"Q45466319","license":"CC0 (Викиданные)","confidence":"ok"}},{"type":"Feature","id":"repressions:09f81ad1edb7","geometry":{"type":"Point","coordinates":[27.616666,50.6]},"properties":{"uid":"repressions:09f81ad1edb7","layer":"repressions","layer_title":"Места репрессий и спецпоселений","group":"hardship","title":"Novograd Volynskii concentration camp","category":"концентрационный лагерь","date_precision":"unknown","date_approx":false,"url":"https://www.wikidata.org/wiki/Q45466456","source":"Викиданные","source_id":"Q45466456","license":"CC0 (Викиданные)","confidence":"ok"}},{"type":"Feature","id":"repressions:f1b1e1de2c7d","geometry":{"type":"Point","coordinates":[27.913,47.754944]},"properties":{"uid":"repressions:f1b1e1de2c7d","layer":"repressions","layer_title":"Места репрессий и спецпоселений","group":"hardship","title":"Bălți LPRS no. 7","category":"концентрационный лагерь","date_precision":"unknown","date_approx":false,"url":"https://www.wikidata.org/wiki/Q45466540","source":"Викиданные","source_id":"Q45466540","license":"CC0 (Викиданные)","confidence":"ok"}},{"type":"Feature","id":"repressions:7a01f82c2f7c","geometry":{"type":"Point","coordinates":[28.612778,45.667222]},"properties":{"uid":"repressions:7a01f82c2f7c","layer":"repressions","layer_title":"Места репрессий и спецпоселений","group":"hardship","title":"Bolgrad LPRS no. 8","category":"концентрационный лагерь","date_precision":"unknown","date_approx":false,"url":"https://www.wikidata.org/wiki/Q45466623","source":"Викиданные","source_id":"Q45466623","license":"CC0 (Викиданные)","confidence":"ok"}},{"type":"Feature","id":"repressions:e57834cb1f20","geometry":{"type":"Point","coordinates":[27.966666,49.55]},"properties":{"uid":"repressions:e57834cb1f20","layer":"repressions","layer_title":"Места репрессий и спецпоселений","group":"hardship","title":"Khmelnik concentration camp","category":"концентрационный лагерь","date_precision":"unknown","date_approx":false,"url":"https://www.wikidata.org/wiki/Q45467104","source":"Викиданные","source_id":"Q45467104","license":"CC0 (Викиданные)","confidence":"ok"}},{"type":"Feature","id":"repressions:9aa091591aed","geometry":{"type":"Point","coordinates":[26.849722,54.316666]},"properties":{"uid":"repressions:9aa091591aed","layer":"repressions","layer_title":"Места репрессий и спецпоселений","group":"hardship","title":"Концлагерь Молодечно","category":"концентрационный лагерь","date_precision":"unknown","date_approx":false,"url":"https://www.wikidata.org/wiki/Q45467270","source":"Викиданные","source_id":"Q45467270","license":"CC0 (Викиданные)","confidence":"ok"}},{"type":"Feature","id":"repressions:f4952ff500fa","geometry":{"type":"Point","coordinates":[25.95,48.883333]},"properties":{"uid":"repressions:f4952ff500fa","layer":"repressions","layer_title":"Места репрессий и спецпоселений","group":"hardship","title":"Jezierzany (Halych District) concentration camp","category":"концентрационный лагерь","date_precision":"unknown","date_approx":false,"url":"https://www.wikidata.org/wiki/Q45467357","source":"Викиданные","source_id":"Q45467357","license":"CC0 (Викиданные)","confidence":"ok"}},{"type":"Feature","id":"repressions:28e8e779111f","geometry":{"type":"Point","coordinates":[27.0,49.416666]},"properties":{"uid":"repressions:28e8e779111f","layer":"repressions","layer_title":"Места репрессий и спецпоселений","group":"hardship","title":"Proskurov concentration camp","category":"концентрационный лагерь","date_precision":"unknown","date_approx":false,"url":"https://www.wikidata.org/wiki/Q45467442","source":"Викиданные","source_id":"Q45467442","license":"CC0 (Викиданные)","confidence":"ok"}},{"type":"Feature","id":"repressions:c89d03b3b729","geometry":{"type":"Point","coordinates":[27.933333,55.783333]},"properties":{"uid":"repressions:c89d03b3b729","layer":"repressions","layer_title":"Места репрессий и спецпоселений","group":"hardship","title":"Drissa concentration camp","category":"концентрационный лагерь","date_precision":"unknown","date_approx":false,"url":"https://www.wikidata.org/wiki/Q45468035","source":"Викиданные","source_id":"Q45468035","license":"CC0 (Викиданные)","confidence":"ok"}},{"type":"Feature","id":"repressions:8b2ac8795856","geometry":{"type":"Point","coordinates":[22.979602,53.843444]},"properties":{"uid":"repressions:8b2ac8795856","layer":"repressions","layer_title":"Места репрессий и спецпоселений","group":"hardship","title":"Augustów concentration camp","category":"концентрационный лагерь","date_precision":"unknown","date_approx":false,"url":"https://www.wikidata.org/wiki/Q45468312","source":"Викиданные","source_id":"Q45468312","license":"CC0 (Викиданные)","confidence":"ok"}},{"type":"Feature","id":"repressions:3a3112fd7860","geometry":{"type":"Point","coordinates":[22.516666,55.35]},"properties":{"uid":"repressions:3a3112fd7860","layer":"repressions","layer_title":"Места репрессий и спецпоселений","group":"hardship","title":"Batakiaiconcentration camp","category":"концентрационный лагерь","date_precision":"unknown","date_approx":false,"url":"https://www.wikidata.org/wiki/Q45468394","source":"Викиданные","source_id":"Q45468394","license":"CC0 (Викиданные)","confidence":"ok"}},{"type":"Feature","id":"repressions:9aeb7076d641","geometry":{"type":"Point","coordinates":[29.7,54.0]},"properties":{"uid":"repressions:9aeb7076d641","layer":"repressions","layer_title":"Места репрессий и спецпоселений","group":"hardship","title":"Belynichi concentration camp","category":"концентрационный лагерь","date_precision":"unknown","date_approx":false,"url":"https://www.wikidata.org/wiki/Q45468475","source":"Викиданные","source_id":"Q45468475","license":"CC0 (Викиданные)","confidence":"ok"}},{"type":"Feature","id":"repressions:d6079496ce93","geometry":{"type":"Point","coordinates":[24.633333,49.266666]},"properties":{"uid":"repressions:d6079496ce93","layer":"repressions","layer_title":"Места репрессий и спецпоселений","group":"hardship","title":"Bursztyn concentration camp","category":"концентрационный лагерь","date_precision":"unknown","date_approx":false,"url":"https://www.wikidata.org/wiki/Q45468636","source":"Викиданные","source_id":"Q45468636","license":"CC0 (Викиданные)","confidence":"ok"}},{"type":"Feature","id":"repressions:33677db38e3d","geometry":{"type":"Point","coordinates":[30.683333,54.566666]},"properties":{"uid":"repressions:33677db38e3d","layer":"repressions","layer_title":"Места репрессий и спецпоселений","group":"hardship","title":"Dubrovno concentration camp","category":"концентрационный лагерь","date_precision":"unknown","date_approx":false,"url":"https://www.wikidata.org/wiki/Q45468950","source":"Викиданные","source_id":"Q45468950","license":"CC0 (Викиданные)","confidence":"ok"}},{"type":"Feature","id":"repressions:065f61cefbfb","geometry":{"type":"Point","coordinates":[29.4,48.8]},"properties":{"uid":"repressions:065f61cefbfb","layer":"repressions","layer_title":"Места репрессий и спецпоселений","group":"hardship","title":"Gaisin concentration camp","category":"концентрационный лагерь","date_precision":"unknown","date_approx":false,"url":"https://www.wikidata.org/wiki/Q45469272","source":"Викиданные","source_id":"Q45469272","license":"CC0 (Викиданные)","confidence":"ok"}},{"type":"Feature","id":"repressions:29da2489a3fc","geometry":{"type":"Point","coordinates":[26.666666,50.6]},"properties":{"uid":"repressions:29da2489a3fc","layer":"repressions","layer_title":"Места репрессий и спецпоселений","group":"hardship","title":"Hoszcza concentration camp","category":"концентрационный лагерь","date_precision":"unknown","date_approx":false,"url":"https://www.wikidata.org/wiki/Q45469589","source":"Викиданные","source_id":"Q45469589","license":"CC0 (Викиданные)","confidence":"ok"}},{"type":"Feature","id":"repressions:47a8b3a6a96e","geometry":{"type":"Point","coordinates":[28.533333,49.466666]},"properties":{"uid":"repressions:47a8b3a6a96e","layer":"repressions","layer_title":"Места репрессий и спецпоселений","group":"hardship","title":"Kalinovka concentration camp","category":"концентрационный лагерь","date_precision":"unknown","date_approx":false,"url":"https://www.wikidata.org/wiki/Q45469670","source":"Викиданные","source_id":"Q45469670","license":"CC0 (Викиданные)","confidence":"ok"}},{"type":"Feature","id":"repressions:a04b5a3a3287","geometry":{"type":"Point","coordinates":[26.566666,48.666666]},"properties":{"uid":"repressions:a04b5a3a3287","layer":"repressions","layer_title":"Места репрессий и спецпоселений","group":"hardship","title":"Kamenets-Podolskii concentration camp","category":"концентрационный лагерь","date_precision":"unknown","date_approx":false,"url":"https://www.wikidata.org/wiki/Q45469752","source":"Викиданные","source_id":"Q45469752","license":"CC0 (Викиданные)","confidence":"ok"}},{"type":"Feature","id":"repressions:93e22f16d25f","geometry":{"type":"Point","coordinates":[28.833333,49.716666]},"properties":{"uid":"repressions:93e22f16d25f","layer":"repressions","layer_title":"Места репрессий и спецпоселений","group":"hardship","title":"Kazatin concentration camp","category":"концентрационный лагерь","date_precision":"unknown","date_approx":false,"url":"https://www.wikidata.org/wiki/Q45469915","source":"Викиданные","source_id":"Q45469915","license":"CC0 (Викиданные)","confidence":"ok"}},{"type":"Feature","id":"repressions:cff7d84a4d44","geometry":{"type":"Point","coordinates":[31.466667,54.583333]},"properties":{"uid":"repressions:cff7d84a4d44","layer":"repressions","layer_title":"Места репрессий и спецпоселений","group":"hardship","title":"Krasnyi concentration camp","category":"концентрационный лагерь","date_precision":"unknown","date_approx":false,"url":"https://www.wikidata.org/wiki/Q45470072","source":"Викиданные","source_id":"Q45470072","license":"CC0 (Викиданные)","confidence":"ok"}},{"type":"Feature","id":"repressions:e6dc44952589","geometry":{"type":"Point","coordinates":[27.616666,49.383333]},"properties":{"uid":"repressions:e6dc44952589","layer":"repressions","layer_title":"Места репрессий и спецпоселений","group":"hardship","title":"Letichev concentration camp","category":"концентрационный лагерь","date_precision":"unknown","date_approx":false,"url":"https://www.wikidata.org/wiki/Q45470149","source":"Викиданные","source_id":"Q45470149","license":"CC0 (Викиданные)","confidence":"ok"}},{"type":"Feature","id":"repressions:c0be4afdae48","geometry":{"type":"Point","coordinates":[29.643333,46.840278]},"properties":{"uid":"repressions:c0be4afdae48","layer":"repressions","layer_title":"Места репрессий и спецпоселений","group":"hardship","title":"Tiraspol LPRS no. 11","category":"концентрационный лагерь","date_precision":"unknown","date_approx":false,"url":"https://www.wikidata.org/wiki/Q45470408","source":"Викиданные","source_id":"Q45470408","license":"CC0 (Викиданные)","confidence":"ok"}},{"type":"Feature","id":"repressions:95d2c0454a0b","geometry":{"type":"Point","coordinates":[29.643333,46.840278]},"properties":{"uid":"repressions:95d2c0454a0b","layer":"repressions","layer_title":"Места репрессий и спецпоселений","group":"hardship","title":"Tiraspol LPRS no. 5","category":"концентрационный лагерь","date_precision":"unknown","date_approx":false,"url":"https://www.wikidata.org/wiki/Q45470489","source":"Викиданные","source_id":"Q45470489","license":"CC0 (Викиданные)","confidence":"ok"}},{"type":"Feature","id":"repressions:2c7a4f72e8a3","geometry":{"type":"Point","coordinates":[31.65,48.65]},"properties":{"uid":"repressions:2c7a4f72e8a3","layer":"repressions","layer_title":"Места репрессий и спецпоселений","group":"hardship","title":"Malaia Viska concentration camp","category":"концентрационный лагерь","date_precision":"unknown","date_approx":false,"url":"https://www.wikidata.org/wiki/Q45470649","source":"Викиданные","source_id":"Q45470649","license":"CC0 (Викиданные)","confidence":"ok"}},{"type":"Feature","id":"repressions:b2ab5c1806dc","geometry":{"type":"Point","coordinates":[30.642939,54.288091]},"properties":{"uid":"repressions:b2ab5c1806dc","layer":"repressions","layer_title":"Места репрессий и спецпоселений","group":"hardship","title":"Naprasnovka concentration camp","category":"концентрационный лагерь","date_precision":"unknown","date_approx":false,"url":"https://www.wikidata.org/wiki/Q45470730","source":"Викиданные","source_id":"Q45470730","license":"CC0 (Викиданные)","confidence":"ok"}},{"type":"Feature","id":"repressions:84731e1089c3","geometry":{"type":"Point","coordinates":[28.85,48.966666]},"properties":{"uid":"repressions:84731e1089c3","layer":"repressions","layer_title":"Места репрессий и спецпоселений","group":"hardship","title":"Nemirov concentration camp","category":"концентрационный лагерь","date_precision":"unknown","date_approx":false,"url":"https://www.wikidata.org/wiki/Q45470811","source":"Викиданные","source_id":"Q45470811","license":"CC0 (Викиданные)","confidence":"ok"}},{"type":"Feature","id":"repressions:5ca2805a0eef","geometry":{"type":"Point","coordinates":[32.9,48.566666]},"properties":{"uid":"repressions:5ca2805a0eef","layer":"repressions","layer_title":"Места репрессий и спецпоселений","group":"hardship","title":"Novaia Praga concentration camp","category":"концентрационный лагерь","date_precision":"unknown","date_approx":false,"url":"https://www.wikidata.org/wiki/Q45470974","source":"Викиданные","source_id":"Q45470974","license":"CC0 (Викиданные)","confidence":"ok"}},{"type":"Feature","id":"repressions:d733dc8c36e0","geometry":{"type":"Point","coordinates":[33.9,47.966666]},"properties":{"uid":"repressions:d733dc8c36e0","layer":"repressions","layer_title":"Места репрессий и спецпоселений","group":"hardship","title":"Novovitebskoe concentration camp","category":"концентрационный лагерь","date_precision":"unknown","date_approx":false,"url":"https://www.wikidata.org/wiki/Q45471050","source":"Викиданные","source_id":"Q45471050","license":"CC0 (Викиданные)","confidence":"ok"}},{"type":"Feature","id":"repressions:04721d0c8333","geometry":{"type":"Point","coordinates":[28.1,56.016666]},"properties":{"uid":"repressions:04721d0c8333","layer":"repressions","layer_title":"Места репрессий и спецпоселений","group":"hardship","title":"Osveia concentration camp","category":"концентрационный лагерь","date_precision":"unknown","date_approx":false,"url":"https://www.wikidata.org/wiki/Q45471133","source":"Викиданные","source_id":"Q45471133","license":"CC0 (Викиданные)","confidence":"ok"}},{"type":"Feature","id":"repressions:3d29414d6347","geometry":{"type":"Point","coordinates":[35.866666,48.516666]},"properties":{"uid":"repressions:3d29414d6347","layer":"repressions","layer_title":"Места репрессий и спецпоселений","group":"hardship","title":"Pavlograd concentration camp","category":"концентрационный лагерь","date_precision":"unknown","date_approx":false,"url":"https://www.wikidata.org/wiki/Q45471212","source":"Викиданные","source_id":"Q45471212","license":"CC0 (Викиданные)","confidence":"ok"}},{"type":"Feature","id":"repressions:f570c8230663","geometry":{"type":"Point","coordinates":[24.55,49.666666]},"properties":{"uid":"repressions:f570c8230663","layer":"repressions","layer_title":"Места репрессий и спецпоселений","group":"hardship","title":"Przemyślany concentration camp","category":"концентрационный лагерь","date_precision":"unknown","date_approx":false,"url":"https://www.wikidata.org/wiki/Q45471373","source":"Викиданные","source_id":"Q45471373","license":"CC0 (Викиданные)","confidence":"ok"}},{"type":"Feature","id":"repressions:f77139494d7e","geometry":{"type":"Point","coordinates":[23.550453,55.284049]},"properties":{"uid":"repressions:f77139494d7e","layer":"repressions","layer_title":"Места репрессий и спецпоселений","group":"hardship","title":"Ariogala concentration camp","category":"концентрационный лагерь","date_precision":"unknown","date_approx":false,"url":"https://www.wikidata.org/wiki/Q45471723","source":"Викиданные","source_id":"Q45471723","license":"CC0 (Викиданные)","confidence":"ok"}},{"type":"Feature","id":"repressions:e291d3d20d8c","geometry":{"type":"Point","coordinates":[30.05,53.083333]},"properties":{"uid":"repressions:e291d3d20d8c","layer":"repressions","layer_title":"Места репрессий и спецпоселений","group":"hardship","title":"Rogachev concentration camp","category":"концентрационный лагерь","date_precision":"unknown","date_approx":false,"url":"https://www.wikidata.org/wiki/Q45471804","source":"Викиданные","source_id":"Q45471804","license":"CC0 (Викиданные)","confidence":"ok"}},{"type":"Feature","id":"repressions:b2cb26d011ba","geometry":{"type":"Point","coordinates":[23.116666,55.366666]},"properties":{"uid":"repressions:b2cb26d011ba","layer":"repressions","layer_title":"Места репрессий и спецпоселений","group":"hardship","title":"Raseiniai concentration camp","category":"концентрационный лагерь","place_text":"Расейнское районное самоуправление","region":"Расейнское районное самоуправление","date_precision":"unknown","date_approx":false,"url":"https://www.wikidata.org/wiki/Q45471884","source":"Викиданные","source_id":"Q45471884","license":"CC0 (Викиданные)","confidence":"ok"}},{"type":"Feature","id":"repressions:12ab2a3d96dc","geometry":{"type":"Point","coordinates":[21.933333,55.733333]},"properties":{"uid":"repressions:12ab2a3d96dc","layer":"repressions","layer_title":"Места репрессий и спецпоселений","group":"hardship","title":"Rietavas concentration camp","category":"концентрационный лагерь","date_precision":"unknown","date_approx":false,"url":"https://www.wikidata.org/wiki/Q45471963","source":"Викиданные","source_id":"Q45471963","license":"CC0 (Викиданные)","confidence":"ok"}},{"type":"Feature","id":"repressions:af62d238f613","geometry":{"type":"Point","coordinates":[29.233333,49.716666]},"properties":{"uid":"repressions:af62d238f613","layer":"repressions","layer_title":"Места репрессий и спецпоселений","group":"hardship","title":"Ruzhin concentration camp","category":"концентрационный лагерь","date_precision":"unknown","date_approx":false,"url":"https://www.wikidata.org/wiki/Q45472043","source":"Викиданные","source_id":"Q45472043","license":"CC0 (Викиданные)","confidence":"ok"}},{"type":"Feature","id":"repressions:c90d84d3df95","geometry":{"type":"Point","coordinates":[24.016666,52.2]},"properties":{"uid":"repressions:c90d84d3df95","layer":"repressions","layer_title":"Места репрессий и спецпоселений","group":"hardship","title":"Żabinka concentration camp","category":"концентрационный лагерь","date_precision":"unknown","date_approx":false,"url":"https://www.wikidata.org/wiki/Q45472207","source":"Викиданные","source_id":"Q45472207","license":"CC0 (Викиданные)","confidence":"ok"}},{"type":"Feature","id":"repressions:2ab0cc7bb06e","geometry":{"type":"Point","coordinates":[31.666666,48.816666]},"properties":{"uid":"repressions:2ab0cc7bb06e","layer":"repressions","layer_title":"Места репрессий и спецпоселений","group":"hardship","title":"Zlatopol’ concentration camp","category":"концентрационный лагерь","date_precision":"unknown","date_approx":false,"url":"https://www.wikidata.org/wiki/Q45472291","source":"Викиданные","source_id":"Q45472291","license":"CC0 (Викиданные)","confidence":"ok"}},{"type":"Feature","id":"repressions:7ea286ad9468","geometry":{"type":"Point","coordinates":[26.4,54.483333]},"properties":{"uid":"repressions:7ea286ad9468","layer":"repressions","layer_title":"Места репрессий и спецпоселений","group":"hardship","title":"Smorgonie concentration camp","category":"концентрационный лагерь","date_precision":"unknown","date_approx":false,"url":"https://www.wikidata.org/wiki/Q45472371","source":"Викиданные","source_id":"Q45472371","license":"CC0 (Викиданные)","confidence":"ok"}},{"type":"Feature","id":"repressions:757af56822bd","geometry":{"type":"Point","coordinates":[24.248333,56.989722]},"properties":{"uid":"repressions:757af56822bd","layer":"repressions","layer_title":"Места репрессий и спецпоселений","group":"hardship","title":"Riga-Strasdenhof concentration camp","category":"концентрационный лагерь","place_text":"Рига","region":"Рига","date_precision":"unknown","date_approx":false,"url":"https://www.wikidata.org/wiki/Q45472531","source":"Викиданные","source_id":"Q45472531","license":"CC0 (Викиданные)","confidence":"ok"}},{"type":"Feature","id":"repressions:f2b733ba1442","geometry":{"type":"Point","coordinates":[23.416305,50.447027]},"properties":{"uid":"repressions:f2b733ba1442","layer":"repressions","layer_title":"Места репрессий и спецпоселений","group":"hardship","title":"Tomaszów Lubelski concentration camp","category":"концентрационный лагерь","date_precision":"unknown","date_approx":false,"url":"https://www.wikidata.org/wiki/Q45472612","source":"Викиданные","source_id":"Q45472612","license":"CC0 (Викиданные)","confidence":"ok"}},{"type":"Feature","id":"repressions:15749f4a718c","geometry":{"type":"Point","coordinates":[19.086339,50.814581]},"properties":{"uid":"repressions:15749f4a718c","layer":"repressions","layer_title":"Места репрессий и спецпоселений","group":"hardship","title":"Częstochowa concentration camp","category":"концентрационный лагерь","date_precision":"unknown","date_approx":false,"url":"https://www.wikidata.org/wiki/Q45472698","source":"Викиданные","source_id":"Q45472698","license":"CC0 (Викиданные)","confidence":"ok"}},{"type":"Feature","id":"repressions:f7f9d8b86878","geometry":{"type":"Point","coordinates":[24.930299,48.879441]},"properties":{"uid":"repressions:f7f9d8b86878","layer":"repressions","layer_title":"Места репрессий и спецпоселений","group":"hardship","title":"Tyśmienica concentration camp","category":"концентрационный лагерь","date_precision":"unknown","date_approx":false,"url":"https://www.wikidata.org/wiki/Q45472779","source":"Викиданные","source_id":"Q45472779","license":"CC0 (Викиданные)","confidence":"ok"}},{"type":"Feature","id":"repressions:b14031c0e297","geometry":{"type":"Point","coordinates":[24.15,50.866666]},"properties":{"uid":"repressions:b14031c0e297","layer":"repressions","layer_title":"Места репрессий и спецпоселений","group":"hardship","title":"Uściług concentration camp","category":"концентрационный лагерь","date_precision":"unknown","date_approx":false,"url":"https://www.wikidata.org/wiki/Q45472859","source":"Викиданные","source_id":"Q45472859","license":"CC0 (Викиданные)","confidence":"ok"}},{"type":"Feature","id":"repressions:6f90ad862e90","geometry":{"type":"Point","coordinates":[22.708524,55.779806]},"properties":{"uid":"repressions:6f90ad862e90","layer":"repressions","layer_title":"Места репрессий и спецпоселений","group":"hardship","title":"Užventis concentration camp","category":"концентрационный лагерь","date_precision":"unknown","date_approx":false,"url":"https://www.wikidata.org/wiki/Q45472941","source":"Викиданные","source_id":"Q45472941","license":"CC0 (Викиданные)","confidence":"ok"}},{"type":"Feature","id":"repressions:527b9eb50c90","geometry":{"type":"Point","coordinates":[24.8,54.766666]},"properties":{"uid":"repressions:527b9eb50c90","layer":"repressions","layer_title":"Места репрессий и спецпоселений","group":"hardship","title":"Vievis concentration camp","category":"концентрационный лагерь","date_precision":"unknown","date_approx":false,"url":"https://www.wikidata.org/wiki/Q45473019","source":"Викиданные","source_id":"Q45473019","license":"CC0 (Викиданные)","confidence":"ok"}},{"type":"Feature","id":"repressions:75b25c028ff0","geometry":{"type":"Point","coordinates":[28.683333,49.1]},"properties":{"uid":"repressions:75b25c028ff0","layer":"repressions","layer_title":"Места репрессий и спецпоселений","group":"hardship","title":"Voronovitsa concentration camp","category":"концентрационный лагерь","date_precision":"unknown","date_approx":false,"url":"https://www.wikidata.org/wiki/Q45473100","source":"Викиданные","source_id":"Q45473100","license":"CC0 (Викиданные)","confidence":"ok"}},{"type":"Feature","id":"repressions:a66d6e0521e0","geometry":{"type":"Point","coordinates":[19.9667,49.3]},"properties":{"uid":"repressions:a66d6e0521e0","layer":"repressions","layer_title":"Места репрессий и спецпоселений","group":"hardship","title":"Olcza concentration camp","category":"концентрационный лагерь","date_precision":"unknown","date_approx":false,"url":"https://www.wikidata.org/wiki/Q45473182","source":"Викиданные","source_id":"Q45473182","license":"CC0 (Викиданные)","confidence":"ok"}},{"type":"Feature","id":"repressions:e01128279f9a","geometry":{"type":"Point","coordinates":[28.666666,50.25]},"properties":{"uid":"repressions:e01128279f9a","layer":"repressions","layer_title":"Места репрессий и спецпоселений","group":"hardship","title":"Zhitomir concentration camp","category":"концентрационный лагерь","date_precision":"unknown","date_approx":false,"url":"https://www.wikidata.org/wiki/Q45473340","source":"Викиданные","source_id":"Q45473340","license":"CC0 (Викиданные)","confidence":"ok"}},{"type":"Feature","id":"repressions:f80291d76e31","geometry":{"type":"Point","coordinates":[22.152749,51.543882]},"properties":{"uid":"repressions:f80291d76e31","layer":"repressions","layer_title":"Места репрессий и спецпоселений","group":"hardship","title":"Baranów nad Wieprzem concentration camp","category":"концентрационный лагерь","date_precision":"unknown","date_approx":false,"url":"https://www.wikidata.org/wiki/Q45474105","source":"Викиданные","source_id":"Q45474105","license":"CC0 (Викиданные)","confidence":"ok"}},{"type":"Feature","id":"repressions:9839f1dacb89","geometry":{"type":"Point","coordinates":[28.583333,49.9]},"properties":{"uid":"repressions:9839f1dacb89","layer":"repressions","layer_title":"Места репрессий и спецпоселений","group":"hardship","title":"Berdichev concentration camp","category":"концентрационный лагерь","date_precision":"unknown","date_approx":false,"url":"https://www.wikidata.org/wiki/Q45474250","source":"Викиданные","source_id":"Q45474250","license":"CC0 (Викиданные)","confidence":"ok"}},{"type":"Feature","id":"repressions:a16b1d3ef3b7","geometry":{"type":"Point","coordinates":[34.4,45.716666]},"properties":{"uid":"repressions:a16b1d3ef3b7","layer":"repressions","layer_title":"Места репрессий и спецпоселений","group":"hardship","title":"Dzhankoi concentration camp","category":"концентрационный лагерь","date_precision":"unknown","date_approx":false,"url":"https://www.wikidata.org/wiki/Q45475417","source":"Викиданные","source_id":"Q45475417","license":"CC0 (Викиданные)","confidence":"ok"}},{"type":"Feature","id":"repressions:3d6fc7530a12","geometry":{"type":"Point","coordinates":[34.346667,61.784722]},"properties":{"uid":"repressions:3d6fc7530a12","layer":"repressions","layer_title":"Места репрессий и спецпоселений","group":"hardship","title":"концентрационный лагерь № 4, Петрозаводск","category":"концентрационный лагерь","date_precision":"unknown","date_approx":false,"url":"https://www.wikidata.org/wiki/Q45475953","source":"Викиданные","source_id":"Q45475953","license":"CC0 (Викиданные)","confidence":"ok"}},{"type":"Feature","id":"repressions:2181eb4e6afa","geometry":{"type":"Point","coordinates":[23.528584,50.794264]},"properties":{"uid":"repressions:2181eb4e6afa","layer":"repressions","layer_title":"Места репрессий и спецпоселений","group":"hardship","title":"Grabowiec concentration camp","category":"концентрационный лагерь","date_precision":"unknown","date_approx":false,"url":"https://www.wikidata.org/wiki/Q45476108","source":"Викиданные","source_id":"Q45476108","license":"CC0 (Викиданные)","confidence":"ok"}},{"type":"Feature","id":"repressions:89539ff42e11","geometry":{"type":"Point","coordinates":[20.866611,51.8655]},"properties":{"uid":"repressions:89539ff42e11","layer":"repressions","layer_title":"Места репрессий и спецпоселений","group":"hardship","title":"Grójec concentration camp","category":"концентрационный лагерь","date_precision":"unknown","date_approx":false,"url":"https://www.wikidata.org/wiki/Q45476199","source":"Викиданные","source_id":"Q45476199","license":"CC0 (Викиданные)","confidence":"ok"}},{"type":"Feature","id":"repressions:c94e7b7e0841","geometry":{"type":"Point","coordinates":[18.066666,52.033333]},"properties":{"uid":"repressions:c94e7b7e0841","layer":"repressions","layer_title":"Места репрессий и спецпоселений","group":"hardship","title":"Grodziec concentration camp","category":"концентрационный лагерь","date_precision":"unknown","date_approx":false,"url":"https://www.wikidata.org/wiki/Q45476278","source":"Викиданные","source_id":"Q45476278","license":"CC0 (Викиданные)","confidence":"ok"}},{"type":"Feature","id":"repressions:44cab8140708","geometry":{"type":"Point","coordinates":[25.9,54.55]},"properties":{"uid":"repressions:44cab8140708","layer":"repressions","layer_title":"Места репрессий и спецпоселений","group":"hardship","title":"Gudogaj concentration camp","category":"концентрационный лагерь","date_precision":"unknown","date_approx":false,"url":"https://www.wikidata.org/wiki/Q45476354","source":"Викиданные","source_id":"Q45476354","license":"CC0 (Викиданные)","confidence":"ok"}},{"type":"Feature","id":"repressions:6420ea53fddc","geometry":{"type":"Point","coordinates":[18.083333,51.75]},"properties":{"uid":"repressions:6420ea53fddc","layer":"repressions","layer_title":"Места репрессий и спецпоселений","group":"hardship","title":"Kalisz concentration camp","category":"концентрационный лагерь","date_precision":"unknown","date_approx":false,"url":"https://www.wikidata.org/wiki/Q45477301","source":"Викиданные","source_id":"Q45477301","license":"CC0 (Викиданные)","confidence":"ok"}},{"type":"Feature","id":"repressions:29724dd86545","geometry":{"type":"Point","coordinates":[34.98333,53.116667]},"properties":{"uid":"repressions:29724dd86545","layer":"repressions","layer_title":"Места репрессий и спецпоселений","group":"hardship","title":"Karachev concentration camp","category":"концентрационный лагерь","date_precision":"unknown","date_approx":false,"url":"https://www.wikidata.org/wiki/Q45477380","source":"Викиданные","source_id":"Q45477380","license":"CC0 (Викиданные)","confidence":"ok"}},{"type":"Feature","id":"repressions:8b3088728bbb","geometry":{"type":"Point","coordinates":[30.834607,53.111226]},"properties":{"uid":"repressions:8b3088728bbb","layer":"repressions","layer_title":"Места репрессий и спецпоселений","group":"hardship","title":"Korma concentration camp","category":"концентрационный лагерь","date_precision":"unknown","date_approx":false,"url":"https://www.wikidata.org/wiki/Q45477461","source":"Викиданные","source_id":"Q45477461","license":"CC0 (Викиданные)","confidence":"ok"}},{"type":"Feature","id":"repressions:83a3f43a1149","geometry":{"type":"Point","coordinates":[22.933333,55.633333]},"properties":{"uid":"repressions:83a3f43a1149","layer":"repressions","layer_title":"Места репрессий и спецпоселений","group":"hardship","title":"Kelmė concentration camp","category":"концентрационный лагерь","place_text":"Кельмеское районное самоуправление","region":"Кельмеское районное самоуправление","date_precision":"unknown","date_approx":false,"url":"https://www.wikidata.org/wiki/Q45477538","source":"Викиданные","source_id":"Q45477538","license":"CC0 (Викиданные)","confidence":"ok"}},{"type":"Feature","id":"repressions:58fa9c51b47c","geometry":{"type":"Point","coordinates":[22.447972,51.641222]},"properties":{"uid":"repressions:58fa9c51b47c","layer":"repressions","layer_title":"Места репрессий и спецпоселений","group":"hardship","title":"Kock concentration camp","category":"концентрационный лагерь","date_precision":"unknown","date_approx":false,"url":"https://www.wikidata.org/wiki/Q45478003","source":"Викиданные","source_id":"Q45478003","license":"CC0 (Викиданные)","confidence":"ok"}},{"type":"Feature","id":"repressions:ce93b36a6dd8","geometry":{"type":"Point","coordinates":[34.346667,61.784722]},"properties":{"uid":"repressions:ce93b36a6dd8","layer":"repressions","layer_title":"Места репрессий и спецпоселений","group":"hardship","title":"концентрационный лагерь № 1, Петрозаводск","category":"концентрационный лагерь","date_precision":"unknown","date_approx":false,"url":"https://www.wikidata.org/wiki/Q45478167","source":"Викиданные","source_id":"Q45478167","license":"CC0 (Викиданные)","confidence":"ok"}},{"type":"Feature","id":"repressions:10e00a2207e7","geometry":{"type":"Point","coordinates":[29.066,48.743]},"properties":{"uid":"repressions:10e00a2207e7","layer":"repressions","layer_title":"Места репрессий и спецпоселений","group":"hardship","title":"Ladijin Quarry concentration camp","category":"концентрационный лагерь","date_precision":"unknown","date_approx":false,"url":"https://www.wikidata.org/wiki/Q45478245","source":"Викиданные","source_id":"Q45478245","license":"CC0 (Викиданные)","confidence":"ok"}},{"type":"Feature","id":"repressions:719b5cd1ec63","geometry":{"type":"Point","coordinates":[21.0167,56.5167]},"properties":{"uid":"repressions:719b5cd1ec63","layer":"repressions","layer_title":"Места репрессий и спецпоселений","group":"hardship","title":"Libau concentration camp","category":"концентрационный лагерь","place_text":"Лиепая","region":"Лиепая","date_precision":"unknown","date_approx":false,"url":"https://www.wikidata.org/wiki/Q45478717","source":"Викиданные","source_id":"Q45478717","license":"CC0 (Викиданные)","confidence":"ok"}},{"type":"Feature","id":"repressions:a1f1af498d88","geometry":{"type":"Point","coordinates":[28.066666,49.333333]},"properties":{"uid":"repressions:a1f1af498d88","layer":"repressions","layer_title":"Места репрессий и спецпоселений","group":"hardship","title":"Litin concentration camp","category":"концентрационный лагерь","date_precision":"unknown","date_approx":false,"url":"https://www.wikidata.org/wiki/Q45478875","source":"Викиданные","source_id":"Q45478875","license":"CC0 (Викиданные)","confidence":"ok"}},{"type":"Feature","id":"repressions:af6f379d563c","geometry":{"type":"Point","coordinates":[23.133333,50.166666]},"properties":{"uid":"repressions:af6f379d563c","layer":"repressions","layer_title":"Места репрессий и спецпоселений","group":"hardship","title":"Lubaczów concentration camp","category":"концентрационный лагерь","date_precision":"unknown","date_approx":false,"url":"https://www.wikidata.org/wiki/Q45478950","source":"Викиданные","source_id":"Q45478950","license":"CC0 (Викиданные)","confidence":"ok"}},{"type":"Feature","id":"repressions:89221f4341b2","geometry":{"type":"Point","coordinates":[26.316666,55.05]},"properties":{"uid":"repressions:89221f4341b2","layer":"repressions","layer_title":"Места репрессий и спецпоселений","group":"hardship","title":"Łyntupy concentration camp","category":"концентрационный лагерь","date_precision":"unknown","date_approx":false,"url":"https://www.wikidata.org/wiki/Q45479030","source":"Викиданные","source_id":"Q45479030","license":"CC0 (Викиданные)","confidence":"ok"}},{"type":"Feature","id":"repressions:5d40fcd420d1","geometry":{"type":"Point","coordinates":[21.1,52.866666]},"properties":{"uid":"repressions:5d40fcd420d1","layer":"repressions","layer_title":"Места репрессий и спецпоселений","group":"hardship","title":"Maków Mazowiecki concentration camp","category":"концентрационный лагерь","date_precision":"unknown","date_approx":false,"url":"https://www.wikidata.org/wiki/Q45479108","source":"Викиданные","source_id":"Q45479108","license":"CC0 (Викиданные)","confidence":"ok"}},{"type":"Feature","id":"repressions:54549a0b2806","geometry":{"type":"Point","coordinates":[43.62111,43.484722]},"properties":{"uid":"repressions:54549a0b2806","layer":"repressions","layer_title":"Места репрессий и спецпоселений","group":"hardship","title":"Nal’chik concentration camp","category":"концентрационный лагерь","date_precision":"unknown","date_approx":false,"url":"https://www.wikidata.org/wiki/Q45479522","source":"Викиданные","source_id":"Q45479522","license":"CC0 (Викиданные)","confidence":"ok"}},{"type":"Feature","id":"repressions:7dd66b863073","geometry":{"type":"Point","coordinates":[28.2,59.3833]},"properties":{"uid":"repressions:7dd66b863073","layer":"repressions","layer_title":"Места репрессий и спецпоселений","group":"hardship","title":"Hungerburg concentration camp","category":"концентрационный лагерь","date_precision":"unknown","date_approx":false,"url":"https://www.wikidata.org/wiki/Q45479601","source":"Викиданные","source_id":"Q45479601","license":"CC0 (Викиданные)","confidence":"ok"}},{"type":"Feature","id":"repressions:45a72bc675c3","geometry":{"type":"Point","coordinates":[28.2,59.3833]},"properties":{"uid":"repressions:45a72bc675c3","layer":"repressions","layer_title":"Места репрессий и спецпоселений","group":"hardship","title":"Narva concentration camp","category":"концентрационный лагерь","date_precision":"unknown","date_approx":false,"url":"https://www.wikidata.org/wiki/Q45479676","source":"Викиданные","source_id":"Q45479676","license":"CC0 (Викиданные)","confidence":"ok"}},{"type":"Feature","id":"repressions:7ed256564fbf","geometry":{"type":"Point","coordinates":[23.175752,52.476697]},"properties":{"uid":"repressions:7ed256564fbf","layer":"repressions","layer_title":"Места репрессий и спецпоселений","group":"hardship","title":"Nurzec concentration camp","category":"концентрационный лагерь","date_precision":"unknown","date_approx":false,"url":"https://www.wikidata.org/wiki/Q45479906","source":"Викиданные","source_id":"Q45479906","license":"CC0 (Викиданные)","confidence":"ok"}},{"type":"Feature","id":"repressions:230b0214f8d4","geometry":{"type":"Point","coordinates":[30.733333,46.466667]},"properties":{"uid":"repressions:230b0214f8d4","layer":"repressions","layer_title":"Места репрессий и спецпоселений","group":"hardship","title":"Odesa concentration camp","category":"концентрационный лагерь","date_precision":"unknown","date_approx":false,"url":"https://www.wikidata.org/wiki/Q45480061","source":"Викиданные","source_id":"Q45480061","license":"CC0 (Викиданные)","confidence":"ok"}},{"type":"Feature","id":"repressions:45b614d51a23","geometry":{"type":"Point","coordinates":[18.5964,54.3782]},"properties":{"uid":"repressions:45b614d51a23","layer":"repressions","layer_title":"Места репрессий и спецпоселений","group":"hardship","title":"Danzig-Opitzstrasse concentration camp","category":"концентрационный лагерь","date_precision":"unknown","date_approx":false,"url":"https://www.wikidata.org/wiki/Q45480135","source":"Викиданные","source_id":"Q45480135","license":"CC0 (Викиданные)","confidence":"ok"}},{"type":"Feature","id":"repressions:7d4082a5572e","geometry":{"type":"Point","coordinates":[21.4,50.933333]},"properties":{"uid":"repressions:7d4082a5572e","layer":"repressions","layer_title":"Места репрессий и спецпоселений","group":"hardship","title":"Ostrowiec Świętokrzyski concentration camp","category":"концентрационный лагерь","date_precision":"unknown","date_approx":false,"url":"https://www.wikidata.org/wiki/Q45480363","source":"Викиданные","source_id":"Q45480363","license":"CC0 (Викиданные)","confidence":"ok"}},{"type":"Feature","id":"repressions:b9d268b147f6","geometry":{"type":"Point","coordinates":[22.4091,49.4624]},"properties":{"uid":"repressions:b9d268b147f6","layer":"repressions","layer_title":"Места репрессий и спецпоселений","group":"hardship","title":"Zakład Karny w Uhercach Mineralnych","category":"тюрьма","year_from":1972,"year_to":1972,"date_precision":"part","date_approx":true,"period_raw":"с 1972","url":"https://www.wikidata.org/wiki/Q9386209","source":"Викиданные","source_id":"Q9386209","license":"CC0 (Викиданные)","confidence":"ok"}},{"type":"Feature","id":"repressions:78eff7aa3e5e","geometry":{"type":"Point","coordinates":[22.0891,49.2479]},"properties":{"uid":"repressions:78eff7aa3e5e","layer":"repressions","layer_title":"Места репрессий и спецпоселений","group":"hardship","title":"Zakład Karny w Łupkowie","category":"тюрьма","year_from":1968,"year_to":1968,"date_precision":"part","date_approx":true,"period_raw":"с 1968","url":"https://www.wikidata.org/wiki/Q9386214","source":"Викиданные","source_id":"Q9386214","license":"CC0 (Викиданные)","confidence":"ok"}},{"type":"Feature","id":"repressions:0a81bc0be0e4","geometry":{"type":"Point","coordinates":[23.5404,51.5528]},"properties":{"uid":"repressions:0a81bc0be0e4","layer":"repressions","layer_title":"Места репрессий и спецпоселений","group":"hardship","title":"Zakład Karny we Włodawie","category":"тюрьма","place_text":"Влодава","region":"Влодава","date_precision":"unknown","date_approx":false,"url":"https://www.wikidata.org/wiki/Q9386212","source":"Викиданные","source_id":"Q9386212","license":"CC0 (Викиданные)","confidence":"ok"}},{"type":"Feature","id":"repressions:bdd2454b8710","geometry":{"type":"Point","coordinates":[18.8306,50.3028]},"properties":{"uid":"repressions:bdd2454b8710","layer":"repressions","layer_title":"Места репрессий и спецпоселений","group":"hardship","title":"Zakład Karny w Zabrzu","category":"тюрьма","place_text":"Забже","region":"Забже","date_precision":"unknown","date_approx":false,"url":"https://www.wikidata.org/wiki/Q9386213","source":"Викиданные","source_id":"Q9386213","license":"CC0 (Викиданные)","confidence":"ok"}},{"type":"Feature","id":"repressions:ec1c4c61d90e","geometry":{"type":"Point","coordinates":[30.360874,53.866523]},"properties":{"uid":"repressions:ec1c4c61d90e","layer":"repressions","layer_title":"Места репрессий и спецпоселений","group":"hardship","title":"Магілёўскі кар’ер","category":"строительный карьер","place_text":"Могилёв","region":"Могилёв","date_precision":"unknown","date_approx":false,"url":"https://www.wikidata.org/wiki/Q10019977","image_url":"http://commons.wikimedia.org/wiki/Special:FilePath/Kastry%C4%8Dnicki%20District%2C%20Mogilev%2C%20Belarus%20-%20panoramio%20%28837%29.jpg","source":"Викиданные","source_id":"Q10019977","license":"CC0 (Викиданные)","confidence":"ok"}},{"type":"Feature","id":"repressions:1d6a36830e21","geometry":{"type":"Point","coordinates":[21.6,49.7667]},"properties":{"uid":"repressions:1d6a36830e21","layer":"repressions","layer_title":"Места репрессий и спецпоселений","group":"hardship","title":"Szebnie concentration camp","category":"концентрационный лагерь","date_precision":"unknown","date_approx":false,"url":"https://www.wikidata.org/wiki/Q11794996","source":"Викиданные","source_id":"Q11794996","license":"CC0 (Викиданные)","confidence":"ok"}},{"type":"Feature","id":"repressions:c523fd6ea7ad","geometry":{"type":"Point","coordinates":[18.554722,52.968611]},"properties":{"uid":"repressions:c523fd6ea7ad","layer":"repressions","layer_title":"Места репрессий и спецпоселений","group":"hardship","title":"Obóz jeniecki w Toruniu-Glinkach","category":"лагерь для военнопленных","place_text":"Торунь","region":"Торунь","date_precision":"unknown","date_approx":false,"url":"https://www.wikidata.org/wiki/Q11795530","source":"Викиданные","source_id":"Q11795530","license":"CC0 (Викиданные)","confidence":"ok"}},{"type":"Feature","id":"repressions:876980445bfd","geometry":{"type":"Point","coordinates":[18.222278,50.0735]},"properties":{"uid":"repressions:876980445bfd","layer":"repressions","layer_title":"Места репрессий и спецпоселений","group":"hardship","title":"Obóz niemiecki dla Polaków (Polenlager) w Raciborzu","category":"лагерь для военнопленных","place_text":"Рацибуж","region":"Рацибуж","date_precision":"unknown","date_approx":false,"url":"https://www.wikidata.org/wiki/Q11795535","source":"Викиданные","source_id":"Q11795535","license":"CC0 (Викиданные)","confidence":"ok"}},{"type":"Feature","id":"repressions:e4bd6ed61c0d","geometry":{"type":"Point","coordinates":[23.250833,50.729167]},"properties":{"uid":"repressions:e4bd6ed61c0d","layer":"repressions","layer_title":"Места репрессий и спецпоселений","group":"hardship","title":"Obóz przesiedleńczy w Zamościu","category":"концентрационный лагерь","date_precision":"unknown","date_approx":false,"url":"https://www.wikidata.org/wiki/Q11795565","source":"Викиданные","source_id":"Q11795565","license":"CC0 (Викиданные)","confidence":"ok"}},{"type":"Feature","id":"repressions:9b257e4a1768","geometry":{"type":"Point","coordinates":[19.027083,50.307917]},"properties":{"uid":"repressions:9b257e4a1768","layer":"repressions","layer_title":"Места репрессий и спецпоселений","group":"hardship","title":"Polenlager 10","category":"концентрационный лагерь","place_text":"Силезское воеводство","region":"Силезское воеводство","date_precision":"unknown","date_approx":false,"url":"https://www.wikidata.org/wiki/Q11821638","image_url":"http://commons.wikimedia.org/wiki/Special:FilePath/Siemianowice%20%C5%9Al.%20-%20Centrum%20%28297%29.jpg","source":"Викиданные","source_id":"Q11821638","license":"CC0 (Викиданные)","confidence":"ok"}},{"type":"Feature","id":"repressions:d099ccd6e3ff","geometry":{"type":"Point","coordinates":[36.713022,49.535659]},"properties":{"uid":"repressions:d099ccd6e3ff","layer":"repressions","layer_title":"Места репрессий и спецпоселений","group":"hardship","title":"Жовтневська виправна колонія № 17","category":"исправительная колония","place_text":"Донецкая поселковая община","region":"Донецкая поселковая община","year_from":1961,"year_to":1961,"date_precision":"part","date_approx":true,"period_raw":"с 1961","url":"https://www.wikidata.org/wiki/Q12104732","source":"Викиданные","source_id":"Q12104732","license":"CC0 (Викиданные)","confidence":"ok"}},{"type":"Feature","id":"repressions:92df7e565226","geometry":{"type":"Point","coordinates":[36.101336,49.980016]},"properties":{"uid":"repressions:92df7e565226","layer":"repressions","layer_title":"Места репрессий и спецпоселений","group":"hardship","title":"Курязька виховна колонія","category":"тюрьма","place_text":"Солоницевская поселковая община","region":"Солоницевская поселковая община","date_precision":"unknown","date_approx":false,"url":"https://www.wikidata.org/wiki/Q12116064","source":"Викиданные","source_id":"Q12116064","license":"CC0 (Викиданные)","confidence":"ok"}},{"type":"Feature","id":"repressions:908faf34ac81","geometry":{"type":"Point","coordinates":[31.980556,46.982778]},"properties":{"uid":"repressions:908faf34ac81","layer":"repressions","layer_title":"Места репрессий и спецпоселений","group":"hardship","title":"Mykolaiv remand","category":"следственный изолятор","place_text":"Николаев","region":"Николаев","year_from":1907,"year_to":1960,"date_precision":"part","date_approx":true,"period_raw":"с 1907","url":"https://www.wikidata.org/wiki/Q12123344","image_url":"http://commons.wikimedia.org/wiki/Special:FilePath/Mykolaiv%20Remand1.jpg","source":"Викиданные","source_id":"Q12123344","license":"CC0 (Викиданные)","confidence":"ok"}},{"type":"Feature","id":"repressions:03f7631e294d","geometry":{"type":"Point","coordinates":[25.24044,59.415703]},"properties":{"uid":"repressions:03f7631e294d","layer":"repressions","layer_title":"Места репрессий и спецпоселений","group":"hardship","title":"Ягала (концентрационный лагерь)","category":"концентрационный лагерь","date_precision":"unknown","date_approx":false,"url":"https://ru.wikipedia.org/wiki/%D0%AF%D0%B3%D0%B0%D0%BB%D0%B0_(%D0%BA%D0%BE%D0%BD%D1%86%D0%B5%D0%BD%D1%82%D1%80%D0%B0%D1%86%D0%B8%D0%BE%D0%BD%D0%BD%D1%8B%D0%B9_%D0%BB%D0%B0%D0%B3%D0%B5%D1%80%D1%8C)","image_url":"http://commons.wikimedia.org/wiki/Special:FilePath/Kalevi-Liiva%20memorial.jpg","source":"Викиданные","source_id":"Q12365649","license":"CC0 (Викиданные)","confidence":"ok"}},{"type":"Feature","id":"repressions:9ab52c5213d3","geometry":{"type":"Point","coordinates":[24.780939,59.426806]},"properties":{"uid":"repressions:9ab52c5213d3","layer":"repressions","layer_title":"Места репрессий и спецпоселений","group":"hardship","title":"Lasnamäe prison","category":"тюрьма","date_precision":"unknown","date_approx":false,"url":"https://www.wikidata.org/wiki/Q12368298","source":"Викиданные","source_id":"Q12368298","license":"CC0 (Викиданные)","confidence":"ok"}},{"type":"Feature","id":"repressions:80ccfd662220","geometry":{"type":"Point","coordinates":[31.210833,47.656944]},"properties":{"uid":"repressions:80ccfd662220","layer":"repressions","layer_title":"Места репрессий и спецпоселений","group":"hardship","title":"Акмечетка","category":"концентрационный лагерь","place_text":"Николаевская область","region":"Николаевская область","date_precision":"unknown","date_approx":false,"url":"https://www.wikidata.org/wiki/Q12409034","image_url":"http://commons.wikimedia.org/wiki/Special:FilePath/WW2-Holocaust-Europe-he.png","source":"Викиданные","source_id":"Q12409034","license":"CC0 (Викиданные)","confidence":"ok"}},{"type":"Feature","id":"repressions:4251416c2df6","geometry":{"type":"Point","coordinates":[21.231542,55.968252]},"properties":{"uid":"repressions:4251416c2df6","layer":"repressions","layer_title":"Места репрессий и спецпоселений","group":"hardship","title":"Димитравас (концентрационный лагерь)","category":"концентрационный лагерь","date_precision":"unknown","date_approx":false,"url":"https://ru.wikipedia.org/wiki/%D0%94%D0%B8%D0%BC%D0%B8%D1%82%D1%80%D0%B0%D0%B2%D0%B0%D1%81_(%D0%BA%D0%BE%D0%BD%D1%86%D0%B5%D0%BD%D1%82%D1%80%D0%B0%D1%86%D0%B8%D0%BE%D0%BD%D0%BD%D1%8B%D0%B9_%D0%BB%D0%B0%D0%B3%D0%B5%D1%80%D1%8C)","image_url":"http://commons.wikimedia.org/wiki/Special:FilePath/Forced%20labour%20camp%20in%20Dimitravas%20Village%202.jpg","source":"Викиданные","source_id":"Q12653012","license":"CC0 (Викиданные)","confidence":"ok"}},{"type":"Feature","id":"repressions:e32d81165041","geometry":{"type":"Point","coordinates":[21.522778,55.356389]},"properties":{"uid":"repressions:e32d81165041","layer":"repressions","layer_title":"Места репрессий и спецпоселений","group":"hardship","title":"Лагеря в Мацикай","category":"шталаг","place_text":"Шилутское районное самоуправление","region":"Шилутское районное самоуправление","year_from":1943,"year_to":1944,"date_precision":"year","date_approx":false,"period_raw":"1943–1944","url":"https://ru.wikipedia.org/wiki/%D0%9B%D0%B0%D0%B3%D0%B5%D1%80%D1%8F_%D0%B2_%D0%9C%D0%B0%D1%86%D0%B8%D0%BA%D0%B0%D0%B9","image_url":"http://commons.wikimedia.org/wiki/Special:FilePath/Macikai.%20Buves%20lageris.jpg","source":"Викиданные","source_id":"Q12664084","license":"CC0 (Викиданные)","confidence":"ok"}},{"type":"Feature","id":"repressions:23740d2c36c6","geometry":{"type":"Point","coordinates":[20.9,51.116666]},"properties":{"uid":"repressions:23740d2c36c6","layer":"repressions","layer_title":"Места репрессий и спецпоселений","group":"hardship","title":"Skarżysko-Kamienna concentration camp","category":"концентрационный лагерь","place_text":"Скаржиско-Каменна","region":"Скаржиско-Каменна","date_precision":"unknown","date_approx":false,"url":"https://www.wikidata.org/wiki/Q13740850","image_url":"http://commons.wikimedia.org/wiki/Special:FilePath/HASAG%20Wappen.jpg","source":"Викиданные","source_id":"Q13740850","license":"CC0 (Викиданные)","confidence":"ok"}},{"type":"Feature","id":"repressions:793edfe2b790","geometry":{"type":"Point","coordinates":[22.039765,52.617442]},"properties":{"uid":"repressions:793edfe2b790","layer":"repressions","layer_title":"Места репрессий и спецпоселений","group":"hardship","title":"Treblinka I","category":"концентрационный лагерь","date_precision":"unknown","date_approx":false,"url":"https://www.wikidata.org/wiki/Q15106709","image_url":"http://commons.wikimedia.org/wiki/Special:FilePath/Karny%20ob%C3%B3z%20pracy%20w%20Treblince%20widok%20og%C3%B3lny.jpg","source":"Викиданные","source_id":"Q15106709","license":"CC0 (Викиданные)","confidence":"ok"}},{"type":"Feature","id":"repressions:992f2f1a70f4","geometry":{"type":"Point","coordinates":[18.321722,50.358327]},"properties":{"uid":"repressions:992f2f1a70f4","layer":"repressions","layer_title":"Места репрессий и спецпоселений","group":"hardship","title":"Блеххаммер (концлагерь)","category":"концентрационный лагерь","date_precision":"unknown","date_approx":false,"url":"https://www.wikidata.org/wiki/Q15115948","image_url":"http://commons.wikimedia.org/wiki/Special:FilePath/Arbeitslager%20Blechhammer%20-%20brama%20wjazdowa.jpg","source":"Викиданные","source_id":"Q15115948","license":"CC0 (Викиданные)","confidence":"ok"}},{"type":"Feature","id":"repressions:5ba55a3382c7","geometry":{"type":"Point","coordinates":[42.861389,54.366667]},"properties":{"uid":"repressions:5ba55a3382c7","layer":"repressions","layer_title":"Места репрессий и спецпоселений","group":"hardship","title":"ФКУ ИK-14 УФСИН по Республике Мордовия","category":"тюрьма","place_text":"Мордовия","region":"Мордовия","date_precision":"unknown","date_approx":false,"url":"https://www.wikidata.org/wiki/Q15130586","source":"Викиданные","source_id":"Q15130586","license":"CC0 (Викиданные)","confidence":"ok"}},{"type":"Feature","id":"repressions:25b0b062f9c2","geometry":{"type":"Point","coordinates":[19.511805,51.800309]},"properties":{"uid":"repressions:25b0b062f9c2","layer":"repressions","layer_title":"Места репрессий и спецпоселений","group":"hardship","title":"Obóz na Sikawie w Łodzi","category":"трудовой лагерь","place_text":"Dolina Łódki","region":"Dolina Łódki","date_precision":"unknown","date_approx":false,"url":"https://www.wikidata.org/wiki/Q15783835","source":"Викиданные","source_id":"Q15783835","license":"CC0 (Викиданные)","confidence":"ok"}},{"type":"Feature","id":"repressions:f932a4e03cdf","geometry":{"type":"Point","coordinates":[19.178333,50.035833]},"properties":{"uid":"repressions:f932a4e03cdf","layer":"repressions","layer_title":"Места репрессий и спецпоселений","group":"hardship","title":"Семейный лагерь Терезиенштадт","category":"концентрационный лагерь","year_from":1943,"year_to":1944,"date_precision":"year","date_approx":false,"period_raw":"1943–1944","url":"https://www.wikidata.org/wiki/Q15850658","image_url":"http://commons.wikimedia.org/wiki/Special:FilePath/Birkenau%20BIIb%20003.JPG","source":"Викиданные","source_id":"Q15850658","license":"CC0 (Викиданные)","confidence":"ok"}},{"type":"Feature","id":"repressions:cafa0a4d5606","geometry":{"type":"Point","coordinates":[21.00556,56.55]},"properties":{"uid":"repressions:cafa0a4d5606","layer":"repressions","layer_title":"Места репрессий и спецпоселений","group":"hardship","title":"Лиепайский концентрационный лагерь","category":"концентрационный лагерь","place_text":"Лиепая","region":"Лиепая","date_precision":"unknown","date_approx":false,"url":"https://ru.wikipedia.org/wiki/%D0%9B%D0%B8%D0%B5%D0%BF%D0%B0%D0%B9%D1%81%D0%BA%D0%B8%D0%B9_%D0%BA%D0%BE%D0%BD%D1%86%D0%B5%D0%BD%D1%82%D1%80%D0%B0%D1%86%D0%B8%D0%BE%D0%BD%D0%BD%D1%8B%D0%B9_%D0%BB%D0%B0%D0%B3%D0%B5%D1%80%D1%8C","source":"Викиданные","source_id":"Q16362483","license":"CC0 (Викиданные)","confidence":"ok"}},{"type":"Feature","id":"repressions:8e64ebf8de21","geometry":{"type":"Point","coordinates":[43.999444,40.618889]},"properties":{"uid":"repressions:8e64ebf8de21","layer":"repressions","layer_title":"Места репрессий и спецпоселений","group":"hardship","title":"Արթիկ","category":"тюрьма","place_text":"Артик","region":"Артик","date_precision":"unknown","date_approx":false,"url":"https://www.wikidata.org/wiki/Q16370787","source":"Викиданные","source_id":"Q16370787","license":"CC0 (Викиданные)","confidence":"ok"}},{"type":"Feature","id":"repressions:b1451c96b375","geometry":{"type":"Point","coordinates":[18.2197,50.9738]},"properties":{"uid":"repressions:b1451c96b375","layer":"repressions","layer_title":"Места репрессий и спецпоселений","group":"hardship","title":"Zakład Karny w Kluczborku","category":"тюрьма","place_text":"Ключборк","region":"Ключборк","year_from":1976,"year_to":1976,"date_precision":"part","date_approx":true,"period_raw":"с 1976","url":"https://www.wikidata.org/wiki/Q16618730","image_url":"http://commons.wikimedia.org/wiki/Special:FilePath/Wi%C4%99zienie%20przy%20ul.%20Katowickiej%204%20%284%20wrze%C5%9Bnia%202013%29.jpg","source":"Викиданные","source_id":"Q16618730","license":"CC0 (Викиданные)","confidence":"ok"}},{"type":"Feature","id":"repressions:caafc412c501","geometry":{"type":"Point","coordinates":[18.731111,53.208889]},"properties":{"uid":"repressions:caafc412c501","layer":"repressions","layer_title":"Места репрессий и спецпоселений","group":"hardship","title":"Filia obozu Stutthof (KL) w Dźwierznie","category":"концентрационный лагерь","date_precision":"unknown","date_approx":false,"url":"https://www.wikidata.org/wiki/Q18424678","source":"Викиданные","source_id":"Q18424678","license":"CC0 (Викиданные)","confidence":"ok"}},{"type":"Feature","id":"repressions:6d8e26ac98fa","geometry":{"type":"Point","coordinates":[18.742778,53.245833]},"properties":{"uid":"repressions:6d8e26ac98fa","layer":"repressions","layer_title":"Места репрессий и спецпоселений","group":"hardship","title":"Filia obozu Stutthof (KL) w Bocieniu","category":"концентрационный лагерь","date_precision":"unknown","date_approx":false,"url":"https://www.wikidata.org/wiki/Q18424676","source":"Викиданные","source_id":"Q18424676","license":"CC0 (Викиданные)","confidence":"ok"}},{"type":"Feature","id":"repressions:16817de0bb37","geometry":{"type":"Point","coordinates":[18.69989,53.1652]},"properties":{"uid":"repressions:16817de0bb37","layer":"repressions","layer_title":"Места репрессий и спецпоселений","group":"hardship","title":"Filia obozu Stutthof (KL) w Grodnie","category":"концентрационный лагерь","date_precision":"unknown","date_approx":false,"url":"https://www.wikidata.org/wiki/Q18424680","source":"Викиданные","source_id":"Q18424680","license":"CC0 (Викиданные)","confidence":"ok"}},{"type":"Feature","id":"repressions:941a42e850e4","geometry":{"type":"Point","coordinates":[18.714167,53.245278]},"properties":{"uid":"repressions:941a42e850e4","layer":"repressions","layer_title":"Места репрессий и спецпоселений","group":"hardship","title":"Filia obozu Stutthof (KL) w Szerokopasie","category":"концентрационный лагерь","date_precision":"unknown","date_approx":false,"url":"https://www.wikidata.org/wiki/Q18424681","source":"Викиданные","source_id":"Q18424681","license":"CC0 (Викиданные)","confidence":"ok"}},{"type":"Feature","id":"repressions:5cab296c694c","geometry":{"type":"Point","coordinates":[26.695597,58.378053]},"properties":{"uid":"repressions:5cab296c694c","layer":"repressions","layer_title":"Места репрессий и спецпоселений","group":"hardship","title":"Tartu concentration camp","category":"концентрационный лагерь","date_precision":"unknown","date_approx":false,"url":"https://www.wikidata.org/wiki/Q18623484","source":"Викиданные","source_id":"Q18623484","license":"CC0 (Викиданные)","confidence":"ok"}},{"type":"Feature","id":"repressions:f5f93e25cabc","geometry":{"type":"Point","coordinates":[28.729565,60.714022]},"properties":{"uid":"repressions:f5f93e25cabc","layer":"repressions","layer_title":"Места репрессий и спецпоселений","group":"hardship","title":"Выборгская гауптвахта","category":"здание","place_text":"Выборг","region":"Выборг","year_from":1776,"year_to":1960,"date_precision":"part","date_approx":true,"period_raw":"с 1776","url":"https://ru.wikipedia.org/wiki/%D0%92%D1%8B%D0%B1%D0%BE%D1%80%D0%B3%D1%81%D0%BA%D0%B0%D1%8F_%D0%B3%D0%B0%D1%83%D0%BF%D1%82%D0%B2%D0%B0%D1%85%D1%82%D0%B0","image_url":"http://commons.wikimedia.org/wiki/Special:FilePath/%D0%92%D1%8B%D0%B1%D0%BE%D1%80%D0%B3.%20%D0%97%D0%B4%D0%B0%D0%BD%D0%B8%D0%B5%20%D0%B3%D0%B0%D1%80%D0%BD%D0%B8%D0%B7%D0%BE%D0%BD%D0%BD%D0%BE%D0%B9%20%D0%B3%D0%B0%D1%83%D0%BF%D1%82%D0%B2%D0%B0%D1%85%D1%82%D1%8B..JPG","source":"Викиданные","source_id":"Q18662857","license":"CC0 (Викиданные)","confidence":"ok"}},{"type":"Feature","id":"repressions:496de7035393","geometry":{"type":"Point","coordinates":[23.899821,54.914149]},"properties":{"uid":"repressions:496de7035393","layer":"repressions","layer_title":"Места репрессий и спецпоселений","group":"hardship","title":"Kauen concentration camp","category":"концентрационный лагерь","place_text":"Каунас","region":"Каунас","year_from":1943,"year_to":1944,"date_precision":"year","date_approx":false,"period_raw":"1943–1944","url":"https://www.wikidata.org/wiki/Q18669828","source":"Викиданные","source_id":"Q18669828","license":"CC0 (Викиданные)","confidence":"ok"}},{"type":"Feature","id":"repressions:039e4c1281dc","geometry":{"type":"Point","coordinates":[60.351667,54.97]},"properties":{"uid":"repressions:039e4c1281dc","layer":"repressions","layer_title":"Места репрессий и спецпоселений","group":"hardship","title":"Пугачёвский Висельщик","category":"памятник истории","place_text":"Чебаркуль","region":"Чебаркуль","date_precision":"unknown","date_approx":false,"url":"https://ru.wikipedia.org/wiki/%D0%9F%D1%83%D0%B3%D0%B0%D1%87%D1%91%D0%B2%D1%81%D0%BA%D0%B8%D0%B9_%D0%92%D0%B8%D1%81%D0%B5%D0%BB%D1%8C%D1%89%D0%B8%D0%BA_(%D0%A7%D0%B5%D0%B1%D0%B0%D1%80%D0%BA%D1%83%D0%BB%D1%8C)","source":"Викиданные","source_id":"Q19907325","license":"CC0 (Викиданные)","confidence":"ok"}},{"type":"Feature","id":"repressions:8fc5b23b8d81","geometry":{"type":"Point","coordinates":[30.379092,59.918906]},"properties":{"uid":"repressions:8fc5b23b8d81","layer":"repressions","layer_title":"Места репрессий и спецпоселений","group":"hardship","title":"Пересыльная тюрьма","category":"тюрьма","place_text":"Санкт-Петербург","region":"Санкт-Петербург","year_from":1890,"year_to":1960,"date_precision":"part","date_approx":true,"period_raw":"с 1890","url":"https://ru.wikipedia.org/wiki/%D0%9F%D0%B5%D1%80%D0%B5%D1%81%D1%8B%D0%BB%D1%8C%D0%BD%D0%B0%D1%8F_%D1%82%D1%8E%D1%80%D1%8C%D0%BC%D0%B0_(%D0%9F%D0%B5%D1%82%D0%B5%D1%80%D0%B1%D1%83%D1%80%D0%B3)","image_url":"http://commons.wikimedia.org/wiki/Special:FilePath/Spb%20Former%20prison%20at%20Monastyrka%20asv2019-09%20img2.jpg","source":"Викиданные","source_id":"Q19910635","license":"CC0 (Викиданные)","confidence":"ok"}},{"type":"Feature","id":"repressions:5fc03d528caa","geometry":{"type":"Point","coordinates":[19.03875,52.616333]},"properties":{"uid":"repressions:5fc03d528caa","layer":"repressions","layer_title":"Места репрессий и спецпоселений","group":"hardship","title":"Penitentiary in Włocławek","category":"тюрьма","place_text":"Влоцлавек","region":"Влоцлавек","date_precision":"unknown","date_approx":false,"url":"https://www.wikidata.org/wiki/Q20033136","source":"Викиданные","source_id":"Q20033136","license":"CC0 (Викиданные)","confidence":"ok"}},{"type":"Feature","id":"repressions:20d6d6e0e433","geometry":{"type":"Point","coordinates":[32.62756,46.63857]},"properties":{"uid":"repressions:20d6d6e0e433","layer":"repressions","layer_title":"Места репрессий и спецпоселений","group":"hardship","title":"Arsenal, Kherson","category":"тюрьма","place_text":"Херсон","region":"Херсон","year_from":1784,"year_to":1960,"date_precision":"part","date_approx":true,"period_raw":"с 1784","url":"https://www.wikidata.org/wiki/Q20095971","image_url":"http://commons.wikimedia.org/wiki/Special:FilePath/%D0%A5%D0%B5%D1%80%D1%81%D0%BE%D0%BD%20050.JPG","source":"Викиданные","source_id":"Q20095971","license":"CC0 (Викиданные)","confidence":"ok"}},{"type":"Feature","id":"repressions:72002ebad927","geometry":{"type":"Point","coordinates":[22.3725,55.743889]},"properties":{"uid":"repressions:72002ebad927","layer":"repressions","layer_title":"Места репрессий и спецпоселений","group":"hardship","title":"Varniai concentration camp","category":"концентрационный лагерь","place_text":"Варняй","region":"Варняй","year_from":1927,"year_to":1931,"date_precision":"year","date_approx":false,"period_raw":"1927–1931","url":"https://www.wikidata.org/wiki/Q20504426","image_url":"http://commons.wikimedia.org/wiki/Special:FilePath/Varni%C5%B3%20muziejus3.JPG","source":"Викиданные","source_id":"Q20504426","license":"CC0 (Викиданные)","confidence":"ok"}},{"type":"Feature","id":"repressions:4c953a51dc5b","geometry":{"type":"Point","coordinates":[58.270154,38.385014]},"properties":{"uid":"repressions:4c953a51dc5b","layer":"repressions","layer_title":"Места репрессий и спецпоселений","group":"hardship","title":"Овадан-Депе","category":"тюрьма","place_text":"Ахалский велаят","region":"Ахалский велаят","year_from":2002,"year_to":2002,"date_precision":"part","date_approx":true,"period_raw":"с 2002","url":"https://ru.wikipedia.org/wiki/%D0%9E%D0%B2%D0%B0%D0%B4%D0%B0%D0%BD-%D0%94%D0%B5%D0%BF%D0%B5_(%D1%82%D1%8E%D1%80%D1%8C%D0%BC%D0%B0)","source":"Викиданные","source_id":"Q21655425","license":"CC0 (Викиданные)","confidence":"ok"}},{"type":"Feature","id":"repressions:5f1d4733c79f","geometry":{"type":"Point","coordinates":[22.2,49.566667]},"properties":{"uid":"repressions:5f1d4733c79f","layer":"repressions","layer_title":"Места репрессий и спецпоселений","group":"hardship","title":"Investigator custody in Sanok","category":"следственный изолятор во Франции","place_text":"Санок","region":"Санок","year_from":1958,"year_to":1960,"date_precision":"part","date_approx":true,"period_raw":"с 1958","url":"https://www.wikidata.org/wiki/Q22695585","image_url":"http://commons.wikimedia.org/wiki/Special:FilePath/Areszt%20%C5%9Aledczy%20Sanok%2C%20Investigator%20custody%20in%20Sanok%20%282015%29b.jpg","source":"Викиданные","source_id":"Q22695585","license":"CC0 (Викиданные)","confidence":"ok"}},{"type":"Feature","id":"repressions:5c00574b707b","geometry":{"type":"Point","coordinates":[25.266389,54.676389]},"properties":{"uid":"repressions:5c00574b707b","layer":"repressions","layer_title":"Места репрессий и спецпоселений","group":"hardship","title":"Kailis forced labor camp","category":"трудовой лагерь","place_text":"Вильнюс","region":"Вильнюс","date_precision":"unknown","date_approx":false,"url":"https://www.wikidata.org/wiki/Q23019315","image_url":"http://commons.wikimedia.org/wiki/Special:FilePath/Elektrit%20Vilnius%20Szeptyckiego%202001%20a.jpg","source":"Викиданные","source_id":"Q23019315","license":"CC0 (Викиданные)","confidence":"ok"}},{"type":"Feature","id":"repressions:4cd530422e7a","geometry":{"type":"Point","coordinates":[18.6,53.016667]},"properties":{"uid":"repressions:4cd530422e7a","layer":"repressions","layer_title":"Места репрессий и спецпоселений","group":"hardship","title":"Prison in Toruń","category":"следственный изолятор во Франции","place_text":"Торунь","region":"Торунь","year_from":1853,"year_to":1960,"date_precision":"part","date_approx":true,"period_raw":"с 1853","url":"https://www.wikidata.org/wiki/Q23046955","image_url":"http://commons.wikimedia.org/wiki/Special:FilePath/Toru%C5%84%20District%20Court%202009-1.jpg","source":"Викиданные","source_id":"Q23046955","license":"CC0 (Викиданные)","confidence":"ok"}},{"type":"Feature","id":"repressions:efe47914a795","geometry":{"type":"Point","coordinates":[20.992777,50.008572]},"properties":{"uid":"repressions:efe47914a795","layer":"repressions","layer_title":"Места репрессий и спецпоселений","group":"hardship","title":"Zakład Karny w Tarnowie","category":"тюрьма","place_text":"Тарнув","region":"Тарнув","year_from":1926,"year_to":1960,"date_precision":"part","date_approx":true,"period_raw":"с 1926","url":"https://www.wikidata.org/wiki/Q24945834","source":"Викиданные","source_id":"Q24945834","license":"CC0 (Викиданные)","confidence":"ok"}},{"type":"Feature","id":"repressions:31953430fbb5","geometry":{"type":"Point","coordinates":[19.499417,51.788939]},"properties":{"uid":"repressions:31953430fbb5","layer":"repressions","layer_title":"Места репрессий и спецпоселений","group":"hardship","title":"Areszt Śledczy w Łodzi","category":"следственный изолятор во Франции","place_text":"Лодзь","region":"Лодзь","year_from":1964,"year_to":1964,"date_precision":"part","date_approx":true,"period_raw":"с 1964","url":"https://www.wikidata.org/wiki/Q24947147","source":"Викиданные","source_id":"Q24947147","license":"CC0 (Викиданные)","confidence":"ok"}},{"type":"Feature","id":"repressions:6ef92f02d7cd","geometry":{"type":"Point","coordinates":[25.29889,54.67469]},"properties":{"uid":"repressions:6ef92f02d7cd","layer":"repressions","layer_title":"Места репрессий и спецпоселений","group":"hardship","title":"Vilnius correctional home","category":"тюрьма","place_text":"Вильнюс","region":"Вильнюс","date_precision":"unknown","date_approx":false,"url":"https://www.wikidata.org/wiki/Q25494864","source":"Викиданные","source_id":"Q25494864","license":"CC0 (Викиданные)","confidence":"ok"}},{"type":"Feature","id":"repressions:1021771c8244","geometry":{"type":"Point","coordinates":[64.413945,39.779208]},"properties":{"uid":"repressions:1021771c8244","layer":"repressions","layer_title":"Места репрессий и спецпоселений","group":"hardship","title":"Бухарский зиндан","category":"памятник архитектуры","place_text":"Бухара","region":"Бухара","date_precision":"unknown","date_approx":false,"url":"https://ru.wikipedia.org/wiki/%D0%91%D1%83%D1%85%D0%B0%D1%80%D1%81%D0%BA%D0%B8%D0%B9_%D0%B7%D0%B8%D0%BD%D0%B4%D0%B0%D0%BD","image_url":"http://commons.wikimedia.org/wiki/Special:FilePath/Zindon%20Prison%20%288145368631%29.jpg","source":"Викиданные","source_id":"Q25531805","license":"CC0 (Викиданные)","confidence":"ok"}},{"type":"Feature","id":"repressions:e4a76a3b1dca","geometry":{"type":"Point","coordinates":[18.258611,50.354722]},"properties":{"uid":"repressions:e4a76a3b1dca","layer":"repressions","layer_title":"Места репрессий и спецпоселений","group":"hardship","title":"Labor camp Blechhammer","category":"нацистский концлагерь","place_text":"Кендзежин-Козле","region":"Кендзежин-Козле","date_precision":"unknown","date_approx":false,"url":"https://www.wikidata.org/wiki/Q26212260","source":"Викиданные","source_id":"Q26212260","license":"CC0 (Викиданные)","confidence":"ok"}},{"type":"Feature","id":"repressions:986a1b85b85d","geometry":{"type":"Point","coordinates":[42.886389,54.2675]},"properties":{"uid":"repressions:986a1b85b85d","layer":"repressions","layer_title":"Места репрессий и спецпоселений","group":"hardship","title":"Мордовская зона","category":"исправительная колония","place_text":"Сосновка","region":"Сосновка","year_from":1931,"year_to":1960,"date_precision":"part","date_approx":true,"period_raw":"с 1931","url":"https://ru.wikipedia.org/wiki/%D0%9C%D0%BE%D1%80%D0%B4%D0%BE%D0%B2%D1%81%D0%BA%D0%B0%D1%8F_%D0%B7%D0%BE%D0%BD%D0%B0","source":"Викиданные","source_id":"Q28667417","license":"CC0 (Викиданные)","confidence":"ok"}},{"type":"Feature","id":"repressions:7a353197fe7c","geometry":{"type":"Point","coordinates":[19.149999,50.0167]},"properties":{"uid":"repressions:7a353197fe7c","layer":"repressions","layer_title":"Места репрессий и спецпоселений","group":"hardship","title":"Хармензе (концлагерь)","category":"концентрационный лагерь","date_precision":"unknown","date_approx":false,"url":"https://www.wikidata.org/wiki/Q29054136","source":"Викиданные","source_id":"Q29054136","license":"CC0 (Викиданные)","confidence":"ok"}},{"type":"Feature","id":"repressions:5411f61f8823","geometry":{"type":"Point","coordinates":[30.4367,54.4797]},"properties":{"uid":"repressions:5411f61f8823","layer":"repressions","layer_title":"Места репрессий и спецпоселений","group":"hardship","title":"Магілёўская шаша","category":"место массового убийства","place_text":"Бабиничский сельсовет","region":"Бабиничский сельсовет","date_precision":"unknown","date_approx":false,"url":"https://www.wikidata.org/wiki/Q29388719","source":"Викиданные","source_id":"Q29388719","license":"CC0 (Викиданные)","confidence":"ok"}},{"type":"Feature","id":"repressions:3ea126e88dee","geometry":{"type":"Point","coordinates":[18.637973,49.747549]},"properties":{"uid":"repressions:3ea126e88dee","layer":"repressions","layer_title":"Места репрессий и спецпоселений","group":"hardship","title":"Prison in Cieszyn","category":"тюрьма","place_text":"Цешин","region":"Цешин","year_from":1896,"year_to":1960,"date_precision":"part","date_approx":true,"period_raw":"с 1896","url":"https://www.wikidata.org/wiki/Q30060357","source":"Викиданные","source_id":"Q30060357","license":"CC0 (Викиданные)","confidence":"ok"}},{"type":"Feature","id":"repressions:b405a4c2dcbd","geometry":{"type":"Point","coordinates":[19.012972,50.256133]},"properties":{"uid":"repressions:b405a4c2dcbd","layer":"repressions","layer_title":"Места репрессий и спецпоселений","group":"hardship","title":"Detention center in Katowice","category":"тюрьма","place_text":"Катовице","region":"Катовице","year_from":1900,"year_to":1960,"date_precision":"part","date_approx":true,"period_raw":"с 1900","url":"https://www.wikidata.org/wiki/Q30063821","image_url":"http://commons.wikimedia.org/wiki/Special:FilePath/Katowice%20Mikolowska%20areszt.jpg","source":"Викиданные","source_id":"Q30063821","license":"CC0 (Викиданные)","confidence":"ok"}},{"type":"Feature","id":"repressions:54a1963826ea","geometry":{"type":"Point","coordinates":[22.942625,50.373861]},"properties":{"uid":"repressions:54a1963826ea","layer":"repressions","layer_title":"Места репрессий и спецпоселений","group":"hardship","title":"D. areszt","category":"следственный изолятор во Франции","place_text":"Лукова","region":"Лукова","year_from":1905,"year_to":1960,"date_precision":"part","date_approx":true,"period_raw":"с 1905","url":"https://www.wikidata.org/wiki/Q30098277","image_url":"http://commons.wikimedia.org/wiki/Special:FilePath/%C5%81ukowa%20Budynek.jpg","source":"Викиданные","source_id":"Q30098277","license":"CC0 (Викиданные)","confidence":"ok"}},{"type":"Feature","id":"repressions:f7a07dcc0514","geometry":{"type":"Point","coordinates":[27.816667,48.766667]},"properties":{"uid":"repressions:f7a07dcc0514","layer":"repressions","layer_title":"Места репрессий и спецпоселений","group":"hardship","title":"Hrinovca concentration camp","category":"концентрационный лагерь","date_precision":"unknown","date_approx":false,"url":"https://www.wikidata.org/wiki/Q45537004","source":"Викиданные","source_id":"Q45537004","license":"CC0 (Викиданные)","confidence":"ok"}},{"type":"Feature","id":"repressions:b714556871df","geometry":{"type":"Point","coordinates":[27.821944,48.761111]},"properties":{"uid":"repressions:b714556871df","layer":"repressions","layer_title":"Места репрессий и спецпоселений","group":"hardship","title":"Gorai concentration camp","category":"концентрационный лагерь","date_precision":"unknown","date_approx":false,"url":"https://www.wikidata.org/wiki/Q45537081","source":"Викиданные","source_id":"Q45537081","license":"CC0 (Викиданные)","confidence":"ok"}},{"type":"Feature","id":"repressions:235bd4350e9c","geometry":{"type":"Point","coordinates":[27.822889,47.721778]},"properties":{"uid":"repressions:235bd4350e9c","layer":"repressions","layer_title":"Места репрессий и спецпоселений","group":"hardship","title":"Bălți-Rauțel concentration camp","category":"концентрационный лагерь","date_precision":"unknown","date_approx":false,"url":"https://www.wikidata.org/wiki/Q45537156","source":"Викиданные","source_id":"Q45537156","license":"CC0 (Викиданные)","confidence":"ok"}},{"type":"Feature","id":"repressions:c239396e7d7e","geometry":{"type":"Point","coordinates":[27.856861,48.775306]},"properties":{"uid":"repressions:c239396e7d7e","layer":"repressions","layer_title":"Места репрессий и спецпоселений","group":"hardship","title":"Stepanchi concentration camp","category":"концентрационный лагерь","date_precision":"unknown","date_approx":false,"url":"https://www.wikidata.org/wiki/Q45537227","source":"Викиданные","source_id":"Q45537227","license":"CC0 (Викиданные)","confidence":"ok"}},{"type":"Feature","id":"repressions:c83d596b8f15","geometry":{"type":"Point","coordinates":[27.890556,48.402222]},"properties":{"uid":"repressions:c83d596b8f15","layer":"repressions","layer_title":"Места репрессий и спецпоселений","group":"hardship","title":"Braniţa-Moghilev concentration camp","category":"концентрационный лагерь","date_precision":"unknown","date_approx":false,"url":"https://www.wikidata.org/wiki/Q45537302","source":"Викиданные","source_id":"Q45537302","license":"CC0 (Викиданные)","confidence":"ok"}},{"type":"Feature","id":"repressions:00c20d60cc28","geometry":{"type":"Point","coordinates":[27.896111,48.503889]},"properties":{"uid":"repressions:00c20d60cc28","layer":"repressions","layer_title":"Места репрессий и спецпоселений","group":"hardship","title":"Scazineţ concentration camp","category":"концентрационный лагерь","date_precision":"unknown","date_approx":false,"url":"https://www.wikidata.org/wiki/Q45537380","source":"Викиданные","source_id":"Q45537380","license":"CC0 (Викиданные)","confidence":"ok"}},{"type":"Feature","id":"repressions:9bea245819b8","geometry":{"type":"Point","coordinates":[27.899778,48.821778]},"properties":{"uid":"repressions:9bea245819b8","layer":"repressions","layer_title":"Места репрессий и спецпоселений","group":"hardship","title":"Carişcov concentration camp","category":"концентрационный лагерь","date_precision":"unknown","date_approx":false,"url":"https://www.wikidata.org/wiki/Q45537457","source":"Викиданные","source_id":"Q45537457","license":"CC0 (Викиданные)","confidence":"ok"}},{"type":"Feature","id":"repressions:883eda1fd6cc","geometry":{"type":"Point","coordinates":[27.9,48.866667]},"properties":{"uid":"repressions:883eda1fd6cc","layer":"repressions","layer_title":"Места репрессий и спецпоселений","group":"hardship","title":"Grabivţi concentration camp","category":"концентрационный лагерь","date_precision":"unknown","date_approx":false,"url":"https://www.wikidata.org/wiki/Q45537531","source":"Викиданные","source_id":"Q45537531","license":"CC0 (Викиданные)","confidence":"ok"}},{"type":"Feature","id":"repressions:9639d220a205","geometry":{"type":"Point","coordinates":[27.9374,59.3456]},"properties":{"uid":"repressions:9639d220a205","layer":"repressions","layer_title":"Места репрессий и спецпоселений","group":"hardship","title":"Auvere concentration camp","category":"концентрационный лагерь","date_precision":"unknown","date_approx":false,"url":"https://www.wikidata.org/wiki/Q45537603","source":"Викиданные","source_id":"Q45537603","license":"CC0 (Викиданные)","confidence":"ok"}},{"type":"Feature","id":"repressions:bf44734d6848","geometry":{"type":"Point","coordinates":[27.944583,48.901861]},"properties":{"uid":"repressions:bf44734d6848","layer":"repressions","layer_title":"Места репрессий и спецпоселений","group":"hardship","title":"Caţmazov concentration camp","category":"концентрационный лагерь","date_precision":"unknown","date_approx":false,"url":"https://www.wikidata.org/wiki/Q45537677","source":"Викиданные","source_id":"Q45537677","license":"CC0 (Викиданные)","confidence":"ok"}},{"type":"Feature","id":"repressions:5d17ad1cb5b2","geometry":{"type":"Point","coordinates":[27.950278,48.71]},"properties":{"uid":"repressions:5d17ad1cb5b2","layer":"repressions","layer_title":"Места репрессий и спецпоселений","group":"hardship","title":"Conotcăuti concentration camp","category":"концентрационный лагерь","date_precision":"unknown","date_approx":false,"url":"https://www.wikidata.org/wiki/Q45537749","source":"Викиданные","source_id":"Q45537749","license":"CC0 (Викиданные)","confidence":"ok"}},{"type":"Feature","id":"repressions:29b3dadc70d4","geometry":{"type":"Point","coordinates":[28.010611,48.674972]},"properties":{"uid":"repressions:29b3dadc70d4","layer":"repressions","layer_title":"Места репрессий и спецпоселений","group":"hardship","title":"Lozova concentration camp","category":"концентрационный лагерь","date_precision":"unknown","date_approx":false,"url":"https://www.wikidata.org/wiki/Q45537826","source":"Викиданные","source_id":"Q45537826","license":"CC0 (Викиданные)","confidence":"ok"}},{"type":"Feature","id":"repressions:ab0c61879cee","geometry":{"type":"Point","coordinates":[28.043694,48.330333]},"properties":{"uid":"repressions:ab0c61879cee","layer":"repressions","layer_title":"Места репрессий и спецпоселений","group":"hardship","title":"Iaruga concentration camp","category":"концентрационный лагерь","date_precision":"unknown","date_approx":false,"url":"https://www.wikidata.org/wiki/Q45537975","source":"Викиданные","source_id":"Q45537975","license":"CC0 (Викиданные)","confidence":"ok"}},{"type":"Feature","id":"repressions:2902651775b9","geometry":{"type":"Point","coordinates":[28.104194,48.971833]},"properties":{"uid":"repressions:2902651775b9","layer":"repressions","layer_title":"Места репрессий и спецпоселений","group":"hardship","title":"Stanislavcic concentration camp","category":"концентрационный лагерь","date_precision":"unknown","date_approx":false,"url":"https://www.wikidata.org/wiki/Q45538048","source":"Викиданные","source_id":"Q45538048","license":"CC0 (Викиданные)","confidence":"ok"}},{"type":"Feature","id":"repressions:c97abe7fc083","geometry":{"type":"Point","coordinates":[28.1075,48.542778]},"properties":{"uid":"repressions:c97abe7fc083","layer":"repressions","layer_title":"Места репрессий и спецпоселений","group":"hardship","title":"Cernoviţi concentration camp","category":"концентрационный лагерь","date_precision":"unknown","date_approx":false,"url":"https://www.wikidata.org/wiki/Q45538120","source":"Викиданные","source_id":"Q45538120","license":"CC0 (Викиданные)","confidence":"ok"}},{"type":"Feature","id":"repressions:788201b0e74d","geometry":{"type":"Point","coordinates":[28.121,49.037]},"properties":{"uid":"repressions:788201b0e74d","layer":"repressions","layer_title":"Места репрессий и спецпоселений","group":"hardship","title":"Şmerinca concentration camp","category":"концентрационный лагерь","date_precision":"unknown","date_approx":false,"url":"https://www.wikidata.org/wiki/Q45538194","source":"Викиданные","source_id":"Q45538194","license":"CC0 (Викиданные)","confidence":"ok"}},{"type":"Feature","id":"repressions:c158b6ec8f30","geometry":{"type":"Point","coordinates":[28.135278,48.850556]},"properties":{"uid":"repressions:c158b6ec8f30","layer":"repressions","layer_title":"Места репрессий и спецпоселений","group":"hardship","title":"Capusterna concentration camp","category":"концентрационный лагерь","date_precision":"unknown","date_approx":false,"url":"https://www.wikidata.org/wiki/Q45538269","source":"Викиданные","source_id":"Q45538269","license":"CC0 (Викиданные)","confidence":"ok"}},{"type":"Feature","id":"repressions:fe44a663ae1b","geometry":{"type":"Point","coordinates":[28.250667,47.883889]},"properties":{"uid":"repressions:fe44a663ae1b","layer":"repressions","layer_title":"Места репрессий и спецпоселений","group":"hardship","title":"Mărculești concentration camp","category":"концентрационный лагерь","date_precision":"unknown","date_approx":false,"url":"https://www.wikidata.org/wiki/Q45538352","source":"Викиданные","source_id":"Q45538352","license":"CC0 (Викиданные)","confidence":"ok"}},{"type":"Feature","id":"repressions:bd3a862b1792","geometry":{"type":"Point","coordinates":[28.2525,46.860278]},"properties":{"uid":"repressions:bd3a862b1792","layer":"repressions","layer_title":"Места репрессий и спецпоселений","group":"hardship","title":"Oneștii-Noi concentration camp","category":"концентрационный лагерь","date_precision":"unknown","date_approx":false,"url":"https://www.wikidata.org/wiki/Q45538427","source":"Викиданные","source_id":"Q45538427","license":"CC0 (Викиданные)","confidence":"ok"}},{"type":"Feature","id":"repressions:52dede4f4718","geometry":{"type":"Point","coordinates":[28.280833,48.225417]},"properties":{"uid":"repressions:52dede4f4718","layer":"repressions","layer_title":"Места репрессий и спецпоселений","group":"hardship","title":"Cosăuți concentration camp","category":"концентрационный лагерь","date_precision":"unknown","date_approx":false,"url":"https://www.wikidata.org/wiki/Q45538501","source":"Викиданные","source_id":"Q45538501","license":"CC0 (Викиданные)","confidence":"ok"}},{"type":"Feature","id":"repressions:3855b53ad564","geometry":{"type":"Point","coordinates":[28.289,48.678]},"properties":{"uid":"repressions:3855b53ad564","layer":"repressions","layer_title":"Места репрессий и спецпоселений","group":"hardship","title":"Djurin concentration camp","category":"концентрационный лагерь","date_precision":"unknown","date_approx":false,"url":"https://www.wikidata.org/wiki/Q45538575","source":"Викиданные","source_id":"Q45538575","license":"CC0 (Викиданные)","confidence":"ok"}},{"type":"Feature","id":"repressions:283ce5db07f0","geometry":{"type":"Point","coordinates":[28.293917,48.807944]},"properties":{"uid":"repressions:283ce5db07f0","layer":"repressions","layer_title":"Места репрессий и спецпоселений","group":"hardship","title":"Milhailovca concentration camp","category":"концентрационный лагерь","date_precision":"unknown","date_approx":false,"url":"https://www.wikidata.org/wiki/Q45538651","source":"Викиданные","source_id":"Q45538651","license":"CC0 (Викиданные)","confidence":"ok"}},{"type":"Feature","id":"repressions:53f658358d56","geometry":{"type":"Point","coordinates":[28.3,48.166667]},"properties":{"uid":"repressions:53f658358d56","layer":"repressions","layer_title":"Места репрессий и спецпоселений","group":"hardship","title":"Soroca concentration camp","category":"концентрационный лагерь","date_precision":"unknown","date_approx":false,"url":"https://www.wikidata.org/wiki/Q45538726","source":"Викиданные","source_id":"Q45538726","license":"CC0 (Викиданные)","confidence":"ok"}},{"type":"Feature","id":"repressions:030b2338b67c","geometry":{"type":"Point","coordinates":[28.33,48.76]},"properties":{"uid":"repressions:030b2338b67c","layer":"repressions","layer_title":"Места репрессий и спецпоселений","group":"hardship","title":"Derebcin concentration camp","category":"концентрационный лагерь","date_precision":"unknown","date_approx":false,"url":"https://www.wikidata.org/wiki/Q45538803","source":"Викиданные","source_id":"Q45538803","license":"CC0 (Викиданные)","confidence":"ok"}},{"type":"Feature","id":"repressions:b9082513df90","geometry":{"type":"Point","coordinates":[28.534722,48.030833]},"properties":{"uid":"repressions:b9082513df90","layer":"repressions","layer_title":"Места репрессий и спецпоселений","group":"hardship","title":"Târgul Vertujeni concentration camp","category":"концентрационный лагерь","date_precision":"unknown","date_approx":false,"url":"https://www.wikidata.org/wiki/Q45538879","source":"Викиданные","source_id":"Q45538879","license":"CC0 (Викиданные)","confidence":"ok"}},{"type":"Feature","id":"repressions:86b38fd1fd59","geometry":{"type":"Point","coordinates":[28.695611,48.373139]},"properties":{"uid":"repressions:86b38fd1fd59","layer":"repressions","layer_title":"Места репрессий и спецпоселений","group":"hardship","title":"Miascovca concentration camp","category":"концентрационный лагерь","date_precision":"unknown","date_approx":false,"url":"https://www.wikidata.org/wiki/Q45538955","source":"Викиданные","source_id":"Q45538955","license":"CC0 (Викиданные)","confidence":"ok"}},{"type":"Feature","id":"repressions:b2b627bdff19","geometry":{"type":"Point","coordinates":[28.849722,48.674444]},"properties":{"uid":"repressions:b2b627bdff19","layer":"repressions","layer_title":"Места репрессий и спецпоселений","group":"hardship","title":"Tulcin concentration camp","category":"концентрационный лагерь","date_precision":"unknown","date_approx":false,"url":"https://www.wikidata.org/wiki/Q45539033","source":"Викиданные","source_id":"Q45539033","license":"CC0 (Викиданные)","confidence":"ok"}},{"type":"Feature","id":"repressions:64b5f2e77bc4","geometry":{"type":"Point","coordinates":[28.861611,48.691361]},"properties":{"uid":"repressions:64b5f2e77bc4","layer":"repressions","layer_title":"Места репрессий и спецпоселений","group":"hardship","title":"Nestervarca concentration camp","category":"концентрационный лагерь","date_precision":"unknown","date_approx":false,"url":"https://www.wikidata.org/wiki/Q45539110","source":"Викиданные","source_id":"Q45539110","license":"CC0 (Викиданные)","confidence":"ok"}},{"type":"Feature","id":"repressions:75bb788e44ff","geometry":{"type":"Point","coordinates":[28.8625,48.384167]},"properties":{"uid":"repressions:75bb788e44ff","layer":"repressions","layer_title":"Места репрессий и спецпоселений","group":"hardship","title":"Crijopol concentration camp","category":"концентрационный лагерь","date_precision":"unknown","date_approx":false,"url":"https://www.wikidata.org/wiki/Q45539183","source":"Викиданные","source_id":"Q45539183","license":"CC0 (Викиданные)","confidence":"ok"}},{"type":"Feature","id":"repressions:d31ce1573012","geometry":{"type":"Point","coordinates":[29.0305,48.524778]},"properties":{"uid":"repressions:d31ce1573012","layer":"repressions","layer_title":"Места репрессий и спецпоселений","group":"hardship","title":"Capustiani concentration camp","category":"концентрационный лагерь","date_precision":"unknown","date_approx":false,"url":"https://www.wikidata.org/wiki/Q45539257","source":"Викиданные","source_id":"Q45539257","license":"CC0 (Викиданные)","confidence":"ok"}},{"type":"Feature","id":"repressions:f6a3319d1e8c","geometry":{"type":"Point","coordinates":[29.113333,48.386944]},"properties":{"uid":"repressions:f6a3319d1e8c","layer":"repressions","layer_title":"Места репрессий и спецпоселений","group":"hardship","title":"Ţibulovca concentration camp","category":"концентрационный лагерь","date_precision":"unknown","date_approx":false,"url":"https://www.wikidata.org/wiki/Q45539336","source":"Викиданные","source_id":"Q45539336","license":"CC0 (Викиданные)","confidence":"ok"}},{"type":"Feature","id":"repressions:333e5131b442","geometry":{"type":"Point","coordinates":[29.149972,46.183306]},"properties":{"uid":"repressions:333e5131b442","layer":"repressions","layer_title":"Места репрессий и спецпоселений","group":"hardship","title":"Tarutino concentration camp","category":"концентрационный лагерь","date_precision":"unknown","date_approx":false,"url":"https://www.wikidata.org/wiki/Q45539408","source":"Викиданные","source_id":"Q45539408","license":"CC0 (Викиданные)","confidence":"ok"}},{"type":"Feature","id":"repressions:35d8dd9bafac","geometry":{"type":"Point","coordinates":[29.153583,48.45425]},"properties":{"uid":"repressions:35d8dd9bafac","layer":"repressions","layer_title":"Места репрессий и спецпоселений","group":"hardship","title":"Verhovca concentration camp","category":"концентрационный лагерь","date_precision":"unknown","date_approx":false,"url":"https://www.wikidata.org/wiki/Q45539483","source":"Викиданные","source_id":"Q45539483","license":"CC0 (Викиданные)","confidence":"ok"}},{"type":"Feature","id":"repressions:9e55ebea1028","geometry":{"type":"Point","coordinates":[29.16,47.262]},"properties":{"uid":"repressions:9e55ebea1028","layer":"repressions","layer_title":"Места репрессий и спецпоселений","group":"hardship","title":"Dubăsari concentration camp","category":"концентрационный лагерь","date_precision":"unknown","date_approx":false,"url":"https://www.wikidata.org/wiki/Q45539555","source":"Викиданные","source_id":"Q45539555","license":"CC0 (Викиданные)","confidence":"ok"}},{"type":"Feature","id":"repressions:deadb81dd0ba","geometry":{"type":"Point","coordinates":[29.227778,48.512778]},"properties":{"uid":"repressions:deadb81dd0ba","layer":"repressions","layer_title":"Места репрессий и спецпоселений","group":"hardship","title":"Trostineţ concentration camp","category":"концентрационный лагерь","date_precision":"unknown","date_approx":false,"url":"https://www.wikidata.org/wiki/Q45539627","source":"Викиданные","source_id":"Q45539627","license":"CC0 (Викиданные)","confidence":"ok"}},{"type":"Feature","id":"repressions:7cbd6dc94f14","geometry":{"type":"Point","coordinates":[29.228889,48.614444]},"properties":{"uid":"repressions:7cbd6dc94f14","layer":"repressions","layer_title":"Места репрессий и спецпоселений","group":"hardship","title":"Oleaniţa concentration camp","category":"концентрационный лагерь","date_precision":"unknown","date_approx":false,"url":"https://www.wikidata.org/wiki/Q45539704","source":"Викиданные","source_id":"Q45539704","license":"CC0 (Викиданные)","confidence":"ok"}},{"type":"Feature","id":"repressions:a6f039dfbc38","geometry":{"type":"Point","coordinates":[29.234611,48.3065]},"properties":{"uid":"repressions:a6f039dfbc38","layer":"repressions","layer_title":"Места репрессий и спецпоселений","group":"hardship","title":"Bondurovca concentration camp","category":"концентрационный лагерь","date_precision":"unknown","date_approx":false,"url":"https://www.wikidata.org/wiki/Q45539777","source":"Викиданные","source_id":"Q45539777","license":"CC0 (Викиданные)","confidence":"ok"}},{"type":"Feature","id":"repressions:fc71609a6002","geometry":{"type":"Point","coordinates":[29.236667,48.685]},"properties":{"uid":"repressions:fc71609a6002","layer":"repressions","layer_title":"Места репрессий и спецпоселений","group":"hardship","title":"Ladijin concentration camp","category":"концентрационный лагерь","date_precision":"unknown","date_approx":false,"url":"https://www.wikidata.org/wiki/Q45539850","source":"Викиданные","source_id":"Q45539850","license":"CC0 (Викиданные)","confidence":"ok"}},{"type":"Feature","id":"repressions:2c026701eafc","geometry":{"type":"Point","coordinates":[29.240111,48.406389]},"properties":{"uid":"repressions:2c026701eafc","layer":"repressions","layer_title":"Места репрессий и спецпоселений","group":"hardship","title":"Molocnea concentration camp","category":"концентрационный лагерь","date_precision":"unknown","date_approx":false,"url":"https://www.wikidata.org/wiki/Q45539923","source":"Викиданные","source_id":"Q45539923","license":"CC0 (Викиданные)","confidence":"ok"}},{"type":"Feature","id":"repressions:fccbeb7b00a9","geometry":{"type":"Point","coordinates":[29.2475,48.405]},"properties":{"uid":"repressions:fccbeb7b00a9","layer":"repressions","layer_title":"Места репрессий и спецпоселений","group":"hardship","title":"Obodovca concentration camp","category":"концентрационный лагерь","date_precision":"unknown","date_approx":false,"url":"https://www.wikidata.org/wiki/Q45539999","source":"Викиданные","source_id":"Q45539999","license":"CC0 (Викиданные)","confidence":"ok"}},{"type":"Feature","id":"repressions:a68cf519922c","geometry":{"type":"Point","coordinates":[29.266667,48.05]},"properties":{"uid":"repressions:a68cf519922c","layer":"repressions","layer_title":"Места репрессий и спецпоселений","group":"hardship","title":"Budi concentration camp","category":"концентрационный лагерь","date_precision":"unknown","date_approx":false,"url":"https://www.wikidata.org/wiki/Q45540073","source":"Викиданные","source_id":"Q45540073","license":"CC0 (Викиданные)","confidence":"ok"}},{"type":"Feature","id":"repressions:3574f7bdc432","geometry":{"type":"Point","coordinates":[29.282556,48.5895]},"properties":{"uid":"repressions:3574f7bdc432","layer":"repressions","layer_title":"Места репрессий и спецпоселений","group":"hardship","title":"Cetvertinovca concentration camp","category":"концентрационный лагерь","date_precision":"unknown","date_approx":false,"url":"https://www.wikidata.org/wiki/Q45540147","source":"Викиданные","source_id":"Q45540147","license":"CC0 (Викиданные)","confidence":"ok"}},{"type":"Feature","id":"repressions:151966c56bf0","geometry":{"type":"Point","coordinates":[29.319,48.518]},"properties":{"uid":"repressions:151966c56bf0","layer":"repressions","layer_title":"Места репрессий и спецпоселений","group":"hardship","title":"Gordievca concentration camp","category":"концентрационный лагерь","date_precision":"unknown","date_approx":false,"url":"https://www.wikidata.org/wiki/Q45540223","source":"Викиданные","source_id":"Q45540223","license":"CC0 (Викиданные)","confidence":"ok"}},{"type":"Feature","id":"repressions:cdca4604188d","geometry":{"type":"Point","coordinates":[29.4,48.4]},"properties":{"uid":"repressions:cdca4604188d","layer":"repressions","layer_title":"Места репрессий и спецпоселений","group":"hardship","title":"Balanovca concentration camp","category":"концентрационный лагерь","date_precision":"unknown","date_approx":false,"url":"https://www.wikidata.org/wiki/Q45540299","source":"Викиданные","source_id":"Q45540299","license":"CC0 (Викиданные)","confidence":"ok"}},{"type":"Feature","id":"repressions:71f68c7a4c3e","geometry":{"type":"Point","coordinates":[29.489694,48.485667]},"properties":{"uid":"repressions:71f68c7a4c3e","layer":"repressions","layer_title":"Места репрессий и спецпоселений","group":"hardship","title":"Sumovca concentration camp","category":"концентрационный лагерь","date_precision":"unknown","date_approx":false,"url":"https://www.wikidata.org/wiki/Q45540377","source":"Викиданные","source_id":"Q45540377","license":"CC0 (Викиданные)","confidence":"ok"}},{"type":"Feature","id":"repressions:b4b9afe45414","geometry":{"type":"Point","coordinates":[29.5325,48.372778]},"properties":{"uid":"repressions:b4b9afe45414","layer":"repressions","layer_title":"Места репрессий и спецпоселений","group":"hardship","title":"Berşad concentration camp","category":"концентрационный лагерь","date_precision":"unknown","date_approx":false,"url":"https://www.wikidata.org/wiki/Q45540451","source":"Викиданные","source_id":"Q45540451","license":"CC0 (Викиданные)","confidence":"ok"}},{"type":"Feature","id":"repressions:8563a5e43c40","geometry":{"type":"Point","coordinates":[29.533333,47.75]},"properties":{"uid":"repressions:8563a5e43c40","layer":"repressions","layer_title":"Места репрессий и спецпоселений","group":"hardship","title":"Birzula concentration camp","category":"концентрационный лагерь","date_precision":"unknown","date_approx":false,"url":"https://www.wikidata.org/wiki/Q45540526","source":"Викиданные","source_id":"Q45540526","license":"CC0 (Викиданные)","confidence":"ok"}},{"type":"Feature","id":"repressions:65113b9fd76c","geometry":{"type":"Point","coordinates":[29.538806,48.422528]},"properties":{"uid":"repressions:65113b9fd76c","layer":"repressions","layer_title":"Места репрессий и спецпоселений","group":"hardship","title":"Voitovca concentration camp","category":"концентрационный лагерь","date_precision":"unknown","date_approx":false,"url":"https://www.wikidata.org/wiki/Q45540602","source":"Викиданные","source_id":"Q45540602","license":"CC0 (Викиданные)","confidence":"ok"}},{"type":"Feature","id":"repressions:d0d2d50a80bd","geometry":{"type":"Point","coordinates":[29.58,48.48]},"properties":{"uid":"repressions:d0d2d50a80bd","layer":"repressions","layer_title":"Места репрессий и спецпоселений","group":"hardship","title":"Cruşinovca concentration camp","category":"концентрационный лагерь","date_precision":"unknown","date_approx":false,"url":"https://www.wikidata.org/wiki/Q45540677","source":"Викиданные","source_id":"Q45540677","license":"CC0 (Викиданные)","confidence":"ok"}},{"type":"Feature","id":"repressions:17d791ec968e","geometry":{"type":"Point","coordinates":[29.614583,45.839111]},"properties":{"uid":"repressions:17d791ec968e","layer":"repressions","layer_title":"Места репрессий и спецпоселений","group":"hardship","title":"Tătăreşti concentration camp","category":"концентрационный лагерь","date_precision":"unknown","date_approx":false,"url":"https://www.wikidata.org/wiki/Q45540751","source":"Викиданные","source_id":"Q45540751","license":"CC0 (Викиданные)","confidence":"ok"}},{"type":"Feature","id":"repressions:e608ead64661","geometry":{"type":"Point","coordinates":[29.616667,47.933333]},"properties":{"uid":"repressions:e608ead64661","layer":"repressions","layer_title":"Места репрессий и спецпоселений","group":"hardship","title":"Balta concentration camp","category":"концентрационный лагерь","date_precision":"unknown","date_approx":false,"url":"https://www.wikidata.org/wiki/Q45540826","source":"Викиданные","source_id":"Q45540826","license":"CC0 (Викиданные)","confidence":"ok"}},{"type":"Feature","id":"repressions:29df9345276c","geometry":{"type":"Point","coordinates":[29.626694,48.491]},"properties":{"uid":"repressions:29df9345276c","layer":"repressions","layer_title":"Места репрессий и спецпоселений","group":"hardship","title":"Manicovca concentration camp","category":"концентрационный лагерь","date_precision":"unknown","date_approx":false,"url":"https://www.wikidata.org/wiki/Q45540901","source":"Викиданные","source_id":"Q45540901","license":"CC0 (Викиданные)","confidence":"ok"}},{"type":"Feature","id":"repressions:a7a5722f112a","geometry":{"type":"Point","coordinates":[29.674083,48.37975]},"properties":{"uid":"repressions:a7a5722f112a","layer":"repressions","layer_title":"Места репрессий и спецпоселений","group":"hardship","title":"Ustia concentration camp","category":"концентрационный лагерь","date_precision":"unknown","date_approx":false,"url":"https://www.wikidata.org/wiki/Q45540974","source":"Викиданные","source_id":"Q45540974","license":"CC0 (Викиданные)","confidence":"ok"}},{"type":"Feature","id":"repressions:5a10db45c0dd","geometry":{"type":"Point","coordinates":[29.680083,48.477361]},"properties":{"uid":"repressions:5a10db45c0dd","layer":"repressions","layer_title":"Места репрессий и спецпоселений","group":"hardship","title":"Şumilovca concentration camp","category":"концентрационный лагерь","date_precision":"unknown","date_approx":false,"url":"https://www.wikidata.org/wiki/Q45541047","source":"Викиданные","source_id":"Q45541047","license":"CC0 (Викиданные)","confidence":"ok"}},{"type":"Feature","id":"repressions:95a523343340","geometry":{"type":"Point","coordinates":[29.733611,48.331444]},"properties":{"uid":"repressions:95a523343340","layer":"repressions","layer_title":"Места репрессий и спецпоселений","group":"hardship","title":"Osievca concentration camp","category":"концентрационный лагерь","date_precision":"unknown","date_approx":false,"url":"https://www.wikidata.org/wiki/Q45541123","source":"Викиданные","source_id":"Q45541123","license":"CC0 (Викиданные)","confidence":"ok"}},{"type":"Feature","id":"repressions:515c4c030929","geometry":{"type":"Point","coordinates":[29.851972,47.077]},"properties":{"uid":"repressions:515c4c030929","layer":"repressions","layer_title":"Места репрессий и спецпоселений","group":"hardship","title":"Grosulovo concentration camp","category":"концентрационный лагерь","date_precision":"unknown","date_approx":false,"url":"https://www.wikidata.org/wiki/Q45541199","source":"Викиданные","source_id":"Q45541199","license":"CC0 (Викиданные)","confidence":"ok"}},{"type":"Feature","id":"repressions:bb38c641c66c","geometry":{"type":"Point","coordinates":[29.990667,47.714861]},"properties":{"uid":"repressions:bb38c641c66c","layer":"repressions","layer_title":"Места репрессий и спецпоселений","group":"hardship","title":"Ananiev concentration camp","category":"концентрационный лагерь","date_precision":"unknown","date_approx":false,"url":"https://www.wikidata.org/wiki/Q45541272","source":"Викиданные","source_id":"Q45541272","license":"CC0 (Викиданные)","confidence":"ok"}},{"type":"Feature","id":"repressions:36a97739d3f7","geometry":{"type":"Point","coordinates":[30.08,47.88]},"properties":{"uid":"repressions:36a97739d3f7","layer":"repressions","layer_title":"Места репрессий и спецпоселений","group":"hardship","title":"Grozdovca concentration camp","category":"концентрационный лагерь","date_precision":"unknown","date_approx":false,"url":"https://www.wikidata.org/wiki/Q45541346","source":"Викиданные","source_id":"Q45541346","license":"CC0 (Викиданные)","confidence":"ok"}},{"type":"Feature","id":"repressions:0d0d575e7956","geometry":{"type":"Point","coordinates":[30.088111,47.892167]},"properties":{"uid":"repressions:0d0d575e7956","layer":"repressions","layer_title":"Места репрессий и спецпоселений","group":"hardship","title":"Vazdovca concentration camp","category":"концентрационный лагерь","date_precision":"unknown","date_approx":false,"url":"https://www.wikidata.org/wiki/Q45541418","source":"Викиданные","source_id":"Q45541418","license":"CC0 (Викиданные)","confidence":"ok"}},{"type":"Feature","id":"repressions:7aaafe8c4857","geometry":{"type":"Point","coordinates":[30.183333,47.9]},"properties":{"uid":"repressions:7aaafe8c4857","layer":"repressions","layer_title":"Места репрессий и спецпоселений","group":"hardship","title":"Bobric concentration camp","category":"концентрационный лагерь","date_precision":"unknown","date_approx":false,"url":"https://www.wikidata.org/wiki/Q45541495","source":"Викиданные","source_id":"Q45541495","license":"CC0 (Викиданные)","confidence":"ok"}},{"type":"Feature","id":"repressions:5621239c8b87","geometry":{"type":"Point","coordinates":[30.257472,47.833139]},"properties":{"uid":"repressions:5621239c8b87","layer":"repressions","layer_title":"Места репрессий и спецпоселений","group":"hardship","title":"Liubaşevca concentration camp","category":"концентрационный лагерь","date_precision":"unknown","date_approx":false,"url":"https://www.wikidata.org/wiki/Q45541569","source":"Викиданные","source_id":"Q45541569","license":"CC0 (Викиданные)","confidence":"ok"}},{"type":"Feature","id":"repressions:0a4ce0076dd0","geometry":{"type":"Point","coordinates":[30.325556,48.137778]},"properties":{"uid":"repressions:0a4ce0076dd0","layer":"repressions","layer_title":"Места репрессий и спецпоселений","group":"hardship","title":"Crasneanca concentration camp","category":"концентрационный лагерь","date_precision":"unknown","date_approx":false,"url":"https://www.wikidata.org/wiki/Q45541644","source":"Викиданные","source_id":"Q45541644","license":"CC0 (Викиданные)","confidence":"ok"}},{"type":"Feature","id":"repressions:883ab4078a9b","geometry":{"type":"Point","coordinates":[30.340972,47.943056]},"properties":{"uid":"repressions:883ab4078a9b","layer":"repressions","layer_title":"Места репрессий и спецпоселений","group":"hardship","title":"Crivoe-Ozero concentration camp","category":"концентрационный лагерь","date_precision":"unknown","date_approx":false,"url":"https://www.wikidata.org/wiki/Q45541725","source":"Викиданные","source_id":"Q45541725","license":"CC0 (Викиданные)","confidence":"ok"}},{"type":"Feature","id":"repressions:114004070c0d","geometry":{"type":"Point","coordinates":[30.397778,46.613611]},"properties":{"uid":"repressions:114004070c0d","layer":"repressions","layer_title":"Места репрессий и спецпоселений","group":"hardship","title":"Vigoda concentration camp","category":"концентрационный лагерь","date_precision":"unknown","date_approx":false,"url":"https://www.wikidata.org/wiki/Q45541797","source":"Викиданные","source_id":"Q45541797","license":"CC0 (Викиданные)","confidence":"ok"}},{"type":"Feature","id":"repressions:55b7ef7f58c3","geometry":{"type":"Point","coordinates":[30.733333,46.466667]},"properties":{"uid":"repressions:55b7ef7f58c3","layer":"repressions","layer_title":"Места репрессий и спецпоселений","group":"hardship","title":"Lusdorf concentration camp","category":"концентрационный лагерь","date_precision":"unknown","date_approx":false,"url":"https://www.wikidata.org/wiki/Q45541873","source":"Викиданные","source_id":"Q45541873","license":"CC0 (Викиданные)","confidence":"ok"}},{"type":"Feature","id":"repressions:5e61e4621763","geometry":{"type":"Point","coordinates":[30.738139,47.720417]},"properties":{"uid":"repressions:5e61e4621763","layer":"repressions","layer_title":"Места репрессий и спецпоселений","group":"hardship","title":"Zahariovca concentration camp","category":"концентрационный лагерь","date_precision":"unknown","date_approx":false,"url":"https://www.wikidata.org/wiki/Q45541949","source":"Викиданные","source_id":"Q45541949","license":"CC0 (Викиданные)","confidence":"ok"}},{"type":"Feature","id":"repressions:b430f72b46d7","geometry":{"type":"Point","coordinates":[30.771583,47.227222]},"properties":{"uid":"repressions:b430f72b46d7","layer":"repressions","layer_title":"Места репрессий и спецпоселений","group":"hardship","title":"Bernandovca concentration camp","category":"концентрационный лагерь","date_precision":"unknown","date_approx":false,"url":"https://www.wikidata.org/wiki/Q45542029","source":"Викиданные","source_id":"Q45542029","license":"CC0 (Викиданные)","confidence":"ok"}},{"type":"Feature","id":"repressions:1f300c1446f4","geometry":{"type":"Point","coordinates":[30.859222,48.043611]},"properties":{"uid":"repressions:1f300c1446f4","layer":"repressions","layer_title":"Места репрессий и спецпоселений","group":"hardship","title":"Golta concentration camp","category":"концентрационный лагерь","date_precision":"unknown","date_approx":false,"url":"https://www.wikidata.org/wiki/Q45542103","source":"Викиданные","source_id":"Q45542103","license":"CC0 (Викиданные)","confidence":"ok"}},{"type":"Feature","id":"repressions:493b060104f8","geometry":{"type":"Point","coordinates":[30.877222,47.682778]},"properties":{"uid":"repressions:493b060104f8","layer":"repressions","layer_title":"Места репрессий и спецпоселений","group":"hardship","title":"Alexandrodar concentration camp","category":"концентрационный лагерь","date_precision":"unknown","date_approx":false,"url":"https://www.wikidata.org/wiki/Q45542178","source":"Викиданные","source_id":"Q45542178","license":"CC0 (Викиданные)","confidence":"ok"}},{"type":"Feature","id":"repressions:486e256f00ea","geometry":{"type":"Point","coordinates":[30.97825,47.071083]},"properties":{"uid":"repressions:486e256f00ea","layer":"repressions","layer_title":"Места репрессий и спецпоселений","group":"hardship","title":"Hulievca concentration camp","category":"концентрационный лагерь","date_precision":"unknown","date_approx":false,"url":"https://www.wikidata.org/wiki/Q45542252","source":"Викиданные","source_id":"Q45542252","license":"CC0 (Викиданные)","confidence":"ok"}},{"type":"Feature","id":"repressions:e9336b6cb39a","geometry":{"type":"Point","coordinates":[30.988333,47.417222]},"properties":{"uid":"repressions:e9336b6cb39a","layer":"repressions","layer_title":"Места репрессий и спецпоселений","group":"hardship","title":"Mostovoi concentration camp","category":"концентрационный лагерь","date_precision":"unknown","date_approx":false,"url":"https://www.wikidata.org/wiki/Q45542325","source":"Викиданные","source_id":"Q45542325","license":"CC0 (Викиданные)","confidence":"ok"}},{"type":"Feature","id":"repressions:103cd465a363","geometry":{"type":"Point","coordinates":[30.988333,47.417222]},"properties":{"uid":"repressions:103cd465a363","layer":"repressions","layer_title":"Места репрессий и спецпоселений","group":"hardship","title":"Suha Verba concentration camp","category":"концентрационный лагерь","date_precision":"unknown","date_approx":false,"url":"https://www.wikidata.org/wiki/Q45542400","source":"Викиданные","source_id":"Q45542400","license":"CC0 (Викиданные)","confidence":"ok"}},{"type":"Feature","id":"repressions:c09f122b51c4","geometry":{"type":"Point","coordinates":[30.989639,47.629222]},"properties":{"uid":"repressions:c09f122b51c4","layer":"repressions","layer_title":"Места репрессий и спецпоселений","group":"hardship","title":"Domanovca concentration camp","category":"концентрационный лагерь","date_precision":"unknown","date_approx":false,"url":"https://www.wikidata.org/wiki/Q45542470","source":"Викиданные","source_id":"Q45542470","license":"CC0 (Викиданные)","confidence":"ok"}},{"type":"Feature","id":"repressions:183580141ea6","geometry":{"type":"Point","coordinates":[31.01,47.503056]},"properties":{"uid":"repressions:183580141ea6","layer":"repressions","layer_title":"Места репрессий и спецпоселений","group":"hardship","title":"Suha Balca concentration camp","category":"концентрационный лагерь","date_precision":"unknown","date_approx":false,"url":"https://www.wikidata.org/wiki/Q45542545","source":"Викиданные","source_id":"Q45542545","license":"CC0 (Викиданные)","confidence":"ok"}},{"type":"Feature","id":"repressions:b250fee2428b","geometry":{"type":"Point","coordinates":[31.142806,47.5405]},"properties":{"uid":"repressions:b250fee2428b","layer":"repressions","layer_title":"Места репрессий и спецпоселений","group":"hardship","title":"Moldavca concentration camp","category":"концентрационный лагерь","date_precision":"unknown","date_approx":false,"url":"https://www.wikidata.org/wiki/Q45542618","source":"Викиданные","source_id":"Q45542618","license":"CC0 (Викиданные)","confidence":"ok"}},{"type":"Feature","id":"repressions:91e5c19ae202","geometry":{"type":"Point","coordinates":[31.852222,47.006944]},"properties":{"uid":"repressions:91e5c19ae202","layer":"repressions","layer_title":"Места репрессий и спецпоселений","group":"hardship","title":"Slivina concentration camp","category":"концентрационный лагерь","date_precision":"unknown","date_approx":false,"url":"https://www.wikidata.org/wiki/Q45542694","source":"Викиданные","source_id":"Q45542694","license":"CC0 (Викиданные)","confidence":"ok"}},{"type":"Feature","id":"repressions:b657c2905388","geometry":{"type":"Point","coordinates":[30.917222,47.200556]},"properties":{"uid":"repressions:b657c2905388","layer":"repressions","layer_title":"Места репрессий и спецпоселений","group":"hardship","title":"Berezovca concentration camp","category":"концентрационный лагерь","date_precision":"unknown","date_approx":false,"url":"https://www.wikidata.org/wiki/Q45543593","source":"Викиданные","source_id":"Q45543593","license":"CC0 (Викиданные)","confidence":"ok"}},{"type":"Feature","id":"repressions:aef6348ec310","geometry":{"type":"Point","coordinates":[18.5964,54.3782]},"properties":{"uid":"repressions:aef6348ec310","layer":"repressions","layer_title":"Места репрессий и спецпоселений","group":"hardship","title":"Danzig-Betonfabrik concentration camp","category":"концентрационный лагерь","date_precision":"unknown","date_approx":false,"url":"https://www.wikidata.org/wiki/Q45544286","source":"Викиданные","source_id":"Q45544286","license":"CC0 (Викиданные)","confidence":"ok"}},{"type":"Feature","id":"repressions:17396682e4ce","geometry":{"type":"Point","coordinates":[18.6466,54.352]},"properties":{"uid":"repressions:17396682e4ce","layer":"repressions","layer_title":"Места репрессий и спецпоселений","group":"hardship","title":"Danzig-Schulemann concentration camp","category":"концентрационный лагерь","date_precision":"unknown","date_approx":false,"url":"https://www.wikidata.org/wiki/Q45544362","source":"Викиданные","source_id":"Q45544362","license":"CC0 (Викиданные)","confidence":"ok"}},{"type":"Feature","id":"repressions:4b16d71f99ca","geometry":{"type":"Point","coordinates":[19.4045,54.1561]},"properties":{"uid":"repressions:4b16d71f99ca","layer":"repressions","layer_title":"Места репрессий и спецпоселений","group":"hardship","title":"Elbing (Schichau Werke) concentration camp","category":"концентрационный лагерь","date_precision":"unknown","date_approx":false,"url":"https://www.wikidata.org/wiki/Q45544663","source":"Викиданные","source_id":"Q45544663","license":"CC0 (Викиданные)","confidence":"ok"}},{"type":"Feature","id":"repressions:1a1681d8a127","geometry":{"type":"Point","coordinates":[24.075,56.9911]},"properties":{"uid":"repressions:1a1681d8a127","layer":"repressions","layer_title":"Места репрессий и спецпоселений","group":"hardship","title":"Концентрационный лагерь Рижского армейского автопарка","category":"концентрационный лагерь","place_text":"Рига","region":"Рига","date_precision":"unknown","date_approx":false,"url":"https://www.wikidata.org/wiki/Q45545111","source":"Викиданные","source_id":"Q45545111","license":"CC0 (Викиданные)","confidence":"ok"}},{"type":"Feature","id":"repressions:4f5c60b82561","geometry":{"type":"Point","coordinates":[19.9868,50.0446]},"properties":{"uid":"repressions:4f5c60b82561","layer":"repressions","layer_title":"Места репрессий и спецпоселений","group":"hardship","title":"Kabelwerk Krakau concentration camp","category":"концентрационный лагерь","date_precision":"unknown","date_approx":false,"url":"https://www.wikidata.org/wiki/Q45545712","source":"Викиданные","source_id":"Q45545712","license":"CC0 (Викиданные)","confidence":"ok"}},{"type":"Feature","id":"repressions:283c5170f5ce","geometry":{"type":"Point","coordinates":[30.987761,54.257076]},"properties":{"uid":"repressions:283c5170f5ce","layer":"repressions","layer_title":"Места репрессий и спецпоселений","group":"hardship","title":"Исправительная колония № 9","category":"исправительная колония","place_text":"Горки","region":"Горки","date_precision":"unknown","date_approx":false,"url":"https://www.wikidata.org/wiki/Q47508012","source":"Викиданные","source_id":"Q47508012","license":"CC0 (Викиданные)","confidence":"ok"}},{"type":"Feature","id":"repressions:36c8378604fc","geometry":{"type":"Point","coordinates":[18.5984,53.0138]},"properties":{"uid":"repressions:36c8378604fc","layer":"repressions","layer_title":"Места репрессий и спецпоселений","group":"hardship","title":"Thorn-Winkenau (AEG) concentration camp","category":"концентрационный лагерь","date_precision":"unknown","date_approx":false,"url":"https://www.wikidata.org/wiki/Q47515131","source":"Викиданные","source_id":"Q47515131","license":"CC0 (Викиданные)","confidence":"ok"}},{"type":"Feature","id":"repressions:b08d9760e7bb","geometry":{"type":"Point","coordinates":[18.6,53.0333]},"properties":{"uid":"repressions:b08d9760e7bb","layer":"repressions","layer_title":"Места репрессий и спецпоселений","group":"hardship","title":"Thorn (OT) concentration camp","category":"концентрационный лагерь","date_precision":"unknown","date_approx":false,"url":"https://www.wikidata.org/wiki/Q47515135","source":"Викиданные","source_id":"Q47515135","license":"CC0 (Викиданные)","confidence":"ok"}},{"type":"Feature","id":"repressions:b1cfa16d7c53","geometry":{"type":"Point","coordinates":[22.517805,52.211694]},"properties":{"uid":"repressions:b1cfa16d7c53","layer":"repressions","layer_title":"Места репрессий и спецпоселений","group":"hardship","title":"Mordy concentration camp","category":"концентрационный лагерь","date_precision":"unknown","date_approx":false,"url":"https://www.wikidata.org/wiki/Q47515132","source":"Викиданные","source_id":"Q47515132","license":"CC0 (Викиданные)","confidence":"ok"}},{"type":"Feature","id":"repressions:88d950ae21e3","geometry":{"type":"Point","coordinates":[24.1049,56.9465]},"properties":{"uid":"repressions:88d950ae21e3","layer":"repressions","layer_title":"Места репрессий и спецпоселений","group":"hardship","title":"Рига (военно-хозяйственный лагерь)","category":"концентрационный лагерь","place_text":"Рига","region":"Рига","date_precision":"unknown","date_approx":false,"url":"https://www.wikidata.org/wiki/Q47515147","source":"Викиданные","source_id":"Q47515147","license":"CC0 (Викиданные)","confidence":"ok"}},{"type":"Feature","id":"repressions:bc7b1859ad79","geometry":{"type":"Point","coordinates":[20.0667,49.9833]},"properties":{"uid":"repressions:bc7b1859ad79","layer":"repressions","layer_title":"Места репрессий и спецпоселений","group":"hardship","title":"Wieliczka concentration camp","category":"концентрационный лагерь","date_precision":"unknown","date_approx":false,"url":"https://www.wikidata.org/wiki/Q47515151","source":"Викиданные","source_id":"Q47515151","license":"CC0 (Викиданные)","confidence":"ok"}},{"type":"Feature","id":"repressions:d34d6050ab85","geometry":{"type":"Point","coordinates":[25.15,50.083333]},"properties":{"uid":"repressions:d34d6050ab85","layer":"repressions","layer_title":"Места репрессий и спецпоселений","group":"hardship","title":"Brody concentration camp","category":"концентрационный лагерь","date_precision":"unknown","date_approx":false,"url":"https://www.wikidata.org/wiki/Q47515155","source":"Викиданные","source_id":"Q47515155","license":"CC0 (Викиданные)","confidence":"ok"}},{"type":"Feature","id":"repressions:09f67ca5e500","geometry":{"type":"Point","coordinates":[18.6466,54.352]},"properties":{"uid":"repressions:09f67ca5e500","layer":"repressions","layer_title":"Места репрессий и спецпоселений","group":"hardship","title":"Danzig-Oliva (Reitschule) concentration camp","category":"концентрационный лагерь","date_precision":"unknown","date_approx":false,"url":"https://www.wikidata.org/wiki/Q47515156","source":"Викиданные","source_id":"Q47515156","license":"CC0 (Викиданные)","confidence":"ok"}},{"type":"Feature","id":"repressions:ed60a4e61264","geometry":{"type":"Point","coordinates":[25.316666,54.683333]},"properties":{"uid":"repressions:ed60a4e61264","layer":"repressions","layer_title":"Места репрессий и спецпоселений","group":"hardship","title":"Wilna concentration camp","category":"концентрационный лагерь","date_precision":"unknown","date_approx":false,"url":"https://www.wikidata.org/wiki/Q47515161","source":"Викиданные","source_id":"Q47515161","license":"CC0 (Викиданные)","confidence":"ok"}},{"type":"Feature","id":"repressions:cc791d9e3e55","geometry":{"type":"Point","coordinates":[20.1833,49.9667]},"properties":{"uid":"repressions:cc791d9e3e55","layer":"repressions","layer_title":"Места репрессий и спецпоселений","group":"hardship","title":"Zablocie concentration camp","category":"концентрационный лагерь","date_precision":"unknown","date_approx":false,"url":"https://www.wikidata.org/wiki/Q47515166","source":"Викиданные","source_id":"Q47515166","license":"CC0 (Викиданные)","confidence":"ok"}},{"type":"Feature","id":"repressions:2f2e4fdfb744","geometry":{"type":"Point","coordinates":[18.6667,50.283298]},"properties":{"uid":"repressions:2f2e4fdfb744","layer":"repressions","layer_title":"Места репрессий и спецпоселений","group":"hardship","title":"Гляйвиц I","category":"концентрационный лагерь","date_precision":"unknown","date_approx":false,"url":"https://www.wikidata.org/wiki/Q47515165","source":"Викиданные","source_id":"Q47515165","license":"CC0 (Викиданные)","confidence":"ok"}},{"type":"Feature","id":"repressions:5366df018457","geometry":{"type":"Point","coordinates":[20.5333,53.45]},"properties":{"uid":"repressions:5366df018457","layer":"repressions","layer_title":"Места репрессий и спецпоселений","group":"hardship","title":"Adlershorst concentration camp","category":"концентрационный лагерь","date_precision":"unknown","date_approx":false,"url":"https://www.wikidata.org/wiki/Q47515169","source":"Викиданные","source_id":"Q47515169","license":"CC0 (Викиданные)","confidence":"ok"}},{"type":"Feature","id":"repressions:afdae5de4c08","geometry":{"type":"Point","coordinates":[23.105802,53.577625]},"properties":{"uid":"repressions:afdae5de4c08","layer":"repressions","layer_title":"Места репрессий и спецпоселений","group":"hardship","title":"Suchowola concentration camp","category":"концентрационный лагерь","date_precision":"unknown","date_approx":false,"url":"https://www.wikidata.org/wiki/Q47515176","source":"Викиданные","source_id":"Q47515176","license":"CC0 (Викиданные)","confidence":"ok"}},{"type":"Feature","id":"repressions:12e3806e1d14","geometry":{"type":"Point","coordinates":[22.0,50.05]},"properties":{"uid":"repressions:12e3806e1d14","layer":"repressions","layer_title":"Места репрессий и спецпоселений","group":"hardship","title":"Reichshof concentration camp","category":"концентрационный лагерь","date_precision":"unknown","date_approx":false,"url":"https://www.wikidata.org/wiki/Q47515181","source":"Викиданные","source_id":"Q47515181","license":"CC0 (Викиданные)","confidence":"ok"}},{"type":"Feature","id":"repressions:d6adbb08ecd8","geometry":{"type":"Point","coordinates":[20.990556,52.246389]},"properties":{"uid":"repressions:d6adbb08ecd8","layer":"repressions","layer_title":"Места репрессий и спецпоселений","group":"hardship","title":"Павяк","category":"тюрьма","place_text":"Варшава","region":"Варшава","year_from":1835,"year_to":1960,"date_precision":"part","date_approx":true,"period_raw":"с 1835","url":"https://ru.wikipedia.org/wiki/%D0%9F%D0%B0%D0%B2%D1%8F%D0%BA","image_url":"http://commons.wikimedia.org/wiki/Special:FilePath/Wi%C4%99zienie%20Pawiak%20w%20latach%2020.jpg","source":"Викиданные","source_id":"Q116366","license":"CC0 (Викиданные)","confidence":"ok"}},{"type":"Feature","id":"repressions:e9ba70dcefaa","geometry":{"type":"Point","coordinates":[20.978939,52.244639]},"properties":{"uid":"repressions:e9ba70dcefaa","layer":"repressions","layer_title":"Места репрессий и спецпоселений","group":"hardship","title":"Генсиувка","category":"тюрьма","place_text":"Варшава","region":"Варшава","date_precision":"unknown","date_approx":false,"url":"https://ru.wikipedia.org/wiki/%D0%93%D0%B5%D0%BD%D1%81%D1%8E%D0%B2%D0%BA%D0%B0","image_url":"http://commons.wikimedia.org/wiki/Special:FilePath/G%C4%99siowka%20Prison%20in%20Warsaw%20%281944%29.jpg","source":"Викиданные","source_id":"Q116761","license":"CC0 (Викиданные)","confidence":"ok"}},{"type":"Feature","id":"repressions:473dbbf9ce26","geometry":{"type":"Point","coordinates":[22.9979,51.1333]},"properties":{"uid":"repressions:473dbbf9ce26","layer":"repressions","layer_title":"Места репрессий и спецпоселений","group":"hardship","title":"концлагерь Травники","category":"концентрационный лагерь","place_text":"Травники","region":"Травники","date_precision":"unknown","date_approx":false,"url":"https://ru.wikipedia.org/wiki/%D0%A2%D1%80%D0%B0%D0%B2%D0%BD%D0%B8%D0%BA%D0%B8","image_url":"http://commons.wikimedia.org/wiki/Special:FilePath/Askaris%20im%20Warschauer%20Getto%20-%201943.jpg","source":"Викиданные","source_id":"Q153598","license":"CC0 (Викиданные)","confidence":"ok"}},{"type":"Feature","id":"repressions:34dd256c5769","geometry":{"type":"Point","coordinates":[23.4575,50.371667]},"properties":{"uid":"repressions:34dd256c5769","layer":"repressions","layer_title":"Места репрессий и спецпоселений","group":"hardship","title":"Белжец","category":"концентрационный лагерь","year_from":1942,"year_to":1960,"date_precision":"part","date_approx":true,"period_raw":"с 1942","url":"https://ru.wikipedia.org/wiki/%D0%91%D0%B5%D0%BB%D0%B6%D0%B5%D1%86","image_url":"http://commons.wikimedia.org/wiki/Special:FilePath/Belzec%20lubelskie%20oboz%20zaglady%20brama%20wejsciowa.JPG","source":"Викиданные","source_id":"Q160143","license":"CC0 (Викиданные)","confidence":"ok"}},{"type":"Feature","id":"repressions:1213a2b75c05","geometry":{"type":"Point","coordinates":[18.723056,52.153889]},"properties":{"uid":"repressions:1213a2b75c05","layer":"repressions","layer_title":"Места репрессий и спецпоселений","group":"hardship","title":"Хелмно","category":"концентрационный лагерь","place_text":"Хелмно-на-Нере","region":"Хелмно-на-Нере","year_from":1941,"year_to":1960,"date_precision":"part","date_approx":true,"period_raw":"с 1941","url":"https://ru.wikipedia.org/wiki/%D0%A5%D0%B5%D0%BB%D0%BC%D0%BD%D0%BE_(%D0%BB%D0%B0%D0%B3%D0%B5%D1%80%D1%8C_%D1%81%D0%BC%D0%B5%D1%80%D1%82%D0%B8)","image_url":"http://commons.wikimedia.org/wiki/Special:FilePath/Che%C5%82mno%20-%20Pomnik%2002.JPG","source":"Викиданные","source_id":"Q160152","license":"CC0 (Викиданные)","confidence":"ok"}},{"type":"Feature","id":"repressions:f542a1ae79f8","geometry":{"type":"Point","coordinates":[36.065324,52.979294]},"properties":{"uid":"repressions:f542a1ae79f8","layer":"repressions","layer_title":"Места репрессий и спецпоселений","group":"hardship","title":"Орловский централ","category":"следственный изолятор","place_text":"Орёл","region":"Орёл","year_from":1840,"year_to":1960,"date_precision":"part","date_approx":true,"period_raw":"с 1840","url":"https://ru.wikipedia.org/wiki/%D0%9E%D1%80%D0%BB%D0%BE%D0%B2%D1%81%D0%BA%D0%B8%D0%B9_%D1%86%D0%B5%D0%BD%D1%82%D1%80%D0%B0%D0%BB","image_url":"http://commons.wikimedia.org/wiki/Special:FilePath/Orel%20Tsentral-Prison%20in%20old.jpg","source":"Викиданные","source_id":"Q190595","license":"CC0 (Викиданные)","confidence":"ok"}},{"type":"Feature","id":"repressions:a0202e55daeb","geometry":{"type":"Point","coordinates":[19.173333,50.0375]},"properties":{"uid":"repressions:a0202e55daeb","layer":"repressions","layer_title":"Места репрессий и спецпоселений","group":"hardship","title":"Zigeunerlager Auschwitz","category":"лагерь смерти нацистской Германии","year_from":1943,"year_to":1944,"date_precision":"year","date_approx":false,"period_raw":"1943–1944","url":"https://www.wikidata.org/wiki/Q199395","source":"Викиданные","source_id":"Q199395","license":"CC0 (Викиданные)","confidence":"ok"}},{"type":"Feature","id":"repressions:a771963df1d2","geometry":{"type":"Point","coordinates":[19.475556,51.793333]},"properties":{"uid":"repressions:a771963df1d2","layer":"repressions","layer_title":"Места репрессий и спецпоселений","group":"hardship","title":"Лодзинский детский концлагерь","category":"Youth concentration camp","place_text":"Лодзь","region":"Лодзь","date_precision":"unknown","date_approx":false,"url":"https://ru.wikipedia.org/wiki/%D0%9B%D0%BE%D0%B4%D0%B7%D0%B8%D0%BD%D1%81%D0%BA%D0%B8%D0%B9_%D0%B4%D0%B5%D1%82%D1%81%D0%BA%D0%B8%D0%B9_%D0%BA%D0%BE%D0%BD%D1%86%D0%BB%D0%B0%D0%B3%D0%B5%D1%80%D1%8C","image_url":"http://commons.wikimedia.org/wiki/Special:FilePath/Kinder%20Kz.jpg","source":"Викиданные","source_id":"Q202428","license":"CC0 (Викиданные)","confidence":"ok"}},{"type":"Feature","id":"repressions:ad7ca8e0b67b","geometry":{"type":"Point","coordinates":[35.257778,51.692222]},"properties":{"uid":"repressions:ad7ca8e0b67b","layer":"repressions","layer_title":"Места репрессий и спецпоселений","group":"hardship","title":"Льговская колония","category":"тюрьма","place_text":"Льгов","region":"Льгов","date_precision":"unknown","date_approx":false,"url":"https://www.wikidata.org/wiki/Q250266","source":"Викиданные","source_id":"Q250266","license":"CC0 (Викиданные)","confidence":"ok"}},{"type":"Feature","id":"repressions:42706c125132","geometry":{"type":"Point","coordinates":[22.070833,51.187222]},"properties":{"uid":"repressions:42706c125132","layer":"repressions","layer_title":"Места репрессий и спецпоселений","group":"hardship","title":"Poniatowa concentration camp","category":"концентрационный лагерь","place_text":"Люблинское воеводство","region":"Люблинское воеводство","date_precision":"unknown","date_approx":false,"url":"https://www.wikidata.org/wiki/Q267631","source":"Викиданные","source_id":"Q267631","license":"CC0 (Викиданные)","confidence":"ok"}},{"type":"Feature","id":"repressions:412cdb23ff37","geometry":{"type":"Point","coordinates":[19.097222,50.191667]},"properties":{"uid":"repressions:412cdb23ff37","layer":"repressions","layer_title":"Места репрессий и спецпоселений","group":"hardship","title":"Фюрстенгрубе (концлагерь)","category":"концентрационный лагерь","date_precision":"unknown","date_approx":false,"url":"https://www.wikidata.org/wiki/Q315724","image_url":"http://commons.wikimedia.org/wiki/Special:FilePath/KZ%20Fuerstengrube-Todesmarsch%20-%20Tafel%20zu%20Stelen.jpg","source":"Викиданные","source_id":"Q315724","license":"CC0 (Викиданные)","confidence":"ok"}},{"type":"Feature","id":"repressions:dcccc4869297","geometry":{"type":"Point","coordinates":[19.939861,50.074194]},"properties":{"uid":"repressions:dcccc4869297","layer":"repressions","layer_title":"Места репрессий и спецпоселений","group":"hardship","title":"Монтелюпих","category":"тюрьма","place_text":"Краков","region":"Краков","year_from":1905,"year_to":1960,"date_precision":"part","date_approx":true,"period_raw":"с 1905","url":"https://ru.wikipedia.org/wiki/%D0%9C%D0%BE%D0%BD%D1%82%D0%B5%D0%BB%D1%8E%D0%BF%D0%B8%D1%85","image_url":"http://commons.wikimedia.org/wiki/Special:FilePath/Krakow%20Montelupich%20prison%202023.jpg","source":"Викиданные","source_id":"Q325685","license":"CC0 (Викиданные)","confidence":"ok"}},{"type":"Feature","id":"repressions:cf3a5f91fd70","geometry":{"type":"Point","coordinates":[19.138889,49.958889]},"properties":{"uid":"repressions:cf3a5f91fd70","layer":"repressions","layer_title":"Места репрессий и спецпоселений","group":"hardship","title":"Явишовиц (концлагерь)","category":"концентрационный лагерь","date_precision":"unknown","date_approx":false,"url":"https://www.wikidata.org/wiki/Q327998","image_url":"http://commons.wikimedia.org/wiki/Special:FilePath/Jawischwitz%20camp%20bath.jpg","source":"Викиданные","source_id":"Q327998","license":"CC0 (Викиданные)","confidence":"ok"}},{"type":"Feature","id":"repressions:f7ae0c83f26b","geometry":{"type":"Point","coordinates":[19.233611,49.816667]},"properties":{"uid":"repressions:f7ae0c83f26b","layer":"repressions","layer_title":"Места репрессий и спецпоселений","group":"hardship","title":"Solahütte","category":"концентрационный лагерь","date_precision":"unknown","date_approx":false,"url":"https://www.wikidata.org/wiki/Q505880","image_url":"http://commons.wikimedia.org/wiki/Special:FilePath/Auschwitz%20Solahutte%20%2834750%29.jpg","source":"Викиданные","source_id":"Q505880","license":"CC0 (Викиданные)","confidence":"ok"}},{"type":"Feature","id":"repressions:bddaf0202056","geometry":{"type":"Point","coordinates":[24.198111,56.892306]},"properties":{"uid":"repressions:bddaf0202056","layer":"repressions","layer_title":"Места репрессий и спецпоселений","group":"hardship","title":"Юнгфернхоф","category":"концентрационный лагерь","place_text":"Рига","region":"Рига","date_precision":"unknown","date_approx":false,"url":"https://ru.wikipedia.org/wiki/%D0%AE%D0%BD%D0%B3%D1%84%D0%B5%D1%80%D0%BD%D1%85%D0%BE%D1%84","image_url":"http://commons.wikimedia.org/wiki/Special:FilePath/Jumpravmuiza.jpg","source":"Викиданные","source_id":"Q506724","license":"CC0 (Викиданные)","confidence":"ok"}},{"type":"Feature","id":"repressions:222cf838fbd3","geometry":{"type":"Point","coordinates":[18.134722,53.156389]},"properties":{"uid":"repressions:222cf838fbd3","layer":"repressions","layer_title":"Места репрессий и спецпоселений","group":"hardship","title":"Valley of Death","category":"долина","place_text":"Быдгощ","region":"Быдгощ","date_precision":"unknown","date_approx":false,"url":"https://www.wikidata.org/wiki/Q554408","image_url":"http://commons.wikimedia.org/wiki/Special:FilePath/Pomnik%20Dolina%20%C5%9Amierci.jpg","source":"Викиданные","source_id":"Q554408","license":"CC0 (Викиданные)","confidence":"ok"}},{"type":"Feature","id":"repressions:ab52d54198fd","geometry":{"type":"Point","coordinates":[24.2112,59.3197]},"properties":{"uid":"repressions:ab52d54198fd","layer":"repressions","layer_title":"Места репрессий и спецпоселений","group":"hardship","title":"Клоога","category":"концентрационный лагерь","date_precision":"unknown","date_approx":false,"url":"https://ru.wikipedia.org/wiki/%D0%9A%D0%BB%D0%BE%D0%BE%D0%B3%D0%B0_(%D0%BA%D0%BE%D0%BD%D1%86%D0%B5%D0%BD%D1%82%D1%80%D0%B0%D1%86%D0%B8%D0%BE%D0%BD%D0%BD%D1%8B%D0%B9_%D0%BB%D0%B0%D0%B3%D0%B5%D1%80%D1%8C)","image_url":"http://commons.wikimedia.org/wiki/Special:FilePath/Holocaust%20Memorial%20in%20Estonia.jpg","source":"Викиданные","source_id":"Q693998","license":"CC0 (Викиданные)","confidence":"ok"}},{"type":"Feature","id":"repressions:1417426d5902","geometry":{"type":"Point","coordinates":[24.960556,52.531111]},"properties":{"uid":"repressions:1417426d5902","layer":"repressions","layer_title":"Места репрессий и спецпоселений","group":"hardship","title":"Концлагерь в Берёзе-Картузской","category":"концентрационный лагерь","place_text":"Берёза","region":"Берёза","year_from":1934,"year_to":1960,"date_precision":"part","date_approx":true,"period_raw":"с 1934","url":"https://ru.wikipedia.org/wiki/%D0%9A%D0%BE%D0%BD%D1%86%D0%BB%D0%B0%D0%B3%D0%B5%D1%80%D1%8C_%D0%B2_%D0%91%D0%B5%D1%80%D1%91%D0%B7%D0%B5-%D0%9A%D0%B0%D1%80%D1%82%D1%83%D0%B7%D1%81%D0%BA%D0%BE%D0%B9","image_url":"http://commons.wikimedia.org/wiki/Special:FilePath/Place%20of%20Isolation%20at%20Bereza%20Kartuska.jpg","source":"Викиданные","source_id":"Q819159","license":"CC0 (Викиданные)","confidence":"ok"}},{"type":"Feature","id":"repressions:6cfe746065d6","geometry":{"type":"Point","coordinates":[18.913889,50.278889]},"properties":{"uid":"repressions:6cfe746065d6","layer":"repressions","layer_title":"Места репрессий и спецпоселений","group":"hardship","title":"Айнтрахтхютте (концлагерь)","category":"концентрационный лагерь","date_precision":"unknown","date_approx":false,"url":"https://www.wikidata.org/wiki/Q872118","source":"Викиданные","source_id":"Q872118","license":"CC0 (Викиданные)","confidence":"ok"}},{"type":"Feature","id":"repressions:4a94900b13b6","geometry":{"type":"Point","coordinates":[37.666122,55.53656]},"properties":{"uid":"repressions:4a94900b13b6","layer":"repressions","layer_title":"Места репрессий и спецпоселений","group":"hardship","title":"Сухановская особорежимная тюрьма","category":"political prison","place_text":"Видное","region":"Видное","year_from":1938,"year_to":1953,"date_precision":"year","date_approx":false,"period_raw":"1938–1953","url":"https://ru.wikipedia.org/wiki/%D0%A1%D1%83%D1%85%D0%B0%D0%BD%D0%BE%D0%B2%D1%81%D0%BA%D0%B0%D1%8F_%D0%BE%D1%81%D0%BE%D0%B1%D0%BE%D1%80%D0%B5%D0%B6%D0%B8%D0%BC%D0%BD%D0%B0%D1%8F_%D1%82%D1%8E%D1%80%D1%8C%D0%BC%D0%B0","image_url":"http://commons.wikimedia.org/wiki/Special:FilePath/Vidnoe-DSC%200046.JPG","source":"Викиданные","source_id":"Q1128882","license":"CC0 (Викиданные)","confidence":"ok"}},{"type":"Feature","id":"repressions:12b59692c373","geometry":{"type":"Point","coordinates":[20.626697,50.867962]},"properties":{"uid":"repressions:12b59692c373","layer":"repressions","layer_title":"Места репрессий и спецпоселений","group":"hardship","title":"Former Prison in Kielce","category":"тюрьма","place_text":"Кельце","region":"Кельце","date_precision":"unknown","date_approx":false,"url":"https://www.wikidata.org/wiki/Q1272603","image_url":"http://commons.wikimedia.org/wiki/Special:FilePath/Kiel1DSC%200238.JPG","source":"Викиданные","source_id":"Q1272603","license":"CC0 (Викиданные)","confidence":"ok"}},{"type":"Feature","id":"repressions:d5856cbc8617","geometry":{"type":"Point","coordinates":[22.993889,51.16]},"properties":{"uid":"repressions:d5856cbc8617","layer":"repressions","layer_title":"Места репрессий и спецпоселений","group":"hardship","title":"Dorohucza concentration camp","category":"концентрационный лагерь","date_precision":"unknown","date_approx":false,"url":"https://www.wikidata.org/wiki/Q1314014","source":"Викиданные","source_id":"Q1314014","license":"CC0 (Викиданные)","confidence":"ok"}},{"type":"Feature","id":"repressions:20335d96543e","geometry":{"type":"Point","coordinates":[19.23936,50.21342]},"properties":{"uid":"repressions:20335d96543e","layer":"repressions","layer_title":"Места репрессий и спецпоселений","group":"hardship","title":"концлагерь Нойдахс близ Явожно","category":"нацистский концлагерь","place_text":"Явожно","region":"Явожно","date_precision":"unknown","date_approx":false,"url":"https://www.wikidata.org/wiki/Q1434447","source":"Викиданные","source_id":"Q1434447","license":"CC0 (Викиданные)","confidence":"ok"}},{"type":"Feature","id":"repressions:670becc06692","geometry":{"type":"Point","coordinates":[21.536514,50.201825]},"properties":{"uid":"repressions:670becc06692","layer":"repressions","layer_title":"Места репрессий и спецпоселений","group":"hardship","title":"Pustków concentration camp","category":"концентрационный лагерь","date_precision":"unknown","date_approx":false,"url":"https://www.wikidata.org/wiki/Q1502793","image_url":"http://commons.wikimedia.org/wiki/Special:FilePath/SS-Truppen%C3%BCbungsplatz%20Heidelager.jpg","source":"Викиданные","source_id":"Q1502793","license":"CC0 (Викиданные)","confidence":"ok"}},{"type":"Feature","id":"repressions:83cb0479875c","geometry":{"type":"Point","coordinates":[30.467106,50.4622]},"properties":{"uid":"repressions:83cb0479875c","layer":"repressions","layer_title":"Места репрессий и спецпоселений","group":"hardship","title":"Лукьяновская тюрьма","category":"тюрьма","place_text":"Киев","region":"Киев","year_from":1863,"year_to":1960,"date_precision":"part","date_approx":true,"period_raw":"с 1863","url":"https://ru.wikipedia.org/wiki/%D0%9B%D1%83%D0%BA%D1%8C%D1%8F%D0%BD%D0%BE%D0%B2%D1%81%D0%BA%D0%B0%D1%8F_%D1%82%D1%8E%D1%80%D1%8C%D0%BC%D0%B0","image_url":"http://commons.wikimedia.org/wiki/Special:FilePath/Lukyanivska1.jpg","source":"Викиданные","source_id":"Q1581396","license":"CC0 (Викиданные)","confidence":"ok"}},{"type":"Feature","id":"repressions:89147427ebb3","geometry":{"type":"Point","coordinates":[25.266389,54.691389]},"properties":{"uid":"repressions:89147427ebb3","layer":"repressions","layer_title":"Места репрессий и спецпоселений","group":"hardship","title":"Лукишкская тюрьма","category":"тюрьма","place_text":"Вильнюс","region":"Вильнюс","year_from":1837,"year_to":2019,"date_precision":"year","date_approx":false,"period_raw":"1837–2019","url":"https://ru.wikipedia.org/wiki/%D0%9B%D1%83%D0%BA%D0%B8%D1%88%D0%BA%D1%81%D0%BA%D0%B0%D1%8F_%D1%82%D1%8E%D1%80%D1%8C%D0%BC%D0%B0","image_url":"http://commons.wikimedia.org/wiki/Special:FilePath/Luki%C5%A1k%C4%97s%20Prison.jpg","source":"Викиданные","source_id":"Q1587852","license":"CC0 (Викиданные)","confidence":"ok"}},{"type":"Feature","id":"repressions:39223a2d3abd","geometry":{"type":"Point","coordinates":[37.6225,55.753333]},"properties":{"uid":"repressions:39223a2d3abd","layer":"repressions","layer_title":"Места репрессий и спецпоселений","group":"hardship","title":"Лобное место","category":"места казней","place_text":"Тверской район","region":"Тверской район","year_from":1597,"year_to":1960,"date_precision":"part","date_approx":true,"period_raw":"с 1597","url":"https://ru.wikipedia.org/wiki/%D0%9B%D0%BE%D0%B1%D0%BD%D0%BE%D0%B5_%D0%BC%D0%B5%D1%81%D1%82%D0%BE","image_url":"http://commons.wikimedia.org/wiki/Special:FilePath/Lobnoe%20place%20Moscow.jpg","source":"Викиданные","source_id":"Q1589656","license":"CC0 (Викиданные)","confidence":"ok"}},{"type":"Feature","id":"repressions:84d5bb35b63d","geometry":{"type":"Point","coordinates":[18.851191,50.236364]},"properties":{"uid":"repressions:84d5bb35b63d","layer":"repressions","layer_title":"Места репрессий и спецпоселений","group":"hardship","title":"Альтхаммер (концлагерь)","category":"концентрационный лагерь","place_text":"Руда-Слёнская","region":"Руда-Слёнская","date_precision":"unknown","date_approx":false,"url":"https://www.wikidata.org/wiki/Q1719343","image_url":"http://commons.wikimedia.org/wiki/Special:FilePath/Auschwitz-Althammer1.jpg","source":"Викиданные","source_id":"Q1719343","license":"CC0 (Викиданные)","confidence":"ok"}},{"type":"Feature","id":"repressions:e25a99e3a4dd","geometry":{"type":"Point","coordinates":[18.732923,49.73491]},"properties":{"uid":"repressions:e25a99e3a4dd","layer":"repressions","layer_title":"Места репрессий и спецпоселений","group":"hardship","title":"Голлешау (концлагерь)","category":"концентрационный лагерь","date_precision":"unknown","date_approx":false,"url":"https://www.wikidata.org/wiki/Q1719373","source":"Викиданные","source_id":"Q1719373","license":"CC0 (Викиданные)","confidence":"ok"}},{"type":"Feature","id":"repressions:12760e817469","geometry":{"type":"Point","coordinates":[18.91388,50.27888]},"properties":{"uid":"repressions:12760e817469","layer":"repressions","layer_title":"Места репрессий и спецпоселений","group":"hardship","title":"Згода","category":"концентрационный лагерь","date_precision":"unknown","date_approx":false,"url":"https://ru.wikipedia.org/wiki/%D0%97%D0%B3%D0%BE%D0%B4%D0%B0_(%D0%BA%D0%BE%D0%BD%D1%86%D0%BB%D0%B0%D0%B3%D0%B5%D1%80%D1%8C)","image_url":"http://commons.wikimedia.org/wiki/Special:FilePath/Eintrachth%C3%BCtte%20gate.JPG","source":"Викиданные","source_id":"Q1926242","license":"CC0 (Викиданные)","confidence":"ok"}},{"type":"Feature","id":"repressions:73ade4e5f84c","geometry":{"type":"Point","coordinates":[24.021944,49.843333]},"properties":{"uid":"repressions:73ade4e5f84c","layer":"repressions","layer_title":"Места репрессий и спецпоселений","group":"hardship","title":"Бригидки","category":"тюрьма","place_text":"Львов","region":"Львов","date_precision":"unknown","date_approx":false,"url":"https://ru.wikipedia.org/wiki/%D0%91%D1%80%D0%B8%D0%B3%D0%B8%D0%B4%D0%BA%D0%B8","image_url":"http://commons.wikimedia.org/wiki/Special:FilePath/Lwow-Brygidki.jpg","source":"Викиданные","source_id":"Q2034440","license":"CC0 (Викиданные)","confidence":"ok"}},{"type":"Feature","id":"repressions:a73f5daa8410","geometry":{"type":"Point","coordinates":[19.26,50.06]},"properties":{"uid":"repressions:a73f5daa8410","layer":"repressions","layer_title":"Места репрессий и спецпоселений","group":"hardship","title":"Бобрек (концлагерь)","category":"концентрационный лагерь","date_precision":"unknown","date_approx":false,"url":"https://www.wikidata.org/wiki/Q2149850","source":"Викиданные","source_id":"Q2149850","license":"CC0 (Викиданные)","confidence":"ok"}},{"type":"Feature","id":"repressions:e6a31725e1be","geometry":{"type":"Point","coordinates":[18.9167,49.983299]},"properties":{"uid":"repressions:e6a31725e1be","layer":"repressions","layer_title":"Места репрессий и спецпоселений","group":"hardship","title":"Альтдорф (концлагерь)","category":"концентрационный лагерь","date_precision":"unknown","date_approx":false,"url":"https://www.wikidata.org/wiki/Q2227743","source":"Викиданные","source_id":"Q2227743","license":"CC0 (Викиданные)","confidence":"ok"}},{"type":"Feature","id":"repressions:8b1f9d8ea8ff","geometry":{"type":"Point","coordinates":[19.1375,50.351667]},"properties":{"uid":"repressions:8b1f9d8ea8ff","layer":"repressions","layer_title":"Места репрессий и спецпоселений","group":"hardship","title":"Lagischa","category":"концентрационный лагерь","date_precision":"unknown","date_approx":false,"url":"https://www.wikidata.org/wiki/Q2306146","source":"Викиданные","source_id":"Q2306146","license":"CC0 (Викиданные)","confidence":"ok"}},{"type":"Feature","id":"repressions:828985d8cfec","geometry":{"type":"Point","coordinates":[19.9415,54.465]},"properties":{"uid":"repressions:828985d8cfec","layer":"repressions","layer_title":"Места репрессий и спецпоселений","group":"hardship","title":"Heiligenbeil concentration camp","category":"концентрационный лагерь","date_precision":"unknown","date_approx":false,"url":"https://www.wikidata.org/wiki/Q2341274","source":"Викиданные","source_id":"Q2341274","license":"CC0 (Викиданные)","confidence":"ok"}},{"type":"Feature","id":"repressions:33d75c8ed6b2","geometry":{"type":"Point","coordinates":[18.601389,54.298333]},"properties":{"uid":"repressions:33d75c8ed6b2","layer":"repressions","layer_title":"Места репрессий и спецпоселений","group":"hardship","title":"Danzig-Matzkau concentration camp","category":"концентрационный лагерь","date_precision":"unknown","date_approx":false,"url":"https://www.wikidata.org/wiki/Q2352954","source":"Викиданные","source_id":"Q2352954","license":"CC0 (Викиданные)","confidence":"ok"}},{"type":"Feature","id":"repressions:3e36f98b32e4","geometry":{"type":"Point","coordinates":[117.783333,51.033333]},"properties":{"uid":"repressions:3e36f98b32e4","layer":"repressions","layer_title":"Места репрессий и спецпоселений","group":"hardship","title":"Акатуйская каторжная тюрьма","category":"каторга","place_text":"Новый Акатуй","region":"Новый Акатуй","year_from":1832,"year_to":1917,"date_precision":"year","date_approx":false,"period_raw":"1832–1917","url":"https://ru.wikipedia.org/wiki/%D0%90%D0%BA%D0%B0%D1%82%D1%83%D0%B9%D1%81%D0%BA%D0%B0%D1%8F_%D0%BA%D0%B0%D1%82%D0%BE%D1%80%D0%B6%D0%BD%D0%B0%D1%8F_%D1%82%D1%8E%D1%80%D1%8C%D0%BC%D0%B0","image_url":"http://commons.wikimedia.org/wiki/Special:FilePath/Akatyu.jpg","source":"Викиданные","source_id":"Q2377435","license":"CC0 (Викиданные)","confidence":"ok"}},{"type":"Feature","id":"repressions:659c1b048d6c","geometry":{"type":"Point","coordinates":[23.99,49.854167]},"properties":{"uid":"repressions:659c1b048d6c","layer":"repressions","layer_title":"Места репрессий и спецпоселений","group":"hardship","title":"Яновский","category":"концентрационный лагерь","place_text":"Львов","region":"Львов","date_precision":"unknown","date_approx":false,"url":"https://ru.wikipedia.org/wiki/%D0%AF%D0%BD%D0%BE%D0%B2%D1%81%D0%BA%D0%B8%D0%B9_(%D0%BA%D0%BE%D0%BD%D1%86%D0%BB%D0%B0%D0%B3%D0%B5%D1%80%D1%8C)","image_url":"http://commons.wikimedia.org/wiki/Special:FilePath/Jewish%20victims%20executed%20by%20Nazis%20at%20the%20Jewish%20cemetery%20in%20Lviv%2C%20west%20Ukraine.jpg","source":"Викиданные","source_id":"Q2422842","license":"CC0 (Викиданные)","confidence":"ok"}},{"type":"Feature","id":"repressions:7b84655307ee","geometry":{"type":"Point","coordinates":[19.0333,50.299999]},"properties":{"uid":"repressions:7b84655307ee","layer":"repressions","layer_title":"Места репрессий и спецпоселений","group":"hardship","title":"Лаурахютте (концлагерь)","category":"концентрационный лагерь","date_precision":"unknown","date_approx":false,"url":"https://www.wikidata.org/wiki/Q2544786","image_url":"http://commons.wikimedia.org/wiki/Special:FilePath/Siemianowice%20Slaskie%20Laurahuette%20Auschwitz%20subcamp.jpg","source":"Викиданные","source_id":"Q2544786","license":"CC0 (Викиданные)","confidence":"ok"}},{"type":"Feature","id":"repressions:f6e9b6f29f61","geometry":{"type":"Point","coordinates":[24.700763,48.908609]},"properties":{"uid":"repressions:f6e9b6f29f61","layer":"repressions","layer_title":"Места репрессий и спецпоселений","group":"hardship","title":"Stalag 371 Stanislau","category":"тюрьма","place_text":"Ивано-Франковск","region":"Ивано-Франковск","year_from":1883,"year_to":1960,"date_precision":"part","date_approx":true,"period_raw":"с 1883","url":"https://www.wikidata.org/wiki/Q2653504","image_url":"http://commons.wikimedia.org/wiki/Special:FilePath/%D0%A1%D1%82%D0%B0%D0%BB%D0%B0%D0%B3%20371.jpg","source":"Викиданные","source_id":"Q2653504","license":"CC0 (Викиданные)","confidence":"ok"}},{"type":"Feature","id":"repressions:7cf7a2d6c6f8","geometry":{"type":"Point","coordinates":[34.346667,61.784722]},"properties":{"uid":"repressions:7cf7a2d6c6f8","layer":"repressions","layer_title":"Места репрессий и спецпоселений","group":"hardship","title":"концентрационный лагерь № 6, Петрозаводск","category":"концентрационный лагерь","date_precision":"unknown","date_approx":false,"url":"https://www.wikidata.org/wiki/Q45480517","source":"Викиданные","source_id":"Q45480517","license":"CC0 (Викиданные)","confidence":"ok"}},{"type":"Feature","id":"repressions:be665797f3fc","geometry":{"type":"Point","coordinates":[34.346667,61.784722]},"properties":{"uid":"repressions:be665797f3fc","layer":"repressions","layer_title":"Места репрессий и спецпоселений","group":"hardship","title":"концентрационный лагерь № 5, Петрозаводск,","category":"концентрационный лагерь","date_precision":"unknown","date_approx":false,"url":"https://www.wikidata.org/wiki/Q45480669","source":"Викиданные","source_id":"Q45480669","license":"CC0 (Викиданные)","confidence":"ok"}},{"type":"Feature","id":"repressions:7c54f82c9e3e","geometry":{"type":"Point","coordinates":[22.633333,50.166666]},"properties":{"uid":"repressions:7c54f82c9e3e","layer":"repressions","layer_title":"Места репрессий и спецпоселений","group":"hardship","title":"Sieniawa concentration camp","category":"концентрационный лагерь","date_precision":"unknown","date_approx":false,"url":"https://www.wikidata.org/wiki/Q45481446","source":"Викиданные","source_id":"Q45481446","license":"CC0 (Викиданные)","confidence":"ok"}},{"type":"Feature","id":"repressions:ff934de26fee","geometry":{"type":"Point","coordinates":[34.346667,61.784722]},"properties":{"uid":"repressions:ff934de26fee","layer":"repressions","layer_title":"Места репрессий и спецпоселений","group":"hardship","title":"концентрационный лагерь № 2, Петрозаводск","category":"концентрационный лагерь","date_precision":"unknown","date_approx":false,"url":"https://www.wikidata.org/wiki/Q45481524","source":"Викиданные","source_id":"Q45481524","license":"CC0 (Викиданные)","confidence":"ok"}},{"type":"Feature","id":"repressions:76a4e40f0a5c","geometry":{"type":"Point","coordinates":[21.766666,51.133333]},"properties":{"uid":"repressions:76a4e40f0a5c","layer":"repressions","layer_title":"Места репрессий и спецпоселений","group":"hardship","title":"Solec nad Wisłą concentration camp","category":"концентрационный лагерь","date_precision":"unknown","date_approx":false,"url":"https://www.wikidata.org/wiki/Q45481829","source":"Викиданные","source_id":"Q45481829","license":"CC0 (Викиданные)","confidence":"ok"}},{"type":"Feature","id":"repressions:536803181863","geometry":{"type":"Point","coordinates":[34.346667,61.784722]},"properties":{"uid":"repressions:536803181863","layer":"repressions","layer_title":"Места репрессий и спецпоселений","group":"hardship","title":"концентрационный лагерь № 3, Петрозаводск,","category":"концентрационный лагерь","date_precision":"unknown","date_approx":false,"url":"https://www.wikidata.org/wiki/Q45482907","source":"Викиданные","source_id":"Q45482907","license":"CC0 (Викиданные)","confidence":"ok"}},{"type":"Feature","id":"repressions:88711c8bafb3","geometry":{"type":"Point","coordinates":[34.28333,55.833333]},"properties":{"uid":"repressions:88711c8bafb3","layer":"repressions","layer_title":"Места репрессий и спецпоселений","group":"hardship","title":"Sychevka concentration camp","category":"концентрационный лагерь","date_precision":"unknown","date_approx":false,"url":"https://www.wikidata.org/wiki/Q45482983","source":"Викиданные","source_id":"Q45482983","license":"CC0 (Викиданные)","confidence":"ok"}},{"type":"Feature","id":"repressions:8c82afa7cb34","geometry":{"type":"Point","coordinates":[20.833861,51.981027]},"properties":{"uid":"repressions:8c82afa7cb34","layer":"repressions","layer_title":"Места репрессий и спецпоселений","group":"hardship","title":"Tarczyn concentration camp","category":"концентрационный лагерь","date_precision":"unknown","date_approx":false,"url":"https://www.wikidata.org/wiki/Q45483132","source":"Викиданные","source_id":"Q45483132","license":"CC0 (Викиданные)","confidence":"ok"}},{"type":"Feature","id":"repressions:04edab76ff37","geometry":{"type":"Point","coordinates":[29.733333,48.666666]},"properties":{"uid":"repressions:04edab76ff37","layer":"repressions","layer_title":"Места репрессий и спецпоселений","group":"hardship","title":"Teplik concentration camp","category":"концентрационный лагерь","date_precision":"unknown","date_approx":false,"url":"https://www.wikidata.org/wiki/Q45483212","source":"Викиданные","source_id":"Q45483212","license":"CC0 (Викиданные)","confidence":"ok"}},{"type":"Feature","id":"repressions:7844d37164fe","geometry":{"type":"Point","coordinates":[29.15,54.866666]},"properties":{"uid":"repressions:7844d37164fe","layer":"repressions","layer_title":"Места репрессий и спецпоселений","group":"hardship","title":"Chashniki concentration camp","category":"концентрационный лагерь","date_precision":"unknown","date_approx":false,"url":"https://www.wikidata.org/wiki/Q45483289","source":"Викиданные","source_id":"Q45483289","license":"CC0 (Викиданные)","confidence":"ok"}},{"type":"Feature","id":"repressions:8037d93fe733","geometry":{"type":"Point","coordinates":[19.016701,50.0]},"properties":{"uid":"repressions:8037d93fe733","layer":"repressions","layer_title":"Места репрессий и спецпоселений","group":"hardship","title":"Чеховиц (концлагерь)","category":"концентрационный лагерь","date_precision":"unknown","date_approx":false,"url":"https://www.wikidata.org/wiki/Q45483365","source":"Викиданные","source_id":"Q45483365","license":"CC0 (Викиданные)","confidence":"ok"}},{"type":"Feature","id":"repressions:662917d25ee5","geometry":{"type":"Point","coordinates":[26.921111,54.4975]},"properties":{"uid":"repressions:662917d25ee5","layer":"repressions","layer_title":"Места репрессий и спецпоселений","group":"hardship","title":"Wilejka concentration camp","category":"концентрационный лагерь","place_text":"Вилейка","region":"Вилейка","date_precision":"unknown","date_approx":false,"url":"https://www.wikidata.org/wiki/Q45483596","source":"Викиданные","source_id":"Q45483596","license":"CC0 (Викиданные)","confidence":"ok"}},{"type":"Feature","id":"repressions:df0f4e412078","geometry":{"type":"Point","coordinates":[27.744598,59.401041]},"properties":{"uid":"repressions:df0f4e412078","layer":"repressions","layer_title":"Места репрессий и спецпоселений","group":"hardship","title":"Vivikonna Baltöl concentration camp","category":"концентрационный лагерь","date_precision":"unknown","date_approx":false,"url":"https://www.wikidata.org/wiki/Q45484157","source":"Викиданные","source_id":"Q45484157","license":"CC0 (Викиданные)","confidence":"ok"}},{"type":"Feature","id":"repressions:61f0255ca164","geometry":{"type":"Point","coordinates":[23.037877,53.395052]},"properties":{"uid":"repressions:61f0255ca164","layer":"repressions","layer_title":"Места репрессий и спецпоселений","group":"hardship","title":"Jasionówka concentration camp","category":"концентрационный лагерь","date_precision":"unknown","date_approx":false,"url":"https://www.wikidata.org/wiki/Q45484470","source":"Викиданные","source_id":"Q45484470","license":"CC0 (Викиданные)","confidence":"ok"}},{"type":"Feature","id":"repressions:8be08affb7be","geometry":{"type":"Point","coordinates":[20.616666,52.883333]},"properties":{"uid":"repressions:8be08affb7be","layer":"repressions","layer_title":"Места репрессий и спецпоселений","group":"hardship","title":"Ciechanów concentration camp","category":"концентрационный лагерь","date_precision":"unknown","date_approx":false,"url":"https://www.wikidata.org/wiki/Q45484730","source":"Викиданные","source_id":"Q45484730","license":"CC0 (Викиданные)","confidence":"ok"}},{"type":"Feature","id":"repressions:51ffd10c8dec","geometry":{"type":"Point","coordinates":[19.2,50.333333]},"properties":{"uid":"repressions:51ffd10c8dec","layer":"repressions","layer_title":"Места репрессий и спецпоселений","group":"hardship","title":"Dąbrowa Górnicza concentration camp","category":"концентрационный лагерь","date_precision":"unknown","date_approx":false,"url":"https://www.wikidata.org/wiki/Q45484885","source":"Викиданные","source_id":"Q45484885","license":"CC0 (Викиданные)","confidence":"ok"}},{"type":"Feature","id":"repressions:f53411a9d38b","geometry":{"type":"Point","coordinates":[19.683333,51.4]},"properties":{"uid":"repressions:f53411a9d38b","layer":"repressions","layer_title":"Места репрессий и спецпоселений","group":"hardship","title":"Piotrków Trybunalski concentration camp","category":"концентрационный лагерь","date_precision":"unknown","date_approx":false,"url":"https://www.wikidata.org/wiki/Q45484960","source":"Викиданные","source_id":"Q45484960","license":"CC0 (Викиданные)","confidence":"ok"}},{"type":"Feature","id":"repressions:cfc8799b8cd4","geometry":{"type":"Point","coordinates":[19.75,51.583333]},"properties":{"uid":"repressions:cfc8799b8cd4","layer":"repressions","layer_title":"Места репрессий и спецпоселений","group":"hardship","title":"Będków concentration camp","category":"концентрационный лагерь","date_precision":"unknown","date_approx":false,"url":"https://www.wikidata.org/wiki/Q45485037","source":"Викиданные","source_id":"Q45485037","license":"CC0 (Викиданные)","confidence":"ok"}},{"type":"Feature","id":"repressions:88a2db2f16fa","geometry":{"type":"Point","coordinates":[19.833333,51.5]},"properties":{"uid":"repressions:88a2db2f16fa","layer":"repressions","layer_title":"Места репрессий и спецпоселений","group":"hardship","title":"Wolbórz concentration camp","category":"концентрационный лагерь","date_precision":"unknown","date_approx":false,"url":"https://www.wikidata.org/wiki/Q45485114","source":"Викиданные","source_id":"Q45485114","license":"CC0 (Викиданные)","confidence":"ok"}},{"type":"Feature","id":"repressions:ac368f3408b9","geometry":{"type":"Point","coordinates":[20.216666,51.533333]},"properties":{"uid":"repressions:ac368f3408b9","layer":"repressions","layer_title":"Места репрессий и спецпоселений","group":"hardship","title":"Inowłódz concentration camp","category":"концентрационный лагерь","date_precision":"unknown","date_approx":false,"url":"https://www.wikidata.org/wiki/Q45485190","source":"Викиданные","source_id":"Q45485190","license":"CC0 (Викиданные)","confidence":"ok"}},{"type":"Feature","id":"repressions:fd48c7467179","geometry":{"type":"Point","coordinates":[20.25,51.766666]},"properties":{"uid":"repressions:fd48c7467179","layer":"repressions","layer_title":"Места репрессий и спецпоселений","group":"hardship","title":"Rawa Mazowiecka concentration camp","category":"концентрационный лагерь","date_precision":"unknown","date_approx":false,"url":"https://www.wikidata.org/wiki/Q45485263","source":"Викиданные","source_id":"Q45485263","license":"CC0 (Викиданные)","confidence":"ok"}},{"type":"Feature","id":"repressions:c50b80983be8","geometry":{"type":"Point","coordinates":[20.483333,51.4]},"properties":{"uid":"repressions:c50b80983be8","layer":"repressions","layer_title":"Места репрессий и спецпоселений","group":"hardship","title":"Gielniów concentration camp","category":"концентрационный лагерь","date_precision":"unknown","date_approx":false,"url":"https://www.wikidata.org/wiki/Q45485338","source":"Викиданные","source_id":"Q45485338","license":"CC0 (Викиданные)","confidence":"ok"}},{"type":"Feature","id":"repressions:2ab7c1e8ee34","geometry":{"type":"Point","coordinates":[20.517697,50.786666]},"properties":{"uid":"repressions:2ab7c1e8ee34","layer":"repressions","layer_title":"Места репрессий и спецпоселений","group":"hardship","title":"Chęciny concentration camp","category":"концентрационный лагерь","date_precision":"unknown","date_approx":false,"url":"https://www.wikidata.org/wiki/Q45485413","source":"Викиданные","source_id":"Q45485413","license":"CC0 (Викиданные)","confidence":"ok"}},{"type":"Feature","id":"repressions:09c5f250ded1","geometry":{"type":"Point","coordinates":[20.633333,52.65]},"properties":{"uid":"repressions:09c5f250ded1","layer":"repressions","layer_title":"Места репрессий и спецпоселений","group":"hardship","title":"Nowe Miasto concentration camp","category":"концентрационный лагерь","date_precision":"unknown","date_approx":false,"url":"https://www.wikidata.org/wiki/Q45485489","source":"Викиданные","source_id":"Q45485489","license":"CC0 (Викиданные)","confidence":"ok"}},{"type":"Feature","id":"repressions:a6e7993dbd65","geometry":{"type":"Point","coordinates":[20.85,51.233333]},"properties":{"uid":"repressions:a6e7993dbd65","layer":"repressions","layer_title":"Места репрессий и спецпоселений","group":"hardship","title":"Szydłowiec concentration camp","category":"концентрационный лагерь","date_precision":"unknown","date_approx":false,"url":"https://www.wikidata.org/wiki/Q45485566","source":"Викиданные","source_id":"Q45485566","license":"CC0 (Викиданные)","confidence":"ok"}},{"type":"Feature","id":"repressions:3198ae0667f6","geometry":{"type":"Point","coordinates":[21.145833,52.263083]},"properties":{"uid":"repressions:3198ae0667f6","layer":"repressions","layer_title":"Места репрессий и спецпоселений","group":"hardship","title":"Rembertów concentration camp","category":"концентрационный лагерь","date_precision":"unknown","date_approx":false,"url":"https://www.wikidata.org/wiki/Q45485641","source":"Викиданные","source_id":"Q45485641","license":"CC0 (Викиданные)","confidence":"ok"}},{"type":"Feature","id":"repressions:227b21e59f9a","geometry":{"type":"Point","coordinates":[21.25,49.733333]},"properties":{"uid":"repressions:227b21e59f9a","layer":"repressions","layer_title":"Места репрессий и спецпоселений","group":"hardship","title":"Biecz concentration camp","category":"концентрационный лагерь","date_precision":"unknown","date_approx":false,"url":"https://www.wikidata.org/wiki/Q45485725","source":"Викиданные","source_id":"Q45485725","license":"CC0 (Викиданные)","confidence":"ok"}},{"type":"Feature","id":"repressions:0428c0776f68","geometry":{"type":"Point","coordinates":[21.283333,50.95]},"properties":{"uid":"repressions:0428c0776f68","layer":"repressions","layer_title":"Места репрессий и спецпоселений","group":"hardship","title":"Kunów concentration camp","category":"концентрационный лагерь","date_precision":"unknown","date_approx":false,"url":"https://www.wikidata.org/wiki/Q45485798","source":"Викиданные","source_id":"Q45485798","license":"CC0 (Викиданные)","confidence":"ok"}},{"type":"Feature","id":"repressions:002588ec7d2d","geometry":{"type":"Point","coordinates":[21.298817,52.241185]},"properties":{"uid":"repressions:002588ec7d2d","layer":"repressions","layer_title":"Места репрессий и спецпоселений","group":"hardship","title":"Miłosna concentration camp","category":"концентрационный лагерь","date_precision":"unknown","date_approx":false,"url":"https://www.wikidata.org/wiki/Q45485886","source":"Викиданные","source_id":"Q45485886","license":"CC0 (Викиданные)","confidence":"ok"}},{"type":"Feature","id":"repressions:17de2e96dea7","geometry":{"type":"Point","coordinates":[21.316666,51.633333]},"properties":{"uid":"repressions:17de2e96dea7","layer":"repressions","layer_title":"Места репрессий и спецпоселений","group":"hardship","title":"Głowaczów concentration camp","category":"концентрационный лагерь","date_precision":"unknown","date_approx":false,"url":"https://www.wikidata.org/wiki/Q45485961","source":"Викиданные","source_id":"Q45485961","license":"CC0 (Викиданные)","confidence":"ok"}},{"type":"Feature","id":"repressions:efca21e37848","geometry":{"type":"Point","coordinates":[21.481555,52.064305]},"properties":{"uid":"repressions:efca21e37848","layer":"repressions","layer_title":"Места репрессий и спецпоселений","group":"hardship","title":"Kołbiel concentration camp","category":"концентрационный лагерь","date_precision":"unknown","date_approx":false,"url":"https://www.wikidata.org/wiki/Q45486035","source":"Викиданные","source_id":"Q45486035","license":"CC0 (Викиданные)","confidence":"ok"}},{"type":"Feature","id":"repressions:acebf76d5a4b","geometry":{"type":"Point","coordinates":[21.516666,50.883333]},"properties":{"uid":"repressions:acebf76d5a4b","layer":"repressions","layer_title":"Места репрессий и спецпоселений","group":"hardship","title":"Ćmielów concentration camp","category":"концентрационный лагерь","date_precision":"unknown","date_approx":false,"url":"https://www.wikidata.org/wiki/Q45486106","source":"Викиданные","source_id":"Q45486106","license":"CC0 (Викиданные)","confidence":"ok"}},{"type":"Feature","id":"repressions:2ba94665873d","geometry":{"type":"Point","coordinates":[21.633903,50.615538]},"properties":{"uid":"repressions:2ba94665873d","layer":"repressions","layer_title":"Места репрессий и спецпоселений","group":"hardship","title":"Tarnobrzeg concentration camp","category":"концентрационный лагерь","date_precision":"unknown","date_approx":false,"url":"https://www.wikidata.org/wiki/Q45486180","source":"Викиданные","source_id":"Q45486180","license":"CC0 (Викиданные)","confidence":"ok"}},{"type":"Feature","id":"repressions:69ac290b45ab","geometry":{"type":"Point","coordinates":[21.663434,51.73626]},"properties":{"uid":"repressions:69ac290b45ab","layer":"repressions","layer_title":"Места репрессий и спецпоселений","group":"hardship","title":"Sobolew concentration camp","category":"концентрационный лагерь","date_precision":"unknown","date_approx":false,"url":"https://www.wikidata.org/wiki/Q45486252","source":"Викиданные","source_id":"Q45486252","license":"CC0 (Викиданные)","confidence":"ok"}},{"type":"Feature","id":"repressions:d0a49b0aa750","geometry":{"type":"Point","coordinates":[21.7,50.066666]},"properties":{"uid":"repressions:d0a49b0aa750","layer":"repressions","layer_title":"Места репрессий и спецпоселений","group":"hardship","title":"Sędziszów Małopolski concentration camp","category":"концентрационный лагерь","date_precision":"unknown","date_approx":false,"url":"https://www.wikidata.org/wiki/Q45486326","source":"Викиданные","source_id":"Q45486326","license":"CC0 (Викиданные)","confidence":"ok"}},{"type":"Feature","id":"repressions:d8766f83a7a8","geometry":{"type":"Point","coordinates":[21.766666,50.25]},"properties":{"uid":"repressions:d8766f83a7a8","layer":"repressions","layer_title":"Места репрессий и спецпоселений","group":"hardship","title":"Kolbuszowa concentration camp","category":"концентрационный лагерь","date_precision":"unknown","date_approx":false,"url":"https://www.wikidata.org/wiki/Q45486401","source":"Викиданные","source_id":"Q45486401","license":"CC0 (Викиданные)","confidence":"ok"}},{"type":"Feature","id":"repressions:8486165ed318","geometry":{"type":"Point","coordinates":[21.802611,52.165583]},"properties":{"uid":"repressions:8486165ed318","layer":"repressions","layer_title":"Места репрессий и спецпоселений","group":"hardship","title":"Mrozy concentration camp","category":"концентрационный лагерь","date_precision":"unknown","date_approx":false,"url":"https://www.wikidata.org/wiki/Q45486477","source":"Викиданные","source_id":"Q45486477","license":"CC0 (Викиданные)","confidence":"ok"}},{"type":"Feature","id":"repressions:1d79831832ba","geometry":{"type":"Point","coordinates":[21.808416,52.206694]},"properties":{"uid":"repressions:1d79831832ba","layer":"repressions","layer_title":"Места репрессий и спецпоселений","group":"hardship","title":"Kałuszyn concentration camp","category":"концентрационный лагерь","date_precision":"unknown","date_approx":false,"url":"https://www.wikidata.org/wiki/Q45486553","source":"Викиданные","source_id":"Q45486553","license":"CC0 (Викиданные)","confidence":"ok"}},{"type":"Feature","id":"repressions:6e9fdd4590d8","geometry":{"type":"Point","coordinates":[22.132666,51.111194]},"properties":{"uid":"repressions:6e9fdd4590d8","layer":"repressions","layer_title":"Места репрессий и спецпоселений","group":"hardship","title":"Chodel concentration camp","category":"концентрационный лагерь","date_precision":"unknown","date_approx":false,"url":"https://www.wikidata.org/wiki/Q45486628","source":"Викиданные","source_id":"Q45486628","license":"CC0 (Викиданные)","confidence":"ok"}},{"type":"Feature","id":"repressions:eccc7665a8bc","geometry":{"type":"Point","coordinates":[22.2,49.566666]},"properties":{"uid":"repressions:eccc7665a8bc","layer":"repressions","layer_title":"Места репрессий и спецпоселений","group":"hardship","title":"Sanok concentration camp","category":"концентрационный лагерь","date_precision":"unknown","date_approx":false,"url":"https://www.wikidata.org/wiki/Q45486708","source":"Викиданные","source_id":"Q45486708","license":"CC0 (Викиданные)","confidence":"ok"}},{"type":"Feature","id":"repressions:bb6d5b4c123c","geometry":{"type":"Point","coordinates":[22.533,51.016]},"properties":{"uid":"repressions:bb6d5b4c123c","layer":"repressions","layer_title":"Места репрессий и спецпоселений","group":"hardship","title":"Bychawa concentration camp","category":"концентрационный лагерь","date_precision":"unknown","date_approx":false,"url":"https://www.wikidata.org/wiki/Q45486780","source":"Викиданные","source_id":"Q45486780","license":"CC0 (Викиданные)","confidence":"ok"}},{"type":"Feature","id":"repressions:3593974c9b0f","geometry":{"type":"Point","coordinates":[22.975111,50.614027]},"properties":{"uid":"repressions:3593974c9b0f","layer":"repressions","layer_title":"Места репрессий и спецпоселений","group":"hardship","title":"Zwierzyniec concentration camp","category":"концентрационный лагерь","date_precision":"unknown","date_approx":false,"url":"https://www.wikidata.org/wiki/Q45486860","source":"Викиданные","source_id":"Q45486860","license":"CC0 (Викиданные)","confidence":"ok"}},{"type":"Feature","id":"repressions:1ea5ab4e1e66","geometry":{"type":"Point","coordinates":[23.892444,51.048111]},"properties":{"uid":"repressions:1ea5ab4e1e66","layer":"repressions","layer_title":"Места репрессий и спецпоселений","group":"hardship","title":"Dubienka concentration camp","category":"концентрационный лагерь","date_precision":"unknown","date_approx":false,"url":"https://www.wikidata.org/wiki/Q45486935","source":"Викиданные","source_id":"Q45486935","license":"CC0 (Викиданные)","confidence":"ok"}},{"type":"Feature","id":"repressions:89fd0fcb3400","geometry":{"type":"Point","coordinates":[25.983333,49.433333]},"properties":{"uid":"repressions:89fd0fcb3400","layer":"repressions","layer_title":"Места репрессий и спецпоселений","group":"hardship","title":"Skałat concentration camp","category":"концентрационный лагерь","date_precision":"unknown","date_approx":false,"url":"https://www.wikidata.org/wiki/Q45487011","source":"Викиданные","source_id":"Q45487011","license":"CC0 (Викиданные)","confidence":"ok"}},{"type":"Feature","id":"repressions:383f0958c1e2","geometry":{"type":"Point","coordinates":[26.674805,58.436222]},"properties":{"uid":"repressions:383f0958c1e2","layer":"repressions","layer_title":"Места репрессий и спецпоселений","group":"hardship","title":"Tartu concentration camp","category":"концентрационный лагерь","date_precision":"unknown","date_approx":false,"url":"https://www.wikidata.org/wiki/Q45487085","source":"Викиданные","source_id":"Q45487085","license":"CC0 (Викиданные)","confidence":"ok"}},{"type":"Feature","id":"repressions:e5b0f30c2215","geometry":{"type":"Point","coordinates":[30.416666,49.083333]},"properties":{"uid":"repressions:e5b0f30c2215","layer":"repressions","layer_title":"Места репрессий и спецпоселений","group":"hardship","title":"Buki concentration camp","category":"концентрационный лагерь","date_precision":"unknown","date_approx":false,"url":"https://www.wikidata.org/wiki/Q45487160","source":"Викиданные","source_id":"Q45487160","license":"CC0 (Викиданные)","confidence":"ok"}},{"type":"Feature","id":"repressions:4a2e36fc7ad1","geometry":{"type":"Point","coordinates":[37.533333,48.716666]},"properties":{"uid":"repressions:4a2e36fc7ad1","layer":"repressions","layer_title":"Места репрессий и спецпоселений","group":"hardship","title":"Kramatorsk concentration camp","category":"концентрационный лагерь","date_precision":"unknown","date_approx":false,"url":"https://www.wikidata.org/wiki/Q45487230","source":"Викиданные","source_id":"Q45487230","license":"CC0 (Викиданные)","confidence":"ok"}},{"type":"Feature","id":"repressions:f52a2773ceb9","geometry":{"type":"Point","coordinates":[24.233299,54.916698]},"properties":{"uid":"repressions:f52a2773ceb9","layer":"repressions","layer_title":"Места репрессий и спецпоселений","group":"hardship","title":"Pravieniškės concentration camp","category":"концентрационный лагерь","place_text":"Pravieniškės Eldership","region":"Pravieniškės Eldership","date_precision":"unknown","date_approx":false,"url":"https://www.wikidata.org/wiki/Q45495658","source":"Викиданные","source_id":"Q45495658","license":"CC0 (Викиданные)","confidence":"ok"}},{"type":"Feature","id":"repressions:3b6d9e37e6a6","geometry":{"type":"Point","coordinates":[18.8167,54.3333]},"properties":{"uid":"repressions:3b6d9e37e6a6","layer":"repressions","layer_title":"Места репрессий и спецпоселений","group":"hardship","title":"Wesslinken concentration camp","category":"концентрационный лагерь","date_precision":"unknown","date_approx":false,"url":"https://www.wikidata.org/wiki/Q45529256","source":"Викиданные","source_id":"Q45529256","license":"CC0 (Викиданные)","confidence":"ok"}},{"type":"Feature","id":"repressions:14120177fb5d","geometry":{"type":"Point","coordinates":[18.899999,50.0167]},"properties":{"uid":"repressions:14120177fb5d","layer":"repressions","layer_title":"Места репрессий и спецпоселений","group":"hardship","title":"Радостовиц (концлагерь)","category":"концентрационный лагерь","date_precision":"unknown","date_approx":false,"url":"https://www.wikidata.org/wiki/Q45529408","source":"Викиданные","source_id":"Q45529408","license":"CC0 (Викиданные)","confidence":"ok"}},{"type":"Feature","id":"repressions:b5c7d7358bb2","geometry":{"type":"Point","coordinates":[19.0167,54.1333]},"properties":{"uid":"repressions:b5c7d7358bb2","layer":"repressions","layer_title":"Места репрессий и спецпоселений","group":"hardship","title":"Neuteich concentration camp","category":"концентрационный лагерь","date_precision":"unknown","date_approx":false,"url":"https://www.wikidata.org/wiki/Q45529483","source":"Викиданные","source_id":"Q45529483","license":"CC0 (Викиданные)","confidence":"ok"}},{"type":"Feature","id":"repressions:9648b2cc1526","geometry":{"type":"Point","coordinates":[19.1,53.3167]},"properties":{"uid":"repressions:9648b2cc1526","layer":"repressions","layer_title":"Места репрессий и спецпоселений","group":"hardship","title":"Steegen concentration camp","category":"концентрационный лагерь","date_precision":"unknown","date_approx":false,"url":"https://www.wikidata.org/wiki/Q45530315","source":"Викиданные","source_id":"Q45530315","license":"CC0 (Викиданные)","confidence":"ok"}},{"type":"Feature","id":"repressions:a20052f68971","geometry":{"type":"Point","coordinates":[19.1833,50.0167]},"properties":{"uid":"repressions:a20052f68971","layer":"repressions","layer_title":"Места репрессий и спецпоселений","group":"hardship","title":"Райско (концлагерь)","category":"концентрационный лагерь","date_precision":"unknown","date_approx":false,"url":"https://www.wikidata.org/wiki/Q45530538","source":"Викиданные","source_id":"Q45530538","license":"CC0 (Викиданные)","confidence":"ok"}},{"type":"Feature","id":"repressions:4324474b412d","geometry":{"type":"Point","coordinates":[20.549999,54.75]},"properties":{"uid":"repressions:4324474b412d","layer":"repressions","layer_title":"Места репрессий и спецпоселений","group":"hardship","title":"Quednau concentration camp","category":"концентрационный лагерь","date_precision":"unknown","date_approx":false,"url":"https://www.wikidata.org/wiki/Q45532206","source":"Викиданные","source_id":"Q45532206","license":"CC0 (Викиданные)","confidence":"ok"}},{"type":"Feature","id":"repressions:e9e130cc3c60","geometry":{"type":"Point","coordinates":[22.5667,51.25]},"properties":{"uid":"repressions:e9e130cc3c60","layer":"repressions","layer_title":"Места репрессий и спецпоселений","group":"hardship","title":"Lublin Alter Flughafen men's concentration camp","category":"концентрационный лагерь","date_precision":"unknown","date_approx":false,"url":"https://www.wikidata.org/wiki/Q45533252","source":"Викиданные","source_id":"Q45533252","license":"CC0 (Викиданные)","confidence":"ok"}},{"type":"Feature","id":"repressions:18b68b829982","geometry":{"type":"Point","coordinates":[22.5667,51.25]},"properties":{"uid":"repressions:18b68b829982","layer":"repressions","layer_title":"Места репрессий и спецпоселений","group":"hardship","title":"Lublin Alter Flughafen women's concentration camp","category":"концентрационный лагерь","date_precision":"unknown","date_approx":false,"url":"https://www.wikidata.org/wiki/Q45533326","source":"Викиданные","source_id":"Q45533326","license":"CC0 (Викиданные)","confidence":"ok"}},{"type":"Feature","id":"repressions:b68dd0164177","geometry":{"type":"Point","coordinates":[23.572472,48.017139]},"properties":{"uid":"repressions:b68dd0164177","layer":"repressions","layer_title":"Места репрессий и спецпоселений","group":"hardship","title":"Técső concentration camp","category":"концентрационный лагерь","date_precision":"unknown","date_approx":false,"url":"https://www.wikidata.org/wiki/Q45533997","source":"Викиданные","source_id":"Q45533997","license":"CC0 (Викиданные)","confidence":"ok"}},{"type":"Feature","id":"repressions:4f2e27e56ae7","geometry":{"type":"Point","coordinates":[25.194444,48.247778]},"properties":{"uid":"repressions:4f2e27e56ae7","layer":"repressions","layer_title":"Места репрессий и спецпоселений","group":"hardship","title":"Vijniţa concentration camp","category":"концентрационный лагерь","date_precision":"unknown","date_approx":false,"url":"https://www.wikidata.org/wiki/Q45534751","source":"Викиданные","source_id":"Q45534751","license":"CC0 (Викиданные)","confidence":"ok"}},{"type":"Feature","id":"repressions:d2fc46c61931","geometry":{"type":"Point","coordinates":[25.716667,48.166667]},"properties":{"uid":"repressions:d2fc46c61931","layer":"repressions","layer_title":"Места репрессий и спецпоселений","group":"hardship","title":"Storojineţ concentration camp","category":"концентрационный лагерь","date_precision":"unknown","date_approx":false,"url":"https://www.wikidata.org/wiki/Q45535120","source":"Викиданные","source_id":"Q45535120","license":"CC0 (Викиданные)","confidence":"ok"}},{"type":"Feature","id":"repressions:9559d0a9bae4","geometry":{"type":"Point","coordinates":[25.966667,48.35]},"properties":{"uid":"repressions:9559d0a9bae4","layer":"repressions","layer_title":"Места репрессий и спецпоселений","group":"hardship","title":"Sădăgura concentration camp","category":"концентрационный лагерь","date_precision":"unknown","date_approx":false,"url":"https://www.wikidata.org/wiki/Q45535267","source":"Викиданные","source_id":"Q45535267","license":"CC0 (Викиданные)","confidence":"ok"}},{"type":"Feature","id":"repressions:ce71b0303428","geometry":{"type":"Point","coordinates":[27.550278,57.83068]},"properties":{"uid":"repressions:ce71b0303428","layer":"repressions","layer_title":"Места репрессий и спецпоселений","group":"hardship","title":"Pankewitza concentration camp","category":"концентрационный лагерь","date_precision":"unknown","date_approx":false,"url":"https://www.wikidata.org/wiki/Q45535342","source":"Викиданные","source_id":"Q45535342","license":"CC0 (Викиданные)","confidence":"ok"}},{"type":"Feature","id":"repressions:935fe2f9a681","geometry":{"type":"Point","coordinates":[26.95,57.9833]},"properties":{"uid":"repressions:935fe2f9a681","layer":"repressions","layer_title":"Места репрессий и спецпоселений","group":"hardship","title":"Kerstowa concentration camp","category":"концентрационный лагерь","date_precision":"unknown","date_approx":false,"url":"https://www.wikidata.org/wiki/Q45535491","source":"Викиданные","source_id":"Q45535491","license":"CC0 (Викиданные)","confidence":"ok"}},{"type":"Feature","id":"repressions:89275175b9d4","geometry":{"type":"Point","coordinates":[26.95,57.9833]},"properties":{"uid":"repressions:89275175b9d4","layer":"repressions","layer_title":"Места репрессий и спецпоселений","group":"hardship","title":"Putki concentration camp","category":"концентрационный лагерь","date_precision":"unknown","date_approx":false,"url":"https://www.wikidata.org/wiki/Q45535566","source":"Викиданные","source_id":"Q45535566","license":"CC0 (Викиданные)","confidence":"ok"}},{"type":"Feature","id":"repressions:86f47e821f5d","geometry":{"type":"Point","coordinates":[27.316667,48.166667]},"properties":{"uid":"repressions:86f47e821f5d","layer":"repressions","layer_title":"Места репрессий и спецпоселений","group":"hardship","title":"Edineți concentration camp","category":"концентрационный лагерь","date_precision":"unknown","date_approx":false,"url":"https://www.wikidata.org/wiki/Q45535790","source":"Викиданные","source_id":"Q45535790","license":"CC0 (Викиданные)","confidence":"ok"}},{"type":"Feature","id":"repressions:77119b4f4cfe","geometry":{"type":"Point","coordinates":[27.416667,48.45]},"properties":{"uid":"repressions:77119b4f4cfe","layer":"repressions","layer_title":"Места репрессий и спецпоселений","group":"hardship","title":"Secureni concentration camp","category":"концентрационный лагерь","date_precision":"unknown","date_approx":false,"url":"https://www.wikidata.org/wiki/Q45535863","source":"Викиданные","source_id":"Q45535863","license":"CC0 (Викиданные)","confidence":"ok"}},{"type":"Feature","id":"repressions:b9b10badf35e","geometry":{"type":"Point","coordinates":[23.8,59.1167]},"properties":{"uid":"repressions:b9b10badf35e","layer":"repressions","layer_title":"Места репрессий и спецпоселений","group":"hardship","title":"Kuremäe concentration camp","category":"концентрационный лагерь","date_precision":"unknown","date_approx":false,"url":"https://www.wikidata.org/wiki/Q45535941","source":"Викиданные","source_id":"Q45535941","license":"CC0 (Викиданные)","confidence":"ok"}},{"type":"Feature","id":"repressions:80e15cdcf298","geometry":{"type":"Point","coordinates":[26.724,58.3156]},"properties":{"uid":"repressions:80e15cdcf298","layer":"repressions","layer_title":"Места репрессий и спецпоселений","group":"hardship","title":"Petseri concentration camp","category":"концентрационный лагерь","date_precision":"unknown","date_approx":false,"url":"https://www.wikidata.org/wiki/Q45536016","source":"Викиданные","source_id":"Q45536016","license":"CC0 (Викиданные)","confidence":"ok"}},{"type":"Feature","id":"repressions:33570e6feeed","geometry":{"type":"Point","coordinates":[27.6746,59.338]},"properties":{"uid":"repressions:33570e6feeed","layer":"repressions","layer_title":"Места репрессий и спецпоселений","group":"hardship","title":"Vivikonna OT concentration camp","category":"концентрационный лагерь","date_precision":"unknown","date_approx":false,"url":"https://www.wikidata.org/wiki/Q45536092","source":"Викиданные","source_id":"Q45536092","license":"CC0 (Викиданные)","confidence":"ok"}},{"type":"Feature","id":"repressions:8ba77bda2a01","geometry":{"type":"Point","coordinates":[27.684,49.058]},"properties":{"uid":"repressions:8ba77bda2a01","layer":"repressions","layer_title":"Места репрессий и спецпоселений","group":"hardship","title":"Balchi concentration camp","category":"концентрационный лагерь","date_precision":"unknown","date_approx":false,"url":"https://www.wikidata.org/wiki/Q45536167","source":"Викиданные","source_id":"Q45536167","license":"CC0 (Викиданные)","confidence":"ok"}},{"type":"Feature","id":"repressions:afe8d60aa993","geometry":{"type":"Point","coordinates":[27.695111,48.45425]},"properties":{"uid":"repressions:afe8d60aa993","layer":"repressions","layer_title":"Места репрессий и спецпоселений","group":"hardship","title":"Serebria concentration camp","category":"концентрационный лагерь","date_precision":"unknown","date_approx":false,"url":"https://www.wikidata.org/wiki/Q45536241","source":"Викиданные","source_id":"Q45536241","license":"CC0 (Викиданные)","confidence":"ok"}},{"type":"Feature","id":"repressions:4580ccf246e3","geometry":{"type":"Point","coordinates":[27.705,48.603611]},"properties":{"uid":"repressions:4580ccf246e3","layer":"repressions","layer_title":"Места репрессий и спецпоселений","group":"hardship","title":"Cucavca concentration camp","category":"концентрационный лагерь","date_precision":"unknown","date_approx":false,"url":"https://www.wikidata.org/wiki/Q45536318","source":"Викиданные","source_id":"Q45536318","license":"CC0 (Викиданные)","confidence":"ok"}},{"type":"Feature","id":"repressions:4e8d444348fb","geometry":{"type":"Point","coordinates":[27.715,48.99]},"properties":{"uid":"repressions:4e8d444348fb","layer":"repressions","layer_title":"Места репрессий и спецпоселений","group":"hardship","title":"Chianovca concentration camp","category":"концентрационный лагерь","date_precision":"unknown","date_approx":false,"url":"https://www.wikidata.org/wiki/Q45536392","source":"Викиданные","source_id":"Q45536392","license":"CC0 (Викиданные)","confidence":"ok"}},{"type":"Feature","id":"repressions:51680272e3b3","geometry":{"type":"Point","coordinates":[27.748889,48.977778]},"properties":{"uid":"repressions:51680272e3b3","layer":"repressions","layer_title":"Места репрессий и спецпоселений","group":"hardship","title":"Mitki concentration camp","category":"концентрационный лагерь","date_precision":"unknown","date_approx":false,"url":"https://www.wikidata.org/wiki/Q45536474","source":"Викиданные","source_id":"Q45536474","license":"CC0 (Викиданные)","confidence":"ok"}},{"type":"Feature","id":"repressions:27d0491a2910","geometry":{"type":"Point","coordinates":[27.75,59.3667]},"properties":{"uid":"repressions:27d0491a2910","layer":"repressions","layer_title":"Места репрессий и спецпоселений","group":"hardship","title":"Vaivara subcamp","category":"концентрационный лагерь","date_precision":"unknown","date_approx":false,"url":"https://www.wikidata.org/wiki/Q45536549","source":"Викиданные","source_id":"Q45536549","license":"CC0 (Викиданные)","confidence":"ok"}},{"type":"Feature","id":"repressions:75d958d6c1a6","geometry":{"type":"Point","coordinates":[27.792,48.915]},"properties":{"uid":"repressions:75d958d6c1a6","layer":"repressions","layer_title":"Места репрессий и спецпоселений","group":"hardship","title":"Coşarinţi concentration camp","category":"концентрационный лагерь","date_precision":"unknown","date_approx":false,"url":"https://www.wikidata.org/wiki/Q45536623","source":"Викиданные","source_id":"Q45536623","license":"CC0 (Викиданные)","confidence":"ok"}},{"type":"Feature","id":"repressions:885f47ce1b4c","geometry":{"type":"Point","coordinates":[27.801944,48.855]},"properties":{"uid":"repressions:885f47ce1b4c","layer":"repressions","layer_title":"Места репрессий и спецпоселений","group":"hardship","title":"Copaigorod concentration camp","category":"концентрационный лагерь","date_precision":"unknown","date_approx":false,"url":"https://www.wikidata.org/wiki/Q45536700","source":"Викиданные","source_id":"Q45536700","license":"CC0 (Викиданные)","confidence":"ok"}},{"type":"Feature","id":"repressions:ec8c6f1f0a86","geometry":{"type":"Point","coordinates":[27.802306,48.618389]},"properties":{"uid":"repressions:ec8c6f1f0a86","layer":"repressions","layer_title":"Места репрессий и спецпоселений","group":"hardship","title":"Vindiceni concentration camp","category":"концентрационный лагерь","date_precision":"unknown","date_approx":false,"url":"https://www.wikidata.org/wiki/Q45536776","source":"Викиданные","source_id":"Q45536776","license":"CC0 (Викиданные)","confidence":"ok"}},{"type":"Feature","id":"repressions:b0ea072ab2c8","geometry":{"type":"Point","coordinates":[27.806944,48.719722]},"properties":{"uid":"repressions:b0ea072ab2c8","layer":"repressions","layer_title":"Места репрессий и спецпоселений","group":"hardship","title":"Lucineţ concentration camp","category":"концентрационный лагерь","date_precision":"unknown","date_approx":false,"url":"https://www.wikidata.org/wiki/Q45536852","source":"Викиданные","source_id":"Q45536852","license":"CC0 (Викиданные)","confidence":"ok"}},{"type":"Feature","id":"repressions:4c9c949460c8","geometry":{"type":"Point","coordinates":[27.811194,48.542528]},"properties":{"uid":"repressions:4c9c949460c8","layer":"repressions","layer_title":"Места репрессий и спецпоселений","group":"hardship","title":"Ozarinţi concentration camp","category":"концентрационный лагерь","date_precision":"unknown","date_approx":false,"url":"https://www.wikidata.org/wiki/Q45536928","source":"Викиданные","source_id":"Q45536928","license":"CC0 (Викиданные)","confidence":"ok"}},{"type":"Feature","id":"repressions:feded9086f5b","geometry":{"type":"Point","coordinates":[21.9667,51.4167]},"properties":{"uid":"repressions:feded9086f5b","layer":"repressions","layer_title":"Места репрессий и спецпоселений","group":"hardship","title":"Pulawy concentration camp","category":"концентрационный лагерь","date_precision":"unknown","date_approx":false,"url":"https://www.wikidata.org/wiki/Q47515188","source":"Викиданные","source_id":"Q47515188","license":"CC0 (Викиданные)","confidence":"ok"}},{"type":"Feature","id":"repressions:6cac9822b255","geometry":{"type":"Point","coordinates":[25.15,49.666666]},"properties":{"uid":"repressions:6cac9822b255","layer":"repressions","layer_title":"Места репрессий и спецпоселений","group":"hardship","title":"Zborow concentration camp","category":"концентрационный лагерь","date_precision":"unknown","date_approx":false,"url":"https://www.wikidata.org/wiki/Q47515199","source":"Викиданные","source_id":"Q47515199","license":"CC0 (Викиданные)","confidence":"ok"}},{"type":"Feature","id":"repressions:d4a87e33980f","geometry":{"type":"Point","coordinates":[32.05,54.783333]},"properties":{"uid":"repressions:d4a87e33980f","layer":"repressions","layer_title":"Места репрессий и спецпоселений","group":"hardship","title":"Smolensk concentration camp","category":"концентрационный лагерь","date_precision":"unknown","date_approx":false,"url":"https://www.wikidata.org/wiki/Q47515197","source":"Викиданные","source_id":"Q47515197","license":"CC0 (Викиданные)","confidence":"ok"}},{"type":"Feature","id":"repressions:ad8dd1f5d659","geometry":{"type":"Point","coordinates":[23.137897,51.849239]},"properties":{"uid":"repressions:ad8dd1f5d659","layer":"repressions","layer_title":"Места репрессий и спецпоселений","group":"hardship","title":"Rossosz concentration camp","category":"концентрационный лагерь","date_precision":"unknown","date_approx":false,"url":"https://www.wikidata.org/wiki/Q47515200","source":"Викиданные","source_id":"Q47515200","license":"CC0 (Викиданные)","confidence":"ok"}},{"type":"Feature","id":"repressions:838f31c3381f","geometry":{"type":"Point","coordinates":[18.6714,50.2945]},"properties":{"uid":"repressions:838f31c3381f","layer":"repressions","layer_title":"Места репрессий и спецпоселений","group":"hardship","title":"Гляйвиц II","category":"концентрационный лагерь","date_precision":"unknown","date_approx":false,"url":"https://www.wikidata.org/wiki/Q47515210","source":"Викиданные","source_id":"Q47515210","license":"CC0 (Викиданные)","confidence":"ok"}},{"type":"Feature","id":"repressions:f79a69fd13b0","geometry":{"type":"Point","coordinates":[18.9333,54.25]},"properties":{"uid":"repressions:f79a69fd13b0","layer":"repressions","layer_title":"Места репрессий и спецпоселений","group":"hardship","title":"Käsemark concentration camp","category":"концентрационный лагерь","date_precision":"unknown","date_approx":false,"url":"https://www.wikidata.org/wiki/Q47515211","source":"Викиданные","source_id":"Q47515211","license":"CC0 (Викиданные)","confidence":"ok"}},{"type":"Feature","id":"repressions:42b32410cc43","geometry":{"type":"Point","coordinates":[22.28025,51.174027]},"properties":{"uid":"repressions:42b32410cc43","layer":"repressions","layer_title":"Места репрессий и спецпоселений","group":"hardship","title":"Bełżyce concentration camp","category":"концентрационный лагерь","date_precision":"unknown","date_approx":false,"url":"https://www.wikidata.org/wiki/Q47515208","source":"Викиданные","source_id":"Q47515208","license":"CC0 (Викиданные)","confidence":"ok"}},{"type":"Feature","id":"repressions:43f155cb5946","geometry":{"type":"Point","coordinates":[23.554333,51.551777]},"properties":{"uid":"repressions:43f155cb5946","layer":"repressions","layer_title":"Места репрессий и спецпоселений","group":"hardship","title":"Wlodawa concentration camp","category":"концентрационный лагерь","date_precision":"unknown","date_approx":false,"url":"https://www.wikidata.org/wiki/Q47515234","source":"Викиданные","source_id":"Q47515234","license":"CC0 (Викиданные)","confidence":"ok"}},{"type":"Feature","id":"repressions:0a23818e06c2","geometry":{"type":"Point","coordinates":[23.974599,55.288299]},"properties":{"uid":"repressions:0a23818e06c2","layer":"repressions","layer_title":"Места репрессий и спецпоселений","group":"hardship","title":"Kedahnen concentration camp","category":"концентрационный лагерь","date_precision":"unknown","date_approx":false,"url":"https://www.wikidata.org/wiki/Q47515239","source":"Викиданные","source_id":"Q47515239","license":"CC0 (Викиданные)","confidence":"ok"}},{"type":"Feature","id":"repressions:6db62d718b21","geometry":{"type":"Point","coordinates":[18.6466,54.352]},"properties":{"uid":"repressions:6db62d718b21","layer":"repressions","layer_title":"Места репрессий и спецпоселений","group":"hardship","title":"Danzig (SS-Oberabschnitt Weichsel) concentration camp","category":"концентрационный лагерь","date_precision":"unknown","date_approx":false,"url":"https://www.wikidata.org/wiki/Q47515237","source":"Викиданные","source_id":"Q47515237","license":"CC0 (Викиданные)","confidence":"ok"}},{"type":"Feature","id":"repressions:fc4e278e643b","geometry":{"type":"Point","coordinates":[21.683333,49.566666]},"properties":{"uid":"repressions:fc4e278e643b","layer":"repressions","layer_title":"Места репрессий и спецпоселений","group":"hardship","title":"Dukla concentration camp","category":"концентрационный лагерь","date_precision":"unknown","date_approx":false,"url":"https://www.wikidata.org/wiki/Q47515247","source":"Викиданные","source_id":"Q47515247","license":"CC0 (Викиданные)","confidence":"ok"}},{"type":"Feature","id":"repressions:9dabb5bc1794","geometry":{"type":"Point","coordinates":[28.33333,57.816667]},"properties":{"uid":"repressions:9dabb5bc1794","layer":"repressions","layer_title":"Места репрессий и спецпоселений","group":"hardship","title":"Pleskau concentration camp","category":"концентрационный лагерь","date_precision":"unknown","date_approx":false,"url":"https://www.wikidata.org/wiki/Q47515254","source":"Викиданные","source_id":"Q47515254","license":"CC0 (Викиданные)","confidence":"ok"}},{"type":"Feature","id":"repressions:2e33b0cd03fc","geometry":{"type":"Point","coordinates":[19.35,49.85]},"properties":{"uid":"repressions:2e33b0cd03fc","layer":"repressions","layer_title":"Места репрессий и спецпоселений","group":"hardship","title":"Andrichau concentration camp","category":"концентрационный лагерь","date_precision":"unknown","date_approx":false,"url":"https://www.wikidata.org/wiki/Q47515253","source":"Викиданные","source_id":"Q47515253","license":"CC0 (Викиданные)","confidence":"ok"}},{"type":"Feature","id":"repressions:6e818e7bac15","geometry":{"type":"Point","coordinates":[23.416183,49.960749]},"properties":{"uid":"repressions:6e818e7bac15","layer":"repressions","layer_title":"Места репрессий и спецпоселений","group":"hardship","title":"Jaworow concentration camp","category":"концентрационный лагерь","date_precision":"unknown","date_approx":false,"url":"https://www.wikidata.org/wiki/Q47515259","source":"Викиданные","source_id":"Q47515259","license":"CC0 (Викиданные)","confidence":"ok"}},{"type":"Feature","id":"repressions:51df568d1777","geometry":{"type":"Point","coordinates":[18.492,54.3541]},"properties":{"uid":"repressions:51df568d1777","layer":"repressions","layer_title":"Места репрессий и спецпоселений","group":"hardship","title":"Danzig (Schichau-Werft) concentration camp","category":"концентрационный лагерь","date_precision":"unknown","date_approx":false,"url":"https://www.wikidata.org/wiki/Q47515256","source":"Викиданные","source_id":"Q47515256","license":"CC0 (Викиданные)","confidence":"ok"}},{"type":"Feature","id":"repressions:2c26df3e2baa","geometry":{"type":"Point","coordinates":[20.75,51.1167]},"properties":{"uid":"repressions:2c26df3e2baa","layer":"repressions","layer_title":"Места репрессий и спецпоселений","group":"hardship","title":"Blizyn concentration camp","category":"концентрационный лагерь","date_precision":"unknown","date_approx":false,"url":"https://www.wikidata.org/wiki/Q47515257","source":"Викиданные","source_id":"Q47515257","license":"CC0 (Викиданные)","confidence":"ok"}},{"type":"Feature","id":"repressions:0222c59e79eb","geometry":{"type":"Point","coordinates":[26.8363,59.3434]},"properties":{"uid":"repressions:0222c59e79eb","layer":"repressions","layer_title":"Места репрессий и спецпоселений","group":"hardship","title":"Sonda concentration camp","category":"концентрационный лагерь","date_precision":"unknown","date_approx":false,"url":"https://www.wikidata.org/wiki/Q47515262","source":"Викиданные","source_id":"Q47515262","license":"CC0 (Викиданные)","confidence":"ok"}},{"type":"Feature","id":"repressions:d4df9399f6dd","geometry":{"type":"Point","coordinates":[18.6686,54.4074]},"properties":{"uid":"repressions:d4df9399f6dd","layer":"repressions","layer_title":"Места репрессий и спецпоселений","group":"hardship","title":"Danzig-Westerplatte concentration camp","category":"концентрационный лагерь","date_precision":"unknown","date_approx":false,"url":"https://www.wikidata.org/wiki/Q47515279","source":"Викиданные","source_id":"Q47515279","license":"CC0 (Викиданные)","confidence":"ok"}},{"type":"Feature","id":"repressions:26a3978a4379","geometry":{"type":"Point","coordinates":[21.116666,51.516666]},"properties":{"uid":"repressions:26a3978a4379","layer":"repressions","layer_title":"Места репрессий и спецпоселений","group":"hardship","title":"Jedlińsk concentration camp","category":"концентрационный лагерь","date_precision":"unknown","date_approx":false,"url":"https://www.wikidata.org/wiki/Q47515276","source":"Викиданные","source_id":"Q47515276","license":"CC0 (Викиданные)","confidence":"ok"}},{"type":"Feature","id":"repressions:3cc7833a55e8","geometry":{"type":"Point","coordinates":[22.882111,51.300888]},"properties":{"uid":"repressions:3cc7833a55e8","layer":"repressions","layer_title":"Места репрессий и спецпоселений","group":"hardship","title":"Leczna concentration camp","category":"концентрационный лагерь","date_precision":"unknown","date_approx":false,"url":"https://www.wikidata.org/wiki/Q47515282","source":"Викиданные","source_id":"Q47515282","license":"CC0 (Викиданные)","confidence":"ok"}},{"type":"Feature","id":"repressions:72c2c3ec40fc","geometry":{"type":"Point","coordinates":[19.316699,50.099998]},"properties":{"uid":"repressions:72c2c3ec40fc","layer":"repressions","layer_title":"Места репрессий и спецпоселений","group":"hardship","title":"Янинагрубе (концлагерь)","category":"концентрационный лагерь","date_precision":"unknown","date_approx":false,"url":"https://www.wikidata.org/wiki/Q47515283","source":"Викиданные","source_id":"Q47515283","license":"CC0 (Викиданные)","confidence":"ok"}},{"type":"Feature","id":"repressions:acbd8ada58fb","geometry":{"type":"Point","coordinates":[18.6667,54.35]},"properties":{"uid":"repressions:acbd8ada58fb","layer":"repressions","layer_title":"Места репрессий и спецпоселений","group":"hardship","title":"Danzig-Holm concentration camp","category":"концентрационный лагерь","date_precision":"unknown","date_approx":false,"url":"https://www.wikidata.org/wiki/Q47515287","source":"Викиданные","source_id":"Q47515287","license":"CC0 (Викиданные)","confidence":"ok"}},{"type":"Feature","id":"repressions:e80c17e1b224","geometry":{"type":"Point","coordinates":[26.8667,59.45]},"properties":{"uid":"repressions:e80c17e1b224","layer":"repressions","layer_title":"Места репрессий и спецпоселений","group":"hardship","title":"Aseri concentration camp","category":"концентрационный лагерь","date_precision":"unknown","date_approx":false,"url":"https://www.wikidata.org/wiki/Q47515318","source":"Викиданные","source_id":"Q47515318","license":"CC0 (Викиданные)","confidence":"ok"}},{"type":"Feature","id":"repressions:704cd870abec","geometry":{"type":"Point","coordinates":[27.861166,55.341134]},"properties":{"uid":"repressions:704cd870abec","layer":"repressions","layer_title":"Места репрессий и спецпоселений","group":"hardship","title":"Baranowitsche concentration camp","category":"концентрационный лагерь","date_precision":"unknown","date_approx":false,"url":"https://www.wikidata.org/wiki/Q47515325","source":"Викиданные","source_id":"Q47515325","license":"CC0 (Викиданные)","confidence":"ok"}},{"type":"Feature","id":"repressions:2b47415fa7f3","geometry":{"type":"Point","coordinates":[27.6863,59.1038]},"properties":{"uid":"repressions:2b47415fa7f3","layer":"repressions","layer_title":"Места репрессий и спецпоселений","group":"hardship","title":"Soski concentration camp","category":"концентрационный лагерь","date_precision":"unknown","date_approx":false,"url":"https://www.wikidata.org/wiki/Q47515341","source":"Викиданные","source_id":"Q47515341","license":"CC0 (Викиданные)","confidence":"ok"}},{"type":"Feature","id":"repressions:49691f8a15da","geometry":{"type":"Point","coordinates":[20.5,54.7167]},"properties":{"uid":"repressions:49691f8a15da","layer":"repressions","layer_title":"Места репрессий и спецпоселений","group":"hardship","title":"Königsberg concentration camp","category":"концентрационный лагерь","date_precision":"unknown","date_approx":false,"url":"https://www.wikidata.org/wiki/Q47515351","source":"Викиданные","source_id":"Q47515351","license":"CC0 (Викиданные)","confidence":"ok"}},{"type":"Feature","id":"repressions:449ea75953f9","geometry":{"type":"Point","coordinates":[26.733333,53.45]},"properties":{"uid":"repressions:449ea75953f9","layer":"repressions","layer_title":"Места репрессий и спецпоселений","group":"hardship","title":"Nowyi Swershen concentration camp","category":"концентрационный лагерь","date_precision":"unknown","date_approx":false,"url":"https://www.wikidata.org/wiki/Q47515348","source":"Викиданные","source_id":"Q47515348","license":"CC0 (Викиданные)","confidence":"ok"}},{"type":"Feature","id":"repressions:b81eb3c77d30","geometry":{"type":"Point","coordinates":[24.1049,56.9465]},"properties":{"uid":"repressions:b81eb3c77d30","layer":"repressions","layer_title":"Места репрессий и спецпоселений","group":"hardship","title":"Riga (Mühlgraben) concentration camp","category":"концентрационный лагерь","place_text":"Рига","region":"Рига","date_precision":"unknown","date_approx":false,"url":"https://www.wikidata.org/wiki/Q47515364","source":"Викиданные","source_id":"Q47515364","license":"CC0 (Викиданные)","confidence":"ok"}},{"type":"Feature","id":"repressions:39011b00c8b3","geometry":{"type":"Point","coordinates":[25.3,53.883333]},"properties":{"uid":"repressions:39011b00c8b3","layer":"repressions","layer_title":"Места репрессий и спецпоселений","group":"hardship","title":"Lida concentration camp","category":"концентрационный лагерь","date_precision":"unknown","date_approx":false,"url":"https://www.wikidata.org/wiki/Q47515378","source":"Викиданные","source_id":"Q47515378","license":"CC0 (Викиданные)","confidence":"ok"}},{"type":"Feature","id":"repressions:742e33f34ddc","geometry":{"type":"Point","coordinates":[23.5,54.7667]},"properties":{"uid":"repressions:742e33f34ddc","layer":"repressions","layer_title":"Места репрессий и спецпоселений","group":"hardship","title":"Kazlu Ruda concentration camp","category":"концентрационный лагерь","place_text":"Казлу-Рудское самоуправление","region":"Казлу-Рудское самоуправление","date_precision":"unknown","date_approx":false,"url":"https://www.wikidata.org/wiki/Q47515384","source":"Викиданные","source_id":"Q47515384","license":"CC0 (Викиданные)","confidence":"ok"}},{"type":"Feature","id":"repressions:5d05f67ebb51","geometry":{"type":"Point","coordinates":[23.682,56.4082]},"properties":{"uid":"repressions:5d05f67ebb51","layer":"repressions","layer_title":"Места репрессий и спецпоселений","group":"hardship","title":"Elley-Meiten concentration camp","category":"концентрационный лагерь","date_precision":"unknown","date_approx":false,"url":"https://www.wikidata.org/wiki/Q47515407","source":"Викиданные","source_id":"Q47515407","license":"CC0 (Викиданные)","confidence":"ok"}},{"type":"Feature","id":"repressions:6d397fc8045c","geometry":{"type":"Point","coordinates":[23.316699,55.9333]},"properties":{"uid":"repressions:6d397fc8045c","layer":"repressions","layer_title":"Места репрессий и спецпоселений","group":"hardship","title":"Schaulen concentration camp","category":"концентрационный лагерь","date_precision":"unknown","date_approx":false,"url":"https://www.wikidata.org/wiki/Q47515412","source":"Викиданные","source_id":"Q47515412","license":"CC0 (Викиданные)","confidence":"ok"}},{"type":"Feature","id":"repressions:e97673383b11","geometry":{"type":"Point","coordinates":[25.966666,54.616666]},"properties":{"uid":"repressions:e97673383b11","layer":"repressions","layer_title":"Места репрессий и спецпоселений","group":"hardship","title":"Ostrowiec concentration camp","category":"концентрационный лагерь","date_precision":"unknown","date_approx":false,"url":"https://www.wikidata.org/wiki/Q47515442","source":"Викиданные","source_id":"Q47515442","license":"CC0 (Викиданные)","confidence":"ok"}},{"type":"Feature","id":"repressions:8b2171a41aef","geometry":{"type":"Point","coordinates":[24.075,56.9911]},"properties":{"uid":"repressions:8b2171a41aef","layer":"repressions","layer_title":"Места репрессий и спецпоселений","group":"hardship","title":"Riga-Spilwe concentration camp","category":"концентрационный лагерь","place_text":"Рига","region":"Рига","date_precision":"unknown","date_approx":false,"url":"https://www.wikidata.org/wiki/Q47515448","source":"Викиданные","source_id":"Q47515448","license":"CC0 (Викиданные)","confidence":"ok"}},{"type":"Feature","id":"repressions:030eaa3f5a90","geometry":{"type":"Point","coordinates":[25.739444,48.848611]},"properties":{"uid":"repressions:030eaa3f5a90","layer":"repressions","layer_title":"Места репрессий и спецпоселений","group":"hardship","title":"Tluste concentration camp","category":"концентрационный лагерь","date_precision":"unknown","date_approx":false,"url":"https://www.wikidata.org/wiki/Q47515459","source":"Викиданные","source_id":"Q47515459","license":"CC0 (Викиданные)","confidence":"ok"}},{"type":"Feature","id":"repressions:da3fda2b7db3","geometry":{"type":"Point","coordinates":[22.575789,57.408222]},"properties":{"uid":"repressions:da3fda2b7db3","layer":"repressions","layer_title":"Места репрессий и спецпоселений","group":"hardship","title":"Dondangen II concentration camp","category":"концентрационный лагерь","date_precision":"unknown","date_approx":false,"url":"https://www.wikidata.org/wiki/Q47515486","source":"Викиданные","source_id":"Q47515486","license":"CC0 (Викиданные)","confidence":"ok"}},{"type":"Feature","id":"repressions:3862a4a164ab","geometry":{"type":"Point","coordinates":[24.0,49.8333]},"properties":{"uid":"repressions:3862a4a164ab","layer":"repressions","layer_title":"Места репрессий и спецпоселений","group":"hardship","title":"Lemberg concentration camp","category":"концентрационный лагерь","date_precision":"unknown","date_approx":false,"url":"https://www.wikidata.org/wiki/Q47515490","source":"Викиданные","source_id":"Q47515490","license":"CC0 (Викиданные)","confidence":"ok"}},{"type":"Feature","id":"repressions:7fcb8dc6c0b5","geometry":{"type":"Point","coordinates":[26.35,59.35]},"properties":{"uid":"repressions:7fcb8dc6c0b5","layer":"repressions","layer_title":"Места репрессий и спецпоселений","group":"hardship","title":"Goldfields concentration camp","category":"концентрационный лагерь","date_precision":"unknown","date_approx":false,"url":"https://www.wikidata.org/wiki/Q47515514","source":"Викиданные","source_id":"Q47515514","license":"CC0 (Викиданные)","confidence":"ok"}},{"type":"Feature","id":"repressions:d85ab56dd5d0","geometry":{"type":"Point","coordinates":[25.783333,55.0]},"properties":{"uid":"repressions:d85ab56dd5d0","layer":"repressions","layer_title":"Места репрессий и спецпоселений","group":"hardship","title":"Podbrodzie concentration camp","category":"концентрационный лагерь","date_precision":"unknown","date_approx":false,"url":"https://www.wikidata.org/wiki/Q47515530","source":"Викиданные","source_id":"Q47515530","license":"CC0 (Викиданные)","confidence":"ok"}},{"type":"Feature","id":"repressions:84267a9cf5e0","geometry":{"type":"Point","coordinates":[26.45,50.883333]},"properties":{"uid":"repressions:84267a9cf5e0","layer":"repressions","layer_title":"Места репрессий и спецпоселений","group":"hardship","title":"Kostopol concentration camp","category":"концентрационный лагерь","date_precision":"unknown","date_approx":false,"url":"https://www.wikidata.org/wiki/Q47515544","source":"Викиданные","source_id":"Q47515544","license":"CC0 (Викиданные)","confidence":"ok"}},{"type":"Feature","id":"repressions:51a97e623d91","geometry":{"type":"Point","coordinates":[24.104861,56.946527]},"properties":{"uid":"repressions:51a97e623d91","layer":"repressions","layer_title":"Места репрессий и спецпоселений","group":"hardship","title":"Riga concentration camp","category":"концентрационный лагерь","place_text":"Рига","region":"Рига","date_precision":"unknown","date_approx":false,"url":"https://www.wikidata.org/wiki/Q47515585","source":"Викиданные","source_id":"Q47515585","license":"CC0 (Викиданные)","confidence":"ok"}},{"type":"Feature","id":"repressions:4c26090fb313","geometry":{"type":"Point","coordinates":[23.9384,54.8677]},"properties":{"uid":"repressions:4c26090fb313","layer":"repressions","layer_title":"Места репрессий и спецпоселений","group":"hardship","title":"Kauen-Schanzen concentration camp","category":"концентрационный лагерь","date_precision":"unknown","date_approx":false,"url":"https://www.wikidata.org/wiki/Q47515591","source":"Викиданные","source_id":"Q47515591","license":"CC0 (Викиданные)","confidence":"ok"}},{"type":"Feature","id":"repressions:c4930164e3a0","geometry":{"type":"Point","coordinates":[26.9667,59.3833]},"properties":{"uid":"repressions:c4930164e3a0","layer":"repressions","layer_title":"Места репрессий и спецпоселений","group":"hardship","title":"Kivioli concentration camp","category":"концентрационный лагерь","date_precision":"unknown","date_approx":false,"url":"https://www.wikidata.org/wiki/Q47515588","source":"Викиданные","source_id":"Q47515588","license":"CC0 (Викиданные)","confidence":"ok"}},{"type":"Feature","id":"repressions:8ff07204751c","geometry":{"type":"Point","coordinates":[24.093747,56.927635]},"properties":{"uid":"repressions:8ff07204751c","layer":"repressions","layer_title":"Места репрессий и спецпоселений","group":"hardship","title":"Riga (Lenta) (SD-Werkstätte) concentration camp","category":"концентрационный лагерь","place_text":"Рига","region":"Рига","date_precision":"unknown","date_approx":false,"url":"https://www.wikidata.org/wiki/Q47515589","source":"Викиданные","source_id":"Q47515589","license":"CC0 (Викиданные)","confidence":"ok"}},{"type":"Feature","id":"repressions:79d695dba5f0","geometry":{"type":"Point","coordinates":[24.15,50.233333]},"properties":{"uid":"repressions:79d695dba5f0","layer":"repressions","layer_title":"Места репрессий и спецпоселений","group":"hardship","title":"Mosty Wielkie concentration camp","category":"концентрационный лагерь","date_precision":"unknown","date_approx":false,"url":"https://www.wikidata.org/wiki/Q47515598","source":"Викиданные","source_id":"Q47515598","license":"CC0 (Викиданные)","confidence":"ok"}},{"type":"Feature","id":"repressions:04527a4edcfd","geometry":{"type":"Point","coordinates":[22.35,57.5167]},"properties":{"uid":"repressions:04527a4edcfd","layer":"repressions","layer_title":"Места репрессий и спецпоселений","group":"hardship","title":"Kurben concentration camp","category":"концентрационный лагерь","date_precision":"unknown","date_approx":false,"url":"https://www.wikidata.org/wiki/Q47515606","source":"Викиданные","source_id":"Q47515606","license":"CC0 (Викиданные)","confidence":"ok"}},{"type":"Feature","id":"repressions:76f7486b77ae","geometry":{"type":"Point","coordinates":[24.587222,48.63]},"properties":{"uid":"repressions:76f7486b77ae","layer":"repressions","layer_title":"Места репрессий и спецпоселений","group":"hardship","title":"Nadworna concentration camp","category":"концентрационный лагерь","date_precision":"unknown","date_approx":false,"url":"https://www.wikidata.org/wiki/Q47515615","source":"Викиданные","source_id":"Q47515615","license":"CC0 (Викиданные)","confidence":"ok"}},{"type":"Feature","id":"repressions:20044cfd92bf","geometry":{"type":"Point","coordinates":[27.0775,54.24667]},"properties":{"uid":"repressions:20044cfd92bf","layer":"repressions","layer_title":"Места репрессий и спецпоселений","group":"hardship","title":"Krasnoje concentration camp","category":"концентрационный лагерь","date_precision":"unknown","date_approx":false,"url":"https://www.wikidata.org/wiki/Q47515657","source":"Викиданные","source_id":"Q47515657","license":"CC0 (Викиданные)","confidence":"ok"}},{"type":"Feature","id":"repressions:90510db83c1e","geometry":{"type":"Point","coordinates":[25.4,49.083333]},"properties":{"uid":"repressions:90510db83c1e","layer":"repressions","layer_title":"Места репрессий и спецпоселений","group":"hardship","title":"Buczacz concentration camp","category":"концентрационный лагерь","date_precision":"unknown","date_approx":false,"url":"https://www.wikidata.org/wiki/Q47515666","source":"Викиданные","source_id":"Q47515666","license":"CC0 (Викиданные)","confidence":"ok"}},{"type":"Feature","id":"repressions:c52e7b350358","geometry":{"type":"Point","coordinates":[24.45,54.8]},"properties":{"uid":"repressions:c52e7b350358","layer":"repressions","layer_title":"Места репрессий и спецпоселений","group":"hardship","title":"Schischmaren concentration camp","category":"концентрационный лагерь","date_precision":"unknown","date_approx":false,"url":"https://www.wikidata.org/wiki/Q47515665","source":"Викиданные","source_id":"Q47515665","license":"CC0 (Викиданные)","confidence":"ok"}},{"type":"Feature","id":"repressions:184f2fb202fa","geometry":{"type":"Point","coordinates":[23.866666,49.066666]},"properties":{"uid":"repressions:184f2fb202fa","layer":"repressions","layer_title":"Места репрессий и спецпоселений","group":"hardship","title":"Bolechow concentration camp","category":"концентрационный лагерь","date_precision":"unknown","date_approx":false,"url":"https://www.wikidata.org/wiki/Q47515673","source":"Викиданные","source_id":"Q47515673","license":"CC0 (Викиданные)","confidence":"ok"}},{"type":"Feature","id":"repressions:cb12b925c3ba","geometry":{"type":"Point","coordinates":[27.566666,53.9]},"properties":{"uid":"repressions:cb12b925c3ba","layer":"repressions","layer_title":"Места репрессий и спецпоселений","group":"hardship","title":"Minsk concentration camp","category":"концентрационный лагерь","place_text":"Минск","region":"Минск","date_precision":"unknown","date_approx":false,"url":"https://www.wikidata.org/wiki/Q47515679","source":"Викиданные","source_id":"Q47515679","license":"CC0 (Викиданные)","confidence":"ok"}},{"type":"Feature","id":"repressions:0d60c5469dfd","geometry":{"type":"Point","coordinates":[24.1049,56.9465]},"properties":{"uid":"repressions:0d60c5469dfd","layer":"repressions","layer_title":"Места репрессий и спецпоселений","group":"hardship","title":"Riga-Strasdenhof (AEG/VEF) concentration camp","category":"концентрационный лагерь","place_text":"Рига","region":"Рига","date_precision":"unknown","date_approx":false,"url":"https://www.wikidata.org/wiki/Q47515699","source":"Викиданные","source_id":"Q47515699","license":"CC0 (Викиданные)","confidence":"ok"}},{"type":"Feature","id":"repressions:301e5945f1da","geometry":{"type":"Point","coordinates":[28.480394,54.253487]},"properties":{"uid":"repressions:301e5945f1da","layer":"repressions","layer_title":"Места репрессий и спецпоселений","group":"hardship","title":"Borisow concentration camp","category":"концентрационный лагерь","date_precision":"unknown","date_approx":false,"url":"https://www.wikidata.org/wiki/Q47515702","source":"Викиданные","source_id":"Q47515702","license":"CC0 (Викиданные)","confidence":"ok"}},{"type":"Feature","id":"repressions:4a28240d7a5b","geometry":{"type":"Point","coordinates":[24.071732,56.986184]},"properties":{"uid":"repressions:4a28240d7a5b","layer":"repressions","layer_title":"Места репрессий и спецпоселений","group":"hardship","title":"Riga (Heereskraftfahrzeugpark, Hirtenstrasse) concentration camp","category":"концентрационный лагерь","place_text":"Рига","region":"Рига","date_precision":"unknown","date_approx":false,"url":"https://www.wikidata.org/wiki/Q47515716","source":"Викиданные","source_id":"Q47515716","license":"CC0 (Викиданные)","confidence":"ok"}},{"type":"Feature","id":"repressions:72f505b11b0d","geometry":{"type":"Point","coordinates":[24.45,54.866699]},"properties":{"uid":"repressions:72f505b11b0d","layer":"repressions","layer_title":"Места репрессий и спецпоселений","group":"hardship","title":"Koschedaren concentration camp","category":"концентрационный лагерь","date_precision":"unknown","date_approx":false,"url":"https://www.wikidata.org/wiki/Q47515742","source":"Викиданные","source_id":"Q47515742","license":"CC0 (Викиданные)","confidence":"ok"}},{"type":"Feature","id":"repressions:bc7129d610e5","geometry":{"type":"Point","coordinates":[27.45,59.3667]},"properties":{"uid":"repressions:bc7129d610e5","layer":"repressions","layer_title":"Места репрессий и спецпоселений","group":"hardship","title":"Jõhvi concentration camp","category":"концентрационный лагерь","date_precision":"unknown","date_approx":false,"url":"https://www.wikidata.org/wiki/Q47515743","source":"Викиданные","source_id":"Q47515743","license":"CC0 (Викиданные)","confidence":"ok"}},{"type":"Feature","id":"repressions:2b815d741a9f","geometry":{"type":"Point","coordinates":[24.1049,56.9465]},"properties":{"uid":"repressions:2b815d741a9f","layer":"repressions","layer_title":"Места репрессий и спецпоселений","group":"hardship","title":"Riga (Dünawerke) concentration camp","category":"концентрационный лагерь","place_text":"Рига","region":"Рига","date_precision":"unknown","date_approx":false,"url":"https://www.wikidata.org/wiki/Q47515744","source":"Викиданные","source_id":"Q47515744","license":"CC0 (Викиданные)","confidence":"ok"}},{"type":"Feature","id":"repressions:1a77cb14eab7","geometry":{"type":"Point","coordinates":[26.526,59.4984]},"properties":{"uid":"repressions:1a77cb14eab7","layer":"repressions","layer_title":"Места репрессий и спецпоселений","group":"hardship","title":"Port Kunda concentration camp","category":"концентрационный лагерь","date_precision":"unknown","date_approx":false,"url":"https://www.wikidata.org/wiki/Q47515778","source":"Викиданные","source_id":"Q47515778","license":"CC0 (Викиданные)","confidence":"ok"}},{"type":"Feature","id":"repressions:e3e9b15b1bd5","geometry":{"type":"Point","coordinates":[24.050494,54.91096]},"properties":{"uid":"repressions:e3e9b15b1bd5","layer":"repressions","layer_title":"Места репрессий и спецпоселений","group":"hardship","title":"Palemonas concentration camp","category":"концентрационный лагерь","date_precision":"unknown","date_approx":false,"url":"https://www.wikidata.org/wiki/Q47515827","source":"Викиданные","source_id":"Q47515827","license":"CC0 (Викиданные)","confidence":"ok"}},{"type":"Feature","id":"repressions:c4561153e784","geometry":{"type":"Point","coordinates":[28.483333,49.233333]},"properties":{"uid":"repressions:c4561153e784","layer":"repressions","layer_title":"Места репрессий и спецпоселений","group":"hardship","title":"Winniza concentration camp","category":"концентрационный лагерь","date_precision":"unknown","date_approx":false,"url":"https://www.wikidata.org/wiki/Q47515849","source":"Викиданные","source_id":"Q47515849","license":"CC0 (Викиданные)","confidence":"ok"}},{"type":"Feature","id":"repressions:f2e461ae6990","geometry":{"type":"Point","coordinates":[20.2833,54.7333]},"properties":{"uid":"repressions:f2e461ae6990","layer":"repressions","layer_title":"Места репрессий и спецпоселений","group":"hardship","title":"Seerappen concentration camp","category":"концентрационный лагерь","date_precision":"unknown","date_approx":false,"url":"https://www.wikidata.org/wiki/Q47515861","source":"Викиданные","source_id":"Q47515861","license":"CC0 (Викиданные)","confidence":"ok"}},{"type":"Feature","id":"repressions:d664bd87d11b","geometry":{"type":"Point","coordinates":[24.1049,56.9465]},"properties":{"uid":"repressions:d664bd87d11b","layer":"repressions","layer_title":"Места репрессий и спецпоселений","group":"hardship","title":"Рига-Рейхсбан (концлагерь)","category":"концентрационный лагерь","place_text":"Рига","region":"Рига","date_precision":"unknown","date_approx":false,"url":"https://www.wikidata.org/wiki/Q47515865","source":"Викиданные","source_id":"Q47515865","license":"CC0 (Викиданные)","confidence":"ok"}},{"type":"Feature","id":"repressions:d39c51e10a7e","geometry":{"type":"Point","coordinates":[25.833333,53.6]},"properties":{"uid":"repressions:d39c51e10a7e","layer":"repressions","layer_title":"Места репрессий и спецпоселений","group":"hardship","title":"Nowogrudok concentration camp","category":"концентрационный лагерь","date_precision":"unknown","date_approx":false,"url":"https://www.wikidata.org/wiki/Q47515873","source":"Викиданные","source_id":"Q47515873","license":"CC0 (Викиданные)","confidence":"ok"}},{"type":"Feature","id":"repressions:da680967b4d7","geometry":{"type":"Point","coordinates":[24.081,56.9567]},"properties":{"uid":"repressions:da680967b4d7","layer":"repressions","layer_title":"Места репрессий и спецпоселений","group":"hardship","title":"Рижский (Баластдаммский) концлагерь","category":"концентрационный лагерь","place_text":"Рига","region":"Рига","date_precision":"unknown","date_approx":false,"url":"https://www.wikidata.org/wiki/Q47515878","source":"Викиданные","source_id":"Q47515878","license":"CC0 (Викиданные)","confidence":"ok"}},{"type":"Feature","id":"repressions:1445d72f9323","geometry":{"type":"Point","coordinates":[22.355654,57.510602]},"properties":{"uid":"repressions:1445d72f9323","layer":"repressions","layer_title":"Места репрессий и спецпоселений","group":"hardship","title":"Концентрационный лагерь Донданген I","category":"концентрационный лагерь","place_text":"Дундагский край","region":"Дундагский край","date_precision":"unknown","date_approx":false,"url":"https://www.wikidata.org/wiki/Q47515879","source":"Викиданные","source_id":"Q47515879","license":"CC0 (Викиданные)","confidence":"ok"}},{"type":"Feature","id":"repressions:f02d2fcf10ea","geometry":{"type":"Point","coordinates":[21.25,55.8833]},"properties":{"uid":"repressions:f02d2fcf10ea","layer":"repressions","layer_title":"Места репрессий и спецпоселений","group":"hardship","title":"Krottingen concentration camp","category":"концентрационный лагерь","date_precision":"unknown","date_approx":false,"url":"https://www.wikidata.org/wiki/Q47515886","source":"Викиданные","source_id":"Q47515886","license":"CC0 (Викиданные)","confidence":"ok"}},{"type":"Feature","id":"repressions:1bff92e5763b","geometry":{"type":"Point","coordinates":[30.5167,50.4333]},"properties":{"uid":"repressions:1bff92e5763b","layer":"repressions","layer_title":"Места репрессий и спецпоселений","group":"hardship","title":"Kiew concentration camp","category":"концентрационный лагерь","date_precision":"unknown","date_approx":false,"url":"https://www.wikidata.org/wiki/Q47515911","source":"Викиданные","source_id":"Q47515911","license":"CC0 (Викиданные)","confidence":"ok"}},{"type":"Feature","id":"repressions:06a9c2626856","geometry":{"type":"Point","coordinates":[24.9333,59.4]},"properties":{"uid":"repressions:06a9c2626856","layer":"repressions","layer_title":"Места репрессий и спецпоселений","group":"hardship","title":"Lagedi concentration camp","category":"концентрационный лагерь","date_precision":"unknown","date_approx":false,"url":"https://www.wikidata.org/wiki/Q47515924","source":"Викиданные","source_id":"Q47515924","license":"CC0 (Викиданные)","confidence":"ok"}},{"type":"Feature","id":"repressions:aaaafa6fdbe5","geometry":{"type":"Point","coordinates":[20.5833,54.5333]},"properties":{"uid":"repressions:aaaafa6fdbe5","layer":"repressions","layer_title":"Места репрессий и спецпоселений","group":"hardship","title":"Jesau concentration camp","category":"концентрационный лагерь","date_precision":"unknown","date_approx":false,"url":"https://www.wikidata.org/wiki/Q47515943","source":"Викиданные","source_id":"Q47515943","license":"CC0 (Викиданные)","confidence":"ok"}},{"type":"Feature","id":"repressions:caf59973a9e1","geometry":{"type":"Point","coordinates":[24.022729,49.799602]},"properties":{"uid":"repressions:caf59973a9e1","layer":"repressions","layer_title":"Места репрессий и спецпоселений","group":"hardship","title":"Львовская исправительно-трудовая колония № 48","category":"исправительная колония","place_text":"Львов","region":"Львов","year_from":1946,"year_to":1960,"date_precision":"part","date_approx":true,"period_raw":"с 1946","url":"https://www.wikidata.org/wiki/Q50808694","image_url":"http://commons.wikimedia.org/wiki/Special:FilePath/Prison%2048%20Lviv%20%D0%9B%D1%8C%D0%B2%D1%96%D0%B2%D1%81%D1%8C%D0%BA%D0%B0%20%D0%B2%D0%B8%D0%BF%D1%80%D0%B0%D0%B2%D0%BD%D0%B0%20%D0%BA%D0%BE%D0%BB%D0%BE%D0%BD%D1%96%D1%8F%20%28%E2%84%96%2048%29%20-%20panoramio%20%282%29.jpg","source":"Викиданные","source_id":"Q50808694","license":"CC0 (Викиданные)","confidence":"ok"}},{"type":"Feature","id":"repressions:faa84f2b02cd","geometry":{"type":"Point","coordinates":[25.789549,49.019035]},"properties":{"uid":"repressions:faa84f2b02cd","layer":"repressions","layer_title":"Места репрессий и спецпоселений","group":"hardship","title":"Chortkiv Prison","category":"тюрьма","place_text":"Чортков","region":"Чортков","date_precision":"unknown","date_approx":false,"url":"https://www.wikidata.org/wiki/Q50808692","image_url":"http://commons.wikimedia.org/wiki/Special:FilePath/%D0%92%27%D1%8F%D0%B7%D0%BD%D0%B8%D1%86%D1%8F%2C%20%D0%B2%D1%83%D0%BB.%20%D0%9B.%20%D0%A3%D0%BA%D1%80%D0%B0%D1%97%D0%BD%D0%BA%D0%B8%2C%203%2C%20%D0%BC.%20%D0%A7%D0%BE%D1%80%D1%82%D0%BA%D1%96%D0%B2.jpg","source":"Викиданные","source_id":"Q50808692","license":"CC0 (Викиданные)","confidence":"ok"}},{"type":"Feature","id":"repressions:88589fbc3f79","geometry":{"type":"Point","coordinates":[151.791667,61.3975]},"properties":{"uid":"repressions:88589fbc3f79","layer":"repressions","layer_title":"Места репрессий и спецпоселений","group":"hardship","title":"Dneprovski","category":"тюрьма","place_text":"Магаданская область","region":"Магаданская область","date_precision":"unknown","date_approx":false,"url":"https://www.wikidata.org/wiki/Q51642536","source":"Викиданные","source_id":"Q51642536","license":"CC0 (Викиданные)","confidence":"ok"}},{"type":"Feature","id":"repressions:0a58911ca441","geometry":{"type":"Point","coordinates":[22.750162,56.245007]},"properties":{"uid":"repressions:0a58911ca441","layer":"repressions","layer_title":"Места репрессий и спецпоселений","group":"hardship","title":"Akmene concentration camp","category":"концентрационный лагерь","date_precision":"unknown","date_approx":false,"url":"https://www.wikidata.org/wiki/Q53865445","source":"Викиданные","source_id":"Q53865445","license":"CC0 (Викиданные)","confidence":"ok"}},{"type":"Feature","id":"repressions:4eef1e13831d","geometry":{"type":"Point","coordinates":[29.208099,53.161764]},"properties":{"uid":"repressions:4eef1e13831d","layer":"repressions","layer_title":"Места репрессий и спецпоселений","group":"hardship","title":"Babrujsk concentration camp","category":"концентрационный лагерь","date_precision":"unknown","date_approx":false,"url":"https://www.wikidata.org/wiki/Q53865491","source":"Викиданные","source_id":"Q53865491","license":"CC0 (Викиданные)","confidence":"ok"}},{"type":"Feature","id":"repressions:519ef498b1c9","geometry":{"type":"Point","coordinates":[23.773801,55.914368]},"properties":{"uid":"repressions:519ef498b1c9","layer":"repressions","layer_title":"Места репрессий и спецпоселений","group":"hardship","title":"Baciunai concentration camp","category":"концентрационный лагерь","date_precision":"unknown","date_approx":false,"url":"https://www.wikidata.org/wiki/Q53865493","source":"Викиданные","source_id":"Q53865493","license":"CC0 (Викиданные)","confidence":"ok"}},{"type":"Feature","id":"repressions:3f04c6ad68d6","geometry":{"type":"Point","coordinates":[23.91,49.78]},"properties":{"uid":"repressions:3f04c6ad68d6","layer":"repressions","layer_title":"Места репрессий и спецпоселений","group":"hardship","title":"Basivka concentration camp","category":"концентрационный лагерь","date_precision":"unknown","date_approx":false,"url":"https://www.wikidata.org/wiki/Q53865511","source":"Викиданные","source_id":"Q53865511","license":"CC0 (Викиданные)","confidence":"ok"}},{"type":"Feature","id":"repressions:b1fd5ab3816b","geometry":{"type":"Point","coordinates":[24.94486,49.444191]},"properties":{"uid":"repressions:b1fd5ab3816b","layer":"repressions","layer_title":"Места репрессий и спецпоселений","group":"hardship","title":"Berežany concentration camp","category":"концентрационный лагерь","date_precision":"unknown","date_approx":false,"url":"https://www.wikidata.org/wiki/Q53865522","source":"Викиданные","source_id":"Q53865522","license":"CC0 (Викиданные)","confidence":"ok"}},{"type":"Feature","id":"repressions:b56665d60a17","geometry":{"type":"Point","coordinates":[23.419279,49.282224]},"properties":{"uid":"repressions:b56665d60a17","layer":"repressions","layer_title":"Места репрессий и спецпоселений","group":"hardship","title":"Boryslav concentration camp","category":"концентрационный лагерь","date_precision":"unknown","date_approx":false,"url":"https://www.wikidata.org/wiki/Q53865550","source":"Викиданные","source_id":"Q53865550","license":"CC0 (Викиданные)","confidence":"ok"}},{"type":"Feature","id":"repressions:81d20de2c0f7","geometry":{"type":"Point","coordinates":[26.041809,48.803181]},"properties":{"uid":"repressions:81d20de2c0f7","layer":"repressions","layer_title":"Места репрессий и спецпоселений","group":"hardship","title":"Boršciv concentration camp","category":"концентрационный лагерь","date_precision":"unknown","date_approx":false,"url":"https://www.wikidata.org/wiki/Q53865548","source":"Викиданные","source_id":"Q53865548","license":"CC0 (Викиданные)","confidence":"ok"}},{"type":"Feature","id":"repressions:e292c098574a","geometry":{"type":"Point","coordinates":[23.703091,52.096149]},"properties":{"uid":"repressions:e292c098574a","layer":"repressions","layer_title":"Места репрессий и спецпоселений","group":"hardship","title":"Brest-Litowsk concentration camp","category":"концентрационный лагерь","date_precision":"unknown","date_approx":false,"url":"https://www.wikidata.org/wiki/Q53865560","source":"Викиданные","source_id":"Q53865560","license":"CC0 (Викиданные)","confidence":"ok"}},{"type":"Feature","id":"repressions:e1015992c06a","geometry":{"type":"Point","coordinates":[23.73354,50.961854]},"properties":{"uid":"repressions:e1015992c06a","layer":"repressions","layer_title":"Места репрессий и спецпоселений","group":"hardship","title":"Busno concentration camp","category":"концентрационный лагерь","date_precision":"unknown","date_approx":false,"url":"https://www.wikidata.org/wiki/Q53865575","source":"Викиданные","source_id":"Q53865575","license":"CC0 (Викиданные)","confidence":"ok"}},{"type":"Feature","id":"repressions:7a2fe1c62b1c","geometry":{"type":"Point","coordinates":[25.420328,49.631077]},"properties":{"uid":"repressions:7a2fe1c62b1c","layer":"repressions","layer_title":"Места репрессий и спецпоселений","group":"hardship","title":"Cebriv concentration camp","category":"концентрационный лагерь","date_precision":"unknown","date_approx":false,"url":"https://www.wikidata.org/wiki/Q53865578","source":"Викиданные","source_id":"Q53865578","license":"CC0 (Викиданные)","confidence":"ok"}},{"type":"Feature","id":"repressions:ae29816e8dcb","geometry":{"type":"Point","coordinates":[29.78,49.2]},"properties":{"uid":"repressions:ae29816e8dcb","layer":"repressions","layer_title":"Места репрессий и спецпоселений","group":"hardship","title":"Chmelivka concentration camp","category":"концентрационный лагерь","date_precision":"unknown","date_approx":false,"url":"https://www.wikidata.org/wiki/Q53865582","source":"Викиданные","source_id":"Q53865582","license":"CC0 (Викиданные)","confidence":"ok"}},{"type":"Feature","id":"repressions:d8d19611cff9","geometry":{"type":"Point","coordinates":[22.237248,52.501234]},"properties":{"uid":"repressions:d8d19611cff9","layer":"repressions","layer_title":"Места репрессий и спецпоселений","group":"hardship","title":"Chmielnik concentration camp","category":"концентрационный лагерь","date_precision":"unknown","date_approx":false,"url":"https://www.wikidata.org/wiki/Q53865583","source":"Викиданные","source_id":"Q53865583","license":"CC0 (Викиданные)","confidence":"ok"}},{"type":"Feature","id":"repressions:ba1fce28cd55","geometry":{"type":"Point","coordinates":[20.847324,52.078384]},"properties":{"uid":"repressions:ba1fce28cd55","layer":"repressions","layer_title":"Места репрессий и спецпоселений","group":"hardship","title":"Cyranka concentration camp","category":"концентрационный лагерь","date_precision":"unknown","date_approx":false,"url":"https://www.wikidata.org/wiki/Q53865586","source":"Викиданные","source_id":"Q53865586","license":"CC0 (Викиданные)","confidence":"ok"}},{"type":"Feature","id":"repressions:a4b4a108bed9","geometry":{"type":"Point","coordinates":[25.566667,49.616667]},"properties":{"uid":"repressions:a4b4a108bed9","layer":"repressions","layer_title":"Места репрессий и спецпоселений","group":"hardship","title":"Cystyliv concentration camp","category":"концентрационный лагерь","date_precision":"unknown","date_approx":false,"url":"https://www.wikidata.org/wiki/Q53865587","source":"Викиданные","source_id":"Q53865587","license":"CC0 (Викиданные)","confidence":"ok"}},{"type":"Feature","id":"repressions:6b315972585f","geometry":{"type":"Point","coordinates":[36.257258,49.996639]},"properties":{"uid":"repressions:6b315972585f","layer":"repressions","layer_title":"Места репрессий и спецпоселений","group":"hardship","title":"Chorostkiv concentration camp","category":"концентрационный лагерь","date_precision":"unknown","date_approx":false,"url":"https://www.wikidata.org/wiki/Q53865585","source":"Викиданные","source_id":"Q53865585","license":"CC0 (Викиданные)","confidence":"ok"}},{"type":"Feature","id":"repressions:8eea69491ee9","geometry":{"type":"Point","coordinates":[18.168724,50.316463]},"properties":{"uid":"repressions:8eea69491ee9","layer":"repressions","layer_title":"Места репрессий и спецпоселений","group":"hardship","title":"Kobelwitz concentration camp","category":"концентрационный лагерь","date_precision":"unknown","date_approx":false,"url":"https://www.wikidata.org/wiki/Q53865839","source":"Викиданные","source_id":"Q53865839","license":"CC0 (Викиданные)","confidence":"ok"}},{"type":"Feature","id":"repressions:7345103b604f","geometry":{"type":"Point","coordinates":[27.166667,54.683333]},"properties":{"uid":"repressions:7345103b604f","layer":"repressions","layer_title":"Места репрессий и спецпоселений","group":"hardship","title":"Knjahinin concentration camp","category":"концентрационный лагерь","date_precision":"unknown","date_approx":false,"url":"https://www.wikidata.org/wiki/Q53865837","source":"Викиданные","source_id":"Q53865837","license":"CC0 (Викиданные)","confidence":"ok"}},{"type":"Feature","id":"repressions:2dc639111b8e","geometry":{"type":"Point","coordinates":[19.194872,51.614182]},"properties":{"uid":"repressions:2dc639111b8e","layer":"repressions","layer_title":"Места репрессий и спецпоселений","group":"hardship","title":"Kolumna concentration camp","category":"концентрационный лагерь","date_precision":"unknown","date_approx":false,"url":"https://www.wikidata.org/wiki/Q53865843","source":"Викиданные","source_id":"Q53865843","license":"CC0 (Викиданные)","confidence":"ok"}},{"type":"Feature","id":"repressions:5a4819d29c92","geometry":{"type":"Point","coordinates":[18.751905,50.711144]},"properties":{"uid":"repressions:5a4819d29c92","layer":"repressions","layer_title":"Места репрессий и спецпоселений","group":"hardship","title":"Kochanowitz concentration camp","category":"концентрационный лагерь","date_precision":"unknown","date_approx":false,"url":"https://www.wikidata.org/wiki/Q53865840","source":"Викиданные","source_id":"Q53865840","license":"CC0 (Викиданные)","confidence":"ok"}},{"type":"Feature","id":"repressions:7efa0426bfc7","geometry":{"type":"Point","coordinates":[21.000869,52.173474]},"properties":{"uid":"repressions:7efa0426bfc7","layer":"repressions","layer_title":"Места репрессий и спецпоселений","group":"hardship","title":"Kolady concentration camp","category":"концентрационный лагерь","date_precision":"unknown","date_approx":false,"url":"https://www.wikidata.org/wiki/Q53865841","source":"Викиданные","source_id":"Q53865841","license":"CC0 (Викиданные)","confidence":"ok"}},{"type":"Feature","id":"repressions:2f0763bba929","geometry":{"type":"Point","coordinates":[18.583399,52.73738]},"properties":{"uid":"repressions:2f0763bba929","layer":"repressions","layer_title":"Места репрессий и спецпоселений","group":"hardship","title":"Königshof concentration camp","category":"концентрационный лагерь","date_precision":"unknown","date_approx":false,"url":"https://www.wikidata.org/wiki/Q53865846","source":"Викиданные","source_id":"Q53865846","license":"CC0 (Викиданные)","confidence":"ok"}},{"type":"Feature","id":"repressions:254927a91509","geometry":{"type":"Point","coordinates":[20.509972,54.711595]},"properties":{"uid":"repressions:254927a91509","layer":"repressions","layer_title":"Места репрессий и спецпоселений","group":"hardship","title":"Königsberg-Metgethen concentration camp","category":"концентрационный лагерь","date_precision":"unknown","date_approx":false,"url":"https://www.wikidata.org/wiki/Q53865844","source":"Викиданные","source_id":"Q53865844","license":"CC0 (Викиданные)","confidence":"ok"}},{"type":"Feature","id":"repressions:6d8009983391","geometry":{"type":"Point","coordinates":[24.961925,49.835314]},"properties":{"uid":"repressions:6d8009983391","layer":"repressions","layer_title":"Места репрессий и спецпоселений","group":"hardship","title":"Kopani concentration camp","category":"концентрационный лагерь","date_precision":"unknown","date_approx":false,"url":"https://www.wikidata.org/wiki/Q53865850","source":"Викиданные","source_id":"Q53865850","license":"CC0 (Викиданные)","confidence":"ok"}},{"type":"Feature","id":"repressions:e910ae6e9d35","geometry":{"type":"Point","coordinates":[21.250067,52.075766]},"properties":{"uid":"repressions:e910ae6e9d35","layer":"repressions","layer_title":"Места репрессий и спецпоселений","group":"hardship","title":"Korczew concentration camp","category":"концентрационный лагерь","date_precision":"unknown","date_approx":false,"url":"https://www.wikidata.org/wiki/Q53865851","source":"Викиданные","source_id":"Q53865851","license":"CC0 (Викиданные)","confidence":"ok"}},{"type":"Feature","id":"repressions:cc03629e3a61","geometry":{"type":"Point","coordinates":[22.222894,49.649631]},"properties":{"uid":"repressions:cc03629e3a61","layer":"repressions","layer_title":"Места репрессий и спецпоселений","group":"hardship","title":"Konskie concentration camp","category":"концентрационный лагерь","date_precision":"unknown","date_approx":false,"url":"https://www.wikidata.org/wiki/Q53865849","source":"Викиданные","source_id":"Q53865849","license":"CC0 (Викиданные)","confidence":"ok"}},{"type":"Feature","id":"repressions:39d339578fe1","geometry":{"type":"Point","coordinates":[30.527181,50.440951]},"properties":{"uid":"repressions:39d339578fe1","layer":"repressions","layer_title":"Места репрессий и спецпоселений","group":"hardship","title":"Kosiv concentration camp","category":"концентрационный лагерь","date_precision":"unknown","date_approx":false,"url":"https://www.wikidata.org/wiki/Q53865854","source":"Викиданные","source_id":"Q53865854","license":"CC0 (Викиданные)","confidence":"ok"}},{"type":"Feature","id":"repressions:ae6044cf4f15","geometry":{"type":"Point","coordinates":[39.914439,48.206908]},"properties":{"uid":"repressions:ae6044cf4f15","layer":"repressions","layer_title":"Места репрессий и спецпоселений","group":"hardship","title":"Korolivka concentration camp","category":"концентрационный лагерь","date_precision":"unknown","date_approx":false,"url":"https://www.wikidata.org/wiki/Q53865852","source":"Викиданные","source_id":"Q53865852","license":"CC0 (Викиданные)","confidence":"ok"}},{"type":"Feature","id":"repressions:9a31c95cf775","geometry":{"type":"Point","coordinates":[25.152,49.431591]},"properties":{"uid":"repressions:9a31c95cf775","layer":"repressions","layer_title":"Места репрессий и спецпоселений","group":"hardship","title":"Kozova concentration camp","category":"концентрационный лагерь","date_precision":"unknown","date_approx":false,"url":"https://www.wikidata.org/wiki/Q53865859","source":"Викиданные","source_id":"Q53865859","license":"CC0 (Викиданные)","confidence":"ok"}},{"type":"Feature","id":"repressions:72ec114e00ae","geometry":{"type":"Point","coordinates":[32.763593,46.130191]},"properties":{"uid":"repressions:72ec114e00ae","layer":"repressions","layer_title":"Места репрессий и спецпоселений","group":"hardship","title":"Krasne concentration camp","category":"концентрационный лагерь","date_precision":"unknown","date_approx":false,"url":"https://www.wikidata.org/wiki/Q53865863","source":"Викиданные","source_id":"Q53865863","license":"CC0 (Викиданные)","confidence":"ok"}},{"type":"Feature","id":"repressions:fc2560497042","geometry":{"type":"Point","coordinates":[27.43542,57.444883]},"properties":{"uid":"repressions:fc2560497042","layer":"repressions","layer_title":"Места репрессий и спецпоселений","group":"hardship","title":"Kudupe concentration camp","category":"концентрационный лагерь","date_precision":"unknown","date_approx":false,"url":"https://www.wikidata.org/wiki/Q53865877","source":"Викиданные","source_id":"Q53865877","license":"CC0 (Викиданные)","confidence":"ok"}},{"type":"Feature","id":"repressions:276167bf2d7e","geometry":{"type":"Point","coordinates":[23.881275,55.169438]},"properties":{"uid":"repressions:276167bf2d7e","layer":"repressions","layer_title":"Места репрессий и спецпоселений","group":"hardship","title":"Kusch concentration camp","category":"концентрационный лагерь","date_precision":"unknown","date_approx":false,"url":"https://www.wikidata.org/wiki/Q53865881","source":"Викиданные","source_id":"Q53865881","license":"CC0 (Викиданные)","confidence":"ok"}},{"type":"Feature","id":"repressions:5180c5a3d1cb","geometry":{"type":"Point","coordinates":[23.087778,49.81]},"properties":{"uid":"repressions:5180c5a3d1cb","layer":"repressions","layer_title":"Места репрессий и спецпоселений","group":"hardship","title":"Lacka Wola concentration camp","category":"концентрационный лагерь","date_precision":"unknown","date_approx":false,"url":"https://www.wikidata.org/wiki/Q53865886","source":"Викиданные","source_id":"Q53865886","license":"CC0 (Викиданные)","confidence":"ok"}},{"type":"Feature","id":"repressions:0ec3512dffaa","geometry":{"type":"Point","coordinates":[22.937308,49.521616]},"properties":{"uid":"repressions:0ec3512dffaa","layer":"repressions","layer_title":"Места репрессий и спецпоселений","group":"hardship","title":"Laszki Murowane concentration camp","category":"концентрационный лагерь","date_precision":"unknown","date_approx":false,"url":"https://www.wikidata.org/wiki/Q53865896","source":"Викиданные","source_id":"Q53865896","license":"CC0 (Викиданные)","confidence":"ok"}},{"type":"Feature","id":"repressions:a5658142fec2","geometry":{"type":"Point","coordinates":[24.034519,49.837311]},"properties":{"uid":"repressions:a5658142fec2","layer":"repressions","layer_title":"Места репрессий и спецпоселений","group":"hardship","title":"Lemberg-Bahnhofstraße concentration camp","category":"концентрационный лагерь","date_precision":"unknown","date_approx":false,"url":"https://www.wikidata.org/wiki/Q53865910","source":"Викиданные","source_id":"Q53865910","license":"CC0 (Викиданные)","confidence":"ok"}},{"type":"Feature","id":"repressions:72422c2faa73","geometry":{"type":"Point","coordinates":[24.034519,49.837311]},"properties":{"uid":"repressions:72422c2faa73","layer":"repressions","layer_title":"Места репрессий и спецпоселений","group":"hardship","title":"Lemberg-Czwartakowstraße concentration camp","category":"концентрационный лагерь","date_precision":"unknown","date_approx":false,"url":"https://www.wikidata.org/wiki/Q53865911","source":"Викиданные","source_id":"Q53865911","license":"CC0 (Викиданные)","confidence":"ok"}},{"type":"Feature","id":"repressions:b4c38d646b1e","geometry":{"type":"Point","coordinates":[24.034519,49.837311]},"properties":{"uid":"repressions:b4c38d646b1e","layer":"repressions","layer_title":"Места репрессий и спецпоселений","group":"hardship","title":"Lemberg (Karpathen Öl AG) concentration camp","category":"концентрационный лагерь","date_precision":"unknown","date_approx":false,"url":"https://www.wikidata.org/wiki/Q53865909","source":"Викиданные","source_id":"Q53865909","license":"CC0 (Викиданные)","confidence":"ok"}},{"type":"Feature","id":"repressions:40cc6e06df76","geometry":{"type":"Point","coordinates":[24.034519,49.837311]},"properties":{"uid":"repressions:40cc6e06df76","layer":"repressions","layer_title":"Места репрессий и спецпоселений","group":"hardship","title":"Lemberg-Persenkowka concentration camp","category":"концентрационный лагерь","date_precision":"unknown","date_approx":false,"url":"https://www.wikidata.org/wiki/Q53865912","source":"Викиданные","source_id":"Q53865912","license":"CC0 (Викиданные)","confidence":"ok"}},{"type":"Feature","id":"repressions:2c0ee8612324","geometry":{"type":"Point","coordinates":[24.034519,49.837311]},"properties":{"uid":"repressions:2c0ee8612324","layer":"repressions","layer_title":"Места репрессий и спецпоселений","group":"hardship","title":"Lemberg-Rzesna Polska concentration camp","category":"концентрационный лагерь","date_precision":"unknown","date_approx":false,"url":"https://www.wikidata.org/wiki/Q53865913","source":"Викиданные","source_id":"Q53865913","license":"CC0 (Викиданные)","confidence":"ok"}},{"type":"Feature","id":"repressions:2ff88b95a00f","geometry":{"type":"Point","coordinates":[23.612449,55.78051]},"properties":{"uid":"repressions:2ff88b95a00f","layer":"repressions","layer_title":"Места репрессий и спецпоселений","group":"hardship","title":"Linkaiciai concentration camp","category":"концентрационный лагерь","date_precision":"unknown","date_approx":false,"url":"https://www.wikidata.org/wiki/Q53865920","source":"Викиданные","source_id":"Q53865920","license":"CC0 (Викиданные)","confidence":"ok"}},{"type":"Feature","id":"repressions:2e44c9b5fca5","geometry":{"type":"Point","coordinates":[25.954658,55.317966]},"properties":{"uid":"repressions:2e44c9b5fca5","layer":"repressions","layer_title":"Места репрессий и спецпоселений","group":"hardship","title":"Linkmenys concentration camp","category":"концентрационный лагерь","date_precision":"unknown","date_approx":false,"url":"https://www.wikidata.org/wiki/Q53865921","source":"Викиданные","source_id":"Q53865921","license":"CC0 (Викиданные)","confidence":"ok"}},{"type":"Feature","id":"repressions:0a5cda857877","geometry":{"type":"Point","coordinates":[24.845962,50.222077]},"properties":{"uid":"repressions:0a5cda857877","layer":"repressions","layer_title":"Места репрессий и спецпоселений","group":"hardship","title":"Lopatin concentration camp","category":"концентрационный лагерь","date_precision":"unknown","date_approx":false,"url":"https://www.wikidata.org/wiki/Q53865929","source":"Викиданные","source_id":"Q53865929","license":"CC0 (Викиданные)","confidence":"ok"}},{"type":"Feature","id":"repressions:3227d00af3ea","geometry":{"type":"Point","coordinates":[25.345164,50.749977]},"properties":{"uid":"repressions:3227d00af3ea","layer":"repressions","layer_title":"Места репрессий и спецпоселений","group":"hardship","title":"Luc'k concentration camp","category":"концентрационный лагерь","date_precision":"unknown","date_approx":false,"url":"https://www.wikidata.org/wiki/Q53865935","source":"Викиданные","source_id":"Q53865935","license":"CC0 (Викиданные)","confidence":"ok"}},{"type":"Feature","id":"repressions:83b4058c8d65","geometry":{"type":"Point","coordinates":[23.704654,50.20044]},"properties":{"uid":"repressions:83b4058c8d65","layer":"repressions","layer_title":"Места репрессий и спецпоселений","group":"hardship","title":"Lypnyk concentration camp","category":"концентрационный лагерь","date_precision":"unknown","date_approx":false,"url":"https://www.wikidata.org/wiki/Q53865942","source":"Викиданные","source_id":"Q53865942","license":"CC0 (Викиданные)","confidence":"ok"}},{"type":"Feature","id":"repressions:06d81c76d694","geometry":{"type":"Point","coordinates":[25.815043,48.855137]},"properties":{"uid":"repressions:06d81c76d694","layer":"repressions","layer_title":"Места репрессий и спецпоселений","group":"hardship","title":"Lysivci concentration camp","category":"концентрационный лагерь","date_precision":"unknown","date_approx":false,"url":"https://www.wikidata.org/wiki/Q53865943","source":"Викиданные","source_id":"Q53865943","license":"CC0 (Викиданные)","confidence":"ok"}},{"type":"Feature","id":"repressions:9a95cb7d0a72","geometry":{"type":"Point","coordinates":[26.438016,55.258906]},"properties":{"uid":"repressions:9a95cb7d0a72","layer":"repressions","layer_title":"Места репрессий и спецпоселений","group":"hardship","title":"Mielagenai concentration camp","category":"концентрационный лагерь","date_precision":"unknown","date_approx":false,"url":"https://www.wikidata.org/wiki/Q53865981","source":"Викиданные","source_id":"Q53865981","license":"CC0 (Викиданные)","confidence":"ok"}},{"type":"Feature","id":"repressions:1c8bee1eeb30","geometry":{"type":"Point","coordinates":[24.394752,56.588779]},"properties":{"uid":"repressions:1c8bee1eeb30","layer":"repressions","layer_title":"Места репрессий и спецпоселений","group":"hardship","title":"Misshof concentration camp","category":"концентрационный лагерь","date_precision":"unknown","date_approx":false,"url":"https://www.wikidata.org/wiki/Q53865984","source":"Викиданные","source_id":"Q53865984","license":"CC0 (Викиданные)","confidence":"ok"}},{"type":"Feature","id":"repressions:fe6e01ff27b0","geometry":{"type":"Point","coordinates":[38.649189,57.303743]},"properties":{"uid":"repressions:fe6e01ff27b0","layer":"repressions","layer_title":"Места репрессий и спецпоселений","group":"hardship","title":"Mokrovo concentration camp","category":"концентрационный лагерь","date_precision":"unknown","date_approx":false,"url":"https://www.wikidata.org/wiki/Q53865989","source":"Викиданные","source_id":"Q53865989","license":"CC0 (Викиданные)","confidence":"ok"}},{"type":"Feature","id":"repressions:d75531b4e41c","geometry":{"type":"Point","coordinates":[24.219125,48.816047]},"properties":{"uid":"repressions:d75531b4e41c","layer":"repressions","layer_title":"Места репрессий и спецпоселений","group":"hardship","title":"Nebyliv concentration camp","category":"концентрационный лагерь","date_precision":"unknown","date_approx":false,"url":"https://www.wikidata.org/wiki/Q53866007","source":"Викиданные","source_id":"Q53866007","license":"CC0 (Викиданные)","confidence":"ok"}},{"type":"Feature","id":"repressions:7d2b86085f60","geometry":{"type":"Point","coordinates":[25.816963,53.592663]},"properties":{"uid":"repressions:7d2b86085f60","layer":"repressions","layer_title":"Места репрессий и спецпоселений","group":"hardship","title":"Navahradak concentration camp","category":"концентрационный лагерь","date_precision":"unknown","date_approx":false,"url":"https://www.wikidata.org/wiki/Q53866005","source":"Викиданные","source_id":"Q53866005","license":"CC0 (Викиданные)","confidence":"ok"}},{"type":"Feature","id":"repressions:6cd152200637","geometry":{"type":"Point","coordinates":[25.470461,54.847679]},"properties":{"uid":"repressions:6cd152200637","layer":"repressions","layer_title":"Места репрессий и спецпоселений","group":"hardship","title":"Nemencine concentration camp","category":"концентрационный лагерь","date_precision":"unknown","date_approx":false,"url":"https://www.wikidata.org/wiki/Q53866009","source":"Викиданные","source_id":"Q53866009","license":"CC0 (Викиданные)","confidence":"ok"}},{"type":"Feature","id":"repressions:f0e8c9c597cf","geometry":{"type":"Point","coordinates":[23.700041,49.416309]},"properties":{"uid":"repressions:f0e8c9c597cf","layer":"repressions","layer_title":"Места репрессий и спецпоселений","group":"hardship","title":"Opory concentration camp","category":"концентрационный лагерь","date_precision":"unknown","date_approx":false,"url":"https://www.wikidata.org/wiki/Q53866055","source":"Викиданные","source_id":"Q53866055","license":"CC0 (Викиданные)","confidence":"ok"}},{"type":"Feature","id":"repressions:7d1be2f697cb","geometry":{"type":"Point","coordinates":[24.594836,49.924265]},"properties":{"uid":"repressions:7d1be2f697cb","layer":"repressions","layer_title":"Места репрессий и спецпоселений","group":"hardship","title":"Ostriv concentration camp","category":"концентрационный лагерь","date_precision":"unknown","date_approx":false,"url":"https://www.wikidata.org/wiki/Q53866058","source":"Викиданные","source_id":"Q53866058","license":"CC0 (Викиданные)","confidence":"ok"}},{"type":"Feature","id":"repressions:b1890be4557b","geometry":{"type":"Point","coordinates":[23.666667,48.616667]},"properties":{"uid":"repressions:b1890be4557b","layer":"repressions","layer_title":"Места репрессий и спецпоселений","group":"hardship","title":"Ozerjany concentration camp","category":"концентрационный лагерь","date_precision":"unknown","date_approx":false,"url":"https://www.wikidata.org/wiki/Q53866060","source":"Викиданные","source_id":"Q53866060","license":"CC0 (Викиданные)","confidence":"ok"}},{"type":"Feature","id":"repressions:1e0dd2857b7d","geometry":{"type":"Point","coordinates":[27.61182,57.81609]},"properties":{"uid":"repressions:1e0dd2857b7d","layer":"repressions","layer_title":"Места репрессий и спецпоселений","group":"hardship","title":"Pecory concentration camp","category":"концентрационный лагерь","date_precision":"unknown","date_approx":false,"url":"https://www.wikidata.org/wiki/Q53866074","source":"Викиданные","source_id":"Q53866074","license":"CC0 (Викиданные)","confidence":"ok"}},{"type":"Feature","id":"repressions:888a9d9f6aae","geometry":{"type":"Point","coordinates":[22.931728,55.978985]},"properties":{"uid":"repressions:888a9d9f6aae","layer":"repressions","layer_title":"Места репрессий и спецпоселений","group":"hardship","title":"Pawentsch concentration camp","category":"концентрационный лагерь","date_precision":"unknown","date_approx":false,"url":"https://www.wikidata.org/wiki/Q53866073","source":"Викиданные","source_id":"Q53866073","license":"CC0 (Викиданные)","confidence":"ok"}},{"type":"Feature","id":"repressions:66ab11f64d57","geometry":{"type":"Point","coordinates":[25.51508,50.490198]},"properties":{"uid":"repressions:66ab11f64d57","layer":"repressions","layer_title":"Места репрессий и спецпоселений","group":"hardship","title":"Pereverediv concentration camp","category":"концентрационный лагерь","date_precision":"unknown","date_approx":false,"url":"https://www.wikidata.org/wiki/Q53866078","source":"Викиданные","source_id":"Q53866078","license":"CC0 (Викиданные)","confidence":"ok"}},{"type":"Feature","id":"repressions:69f371cd012a","geometry":{"type":"Point","coordinates":[25.32762,49.94698]},"properties":{"uid":"repressions:69f371cd012a","layer":"repressions","layer_title":"Места репрессий и спецпоселений","group":"hardship","title":"Pidkamin' concentration camp","category":"концентрационный лагерь","date_precision":"unknown","date_approx":false,"url":"https://www.wikidata.org/wiki/Q53866085","source":"Викиданные","source_id":"Q53866085","license":"CC0 (Викиданные)","confidence":"ok"}},{"type":"Feature","id":"repressions:198abc029a7b","geometry":{"type":"Point","coordinates":[24.721364,50.31758]},"properties":{"uid":"repressions:198abc029a7b","layer":"repressions","layer_title":"Места репрессий и спецпоселений","group":"hardship","title":"Piratin concentration camp","category":"концентрационный лагерь","date_precision":"unknown","date_approx":false,"url":"https://www.wikidata.org/wiki/Q53866090","source":"Викиданные","source_id":"Q53866090","license":"CC0 (Викиданные)","confidence":"ok"}},{"type":"Feature","id":"repressions:1694cda74ffa","geometry":{"type":"Point","coordinates":[25.029172,49.752418]},"properties":{"uid":"repressions:1694cda74ffa","layer":"repressions","layer_title":"Места репрессий и спецпоселений","group":"hardship","title":"Pluhiv concentration camp","category":"концентрационный лагерь","date_precision":"unknown","date_approx":false,"url":"https://www.wikidata.org/wiki/Q53866094","source":"Викиданные","source_id":"Q53866094","license":"CC0 (Викиданные)","confidence":"ok"}},{"type":"Feature","id":"repressions:a106aed450cd","geometry":{"type":"Point","coordinates":[23.38,49.31]},"properties":{"uid":"repressions:a106aed450cd","layer":"repressions","layer_title":"Места репрессий и спецпоселений","group":"hardship","title":"Popiele concentration camp","category":"концентрационный лагерь","date_precision":"unknown","date_approx":false,"url":"https://www.wikidata.org/wiki/Q53866102","source":"Викиданные","source_id":"Q53866102","license":"CC0 (Викиданные)","confidence":"ok"}},{"type":"Feature","id":"repressions:32f352787bdb","geometry":{"type":"Point","coordinates":[24.370333,55.737436]},"properties":{"uid":"repressions:32f352787bdb","layer":"repressions","layer_title":"Места репрессий и спецпоселений","group":"hardship","title":"Ponewesch concentration camp","category":"концентрационный лагерь","date_precision":"unknown","date_approx":false,"url":"https://www.wikidata.org/wiki/Q53866100","source":"Викиданные","source_id":"Q53866100","license":"CC0 (Викиданные)","confidence":"ok"}},{"type":"Feature","id":"repressions:86a195074365","geometry":{"type":"Point","coordinates":[25.283351,54.640213]},"properties":{"uid":"repressions:86a195074365","layer":"repressions","layer_title":"Места репрессий и спецпоселений","group":"hardship","title":"Porubanek concentration camp","category":"концентрационный лагерь","date_precision":"unknown","date_approx":false,"url":"https://www.wikidata.org/wiki/Q53866104","source":"Викиданные","source_id":"Q53866104","license":"CC0 (Викиданные)","confidence":"ok"}},{"type":"Feature","id":"repressions:8f77d2c9d3fe","geometry":{"type":"Point","coordinates":[23.945147,54.63827]},"properties":{"uid":"repressions:8f77d2c9d3fe","layer":"repressions","layer_title":"Места репрессий и спецпоселений","group":"hardship","title":"Prenen concentration camp","category":"концентрационный лагерь","date_precision":"unknown","date_approx":false,"url":"https://www.wikidata.org/wiki/Q53866116","source":"Викиданные","source_id":"Q53866116","license":"CC0 (Викиданные)","confidence":"ok"}},{"type":"Feature","id":"repressions:18e32e4567d7","geometry":{"type":"Point","coordinates":[22.429284,58.912806]},"properties":{"uid":"repressions:18e32e4567d7","layer":"repressions","layer_title":"Места репрессий и спецпоселений","group":"hardship","title":"Puski concentration camp","category":"концентрационный лагерь","date_precision":"unknown","date_approx":false,"url":"https://www.wikidata.org/wiki/Q53866126","source":"Викиданные","source_id":"Q53866126","license":"CC0 (Викиданные)","confidence":"ok"}},{"type":"Feature","id":"repressions:65845cac79e1","geometry":{"type":"Point","coordinates":[23.540011,55.809662]},"properties":{"uid":"repressions:65845cac79e1","layer":"repressions","layer_title":"Места репрессий и спецпоселений","group":"hardship","title":"Radwilischken concentration camp","category":"концентрационный лагерь","date_precision":"unknown","date_approx":false,"url":"https://www.wikidata.org/wiki/Q53866134","source":"Викиданные","source_id":"Q53866134","license":"CC0 (Викиданные)","confidence":"ok"}},{"type":"Feature","id":"repressions:641c2abf057c","geometry":{"type":"Point","coordinates":[27.233333,54.15]},"properties":{"uid":"repressions:641c2abf057c","layer":"repressions","layer_title":"Места репрессий и спецпоселений","group":"hardship","title":"Radaškovicy concentration camp","category":"концентрационный лагерь","date_precision":"unknown","date_approx":false,"url":"https://www.wikidata.org/wiki/Q53866132","source":"Викиданные","source_id":"Q53866132","license":"CC0 (Викиданные)","confidence":"ok"}},{"type":"Feature","id":"repressions:8bf76cc65e24","geometry":{"type":"Point","coordinates":[24.2,49.95]},"properties":{"uid":"repressions:8bf76cc65e24","layer":"repressions","layer_title":"Места репрессий и спецпоселений","group":"hardship","title":"Remeniv concentration camp","category":"концентрационный лагерь","date_precision":"unknown","date_approx":false,"url":"https://www.wikidata.org/wiki/Q53866150","source":"Викиданные","source_id":"Q53866150","license":"CC0 (Викиданные)","confidence":"ok"}},{"type":"Feature","id":"repressions:dc9c960b2a60","geometry":{"type":"Point","coordinates":[24.754472,59.438862]},"properties":{"uid":"repressions:dc9c960b2a60","layer":"repressions","layer_title":"Места репрессий и спецпоселений","group":"hardship","title":"Reval concentration camp","category":"концентрационный лагерь","date_precision":"unknown","date_approx":false,"url":"https://www.wikidata.org/wiki/Q53866153","source":"Викиданные","source_id":"Q53866153","license":"CC0 (Викиданные)","confidence":"ok"}},{"type":"Feature","id":"repressions:3840f9dc24a3","geometry":{"type":"Point","coordinates":[23.518611,49.798889]},"properties":{"uid":"repressions:3840f9dc24a3","layer":"repressions","layer_title":"Места репрессий и спецпоселений","group":"hardship","title":"Rodatyci concentration camp","category":"концентрационный лагерь","date_precision":"unknown","date_approx":false,"url":"https://www.wikidata.org/wiki/Q53866159","source":"Викиданные","source_id":"Q53866159","license":"CC0 (Викиданные)","confidence":"ok"}},{"type":"Feature","id":"repressions:a80f59390ba9","geometry":{"type":"Point","coordinates":[23.297878,55.815938]},"properties":{"uid":"repressions:a80f59390ba9","layer":"repressions","layer_title":"Места репрессий и спецпоселений","group":"hardship","title":"Riekava-Karpiskiai concentration camp","category":"концентрационный лагерь","date_precision":"unknown","date_approx":false,"url":"https://www.wikidata.org/wiki/Q53866156","source":"Викиданные","source_id":"Q53866156","license":"CC0 (Викиданные)","confidence":"ok"}},{"type":"Feature","id":"repressions:386fa5a599fc","geometry":{"type":"Point","coordinates":[25.237242,54.807949]},"properties":{"uid":"repressions:386fa5a599fc","layer":"repressions","layer_title":"Места репрессий и спецпоселений","group":"hardship","title":"Rieše concentration camp","category":"концентрационный лагерь","date_precision":"unknown","date_approx":false,"url":"https://www.wikidata.org/wiki/Q53866157","source":"Викиданные","source_id":"Q53866157","license":"CC0 (Викиданные)","confidence":"ok"}},{"type":"Feature","id":"repressions:bea38637fde9","geometry":{"type":"Point","coordinates":[22.811746,57.503932]},"properties":{"uid":"repressions:bea38637fde9","layer":"repressions","layer_title":"Места репрессий и спецпоселений","group":"hardship","title":"Roja concentration camp","category":"концентрационный лагерь","place_text":"Ройский край","region":"Ройский край","date_precision":"unknown","date_approx":false,"url":"https://www.wikidata.org/wiki/Q53866166","source":"Викиданные","source_id":"Q53866166","license":"CC0 (Викиданные)","confidence":"ok"}},{"type":"Feature","id":"repressions:bdc60d7159d7","geometry":{"type":"Point","coordinates":[32.378518,47.787366]},"properties":{"uid":"repressions:bdc60d7159d7","layer":"repressions","layer_title":"Места репрессий и спецпоселений","group":"hardship","title":"Rožanivka concentration camp","category":"концентрационный лагерь","date_precision":"unknown","date_approx":false,"url":"https://www.wikidata.org/wiki/Q53866170","source":"Викиданные","source_id":"Q53866170","license":"CC0 (Викиданные)","confidence":"ok"}},{"type":"Feature","id":"repressions:3f0c417122b6","geometry":{"type":"Point","coordinates":[24.660211,59.300938]},"properties":{"uid":"repressions:3f0c417122b6","layer":"repressions","layer_title":"Места репрессий и спецпоселений","group":"hardship","title":"Saku concentration camp","category":"концентрационный лагерь","date_precision":"unknown","date_approx":false,"url":"https://www.wikidata.org/wiki/Q53866178","source":"Викиданные","source_id":"Q53866178","license":"CC0 (Викиданные)","confidence":"ok"}},{"type":"Feature","id":"repressions:240703850d84","geometry":{"type":"Point","coordinates":[26.113056,49.153889]},"properties":{"uid":"repressions:240703850d84","layer":"repressions","layer_title":"Места репрессий и спецпоселений","group":"hardship","title":"Samoluskivci concentration camp","category":"концентрационный лагерь","date_precision":"unknown","date_approx":false,"url":"https://www.wikidata.org/wiki/Q53866179","source":"Викиданные","source_id":"Q53866179","license":"CC0 (Викиданные)","confidence":"ok"}},{"type":"Feature","id":"repressions:c164e05cf35e","geometry":{"type":"Point","coordinates":[23.35,49.233333]},"properties":{"uid":"repressions:c164e05cf35e","layer":"repressions","layer_title":"Места репрессий и спецпоселений","group":"hardship","title":"Schidnycja concentration camp","category":"концентрационный лагерь","date_precision":"unknown","date_approx":false,"url":"https://www.wikidata.org/wiki/Q53866183","source":"Викиданные","source_id":"Q53866183","license":"CC0 (Викиданные)","confidence":"ok"}},{"type":"Feature","id":"repressions:0c323464846a","geometry":{"type":"Point","coordinates":[23.512916,49.040178]},"properties":{"uid":"repressions:0c323464846a","layer":"repressions","layer_title":"Места репрессий и спецпоселений","group":"hardship","title":"Skole concentration camp","category":"концентрационный лагерь","date_precision":"unknown","date_approx":false,"url":"https://www.wikidata.org/wiki/Q53866217","source":"Викиданные","source_id":"Q53866217","license":"CC0 (Викиданные)","confidence":"ok"}},{"type":"Feature","id":"repressions:2d9f96ff323c","geometry":{"type":"Point","coordinates":[25.108841,50.079602]},"properties":{"uid":"repressions:2d9f96ff323c","layer":"repressions","layer_title":"Места репрессий и спецпоселений","group":"hardship","title":"Smil'ne concentration camp","category":"концентрационный лагерь","date_precision":"unknown","date_approx":false,"url":"https://www.wikidata.org/wiki/Q53866222","source":"Викиданные","source_id":"Q53866222","license":"CC0 (Викиданные)","confidence":"ok"}},{"type":"Feature","id":"repressions:018ee6e631f6","geometry":{"type":"Point","coordinates":[25.540791,50.470348]},"properties":{"uid":"repressions:018ee6e631f6","layer":"repressions","layer_title":"Места репрессий и спецпоселений","group":"hardship","title":"Smordva concentration camp","category":"концентрационный лагерь","date_precision":"unknown","date_approx":false,"url":"https://www.wikidata.org/wiki/Q53866223","source":"Викиданные","source_id":"Q53866223","license":"CC0 (Викиданные)","confidence":"ok"}},{"type":"Feature","id":"repressions:7f1126ab3e18","geometry":{"type":"Point","coordinates":[24.817615,49.662203]},"properties":{"uid":"repressions:7f1126ab3e18","layer":"repressions","layer_title":"Места репрессий и спецпоселений","group":"hardship","title":"Smerekivka concentration camp","category":"концентрационный лагерь","date_precision":"unknown","date_approx":false,"url":"https://www.wikidata.org/wiki/Q53866221","source":"Викиданные","source_id":"Q53866221","license":"CC0 (Викиданные)","confidence":"ok"}},{"type":"Feature","id":"repressions:a9406a603df1","geometry":{"type":"Point","coordinates":[22.974352,49.326955]},"properties":{"uid":"repressions:a9406a603df1","layer":"repressions","layer_title":"Места репрессий и спецпоселений","group":"hardship","title":"Strilky concentration camp","category":"концентрационный лагерь","date_precision":"unknown","date_approx":false,"url":"https://www.wikidata.org/wiki/Q53866309","source":"Викиданные","source_id":"Q53866309","license":"CC0 (Викиданные)","confidence":"ok"}},{"type":"Feature","id":"repressions:b5dbc1fd471d","geometry":{"type":"Point","coordinates":[26.157008,55.133339]},"properties":{"uid":"repressions:b5dbc1fd471d","layer":"repressions","layer_title":"Места репрессий и спецпоселений","group":"hardship","title":"Švencionys concentration camp","category":"концентрационный лагерь","date_precision":"unknown","date_approx":false,"url":"https://www.wikidata.org/wiki/Q53866315","source":"Викиданные","source_id":"Q53866315","license":"CC0 (Викиданные)","confidence":"ok"}},{"type":"Feature","id":"repressions:70d36e7808d8","geometry":{"type":"Point","coordinates":[27.431342,48.777682]},"properties":{"uid":"repressions:70d36e7808d8","layer":"repressions","layer_title":"Места репрессий и спецпоселений","group":"hardship","title":"Svydova concentration camp","category":"концентрационный лагерь","date_precision":"unknown","date_approx":false,"url":"https://www.wikidata.org/wiki/Q53866317","source":"Викиданные","source_id":"Q53866317","license":"CC0 (Викиданные)","confidence":"ok"}},{"type":"Feature","id":"repressions:d7b5b5ecc5ce","geometry":{"type":"Point","coordinates":[24.934901,54.638862]},"properties":{"uid":"repressions:d7b5b5ecc5ce","layer":"repressions","layer_title":"Места репрессий и спецпоселений","group":"hardship","title":"Traken concentration camp","category":"концентрационный лагерь","date_precision":"unknown","date_approx":false,"url":"https://www.wikidata.org/wiki/Q53866330","source":"Викиданные","source_id":"Q53866330","license":"CC0 (Викиданные)","confidence":"ok"}},{"type":"Feature","id":"repressions:cc8256b4bd70","geometry":{"type":"Point","coordinates":[23.503481,49.277552]},"properties":{"uid":"repressions:cc8256b4bd70","layer":"repressions","layer_title":"Места репрессий и спецпоселений","group":"hardship","title":"Truskavec' concentration camp","category":"концентрационный лагерь","date_precision":"unknown","date_approx":false,"url":"https://www.wikidata.org/wiki/Q53866340","source":"Викиданные","source_id":"Q53866340","license":"CC0 (Викиданные)","confidence":"ok"}},{"type":"Feature","id":"repressions:1559025af28b","geometry":{"type":"Point","coordinates":[22.73,49.58]},"properties":{"uid":"repressions:1559025af28b","layer":"repressions","layer_title":"Места репрессий и спецпоселений","group":"hardship","title":"Ugartsthal concentration camp","category":"концентрационный лагерь","date_precision":"unknown","date_approx":false,"url":"https://www.wikidata.org/wiki/Q53866344","source":"Викиданные","source_id":"Q53866344","license":"CC0 (Викиданные)","confidence":"ok"}},{"type":"Feature","id":"repressions:03eec946ef3c","geometry":{"type":"Point","coordinates":[24.108216,50.575087]},"properties":{"uid":"repressions:03eec946ef3c","layer":"repressions","layer_title":"Места репрессий и спецпоселений","group":"hardship","title":"Uhryniv concentration camp","category":"концентрационный лагерь","date_precision":"unknown","date_approx":false,"url":"https://www.wikidata.org/wiki/Q53866345","source":"Викиданные","source_id":"Q53866345","license":"CC0 (Викиданные)","confidence":"ok"}},{"type":"Feature","id":"repressions:3ff857bf678e","geometry":{"type":"Point","coordinates":[26.72444,58.316336]},"properties":{"uid":"repressions:3ff857bf678e","layer":"repressions","layer_title":"Места репрессий и спецпоселений","group":"hardship","title":"Ülenurme concentration camp","category":"концентрационный лагерь","date_precision":"unknown","date_approx":false,"url":"https://www.wikidata.org/wiki/Q53866348","source":"Викиданные","source_id":"Q53866348","license":"CC0 (Викиданные)","confidence":"ok"}},{"type":"Feature","id":"repressions:7ee1e1c34d63","geometry":{"type":"Point","coordinates":[24.0925,50.516944]},"properties":{"uid":"repressions:7ee1e1c34d63","layer":"repressions","layer_title":"Места репрессий и спецпоселений","group":"hardship","title":"Varjaž concentration camp","category":"концентрационный лагерь","date_precision":"unknown","date_approx":false,"url":"https://www.wikidata.org/wiki/Q53866362","source":"Викиданные","source_id":"Q53866362","license":"CC0 (Викиданные)","confidence":"ok"}},{"type":"Feature","id":"repressions:29f292aecdaa","geometry":{"type":"Point","coordinates":[23.589372,49.098462]},"properties":{"uid":"repressions:29f292aecdaa","layer":"repressions","layer_title":"Места репрессий и спецпоселений","group":"hardship","title":"Verchnje Sin'ovydne concentration camp","category":"концентрационный лагерь","date_precision":"unknown","date_approx":false,"url":"https://www.wikidata.org/wiki/Q53866363","source":"Викиданные","source_id":"Q53866363","license":"CC0 (Викиданные)","confidence":"ok"}},{"type":"Feature","id":"repressions:37453ed47ca2","geometry":{"type":"Point","coordinates":[24.581353,54.21171]},"properties":{"uid":"repressions:37453ed47ca2","layer":"repressions","layer_title":"Места репрессий и спецпоселений","group":"hardship","title":"Varena concentration camp","category":"концентрационный лагерь","date_precision":"unknown","date_approx":false,"url":"https://www.wikidata.org/wiki/Q53866361","source":"Викиданные","source_id":"Q53866361","license":"CC0 (Викиданные)","confidence":"ok"}},{"type":"Feature","id":"repressions:4e07790b4638","geometry":{"type":"Point","coordinates":[27.695966,59.338716]},"properties":{"uid":"repressions:4e07790b4638","layer":"repressions","layer_title":"Места репрессий и спецпоселений","group":"hardship","title":"Viivikonna concentration camp","category":"концентрационный лагерь","date_precision":"unknown","date_approx":false,"url":"https://www.wikidata.org/wiki/Q53866366","source":"Викиданные","source_id":"Q53866366","license":"CC0 (Викиданные)","confidence":"ok"}},{"type":"Feature","id":"repressions:89ca8c78197c","geometry":{"type":"Point","coordinates":[22.894168,55.403165]},"properties":{"uid":"repressions:89ca8c78197c","layer":"repressions","layer_title":"Места репрессий и спецпоселений","group":"hardship","title":"Vidukle concentration camp","category":"концентрационный лагерь","date_precision":"unknown","date_approx":false,"url":"https://www.wikidata.org/wiki/Q53866364","source":"Викиданные","source_id":"Q53866364","license":"CC0 (Викиданные)","confidence":"ok"}},{"type":"Feature","id":"repressions:b95ac298928e","geometry":{"type":"Point","coordinates":[23.463889,50.129444]},"properties":{"uid":"repressions:b95ac298928e","layer":"repressions","layer_title":"Места репрессий и спецпоселений","group":"hardship","title":"Vorobljacyn concentration camp","category":"концентрационный лагерь","date_precision":"unknown","date_approx":false,"url":"https://www.wikidata.org/wiki/Q53866368","source":"Викиданные","source_id":"Q53866368","license":"CC0 (Викиданные)","confidence":"ok"}},{"type":"Feature","id":"repressions:c649beae0461","geometry":{"type":"Point","coordinates":[24.140476,49.818317]},"properties":{"uid":"repressions:c649beae0461","layer":"repressions","layer_title":"Места репрессий и спецпоселений","group":"hardship","title":"Weinbergen concentration camp","category":"концентрационный лагерь","date_precision":"unknown","date_approx":false,"url":"https://www.wikidata.org/wiki/Q53866382","source":"Викиданные","source_id":"Q53866382","license":"CC0 (Викиданные)","confidence":"ok"}},{"type":"Feature","id":"repressions:48269a463d69","geometry":{"type":"Point","coordinates":[26.362413,59.349106]},"properties":{"uid":"repressions:48269a463d69","layer":"repressions","layer_title":"Места репрессий и спецпоселений","group":"hardship","title":"Wesenberg concentration camp","category":"концентрационный лагерь","date_precision":"unknown","date_approx":false,"url":"https://www.wikidata.org/wiki/Q53866386","source":"Викиданные","source_id":"Q53866386","license":"CC0 (Викиданные)","confidence":"ok"}},{"type":"Feature","id":"repressions:cd5cee72eefc","geometry":{"type":"Point","coordinates":[24.034444,49.993333]},"properties":{"uid":"repressions:cd5cee72eefc","layer":"repressions","layer_title":"Места репрессий и спецпоселений","group":"hardship","title":"Wiesenberg concentration camp","category":"концентрационный лагерь","date_precision":"unknown","date_approx":false,"url":"https://www.wikidata.org/wiki/Q53866431","source":"Викиданные","source_id":"Q53866431","license":"CC0 (Викиданные)","confidence":"ok"}},{"type":"Feature","id":"repressions:707145531f82","geometry":{"type":"Point","coordinates":[24.894288,49.806527]},"properties":{"uid":"repressions:707145531f82","layer":"repressions","layer_title":"Места репрессий и спецпоселений","group":"hardship","title":"Zolociv concentration camp","category":"концентрационный лагерь","date_precision":"unknown","date_approx":false,"url":"https://www.wikidata.org/wiki/Q53866479","source":"Викиданные","source_id":"Q53866479","license":"CC0 (Викиданные)","confidence":"ok"}},{"type":"Feature","id":"repressions:aa55a7e246c6","geometry":{"type":"Point","coordinates":[24.169106,49.990024]},"properties":{"uid":"repressions:aa55a7e246c6","layer":"repressions","layer_title":"Места репрессий и спецпоселений","group":"hardship","title":"Zvertiv concentration camp","category":"концентрационный лагерь","date_precision":"unknown","date_approx":false,"url":"https://www.wikidata.org/wiki/Q53866482","source":"Викиданные","source_id":"Q53866482","license":"CC0 (Викиданные)","confidence":"ok"}},{"type":"Feature","id":"repressions:febb3f763e2d","geometry":{"type":"Point","coordinates":[24.142183,49.385339]},"properties":{"uid":"repressions:febb3f763e2d","layer":"repressions","layer_title":"Места репрессий и спецпоселений","group":"hardship","title":"Žydaciv concentration camp","category":"концентрационный лагерь","date_precision":"unknown","date_approx":false,"url":"https://www.wikidata.org/wiki/Q53866485","source":"Викиданные","source_id":"Q53866485","license":"CC0 (Викиданные)","confidence":"ok"}},{"type":"Feature","id":"repressions:d8cc54365ed8","geometry":{"type":"Point","coordinates":[27.48086,53.9311]},"properties":{"uid":"repressions:d8cc54365ed8","layer":"repressions","layer_title":"Места репрессий и спецпоселений","group":"hardship","title":"Masiukoŭščyna extermination camp","category":"лагерь смерти нацистской Германии","place_text":"Минск","region":"Минск","date_precision":"unknown","date_approx":false,"url":"https://www.wikidata.org/wiki/Q54313364","image_url":"http://commons.wikimedia.org/wiki/Special:FilePath/%D0%9C%D0%B0%D1%81%D1%8E%D0%BA%D0%BE%D0%B2%D1%89%D0%B8%D0%BD%D0%B0%20-%20%D0%9C%D0%BE%D0%BD%D1%83%D0%BC%D0%B5%D0%BD%D1%82%20%D0%BD%D0%B0%20%D0%BC%D0%B5%D1%81%D1%82%D0%B5%20%D0%BB%D0%B0%D0%B3%D0%B5%D1%80%D1%8F%20%D1%81%D0%BC%D0%B5%D1%80%D1%82%D0%B8%202.jpg","source":"Викиданные","source_id":"Q54313364","license":"CC0 (Викиданные)","confidence":"ok"}},{"type":"Feature","id":"repressions:2662cf700107","geometry":{"type":"Point","coordinates":[25.285045,54.676513]},"properties":{"uid":"repressions:2662cf700107","layer":"repressions","layer_title":"Места репрессий и спецпоселений","group":"hardship","title":"Wilna (Beutesammelstelle) concentration camp","category":"концентрационный лагерь","date_precision":"unknown","date_approx":false,"url":"https://www.wikidata.org/wiki/Q55217528","source":"Викиданные","source_id":"Q55217528","license":"CC0 (Викиданные)","confidence":"ok"}},{"type":"Feature","id":"repressions:6a2e2569bfc6","geometry":{"type":"Point","coordinates":[25.280024,54.689386]},"properties":{"uid":"repressions:6a2e2569bfc6","layer":"repressions","layer_title":"Места репрессий и спецпоселений","group":"hardship","title":"Wilna (Rossa-Straße) concentration camp","category":"концентрационный лагерь","date_precision":"unknown","date_approx":false,"url":"https://www.wikidata.org/wiki/Q55219049","source":"Викиданные","source_id":"Q55219049","license":"CC0 (Викиданные)","confidence":"ok"}},{"type":"Feature","id":"repressions:cfd57a8849fa","geometry":{"type":"Point","coordinates":[37.576833,55.753472]},"properties":{"uid":"repressions:cfd57a8849fa","layer":"repressions","layer_title":"Места репрессий и спецпоселений","group":"hardship","title":"Новинская женская тюрьма","category":"тюрьма","date_precision":"unknown","date_approx":false,"url":"https://ru.wikipedia.org/wiki/%D0%9D%D0%BE%D0%B2%D0%B8%D0%BD%D1%81%D0%BA%D0%B0%D1%8F_%D0%B6%D0%B5%D0%BD%D1%81%D0%BA%D0%B0%D1%8F_%D1%82%D1%8E%D1%80%D1%8C%D0%BC%D0%B0","source":"Викиданные","source_id":"Q55658672","license":"CC0 (Викиданные)","confidence":"ok"}},{"type":"Feature","id":"repressions:9a92ee1629a1","geometry":{"type":"Point","coordinates":[26.907981,54.490406]},"properties":{"uid":"repressions:9a92ee1629a1","layer":"repressions","layer_title":"Места репрессий и спецпоселений","group":"hardship","title":"Вілейская турма","category":"тюрьма","place_text":"Вилейка","region":"Вилейка","year_from":1800,"year_to":1964,"date_precision":"part","date_approx":true,"period_raw":"до 1964","url":"https://www.wikidata.org/wiki/Q60709930","image_url":"http://commons.wikimedia.org/wiki/Special:FilePath/%D0%91%D1%83%D0%B4%D1%8B%D0%BD%D0%B0%D0%BA%20%D0%B1%D1%8B%D0%BB%D0%BE%D0%B9%20%D0%B2%D1%96%D0%BB%D0%B5%D0%B9%D1%81%D0%BA%D0%B0%D0%B9%20%D1%82%D1%83%D1%80%D0%BC%D1%8B.jpg","source":"Викиданные","source_id":"Q60709930","license":"CC0 (Викиданные)","confidence":"ok"}},{"type":"Feature","id":"repressions:59884e43be81","geometry":{"type":"Point","coordinates":[136.5065,50.1037]},"properties":{"uid":"repressions:59884e43be81","layer":"repressions","layer_title":"Места репрессий и спецпоселений","group":"hardship","title":"Снежинка","category":"исправительная колония","place_text":"Эльбан","region":"Эльбан","year_from":2017,"year_to":2017,"date_precision":"part","date_approx":true,"period_raw":"с 2017","url":"https://ru.wikipedia.org/wiki/%D0%A1%D0%BD%D0%B5%D0%B6%D0%B8%D0%BD%D0%BA%D0%B0_(%D0%BA%D0%BE%D0%BB%D0%BE%D0%BD%D0%B8%D1%8F)","source":"Викиданные","source_id":"Q60974850","license":"CC0 (Викиданные)","confidence":"ok"}},{"type":"Feature","id":"repressions:2206caa4216e","geometry":{"type":"Point","coordinates":[25.361944,52.853056]},"properties":{"uid":"repressions:2206caa4216e","layer":"repressions","layer_title":"Места репрессий и спецпоселений","group":"hardship","title":"Q65319535","category":"исправительная колония","place_text":"Ивацевичский район","region":"Ивацевичский район","year_from":1993,"year_to":1993,"date_precision":"part","date_approx":true,"period_raw":"с 1993","url":"https://www.wikidata.org/wiki/Q65319535","source":"Викиданные","source_id":"Q65319535","license":"CC0 (Викиданные)","confidence":"ok"}},{"type":"Feature","id":"repressions:bb2100fad788","geometry":{"type":"Point","coordinates":[30.354296,53.900743]},"properties":{"uid":"repressions:bb2100fad788","layer":"repressions","layer_title":"Места репрессий и спецпоселений","group":"hardship","title":"Могила жертв фашизма (Могилев)","category":"братская могила","place_text":"Могилёв","region":"Могилёв","date_precision":"unknown","date_approx":false,"url":"https://ru.wikipedia.org/wiki/%D0%9C%D0%BE%D0%B3%D0%B8%D0%BB%D0%B0_%D0%B6%D0%B5%D1%80%D1%82%D0%B2_%D1%84%D0%B0%D1%88%D0%B8%D0%B7%D0%BC%D0%B0_(%D0%9C%D0%BE%D0%B3%D0%B8%D0%BB%D1%91%D0%B2)","image_url":"http://commons.wikimedia.org/wiki/Special:FilePath/Ghetto%20Mahilyow%202c.jpg","source":"Викиданные","source_id":"Q66305845","license":"CC0 (Викиданные)","confidence":"ok"}},{"type":"Feature","id":"repressions:7df9bf27a85f","geometry":{"type":"Point","coordinates":[30.3147,59.95157]},"properties":{"uid":"repressions:7df9bf27a85f","layer":"repressions","layer_title":"Места репрессий и спецпоселений","group":"hardship","title":"Некрополь Красного террора в Петропавловской крепости","category":"братская могила","date_precision":"unknown","date_approx":false,"url":"https://ru.wikipedia.org/wiki/%D0%9D%D0%B5%D0%BA%D1%80%D0%BE%D0%BF%D0%BE%D0%BB%D1%8C_%D0%9A%D1%80%D0%B0%D1%81%D0%BD%D0%BE%D0%B3%D0%BE_%D1%82%D0%B5%D1%80%D1%80%D0%BE%D1%80%D0%B0_%D0%B2_%D0%9F%D0%B5%D1%82%D1%80%D0%BE%D0%BF%D0%B0%D0%B2%D0%BB%D0%BE%D0%B2%D1%81%D0%BA%D0%BE%D0%B9_%D0%BA%D1%80%D0%B5%D0%BF%D0%BE%D1%81%D1%82%D0%B8","image_url":"http://commons.wikimedia.org/wiki/Special:FilePath/Petrogradsky%20District%2C%20St%20Petersburg%2C%20Russia%20-%20panoramio%20%2841%29.jpg","source":"Викиданные","source_id":"Q78643029","license":"CC0 (Викиданные)","confidence":"ok"}},{"type":"Feature","id":"repressions:3ed5d7f41c57","geometry":{"type":"Point","coordinates":[50.652069,55.365292]},"properties":{"uid":"repressions:3ed5d7f41c57","layer":"repressions","layer_title":"Места репрессий и спецпоселений","group":"hardship","title":"Чистопольская тюрьма","category":"тюрьма","place_text":"Чистополь","region":"Чистополь","date_precision":"unknown","date_approx":false,"url":"https://ru.wikipedia.org/wiki/%D0%A7%D0%B8%D1%81%D1%82%D0%BE%D0%BF%D0%BE%D0%BB%D1%8C%D1%81%D0%BA%D0%B0%D1%8F_%D1%82%D1%8E%D1%80%D1%8C%D0%BC%D0%B0","source":"Викиданные","source_id":"Q86682168","license":"CC0 (Викиданные)","confidence":"ok"}},{"type":"Feature","id":"repressions:5dd2b65406aa","geometry":{"type":"Point","coordinates":[28.685475,50.270714]},"properties":{"uid":"repressions:5dd2b65406aa","layer":"repressions","layer_title":"Места репрессий и спецпоселений","group":"hardship","title":"Житомирська установа виконання покарань","category":"тюрьма","place_text":"Житомир","region":"Житомир","year_from":1914,"year_to":1960,"date_precision":"part","date_approx":true,"period_raw":"с 1914","url":"https://www.wikidata.org/wiki/Q97191741","source":"Викиданные","source_id":"Q97191741","license":"CC0 (Викиданные)","confidence":"ok"}},{"type":"Feature","id":"repressions:228b71769c03","geometry":{"type":"Point","coordinates":[24.211675,54.921476]},"properties":{"uid":"repressions:228b71769c03","layer":"repressions","layer_title":"Места репрессий и спецпоселений","group":"hardship","title":"Правенишкская колония","category":"тюрьма","date_precision":"unknown","date_approx":false,"url":"https://ru.wikipedia.org/wiki/%D0%9F%D1%80%D0%B0%D0%B2%D0%B5%D0%BD%D0%B8%D1%88%D0%BA%D1%81%D0%BA%D0%B0%D1%8F_%D0%BA%D0%BE%D0%BB%D0%BE%D0%BD%D0%B8%D1%8F","source":"Викиданные","source_id":"Q97345009","license":"CC0 (Викиданные)","confidence":"ok"}},{"type":"Feature","id":"repressions:0982464584e9","geometry":{"type":"Point","coordinates":[23.133,55.386]},"properties":{"uid":"repressions:0982464584e9","layer":"repressions","layer_title":"Места репрессий и спецпоселений","group":"hardship","title":"Raseinių kalėjimas","category":"тюрьма","date_precision":"unknown","date_approx":false,"url":"https://www.wikidata.org/wiki/Q97345012","image_url":"http://commons.wikimedia.org/wiki/Special:FilePath/Kal%C4%97jimas%2C%20Raseiniai.JPG","source":"Викиданные","source_id":"Q97345012","license":"CC0 (Викиданные)","confidence":"ok"}},{"type":"Feature","id":"repressions:a95e411d93e5","geometry":{"type":"Point","coordinates":[34.356088,61.789465]},"properties":{"uid":"repressions:a95e411d93e5","layer":"repressions","layer_title":"Места репрессий и спецпоселений","group":"hardship","title":"замок тюремный губернский, флигель (Петрозаводск)","category":"тюрьма","place_text":"Петрозаводск","region":"Петрозаводск","year_from":1860,"year_to":1960,"date_precision":"part","date_approx":true,"period_raw":"с 1860","url":"https://www.wikidata.org/wiki/Q106302583","image_url":"http://commons.wikimedia.org/wiki/Special:FilePath/%D0%9F%D0%B5%D1%82%D1%80%D0%BE%D0%B7%D0%B0%D0%B2%D0%BE%D0%B4%D1%81%D0%BA%2C%20%D0%A4%D0%BB%D0%B8%D0%B3%D0%B5%D0%BB%D1%8C%20%D1%82%D1%8E%D1%80%D0%B5%D0%BC%D0%BD%D0%BE%D0%B3%D0%BE%20%D0%B7%D0%B0%D0%BC%D0%BA%D0%B0%20%28%D0%93%D0%B5%D1%80%D1%86%D0%B5%D0%BD%D0%B0%2051%29%20%28%D0%B2%D0%B8%D0%B4%201%29.jpg","source":"Викиданные","source_id":"Q106302583","license":"CC0 (Викиданные)","confidence":"ok"}},{"type":"Feature","id":"repressions:621c2623a6fc","geometry":{"type":"Point","coordinates":[46.756397,39.766819]},"properties":{"uid":"repressions:621c2623a6fc","layer":"repressions","layer_title":"Места репрессий и спецпоселений","group":"hardship","title":"Shusha Prison","category":"тюрьма","place_text":"Шуша","region":"Шуша","year_from":1848,"year_to":1960,"date_precision":"part","date_approx":true,"period_raw":"с 1848","url":"https://www.wikidata.org/wiki/Q106423582","image_url":"http://commons.wikimedia.org/wiki/Special:FilePath/Shushi%20prison%2002.JPG","source":"Викиданные","source_id":"Q106423582","license":"CC0 (Викиданные)","confidence":"ok"}},{"type":"Feature","id":"repressions:1cdc4f7f1401","geometry":{"type":"Point","coordinates":[34.39243,61.778926]},"properties":{"uid":"repressions:1cdc4f7f1401","layer":"repressions","layer_title":"Места репрессий и спецпоселений","group":"hardship","title":"Братская могила жертв политических репрессий (Петрозаводск)","category":"братская могила","place_text":"Петрозаводск","region":"Петрозаводск","date_precision":"unknown","date_approx":false,"url":"https://www.wikidata.org/wiki/Q106426206","image_url":"http://commons.wikimedia.org/wiki/Special:FilePath/%D0%91%D1%80%D0%B0%D1%82%D1%81%D0%BA%D0%B0%D1%8F%20%D0%BC%D0%BE%D0%B3%D0%B8%D0%BB%D0%B0%20%D0%B6%D0%B5%D1%80%D1%82%D0%B2%20%D0%BF%D0%BE%D0%BB%D0%B8%D1%82%D0%B8%D1%87%D0%B5%D1%81%D0%BA%D0%B8%D1%85%20%D1%80%D0%B5%D0%BF%D1%80%D0%B5%D1%81%D1%81%D0%B8%D0%B9.jpg","source":"Викиданные","source_id":"Q106426206","license":"CC0 (Викиданные)","confidence":"ok"}},{"type":"Feature","id":"repressions:4b5b4a957e24","geometry":{"type":"Point","coordinates":[32.968192,60.981279]},"properties":{"uid":"repressions:4b5b4a957e24","layer":"repressions","layer_title":"Места репрессий и спецпоселений","group":"hardship","title":"Братская могила воинов и крестьян, расстрелянных белогвардейцами (Олонец)","category":"мемориал","place_text":"Олонец","region":"Олонец","date_precision":"unknown","date_approx":false,"url":"https://www.wikidata.org/wiki/Q106466025","image_url":"http://commons.wikimedia.org/wiki/Special:FilePath/%D0%9E%D0%BB%D0%BE%D0%BD%D0%B5%D1%86%2C%20%D0%B1%D1%80%D0%B0%D1%82%D1%81%D0%BA%D0%B0%D1%8F%20%D0%BC%D0%BE%D0%B3%D0%B8%D0%BB%D0%B0%20%D1%83%20%D1%81%D1%82%D0%B0%D0%B4%D0%B8%D0%BE%D0%BD%D0%B0%2C%20%D0%BE%D0%B1%D1%89%D0%B8%D0%B9%20%D0%B2%D0%B8%D0%B4.jpg","source":"Викиданные","source_id":"Q106466025","license":"CC0 (Викиданные)","confidence":"ok"}},{"type":"Feature","id":"repressions:660b00c674a1","geometry":{"type":"Point","coordinates":[30.591072,64.588153]},"properties":{"uid":"repressions:660b00c674a1","layer":"repressions","layer_title":"Места репрессий и спецпоселений","group":"hardship","title":"Братская могила коммунистов деревни Контокки, расстрелянных белофиннами (Костомукша)","category":"братская могила","place_text":"Костомукша","region":"Костомукша","date_precision":"unknown","date_approx":false,"url":"https://www.wikidata.org/wiki/Q106474106","image_url":"http://commons.wikimedia.org/wiki/Special:FilePath/%D0%9A%D0%BE%D1%81%D1%82%D0%BE%D0%BC%D1%83%D0%BA%D1%88%D0%B0%2C%20%D0%B1%D1%80%D0%B0%D1%82%D1%81%D0%BA%D0%B0%D1%8F%20%D0%BC%D0%BE%D0%B3%D0%B8%D0%BB%D0%B0%2010-311.jpg","source":"Викиданные","source_id":"Q106474106","license":"CC0 (Викиданные)","confidence":"ok"}},{"type":"Feature","id":"repressions:b307cc208e45","geometry":{"type":"Point","coordinates":[33.579929,64.401182]},"properties":{"uid":"repressions:b307cc208e45","layer":"repressions","layer_title":"Места репрессий и спецпоселений","group":"hardship","title":"Братская могила коммунистов, расстрелянных в 1921-1922 гг. белофинскими интервентами (Машезеро)","category":"братская могила","place_text":"Машезеро","region":"Машезеро","date_precision":"unknown","date_approx":false,"url":"https://www.wikidata.org/wiki/Q106497418","source":"Викиданные","source_id":"Q106497418","license":"CC0 (Викиданные)","confidence":"ok"}},{"type":"Feature","id":"repressions:11c7d7e58f0a","geometry":{"type":"Point","coordinates":[36.253382,63.923507]},"properties":{"uid":"repressions:11c7d7e58f0a","layer":"repressions","layer_title":"Места репрессий и спецпоселений","group":"hardship","title":"Братская могила коммунистов, расстрелянных интервентами в 1919 г. (Нюхча)","category":"братская могила","place_text":"Нюхча","region":"Нюхча","date_precision":"unknown","date_approx":false,"url":"https://www.wikidata.org/wiki/Q106497419","source":"Викиданные","source_id":"Q106497419","license":"CC0 (Викиданные)","confidence":"ok"}},{"type":"Feature","id":"repressions:848fd589ca2c","geometry":{"type":"Point","coordinates":[34.61284,64.951669]},"properties":{"uid":"repressions:848fd589ca2c","layer":"repressions","layer_title":"Места репрессий и спецпоселений","group":"hardship","title":"Братская могила членов Кемского уездного совета, расстрелянных интервентами (Кемь)","category":"братская могила","place_text":"Кемь","region":"Кемь","year_from":1918,"year_to":1960,"date_precision":"part","date_approx":true,"period_raw":"с 1918","url":"https://www.wikidata.org/wiki/Q106516066","image_url":"http://commons.wikimedia.org/wiki/Special:FilePath/%D0%9A%D0%B5%D0%BC%D1%8C%2C%20%D0%BF%D0%B0%D0%BC%D1%8F%D1%82%D0%BD%D0%B8%D0%BA%20%D0%BF%D0%B0%D0%B2%D1%88%D0%B8%D0%BC%20%D0%B7%D0%B0%20%D0%B4%D0%B5%D0%BB%D0%BE%20%D1%80%D0%B5%D0%B2%D0%BE%D0%BB%D1%8E%D1%86%D0%B8%D0%B8.jpg","source":"Викиданные","source_id":"Q106516066","license":"CC0 (Викиданные)","confidence":"ok"}},{"type":"Feature","id":"repressions:fa6b763640f6","geometry":{"type":"Point","coordinates":[36.471156,61.740136]},"properties":{"uid":"repressions:fa6b763640f6","layer":"repressions","layer_title":"Места репрессий и спецпоселений","group":"hardship","title":"Место массовых захоронений жертв политических репрессий (Чернореченский)","category":"братская могила","place_text":"Чернореченский","region":"Чернореченский","year_from":1930,"year_to":1960,"date_precision":"part","date_approx":true,"period_raw":"с 1930","url":"https://www.wikidata.org/wiki/Q106564384","image_url":"http://commons.wikimedia.org/wiki/Special:FilePath/%D0%9F%D1%83%D0%B4%D0%BE%D0%B6%D1%81%D0%BA%D0%B8%D0%B9%20%D1%80-%D0%BD%2C%20%D0%A7%D0%B5%D1%80%D0%BD%D0%BE%D1%80%D0%B5%D1%87%D0%B5%D0%BD%D1%81%D0%BA%D0%B8%D0%B9%2C%20%D0%BA%D0%BB%D0%B0%D0%B4%D0%B1%D0%B8%D1%89%D0%B5%20%D1%80%D0%B5%D0%BF%D1%80%D0%B5%D1%81%D1%81%D0%B8%D1%80%D0%BE%D0%B2%D0%B0%D0%BD%D0%BD%D1%8B%D1%85%20%281%29.jpg","source":"Викиданные","source_id":"Q106564384","license":"CC0 (Викиданные)","confidence":"ok"}},{"type":"Feature","id":"repressions:cc7980e7216b","geometry":{"type":"Point","coordinates":[32.797966,64.095476]},"properties":{"uid":"repressions:cc7980e7216b","layer":"repressions","layer_title":"Места репрессий и спецпоселений","group":"hardship","title":"Братская могила девяти сельских коммунистов и активистов, расстрелянных белофиннами (Ругозеро)","category":"братская могила","place_text":"Ругозеро","region":"Ругозеро","year_from":1921,"year_to":1960,"date_precision":"part","date_approx":true,"period_raw":"с 1921","url":"https://www.wikidata.org/wiki/Q106564688","image_url":"http://commons.wikimedia.org/wiki/Special:FilePath/%D0%91%D1%80%D0%B0%D1%82%D1%81%D0%BA%D0%B0%D1%8F%20%D0%BC%D0%BE%D0%B3%D0%B8%D0%BB%D0%B0%20%D1%80%D1%83%D0%B3%D0%BE%D0%B7%D0%B5%D1%80%D1%81%D0%BA%D0%B8%D1%85%20%D0%BA%D0%BE%D0%BC%D0%BC%D1%83%D0%BD%D0%B0%D1%80%D0%BE%D0%B2%202.jpg","source":"Викиданные","source_id":"Q106564688","license":"CC0 (Викиданные)","confidence":"ok"}},{"type":"Feature","id":"repressions:11517e095748","geometry":{"type":"Point","coordinates":[31.16276,63.426195]},"properties":{"uid":"repressions:11517e095748","layer":"repressions","layer_title":"Места репрессий и спецпоселений","group":"hardship","title":"Братская могила 11 красноармейцев и председателя Лужнинского Cовета Л.В. Константинова, расстрелянных белофиннами (Лендеры)","category":"братская могила","place_text":"Лендеры","region":"Лендеры","year_from":1921,"year_to":1960,"date_precision":"part","date_approx":true,"period_raw":"с 1921","url":"https://www.wikidata.org/wiki/Q106564699","source":"Викиданные","source_id":"Q106564699","license":"CC0 (Викиданные)","confidence":"ok"}},{"type":"Feature","id":"repressions:2a342b1e72ca","geometry":{"type":"Point","coordinates":[40.981152,56.996065]},"properties":{"uid":"repressions:2a342b1e72ca","layer":"repressions","layer_title":"Места репрессий и спецпоселений","group":"hardship","title":"Братская могила рабочих, расстрелянных в 1915 г. во время демонстрации, требовавшей прекращения империалистической войны (Иваново)","category":"братская могила","place_text":"Иваново","region":"Иваново","year_from":1975,"year_to":1975,"date_precision":"part","date_approx":true,"period_raw":"с 1975","url":"https://www.wikidata.org/wiki/Q106733508","image_url":"http://commons.wikimedia.org/wiki/Special:FilePath/Ivanovo%20RevolutionSquare%20001%207462.jpg","source":"Викиданные","source_id":"Q106733508","license":"CC0 (Викиданные)","confidence":"ok"}},{"type":"Feature","id":"repressions:8ddae09e714a","geometry":{"type":"Point","coordinates":[25.36229,52.85293]},"properties":{"uid":"repressions:8ddae09e714a","layer":"repressions","layer_title":"Места репрессий и спецпоселений","group":"hardship","title":"Исправительная колония № 22","category":"исправительная колония","place_text":"Доманово","region":"Доманово","year_from":1993,"year_to":1993,"date_precision":"part","date_approx":true,"period_raw":"с 1993","url":"https://www.wikidata.org/wiki/Q106939154","source":"Викиданные","source_id":"Q106939154","license":"CC0 (Викиданные)","confidence":"ok"}},{"type":"Feature","id":"repressions:db5e058aa62a","geometry":{"type":"Point","coordinates":[31.15227,52.61367]},"properties":{"uid":"repressions:db5e058aa62a","layer":"repressions","layer_title":"Места репрессий и спецпоселений","group":"hardship","title":"Исправительная колония-поселение № 21","category":"исправительная колония","date_precision":"unknown","date_approx":false,"url":"https://www.wikidata.org/wiki/Q106939152","source":"Викиданные","source_id":"Q106939152","license":"CC0 (Викиданные)","confidence":"ok"}},{"type":"Feature","id":"repressions:715316c72cd6","geometry":{"type":"Point","coordinates":[23.83217,53.67889]},"properties":{"uid":"repressions:715316c72cd6","layer":"repressions","layer_title":"Места репрессий и спецпоселений","group":"hardship","title":"Тюрьма № 1","category":"тюрьма","place_text":"Гродно","region":"Гродно","date_precision":"unknown","date_approx":false,"url":"https://www.wikidata.org/wiki/Q106939158","source":"Викиданные","source_id":"Q106939158","license":"CC0 (Викиданные)","confidence":"ok"}},{"type":"Feature","id":"repressions:01f46b51d186","geometry":{"type":"Point","coordinates":[30.356659,53.941926]},"properties":{"uid":"repressions:01f46b51d186","layer":"repressions","layer_title":"Места репрессий и спецпоселений","group":"hardship","title":"Тюрьма № 4","category":"тюрьма","place_text":"Могилёв","region":"Могилёв","date_precision":"unknown","date_approx":false,"url":"https://www.wikidata.org/wiki/Q106939159","source":"Викиданные","source_id":"Q106939159","license":"CC0 (Викиданные)","confidence":"ok"}},{"type":"Feature","id":"repressions:267abf69b5e7","geometry":{"type":"Point","coordinates":[31.006924,52.438151]},"properties":{"uid":"repressions:267abf69b5e7","layer":"repressions","layer_title":"Места репрессий и спецпоселений","group":"hardship","title":"Следственный изолятор № 3","category":"следственный изолятор","place_text":"Гомель","region":"Гомель","date_precision":"unknown","date_approx":false,"url":"https://www.wikidata.org/wiki/Q106939162","image_url":"http://commons.wikimedia.org/wiki/Special:FilePath/%D0%A1%D0%B8%D0%B7%D0%BE%20%E2%84%963%20%D0%B2%20%D0%93%D0%BE%D0%BC%D0%B5%D0%BB%D0%B5.jpg","source":"Викиданные","source_id":"Q106939162","license":"CC0 (Викиданные)","confidence":"ok"}},{"type":"Feature","id":"repressions:aea12e38c36c","geometry":{"type":"Point","coordinates":[29.238432,53.128775]},"properties":{"uid":"repressions:aea12e38c36c","layer":"repressions","layer_title":"Места репрессий и спецпоселений","group":"hardship","title":"Следственный изолятор № 5","category":"следственный изолятор","place_text":"Бобруйск","region":"Бобруйск","date_precision":"unknown","date_approx":false,"url":"https://www.wikidata.org/wiki/Q106939163","source":"Викиданные","source_id":"Q106939163","license":"CC0 (Викиданные)","confidence":"ok"}},{"type":"Feature","id":"repressions:630816dfd6c4","geometry":{"type":"Point","coordinates":[28.365895,54.111217]},"properties":{"uid":"repressions:630816dfd6c4","layer":"repressions","layer_title":"Места репрессий и спецпоселений","group":"hardship","title":"Тюрьма № 8","category":"тюрьма","place_text":"Жодино","region":"Жодино","date_precision":"unknown","date_approx":false,"url":"https://www.wikidata.org/wiki/Q106939160","source":"Викиданные","source_id":"Q106939160","license":"CC0 (Викиданные)","confidence":"ok"}},{"type":"Feature","id":"repressions:618e136cd7e9","geometry":{"type":"Point","coordinates":[30.213251,55.204982]},"properties":{"uid":"repressions:618e136cd7e9","layer":"repressions","layer_title":"Места репрессий и спецпоселений","group":"hardship","title":"Следственный изолятор № 2","category":"следственный изолятор","place_text":"Витебск","region":"Витебск","date_precision":"unknown","date_approx":false,"url":"https://www.wikidata.org/wiki/Q106939161","source":"Викиданные","source_id":"Q106939161","license":"CC0 (Викиданные)","confidence":"ok"}},{"type":"Feature","id":"repressions:0732dc2e782f","geometry":{"type":"Point","coordinates":[25.965728,53.113661]},"properties":{"uid":"repressions:0732dc2e782f","layer":"repressions","layer_title":"Места репрессий и спецпоселений","group":"hardship","title":"Следственный изолятор № 6","category":"следственный изолятор","place_text":"Барановичи","region":"Барановичи","date_precision":"unknown","date_approx":false,"url":"https://www.wikidata.org/wiki/Q106939164","source":"Викиданные","source_id":"Q106939164","license":"CC0 (Викиданные)","confidence":"ok"}},{"type":"Feature","id":"repressions:2924a1f7f340","geometry":{"type":"Point","coordinates":[30.22376,55.21207]},"properties":{"uid":"repressions:2924a1f7f340","layer":"repressions","layer_title":"Места репрессий и спецпоселений","group":"hardship","title":"Лечебно-трудовой профилакторий № 9","category":"лечебно-трудовой профилакторий","place_text":"Витебск","region":"Витебск","date_precision":"unknown","date_approx":false,"url":"https://www.wikidata.org/wiki/Q106939175","source":"Викиданные","source_id":"Q106939175","license":"CC0 (Викиданные)","confidence":"ok"}},{"type":"Feature","id":"repressions:11bc0a029b81","geometry":{"type":"Point","coordinates":[29.21915,53.18707]},"properties":{"uid":"repressions:11bc0a029b81","layer":"repressions","layer_title":"Места репрессий и спецпоселений","group":"hardship","title":"Воспитательная колония № 2","category":"исправительная колония","place_text":"Бобруйск","region":"Бобруйск","year_from":1939,"year_to":1960,"date_precision":"part","date_approx":true,"period_raw":"с 1939","url":"https://www.wikidata.org/wiki/Q106939176","source":"Викиданные","source_id":"Q106939176","license":"CC0 (Викиданные)","confidence":"ok"}},{"type":"Feature","id":"repressions:548d954c0bb9","geometry":{"type":"Point","coordinates":[28.766198,60.715022]},"properties":{"uid":"repressions:548d954c0bb9","layer":"repressions","layer_title":"Места репрессий и спецпоселений","group":"hardship","title":"Губернская тюрьма (Выборг)","category":"здание","place_text":"Выборг","region":"Выборг","year_from":1871,"year_to":1960,"date_precision":"part","date_approx":true,"period_raw":"с 1871","url":"https://ru.wikipedia.org/wiki/%D0%A1%D0%98%D0%97%D0%9E_%E2%84%96_3_(%D0%92%D1%8B%D0%B1%D0%BE%D1%80%D0%B3)","image_url":"http://commons.wikimedia.org/wiki/Special:FilePath/Prisonvyborg.jpg","source":"Викиданные","source_id":"Q107135411","license":"CC0 (Викиданные)","confidence":"ok"}},{"type":"Feature","id":"repressions:c510313c1f6d","geometry":{"type":"Point","coordinates":[59.67136,55.17148]},"properties":{"uid":"repressions:c510313c1f6d","layer":"repressions","layer_title":"Места репрессий и спецпоселений","group":"hardship","title":"Братская могила златоустовских рабочих, расстрелянных царскими войсками. Установлен памятник (Златоуст)","category":"братская могила","place_text":"Златоуст","region":"Златоуст","year_from":1903,"year_to":1960,"date_precision":"part","date_approx":true,"period_raw":"с 1903","url":"https://www.wikidata.org/wiki/Q108263602","image_url":"http://commons.wikimedia.org/wiki/Special:FilePath/Zlatoust%2C%20the%20Square%20of%20the%20III%20International.%20Mass%20grave%20of%20Zlatoust%20workers%20who%20were%20shot%20by%20the%20tsarist%20troops.jpg","source":"Викиданные","source_id":"Q108263602","license":"CC0 (Викиданные)","confidence":"ok"}},{"type":"Feature","id":"repressions:d7ba4dd5fe5a","geometry":{"type":"Point","coordinates":[60.750897,55.89324]},"properties":{"uid":"repressions:d7ba4dd5fe5a","layer":"repressions","layer_title":"Места репрессий и спецпоселений","group":"hardship","title":"Братская могила жертв белогвардейского террора в Каслях в районе 1918-1919 годов (Касли)","category":"братская могила","place_text":"Касли","region":"Касли","date_precision":"unknown","date_approx":false,"url":"https://www.wikidata.org/wiki/Q108263638","image_url":"http://commons.wikimedia.org/wiki/Special:FilePath/%D0%9F%D0%B0%D0%BC%D1%8F%D1%82%D0%BD%D1%8B%D0%B9%20%D0%B7%D0%BD%D0%B0%D0%BA%2C%20%D0%BE%D0%B1%D1%89%D0%B8%D0%B9%20%D0%B2%D0%B8%D0%B4.jpg","source":"Викиданные","source_id":"Q108263638","license":"CC0 (Викиданные)","confidence":"ok"}},{"type":"Feature","id":"repressions:71882cd1de27","geometry":{"type":"Point","coordinates":[60.100628,55.000626]},"properties":{"uid":"repressions:71882cd1de27","layer":"repressions","layer_title":"Места репрессий и спецпоселений","group":"hardship","title":"Братская могила жертв белогвардейского террора в 1918-1919 гг. Установлен памятник (Миасс)","category":"братская могила","place_text":"Миасс","region":"Миасс","date_precision":"unknown","date_approx":false,"url":"https://www.wikidata.org/wiki/Q108263964","image_url":"http://commons.wikimedia.org/wiki/Special:FilePath/%D0%9F%D0%B0%D0%BC%D1%8F%D1%82%D0%BD%D0%B8%D0%BA-%D0%B7%D0%B0%D1%85%D0%BE%D1%80%D0%BE%D0%BD%D0%B5%D0%BD%D0%B8%D0%B5.jpg","source":"Викиданные","source_id":"Q108263964","license":"CC0 (Викиданные)","confidence":"ok"}},{"type":"Feature","id":"repressions:048010b9ae04","geometry":{"type":"Point","coordinates":[65.57422,57.15567]},"properties":{"uid":"repressions:048010b9ae04","layer":"repressions","layer_title":"Места репрессий и спецпоселений","group":"hardship","title":"Братская могила жертв колчаковского террора (Тюмень)","category":"братская могила","place_text":"Тюмень","region":"Тюмень","year_from":1927,"year_to":1960,"date_precision":"part","date_approx":true,"period_raw":"с 1927","url":"https://www.wikidata.org/wiki/Q108331728","image_url":"http://commons.wikimedia.org/wiki/Special:FilePath/%D0%9F%D0%B0%D0%BC%D1%8F%D1%82%D0%BD%D0%B8%D0%BA%20%D0%B6%D0%B5%D1%80%D1%82%D0%B2%D0%B0%D0%BC.%20%D0%91%D0%BE%D0%BB%D0%B5%D0%B5%20%D0%BE%D0%B1%D1%89%D0%B8%D0%B9%20%D0%B2%D0%B8%D0%B4..JPG","source":"Викиданные","source_id":"Q108331728","license":"CC0 (Викиданные)","confidence":"ok"}},{"type":"Feature","id":"repressions:2a40f708cf77","geometry":{"type":"Point","coordinates":[91.518,53.164]},"properties":{"uid":"repressions:2a40f708cf77","layer":"repressions","layer_title":"Места репрессий и спецпоселений","group":"hardship","title":"Братская могила крестьян, выступивших против колчаковского режима и расстреляных в декабре 1918 года карательным отрядом (Новоенисейка)","category":"братская могила","place_text":"Новоенисейка","region":"Новоенисейка","date_precision":"unknown","date_approx":false,"url":"https://www.wikidata.org/wiki/Q108662274","source":"Викиданные","source_id":"Q108662274","license":"CC0 (Викиданные)","confidence":"ok"}},{"type":"Feature","id":"repressions:e147b0b7bb21","geometry":{"type":"Point","coordinates":[91.516,53.163]},"properties":{"uid":"repressions:e147b0b7bb21","layer":"repressions","layer_title":"Места репрессий и спецпоселений","group":"hardship","title":"Братская могила партизан и мирных жителей, расстрелянных белогвардейцами (Новоенисейка)","category":"братская могила","place_text":"Новоенисейка","region":"Новоенисейка","date_precision":"unknown","date_approx":false,"url":"https://www.wikidata.org/wiki/Q108662275","image_url":"http://commons.wikimedia.org/wiki/Special:FilePath/%D0%91%D1%80%D0%B0%D1%82%D1%81%D0%BA%D0%B0%D1%8F%20%D0%BC%D0%BE%D0%B3%D0%B8%D0%BB%D0%B0%2C%20%D1%81.%D0%9D%D0%BE%D0%B2%D0%BE%D0%B5%D0%BD%D0%B8%D1%81%D0%B5%D0%B9%D0%BA%D0%B0%2C%20%D0%A5%D0%B0%D0%BA%D0%B0%D1%81%D0%B8%D1%8F.jpg","source":"Викиданные","source_id":"Q108662275","license":"CC0 (Викиданные)","confidence":"ok"}},{"type":"Feature","id":"repressions:f24e5f2d6536","geometry":{"type":"Point","coordinates":[89.2182,54.5546]},"properties":{"uid":"repressions:f24e5f2d6536","layer":"repressions","layer_title":"Места репрессий и спецпоселений","group":"hardship","title":"Братская могила 70 партизан, расстрелянных и погибших в боях с колчаковцами в марте 1919 года (Чебаки)","category":"братская могила","place_text":"Чебаки","region":"Чебаки","date_precision":"unknown","date_approx":false,"url":"https://www.wikidata.org/wiki/Q108662290","source":"Викиданные","source_id":"Q108662290","license":"CC0 (Викиданные)","confidence":"ok"}},{"type":"Feature","id":"repressions:de6ad9f82a05","geometry":{"type":"Point","coordinates":[53.7834,56.4771]},"properties":{"uid":"repressions:de6ad9f82a05","layer":"repressions","layer_title":"Места репрессий и спецпоселений","group":"hardship","title":"Братская могила 62 красноармейцев, расстрелянных колчаковцами (Сарапул)","category":"братская могила","place_text":"Сарапул","region":"Сарапул","date_precision":"unknown","date_approx":false,"url":"https://www.wikidata.org/wiki/Q110216552","image_url":"http://commons.wikimedia.org/wiki/Special:FilePath/%D0%A1%D1%82%D0%B5%D0%BB%D0%B0%20%D0%BF%D0%BE%D0%B3%D0%B8%D0%B1%D1%88%D0%B8%D0%BC%20%D0%BA%D1%80%D0%B0%D1%81%D0%BD%D0%BE%D0%B0%D1%80%D0%BC%D0%B5%D0%B9%D1%86%D0%B0%D0%BC.jpg","source":"Викиданные","source_id":"Q110216552","license":"CC0 (Викиданные)","confidence":"ok"}},{"type":"Feature","id":"repressions:a284511b4a4b","geometry":{"type":"Point","coordinates":[53.778421,56.935876]},"properties":{"uid":"repressions:a284511b4a4b","layer":"repressions","layer_title":"Места репрессий и спецпоселений","group":"hardship","title":"Братская могила 7 коммунаров, расстрелянных белогвардейцами (Болгуры (станция))","category":"братская могила","place_text":"Болгуры","region":"Болгуры","year_from":1948,"year_to":1960,"date_precision":"part","date_approx":true,"period_raw":"с 1948","url":"https://www.wikidata.org/wiki/Q110216662","image_url":"http://commons.wikimedia.org/wiki/Special:FilePath/%D0%9C%D0%BE%D0%B3%D0%B8%D0%BB%D0%B0%20%D0%BA%D0%BE%D0%BC%D0%BC%D1%83%D0%BD%D0%B8%D1%81%D1%82%D0%BE%D0%B2%2C%D1%80%D0%B0%D1%81%D1%81%D1%82%D1%80%D0%B5%D0%BB%D1%8F%D0%BD%D0%BD%D1%8B%D1%85%20%D0%B1%D0%B5%D0%BB%D0%BE%D0%B3%D0%B2%D0%B0%D1%80%D0%B4%D0%B5%D0%B9%D1%86%D0%B0%D0%BC%D0%B8%20%D0%B2%D0%BE%D0%B7%D0%BB%D0%B5%20%D0%BF%D0%BE%D1%87%D0%B8%D0%BD%D0%BA%D0%B0%20%D0%91%D0%BE%D0%BB%D0%B3%D1%83%D1%80%D1%8B%2001.jpg","source":"Викиданные","source_id":"Q110216662","license":"CC0 (Викиданные)","confidence":"ok"}},{"type":"Feature","id":"repressions:8a07c6d4c05c","geometry":{"type":"Point","coordinates":[54.180674,57.237947]},"properties":{"uid":"repressions:8a07c6d4c05c","layer":"repressions","layer_title":"Места репрессий и спецпоселений","group":"hardship","title":"Братская могила красноармейцев, расстрелянных белогвардейцами (Кельчино)","category":"братская могила","place_text":"Кельчино","region":"Кельчино","date_precision":"unknown","date_approx":false,"url":"https://www.wikidata.org/wiki/Q110216663","source":"Викиданные","source_id":"Q110216663","license":"CC0 (Викиданные)","confidence":"ok"}},{"type":"Feature","id":"repressions:fbc05780b081","geometry":{"type":"Point","coordinates":[53.26384,56.142476]},"properties":{"uid":"repressions:fbc05780b081","layer":"repressions","layer_title":"Места репрессий и спецпоселений","group":"hardship","title":"Братская могила советских активистов, расстрелянных белогвардейцами (Ермолаево)","category":"братская могила","place_text":"Ермолаево","region":"Ермолаево","date_precision":"unknown","date_approx":false,"url":"https://www.wikidata.org/wiki/Q110216752","source":"Викиданные","source_id":"Q110216752","license":"CC0 (Викиданные)","confidence":"ok"}},{"type":"Feature","id":"repressions:bd27052c9a99","geometry":{"type":"Point","coordinates":[52.073655,56.606737]},"properties":{"uid":"repressions:bd27052c9a99","layer":"repressions","layer_title":"Места репрессий и спецпоселений","group":"hardship","title":"Братская могила жертв белогвардейского террора (Большая Уча)","category":"братская могила","place_text":"Большая Уча","region":"Большая Уча","date_precision":"unknown","date_approx":false,"url":"https://www.wikidata.org/wiki/Q110216768","image_url":"http://commons.wikimedia.org/wiki/Special:FilePath/%D0%9F%D0%B0%D0%BC%D1%8F%D1%82%D0%BD%D0%B8%D0%BA%20%D1%80%D0%B5%D0%B2%D0%BE%D0%BB%D1%8E%D1%86%D0%B8%D0%BE%D0%BD%D0%B5%D1%80%D0%B0%D0%BC%20%D0%B2%20%D0%91%D0%BE%D0%BB%D1%8C%D1%88%D0%BE%D0%B9%20%D0%A3%D1%87%D0%B5.%2002.jpg","source":"Викиданные","source_id":"Q110216768","license":"CC0 (Викиданные)","confidence":"ok"}},{"type":"Feature","id":"repressions:e18fa0830884","geometry":{"type":"Point","coordinates":[52.366252,56.755552]},"properties":{"uid":"repressions:e18fa0830884","layer":"repressions","layer_title":"Места репрессий и спецпоселений","group":"hardship","title":"Братская могила 12 красноармейцев, расстрелянных белогвардейцами (Нылга)","category":"братская могила","place_text":"Нылга","region":"Нылга","date_precision":"unknown","date_approx":false,"url":"https://www.wikidata.org/wiki/Q110216779","image_url":"http://commons.wikimedia.org/wiki/Special:FilePath/%D0%9C%D0%BE%D0%B3%D0%B8%D0%BB%D0%B0%20%D0%BA%D1%80%D0%B0%D1%81%D0%BD%D0%BE%D0%B0%D1%80%D0%BC%D0%B5%D0%B9%D1%86%D0%B5%D0%B2%20%D0%B2%20%D1%81%D0%B5%D0%BB%D0%B5%20%D0%9D%D1%8B%D0%BB%D0%B3%D0%B0.jpg","source":"Викиданные","source_id":"Q110216779","license":"CC0 (Викиданные)","confidence":"ok"}},{"type":"Feature","id":"repressions:c8e875dbb55d","geometry":{"type":"Point","coordinates":[102.540212,51.741267]},"properties":{"uid":"repressions:c8e875dbb55d","layer":"repressions","layer_title":"Места репрессий и спецпоселений","group":"hardship","title":"Братская могила 28 красногвардейцев из отряда Каландаришвили, расстрелянных белогвардейцами (Тунка)","category":"братская могила","place_text":"Тунка","region":"Тунка","date_precision":"unknown","date_approx":false,"url":"https://www.wikidata.org/wiki/Q110250580","source":"Викиданные","source_id":"Q110250580","license":"CC0 (Викиданные)","confidence":"ok"}},{"type":"Feature","id":"repressions:3cbe088f3674","geometry":{"type":"Point","coordinates":[106.62848,51.093696]},"properties":{"uid":"repressions:3cbe088f3674","layer":"repressions","layer_title":"Места репрессий и спецпоселений","group":"hardship","title":"Братская могила 3 красногвардейцев, расстрелянных белогвардейцами (Новоселенгинск)","category":"братская могила","place_text":"Новоселенгинск","region":"Новоселенгинск","date_precision":"unknown","date_approx":false,"url":"https://www.wikidata.org/wiki/Q110250644","source":"Викиданные","source_id":"Q110250644","license":"CC0 (Викиданные)","confidence":"ok"}},{"type":"Feature","id":"repressions:b3252e3f7958","geometry":{"type":"Point","coordinates":[28.364906,54.130346]},"properties":{"uid":"repressions:b3252e3f7958","layer":"repressions","layer_title":"Места репрессий и спецпоселений","group":"hardship","title":"Тюрьма в Жодино","category":"тюрьма","place_text":"Жодино","region":"Жодино","year_from":1984,"year_to":1984,"date_precision":"part","date_approx":true,"period_raw":"с 1984","url":"https://ru.wikipedia.org/wiki/%D0%A2%D1%8E%D1%80%D1%8C%D0%BC%D0%B0_%D0%B2_%D0%96%D0%BE%D0%B4%D0%B8%D0%BD%D0%BE","source":"Викиданные","source_id":"Q111317632","license":"CC0 (Викиданные)","confidence":"ok"}},{"type":"Feature","id":"repressions:35599af03bb5","geometry":{"type":"Point","coordinates":[37.415029,54.91072]},"properties":{"uid":"repressions:35599af03bb5","layer":"repressions","layer_title":"Места репрессий и спецпоселений","group":"hardship","title":"Дом купца Кишкина","category":"дом","place_text":"Серпухов","region":"Серпухов","year_from":1800,"year_to":1960,"date_precision":"part","date_approx":true,"period_raw":"с 1800","url":"https://ru.wikipedia.org/wiki/%D0%94%D0%BE%D0%BC_%D0%BA%D1%83%D0%BF%D1%86%D0%B0_%D0%9A%D0%B8%D1%88%D0%BA%D0%B8%D0%BD%D0%B0","image_url":"http://commons.wikimedia.org/wiki/Special:FilePath/%D0%94%D0%BE%D0%BC%20%D0%9A%D0%B8%D1%88%D0%BA%D0%B8%D0%BD%D1%8B%D1%85%20%D0%B3.%20%D0%A1%D0%B5%D1%80%D0%BF%D1%83%D1%85%D0%BE%D0%B2.jpg","source":"Викиданные","source_id":"Q111441370","license":"CC0 (Викиданные)","confidence":"ok"}},{"type":"Feature","id":"repressions:9d0a958d5aff","geometry":{"type":"Point","coordinates":[30.717947,57.929479]},"properties":{"uid":"repressions:9d0a958d5aff","layer":"repressions","layer_title":"Места репрессий и спецпоселений","group":"hardship","title":"Братская могила партизан, расстрелянных немецко-фашистскими захватчиками в январе 1942 года (Волот)","category":"братская могила","place_text":"Волот","region":"Волот","year_from":1942,"year_to":1960,"date_precision":"part","date_approx":true,"period_raw":"с 1942","url":"https://www.wikidata.org/wiki/Q111799783","source":"Викиданные","source_id":"Q111799783","license":"CC0 (Викиданные)","confidence":"ok"}},{"type":"Feature","id":"repressions:d90fccdd33a8","geometry":{"type":"Point","coordinates":[60.13066,57.06808]},"properties":{"uid":"repressions:d90fccdd33a8","layer":"repressions","layer_title":"Места репрессий и спецпоселений","group":"hardship","title":"Братская могила машиниста паровоза и телеграфиста станции, расстрелянных белогвардейцами (Таватуй)","category":"братская могила","place_text":"Таватуй","region":"Таватуй","date_precision":"unknown","date_approx":false,"url":"https://www.wikidata.org/wiki/Q125774735","source":"Викиданные","source_id":"Q125774735","license":"CC0 (Викиданные)","confidence":"ok"}},{"type":"Feature","id":"repressions:eed9a884b791","geometry":{"type":"Point","coordinates":[60.228338,56.490434]},"properties":{"uid":"repressions:eed9a884b791","layer":"repressions","layer_title":"Места репрессий и спецпоселений","group":"hardship","title":"Братская могила жертв колчаковского террора (Полевской)","category":"братская могила","place_text":"Полевской","region":"Полевской","year_from":1919,"year_to":1960,"date_precision":"part","date_approx":true,"period_raw":"с 1919","url":"https://www.wikidata.org/wiki/Q125794257","source":"Викиданные","source_id":"Q125794257","license":"CC0 (Викиданные)","confidence":"ok"}},{"type":"Feature","id":"repressions:d1fd6179bf5f","geometry":{"type":"Point","coordinates":[60.190211,56.438994]},"properties":{"uid":"repressions:d1fd6179bf5f","layer":"repressions","layer_title":"Места репрессий и спецпоселений","group":"hardship","title":"Братская могила жертв колчаковского террора (Полевской)","category":"братская могила","place_text":"Полевской","region":"Полевской","year_from":1919,"year_to":1960,"date_precision":"part","date_approx":true,"period_raw":"с 1919","url":"https://www.wikidata.org/wiki/Q125794260","source":"Викиданные","source_id":"Q125794260","license":"CC0 (Викиданные)","confidence":"ok"}},{"type":"Feature","id":"repressions:796142b2ef63","geometry":{"type":"Point","coordinates":[60.330965,56.479825]},"properties":{"uid":"repressions:796142b2ef63","layer":"repressions","layer_title":"Места репрессий и спецпоселений","group":"hardship","title":"Братская могила жертв колчаковского террора (Косой Брод)","category":"братская могила","place_text":"Косой Брод","region":"Косой Брод","year_from":1923,"year_to":1960,"date_precision":"part","date_approx":true,"period_raw":"с 1923","url":"https://www.wikidata.org/wiki/Q125794264","image_url":"http://commons.wikimedia.org/wiki/Special:FilePath/%D0%91%D1%80%D0%B0%D1%82%D1%81%D0%BA%D0%B0%D1%8F%20%D0%BC%D0%BE%D0%B3%D0%B8%D0%BB%D0%B0%20%D0%B6%D0%B5%D1%80%D1%82%D0%B2%20%D0%BA%D0%BE%D0%BB%D1%87%D0%B0%D0%BA%D0%BE%D0%B2%D1%81%D0%BA%D0%BE%D0%B3%D0%BE%20%D1%82%D0%B5%D1%80%D1%80%D0%BE%D1%80%D0%B0%20%D1%83%D0%BB.%20%D0%A1%D0%BE%D0%B2%D0%B5%D1%82%D1%81%D0%BA%D0%B0%D1%8F%2C%20%D0%9A%D0%BE%D1%81%D0%BE%D0%B9%20%D0%B1%D1%80%D0%BE%D0%B4%2C%20%D0%9F%D0%BE%D0%BB%D0%B5%D0%B2%D1%81%D0%BA%D0%BE%D0%B9%2C%20%D0%A1%D0%B2%D0%B5%D1%80%D0%B4%D0%BB%D0%BE%D0%B2%D1%81%D0%BA%D0%B0%D1%8F%20%D0%BE%D0%B1%D0%BB%D0%B0%D1%81%D1%82%D1%8C.jpg","source":"Викиданные","source_id":"Q125794264","license":"CC0 (Викиданные)","confidence":"ok"}},{"type":"Feature","id":"repressions:56596c1e074c","geometry":{"type":"Point","coordinates":[58.9359,57.970973]},"properties":{"uid":"repressions:56596c1e074c","layer":"repressions","layer_title":"Места репрессий и спецпоселений","group":"hardship","title":"Братская могила жертв колчаковского террора (Серебрянка)","category":"братская могила","place_text":"Серебрянка","region":"Серебрянка","date_precision":"unknown","date_approx":false,"url":"https://www.wikidata.org/wiki/Q125820207","image_url":"http://commons.wikimedia.org/wiki/Special:FilePath/%D0%92%D0%BE%D0%B5%D0%BD%D0%BD%D1%8B%D0%B9%20%D0%BF%D0%B0%D0%BC%D1%8F%D1%82%D0%BD%D0%B8%D0%BA.jpg","source":"Викиданные","source_id":"Q125820207","license":"CC0 (Викиданные)","confidence":"ok"}},{"type":"Feature","id":"repressions:b13496c501d3","geometry":{"type":"Point","coordinates":[58.785696,57.960501]},"properties":{"uid":"repressions:b13496c501d3","layer":"repressions","layer_title":"Места репрессий и спецпоселений","group":"hardship","title":"Братская могила жертв колчаковского террора (Верхняя Ослянка)","category":"братская могила","place_text":"Верхняя Ослянка","region":"Верхняя Ослянка","date_precision":"unknown","date_approx":false,"url":"https://www.wikidata.org/wiki/Q125820208","source":"Викиданные","source_id":"Q125820208","license":"CC0 (Викиданные)","confidence":"ok"}},{"type":"Feature","id":"repressions:1534ed1aa5d4","geometry":{"type":"Point","coordinates":[59.705501,58.167522]},"properties":{"uid":"repressions:1534ed1aa5d4","layer":"repressions","layer_title":"Места репрессий и спецпоселений","group":"hardship","title":"Братская могила активистов советской власти — большевиков и беспартийных граждан посёлка Баранчинского, расстрелянных белогвардейцами в 1918 году (Баранчинский)","category":"братская могила","place_text":"Баранчинский","region":"Баранчинский","date_precision":"unknown","date_approx":false,"url":"https://www.wikidata.org/wiki/Q125893717","source":"Викиданные","source_id":"Q125893717","license":"CC0 (Викиданные)","confidence":"ok"}},{"type":"Feature","id":"repressions:46686231dbda","geometry":{"type":"Point","coordinates":[59.825885,58.380791]},"properties":{"uid":"repressions:46686231dbda","layer":"repressions","layer_title":"Места репрессий и спецпоселений","group":"hardship","title":"Братская могила верхнетуринцев, расстрелянных в годы Гражданской войны (Верхняя Тура)","category":"братская могила","place_text":"Верхняя Тура","region":"Верхняя Тура","date_precision":"unknown","date_approx":false,"url":"https://www.wikidata.org/wiki/Q126190511","source":"Викиданные","source_id":"Q126190511","license":"CC0 (Викиданные)","confidence":"ok"}},{"type":"Feature","id":"repressions:cff1e587132a","geometry":{"type":"Point","coordinates":[63.126553,57.00617]},"properties":{"uid":"repressions:cff1e587132a","layer":"repressions","layer_title":"Места репрессий и спецпоселений","group":"hardship","title":"Братская могила жертв колчаковского террора (Устьянка)","category":"братская могила","place_text":"Устьянка","region":"Устьянка","date_precision":"unknown","date_approx":false,"url":"https://www.wikidata.org/wiki/Q126683716","source":"Викиданные","source_id":"Q126683716","license":"CC0 (Викиданные)","confidence":"ok"}},{"type":"Feature","id":"repressions:32ff98d38334","geometry":{"type":"Point","coordinates":[135.10614,48.502996]},"properties":{"uid":"repressions:32ff98d38334","layer":"repressions","layer_title":"Места репрессий и спецпоселений","group":"hardship","title":"Братская могила жертв белогвардейского террора в «Овраге смерти» (Хабаровск)","category":"братская могила","place_text":"Хабаровск","region":"Хабаровск","year_from":1918,"year_to":1960,"date_precision":"part","date_approx":true,"period_raw":"с 1918","url":"https://www.wikidata.org/wiki/Q130363194","source":"Викиданные","source_id":"Q130363194","license":"CC0 (Викиданные)","confidence":"ok"}},{"type":"Feature","id":"repressions:ce7c9dfba89f","geometry":{"type":"Point","coordinates":[41.213293,45.350885]},"properties":{"uid":"repressions:ce7c9dfba89f","layer":"repressions","layer_title":"Места репрессий и спецпоселений","group":"hardship","title":"Братская могила жертв белого террора и 14 советских воинов, погибших в борьбе с фашистами (Фельдмаршальский)","category":"братская могила","place_text":"Фельдмаршальский","region":"Фельдмаршальский","year_from":1918,"year_to":1960,"date_precision":"part","date_approx":true,"period_raw":"с 1918","url":"https://www.wikidata.org/wiki/Q131278810","source":"Викиданные","source_id":"Q131278810","license":"CC0 (Викиданные)","confidence":"ok"}},{"type":"Feature","id":"repressions:6f9b966e1375","geometry":{"type":"Point","coordinates":[32.394824,53.012601]},"properties":{"uid":"repressions:6f9b966e1375","layer":"repressions","layer_title":"Места репрессий и спецпоселений","group":"hardship","title":"Братская могила 600 мирных жителей, расстрелянных фашистами в 1942 г. (Сураж)","category":"братская могила","place_text":"Сураж","region":"Сураж","date_precision":"unknown","date_approx":false,"url":"https://www.wikidata.org/wiki/Q132275438","source":"Викиданные","source_id":"Q132275438","license":"CC0 (Викиданные)","confidence":"ok"}},{"type":"Feature","id":"repressions:1a18a0ddfbcb","geometry":{"type":"Point","coordinates":[52.67123,51.526505]},"properties":{"uid":"repressions:1a18a0ddfbcb","layer":"repressions","layer_title":"Места репрессий и спецпоселений","group":"hardship","title":"Братская могила активистов села, расстрелянных в 1921 г. бандитами","category":"братская могила","place_text":"Иртек","region":"Иртек","date_precision":"unknown","date_approx":false,"url":"https://www.wikidata.org/wiki/Q133819337","source":"Викиданные","source_id":"Q133819337","license":"CC0 (Викиданные)","confidence":"ok"}},{"type":"Feature","id":"repressions:d14bee3231cb","geometry":{"type":"Point","coordinates":[58.947782,53.643347]},"properties":{"uid":"repressions:d14bee3231cb","layer":"repressions","layer_title":"Места репрессий и спецпоселений","group":"hardship","title":"Братская могила жертв белогвардейского террора","category":"братская могила","place_text":"Кирса","region":"Кирса","date_precision":"unknown","date_approx":false,"url":"https://www.wikidata.org/wiki/Q134263630","source":"Викиданные","source_id":"Q134263630","license":"CC0 (Викиданные)","confidence":"ok"}},{"type":"Feature","id":"repressions:2c4b170a9e90","geometry":{"type":"Point","coordinates":[49.411385,40.202272]},"properties":{"uid":"repressions:2c4b170a9e90","layer":"repressions","layer_title":"Места репрессий и спецпоселений","group":"hardship","title":"Umbakı həbsxanası","category":"тюрьма","place_text":"Карадагский район","region":"Карадагский район","year_from":2023,"year_to":2023,"date_precision":"part","date_approx":true,"period_raw":"с 2023","url":"https://www.wikidata.org/wiki/Q135105304","source":"Викиданные","source_id":"Q135105304","license":"CC0 (Викиданные)","confidence":"ok"}},{"type":"Feature","id":"repressions:d7d77571ee5d","geometry":{"type":"Point","coordinates":[49.9306,40.498556]},"properties":{"uid":"repressions:d7d77571ee5d","layer":"repressions","layer_title":"Места репрессий и спецпоселений","group":"hardship","title":"Kürdəxanı həbsxanası","category":"тюрьма","place_text":"Забрат","region":"Забрат","year_from":2009,"year_to":2009,"date_precision":"part","date_approx":true,"period_raw":"с 2009","url":"https://www.wikidata.org/wiki/Q135108476","image_url":"http://commons.wikimedia.org/wiki/Special:FilePath/Baku%20Pre-trial%20Detention%20Center%20No.%201%20in%202025%20%2817027%29.jpg","source":"Викиданные","source_id":"Q135108476","license":"CC0 (Викиданные)","confidence":"ok"}},{"type":"Feature","id":"repressions:09955350ca33","geometry":{"type":"Point","coordinates":[36.211047,49.989924]},"properties":{"uid":"repressions:09955350ca33","layer":"repressions","layer_title":"Места репрессий и спецпоселений","group":"hardship","title":"Харківський тюремний замок","category":"тюрьма","place_text":"Харьков","region":"Харьков","year_from":1822,"year_to":1960,"date_precision":"part","date_approx":true,"period_raw":"с 1822","url":"https://www.wikidata.org/wiki/Q135428080","image_url":"http://commons.wikimedia.org/wiki/Special:FilePath/%D0%A5%D0%B0%D1%80%D1%8C%D0%BA%D0%BE%D0%B2%D1%81%D0%BA%D0%B8%D0%B9%20%D1%82%D1%8E%D1%80%D0%B5%D0%BC%D0%BD%D1%8B%D0%B9%20%D0%B7%D0%B0%D0%BC%D0%BE%D0%BA.%201910-%D0%B5.jpg","source":"Викиданные","source_id":"Q135428080","license":"CC0 (Викиданные)","confidence":"ok"}},{"type":"Feature","id":"repressions:ad764aba76f6","geometry":{"type":"Point","coordinates":[48.138131,46.363648]},"properties":{"uid":"repressions:ad764aba76f6","layer":"repressions","layer_title":"Места репрессий и спецпоселений","group":"hardship","title":"Исправительная колония № 2 Астрахань","category":"тюрьма","place_text":"Астраханская область","region":"Астраханская область","date_precision":"unknown","date_approx":false,"url":"https://www.wikidata.org/wiki/Q136417029","source":"Викиданные","source_id":"Q136417029","license":"CC0 (Викиданные)","confidence":"ok"}},{"type":"Feature","id":"repressions:513a68406983","geometry":{"type":"Point","coordinates":[40.313459,44.35056]},"properties":{"uid":"repressions:513a68406983","layer":"repressions","layer_title":"Места репрессий и спецпоселений","group":"hardship","title":"Братская могила 3 партизанок-связисток, расстрелянных фашистскими оккупантами","category":"братская могила","place_text":"Севастопольская","region":"Севастопольская","year_from":1984,"year_to":1984,"date_precision":"part","date_approx":true,"period_raw":"с 1984","url":"https://www.wikidata.org/wiki/Q136791597","source":"Викиданные","source_id":"Q136791597","license":"CC0 (Викиданные)","confidence":"ok"}},{"type":"Feature","id":"repressions:ec9b6c4a184a","geometry":{"type":"Point","coordinates":[43.159559,48.25713]},"properties":{"uid":"repressions:ec9b6c4a184a","layer":"repressions","layer_title":"Места репрессий и спецпоселений","group":"hardship","title":"Братская могила жертв белого террора – семья революционеров Вальковых и советских воинов, погибших в период Сталинградской битвы","category":"братская могила","place_text":"Верхнерубежный","region":"Верхнерубежный","year_from":1918,"year_to":1960,"date_precision":"part","date_approx":true,"period_raw":"с 1918","url":"https://www.wikidata.org/wiki/Q136885820","source":"Викиданные","source_id":"Q136885820","license":"CC0 (Викиданные)","confidence":"ok"}},{"type":"Feature","id":"repressions:3e3a4d66889a","geometry":{"type":"Point","coordinates":[44.565125,49.85542]},"properties":{"uid":"repressions:3e3a4d66889a","layer":"repressions","layer_title":"Места репрессий и спецпоселений","group":"hardship","title":"Братская могила партизан, расстрелянных белогвардейцами","category":"братская могила","place_text":"Ольховка","region":"Ольховка","year_from":1919,"year_to":1960,"date_precision":"part","date_approx":true,"period_raw":"с 1919","url":"https://www.wikidata.org/wiki/Q136885936","source":"Викиданные","source_id":"Q136885936","license":"CC0 (Викиданные)","confidence":"ok"}},{"type":"Feature","id":"repressions:e7334b0823a7","geometry":{"type":"Point","coordinates":[41.946477,50.849716]},"properties":{"uid":"repressions:e7334b0823a7","layer":"repressions","layer_title":"Места репрессий и спецпоселений","group":"hardship","title":"Братская могила красногвардейцев, расстрелянных белогвардейцами","category":"братская могила","place_text":"Котовский","region":"Котовский","year_from":1918,"year_to":1960,"date_precision":"part","date_approx":true,"period_raw":"с 1918","url":"https://www.wikidata.org/wiki/Q136886309","image_url":"http://commons.wikimedia.org/wiki/Special:FilePath/%D0%91%D1%80%D0%B0%D1%82%D1%81%D0%BA%D0%B0%D1%8F%20%D0%BC%D0%BE%D0%B3%D0%B8%D0%BB%D0%B0%20%D0%BA%D1%80%D0%B0%D1%81%D0%BD%D0%BE%D0%B3%D0%B2%D0%B0%D1%80%D0%B4%D0%B5%D0%B9%D1%86%D0%B5%D0%B2%2C%20%D1%80%D0%B0%D1%81%D1%81%D1%82%D1%80%D0%B5%D0%BB%D1%8F%D0%BD%D0%BD%D1%8B%D1%85%20%D0%B1%D0%B5%D0%BB%D0%BE%D0%B3%D0%B2%D0%B0%D1%80%D0%B4%D0%B5%D0%B9%D1%86%D0%B0%D0%BC%D0%B8%20%D0%B8%20%D0%BF%D1%80%D0%B8%D0%BB%D0%B5%D0%B3%D0%B0%D1%8E%D1%89%D0%B0%D1%8F%20%D1%82%D0%B5%D1%80%D1%80%D0%B8%D1%82%D0%BE%D1%80%D0%B8%D1%8F.jpg","source":"Викиданные","source_id":"Q136886309","license":"CC0 (Викиданные)","confidence":"ok"}},{"type":"Feature","id":"repressions:a1ef1b66bcf2","geometry":{"type":"Point","coordinates":[41.992159,50.582063]},"properties":{"uid":"repressions:a1ef1b66bcf2","layer":"repressions","layer_title":"Места репрессий и спецпоселений","group":"hardship","title":"Братская могила двух сестёр милосердия, расстрелянных белогвардейцами, и лётчиков, погибших в авиационной катастрофе","category":"братская могила","place_text":"Ольховский","region":"Ольховский","year_from":1918,"year_to":1960,"date_precision":"part","date_approx":true,"period_raw":"с 1918","url":"https://www.wikidata.org/wiki/Q136886327","source":"Викиданные","source_id":"Q136886327","license":"CC0 (Викиданные)","confidence":"ok"}},{"type":"Feature","id":"repressions:f70f69c69aaa","geometry":{"type":"Point","coordinates":[45.144184,49.500744]},"properties":{"uid":"repressions:f70f69c69aaa","layer":"repressions","layer_title":"Места репрессий и спецпоселений","group":"hardship","title":"Братская могила коммунистов, расстрелянных белогвардейцами","category":"братская могила","place_text":"Нижний Балыклей","region":"Нижний Балыклей","year_from":1919,"year_to":1960,"date_precision":"part","date_approx":true,"period_raw":"с 1919","url":"https://www.wikidata.org/wiki/Q137295585","source":"Викиданные","source_id":"Q137295585","license":"CC0 (Викиданные)","confidence":"ok"}},{"type":"Feature","id":"repressions:d155265e23a0","geometry":{"type":"Point","coordinates":[56.234539,52.413789]},"properties":{"uid":"repressions:d155265e23a0","layer":"repressions","layer_title":"Места репрессий и спецпоселений","group":"hardship","title":"Братская могила красногвардейцев, коммунистов, активистов села, расстрелянных белоказаками в 1918 году","category":"братская могила","place_text":"Ташла","region":"Ташла","year_from":1918,"year_to":1960,"date_precision":"part","date_approx":true,"period_raw":"с 1918","url":"https://www.wikidata.org/wiki/Q137862779","source":"Викиданные","source_id":"Q137862779","license":"CC0 (Викиданные)","confidence":"ok"}},{"type":"Feature","id":"repressions:584fd933678d","geometry":{"type":"Point","coordinates":[56.381901,52.323888]},"properties":{"uid":"repressions:584fd933678d","layer":"repressions","layer_title":"Места репрессий и спецпоселений","group":"hardship","title":"Братская могила 27 красногвардейцев, расстрелянных белоказаками в 1918 г.","category":"братская могила","place_text":"Троицкое","region":"Троицкое","year_from":1918,"year_to":1960,"date_precision":"part","date_approx":true,"period_raw":"с 1918","url":"https://www.wikidata.org/wiki/Q137862780","source":"Викиданные","source_id":"Q137862780","license":"CC0 (Викиданные)","confidence":"ok"}},{"type":"Feature","id":"repressions:ba3ced9923bb","geometry":{"type":"Point","coordinates":[27.676647,53.905758]},"properties":{"uid":"repressions:ba3ced9923bb","layer":"repressions","layer_title":"Места репрессий и спецпоселений","group":"hardship","title":"Цэнтр ізаляцыі правапарушальнікаў ГУУС Мінгарвыканкама","category":"тюрьма","date_precision":"unknown","date_approx":false,"url":"https://www.wikidata.org/wiki/Q138387193","source":"Викиданные","source_id":"Q138387193","license":"CC0 (Викиданные)","confidence":"ok"}},{"type":"Feature","id":"repressions:9ea6f69b540d","geometry":{"type":"Point","coordinates":[28.289804,56.840687]},"properties":{"uid":"repressions:9ea6f69b540d","layer":"repressions","layer_title":"Места репрессий и спецпоселений","group":"hardship","title":"Братская могила мирных жителей, расстрелянных фашистами","category":"братская могила","place_text":"Красногородск","region":"Красногородск","year_from":1942,"year_to":1960,"date_precision":"part","date_approx":true,"period_raw":"с 1942","url":"https://www.wikidata.org/wiki/Q138464275","source":"Викиданные","source_id":"Q138464275","license":"CC0 (Викиданные)","confidence":"ok"}},{"type":"Feature","id":"repressions:eedecfe3682c","geometry":{"type":"Point","coordinates":[28.413971,56.928867]},"properties":{"uid":"repressions:eedecfe3682c","layer":"repressions","layer_title":"Места репрессий и спецпоселений","group":"hardship","title":"Братская могила мирных жителей, расстрелянных фашистами","category":"братская могила","place_text":"Бараново","region":"Бараново","year_from":1944,"year_to":1960,"date_precision":"part","date_approx":true,"period_raw":"с 1944","url":"https://www.wikidata.org/wiki/Q138464278","source":"Викиданные","source_id":"Q138464278","license":"CC0 (Викиданные)","confidence":"ok"}},{"type":"Feature","id":"repressions:37db92c80a94","geometry":{"type":"Point","coordinates":[28.036806,56.708413]},"properties":{"uid":"repressions:37db92c80a94","layer":"repressions","layer_title":"Места репрессий и спецпоселений","group":"hardship","title":"Братская могила мирных жителей, расстрелянных фашистами","category":"братская могила","place_text":"Александрово","region":"Александрово","year_from":1943,"year_to":1960,"date_precision":"part","date_approx":true,"period_raw":"с 1943","url":"https://www.wikidata.org/wiki/Q138464277","image_url":"http://commons.wikimedia.org/wiki/Special:FilePath/%D0%9C%D0%B5%D0%BC%D0%BE%D1%80%D0%B8%D0%B0%D0%BB%20%D0%90%D0%BB%D0%B5%D0%BA%D1%81%D0%B0%D0%BD%D0%B4%D1%80%D0%BE%D0%B2%D0%BE%203.jpg","source":"Викиданные","source_id":"Q138464277","license":"CC0 (Викиданные)","confidence":"ok"}},{"type":"Feature","id":"repressions:4fe816ea511c","geometry":{"type":"Point","coordinates":[39.000401,51.604698]},"properties":{"uid":"repressions:4fe816ea511c","layer":"repressions","layer_title":"Места репрессий и спецпоселений","group":"hardship","title":"Братская могила больных и врачей, расстрелянных немецко-фашистскими оккупантами","category":"братская могила","place_text":"Орловка","region":"Орловка","date_precision":"unknown","date_approx":false,"url":"https://www.wikidata.org/wiki/Q138798208","source":"Викиданные","source_id":"Q138798208","license":"CC0 (Викиданные)","confidence":"ok"}},{"type":"Feature","id":"repressions:b5d8ba432459","geometry":{"type":"Point","coordinates":[43.811834,48.69422]},"properties":{"uid":"repressions:b5d8ba432459","layer":"repressions","layer_title":"Места репрессий и спецпоселений","group":"hardship","title":"Братская могила бойцов Железного полка 10-й армии, расстрелянных белогвардейцами","category":"братская могила","place_text":"Мариновка","region":"Мариновка","date_precision":"unknown","date_approx":false,"url":"https://www.wikidata.org/wiki/Q140384135","source":"Викиданные","source_id":"Q140384135","license":"CC0 (Викиданные)","confidence":"ok"}},{"type":"Feature","id":"repressions:a0620ce2985f","geometry":{"type":"Point","coordinates":[21.522205,55.356372]},"properties":{"uid":"repressions:a0620ce2985f","layer":"repressions","layer_title":"Места репрессий и спецпоселений","group":"hardship","title":"Q140459523","category":"лагерь для интернированных","date_precision":"unknown","date_approx":false,"url":"https://www.wikidata.org/wiki/Q140459523","source":"Викиданные","source_id":"Q140459523","license":"CC0 (Викиданные)","confidence":"ok"}},{"type":"Feature","id":"repressions:3e965d2d077e","geometry":{"type":"Point","coordinates":[42.859129,49.408936]},"properties":{"uid":"repressions:3e965d2d077e","layer":"repressions","layer_title":"Места репрессий и спецпоселений","group":"hardship","title":"Братская могила жителей станицы Распопинской, расстрелянных фашистскими захватчиками","category":"братская могила","place_text":"Распопинская","region":"Распопинская","year_from":1942,"year_to":1960,"date_precision":"part","date_approx":true,"period_raw":"с 1942","url":"https://www.wikidata.org/wiki/Q140640656","source":"Викиданные","source_id":"Q140640656","license":"CC0 (Викиданные)","confidence":"ok"}},{"type":"Feature","id":"repressions:038961f3528e","geometry":{"type":"Point","coordinates":[56.2654,58.03949]},"properties":{"uid":"repressions:038961f3528e","layer":"repressions","layer_title":"Места репрессий и спецпоселений","group":"hardship","title":"Братская могила рабочих Мотовилихи, расстрелянных колчаковцами","category":"братская могила","place_text":"Пермь","region":"Пермь","year_from":1918,"year_to":1960,"date_precision":"part","date_approx":true,"period_raw":"с 1918","url":"https://www.wikidata.org/wiki/Q140840153","image_url":"http://commons.wikimedia.org/wiki/Special:FilePath/%D0%9F%D0%B0%D0%BC%D1%8F%D1%82%D0%BD%D0%B8%D0%BA%20%D0%B2%20%D0%9A%D1%83%D1%80%D1%8C%D0%B5.jpg","source":"Викиданные","source_id":"Q140840153","license":"CC0 (Викиданные)","confidence":"ok"}},{"type":"Feature","id":"repressions:11225825ca2f","geometry":{"type":"Point","coordinates":[19.118531,50.817387]},"properties":{"uid":"repressions:11225825ca2f","layer":"repressions","layer_title":"Места репрессий и спецпоселений","group":"hardship","title":"Czestochowa prison","category":"концентрационный лагерь","date_precision":"unknown","date_approx":false,"url":"https://www.wikidata.org/wiki/Q53865590","source":"Викиданные","source_id":"Q53865590","license":"CC0 (Викиданные)","confidence":"ok"}},{"type":"Feature","id":"repressions:b1e931a6bc15","geometry":{"type":"Point","coordinates":[23.218376,52.011476]},"properties":{"uid":"repressions:b1e931a6bc15","layer":"repressions","layer_title":"Места репрессий и спецпоселений","group":"hardship","title":"Czosnówka concentration camp","category":"концентрационный лагерь","date_precision":"unknown","date_approx":false,"url":"https://www.wikidata.org/wiki/Q53865591","source":"Викиданные","source_id":"Q53865591","license":"CC0 (Викиданные)","confidence":"ok"}},{"type":"Feature","id":"repressions:8b17fc752035","geometry":{"type":"Point","coordinates":[18.991768,49.901606]},"properties":{"uid":"repressions:8b17fc752035","layer":"repressions","layer_title":"Места репрессий и спецпоселений","group":"hardship","title":"Czechowice-Dziedzice concentration camp","category":"концентрационный лагерь","date_precision":"unknown","date_approx":false,"url":"https://www.wikidata.org/wiki/Q53865588","source":"Викиданные","source_id":"Q53865588","license":"CC0 (Викиданные)","confidence":"ok"}},{"type":"Feature","id":"repressions:0702970b8d6c","geometry":{"type":"Point","coordinates":[22.600499,51.122906]},"properties":{"uid":"repressions:0702970b8d6c","layer":"repressions","layer_title":"Места репрессий и спецпоселений","group":"hardship","title":"Czerniejów concentration camp","category":"концентрационный лагерь","date_precision":"unknown","date_approx":false,"url":"https://www.wikidata.org/wiki/Q53865589","source":"Викиданные","source_id":"Q53865589","license":"CC0 (Викиданные)","confidence":"ok"}},{"type":"Feature","id":"repressions:178cca95b752","geometry":{"type":"Point","coordinates":[19.772862,53.064597]},"properties":{"uid":"repressions:178cca95b752","layer":"repressions","layer_title":"Места репрессий и спецпоселений","group":"hardship","title":"Dabrowice concentration camp","category":"концентрационный лагерь","date_precision":"unknown","date_approx":false,"url":"https://www.wikidata.org/wiki/Q53865594","source":"Викиданные","source_id":"Q53865594","license":"CC0 (Викиданные)","confidence":"ok"}},{"type":"Feature","id":"repressions:bd0e9a536ff2","geometry":{"type":"Point","coordinates":[19.233442,50.333396]},"properties":{"uid":"repressions:bd0e9a536ff2","layer":"repressions","layer_title":"Места репрессий и спецпоселений","group":"hardship","title":"Dabrowa Górnicza-Golonóg concentration camp","category":"концентрационный лагерь","date_precision":"unknown","date_approx":false,"url":"https://www.wikidata.org/wiki/Q53865593","source":"Викиданные","source_id":"Q53865593","license":"CC0 (Викиданные)","confidence":"ok"}},{"type":"Feature","id":"repressions:26194561b755","geometry":{"type":"Point","coordinates":[19.979465,53.021041]},"properties":{"uid":"repressions:26194561b755","layer":"repressions","layer_title":"Места репрессий и спецпоселений","group":"hardship","title":"Debsk concentration camp","category":"концентрационный лагерь","date_precision":"unknown","date_approx":false,"url":"https://www.wikidata.org/wiki/Q53865600","source":"Викиданные","source_id":"Q53865600","license":"CC0 (Викиданные)","confidence":"ok"}},{"type":"Feature","id":"repressions:e421ba09f947","geometry":{"type":"Point","coordinates":[18.50286,52.38826]},"properties":{"uid":"repressions:e421ba09f947","layer":"repressions","layer_title":"Места репрессий и спецпоселений","group":"hardship","title":"Deutscheneck concentration camp","category":"концентрационный лагерь","date_precision":"unknown","date_approx":false,"url":"https://www.wikidata.org/wiki/Q53865605","source":"Викиданные","source_id":"Q53865605","license":"CC0 (Викиданные)","confidence":"ok"}},{"type":"Feature","id":"repressions:89d4dbe25c3d","geometry":{"type":"Point","coordinates":[23.21,51.95]},"properties":{"uid":"repressions:89d4dbe25c3d","layer":"repressions","layer_title":"Места репрессий и спецпоселений","group":"hardship","title":"Dokudów concentration camp","category":"концентрационный лагерь","date_precision":"unknown","date_approx":false,"url":"https://www.wikidata.org/wiki/Q53865611","source":"Викиданные","source_id":"Q53865611","license":"CC0 (Викиданные)","confidence":"ok"}},{"type":"Feature","id":"repressions:727ede85ad0c","geometry":{"type":"Point","coordinates":[20.659047,52.033078]},"properties":{"uid":"repressions:727ede85ad0c","layer":"repressions","layer_title":"Места репрессий и спецпоселений","group":"hardship","title":"Diestelberg concentration camp","category":"концентрационный лагерь","date_precision":"unknown","date_approx":false,"url":"https://www.wikidata.org/wiki/Q53865608","source":"Викиданные","source_id":"Q53865608","license":"CC0 (Викиданные)","confidence":"ok"}},{"type":"Feature","id":"repressions:c234b7be2531","geometry":{"type":"Point","coordinates":[21.229386,55.967945]},"properties":{"uid":"repressions:c234b7be2531","layer":"repressions","layer_title":"Места репрессий и спецпоселений","group":"hardship","title":"Dimitravas concentration camp","category":"концентрационный лагерь","date_precision":"unknown","date_approx":false,"url":"https://www.wikidata.org/wiki/Q53865609","source":"Викиданные","source_id":"Q53865609","license":"CC0 (Викиданные)","confidence":"ok"}},{"type":"Feature","id":"repressions:317400c4c01b","geometry":{"type":"Point","coordinates":[24.036475,50.586201]},"properties":{"uid":"repressions:317400c4c01b","layer":"repressions","layer_title":"Места репрессий и спецпоселений","group":"hardship","title":"Dolhobyczów concentration camp","category":"концентрационный лагерь","date_precision":"unknown","date_approx":false,"url":"https://www.wikidata.org/wiki/Q53865612","source":"Викиданные","source_id":"Q53865612","license":"CC0 (Викиданные)","confidence":"ok"}},{"type":"Feature","id":"repressions:dbcf0b465402","geometry":{"type":"Point","coordinates":[21.127972,52.310833]},"properties":{"uid":"repressions:dbcf0b465402","layer":"repressions","layer_title":"Места репрессий и спецпоселений","group":"hardship","title":"Drewnicka concentration camp","category":"концентрационный лагерь","date_precision":"unknown","date_approx":false,"url":"https://www.wikidata.org/wiki/Q53865619","source":"Викиданные","source_id":"Q53865619","license":"CC0 (Викиданные)","confidence":"ok"}},{"type":"Feature","id":"repressions:c30681c18fb8","geometry":{"type":"Point","coordinates":[23.802586,51.155563]},"properties":{"uid":"repressions:c30681c18fb8","layer":"repressions","layer_title":"Места репрессий и спецпоселений","group":"hardship","title":"Dorohusk concentration camp","category":"концентрационный лагерь","date_precision":"unknown","date_approx":false,"url":"https://www.wikidata.org/wiki/Q53865616","source":"Викиданные","source_id":"Q53865616","license":"CC0 (Викиданные)","confidence":"ok"}},{"type":"Feature","id":"repressions:2a74c8e24f59","geometry":{"type":"Point","coordinates":[26.535756,55.875306]},"properties":{"uid":"repressions:2a74c8e24f59","layer":"repressions","layer_title":"Места репрессий и спецпоселений","group":"hardship","title":"Dünaburg concentration camp","category":"концентрационный лагерь","date_precision":"unknown","date_approx":false,"url":"https://www.wikidata.org/wiki/Q53865622","source":"Викиданные","source_id":"Q53865622","license":"CC0 (Викиданные)","confidence":"ok"}},{"type":"Feature","id":"repressions:5c9d04c2a70f","geometry":{"type":"Point","coordinates":[26.325273,55.5211]},"properties":{"uid":"repressions:5c9d04c2a70f","layer":"repressions","layer_title":"Места репрессий и спецпоселений","group":"hardship","title":"Dukštas concentration camp","category":"концентрационный лагерь","date_precision":"unknown","date_approx":false,"url":"https://www.wikidata.org/wiki/Q53865621","source":"Викиданные","source_id":"Q53865621","license":"CC0 (Викиданные)","confidence":"ok"}},{"type":"Feature","id":"repressions:2ca75ccc1d74","geometry":{"type":"Point","coordinates":[18.40746,52.89463]},"properties":{"uid":"repressions:2ca75ccc1d74","layer":"repressions","layer_title":"Места репрессий и спецпоселений","group":"hardship","title":"Edwinshof concentration camp","category":"концентрационный лагерь","date_precision":"unknown","date_approx":false,"url":"https://www.wikidata.org/wiki/Q53865630","source":"Викиданные","source_id":"Q53865630","license":"CC0 (Викиданные)","confidence":"ok"}},{"type":"Feature","id":"repressions:a31fbe10f707","geometry":{"type":"Point","coordinates":[20.333821,51.656029]},"properties":{"uid":"repressions:a31fbe10f707","layer":"repressions","layer_title":"Места репрессий и спецпоселений","group":"hardship","title":"Egelsdorf concentration camp","category":"концентрационный лагерь","date_precision":"unknown","date_approx":false,"url":"https://www.wikidata.org/wiki/Q53865631","source":"Викиданные","source_id":"Q53865631","license":"CC0 (Викиданные)","confidence":"ok"}},{"type":"Feature","id":"repressions:b8e8d4ab3040","geometry":{"type":"Point","coordinates":[18.596122,52.809204]},"properties":{"uid":"repressions:b8e8d4ab3040","layer":"repressions","layer_title":"Места репрессий и спецпоселений","group":"hardship","title":"Elsenheim concentration camp","category":"концентрационный лагерь","date_precision":"unknown","date_approx":false,"url":"https://www.wikidata.org/wiki/Q53865640","source":"Викиданные","source_id":"Q53865640","license":"CC0 (Викиданные)","confidence":"ok"}},{"type":"Feature","id":"repressions:f22db50bfb21","geometry":{"type":"Point","coordinates":[18.482129,52.709308]},"properties":{"uid":"repressions:f22db50bfb21","layer":"repressions","layer_title":"Места репрессий и спецпоселений","group":"hardship","title":"Farnen concentration camp","category":"концентрационный лагерь","date_precision":"unknown","date_approx":false,"url":"https://www.wikidata.org/wiki/Q53865651","source":"Викиданные","source_id":"Q53865651","license":"CC0 (Викиданные)","confidence":"ok"}},{"type":"Feature","id":"repressions:4990996e2e66","geometry":{"type":"Point","coordinates":[20.91146,52.146404]},"properties":{"uid":"repressions:4990996e2e66","layer":"repressions","layer_title":"Места репрессий и спецпоселений","group":"hardship","title":"Falenty concentration camp","category":"концентрационный лагерь","date_precision":"unknown","date_approx":false,"url":"https://www.wikidata.org/wiki/Q53865649","source":"Викиданные","source_id":"Q53865649","license":"CC0 (Викиданные)","confidence":"ok"}},{"type":"Feature","id":"repressions:0624d688ca6d","geometry":{"type":"Point","coordinates":[18.478298,50.384556]},"properties":{"uid":"repressions:0624d688ca6d","layer":"repressions","layer_title":"Места репрессий и спецпоселений","group":"hardship","title":"Flössingen concentration camp","category":"концентрационный лагерь","date_precision":"unknown","date_approx":false,"url":"https://www.wikidata.org/wiki/Q53865658","source":"Викиданные","source_id":"Q53865658","license":"CC0 (Викиданные)","confidence":"ok"}},{"type":"Feature","id":"repressions:bec897638e28","geometry":{"type":"Point","coordinates":[18.417607,52.748514]},"properties":{"uid":"repressions:bec897638e28","layer":"repressions","layer_title":"Места репрессий и спецпоселений","group":"hardship","title":"Frohdorf concentration camp","category":"концентрационный лагерь","date_precision":"unknown","date_approx":false,"url":"https://www.wikidata.org/wiki/Q53865671","source":"Викиданные","source_id":"Q53865671","license":"CC0 (Викиданные)","confidence":"ok"}},{"type":"Feature","id":"repressions:2a190ee6ac04","geometry":{"type":"Point","coordinates":[20.498394,52.241244]},"properties":{"uid":"repressions:2a190ee6ac04","layer":"repressions","layer_title":"Места репрессий и спецпоселений","group":"hardship","title":"Gawartowa Wola concentration camp","category":"концентрационный лагерь","date_precision":"unknown","date_approx":false,"url":"https://www.wikidata.org/wiki/Q53865692","source":"Викиданные","source_id":"Q53865692","license":"CC0 (Викиданные)","confidence":"ok"}},{"type":"Feature","id":"repressions:3731495e9b0c","geometry":{"type":"Point","coordinates":[21.28308,56.502326]},"properties":{"uid":"repressions:3731495e9b0c","layer":"repressions","layer_title":"Места репрессий и спецпоселений","group":"hardship","title":"Gawesen concentration camp","category":"концентрационный лагерь","date_precision":"unknown","date_approx":false,"url":"https://www.wikidata.org/wiki/Q53865693","source":"Викиданные","source_id":"Q53865693","license":"CC0 (Викиданные)","confidence":"ok"}},{"type":"Feature","id":"repressions:57582f6c23d5","geometry":{"type":"Point","coordinates":[21.776096,50.705433]},"properties":{"uid":"repressions:57582f6c23d5","layer":"repressions","layer_title":"Места репрессий и спецпоселений","group":"hardship","title":"Gierlachów concentration camp","category":"концентрационный лагерь","date_precision":"unknown","date_approx":false,"url":"https://www.wikidata.org/wiki/Q53865697","source":"Викиданные","source_id":"Q53865697","license":"CC0 (Викиданные)","confidence":"ok"}},{"type":"Feature","id":"repressions:b42bb110f7af","geometry":{"type":"Point","coordinates":[21.96286,50.1512]},"properties":{"uid":"repressions:b42bb110f7af","layer":"repressions","layer_title":"Места репрессий и спецпоселений","group":"hardship","title":"Glogów Malopolski concentration camp","category":"концентрационный лагерь","date_precision":"unknown","date_approx":false,"url":"https://www.wikidata.org/wiki/Q53865700","source":"Викиданные","source_id":"Q53865700","license":"CC0 (Викиданные)","confidence":"ok"}},{"type":"Feature","id":"repressions:b8ef6e6e84dd","geometry":{"type":"Point","coordinates":[22.30902,51.11148]},"properties":{"uid":"repressions:b8ef6e6e84dd","layer":"repressions","layer_title":"Места репрессий и спецпоселений","group":"hardship","title":"Grabowce concentration camp","category":"концентрационный лагерь","date_precision":"unknown","date_approx":false,"url":"https://www.wikidata.org/wiki/Q53865711","source":"Викиданные","source_id":"Q53865711","license":"CC0 (Викиданные)","confidence":"ok"}},{"type":"Feature","id":"repressions:44eddadef8e4","geometry":{"type":"Point","coordinates":[19.072416,50.350015]},"properties":{"uid":"repressions:44eddadef8e4","layer":"repressions","layer_title":"Места репрессий и спецпоселений","group":"hardship","title":"Grodzietz concentration camp","category":"концентрационный лагерь","date_precision":"unknown","date_approx":false,"url":"https://www.wikidata.org/wiki/Q53865716","source":"Викиданные","source_id":"Q53865716","license":"CC0 (Викиданные)","confidence":"ok"}},{"type":"Feature","id":"repressions:cc18772a7f2c","geometry":{"type":"Point","coordinates":[18.821187,50.210347]},"properties":{"uid":"repressions:cc18772a7f2c","layer":"repressions","layer_title":"Места репрессий и спецпоселений","group":"hardship","title":"Groß Paniow concentration camp","category":"концентрационный лагерь","date_precision":"unknown","date_approx":false,"url":"https://www.wikidata.org/wiki/Q53865722","source":"Викиданные","source_id":"Q53865722","license":"CC0 (Викиданные)","confidence":"ok"}},{"type":"Feature","id":"repressions:1dd3f9d07dd8","geometry":{"type":"Point","coordinates":[18.989724,50.342096]},"properties":{"uid":"repressions:1dd3f9d07dd8","layer":"repressions","layer_title":"Места репрессий и спецпоселений","group":"hardship","title":"Groß Dombrowka concentration camp","category":"концентрационный лагерь","date_precision":"unknown","date_approx":false,"url":"https://www.wikidata.org/wiki/Q53865720","source":"Викиданные","source_id":"Q53865720","license":"CC0 (Викиданные)","confidence":"ok"}},{"type":"Feature","id":"repressions:e00a5a0a063d","geometry":{"type":"Point","coordinates":[18.258431,52.740047]},"properties":{"uid":"repressions:e00a5a0a063d","layer":"repressions","layer_title":"Места репрессий и спецпоселений","group":"hardship","title":"Groß Kruscha concentration camp","category":"концентрационный лагерь","date_precision":"unknown","date_approx":false,"url":"https://www.wikidata.org/wiki/Q53865721","source":"Викиданные","source_id":"Q53865721","license":"CC0 (Викиданные)","confidence":"ok"}},{"type":"Feature","id":"repressions:8a4bc665e6ad","geometry":{"type":"Point","coordinates":[20.93,54.38]},"properties":{"uid":"repressions:8a4bc665e6ad","layer":"repressions","layer_title":"Места репрессий и спецпоселений","group":"hardship","title":"Groß Sporwitten concentration camp","category":"концентрационный лагерь","date_precision":"unknown","date_approx":false,"url":"https://www.wikidata.org/wiki/Q53865724","source":"Викиданные","source_id":"Q53865724","license":"CC0 (Викиданные)","confidence":"ok"}},{"type":"Feature","id":"repressions:19511ca79eac","geometry":{"type":"Point","coordinates":[18.29987,50.51092]},"properties":{"uid":"repressions:19511ca79eac","layer":"repressions","layer_title":"Места репрессий и спецпоселений","group":"hardship","title":"Groß Strehlitz concentration camp","category":"концентрационный лагерь","date_precision":"unknown","date_approx":false,"url":"https://www.wikidata.org/wiki/Q53865725","source":"Викиданные","source_id":"Q53865725","license":"CC0 (Викиданные)","confidence":"ok"}},{"type":"Feature","id":"repressions:237a8fb732a7","geometry":{"type":"Point","coordinates":[20.624971,53.058476]},"properties":{"uid":"repressions:237a8fb732a7","layer":"repressions","layer_title":"Места репрессий и спецпоселений","group":"hardship","title":"Grudusk concentration camp","category":"концентрационный лагерь","date_precision":"unknown","date_approx":false,"url":"https://www.wikidata.org/wiki/Q53865731","source":"Викиданные","source_id":"Q53865731","license":"CC0 (Викиданные)","confidence":"ok"}},{"type":"Feature","id":"repressions:36d7d4bd7417","geometry":{"type":"Point","coordinates":[18.344061,52.967806]},"properties":{"uid":"repressions:36d7d4bd7417","layer":"repressions","layer_title":"Места репрессий и спецпоселений","group":"hardship","title":"Grüntal concentration camp","category":"концентрационный лагерь","date_precision":"unknown","date_approx":false,"url":"https://www.wikidata.org/wiki/Q53865735","source":"Викиданные","source_id":"Q53865735","license":"CC0 (Викиданные)","confidence":"ok"}},{"type":"Feature","id":"repressions:bb9f0ff0b18a","geometry":{"type":"Point","coordinates":[20.377713,51.717766]},"properties":{"uid":"repressions:bb9f0ff0b18a","layer":"repressions","layer_title":"Места репрессий и спецпоселений","group":"hardship","title":"Gutfeld concentration camp","category":"концентрационный лагерь","date_precision":"unknown","date_approx":false,"url":"https://www.wikidata.org/wiki/Q53865740","source":"Викиданные","source_id":"Q53865740","license":"CC0 (Викиданные)","confidence":"ok"}},{"type":"Feature","id":"repressions:fec27e0303ec","geometry":{"type":"Point","coordinates":[26.439636,52.761573]},"properties":{"uid":"repressions:fec27e0303ec","layer":"repressions","layer_title":"Места репрессий и спецпоселений","group":"hardship","title":"Hansewitsche concentration camp","category":"концентрационный лагерь","date_precision":"unknown","date_approx":false,"url":"https://www.wikidata.org/wiki/Q53865744","source":"Викиданные","source_id":"Q53865744","license":"CC0 (Викиданные)","confidence":"ok"}},{"type":"Feature","id":"repressions:68daee538a93","geometry":{"type":"Point","coordinates":[22.290164,52.167603]},"properties":{"uid":"repressions:68daee538a93","layer":"repressions","layer_title":"Места репрессий и спецпоселений","group":"hardship","title":"Heimdorf concentration camp","category":"концентрационный лагерь","date_precision":"unknown","date_approx":false,"url":"https://www.wikidata.org/wiki/Q53865755","source":"Викиданные","source_id":"Q53865755","license":"CC0 (Викиданные)","confidence":"ok"}},{"type":"Feature","id":"repressions:4a41548897dc","geometry":{"type":"Point","coordinates":[21.089714,50.863709]},"properties":{"uid":"repressions:4a41548897dc","layer":"repressions","layer_title":"Места репрессий и спецпоселений","group":"hardship","title":"Heilig Kreuz concentration camp","category":"концентрационный лагерь","date_precision":"unknown","date_approx":false,"url":"https://www.wikidata.org/wiki/Q53865752","source":"Викиданные","source_id":"Q53865752","license":"CC0 (Викиданные)","confidence":"ok"}},{"type":"Feature","id":"repressions:7e6e158ddafe","geometry":{"type":"Point","coordinates":[21.337316,51.814861]},"properties":{"uid":"repressions:7e6e158ddafe","layer":"repressions","layer_title":"Места репрессий и спецпоселений","group":"hardship","title":"Heinrichswerder concentration camp","category":"концентрационный лагерь","date_precision":"unknown","date_approx":false,"url":"https://www.wikidata.org/wiki/Q53865756","source":"Викиданные","source_id":"Q53865756","license":"CC0 (Викиданные)","confidence":"ok"}},{"type":"Feature","id":"repressions:bbdb4df046f8","geometry":{"type":"Point","coordinates":[21.244389,51.643277]},"properties":{"uid":"repressions:bbdb4df046f8","layer":"repressions","layer_title":"Места репрессий и спецпоселений","group":"hardship","title":"Helenów concentration camp","category":"концентрационный лагерь","date_precision":"unknown","date_approx":false,"url":"https://www.wikidata.org/wiki/Q53865757","source":"Викиданные","source_id":"Q53865757","license":"CC0 (Викиданные)","confidence":"ok"}},{"type":"Feature","id":"repressions:722e2736045a","geometry":{"type":"Point","coordinates":[18.813852,50.326179]},"properties":{"uid":"repressions:722e2736045a","layer":"repressions","layer_title":"Места репрессий и спецпоселений","group":"hardship","title":"Hindenburg-Nordost concentration camp","category":"концентрационный лагерь","date_precision":"unknown","date_approx":false,"url":"https://www.wikidata.org/wiki/Q53865762","source":"Викиданные","source_id":"Q53865762","license":"CC0 (Викиданные)","confidence":"ok"}},{"type":"Feature","id":"repressions:671d3ed2e5eb","geometry":{"type":"Point","coordinates":[20.663611,50.987501]},"properties":{"uid":"repressions:671d3ed2e5eb","layer":"repressions","layer_title":"Места репрессий и спецпоселений","group":"hardship","title":"Hirschfelde concentration camp","category":"концентрационный лагерь","date_precision":"unknown","date_approx":false,"url":"https://www.wikidata.org/wiki/Q53865764","source":"Викиданные","source_id":"Q53865764","license":"CC0 (Викиданные)","confidence":"ok"}},{"type":"Feature","id":"repressions:9a28ccfc2210","geometry":{"type":"Point","coordinates":[23.39566,51.68847]},"properties":{"uid":"repressions:9a28ccfc2210","layer":"repressions","layer_title":"Места репрессий и спецпоселений","group":"hardship","title":"Holeszów concentration camp","category":"концентрационный лагерь","date_precision":"unknown","date_approx":false,"url":"https://www.wikidata.org/wiki/Q53865770","source":"Викиданные","source_id":"Q53865770","license":"CC0 (Викиданные)","confidence":"ok"}},{"type":"Feature","id":"repressions:4e6310ebcc8a","geometry":{"type":"Point","coordinates":[18.25467,52.758502]},"properties":{"uid":"repressions:4e6310ebcc8a","layer":"repressions","layer_title":"Места репрессий и спецпоселений","group":"hardship","title":"Hohensalza-Montwy concentration camp","category":"концентрационный лагерь","date_precision":"unknown","date_approx":false,"url":"https://www.wikidata.org/wiki/Q53865768","source":"Викиданные","source_id":"Q53865768","license":"CC0 (Викиданные)","confidence":"ok"}},{"type":"Feature","id":"repressions:0383714c0b2a","geometry":{"type":"Point","coordinates":[23.782939,50.124484]},"properties":{"uid":"repressions:0383714c0b2a","layer":"repressions","layer_title":"Места репрессий и спецпоселений","group":"hardship","title":"Horodživ concentration camp","category":"концентрационный лагерь","date_precision":"unknown","date_approx":false,"url":"https://www.wikidata.org/wiki/Q53865774","source":"Викиданные","source_id":"Q53865774","license":"CC0 (Викиданные)","confidence":"ok"}},{"type":"Feature","id":"repressions:c8f77390e626","geometry":{"type":"Point","coordinates":[26.16662,55.337752]},"properties":{"uid":"repressions:c8f77390e626","layer":"repressions","layer_title":"Места репрессий и спецпоселений","group":"hardship","title":"Ignalina concentration camp","category":"концентрационный лагерь","place_text":"Игналинское районное самоуправление","region":"Игналинское районное самоуправление","date_precision":"unknown","date_approx":false,"url":"https://www.wikidata.org/wiki/Q53865778","source":"Викиданные","source_id":"Q53865778","license":"CC0 (Викиданные)","confidence":"ok"}},{"type":"Feature","id":"repressions:4bb0ed1384bd","geometry":{"type":"Point","coordinates":[22.378639,48.708893]},"properties":{"uid":"repressions:4bb0ed1384bd","layer":"repressions","layer_title":"Места репрессий и спецпоселений","group":"hardship","title":"Huta concentration camp","category":"концентрационный лагерь","date_precision":"unknown","date_approx":false,"url":"https://www.wikidata.org/wiki/Q53865776","source":"Викиданные","source_id":"Q53865776","license":"CC0 (Викиданные)","confidence":"ok"}},{"type":"Feature","id":"repressions:0410dd129863","geometry":{"type":"Point","coordinates":[21.800039,49.603488]},"properties":{"uid":"repressions:0410dd129863","layer":"repressions","layer_title":"Места репрессий и спецпоселений","group":"hardship","title":"Iwonicz concentration camp","category":"концентрационный лагерь","date_precision":"unknown","date_approx":false,"url":"https://www.wikidata.org/wiki/Q53865783","source":"Викиданные","source_id":"Q53865783","license":"CC0 (Викиданные)","confidence":"ok"}},{"type":"Feature","id":"repressions:fa841ab676ca","geometry":{"type":"Point","coordinates":[24.563121,49.739895]},"properties":{"uid":"repressions:fa841ab676ca","layer":"repressions","layer_title":"Места репрессий и спецпоселений","group":"hardship","title":"Jaktoriv concentration camp","category":"концентрационный лагерь","date_precision":"unknown","date_approx":false,"url":"https://www.wikidata.org/wiki/Q53865786","source":"Викиданные","source_id":"Q53865786","license":"CC0 (Викиданные)","confidence":"ok"}},{"type":"Feature","id":"repressions:cd636c6961da","geometry":{"type":"Point","coordinates":[21.559893,51.826549]},"properties":{"uid":"repressions:cd636c6961da","layer":"repressions","layer_title":"Места репрессий и спецпоселений","group":"hardship","title":"Izdebno concentration camp","category":"концентрационный лагерь","date_precision":"unknown","date_approx":false,"url":"https://www.wikidata.org/wiki/Q53865784","source":"Викиданные","source_id":"Q53865784","license":"CC0 (Викиданные)","confidence":"ok"}},{"type":"Feature","id":"repressions:7a61ba1a55f6","geometry":{"type":"Point","coordinates":[20.001899,50.325077]},"properties":{"uid":"repressions:7a61ba1a55f6","layer":"repressions","layer_title":"Места репрессий и спецпоселений","group":"hardship","title":"Jakschitz concentration camp","category":"концентрационный лагерь","date_precision":"unknown","date_approx":false,"url":"https://www.wikidata.org/wiki/Q53865785","source":"Викиданные","source_id":"Q53865785","license":"CC0 (Викиданные)","confidence":"ok"}},{"type":"Feature","id":"repressions:f29c31b19aaa","geometry":{"type":"Point","coordinates":[22.114496,51.940654]},"properties":{"uid":"repressions:f29c31b19aaa","layer":"repressions","layer_title":"Места репрессий и спецпоселений","group":"hardship","title":"Jedlanka concentration camp","category":"концентрационный лагерь","date_precision":"unknown","date_approx":false,"url":"https://www.wikidata.org/wiki/Q53865792","source":"Викиданные","source_id":"Q53865792","license":"CC0 (Викиданные)","confidence":"ok"}},{"type":"Feature","id":"repressions:d733dc559c5b","geometry":{"type":"Point","coordinates":[20.303877,50.639337]},"properties":{"uid":"repressions:d733dc559c5b","layer":"repressions","layer_title":"Места репрессий и спецпоселений","group":"hardship","title":"Jedrzejów concentration camp","category":"концентрационный лагерь","date_precision":"unknown","date_approx":false,"url":"https://www.wikidata.org/wiki/Q53865793","source":"Викиданные","source_id":"Q53865793","license":"CC0 (Викиданные)","confidence":"ok"}},{"type":"Feature","id":"repressions:95c1ebd5515b","geometry":{"type":"Point","coordinates":[20.45117,51.433185]},"properties":{"uid":"repressions:95c1ebd5515b","layer":"repressions","layer_title":"Места репрессий и спецпоселений","group":"hardship","title":"Jelnia concentration camp","category":"концентрационный лагерь","date_precision":"unknown","date_approx":false,"url":"https://www.wikidata.org/wiki/Q53865796","source":"Викиданные","source_id":"Q53865796","license":"CC0 (Викиданные)","confidence":"ok"}},{"type":"Feature","id":"repressions:db902a2b378b","geometry":{"type":"Point","coordinates":[18.215541,51.125623]},"properties":{"uid":"repressions:db902a2b378b","layer":"repressions","layer_title":"Места репрессий и спецпоселений","group":"hardship","title":"Johannsdorf concentration camp","category":"концентрационный лагерь","date_precision":"unknown","date_approx":false,"url":"https://www.wikidata.org/wiki/Q53865797","source":"Викиданные","source_id":"Q53865797","license":"CC0 (Викиданные)","confidence":"ok"}},{"type":"Feature","id":"repressions:7b139c721434","geometry":{"type":"Point","coordinates":[22.204108,49.361705]},"properties":{"uid":"repressions:7b139c721434","layer":"repressions","layer_title":"Места репрессий и спецпоселений","group":"hardship","title":"Kalnica concentration camp","category":"концентрационный лагерь","date_precision":"unknown","date_approx":false,"url":"https://www.wikidata.org/wiki/Q53865802","source":"Викиданные","source_id":"Q53865802","license":"CC0 (Викиданные)","confidence":"ok"}},{"type":"Feature","id":"repressions:26bf6d8b5a86","geometry":{"type":"Point","coordinates":[21.481293,56.360296]},"properties":{"uid":"repressions:26bf6d8b5a86","layer":"repressions","layer_title":"Места репрессий и спецпоселений","group":"hardship","title":"Kalleten concentration camp","category":"концентрационный лагерь","place_text":"Калети","region":"Калети","date_precision":"unknown","date_approx":false,"url":"https://www.wikidata.org/wiki/Q53865800","source":"Викиданные","source_id":"Q53865800","license":"CC0 (Викиданные)","confidence":"ok"}},{"type":"Feature","id":"repressions:0e08e8933181","geometry":{"type":"Point","coordinates":[20.769014,52.13835]},"properties":{"uid":"repressions:0e08e8933181","layer":"repressions","layer_title":"Места репрессий и спецпоселений","group":"hardship","title":"Kanie concentration camp","category":"концентрационный лагерь","date_precision":"unknown","date_approx":false,"url":"https://www.wikidata.org/wiki/Q53865810","source":"Викиданные","source_id":"Q53865810","license":"CC0 (Викиданные)","confidence":"ok"}},{"type":"Feature","id":"repressions:db59b51fe93f","geometry":{"type":"Point","coordinates":[24.345448,50.099473]},"properties":{"uid":"repressions:db59b51fe93f","layer":"repressions","layer_title":"Места репрессий и спецпоселений","group":"hardship","title":"Kam'janka-Buz'ka concentration camp","category":"концентрационный лагерь","date_precision":"unknown","date_approx":false,"url":"https://www.wikidata.org/wiki/Q53865808","source":"Викиданные","source_id":"Q53865808","license":"CC0 (Викиданные)","confidence":"ok"}},{"type":"Feature","id":"repressions:969e7d0600c3","geometry":{"type":"Point","coordinates":[20.463221,52.268167]},"properties":{"uid":"repressions:969e7d0600c3","layer":"repressions","layer_title":"Места репрессий и спецпоселений","group":"hardship","title":"Kampinos concentration camp","category":"концентрационный лагерь","date_precision":"unknown","date_approx":false,"url":"https://www.wikidata.org/wiki/Q53865809","source":"Викиданные","source_id":"Q53865809","license":"CC0 (Викиданные)","confidence":"ok"}},{"type":"Feature","id":"repressions:4e3a7685d092","geometry":{"type":"Point","coordinates":[18.963003,50.230189]},"properties":{"uid":"repressions:4e3a7685d092","layer":"repressions","layer_title":"Места репрессий и спецпоселений","group":"hardship","title":"Kattowitz-Idaweiche concentration camp","category":"концентрационный лагерь","year_from":1942,"year_to":1943,"date_precision":"year","date_approx":false,"period_raw":"1942–1943","url":"https://www.wikidata.org/wiki/Q53865819","source":"Викиданные","source_id":"Q53865819","license":"CC0 (Викиданные)","confidence":"ok"}},{"type":"Feature","id":"repressions:28a461978296","geometry":{"type":"Point","coordinates":[25.806616,58.142358]},"properties":{"uid":"repressions:28a461978296","layer":"repressions","layer_title":"Места репрессий и спецпоселений","group":"hardship","title":"Kerstenhof concentration camp","category":"концентрационный лагерь","date_precision":"unknown","date_approx":false,"url":"https://www.wikidata.org/wiki/Q53865823","source":"Викиданные","source_id":"Q53865823","license":"CC0 (Викиданные)","confidence":"ok"}},{"type":"Feature","id":"repressions:6a99b5d2aef0","geometry":{"type":"Point","coordinates":[19.104764,50.271414]},"properties":{"uid":"repressions:6a99b5d2aef0","layer":"repressions","layer_title":"Места репрессий и спецпоселений","group":"hardship","title":"Kattowitz-Rosdzien-Schoppinitz concentration camp","category":"концентрационный лагерь","date_precision":"unknown","date_approx":false,"url":"https://www.wikidata.org/wiki/Q53865820","source":"Викиданные","source_id":"Q53865820","license":"CC0 (Викиданные)","confidence":"ok"}},{"type":"Feature","id":"repressions:cfc10b06e391","geometry":{"type":"Point","coordinates":[21.173925,52.044191]},"properties":{"uid":"repressions:cfc10b06e391","layer":"repressions","layer_title":"Места репрессий и спецпоселений","group":"hardship","title":"Kaweczyn concentration camp","category":"концентрационный лагерь","date_precision":"unknown","date_approx":false,"url":"https://www.wikidata.org/wiki/Q53865821","source":"Викиданные","source_id":"Q53865821","license":"CC0 (Викиданные)","confidence":"ok"}},{"type":"Feature","id":"repressions:5a0cd27f830f","geometry":{"type":"Point","coordinates":[20.299616,49.992305]},"properties":{"uid":"repressions:5a0cd27f830f","layer":"repressions","layer_title":"Места репрессий и спецпоселений","group":"hardship","title":"Klaj concentration camp","category":"концентрационный лагерь","date_precision":"unknown","date_approx":false,"url":"https://www.wikidata.org/wiki/Q53865826","source":"Викиданные","source_id":"Q53865826","license":"CC0 (Викиданные)","confidence":"ok"}},{"type":"Feature","id":"repressions:d215cefb160e","geometry":{"type":"Point","coordinates":[22.516189,52.187283]},"properties":{"uid":"repressions:d215cefb160e","layer":"repressions","layer_title":"Места репрессий и спецпоселений","group":"hardship","title":"Klimonty concentration camp","category":"концентрационный лагерь","date_precision":"unknown","date_approx":false,"url":"https://www.wikidata.org/wiki/Q53865834","source":"Викиданные","source_id":"Q53865834","license":"CC0 (Викиданные)","confidence":"ok"}},{"type":"Feature","id":"repressions:8c617b1ed1cb","geometry":{"type":"Point","coordinates":[30.521823,57.688233]},"properties":{"uid":"repressions:8c617b1ed1cb","layer":"repressions","layer_title":"Места репрессий и спецпоселений","group":"hardship","title":"Братская могила советских граждан, расстрелянных за связь с партизанами (Окроево)","category":"братская могила","place_text":"Окроево","region":"Окроево","year_from":1944,"year_to":1960,"date_precision":"part","date_approx":true,"period_raw":"с 1944","url":"https://www.wikidata.org/wiki/Q111799864","source":"Викиданные","source_id":"Q111799864","license":"CC0 (Викиданные)","confidence":"ok"}},{"type":"Feature","id":"repressions:b77062809716","geometry":{"type":"Point","coordinates":[30.684866,57.476308]},"properties":{"uid":"repressions:b77062809716","layer":"repressions","layer_title":"Места репрессий и спецпоселений","group":"hardship","title":"Братская могила мирных жителей, расстрелянных фашистами 19 сентября 1941 года (Бычково)","category":"братская могила","place_text":"Бычково","region":"Бычково","date_precision":"unknown","date_approx":false,"url":"https://www.wikidata.org/wiki/Q111824387","source":"Викиданные","source_id":"Q111824387","license":"CC0 (Викиданные)","confidence":"ok"}},{"type":"Feature","id":"repressions:f9a3a1277b0b","geometry":{"type":"Point","coordinates":[20.990556,55.288333]},"properties":{"uid":"repressions:f9a3a1277b0b","layer":"repressions","layer_title":"Места репрессий и спецпоселений","group":"hardship","title":"Death Valley","category":"долина","place_text":"Нида","region":"Нида","date_precision":"unknown","date_approx":false,"url":"https://www.wikidata.org/wiki/Q111979323","image_url":"http://commons.wikimedia.org/wiki/Special:FilePath/Cross%20in%20Death%20Valley%2C%20Nida.jpg","source":"Викиданные","source_id":"Q111979323","license":"CC0 (Викиданные)","confidence":"ok"}},{"type":"Feature","id":"repressions:e22599f51901","geometry":{"type":"Point","coordinates":[37.713049,47.827793]},"properties":{"uid":"repressions:e22599f51901","layer":"repressions","layer_title":"Места репрессий и спецпоселений","group":"hardship","title":"Волновахская исправительная колония","category":"исправительная колония","place_text":"Olenivka settlement council","region":"Olenivka settlement council","year_from":1984,"year_to":1984,"date_precision":"part","date_approx":true,"period_raw":"с 1984","url":"https://www.wikidata.org/wiki/Q113335817","source":"Викиданные","source_id":"Q113335817","license":"CC0 (Викиданные)","confidence":"ok"}},{"type":"Feature","id":"repressions:6426727db2c2","geometry":{"type":"Point","coordinates":[36.326359,56.711606]},"properties":{"uid":"repressions:6426727db2c2","layer":"repressions","layer_title":"Места репрессий и спецпоселений","group":"hardship","title":"Братская могила мирных жителей, расстрелянных в декабре 1941 г. немецко-фашистскими оккупантами (Городня)","category":"братская могила","place_text":"Городня","region":"Городня","date_precision":"unknown","date_approx":false,"url":"https://www.wikidata.org/wiki/Q113684431","source":"Викиданные","source_id":"Q113684431","license":"CC0 (Викиданные)","confidence":"ok"}},{"type":"Feature","id":"repressions:d07acda89d9e","geometry":{"type":"Point","coordinates":[42.857,54.419]},"properties":{"uid":"repressions:d07acda89d9e","layer":"repressions","layer_title":"Места репрессий и спецпоселений","group":"hardship","title":"ИК-2 п. Явас","category":"исправительная колония","place_text":"Явас","region":"Явас","year_from":1930,"year_to":1960,"date_precision":"part","date_approx":true,"period_raw":"с 1930","url":"https://www.wikidata.org/wiki/Q115811246","source":"Викиданные","source_id":"Q115811246","license":"CC0 (Викиданные)","confidence":"ok"}},{"type":"Feature","id":"repressions:447f88edc910","geometry":{"type":"Point","coordinates":[37.976861,48.374085]},"properties":{"uid":"repressions:447f88edc910","layer":"repressions","layer_title":"Места репрессий и спецпоселений","group":"hardship","title":"Мичуринская исправительная колония №57","category":"исправительная колония","place_text":"Горловка","region":"Горловка","year_from":1975,"year_to":1975,"date_precision":"part","date_approx":true,"period_raw":"с 1975","url":"https://www.wikidata.org/wiki/Q117390701","source":"Викиданные","source_id":"Q117390701","license":"CC0 (Викиданные)","confidence":"ok"}},{"type":"Feature","id":"repressions:9031cbcb401a","geometry":{"type":"Point","coordinates":[55.68372,58.573276]},"properties":{"uid":"repressions:9031cbcb401a","layer":"repressions","layer_title":"Места репрессий и спецпоселений","group":"hardship","title":"Братская могила советских активистов, расстрелянных белогвардейцами (Ильинский)","category":"братская могила","place_text":"Ильинский","region":"Ильинский","year_from":1918,"year_to":1960,"date_precision":"part","date_approx":true,"period_raw":"с 1918","url":"https://www.wikidata.org/wiki/Q119476271","image_url":"http://commons.wikimedia.org/wiki/Special:FilePath/%D0%9F%D0%B5%D1%80%D0%BC%D1%81%D0%BA%D0%B8%D0%B9%20%D0%BA%D1%80%D0%B0%D0%B9%2C%20%D0%98%D0%BB%D1%8C%D0%B8%D0%BD%D1%81%D0%BA%D0%B8%D0%B9%2C%20%D0%9C%D0%BE%D0%B3%D0%B8%D0%BB%D0%B0%20%D1%81%D0%BE%D0%B2%D0%B5%D1%82%D1%81%D0%BA%D0%B8%D1%85%20%D0%B0%D0%BA%D1%82%D0%B8%D0%B2%D0%B8%D1%81%D1%82%D0%BE%D0%B2%2C%20%D1%80%D0%B0%D1%81%D1%81%D1%82%D1%80%D0%B5%D0%BB%D1%8F%D0%BD%D0%BD%D1%8B%D1%85%20%D0%B1%D0%B5%D0%BB%D0%BE%D0%B3%D0%B2%D0%B0%D1%80%D0%B4%D0%B5%D0%B9%D1%86%D0%B0%D0%BC%D0%B8.jpg","source":"Викиданные","source_id":"Q119476271","license":"CC0 (Викиданные)","confidence":"ok"}},{"type":"Feature","id":"repressions:595e7948ada4","geometry":{"type":"Point","coordinates":[24.715424,48.917043]},"properties":{"uid":"repressions:595e7948ada4","layer":"repressions","layer_title":"Места репрессий и спецпоселений","group":"hardship","title":"Mass grave of victims of Stalin repressions in Ivano-Frankivsk","category":"братская могила","place_text":"Ивано-Франковск","region":"Ивано-Франковск","date_precision":"unknown","date_approx":false,"url":"https://www.wikidata.org/wiki/Q122282964","image_url":"http://commons.wikimedia.org/wiki/Special:FilePath/%D0%91%D1%80%D0%B0%D1%82%D1%81%D1%8C%D0%BA%D0%B0%20%D0%BC%D0%BE%D0%B3%D0%B8%D0%BB%D0%B0%20%D0%B6%D0%B5%D1%80%D1%82%D0%B2%20%D1%81%D1%82%D0%B0%D0%BB%D1%96%D0%BD%D1%81%D1%8C%D0%BA%D0%B8%D1%85%20%D1%80%D0%B5%D0%BF%D1%80%D0%B5%D1%81%D1%96%D0%B9%20%D0%86%D0%B2%D0%B0%D0%BD%D0%BE-%D0%A4%D1%80%D0%B0%D0%BD%D0%BA%D1%96%D0%B2%D1%81%D1%8C%D0%BA%20%D0%B2%D1%83%D0%BB.%20%D0%A1.%20%D0%91%D0%B0%D0%BD%D0%B4%D0%B5%D1%80%D0%B8%2C%20%D0%BC%D0%B5%D0%BC%D0%BE%D1%80%D1%96%D0%B0%D0%BB%D1%8C%D0%BD%D0%B8%D0%B9%20%D1%81%D0%BA%D0%B2%D0%B5%D1%80.JPG","source":"Викиданные","source_id":"Q122282964","license":"CC0 (Викиданные)","confidence":"ok"}},{"type":"Feature","id":"repressions:ca435d7292eb","geometry":{"type":"Point","coordinates":[30.540213,50.423114]},"properties":{"uid":"repressions:ca435d7292eb","layer":"repressions","layer_title":"Места репрессий и спецпоселений","group":"hardship","title":"Kyiv Fortress prison","category":"тюрьма","place_text":"Киев","region":"Киев","date_precision":"unknown","date_approx":false,"url":"https://www.wikidata.org/wiki/Q122296416","image_url":"http://commons.wikimedia.org/wiki/Special:FilePath/%D0%A9%D0%BE%D1%80%D1%81%D0%B0%2044%20%283%29.JPG","source":"Викиданные","source_id":"Q122296416","license":"CC0 (Викиданные)","confidence":"ok"}},{"type":"Feature","id":"repressions:578e636155dd","geometry":{"type":"Point","coordinates":[55.085122,51.82565]},"properties":{"uid":"repressions:578e636155dd","layer":"repressions","layer_title":"Места репрессий и спецпоселений","group":"hardship","title":"Братская могила жертв белогвардейского террора (Оренбург)","category":"братская могила","place_text":"Оренбург","region":"Оренбург","date_precision":"unknown","date_approx":false,"url":"https://www.wikidata.org/wiki/Q122749700","image_url":"http://commons.wikimedia.org/wiki/Special:FilePath/%D0%91%D1%80%D0%B0%D1%82%D1%81%D0%BA%D0%B0%D1%8F%20%D0%BC%D0%BE%D0%B3%D0%B8%D0%BB%D0%B0%20%D0%B6%D0%B5%D1%80%D1%82%D0%B2%20%D0%B1%D0%B5%D0%BB%D0%BE%D0%B3%D0%B2%D0%B0%D1%80%D0%B4%D0%B5%D0%B9%D1%81%D0%BA%D0%BE%D0%B3%D0%BE%20%D1%82%D0%B5%D1%80%D1%80%D0%BE%D1%80%D0%B0%20%D0%BD%D0%B0%20%D0%BA%D0%BB%D0%B0%D0%B4%D0%B1%D0%B8%D1%89%D0%B5%20%D0%B2%20%D0%91%D1%91%D1%80%D0%B4%D0%B0%D1%85.jpg","source":"Викиданные","source_id":"Q122749700","license":"CC0 (Викиданные)","confidence":"ok"}},{"type":"Feature","id":"repressions:2711139d5097","geometry":{"type":"Point","coordinates":[36.055899,55.418837]},"properties":{"uid":"repressions:2711139d5097","layer":"repressions","layer_title":"Места репрессий и спецпоселений","group":"hardship","title":"Братская могила граждан села Борисово, расстрелянных немецкими оккупантами 22 ноября 1941 года (Борисово)","category":"братская могила","place_text":"Борисово","region":"Борисово","year_from":1941,"year_to":1960,"date_precision":"part","date_approx":true,"period_raw":"с 1941","url":"https://www.wikidata.org/wiki/Q123025467","source":"Викиданные","source_id":"Q123025467","license":"CC0 (Викиданные)","confidence":"ok"}},{"type":"Feature","id":"repressions:d634c3646592","geometry":{"type":"Point","coordinates":[29.241808,51.904329]},"properties":{"uid":"repressions:d634c3646592","layer":"repressions","layer_title":"Места репрессий и спецпоселений","group":"hardship","title":"Бярозаўка","category":"место массового убийства","place_text":"Михалковский сельсовет","region":"Михалковский сельсовет","date_precision":"unknown","date_approx":false,"url":"https://www.wikidata.org/wiki/Q123601541","source":"Викиданные","source_id":"Q123601541","license":"CC0 (Викиданные)","confidence":"ok"}},{"type":"Feature","id":"repressions:58d8958aec50","geometry":{"type":"Point","coordinates":[31.660265,56.503375]},"properties":{"uid":"repressions:58d8958aec50","layer":"repressions","layer_title":"Места репрессий и спецпоселений","group":"hardship","title":"Братская могила мирных жителей, расстрелянных фашистами (Торопец)","category":"братская могила","place_text":"Торопец","region":"Торопец","date_precision":"unknown","date_approx":false,"url":"https://www.wikidata.org/wiki/Q124259498","source":"Викиданные","source_id":"Q124259498","license":"CC0 (Викиданные)","confidence":"ok"}},{"type":"Feature","id":"repressions:b371ca347c00","geometry":{"type":"Point","coordinates":[74.341445,56.90933]},"properties":{"uid":"repressions:b371ca347c00","layer":"repressions","layer_title":"Места репрессий и спецпоселений","group":"hardship","title":"Братская могила 13 партизан, расстрелянных колчаковцами (Тара)","category":"братская могила","place_text":"Тара","region":"Тара","date_precision":"unknown","date_approx":false,"url":"https://www.wikidata.org/wiki/Q124807840","image_url":"http://commons.wikimedia.org/wiki/Special:FilePath/%D0%A2%D0%B0%D1%80%D0%B0%2C%20%D0%B1%D1%8B%D0%B2%D1%88%D0%B0%D1%8F%20%D0%97%D0%B0%D0%B3%D0%BE%D1%80%D0%BE%D0%B4%D0%BD%D0%B0%D1%8F%20%D1%80%D0%BE%D1%89%D0%B0%2C%20%D0%B1%D1%80%D0%B0%D1%82%D1%81%D0%BA%D0%B0%D1%8F%20%D0%BC%D0%BE%D0%B3%D0%B8%D0%BB%D0%B0%20%D0%BF%D0%B0%D1%80%D1%82%D0%B8%D0%B7%D0%B0%D0%BD%202.jpg","source":"Викиданные","source_id":"Q124807840","license":"CC0 (Викиданные)","confidence":"ok"}},{"type":"Feature","id":"repressions:ae58dadb736c","geometry":{"type":"Point","coordinates":[74.045915,56.712685]},"properties":{"uid":"repressions:ae58dadb736c","layer":"repressions","layer_title":"Места репрессий и спецпоселений","group":"hardship","title":"Братская могила партизан, погибших в боях и расстрелянных карателями (Вознесенка (урочище))","category":"братская могила","place_text":"Тарский район","region":"Тарский район","date_precision":"unknown","date_approx":false,"url":"https://www.wikidata.org/wiki/Q124807962","source":"Викиданные","source_id":"Q124807962","license":"CC0 (Викиданные)","confidence":"ok"}},{"type":"Feature","id":"repressions:5d100e40ee8e","geometry":{"type":"Point","coordinates":[73.087303,55.632198]},"properties":{"uid":"repressions:5d100e40ee8e","layer":"repressions","layer_title":"Места репрессий и спецпоселений","group":"hardship","title":"Братская могила партизан, расстрелянных колчаковцами (Баженово)","category":"братская могила","place_text":"Баженово","region":"Баженово","year_from":1919,"year_to":1960,"date_precision":"part","date_approx":true,"period_raw":"с 1919","url":"https://www.wikidata.org/wiki/Q124808205","image_url":"http://commons.wikimedia.org/wiki/Special:FilePath/%D0%91%D0%B0%D0%B6%D0%B5%D0%BD%D0%BE%D0%B2%D0%BE%2C%20%D0%B1%D1%80%D0%B0%D1%82%D1%81%D0%BA%D0%B0%D1%8F%20%D0%BC%D0%BE%D0%B3%D0%B8%D0%BB%D0%B0%20%D0%B6%D0%B5%D1%80%D1%82%D0%B2%20%D0%B3%D1%80%D0%B0%D0%B6%D0%B4%D0%B0%D0%BD%D1%81%D0%BA%D0%BE%D0%B9%20%D0%B2%D0%BE%D0%B9%D0%BD%D1%8B%201.jpg","source":"Викиданные","source_id":"Q124808205","license":"CC0 (Викиданные)","confidence":"ok"}},{"type":"Feature","id":"repressions:c1f49ff6c5a7","geometry":{"type":"Point","coordinates":[75.887358,56.871064]},"properties":{"uid":"repressions:c1f49ff6c5a7","layer":"repressions","layer_title":"Места репрессий и спецпоселений","group":"hardship","title":"Братская могила партизан, погибших в боях с белогвардейцами и расстрелянных карателями (Кирпичное (урочище))","category":"братская могила","place_text":"Седельниковский район","region":"Седельниковский район","date_precision":"unknown","date_approx":false,"url":"https://www.wikidata.org/wiki/Q124808229","source":"Викиданные","source_id":"Q124808229","license":"CC0 (Викиданные)","confidence":"ok"}},{"type":"Feature","id":"repressions:c9b50472e3a7","geometry":{"type":"Point","coordinates":[74.685564,56.42271]},"properties":{"uid":"repressions:c9b50472e3a7","layer":"repressions","layer_title":"Места репрессий и спецпоселений","group":"hardship","title":"Братская могила борцов за власть Советов, расстрелянных колчаковцами (Евгащино)","category":"братская могила","place_text":"Евгащино","region":"Евгащино","year_from":1919,"year_to":1960,"date_precision":"part","date_approx":true,"period_raw":"с 1919","url":"https://www.wikidata.org/wiki/Q124814111","image_url":"http://commons.wikimedia.org/wiki/Special:FilePath/%D0%95%D0%B2%D0%B3%D0%B0%D1%89%D0%B8%D0%BD%D0%BE%2C%20%D0%BF%D0%B0%D0%BC%D1%8F%D1%82%D0%BD%D0%B8%D0%BA%20%D0%B1%D0%BE%D1%80%D1%86%D0%B0%D0%BC%20%D0%B7%D0%B0%20%D0%B2%D0%BB%D0%B0%D1%81%D1%82%D1%8C%20%D0%A1%D0%BE%D0%B2%D0%B5%D1%82%D0%BE%D0%B2.jpg","source":"Викиданные","source_id":"Q124814111","license":"CC0 (Викиданные)","confidence":"ok"}},{"type":"Feature","id":"repressions:2f0a0f414ced","geometry":{"type":"Point","coordinates":[74.528518,56.372779]},"properties":{"uid":"repressions:2f0a0f414ced","layer":"repressions","layer_title":"Места репрессий и спецпоселений","group":"hardship","title":"Братская могила борцов за власть советов, расстрелянных колчаковцами (Михайловка)","category":"братская могила","place_text":"Михайловка","region":"Михайловка","year_from":1919,"year_to":1960,"date_precision":"part","date_approx":true,"period_raw":"с 1919","url":"https://www.wikidata.org/wiki/Q124814116","image_url":"http://commons.wikimedia.org/wiki/Special:FilePath/%D0%9C%D0%B8%D1%85%D0%B0%D0%B9%D0%BB%D0%BE%D0%B2%D0%BA%D0%B0%2C%20%D0%B1%D1%80%D0%B0%D1%82%D1%81%D0%BA%D0%B0%D1%8F%20%D0%BC%D0%BE%D0%B3%D0%B8%D0%BB%D0%B0%20%D0%B1%D0%BE%D1%80%D1%86%D0%BE%D0%B2%20%D0%B7%D0%B0%20%D0%B2%D0%BB%D0%B0%D1%81%D1%82%D1%8C%20%D0%A1%D0%BE%D0%B2%D0%B5%D1%82%D0%BE%D0%B2%201.jpg","source":"Викиданные","source_id":"Q124814116","license":"CC0 (Викиданные)","confidence":"ok"}},{"type":"Feature","id":"repressions:7d2463acf70c","geometry":{"type":"Point","coordinates":[74.692741,56.250172]},"properties":{"uid":"repressions:7d2463acf70c","layer":"repressions","layer_title":"Места репрессий и спецпоселений","group":"hardship","title":"Братская могила красногвардейцев, расстрелянных белогвардейцами (Такмык)","category":"братская могила","place_text":"Такмык","region":"Такмык","year_from":1918,"year_to":1960,"date_precision":"part","date_approx":true,"period_raw":"с 1918","url":"https://www.wikidata.org/wiki/Q124814122","image_url":"http://commons.wikimedia.org/wiki/Special:FilePath/%D0%A2%D0%B0%D0%BA%D0%BC%D1%8B%D0%BA%2C%20%D0%BF%D0%B0%D0%BC%D1%8F%D1%82%D0%BD%D0%B8%D0%BA%20%D0%BA%D1%80%D0%B0%D1%81%D0%BD%D0%BE%D0%B3%D0%B2%D0%B0%D1%80%D0%B4%D0%B5%D0%B9%D1%86%D0%B0%D0%BC.jpg","source":"Викиданные","source_id":"Q124814122","license":"CC0 (Викиданные)","confidence":"ok"}},{"type":"Feature","id":"repressions:459d24f4f48f","geometry":{"type":"Point","coordinates":[73.639444,57.426944]},"properties":{"uid":"repressions:459d24f4f48f","layer":"repressions","layer_title":"Места репрессий и спецпоселений","group":"hardship","title":"Братская могила партизан, расстрелянных белогвардейцами (Кукса (урочище))","category":"братская могила","place_text":"Знаменский район","region":"Знаменский район","year_from":1919,"year_to":1960,"date_precision":"part","date_approx":true,"period_raw":"с 1919","url":"https://www.wikidata.org/wiki/Q124814688","source":"Викиданные","source_id":"Q124814688","license":"CC0 (Викиданные)","confidence":"ok"}},{"type":"Feature","id":"repressions:9ff45fa70394","geometry":{"type":"Point","coordinates":[73.512603,57.3554]},"properties":{"uid":"repressions:9ff45fa70394","layer":"repressions","layer_title":"Места репрессий и спецпоселений","group":"hardship","title":"Братская могила партизан, расстрелянных белогвардейцами (Новоягодное)","category":"братская могила","place_text":"Новоягодное","region":"Новоягодное","year_from":1919,"year_to":1960,"date_precision":"part","date_approx":true,"period_raw":"с 1919","url":"https://www.wikidata.org/wiki/Q124814689","source":"Викиданные","source_id":"Q124814689","license":"CC0 (Викиданные)","confidence":"ok"}},{"type":"Feature","id":"repressions:56664c234167","geometry":{"type":"Point","coordinates":[71.270329,54.90707]},"properties":{"uid":"repressions:56664c234167","layer":"repressions","layer_title":"Места репрессий и спецпоселений","group":"hardship","title":"Братская могила 10 красногвардейцев, расстрелянных белогвардейцами (Исилькуль)","category":"братская могила","place_text":"Исилькуль","region":"Исилькуль","year_from":1918,"year_to":1960,"date_precision":"part","date_approx":true,"period_raw":"с 1918","url":"https://www.wikidata.org/wiki/Q124814699","image_url":"http://commons.wikimedia.org/wiki/Special:FilePath/%D0%98%D1%81%D0%B8%D0%BB%D1%8C%D0%BA%D1%83%D0%BB%D1%8C%2C%20%D0%BF%D0%B0%D0%BC%D1%8F%D1%82%D0%BD%D0%B8%D0%BA%20%D0%B6%D0%B5%D1%80%D1%82%D0%B2%D0%B0%D0%BC%20%D0%B3%D1%80%D0%B0%D0%B6%D0%B4%D0%B0%D0%BD%D1%81%D0%BA%D0%BE%D0%B9%20%D0%B2%D0%BE%D0%B9%D0%BD%D1%8B%202.jpg","source":"Викиданные","source_id":"Q124814699","license":"CC0 (Викиданные)","confidence":"ok"}},{"type":"Feature","id":"repressions:729f01ed959a","geometry":{"type":"Point","coordinates":[73.608823,56.462501]},"properties":{"uid":"repressions:729f01ed959a","layer":"repressions","layer_title":"Места репрессий и спецпоселений","group":"hardship","title":"Братская могила 26 крестьян, расстрелянных белогвардейцами (Колосовка)","category":"братская могила","place_text":"Колосовка","region":"Колосовка","year_from":1919,"year_to":1960,"date_precision":"part","date_approx":true,"period_raw":"с 1919","url":"https://www.wikidata.org/wiki/Q124816984","image_url":"http://commons.wikimedia.org/wiki/Special:FilePath/%D0%9A%D0%BE%D0%BB%D0%BE%D1%81%D0%BE%D0%B2%D0%BA%D0%B0%2C%20%D0%B1%D1%80%D0%B0%D1%82%D1%81%D0%BA%D0%B0%D1%8F%20%D0%BC%D0%BE%D0%B3%D0%B8%D0%BB%D0%B0%2026%20%D0%BA%D1%80%D0%B5%D1%81%D1%82%D1%8C%D1%8F%D0%BD%2C%20%D1%80%D0%B0%D1%81%D1%81%D1%82%D1%80%D0%B5%D0%BB%D1%8F%D0%BD%D0%BD%D1%8B%D1%85%20%D0%BA%D0%BE%D0%BB%D1%87%D0%B0%D0%BA%D0%BE%D0%B2%D1%86%D0%B0%D0%BC%D0%B8%20%D0%BE%D0%B1%D1%89%D0%B8%D0%B9%20%D0%B2%D0%B8%D0%B4.jpg","source":"Викиданные","source_id":"Q124816984","license":"CC0 (Викиданные)","confidence":"ok"}},{"type":"Feature","id":"repressions:0f586adc35d8","geometry":{"type":"Point","coordinates":[72.316015,54.951687]},"properties":{"uid":"repressions:0f586adc35d8","layer":"repressions","layer_title":"Места репрессий и спецпоселений","group":"hardship","title":"Братская могила жертв колчаковского террора (Пикетное)","category":"братская могила","place_text":"Пикетное","region":"Пикетное","year_from":1918,"year_to":1960,"date_precision":"part","date_approx":true,"period_raw":"с 1918","url":"https://www.wikidata.org/wiki/Q124818346","image_url":"http://commons.wikimedia.org/wiki/Special:FilePath/6.%20%D0%9F%D0%B8%D0%BA%D0%B5%D1%82%D0%BD%D0%BE%D0%B5%20%283%29.jpg","source":"Викиданные","source_id":"Q124818346","license":"CC0 (Викиданные)","confidence":"ok"}},{"type":"Feature","id":"repressions:8a32a8f4f44a","geometry":{"type":"Point","coordinates":[75.572745,56.458606]},"properties":{"uid":"repressions:8a32a8f4f44a","layer":"repressions","layer_title":"Места репрессий и спецпоселений","group":"hardship","title":"Братская могила советских активистов и партизан, расстрелянных колчаковцами (Кондратьево)","category":"братская могила","place_text":"Кондратьево","region":"Кондратьево","year_from":1920,"year_to":1960,"date_precision":"part","date_approx":true,"period_raw":"с 1920","url":"https://www.wikidata.org/wiki/Q124822982","image_url":"http://commons.wikimedia.org/wiki/Special:FilePath/%D0%9A%D0%BE%D0%BD%D0%B4%D1%80%D0%B0%D1%82%D1%8C%D0%B5%D0%B2%D0%BE%2C%20%D0%B1%D1%80%D0%B0%D1%82%D1%81%D0%BA%D0%B0%D1%8F%20%D0%BC%D0%BE%D0%B3%D0%B8%D0%BB%D0%B0%20%D0%BF%D0%B0%D1%80%D1%82%D0%B8%D0%B7%D0%B0%D0%BD%202.jpg","source":"Викиданные","source_id":"Q124822982","license":"CC0 (Викиданные)","confidence":"ok"}},{"type":"Feature","id":"repressions:649d395cde3c","geometry":{"type":"Point","coordinates":[75.555894,56.341177]},"properties":{"uid":"repressions:649d395cde3c","layer":"repressions","layer_title":"Места репрессий и спецпоселений","group":"hardship","title":"Братская могила советских активистов, расстрелянных колчаковцами (Самохвалово)","category":"братская могила","place_text":"Самохвалово","region":"Самохвалово","year_from":1920,"year_to":1960,"date_precision":"part","date_approx":true,"period_raw":"с 1920","url":"https://www.wikidata.org/wiki/Q124822987","image_url":"http://commons.wikimedia.org/wiki/Special:FilePath/%D0%A1%D0%B0%D0%BC%D0%BE%D1%85%D0%B2%D0%B0%D0%BB%D0%BE%D0%B2%D0%BE%20%283%29.jpg","source":"Викиданные","source_id":"Q124822987","license":"CC0 (Викиданные)","confidence":"ok"}},{"type":"Feature","id":"repressions:db89dcdb1668","geometry":{"type":"Point","coordinates":[71.936209,54.933649]},"properties":{"uid":"repressions:db89dcdb1668","layer":"repressions","layer_title":"Места репрессий и спецпоселений","group":"hardship","title":"Братская могила борцов за советскую власть, расстрелянных белогвардейцами (Москаленки)","category":"братская могила","place_text":"Москалёнки","region":"Москалёнки","date_precision":"unknown","date_approx":false,"url":"https://www.wikidata.org/wiki/Q124823006","image_url":"http://commons.wikimedia.org/wiki/Special:FilePath/%D0%9C%D0%BE%D1%81%D0%BA%D0%B0%D0%BB%D0%B5%D0%BD%D0%BA%D0%B8%2C%20%D0%B1%D1%80%D0%B0%D1%82%D1%81%D0%BA%D0%B0%D1%8F%20%D0%BC%D0%BE%D0%B3%D0%B8%D0%BB%D0%B0%20%D0%BA%D1%80%D0%B0%D1%81%D0%BD%D0%BE%D0%B3%D0%B2%D0%B0%D1%80%D0%B4%D0%B5%D0%B9%D1%86%D0%B5%D0%B2.jpg","source":"Викиданные","source_id":"Q124823006","license":"CC0 (Викиданные)","confidence":"ok"}},{"type":"Feature","id":"repressions:b24e68213336","geometry":{"type":"Point","coordinates":[71.322409,55.48176]},"properties":{"uid":"repressions:b24e68213336","layer":"repressions","layer_title":"Места репрессий и спецпоселений","group":"hardship","title":"Братская могила 4 крестьян, расстрелянных белогвардейцами (Нововоскресенка)","category":"братская могила","place_text":"Нововоскресенка (Омская область)","region":"Нововоскресенка (Омская область)","date_precision":"unknown","date_approx":false,"url":"https://www.wikidata.org/wiki/Q124823023","source":"Викиданные","source_id":"Q124823023","license":"CC0 (Викиданные)","confidence":"ok"}},{"type":"Feature","id":"repressions:fe0b17351359","geometry":{"type":"Point","coordinates":[71.645364,55.320065]},"properties":{"uid":"repressions:fe0b17351359","layer":"repressions","layer_title":"Места репрессий и спецпоселений","group":"hardship","title":"Братская могила 17 крестьян, расстрелянных карателями (Утичье)","category":"братская могила","place_text":"Утичье","region":"Утичье","year_from":1919,"year_to":1960,"date_precision":"part","date_approx":true,"period_raw":"с 1919","url":"https://www.wikidata.org/wiki/Q124823025","image_url":"http://commons.wikimedia.org/wiki/Special:FilePath/%D0%A3%D1%82%D0%B8%D1%87%D1%8C%D0%B5%2C%20%D0%BF%D0%B0%D0%BC%D1%8F%D1%82%D0%BD%D0%B8%D0%BA%20%D0%B6%D0%B5%D1%80%D1%82%D0%B2%D0%B0%D0%BC%20%D0%B3%D1%80%D0%B0%D0%B6%D0%B4%D0%B0%D0%BD%D1%81%D0%BA%D0%BE%D0%B9%20%D0%B2%D0%BE%D0%B9%D0%BD%D1%8B%204.jpg","source":"Викиданные","source_id":"Q124823025","license":"CC0 (Викиданные)","confidence":"ok"}},{"type":"Feature","id":"repressions:5fbeec56a46b","geometry":{"type":"Point","coordinates":[75.199864,55.532456]},"properties":{"uid":"repressions:5fbeec56a46b","layer":"repressions","layer_title":"Места репрессий и спецпоселений","group":"hardship","title":"Братская могила крестьян, расстрелянных колчаковцами (Рязанка)","category":"братская могила","place_text":"Рязанка","region":"Рязанка","year_from":1919,"year_to":1960,"date_precision":"part","date_approx":true,"period_raw":"с 1919","url":"https://www.wikidata.org/wiki/Q124823036","image_url":"http://commons.wikimedia.org/wiki/Special:FilePath/%D0%A0%D1%8F%D0%B7%D0%B0%D0%BD%D0%BA%D0%B0.%20%D0%9D%D0%B8%D0%B6%D0%BD%D0%B5%D0%BE%D0%BC%D1%81%D0%BA%D0%BA%D0%B8%D0%B9%20%D1%80%D0%B0%D0%B9%D0%BE%D0%BD%201.jpg","source":"Викиданные","source_id":"Q124823036","license":"CC0 (Викиданные)","confidence":"ok"}},{"type":"Feature","id":"repressions:8a248f5374a2","geometry":{"type":"Point","coordinates":[74.869704,54.811783]},"properties":{"uid":"repressions:8a248f5374a2","layer":"repressions","layer_title":"Места репрессий и спецпоселений","group":"hardship","title":"Братская могила 9-ти крестьян, расстрелянных белогвардейцами (Сергеевка)","category":"братская могила","place_text":"Сергеевка","region":"Сергеевка","date_precision":"unknown","date_approx":false,"url":"https://www.wikidata.org/wiki/Q124828715","image_url":"http://commons.wikimedia.org/wiki/Special:FilePath/%D0%A1%D0%B5%D1%80%D0%B3%D0%B5%D0%B5%D0%B2%D0%BA%D0%B0%2C%20%D0%B1%D1%80%D0%B0%D1%82%D1%81%D0%BA%D0%B0%D1%8F%20%D0%BC%D0%BE%D0%B3%D0%B8%D0%BB%D0%B0%20%D0%B6%D0%B5%D1%80%D1%82%D0%B2%20%D0%B3%D1%80%D0%B0%D0%B6%D0%B4%D0%B0%D0%BD%D1%81%D0%BA%D0%BE%D0%B9%20%D0%B2%D0%BE%D0%B9%D0%BD%D1%8B.jpg","source":"Викиданные","source_id":"Q124828715","license":"CC0 (Викиданные)","confidence":"ok"}},{"type":"Feature","id":"repressions:2b4a3b62ab0a","geometry":{"type":"Point","coordinates":[44.43239,48.591518]},"properties":{"uid":"repressions:2b4a3b62ab0a","layer":"repressions","layer_title":"Места репрессий и спецпоселений","group":"hardship","title":"Братская могила жертв белого террора, погибших в 1919 году (Кировский район)","category":"братская могила","place_text":"Кировский район","region":"Кировский район","date_precision":"unknown","date_approx":false,"url":"https://www.wikidata.org/wiki/Q124983159","source":"Викиданные","source_id":"Q124983159","license":"CC0 (Викиданные)","confidence":"ok"}},{"type":"Feature","id":"repressions:b70413fcc361","geometry":{"type":"Point","coordinates":[29.920088,59.871446]},"properties":{"uid":"repressions:b70413fcc361","layer":"repressions","layer_title":"Места репрессий и спецпоселений","group":"hardship","title":"Гауптвахта уланского полка","category":"Гауптвахта","place_text":"Петергоф","region":"Петергоф","date_precision":"unknown","date_approx":false,"url":"https://ru.wikipedia.org/wiki/%D0%93%D0%B0%D1%83%D0%BF%D1%82%D0%B2%D0%B0%D1%85%D1%82%D0%B0_%D1%83%D0%BB%D0%B0%D0%BD%D1%81%D0%BA%D0%BE%D0%B3%D0%BE_%D0%BF%D0%BE%D0%BB%D0%BA%D0%B0","image_url":"http://commons.wikimedia.org/wiki/Special:FilePath/%D0%93%D0%B0%D1%83%D0%BF%D1%82%D0%B2%D0%B0%D1%85%D1%82%D0%B0%20%D1%83%D0%BB%D0%B0%D0%BD%D1%81%D0%BA%D0%BE%D0%B3%D0%BE%20%D0%BF%D0%BE%D0%BB%D0%BA%D0%B0%20%D0%9F%D0%B5%D1%82%D0%B5%D1%80%D0%B3%D0%BE%D1%84%2004.jpg","source":"Викиданные","source_id":"Q125088114","license":"CC0 (Викиданные)","confidence":"ok"}},{"type":"Feature","id":"repressions:60623bcc5d8f","geometry":{"type":"Point","coordinates":[41.66167,64.21889]},"properties":{"uid":"repressions:60623bcc5d8f","layer":"repressions","layer_title":"Места репрессий и спецпоселений","group":"hardship","title":"camp de travail de Kholmogory","category":"концентрационный лагерь","place_text":"Холмогоры","region":"Холмогоры","date_precision":"unknown","date_approx":false,"url":"https://www.wikidata.org/wiki/Q125612900","image_url":"http://commons.wikimedia.org/wiki/Special:FilePath/%D0%9F%D1%80%D0%B0%D0%B2%D0%BE%D1%81%D0%BB%D0%B0%D0%B2%D0%BD%D1%8B%D0%B5%20%D1%80%D1%83%D1%81%D1%81%D0%BA%D0%B8%D0%B5%20%D0%BE%D0%B1%D0%B8%D1%82%D0%B5%D0%BB%D0%B8.%20%D0%A1%D1%82%D1%80.%2071.%20%D0%98%D0%BB%D0%BB.%201.tif","source":"Викиданные","source_id":"Q125612900","license":"CC0 (Викиданные)","confidence":"ok"}},{"type":"Feature","id":"repressions:83f0ff570c97","geometry":{"type":"Point","coordinates":[62.776761,57.088984]},"properties":{"uid":"repressions:83f0ff570c97","layer":"repressions","layer_title":"Места репрессий и спецпоселений","group":"hardship","title":"Братская могила жертв колчаковского террора (Михайловка)","category":"братская могила","place_text":"Михайловка","region":"Михайловка","date_precision":"unknown","date_approx":false,"url":"https://www.wikidata.org/wiki/Q125698438","source":"Викиданные","source_id":"Q125698438","license":"CC0 (Викиданные)","confidence":"ok"}},{"type":"Feature","id":"repressions:fff7b5844e64","geometry":{"type":"Point","coordinates":[27.704722,53.851111]},"properties":{"uid":"repressions:fff7b5844e64","layer":"repressions","layer_title":"Места репрессий и спецпоселений","group":"hardship","title":"Малый Тростенец","category":"лагерь смерти нацистской Германии","place_text":"Минск","region":"Минск","year_from":1942,"year_to":1944,"date_precision":"year","date_approx":false,"period_raw":"1942–1944","summary":"нацистский лагерь смерти","url":"https://ru.wikipedia.org/wiki/%D0%9C%D0%B0%D0%BB%D1%8B%D0%B9_%D0%A2%D1%80%D0%BE%D1%81%D1%82%D0%B5%D0%BD%D0%B5%D1%86","image_url":"http://commons.wikimedia.org/wiki/Special:FilePath/Trascianiec%20extermination%20camp%2027.jpg","source":"Викиданные","source_id":"Q316109","license":"CC0 (Викиданные)","confidence":"ok"}},{"type":"Feature","id":"repressions:ee08e05d3d7d","geometry":{"type":"Point","coordinates":[30.449417,50.471358]},"properties":{"uid":"repressions:ee08e05d3d7d","layer":"repressions","layer_title":"Места репрессий и спецпоселений","group":"hardship","title":"Сырецкий концентрационный лагерь","category":"labor education camp","year_from":1942,"year_to":1960,"date_precision":"part","date_approx":true,"period_raw":"с 1942","summary":"нацистский концлагерь","url":"https://ru.wikipedia.org/wiki/%D0%A1%D1%8B%D1%80%D0%B5%D1%86%D0%BA%D0%B8%D0%B9_%D0%BA%D0%BE%D0%BD%D1%86%D0%B5%D0%BD%D1%82%D1%80%D0%B0%D1%86%D0%B8%D0%BE%D0%BD%D0%BD%D1%8B%D0%B9_%D0%BB%D0%B0%D0%B3%D0%B5%D1%80%D1%8C","image_url":"http://commons.wikimedia.org/wiki/Special:FilePath/%D0%9F%D0%B0%D0%BC%27%D1%8F%D1%82%D0%BD%D0%B8%D0%B9%20%D0%B7%D0%BD%D0%B0%D0%BA%20%D0%BD%D0%B0%20%D0%BC%D1%96%D1%81%D1%86%D1%96%20%D1%80%D0%BE%D0%B7%D1%82%D1%80%D1%96%D0%BB%D1%96%D0%B2%20%D0%B2%27%D1%8F%D0%B7%D0%BD%D1%96%D0%B2%20%D0%B2%20%D1%80%D0%BE%D0%BA%D0%B8%20%D0%BD%D0%B0%D1%86%D0%B8%D1%81%D1%82%D1%81%D1%8C%D0%BA%D0%BE%D1%97%20%D0%BE%D0%BA%D1%83%D0%BF%D0%B0%D1%86%D1%96%D1%97%20%D0%9A%D0%B8%D1%94%D0%B2%D0%B0.JPG","source":"Викиданные","source_id":"Q323471","license":"CC0 (Викиданные)","confidence":"ok"}},{"type":"Feature","id":"repressions:dfa9ecf16807","geometry":{"type":"Point","coordinates":[19.153889,54.328889]},"properties":{"uid":"repressions:dfa9ecf16807","layer":"repressions","layer_title":"Места репрессий и спецпоселений","group":"hardship","title":"Штуттгоф","category":"концентрационный лагерь","place_text":"Штутово","region":"Штутово","year_from":1939,"year_to":1960,"date_precision":"part","date_approx":true,"period_raw":"с 1939","summary":"нацистский концлагерь","url":"https://ru.wikipedia.org/wiki/%D0%A8%D1%82%D1%83%D1%82%D1%82%D0%B3%D0%BE%D1%84_(%D0%BA%D0%BE%D0%BD%D1%86%D0%B5%D0%BD%D1%82%D1%80%D0%B0%D1%86%D0%B8%D0%BE%D0%BD%D0%BD%D1%8B%D0%B9_%D0%BB%D0%B0%D0%B3%D0%B5%D1%80%D1%8C)","image_url":"http://commons.wikimedia.org/wiki/Special:FilePath/Barracks%20at%20Stutthof%20after%20liberation.jpg","source":"Викиданные","source_id":"Q326193","license":"CC0 (Викиданные)","confidence":"ok"}},{"type":"Feature","id":"repressions:0886098f4050","geometry":{"type":"Point","coordinates":[20.16386,53.251234]},"properties":{"uid":"repressions:0886098f4050","layer":"repressions","layer_title":"Места репрессий и спецпоселений","group":"hardship","title":"Дзялдово","category":"концентрационный лагерь","place_text":"Дзялдово","region":"Дзялдово","year_from":1939,"year_to":1960,"date_precision":"part","date_approx":true,"period_raw":"с 1939","summary":"нацистский концлагерь","url":"https://ru.wikipedia.org/wiki/%D0%94%D0%B7%D1%8F%D0%BB%D0%B4%D0%BE%D0%B2%D0%BE_(%D0%BA%D0%BE%D0%BD%D1%86%D0%B5%D0%BD%D1%82%D1%80%D0%B0%D1%86%D0%B8%D0%BE%D0%BD%D0%BD%D1%8B%D0%B9_%D0%BB%D0%B0%D0%B3%D0%B5%D1%80%D1%8C)","image_url":"http://commons.wikimedia.org/wiki/Special:FilePath/Ilowo-osada%20szkola%20zawodowa%2001%20beax.jpg","source":"Викиданные","source_id":"Q513698","license":"CC0 (Викиданные)","confidence":"ok"}},{"type":"Feature","id":"repressions:565ad262c893","geometry":{"type":"Point","coordinates":[37.628595,55.760216]},"properties":{"uid":"repressions:565ad262c893","layer":"repressions","layer_title":"Места репрессий и спецпоселений","group":"hardship","title":"Здание органов госбезопасности на Лубянке","category":"тюрьма","place_text":"Красносельский район","region":"Красносельский район","date_precision":"unknown","date_approx":false,"summary":"Штаб-квартира органов госбезопасности","url":"https://ru.wikipedia.org/wiki/%D0%97%D0%B4%D0%B0%D0%BD%D0%B8%D0%B5_%D0%BE%D1%80%D0%B3%D0%B0%D0%BD%D0%BE%D0%B2_%D0%B3%D0%BE%D1%81%D0%B1%D0%B5%D0%B7%D0%BE%D0%BF%D0%B0%D1%81%D0%BD%D0%BE%D1%81%D1%82%D0%B8_%D0%BD%D0%B0_%D0%9B%D1%83%D0%B1%D1%8F%D0%BD%D0%BA%D0%B5","image_url":"http://commons.wikimedia.org/wiki/Special:FilePath/Lubyanka%20CDM%20view%20from%20Panoramic%20view%20point%2005-2015%20img03.jpg","source":"Викиданные","source_id":"Q646334","license":"CC0 (Викиданные)","confidence":"ok"}},{"type":"Feature","id":"repressions:9a69aa1eb4f7","geometry":{"type":"Point","coordinates":[26.065,53.281667]},"properties":{"uid":"repressions:9a69aa1eb4f7","layer":"repressions","layer_title":"Места репрессий и спецпоселений","group":"hardship","title":"Колдычево","category":"нацистский концлагерь","place_text":"Колдычево","region":"Колдычево","year_from":1942,"year_to":1944,"date_precision":"year","date_approx":false,"period_raw":"1942–1944","summary":"нацистский концлагерь","url":"https://ru.wikipedia.org/wiki/%D0%9A%D0%BE%D0%BB%D0%B4%D1%8B%D1%87%D0%B5%D0%B2%D0%BE_(%D0%BB%D0%B0%D0%B3%D0%B5%D1%80%D1%8C_%D1%81%D0%BC%D0%B5%D1%80%D1%82%D0%B8)","source":"Викиданные","source_id":"Q3569713","license":"CC0 (Викиданные)","confidence":"ok"}},{"type":"Feature","id":"repressions:c05f02d37301","geometry":{"type":"Point","coordinates":[20.989772,52.245869]},"properties":{"uid":"repressions:c05f02d37301","layer":"repressions","layer_title":"Места репрессий и спецпоселений","group":"hardship","title":"Сербия","category":"утраченное здание или строение","place_text":"Варшава","region":"Варшава","date_precision":"unknown","date_approx":false,"summary":"тюрьма в Польше","url":"https://ru.wikipedia.org/wiki/%D0%A1%D0%B5%D1%80%D0%B1%D0%B8%D1%8F_(%D1%82%D1%8E%D1%80%D1%8C%D0%BC%D0%B0)","image_url":"http://commons.wikimedia.org/wiki/Special:FilePath/Wi%C4%99zienie%20kobiece%20Serbia%20w%20Warszawie.jpg","source":"Викиданные","source_id":"Q3676018","license":"CC0 (Викиданные)","confidence":"ok"}},{"type":"Feature","id":"repressions:187c31b3eb7e","geometry":{"type":"Point","coordinates":[103.83322,52.79891]},"properties":{"uid":"repressions:187c31b3eb7e","layer":"repressions","layer_title":"Места репрессий и спецпоселений","group":"hardship","title":"Александровский централ","category":"музей","place_text":"Александровское","region":"Александровское","year_from":1873,"year_to":1960,"date_precision":"part","date_approx":true,"period_raw":"с 1873","summary":"тюрьма Российской Империи","url":"https://ru.wikipedia.org/wiki/%D0%90%D0%BB%D0%B5%D0%BA%D1%81%D0%B0%D0%BD%D0%B4%D1%80%D0%BE%D0%B2%D1%81%D0%BA%D0%B8%D0%B9_%D1%86%D0%B5%D0%BD%D1%82%D1%80%D0%B0%D0%BB","image_url":"http://commons.wikimedia.org/wiki/Special:FilePath/Aleksandrovskiy%20Tsentral%20%28Old%20Russian%20Prison%29.jpg","source":"Викиданные","source_id":"Q4061498","license":"CC0 (Викиданные)","confidence":"ok"}},{"type":"Feature","id":"repressions:961f62886755","geometry":{"type":"Point","coordinates":[56.707,59.681]},"properties":{"uid":"repressions:961f62886755","layer":"repressions","layer_title":"Места репрессий и спецпоселений","group":"hardship","title":"Белый лебедь","category":"Тюрьма супермаксимальной безопасности","place_text":"Соликамск","region":"Соликамск","year_from":1938,"year_to":1960,"date_precision":"part","date_approx":true,"period_raw":"с 1938","summary":"исправительная колония особого режима для пожизненно осужденных","url":"https://ru.wikipedia.org/wiki/%D0%91%D0%B5%D0%BB%D1%8B%D0%B9_%D0%BB%D0%B5%D0%B1%D0%B5%D0%B4%D1%8C_(%D0%BA%D0%BE%D0%BB%D0%BE%D0%BD%D0%B8%D1%8F)","source":"Викиданные","source_id":"Q4083139","license":"CC0 (Викиданные)","confidence":"ok"}},{"type":"Feature","id":"repressions:4cb7756f0a70","geometry":{"type":"Point","coordinates":[30.694722,50.429444]},"properties":{"uid":"repressions:4cb7756f0a70","layer":"repressions","layer_title":"Места репрессий и спецпоселений","group":"hardship","title":"Дарницкий концентрационный лагерь","category":"нацистский концлагерь","date_precision":"unknown","date_approx":false,"summary":"лагерь для военнопленных, созданный во время Второй мировой войны","url":"https://ru.wikipedia.org/wiki/%D0%94%D0%B0%D1%80%D0%BD%D0%B8%D1%86%D0%BA%D0%B8%D0%B9_%D0%BA%D0%BE%D0%BD%D1%86%D0%B5%D0%BD%D1%82%D1%80%D0%B0%D1%86%D0%B8%D0%BE%D0%BD%D0%BD%D1%8B%D0%B9_%D0%BB%D0%B0%D0%B3%D0%B5%D1%80%D1%8C","image_url":"http://commons.wikimedia.org/wiki/Special:FilePath/%D0%96%D0%B5%D1%80%D1%82%D0%B2%D1%8B%20%D0%B2%20%D0%94%D0%B0%D1%80%D0%BD%D0%B8%D1%86%D0%BA%D0%BE%D0%BC%20%D0%BA%D0%BE%D0%BD%D1%86%D0%BB%D0%B0%D0%B3%D0%B5%D1%80%D0%B5.jpeg","source":"Викиданные","source_id":"Q4155096","license":"CC0 (Викиданные)","confidence":"ok"}},{"type":"Feature","id":"repressions:961d09fe614d","geometry":{"type":"Point","coordinates":[30.351667,59.948611]},"properties":{"uid":"repressions:961d09fe614d","layer":"repressions","layer_title":"Места репрессий и спецпоселений","group":"hardship","title":"Дом предварительного заключения","category":"следственный изолятор","place_text":"Санкт-Петербург","region":"Санкт-Петербург","year_from":1875,"year_to":1960,"date_precision":"part","date_approx":true,"period_raw":"с 1875","summary":"тюрьма в Санкт-Петербурге","url":"https://ru.wikipedia.org/wiki/%D0%94%D0%BE%D0%BC_%D0%BF%D1%80%D0%B5%D0%B4%D0%B2%D0%B0%D1%80%D0%B8%D1%82%D0%B5%D0%BB%D1%8C%D0%BD%D0%BE%D0%B3%D0%BE_%D0%B7%D0%B0%D0%BA%D0%BB%D1%8E%D1%87%D0%B5%D0%BD%D0%B8%D1%8F_(%D0%A1%D0%B0%D0%BD%D0%BA%D1%82-%D0%9F%D0%B5%D1%82%D0%B5%D1%80%D0%B1%D1%83%D1%80%D0%B3)","image_url":"http://commons.wikimedia.org/wiki/Special:FilePath/012.%20Saint-Petersburg.%20Zakharievskaya%20Street%2C%204.jpg","source":"Викиданные","source_id":"Q4165564","license":"CC0 (Викиданные)","confidence":"ok"}},{"type":"Feature","id":"repressions:30e870087eba","geometry":{"type":"Point","coordinates":[82.92111,58.30963]},"properties":{"uid":"repressions:30e870087eba","layer":"repressions","layer_title":"Места репрессий и спецпоселений","group":"hardship","title":"Колпашевский яр","category":"кладбище","place_text":"Колпашево","region":"Колпашево","date_precision":"unknown","date_approx":false,"summary":"высокий берег Оби в черте г. Колпашево, место массовых захоронений расстрелянных и умерших в тюрьме НКВД","url":"https://ru.wikipedia.org/wiki/%D0%9A%D0%BE%D0%BB%D0%BF%D0%B0%D1%88%D0%B5%D0%B2%D1%81%D0%BA%D0%B8%D0%B9_%D1%8F%D1%80","image_url":"http://commons.wikimedia.org/wiki/Special:FilePath/%D0%9A%D0%BE%D0%BB%D0%BF%D0%B0%D1%88%D0%B5%D0%B2%D1%81%D0%BA%D0%B8%D0%B9%20%D1%8F%D1%80%20%282015%20%D0%B3%D0%BE%D0%B4%29.jpg","source":"Викиданные","source_id":"Q4228665","license":"CC0 (Викиданные)","confidence":"ok"}},{"type":"Feature","id":"repressions:30af62eb61da","geometry":{"type":"Point","coordinates":[34.04833,44.9675]},"properties":{"uid":"repressions:30af62eb61da","layer":"repressions","layer_title":"Места репрессий и спецпоселений","group":"hardship","title":"Красный","category":"лагерь смерти нацистской Германии","place_text":"Мирное","region":"Мирное","year_from":1942,"year_to":1960,"date_precision":"part","date_approx":true,"period_raw":"с 1942","summary":"самый крупный в Крыму лагерь смерти в годы Второй мировой войны","url":"https://ru.wikipedia.org/wiki/%D0%9A%D1%80%D0%B0%D1%81%D0%BD%D1%8B%D0%B9_(%D0%BA%D0%BE%D0%BD%D1%86%D0%BB%D0%B0%D0%B3%D0%B5%D1%80%D1%8C)","image_url":"http://commons.wikimedia.org/wiki/Special:FilePath/%D0%9F%D0%B0%D0%BC%D1%8F%D1%82%D0%BD%D0%B8%D0%BA%20%D0%B2%20%D0%9A%D0%BE%D0%BD%D1%86%D0%BB%D0%B0%D0%B3%D0%B5%D1%80%D0%B5%20%D0%9A%D1%80%D0%B0%D1%81%D0%BD%D1%8B%D0%B9.jpg","source":"Викиданные","source_id":"Q4239398","license":"CC0 (Викиданные)","confidence":"ok"}},{"type":"Feature","id":"repressions:317e4ea305b3","geometry":{"type":"Point","coordinates":[30.319722,53.875]},"properties":{"uid":"repressions:317e4ea305b3","layer":"repressions","layer_title":"Места репрессий и спецпоселений","group":"hardship","title":"Луполовский лагерь смерти","category":"шталаг","place_text":"Могилёв","region":"Могилёв","date_precision":"unknown","date_approx":false,"summary":"лагерь для военнопленных, созданный во время Второй мировой войны","url":"https://ru.wikipedia.org/wiki/%D0%9B%D1%83%D0%BF%D0%BE%D0%BB%D0%BE%D0%B2%D1%81%D0%BA%D0%B8%D0%B9_%D0%BB%D0%B0%D0%B3%D0%B5%D1%80%D1%8C_%D0%B2%D0%BE%D0%B5%D0%BD%D0%BD%D0%BE%D0%BF%D0%BB%D0%B5%D0%BD%D0%BD%D1%8B%D1%85","image_url":"http://commons.wikimedia.org/wiki/Special:FilePath/%D0%9C%D0%B5%D0%BC%D0%BE%D1%80%D0%B8%D0%B0%D0%BB%20%D0%9B%D1%83%D0%BF%D0%BE%D0%BB%D0%BE%D0%B2%D1%81%D0%BA%D0%B8%D0%B9%20%D0%BB%D0%B0%D0%B3%D0%B5%D1%80%D1%8C%20%D1%81%D0%BC%D0%B5%D1%80%D1%82%D0%B8%20%D0%9C%D0%BE%D0%B3%D0%B8%D0%BB%D1%91%D0%B2.JPG","source":"Викиданные","source_id":"Q4269664","license":"CC0 (Викиданные)","confidence":"ok"}},{"type":"Feature","id":"repressions:827e6641a097","geometry":{"type":"Point","coordinates":[37.59434,55.53339]},"properties":{"uid":"repressions:827e6641a097","layer":"repressions","layer_title":"Места репрессий и спецпоселений","group":"hardship","title":"Бутовский полигон","category":"кладбище","place_text":"Дрожжино","region":"Дрожжино","year_from":1937,"year_to":1960,"date_precision":"part","date_approx":true,"period_raw":"с 1937","summary":"место массовых расстрелов жертв политических репрессий","url":"https://ru.wikipedia.org/wiki/%D0%91%D1%83%D1%82%D0%BE%D0%B2%D1%81%D0%BA%D0%B8%D0%B9_%D0%BF%D0%BE%D0%BB%D0%B8%D0%B3%D0%BE%D0%BD","image_url":"http://commons.wikimedia.org/wiki/Special:FilePath/%D0%91%D1%83%D1%82%D0%BE%D0%B2%D1%81%D0%BA%D0%B8%D0%B9%20%D0%BF%D0%BE%D0%BB%D0%B8%D0%B3%D0%BE%D0%BD.%20%D0%A1%D0%B0%D0%B4%20-%D0%9F%D0%B0%D0%BC%D1%8F%D1%82%D0%B8.jpg","source":"Викиданные","source_id":"Q1018007","license":"CC0 (Викиданные)","confidence":"ok"}},{"type":"Feature","id":"repressions:3d93a50511a8","geometry":{"type":"Point","coordinates":[37.59372,55.78487]},"properties":{"uid":"repressions:3d93a50511a8","layer":"repressions","layer_title":"Места репрессий и спецпоселений","group":"hardship","title":"Бутырская тюрьма","category":"памятник архитектуры","place_text":"Тверской район","region":"Тверской район","year_from":1771,"year_to":1960,"date_precision":"part","date_approx":true,"period_raw":"с 1771","summary":"следственный изолятор в Москве","url":"https://ru.wikipedia.org/wiki/%D0%91%D1%83%D1%82%D1%8B%D1%80%D1%81%D0%BA%D0%B0%D1%8F_%D1%82%D1%8E%D1%80%D1%8C%D0%BC%D0%B0","image_url":"http://commons.wikimedia.org/wiki/Special:FilePath/Butyrka%20prison%20ed.jpg","source":"Викиданные","source_id":"Q1018222","license":"CC0 (Викиданные)","confidence":"ok"}},{"type":"Feature","id":"repressions:b23f9ba3060a","geometry":{"type":"Point","coordinates":[37.705126,55.761774]},"properties":{"uid":"repressions:b23f9ba3060a","layer":"repressions","layer_title":"Места репрессий и спецпоселений","group":"hardship","title":"Лефортовская тюрьма","category":"следственный изолятор","place_text":"Лефортово","region":"Лефортово","year_from":1881,"year_to":1960,"date_precision":"part","date_approx":true,"period_raw":"с 1881","summary":"следственный изолятор в Москве, подчинённый министерству юстиции РФ","url":"https://ru.wikipedia.org/wiki/%D0%9B%D0%B5%D1%84%D0%BE%D1%80%D1%82%D0%BE%D0%B2%D1%81%D0%BA%D0%B0%D1%8F_%D1%82%D1%8E%D1%80%D1%8C%D0%BC%D0%B0","image_url":"http://commons.wikimedia.org/wiki/Special:FilePath/Moscow%20Lefortovo%20Prison%2003-2016.jpg","source":"Викиданные","source_id":"Q1346321","license":"CC0 (Викиданные)","confidence":"ok"}},{"type":"Feature","id":"repressions:20934e2a6541","geometry":{"type":"Point","coordinates":[37.45595,55.57874]},"properties":{"uid":"repressions:20934e2a6541","layer":"repressions","layer_title":"Места репрессий и спецпоселений","group":"hardship","title":"Коммунарка","category":"кладбище","place_text":"Новомосковский административный округ","region":"Новомосковский административный округ","year_from":1930,"year_to":1960,"date_precision":"part","date_approx":true,"period_raw":"с 1930","summary":"бывший расстрельный полигон в Московской области","url":"https://ru.wikipedia.org/wiki/%D0%9A%D0%BE%D0%BC%D0%BC%D1%83%D0%BD%D0%B0%D1%80%D0%BA%D0%B0_(%D1%80%D0%B0%D1%81%D1%81%D1%82%D1%80%D0%B5%D0%BB%D1%8C%D0%BD%D1%8B%D0%B9_%D0%BF%D0%BE%D0%BB%D0%B8%D0%B3%D0%BE%D0%BD)","image_url":"http://commons.wikimedia.org/wiki/Special:FilePath/PolKommunarka2.jpg","source":"Викиданные","source_id":"Q2068654","license":"CC0 (Викиданные)","confidence":"ok"}},{"type":"Feature","id":"repressions:5571bf3a5c8f","geometry":{"type":"Point","coordinates":[24.329353,56.859619]},"properties":{"uid":"repressions:5571bf3a5c8f","layer":"repressions","layer_title":"Места репрессий и спецпоселений","group":"hardship","title":"Шталаг 350","category":"лагерь для военнопленных","date_precision":"unknown","date_approx":false,"summary":"лагерь для военнопленных, созданный во время Второй мировой войны","url":"https://www.wikidata.org/wiki/Q2329211","image_url":"http://commons.wikimedia.org/wiki/Special:FilePath/Stalag%20350-Z%20piemi%C5%86as%20vieta%20%28apglab%C4%81ti%20vair%C4%81ki%20desmiti%20t%C5%ABksto%C5%A1i%20Sarkan%C4%81s%20armijas%20karav%C4%ABru%29%20WWII%2C%20Tilderi%2C%20Salaspils%20pagasts%2C%20Salaspils%20novads%2C%20Latvia%20-%20panoramio.jpg","source":"Викиданные","source_id":"Q2329211","license":"CC0 (Викиданные)","confidence":"ok"}},{"type":"Feature","id":"repressions:5a4e187f9174","geometry":{"type":"Point","coordinates":[30.3644,59.9537]},"properties":{"uid":"repressions:5a4e187f9174","layer":"repressions","layer_title":"Места репрессий и спецпоселений","group":"hardship","title":"Кресты","category":"ансамбль культурного наследия","place_text":"Калининский район","region":"Калининский район","year_from":1730,"year_to":2017,"date_precision":"year","date_approx":false,"period_raw":"1730–2017","summary":"бывший следственный изолятор в Санкт-Петербурге","url":"https://ru.wikipedia.org/wiki/%D0%9A%D1%80%D0%B5%D1%81%D1%82%D1%8B","image_url":"http://commons.wikimedia.org/wiki/Special:FilePath/RUS-2016-Aerial-SPB-Kresty%20Prison.jpg","source":"Викиданные","source_id":"Q2512830","license":"CC0 (Викиданные)","confidence":"ok"}},{"type":"Feature","id":"repressions:b1423840ed98","geometry":{"type":"Point","coordinates":[37.25,59.95]},"properties":{"uid":"repressions:b1423840ed98","layer":"repressions","layer_title":"Места репрессий и спецпоселений","group":"hardship","title":"Вологодский пятак","category":"остров","place_text":"Белозерский муниципальный округ","region":"Белозерский муниципальный округ","year_from":1953,"year_to":1960,"date_precision":"part","date_approx":true,"period_raw":"с 1953","summary":"исправительная колония особого режима для пожизненно заключённых в России","url":"https://ru.wikipedia.org/wiki/%D0%92%D0%BE%D0%BB%D0%BE%D0%B3%D0%BE%D0%B4%D1%81%D0%BA%D0%B8%D0%B9_%D0%BF%D1%8F%D1%82%D0%B0%D0%BA","source":"Викиданные","source_id":"Q2635233","license":"CC0 (Викиданные)","confidence":"ok"}},{"type":"Feature","id":"repressions:bfcb7df2fa55","geometry":{"type":"Point","coordinates":[37.69751,55.79167]},"properties":{"uid":"repressions:bfcb7df2fa55","layer":"repressions","layer_title":"Места репрессий и спецпоселений","group":"hardship","title":"Матросская тишина","category":"следственный изолятор","year_from":1945,"year_to":1960,"date_precision":"part","date_approx":true,"period_raw":"с 1945","summary":"следственный изолятор в Москве, Россия","url":"https://ru.wikipedia.org/wiki/%D0%9C%D0%B0%D1%82%D1%80%D0%BE%D1%81%D1%81%D0%BA%D0%B0%D1%8F_%D1%82%D0%B8%D1%88%D0%B8%D0%BD%D0%B0_(%D1%81%D0%BB%D0%B5%D0%B4%D1%81%D1%82%D0%B2%D0%B5%D0%BD%D0%BD%D1%8B%D0%B9_%D0%B8%D0%B7%D0%BE%D0%BB%D1%8F%D1%82%D0%BE%D1%80)","image_url":"http://commons.wikimedia.org/wiki/Special:FilePath/Moscow%2C%20Matrosskaya%20Tishina%20prison%20%2830586177623%29.jpg","source":"Викиданные","source_id":"Q3299316","license":"CC0 (Викиданные)","confidence":"ok"}},{"type":"Feature","id":"repressions:c1040c9b3b9d","geometry":{"type":"Point","coordinates":[20.08281,60.23144]},"properties":{"uid":"repressions:c1040c9b3b9d","layer":"repressions","layer_title":"Места репрессий и спецпоселений","group":"hardship","title":"Тюрьма Вита Бьорн","category":"музей","place_text":"Сунд","region":"Сунд","year_from":1784,"year_to":1960,"date_precision":"part","date_approx":true,"period_raw":"с 1784","url":"https://ru.wikipedia.org/wiki/%D0%A2%D1%8E%D1%80%D1%8C%D0%BC%D0%B0_%D0%92%D0%B8%D1%82%D0%B0_%D0%91%D1%8C%D0%BE%D1%80%D0%BD","image_url":"http://commons.wikimedia.org/wiki/Special:FilePath/F%C3%A4ngelsemuseet%20Vita%20Bj%C3%B6rn%20i%20Sund%2020120804.JPG","source":"Викиданные","source_id":"Q4467692","license":"CC0 (Викиданные)","confidence":"ok"}},{"type":"Feature","id":"repressions:4ce7cc14ae46","geometry":{"type":"Point","coordinates":[24.9692,60.1667]},"properties":{"uid":"repressions:4ce7cc14ae46","layer":"repressions","layer_title":"Места репрессий и спецпоселений","group":"hardship","title":"Helsinki County Prison","category":"гостиница","place_text":"Хельсинки","region":"Хельсинки","year_from":1837,"year_to":1960,"date_precision":"part","date_approx":true,"period_raw":"с 1837","url":"https://www.wikidata.org/wiki/Q5404559","image_url":"http://commons.wikimedia.org/wiki/Special:FilePath/Katajanokka%20aerial%20photo%20%28cropped%29.jpg","source":"Викиданные","source_id":"Q5404559","license":"CC0 (Викиданные)","confidence":"ok"}},{"type":"Feature","id":"repressions:f4885f8996f9","geometry":{"type":"Point","coordinates":[22.572699,61.207501]},"properties":{"uid":"repressions:f4885f8996f9","layer":"repressions","layer_title":"Места репрессий и спецпоселений","group":"hardship","title":"Huittisten varavankila","category":"тюрьма","place_text":"Гуйттинен","region":"Гуйттинен","date_precision":"unknown","date_approx":false,"url":"https://www.wikidata.org/wiki/Q5474584","source":"Викиданные","source_id":"Q5474584","license":"CC0 (Викиданные)","confidence":"ok"}},{"type":"Feature","id":"repressions:910866ff54f9","geometry":{"type":"Point","coordinates":[24.969444,60.194722]},"properties":{"uid":"repressions:910866ff54f9","layer":"repressions","layer_title":"Места репрессий и спецпоселений","group":"hardship","title":"Хельсинкская тюрьма","category":"тюрьма","place_text":"Хельсинки","region":"Хельсинки","year_from":1881,"year_to":1960,"date_precision":"part","date_approx":true,"period_raw":"с 1881","url":"https://ru.wikipedia.org/wiki/%D0%A5%D0%B5%D0%BB%D1%8C%D1%81%D0%B8%D0%BD%D0%BA%D1%81%D0%BA%D0%B0%D1%8F_%D1%82%D1%8E%D1%80%D1%8C%D0%BC%D0%B0","image_url":"http://commons.wikimedia.org/wiki/Special:FilePath/Helsinki%20prison%20from%20air%202.jpg","source":"Викиданные","source_id":"Q5710538","license":"CC0 (Викиданные)","confidence":"ok"}},{"type":"Feature","id":"repressions:1910c0512a73","geometry":{"type":"Point","coordinates":[22.315,60.495]},"properties":{"uid":"repressions:1910c0512a73","layer":"repressions","layer_title":"Места репрессий и спецпоселений","group":"hardship","title":"Turku Prison","category":"тюрьма","place_text":"Турку","region":"Турку","date_precision":"unknown","date_approx":false,"url":"https://www.wikidata.org/wiki/Q10726159","source":"Викиданные","source_id":"Q10726159","license":"CC0 (Викиданные)","confidence":"ok"}},{"type":"Feature","id":"repressions:1d135b161e2a","geometry":{"type":"Point","coordinates":[22.786944,62.186389]},"properties":{"uid":"repressions:1d135b161e2a","layer":"repressions","layer_title":"Места репрессий и спецпоселений","group":"hardship","title":"Karvian varavankila","category":"тюрьма","place_text":"Карвиа","region":"Карвиа","date_precision":"unknown","date_approx":false,"url":"https://www.wikidata.org/wiki/Q11870227","source":"Викиданные","source_id":"Q11870227","license":"CC0 (Викиданные)","confidence":"ok"}},{"type":"Feature","id":"repressions:dbac4677c251","geometry":{"type":"Point","coordinates":[28.553056,61.031389]},"properties":{"uid":"repressions:dbac4677c251","layer":"repressions","layer_title":"Места репрессий и спецпоселений","group":"hardship","title":"Konnunsuo Prison","category":"тюрьма","place_text":"Лаппеэнранта","region":"Лаппеэнранта","date_precision":"unknown","date_approx":false,"url":"https://www.wikidata.org/wiki/Q11872362","image_url":"http://commons.wikimedia.org/wiki/Special:FilePath/KonnunsuoPrisonFinland.jpg","source":"Викиданные","source_id":"Q11872362","license":"CC0 (Викиданные)","confidence":"ok"}},{"type":"Feature","id":"repressions:256125142162","geometry":{"type":"Point","coordinates":[27.6925,62.896944]},"properties":{"uid":"repressions:256125142162","layer":"repressions","layer_title":"Места репрессий и спецпоселений","group":"hardship","title":"Kuopio Prison","category":"тюрьма","place_text":"Куопио","region":"Куопио","date_precision":"unknown","date_approx":false,"url":"https://www.wikidata.org/wiki/Q11873591","source":"Викиданные","source_id":"Q11873591","license":"CC0 (Викиданные)","confidence":"ok"}},{"type":"Feature","id":"repressions:8260a22f5bb2","geometry":{"type":"Point","coordinates":[22.46511,61.100001]},"properties":{"uid":"repressions:8260a22f5bb2","layer":"repressions","layer_title":"Места репрессий и спецпоселений","group":"hardship","title":"Köyliön varavankila","category":"тюрьма","place_text":"Кёюлиё","region":"Кёюлиё","year_from":1935,"year_to":1998,"date_precision":"year","date_approx":false,"period_raw":"1935–1998","url":"https://www.wikidata.org/wiki/Q11874236","source":"Викиданные","source_id":"Q11874236","license":"CC0 (Викиданные)","confidence":"ok"}},{"type":"Feature","id":"repressions:338b91b99200","geometry":{"type":"Point","coordinates":[27.270556,61.684722]},"properties":{"uid":"repressions:338b91b99200","layer":"repressions","layer_title":"Места репрессий и спецпоселений","group":"hardship","title":"Mikkeli prison","category":"тюрьма","place_text":"Миккели","region":"Миккели","year_from":1843,"year_to":1960,"date_precision":"part","date_approx":true,"period_raw":"с 1843","url":"https://www.wikidata.org/wiki/Q11882679","image_url":"http://commons.wikimedia.org/wiki/Special:FilePath/Mikkeli%20prison.jpg","source":"Викиданные","source_id":"Q11882679","license":"CC0 (Викиданные)","confidence":"ok"}},{"type":"Feature","id":"repressions:977f7f010d7c","geometry":{"type":"Point","coordinates":[26.43031,64.5016]},"properties":{"uid":"repressions:977f7f010d7c","layer":"repressions","layer_title":"Места репрессий и спецпоселений","group":"hardship","title":"Pelso Prison","category":"тюрьма","place_text":"Ваала","region":"Ваала","year_from":1935,"year_to":1960,"date_precision":"part","date_approx":true,"period_raw":"с 1935","url":"https://www.wikidata.org/wiki/Q11887278","source":"Викиданные","source_id":"Q11887278","license":"CC0 (Викиданные)","confidence":"ok"}},{"type":"Feature","id":"repressions:3376a22a7f9f","geometry":{"type":"Point","coordinates":[24.78697,60.76382]},"properties":{"uid":"repressions:3376a22a7f9f","layer":"repressions","layer_title":"Места репрессий и спецпоселений","group":"hardship","title":"Riihimäki Prison","category":"тюрьма","place_text":"Рийхимяки","region":"Рийхимяки","date_precision":"unknown","date_approx":false,"url":"https://www.wikidata.org/wiki/Q11890701","image_url":"http://commons.wikimedia.org/wiki/Special:FilePath/Riihimaen%20vankilan%20selli%201944.jpg","source":"Викиданные","source_id":"Q11890701","license":"CC0 (Викиданные)","confidence":"ok"}},{"type":"Feature","id":"repressions:acafde290a70","geometry":{"type":"Point","coordinates":[27.496667,63.910278]},"properties":{"uid":"repressions:acafde290a70","layer":"repressions","layer_title":"Места репрессий и спецпоселений","group":"hardship","title":"Sukeva Prison","category":"тюрьма","place_text":"Сонкаярви","region":"Сонкаярви","date_precision":"unknown","date_approx":false,"url":"https://www.wikidata.org/wiki/Q11894624","source":"Викиданные","source_id":"Q11894624","license":"CC0 (Викиданные)","confidence":"ok"}},{"type":"Feature","id":"repressions:c0116a6b8dc3","geometry":{"type":"Point","coordinates":[24.984444,60.143611]},"properties":{"uid":"repressions:c0116a6b8dc3","layer":"repressions","layer_title":"Места репрессий и спецпоселений","group":"hardship","title":"Suomenlinna prison camp","category":"концентрационный лагерь","place_text":"Хельсинки","region":"Хельсинки","date_precision":"unknown","date_approx":false,"url":"https://www.wikidata.org/wiki/Q11895169","image_url":"http://commons.wikimedia.org/wiki/Special:FilePath/Civil%20War%20Prison%20Camp%20in%20Helsinki.png","source":"Викиданные","source_id":"Q11895169","license":"CC0 (Викиданные)","confidence":"ok"}},{"type":"Feature","id":"repressions:4d9b2a0290f3","geometry":{"type":"Point","coordinates":[25.096389,60.288333]},"properties":{"uid":"repressions:4d9b2a0290f3","layer":"repressions","layer_title":"Места репрессий и спецпоселений","group":"hardship","title":"Vantaa Prison","category":"тюрьма","place_text":"Вантаа","region":"Вантаа","date_precision":"unknown","date_approx":false,"url":"https://www.wikidata.org/wiki/Q11900402","image_url":"http://commons.wikimedia.org/wiki/Special:FilePath/Vantaa%20Prison%20in%20It%C3%A4-Hakkila%2C%20Vantaa%2C%20Finland%2C%202005%20%E2%80%93%2003.jpg","source":"Викиданные","source_id":"Q11900402","license":"CC0 (Викиданные)","confidence":"ok"}},{"type":"Feature","id":"repressions:40f6da2a4b29","geometry":{"type":"Point","coordinates":[25.489444,65.0181]},"properties":{"uid":"repressions:40f6da2a4b29","layer":"repressions","layer_title":"Места репрессий и спецпоселений","group":"hardship","title":"Oulu Prison","category":"тюрьма","place_text":"Оулу","region":"Оулу","year_from":1885,"year_to":1960,"date_precision":"part","date_approx":true,"period_raw":"с 1885","url":"https://www.wikidata.org/wiki/Q17488840","image_url":"http://commons.wikimedia.org/wiki/Special:FilePath/Oulu%20Prison%2020070714.JPG","source":"Викиданные","source_id":"Q17488840","license":"CC0 (Викиданные)","confidence":"ok"}},{"type":"Feature","id":"repressions:84f3d7f5660d","geometry":{"type":"Point","coordinates":[25.646338,60.984334]},"properties":{"uid":"repressions:84f3d7f5660d","layer":"repressions","layer_title":"Места репрессий и спецпоселений","group":"hardship","title":"Fellman field","category":"лагерь для военнопленных","place_text":"Лахти","region":"Лахти","date_precision":"unknown","date_approx":false,"url":"https://www.wikidata.org/wiki/Q18658758","source":"Викиданные","source_id":"Q18658758","license":"CC0 (Викиданные)","confidence":"ok"}},{"type":"Feature","id":"repressions:b507e508f031","geometry":{"type":"Point","coordinates":[25.622222,60.968056]},"properties":{"uid":"repressions:b507e508f031","layer":"repressions","layer_title":"Места репрессий и спецпоселений","group":"hardship","title":"Hennala camp","category":"лагерь для военнопленных","place_text":"Лахти","region":"Лахти","date_precision":"unknown","date_approx":false,"url":"https://www.wikidata.org/wiki/Q18658985","source":"Викиданные","source_id":"Q18658985","license":"CC0 (Викиданные)","confidence":"ok"}},{"type":"Feature","id":"repressions:2cfc49f95445","geometry":{"type":"Point","coordinates":[24.433889,60.991667]},"properties":{"uid":"repressions:2cfc49f95445","layer":"repressions","layer_title":"Места репрессий и спецпоселений","group":"hardship","title":"Hämeenlinnan vankileiri","category":"лагерь для военнопленных","date_precision":"unknown","date_approx":false,"url":"https://www.wikidata.org/wiki/Q18659244","image_url":"http://commons.wikimedia.org/wiki/Special:FilePath/H%C3%A4meenlinna%20red%20prisoners.JPG","source":"Викиданные","source_id":"Q18659244","license":"CC0 (Викиданные)","confidence":"ok"}},{"type":"Feature","id":"repressions:814f8c86926e","geometry":{"type":"Point","coordinates":[25.047653,60.100519]},"properties":{"uid":"repressions:814f8c86926e","layer":"repressions","layer_title":"Места репрессий и спецпоселений","group":"hardship","title":"Isosaari prisoner-of-war camp","category":"лагерь для военнопленных","place_text":"Хельсинки","region":"Хельсинки","year_from":1918,"year_to":1918,"date_precision":"year","date_approx":false,"period_raw":"1918","url":"https://www.wikidata.org/wiki/Q18659405","image_url":"http://commons.wikimedia.org/wiki/Special:FilePath/Prisoners%20in%20Mj%C3%B6l%C3%B6%20Island.jpg","source":"Викиданные","source_id":"Q18659405","license":"CC0 (Викиданные)","confidence":"ok"}},{"type":"Feature","id":"repressions:fbbe0f4df362","geometry":{"type":"Point","coordinates":[28.183451,61.065891]},"properties":{"uid":"repressions:fbbe0f4df362","layer":"repressions","layer_title":"Места репрессий и спецпоселений","group":"hardship","title":"Lappeenrannan vankileiri","category":"лагерь для военнопленных","place_text":"Лаппеэнранта","region":"Лаппеэнранта","date_precision":"unknown","date_approx":false,"url":"https://www.wikidata.org/wiki/Q18660491","image_url":"http://commons.wikimedia.org/wiki/Special:FilePath/Lappeenranta%20fortress%20walls%202.JPG","source":"Викиданные","source_id":"Q18660491","license":"CC0 (Викиданные)","confidence":"ok"}},{"type":"Feature","id":"repressions:9eea6771cdb7","geometry":{"type":"Point","coordinates":[27.0216,62.2936]},"properties":{"uid":"repressions:9eea6771cdb7","layer":"repressions","layer_title":"Места репрессий и спецпоселений","group":"hardship","title":"Naarajärvi Prison","category":"тюрьма","place_text":"Пиексямяки","region":"Пиексямяки","date_precision":"unknown","date_approx":false,"url":"https://www.wikidata.org/wiki/Q18660950","source":"Викиданные","source_id":"Q18660950","license":"CC0 (Викиданные)","confidence":"ok"}},{"type":"Feature","id":"repressions:008f241755fe","geometry":{"type":"Point","coordinates":[25.468765,65.020222]},"properties":{"uid":"repressions:008f241755fe","layer":"repressions","layer_title":"Места репрессий и спецпоселений","group":"hardship","title":"Oulun vankileiri","category":"лагерь для военнопленных","date_precision":"unknown","date_approx":false,"url":"https://www.wikidata.org/wiki/Q18661134","source":"Викиданные","source_id":"Q18661134","license":"CC0 (Викиданные)","confidence":"ok"}},{"type":"Feature","id":"repressions:e9b0f328240c","geometry":{"type":"Point","coordinates":[29.9625,62.4425]},"properties":{"uid":"repressions:e9b0f328240c","layer":"repressions","layer_title":"Места репрессий и спецпоселений","group":"hardship","title":"Pyhäselän vankila","category":"тюрьма","place_text":"Йоэнсуу","region":"Йоэнсуу","date_precision":"unknown","date_approx":false,"url":"https://www.wikidata.org/wiki/Q18661529","source":"Викиданные","source_id":"Q18661529","license":"CC0 (Викиданные)","confidence":"ok"}},{"type":"Feature","id":"repressions:0c42a4c2dbf3","geometry":{"type":"Point","coordinates":[24.471681,64.682329]},"properties":{"uid":"repressions:0c42a4c2dbf3","layer":"repressions","layer_title":"Места репрессий и спецпоселений","group":"hardship","title":"Raahen vankileiri","category":"лагерь для военнопленных","date_precision":"unknown","date_approx":false,"url":"https://www.wikidata.org/wiki/Q18661572","source":"Викиданные","source_id":"Q18661572","license":"CC0 (Викиданные)","confidence":"ok"}},{"type":"Feature","id":"repressions:2e74cb25a41b","geometry":{"type":"Point","coordinates":[24.796667,60.759444]},"properties":{"uid":"repressions:2e74cb25a41b","layer":"repressions","layer_title":"Места репрессий и спецпоселений","group":"hardship","title":"Riihimäki prison camp","category":"лагерь для военнопленных","date_precision":"unknown","date_approx":false,"url":"https://www.wikidata.org/wiki/Q18661714","source":"Викиданные","source_id":"Q18661714","license":"CC0 (Викиданные)","confidence":"ok"}},{"type":"Feature","id":"repressions:48e6cc990a24","geometry":{"type":"Point","coordinates":[25.04753,60.146842]},"properties":{"uid":"repressions:48e6cc990a24","layer":"repressions","layer_title":"Места репрессий и спецпоселений","group":"hardship","title":"Santahaminan vankileiri","category":"тюремный лагерь","date_precision":"unknown","date_approx":false,"url":"https://www.wikidata.org/wiki/Q18661866","source":"Викиданные","source_id":"Q18661866","license":"CC0 (Викиданные)","confidence":"ok"}},{"type":"Feature","id":"repressions:d8bb8285892f","geometry":{"type":"Point","coordinates":[23.798018,61.495166]},"properties":{"uid":"repressions:d8bb8285892f","layer":"repressions","layer_title":"Места репрессий и спецпоселений","group":"hardship","title":"Tampere camp","category":"лагерь для военнопленных","place_text":"Тампере","region":"Тампере","year_from":1918,"year_to":1919,"date_precision":"year","date_approx":false,"period_raw":"1918–1919","url":"https://www.wikidata.org/wiki/Q18662277","image_url":"http://commons.wikimedia.org/wiki/Special:FilePath/Tampere%20prison%20camp.JPG","source":"Викиданные","source_id":"Q18662277","license":"CC0 (Викиданные)","confidence":"ok"}},{"type":"Feature","id":"repressions:6879569770af","geometry":{"type":"Point","coordinates":[22.288889,60.450278]},"properties":{"uid":"repressions:6879569770af","layer":"repressions","layer_title":"Места репрессий и спецпоселений","group":"hardship","title":"Turun vankileiri","category":"лагерь для военнопленных","place_text":"Турку","region":"Турку","date_precision":"unknown","date_approx":false,"url":"https://www.wikidata.org/wiki/Q18662490","source":"Викиданные","source_id":"Q18662490","license":"CC0 (Викиданные)","confidence":"ok"}},{"type":"Feature","id":"repressions:de08d9303f71","geometry":{"type":"Point","coordinates":[22.526221,63.526322]},"properties":{"uid":"repressions:de08d9303f71","layer":"repressions","layer_title":"Места репрессий и спецпоселений","group":"hardship","title":"Uudenkaarlepyy Camp","category":"лагерь для военнопленных","date_precision":"unknown","date_approx":false,"url":"https://www.wikidata.org/wiki/Q18662565","source":"Викиданные","source_id":"Q18662565","license":"CC0 (Викиданные)","confidence":"ok"}},{"type":"Feature","id":"repressions:5f8ad72c9080","geometry":{"type":"Point","coordinates":[21.60796,63.08914]},"properties":{"uid":"repressions:5f8ad72c9080","layer":"repressions","layer_title":"Места репрессий и спецпоселений","group":"hardship","title":"Vaasa Prison","category":"тюрьма","place_text":"Вааса","region":"Вааса","date_precision":"unknown","date_approx":false,"url":"https://www.wikidata.org/wiki/Q18662700","source":"Викиданные","source_id":"Q18662700","license":"CC0 (Викиданные)","confidence":"ok"}},{"type":"Feature","id":"repressions:d5ec3c6ae06e","geometry":{"type":"Point","coordinates":[27.458333,63.890278]},"properties":{"uid":"repressions:d5ec3c6ae06e","layer":"repressions","layer_title":"Места репрессий и спецпоселений","group":"hardship","title":"Iskola Prison","category":"тюрьма","place_text":"Сонкаярви","region":"Сонкаярви","date_precision":"unknown","date_approx":false,"url":"https://www.wikidata.org/wiki/Q18681877","source":"Викиданные","source_id":"Q18681877","license":"CC0 (Викиданные)","confidence":"ok"}},{"type":"Feature","id":"repressions:f7b3f47e8088","geometry":{"type":"Point","coordinates":[25.972222,62.316389]},"properties":{"uid":"repressions:f7b3f47e8088","layer":"repressions","layer_title":"Места репрессий и спецпоселений","group":"hardship","title":"Laukaan vankila","category":"тюрьма","place_text":"Лаукаа","region":"Лаукаа","date_precision":"unknown","date_approx":false,"url":"https://www.wikidata.org/wiki/Q18682156","source":"Викиданные","source_id":"Q18682156","license":"CC0 (Викиданные)","confidence":"ok"}},{"type":"Feature","id":"repressions:f98c839611e9","geometry":{"type":"Point","coordinates":[23.4861,59.9878]},"properties":{"uid":"repressions:f98c839611e9","layer":"repressions","layer_title":"Места репрессий и спецпоселений","group":"hardship","title":"Tammisaari prison camp","category":"лагерь для военнопленных","place_text":"Экенес","region":"Экенес","year_from":1918,"year_to":1940,"date_precision":"year","date_approx":false,"period_raw":"1918–1940","url":"https://www.wikidata.org/wiki/Q19313989","image_url":"http://commons.wikimedia.org/wiki/Special:FilePath/Tammisaari%20prison%20camp%201918-2.jpg","source":"Викиданные","source_id":"Q19313989","license":"CC0 (Викиданные)","confidence":"ok"}},{"type":"Feature","id":"repressions:790d064dbee7","geometry":{"type":"Point","coordinates":[24.40095,61.0208]},"properties":{"uid":"repressions:790d064dbee7","layer":"repressions","layer_title":"Места репрессий и спецпоселений","group":"hardship","title":"Hämeenlinna Prison","category":"тюрьма","place_text":"Хямеэнлинна","region":"Хямеэнлинна","date_precision":"unknown","date_approx":false,"url":"https://www.wikidata.org/wiki/Q19818278","source":"Викиданные","source_id":"Q19818278","license":"CC0 (Викиданные)","confidence":"ok"}},{"type":"Feature","id":"repressions:76a50062999d","geometry":{"type":"Point","coordinates":[24.97715,60.55077]},"properties":{"uid":"repressions:76a50062999d","layer":"repressions","layer_title":"Места репрессий и спецпоселений","group":"hardship","title":"Jokela Prison","category":"тюрьма","place_text":"Туусула","region":"Туусула","year_from":1993,"year_to":1993,"date_precision":"part","date_approx":true,"period_raw":"с 1993","url":"https://www.wikidata.org/wiki/Q19818282","image_url":"http://commons.wikimedia.org/wiki/Special:FilePath/Entrance%20of%20Jokela%20Prison.jpg","source":"Викиданные","source_id":"Q19818282","license":"CC0 (Викиданные)","confidence":"ok"}},{"type":"Feature","id":"repressions:8d8bf09712b9","geometry":{"type":"Point","coordinates":[23.715242,61.172682]},"properties":{"uid":"repressions:8d8bf09712b9","layer":"repressions","layer_title":"Места репрессий и спецпоселений","group":"hardship","title":"Kylmäkoski prison","category":"тюрьма","place_text":"Акаа","region":"Акаа","date_precision":"unknown","date_approx":false,"url":"https://www.wikidata.org/wiki/Q20250286","source":"Викиданные","source_id":"Q20250286","license":"CC0 (Викиданные)","confidence":"ok"}},{"type":"Feature","id":"repressions:a18dc29456cb","geometry":{"type":"Point","coordinates":[25.133833,60.424333]},"properties":{"uid":"repressions:a18dc29456cb","layer":"repressions","layer_title":"Места репрессий и спецпоселений","group":"hardship","title":"Kerava prison","category":"тюрьма","place_text":"Керава","region":"Керава","date_precision":"unknown","date_approx":false,"url":"https://www.wikidata.org/wiki/Q25451638","image_url":"http://commons.wikimedia.org/wiki/Special:FilePath/Keravan%20vankila%2005.jpg","source":"Викиданные","source_id":"Q25451638","license":"CC0 (Викиданные)","confidence":"ok"}},{"type":"Feature","id":"repressions:d2fb30b94ed6","geometry":{"type":"Point","coordinates":[24.448389,62.038694]},"properties":{"uid":"repressions:d2fb30b94ed6","layer":"repressions","layer_title":"Места репрессий и спецпоселений","group":"hardship","title":"Vilppula prison","category":"тюрьма","place_text":"Мянття-Вилппула","region":"Мянття-Вилппула","date_precision":"unknown","date_approx":false,"url":"https://www.wikidata.org/wiki/Q25451644","source":"Викиданные","source_id":"Q25451644","license":"CC0 (Викиданные)","confidence":"ok"}},{"type":"Feature","id":"repressions:3d31b8eaec3c","geometry":{"type":"Point","coordinates":[29.246972,63.246111]},"properties":{"uid":"repressions:3d31b8eaec3c","layer":"repressions","layer_title":"Места репрессий и спецпоселений","group":"hardship","title":"Juuan vankila","category":"тюрьма","place_text":"Юука","region":"Юука","date_precision":"unknown","date_approx":false,"url":"https://www.wikidata.org/wiki/Q25451682","source":"Викиданные","source_id":"Q25451682","license":"CC0 (Викиданные)","confidence":"ok"}},{"type":"Feature","id":"repressions:d4c4aa88fb6c","geometry":{"type":"Point","coordinates":[22.545018,60.606267]},"properties":{"uid":"repressions:d4c4aa88fb6c","layer":"repressions","layer_title":"Места репрессий и спецпоселений","group":"hardship","title":"Käyrä prison","category":"тюрьма","place_text":"Аура","region":"Аура","date_precision":"unknown","date_approx":false,"url":"https://www.wikidata.org/wiki/Q26723820","image_url":"http://commons.wikimedia.org/wiki/Special:FilePath/K%C3%A4yr%C3%A4%20prison%20in%20Aura%2C%20Finland.jpg","source":"Викиданные","source_id":"Q26723820","license":"CC0 (Викиданные)","confidence":"ok"}},{"type":"Feature","id":"repressions:6a5334b03b2b","geometry":{"type":"Point","coordinates":[24.9912,60.1447]},"properties":{"uid":"repressions:6a5334b03b2b","layer":"repressions","layer_title":"Места репрессий и спецпоселений","group":"hardship","title":"Suomenlinna Prison","category":"тюрьма открытого типа","place_text":"Хельсинки","region":"Хельсинки","date_precision":"unknown","date_approx":false,"url":"https://www.wikidata.org/wiki/Q30668492","image_url":"http://commons.wikimedia.org/wiki/Special:FilePath/Suomenlinnan%20vankila.3.2020-05-30.jpg","source":"Викиданные","source_id":"Q30668492","license":"CC0 (Викиданные)","confidence":"ok"}},{"type":"Feature","id":"repressions:220e8d55de05","geometry":{"type":"Point","coordinates":[18.649778,54.353481]},"properties":{"uid":"repressions:220e8d55de05","layer":"repressions","layer_title":"Места репрессий и спецпоселений","group":"hardship","title":"Danzig-Schellmühl (Otto Jost) concentration camp","category":"концентрационный лагерь","date_precision":"unknown","date_approx":false,"url":"https://www.wikidata.org/wiki/Q47515295","source":"Викиданные","source_id":"Q47515295","license":"CC0 (Викиданные)","confidence":"ok"}},{"type":"Feature","id":"repressions:0acaaf0f2609","geometry":{"type":"Point","coordinates":[18.256528,52.230056]},"properties":{"uid":"repressions:0acaaf0f2609","layer":"repressions","layer_title":"Места репрессий и спецпоселений","group":"hardship","title":"Konin concentration camp","category":"концентрационный лагерь","date_precision":"unknown","date_approx":false,"url":"https://www.wikidata.org/wiki/Q47515292","source":"Викиданные","source_id":"Q47515292","license":"CC0 (Викиданные)","confidence":"ok"}},{"type":"Feature","id":"repressions:6b28c76e59e6","geometry":{"type":"Point","coordinates":[18.7,53.9167]},"properties":{"uid":"repressions:6b28c76e59e6","layer":"repressions","layer_title":"Места репрессий и спецпоселений","group":"hardship","title":"Pelplin concentration camp","category":"концентрационный лагерь","date_precision":"unknown","date_approx":false,"url":"https://www.wikidata.org/wiki/Q47515293","source":"Викиданные","source_id":"Q47515293","license":"CC0 (Викиданные)","confidence":"ok"}},{"type":"Feature","id":"repressions:70d2721f6064","geometry":{"type":"Point","coordinates":[20.95,51.65]},"properties":{"uid":"repressions:70d2721f6064","layer":"repressions","layer_title":"Места репрессий и спецпоселений","group":"hardship","title":"Białobrzegi concentration camp","category":"концентрационный лагерь","date_precision":"unknown","date_approx":false,"url":"https://www.wikidata.org/wiki/Q47515302","source":"Викиданные","source_id":"Q47515302","license":"CC0 (Викиданные)","confidence":"ok"}},{"type":"Feature","id":"repressions:82bd7b2d064e","geometry":{"type":"Point","coordinates":[18.95,50.2667]},"properties":{"uid":"repressions:82bd7b2d064e","layer":"repressions","layer_title":"Места репрессий и спецпоселений","group":"hardship","title":"Бисмаркхютте (концлагерь)","category":"концентрационный лагерь","place_text":"Chorzów Batory","region":"Chorzów Batory","date_precision":"unknown","date_approx":false,"url":"https://www.wikidata.org/wiki/Q47515303","source":"Викиданные","source_id":"Q47515303","license":"CC0 (Викиданные)","confidence":"ok"}},{"type":"Feature","id":"repressions:4ef031f26b32","geometry":{"type":"Point","coordinates":[18.95,50.066699]},"properties":{"uid":"repressions:4ef031f26b32","layer":"repressions","layer_title":"Места репрессий и спецпоселений","group":"hardship","title":"Кобер (концлагерь)","category":"концентрационный лагерь","date_precision":"unknown","date_approx":false,"url":"https://www.wikidata.org/wiki/Q47515304","source":"Викиданные","source_id":"Q47515304","license":"CC0 (Викиданные)","confidence":"ok"}},{"type":"Feature","id":"repressions:ff4f01693c63","geometry":{"type":"Point","coordinates":[21.841597,51.523056]},"properties":{"uid":"repressions:ff4f01693c63","layer":"repressions","layer_title":"Места репрессий и спецпоселений","group":"hardship","title":"Deblin concentration camp","category":"концентрационный лагерь","date_precision":"unknown","date_approx":false,"url":"https://www.wikidata.org/wiki/Q47515315","source":"Викиданные","source_id":"Q47515315","license":"CC0 (Викиданные)","confidence":"ok"}},{"type":"Feature","id":"repressions:9e2fe9502d31","geometry":{"type":"Point","coordinates":[18.6032,54.3548]},"properties":{"uid":"repressions:9e2fe9502d31","layer":"repressions","layer_title":"Места репрессий и спецпоселений","group":"hardship","title":"Danzig-Zigankenberg concentration camp","category":"концентрационный лагерь","date_precision":"unknown","date_approx":false,"url":"https://www.wikidata.org/wiki/Q47515324","source":"Викиданные","source_id":"Q47515324","license":"CC0 (Викиданные)","confidence":"ok"}},{"type":"Feature","id":"repressions:00d35eb00c6d","geometry":{"type":"Point","coordinates":[21.95425,51.318027]},"properties":{"uid":"repressions:00d35eb00c6d","layer":"repressions","layer_title":"Места репрессий и спецпоселений","group":"hardship","title":"Kazimierz Dolny concentration camp","category":"концентрационный лагерь","date_precision":"unknown","date_approx":false,"url":"https://www.wikidata.org/wiki/Q47515334","source":"Викиданные","source_id":"Q47515334","license":"CC0 (Викиданные)","confidence":"ok"}},{"type":"Feature","id":"repressions:84321e49d925","geometry":{"type":"Point","coordinates":[22.5985,51.2228]},"properties":{"uid":"repressions:84321e49d925","layer":"repressions","layer_title":"Места репрессий и спецпоселений","group":"hardship","title":"Lublin concentration camp","category":"концентрационный лагерь","date_precision":"unknown","date_approx":false,"url":"https://www.wikidata.org/wiki/Q47515362","source":"Викиданные","source_id":"Q47515362","license":"CC0 (Викиданные)","confidence":"ok"}},{"type":"Feature","id":"repressions:366e6e6f34be","geometry":{"type":"Point","coordinates":[18.5305,54.5189]},"properties":{"uid":"repressions:366e6e6f34be","layer":"repressions","layer_title":"Места репрессий и спецпоселений","group":"hardship","title":"Gotenhafen (Deutsche Werke Kiel) concentration camp","category":"концентрационный лагерь","date_precision":"unknown","date_approx":false,"url":"https://www.wikidata.org/wiki/Q47515368","source":"Викиданные","source_id":"Q47515368","license":"CC0 (Викиданные)","confidence":"ok"}},{"type":"Feature","id":"repressions:39bdcfae37de","geometry":{"type":"Point","coordinates":[19.183333,52.25]},"properties":{"uid":"repressions:39bdcfae37de","layer":"repressions","layer_title":"Места репрессий и спецпоселений","group":"hardship","title":"Krośniewice concentration camp","category":"концентрационный лагерь","date_precision":"unknown","date_approx":false,"url":"https://www.wikidata.org/wiki/Q47515395","source":"Викиданные","source_id":"Q47515395","license":"CC0 (Викиданные)","confidence":"ok"}},{"type":"Feature","id":"repressions:ba5d8d3508e6","geometry":{"type":"Point","coordinates":[19.2667,50.099998]},"properties":{"uid":"repressions:ba5d8d3508e6","layer":"repressions","layer_title":"Места репрессий и спецпоселений","group":"hardship","title":"Хелмек-Папротник (концлагерь)","category":"концентрационный лагерь","date_precision":"unknown","date_approx":false,"url":"https://www.wikidata.org/wiki/Q47515392","source":"Викиданные","source_id":"Q47515392","license":"CC0 (Викиданные)","confidence":"ok"}},{"type":"Feature","id":"repressions:1aba155cea73","geometry":{"type":"Point","coordinates":[19.0667,54.0833]},"properties":{"uid":"repressions:1aba155cea73","layer":"repressions","layer_title":"Места репрессий и спецпоселений","group":"hardship","title":"Gross Lesewitz concentration camp","category":"концентрационный лагерь","date_precision":"unknown","date_approx":false,"url":"https://www.wikidata.org/wiki/Q47515400","source":"Викиданные","source_id":"Q47515400","license":"CC0 (Викиданные)","confidence":"ok"}},{"type":"Feature","id":"repressions:b72ed515d5da","geometry":{"type":"Point","coordinates":[18.6758,54.3591]},"properties":{"uid":"repressions:b72ed515d5da","layer":"repressions","layer_title":"Места репрессий и спецпоселений","group":"hardship","title":"Danzig (Danziger-Werft) concentration camp","category":"концентрационный лагерь","date_precision":"unknown","date_approx":false,"url":"https://www.wikidata.org/wiki/Q47515405","source":"Викиданные","source_id":"Q47515405","license":"CC0 (Викиданные)","confidence":"ok"}},{"type":"Feature","id":"repressions:323cb0428030","geometry":{"type":"Point","coordinates":[23.699361,50.617083]},"properties":{"uid":"repressions:323cb0428030","layer":"repressions","layer_title":"Места репрессий и спецпоселений","group":"hardship","title":"Tyszowce concentration camp","category":"концентрационный лагерь","date_precision":"unknown","date_approx":false,"url":"https://www.wikidata.org/wiki/Q47515417","source":"Викиданные","source_id":"Q47515417","license":"CC0 (Викиданные)","confidence":"ok"}},{"type":"Feature","id":"repressions:089e95b991b9","geometry":{"type":"Point","coordinates":[19.2833,54.25]},"properties":{"uid":"repressions:089e95b991b9","layer":"repressions","layer_title":"Места репрессий и спецпоселений","group":"hardship","title":"Zeyersvorderkampen concentration camp","category":"концентрационный лагерь","date_precision":"unknown","date_approx":false,"url":"https://www.wikidata.org/wiki/Q47515427","source":"Викиданные","source_id":"Q47515427","license":"CC0 (Викиданные)","confidence":"ok"}},{"type":"Feature","id":"repressions:d86723bafe98","geometry":{"type":"Point","coordinates":[18.7,54.2833]},"properties":{"uid":"repressions:d86723bafe98","layer":"repressions","layer_title":"Места репрессий и спецпоселений","group":"hardship","title":"Müggenhahl concentration camp","category":"концентрационный лагерь","date_precision":"unknown","date_approx":false,"url":"https://www.wikidata.org/wiki/Q47515439","source":"Викиданные","source_id":"Q47515439","license":"CC0 (Викиданные)","confidence":"ok"}},{"type":"Feature","id":"repressions:c22832f07f38","geometry":{"type":"Point","coordinates":[19.128611,50.276389]},"properties":{"uid":"repressions:c22832f07f38","layer":"repressions","layer_title":"Места репрессий и спецпоселений","group":"hardship","title":"Сосновиц I","category":"концентрационный лагерь","place_text":"Сосновец","region":"Сосновец","date_precision":"unknown","date_approx":false,"url":"https://www.wikidata.org/wiki/Q47515444","source":"Викиданные","source_id":"Q47515444","license":"CC0 (Викиданные)","confidence":"ok"}},{"type":"Feature","id":"repressions:44e85f75e08c","geometry":{"type":"Point","coordinates":[21.0,50.6]},"properties":{"uid":"repressions:44e85f75e08c","layer":"repressions","layer_title":"Места репрессий и спецпоселений","group":"hardship","title":"Szydlow concentration camp","category":"концентрационный лагерь","date_precision":"unknown","date_approx":false,"url":"https://www.wikidata.org/wiki/Q47515458","source":"Викиданные","source_id":"Q47515458","license":"CC0 (Викиданные)","confidence":"ok"}},{"type":"Feature","id":"repressions:1635d804b41a","geometry":{"type":"Point","coordinates":[19.149999,50.233299]},"properties":{"uid":"repressions:1635d804b41a","layer":"repressions","layer_title":"Места репрессий и спецпоселений","group":"hardship","title":"Гюнтергрубе (концлагерь)","category":"концентрационный лагерь","date_precision":"unknown","date_approx":false,"url":"https://www.wikidata.org/wiki/Q47515456","source":"Викиданные","source_id":"Q47515456","license":"CC0 (Викиданные)","confidence":"ok"}},{"type":"Feature","id":"repressions:7c7a6b6440b4","geometry":{"type":"Point","coordinates":[21.266093,52.043605]},"properties":{"uid":"repressions:7c7a6b6440b4","layer":"repressions","layer_title":"Места репрессий и спецпоселений","group":"hardship","title":"Karczew concentration camp","category":"концентрационный лагерь","date_precision":"unknown","date_approx":false,"url":"https://www.wikidata.org/wiki/Q47515462","source":"Викиданные","source_id":"Q47515462","license":"CC0 (Викиданные)","confidence":"ok"}},{"type":"Feature","id":"repressions:f5828c0c8ded","geometry":{"type":"Point","coordinates":[19.0167,50.2667]},"properties":{"uid":"repressions:f5828c0c8ded","layer":"repressions","layer_title":"Места репрессий и спецпоселений","group":"hardship","title":"Каттовиц (концлагерь)","category":"концентрационный лагерь","date_precision":"unknown","date_approx":false,"url":"https://www.wikidata.org/wiki/Q47515460","source":"Викиданные","source_id":"Q47515460","license":"CC0 (Викиданные)","confidence":"ok"}},{"type":"Feature","id":"repressions:a3b2dca8d390","geometry":{"type":"Point","coordinates":[18.55,53.9667]},"properties":{"uid":"repressions:a3b2dca8d390","layer":"repressions","layer_title":"Места репрессий и спецпоселений","group":"hardship","title":"Preussisch Stargard concentration camp","category":"концентрационный лагерь","date_precision":"unknown","date_approx":false,"url":"https://www.wikidata.org/wiki/Q47515466","source":"Викиданные","source_id":"Q47515466","license":"CC0 (Викиданные)","confidence":"ok"}},{"type":"Feature","id":"repressions:b4c470d1c246","geometry":{"type":"Point","coordinates":[19.3167,54.25]},"properties":{"uid":"repressions:b4c470d1c246","layer":"repressions","layer_title":"Места репрессий и спецпоселений","group":"hardship","title":"Zeyersniederkampen concentration camp","category":"концентрационный лагерь","date_precision":"unknown","date_approx":false,"url":"https://www.wikidata.org/wiki/Q47515465","source":"Викиданные","source_id":"Q47515465","license":"CC0 (Викиданные)","confidence":"ok"}},{"type":"Feature","id":"repressions:d36481086afa","geometry":{"type":"Point","coordinates":[18.6833,54.2]},"properties":{"uid":"repressions:d36481086afa","layer":"repressions","layer_title":"Места репрессий и спецпоселений","group":"hardship","title":"Schönwarling concentration camp","category":"концентрационный лагерь","date_precision":"unknown","date_approx":false,"url":"https://www.wikidata.org/wiki/Q47515479","source":"Викиданные","source_id":"Q47515479","license":"CC0 (Викиданные)","confidence":"ok"}},{"type":"Feature","id":"repressions:99b991c0bf34","geometry":{"type":"Point","coordinates":[20.433333,49.966666]},"properties":{"uid":"repressions:99b991c0bf34","layer":"repressions","layer_title":"Места репрессий и спецпоселений","group":"hardship","title":"Bochnia concentration camp","category":"концентрационный лагерь","date_precision":"unknown","date_approx":false,"url":"https://www.wikidata.org/wiki/Q47515496","source":"Викиданные","source_id":"Q47515496","license":"CC0 (Викиданные)","confidence":"ok"}},{"type":"Feature","id":"repressions:7a179a55c6b5","geometry":{"type":"Point","coordinates":[21.616666,49.833333]},"properties":{"uid":"repressions:7a179a55c6b5","layer":"repressions","layer_title":"Места репрессий и спецпоселений","group":"hardship","title":"Frysztak concentration camp","category":"концентрационный лагерь","date_precision":"unknown","date_approx":false,"url":"https://www.wikidata.org/wiki/Q47515503","source":"Викиданные","source_id":"Q47515503","license":"CC0 (Викиданные)","confidence":"ok"}},{"type":"Feature","id":"repressions:4a4e54c287ec","geometry":{"type":"Point","coordinates":[18.7833,50.316699]},"properties":{"uid":"repressions:4a4e54c287ec","layer":"repressions","layer_title":"Места репрессий и спецпоселений","group":"hardship","title":"Гинденбург (концлагерь)","category":"концентрационный лагерь","date_precision":"unknown","date_approx":false,"url":"https://www.wikidata.org/wiki/Q47515519","source":"Викиданные","source_id":"Q47515519","license":"CC0 (Викиданные)","confidence":"ok"}},{"type":"Feature","id":"repressions:864a85c70a9b","geometry":{"type":"Point","coordinates":[18.5984,53.0138]},"properties":{"uid":"repressions:864a85c70a9b","layer":"repressions","layer_title":"Места репрессий и спецпоселений","group":"hardship","title":"Thorn (SS-Neubauleitung) concentration camp","category":"концентрационный лагерь","date_precision":"unknown","date_approx":false,"url":"https://www.wikidata.org/wiki/Q47515527","source":"Викиданные","source_id":"Q47515527","license":"CC0 (Викиданные)","confidence":"ok"}},{"type":"Feature","id":"repressions:035b6ee669de","geometry":{"type":"Point","coordinates":[19.4045,54.1561]},"properties":{"uid":"repressions:035b6ee669de","layer":"repressions","layer_title":"Места репрессий и спецпоселений","group":"hardship","title":"Elbing (Schichau-Werft) concentration camp","category":"концентрационный лагерь","date_precision":"unknown","date_approx":false,"url":"https://www.wikidata.org/wiki/Q47515525","source":"Викиданные","source_id":"Q47515525","license":"CC0 (Викиданные)","confidence":"ok"}},{"type":"Feature","id":"repressions:02e2d5dea969","geometry":{"type":"Point","coordinates":[23.130638,50.244777]},"properties":{"uid":"repressions:02e2d5dea969","layer":"repressions","layer_title":"Места репрессий и спецпоселений","group":"hardship","title":"Cieszanow forced labour camp","category":"трудовой лагерь","place_text":"Цешанув","region":"Цешанув","date_precision":"unknown","date_approx":false,"url":"https://www.wikidata.org/wiki/Q47515537","source":"Викиданные","source_id":"Q47515537","license":"CC0 (Викиданные)","confidence":"ok"}},{"type":"Feature","id":"repressions:7f677cf33113","geometry":{"type":"Point","coordinates":[19.149999,50.033298]},"properties":{"uid":"repressions:7f677cf33113","layer":"repressions","layer_title":"Места репрессий и спецпоселений","group":"hardship","title":"Плавы (концлагерь)","category":"концентрационный лагерь","date_precision":"unknown","date_approx":false,"url":"https://www.wikidata.org/wiki/Q47515547","source":"Викиданные","source_id":"Q47515547","license":"CC0 (Викиданные)","confidence":"ok"}},{"type":"Feature","id":"repressions:d79ceeae6719","geometry":{"type":"Point","coordinates":[21.783333,49.683333]},"properties":{"uid":"repressions:d79ceeae6719","layer":"repressions","layer_title":"Места репрессий и спецпоселений","group":"hardship","title":"Krosno concentration camp","category":"концентрационный лагерь","date_precision":"unknown","date_approx":false,"url":"https://www.wikidata.org/wiki/Q47515552","source":"Викиданные","source_id":"Q47515552","license":"CC0 (Викиданные)","confidence":"ok"}},{"type":"Feature","id":"repressions:8da5ff93e000","geometry":{"type":"Point","coordinates":[18.45,54.1667]},"properties":{"uid":"repressions:8da5ff93e000","layer":"repressions","layer_title":"Места репрессий и спецпоселений","group":"hardship","title":"Grenzdorf concentration camp","category":"концентрационный лагерь","date_precision":"unknown","date_approx":false,"url":"https://www.wikidata.org/wiki/Q47515561","source":"Викиданные","source_id":"Q47515561","license":"CC0 (Викиданные)","confidence":"ok"}},{"type":"Feature","id":"repressions:d827df82c2a3","geometry":{"type":"Point","coordinates":[22.052342,51.374422]},"properties":{"uid":"repressions:d827df82c2a3","layer":"repressions","layer_title":"Места репрессий и спецпоселений","group":"hardship","title":"Końskowola concentration camp","category":"концентрационный лагерь","date_precision":"unknown","date_approx":false,"url":"https://www.wikidata.org/wiki/Q47515581","source":"Викиданные","source_id":"Q47515581","license":"CC0 (Викиданные)","confidence":"ok"}},{"type":"Feature","id":"repressions:a2d177eac557","geometry":{"type":"Point","coordinates":[19.3833,54.1667]},"properties":{"uid":"repressions:a2d177eac557","layer":"repressions","layer_title":"Места репрессий и спецпоселений","group":"hardship","title":"Elbing concentration camp","category":"концентрационный лагерь","date_precision":"unknown","date_approx":false,"url":"https://www.wikidata.org/wiki/Q47515602","source":"Викиданные","source_id":"Q47515602","license":"CC0 (Викиданные)","confidence":"ok"}},{"type":"Feature","id":"repressions:a38e3eb6aa5a","geometry":{"type":"Point","coordinates":[21.239901,51.389701]},"properties":{"uid":"repressions:a38e3eb6aa5a","layer":"repressions","layer_title":"Места репрессий и спецпоселений","group":"hardship","title":"Radom concentration camp","category":"концентрационный лагерь","date_precision":"unknown","date_approx":false,"url":"https://www.wikidata.org/wiki/Q47515613","source":"Викиданные","source_id":"Q47515613","license":"CC0 (Викиданные)","confidence":"ok"}},{"type":"Feature","id":"repressions:572e66430bb6","geometry":{"type":"Point","coordinates":[20.433333,49.7]},"properties":{"uid":"repressions:572e66430bb6","layer":"repressions","layer_title":"Места репрессий и спецпоселений","group":"hardship","title":"Limanowa concentration camp","category":"концентрационный лагерь","date_precision":"unknown","date_approx":false,"url":"https://www.wikidata.org/wiki/Q47515618","source":"Викиданные","source_id":"Q47515618","license":"CC0 (Викиданные)","confidence":"ok"}},{"type":"Feature","id":"repressions:c88b19d8ea43","geometry":{"type":"Point","coordinates":[21.65,51.166666]},"properties":{"uid":"repressions:c88b19d8ea43","layer":"repressions","layer_title":"Места репрессий и спецпоселений","group":"hardship","title":"Lipsko concentration camp","category":"концентрационный лагерь","date_precision":"unknown","date_approx":false,"url":"https://www.wikidata.org/wiki/Q47515631","source":"Викиданные","source_id":"Q47515631","license":"CC0 (Викиданные)","confidence":"ok"}},{"type":"Feature","id":"repressions:36ef965693b4","geometry":{"type":"Point","coordinates":[21.083333,51.05]},"properties":{"uid":"repressions:36ef965693b4","layer":"repressions","layer_title":"Места репрессий и спецпоселений","group":"hardship","title":"Starachowice concentration camp","category":"концентрационный лагерь","place_text":"Стараховице","region":"Стараховице","date_precision":"unknown","date_approx":false,"url":"https://www.wikidata.org/wiki/Q47515632","source":"Викиданные","source_id":"Q47515632","license":"CC0 (Викиданные)","confidence":"ok"}},{"type":"Feature","id":"repressions:ca9e9ae7ed0c","geometry":{"type":"Point","coordinates":[19.95,49.616666]},"properties":{"uid":"repressions:ca9e9ae7ed0c","layer":"repressions","layer_title":"Места репрессий и спецпоселений","group":"hardship","title":"Rabka concentration camp","category":"концентрационный лагерь","date_precision":"unknown","date_approx":false,"url":"https://www.wikidata.org/wiki/Q47515644","source":"Викиданные","source_id":"Q47515644","license":"CC0 (Викиданные)","confidence":"ok"}},{"type":"Feature","id":"repressions:54551da81e18","geometry":{"type":"Point","coordinates":[18.6333,54.2667]},"properties":{"uid":"repressions:54551da81e18","layer":"repressions","layer_title":"Места репрессий и спецпоселений","group":"hardship","title":"Praust (Flugplatz) concentration camp","category":"концентрационный лагерь","date_precision":"unknown","date_approx":false,"url":"https://www.wikidata.org/wiki/Q47515651","source":"Викиданные","source_id":"Q47515651","license":"CC0 (Викиданные)","confidence":"ok"}},{"type":"Feature","id":"repressions:cf6088c47cd4","geometry":{"type":"Point","coordinates":[19.0167,49.916698]},"properties":{"uid":"repressions:cf6088c47cd4","layer":"repressions","layer_title":"Места репрессий и спецпоселений","group":"hardship","title":"Чеховиц (концлагерь)","category":"концентрационный лагерь","date_precision":"unknown","date_approx":false,"url":"https://www.wikidata.org/wiki/Q47515654","source":"Викиданные","source_id":"Q47515654","license":"CC0 (Викиданные)","confidence":"ok"}},{"type":"Feature","id":"repressions:9841c5bb468c","geometry":{"type":"Point","coordinates":[22.290166,52.167611]},"properties":{"uid":"repressions:9841c5bb468c","layer":"repressions","layer_title":"Места репрессий и спецпоселений","group":"hardship","title":"Siedlce concentration camp","category":"концентрационный лагерь","date_precision":"unknown","date_approx":false,"url":"https://www.wikidata.org/wiki/Q47515661","image_url":"http://commons.wikimedia.org/wiki/Special:FilePath/Siedlce04.tif","source":"Викиданные","source_id":"Q47515661","license":"CC0 (Викиданные)","confidence":"ok"}},{"type":"Feature","id":"repressions:53dbe7d64dab","geometry":{"type":"Point","coordinates":[19.3667,54.3667]},"properties":{"uid":"repressions:53dbe7d64dab","layer":"repressions","layer_title":"Места репрессий и спецпоселений","group":"hardship","title":"Pröbbernau concentration camp","category":"концентрационный лагерь","date_precision":"unknown","date_approx":false,"url":"https://www.wikidata.org/wiki/Q47515682","source":"Викиданные","source_id":"Q47515682","license":"CC0 (Викиданные)","confidence":"ok"}},{"type":"Feature","id":"repressions:cfe98e9dd073","geometry":{"type":"Point","coordinates":[18.9333,50.333301]},"properties":{"uid":"repressions:cfe98e9dd073","layer":"repressions","layer_title":"Места репрессий и спецпоселений","group":"hardship","title":"Хохенлинде (концлагерь)","category":"концентрационный лагерь","date_precision":"unknown","date_approx":false,"url":"https://www.wikidata.org/wiki/Q47515683","source":"Викиданные","source_id":"Q47515683","license":"CC0 (Викиданные)","confidence":"ok"}},{"type":"Feature","id":"repressions:2346dfae75ec","geometry":{"type":"Point","coordinates":[18.4667,54.2167]},"properties":{"uid":"repressions:2346dfae75ec","layer":"repressions","layer_title":"Места репрессий и спецпоселений","group":"hardship","title":"Domachau concentration camp","category":"концентрационный лагерь","date_precision":"unknown","date_approx":false,"url":"https://www.wikidata.org/wiki/Q47515681","source":"Викиданные","source_id":"Q47515681","license":"CC0 (Викиданные)","confidence":"ok"}},{"type":"Feature","id":"repressions:3f2367f39e43","geometry":{"type":"Point","coordinates":[18.8167,54.25]},"properties":{"uid":"repressions:3f2367f39e43","layer":"repressions","layer_title":"Места репрессий и спецпоселений","group":"hardship","title":"Trutenau concentration camp","category":"концентрационный лагерь","date_precision":"unknown","date_approx":false,"url":"https://www.wikidata.org/wiki/Q47515687","source":"Викиданные","source_id":"Q47515687","license":"CC0 (Викиданные)","confidence":"ok"}},{"type":"Feature","id":"repressions:42be748709cf","geometry":{"type":"Point","coordinates":[21.45,51.483333]},"properties":{"uid":"repressions:42be748709cf","layer":"repressions","layer_title":"Места репрессий и спецпоселений","group":"hardship","title":"Pionki concentration camp","category":"концентрационный лагерь","date_precision":"unknown","date_approx":false,"url":"https://www.wikidata.org/wiki/Q47515698","source":"Викиданные","source_id":"Q47515698","license":"CC0 (Викиданные)","confidence":"ok"}},{"type":"Feature","id":"repressions:e4ec73cc5439","geometry":{"type":"Point","coordinates":[20.016666,51.533333]},"properties":{"uid":"repressions:e4ec73cc5439","layer":"repressions","layer_title":"Места репрессий и спецпоселений","group":"hardship","title":"Tomaszow Mazowiecki concentration camp","category":"концентрационный лагерь","date_precision":"unknown","date_approx":false,"url":"https://www.wikidata.org/wiki/Q47515707","source":"Викиданные","source_id":"Q47515707","license":"CC0 (Викиданные)","confidence":"ok"}},{"type":"Feature","id":"repressions:89d469f38dbc","geometry":{"type":"Point","coordinates":[18.6714,50.2945]},"properties":{"uid":"repressions:89d469f38dbc","layer":"repressions","layer_title":"Места репрессий и спецпоселений","group":"hardship","title":"Гляйвиц IV","category":"концентрационный лагерь","date_precision":"unknown","date_approx":false,"url":"https://www.wikidata.org/wiki/Q47515717","source":"Викиданные","source_id":"Q47515717","license":"CC0 (Викиданные)","confidence":"ok"}},{"type":"Feature","id":"repressions:cefe864ccb45","geometry":{"type":"Point","coordinates":[19.1041,50.2863]},"properties":{"uid":"repressions:cefe864ccb45","layer":"repressions","layer_title":"Места репрессий и спецпоселений","group":"hardship","title":"Сосновиц II","category":"концентрационный лагерь","place_text":"Сосновец","region":"Сосновец","date_precision":"unknown","date_approx":false,"url":"https://www.wikidata.org/wiki/Q47515733","source":"Викиданные","source_id":"Q47515733","license":"CC0 (Викиданные)","confidence":"ok"}},{"type":"Feature","id":"repressions:0c5044e554bd","geometry":{"type":"Point","coordinates":[19.149999,49.983299]},"properties":{"uid":"repressions:0c5044e554bd","layer":"repressions","layer_title":"Места репрессий и спецпоселений","group":"hardship","title":"Буды (концлагерь)","category":"концентрационный лагерь","date_precision":"unknown","date_approx":false,"url":"https://www.wikidata.org/wiki/Q47515739","source":"Викиданные","source_id":"Q47515739","license":"CC0 (Викиданные)","confidence":"ok"}},{"type":"Feature","id":"repressions:e4186183e9ca","geometry":{"type":"Point","coordinates":[22.258055,51.374361]},"properties":{"uid":"repressions:e4186183e9ca","layer":"repressions","layer_title":"Места репрессий и спецпоселений","group":"hardship","title":"Markuszów concentration camp","category":"концентрационный лагерь","date_precision":"unknown","date_approx":false,"url":"https://www.wikidata.org/wiki/Q47515751","source":"Викиданные","source_id":"Q47515751","license":"CC0 (Викиданные)","confidence":"ok"}},{"type":"Feature","id":"repressions:edaee82d6163","geometry":{"type":"Point","coordinates":[21.866666,49.583333]},"properties":{"uid":"repressions:edaee82d6163","layer":"repressions","layer_title":"Места репрессий и спецпоселений","group":"hardship","title":"Rymanów concentration camp","category":"концентрационный лагерь","date_precision":"unknown","date_approx":false,"url":"https://www.wikidata.org/wiki/Q47515756","source":"Викиданные","source_id":"Q47515756","license":"CC0 (Викиданные)","confidence":"ok"}},{"type":"Feature","id":"repressions:413ce3fa287e","geometry":{"type":"Point","coordinates":[18.6714,50.2945]},"properties":{"uid":"repressions:413ce3fa287e","layer":"repressions","layer_title":"Места репрессий и спецпоселений","group":"hardship","title":"Гляйвиц III","category":"концентрационный лагерь","year_from":1944,"year_to":1960,"date_precision":"part","date_approx":true,"period_raw":"с 1944","url":"https://www.wikidata.org/wiki/Q47515770","source":"Викиданные","source_id":"Q47515770","license":"CC0 (Викиданные)","confidence":"ok"}},{"type":"Feature","id":"repressions:31b6f3320caf","geometry":{"type":"Point","coordinates":[22.241388,52.984994]},"properties":{"uid":"repressions:31b6f3320caf","layer":"repressions","layer_title":"Места репрессий и спецпоселений","group":"hardship","title":"Zambrów concentration camp","category":"концентрационный лагерь","date_precision":"unknown","date_approx":false,"url":"https://www.wikidata.org/wiki/Q47515772","source":"Викиданные","source_id":"Q47515772","license":"CC0 (Викиданные)","confidence":"ok"}},{"type":"Feature","id":"repressions:b4bcb3ce1475","geometry":{"type":"Point","coordinates":[20.033333,49.483333]},"properties":{"uid":"repressions:b4bcb3ce1475","layer":"repressions","layer_title":"Места репрессий и спецпоселений","group":"hardship","title":"Neumarkt concentration camp","category":"концентрационный лагерь","date_precision":"unknown","date_approx":false,"url":"https://www.wikidata.org/wiki/Q47515777","source":"Викиданные","source_id":"Q47515777","license":"CC0 (Викиданные)","confidence":"ok"}},{"type":"Feature","id":"repressions:8578c0c2d8c4","geometry":{"type":"Point","coordinates":[18.6333,54.2333]},"properties":{"uid":"repressions:8578c0c2d8c4","layer":"repressions","layer_title":"Места репрессий и спецпоселений","group":"hardship","title":"Russoschin concentration camp","category":"концентрационный лагерь","date_precision":"unknown","date_approx":false,"url":"https://www.wikidata.org/wiki/Q47515781","source":"Викиданные","source_id":"Q47515781","license":"CC0 (Викиданные)","confidence":"ok"}},{"type":"Feature","id":"repressions:3ef319efa1a6","geometry":{"type":"Point","coordinates":[21.230211,52.151484]},"properties":{"uid":"repressions:3ef319efa1a6","layer":"repressions","layer_title":"Места репрессий и спецпоселений","group":"hardship","title":"Falenica concentration camp","category":"концентрационный лагерь","date_precision":"unknown","date_approx":false,"url":"https://www.wikidata.org/wiki/Q47515786","source":"Викиданные","source_id":"Q47515786","license":"CC0 (Викиданные)","confidence":"ok"}},{"type":"Feature","id":"repressions:4b73ed53d75c","geometry":{"type":"Point","coordinates":[21.4333,50.2833]},"properties":{"uid":"repressions:4b73ed53d75c","layer":"repressions","layer_title":"Места репрессий и спецпоселений","group":"hardship","title":"Mielec concentration camp","category":"концентрационный лагерь","date_precision":"unknown","date_approx":false,"url":"https://www.wikidata.org/wiki/Q47515787","source":"Викиданные","source_id":"Q47515787","license":"CC0 (Викиданные)","confidence":"ok"}},{"type":"Feature","id":"repressions:86b463ad21e8","geometry":{"type":"Point","coordinates":[20.066666,50.583333]},"properties":{"uid":"repressions:86b463ad21e8","layer":"repressions","layer_title":"Места репрессий и спецпоселений","group":"hardship","title":"Sędziszów concentration camp","category":"концентрационный лагерь","date_precision":"unknown","date_approx":false,"url":"https://www.wikidata.org/wiki/Q47515785","source":"Викиданные","source_id":"Q47515785","license":"CC0 (Викиданные)","confidence":"ok"}},{"type":"Feature","id":"repressions:5a4d0171a2db","geometry":{"type":"Point","coordinates":[21.0167,54.2667]},"properties":{"uid":"repressions:5a4d0171a2db","layer":"repressions","layer_title":"Места репрессий и спецпоселений","group":"hardship","title":"Schippenbeil concentration camp","category":"концентрационный лагерь","date_precision":"unknown","date_approx":false,"url":"https://www.wikidata.org/wiki/Q47515796","source":"Викиданные","source_id":"Q47515796","license":"CC0 (Викиданные)","confidence":"ok"}},{"type":"Feature","id":"repressions:f3140aa6327c","geometry":{"type":"Point","coordinates":[20.1,50.25]},"properties":{"uid":"repressions:f3140aa6327c","layer":"repressions","layer_title":"Места репрессий и спецпоселений","group":"hardship","title":"Slomniki concentration camp","category":"концентрационный лагерь","date_precision":"unknown","date_approx":false,"url":"https://www.wikidata.org/wiki/Q47515797","source":"Викиданные","source_id":"Q47515797","license":"CC0 (Викиданные)","confidence":"ok"}},{"type":"Feature","id":"repressions:4b89e36ae8e0","geometry":{"type":"Point","coordinates":[20.966666,51.383333]},"properties":{"uid":"repressions:4b89e36ae8e0","layer":"repressions","layer_title":"Места репрессий и спецпоселений","group":"hardship","title":"Wolanow concentration camp","category":"концентрационный лагерь","date_precision":"unknown","date_approx":false,"url":"https://www.wikidata.org/wiki/Q47515803","source":"Викиданные","source_id":"Q47515803","license":"CC0 (Викиданные)","confidence":"ok"}},{"type":"Feature","id":"repressions:765bd8f8c8a9","geometry":{"type":"Point","coordinates":[19.1333,50.349998]},"properties":{"uid":"repressions:765bd8f8c8a9","layer":"repressions","layer_title":"Места репрессий и спецпоселений","group":"hardship","title":"Лагиша (концлагерь)","category":"концентрационный лагерь","date_precision":"unknown","date_approx":false,"url":"https://www.wikidata.org/wiki/Q47515809","source":"Викиданные","source_id":"Q47515809","license":"CC0 (Викиданные)","confidence":"ok"}},{"type":"Feature","id":"repressions:20b8056eae43","geometry":{"type":"Point","coordinates":[21.932638,51.625638]},"properties":{"uid":"repressions:20b8056eae43","layer":"repressions","layer_title":"Места репрессий и спецпоселений","group":"hardship","title":"Ryki concentration camp","category":"концентрационный лагерь","date_precision":"unknown","date_approx":false,"url":"https://www.wikidata.org/wiki/Q47515819","source":"Викиданные","source_id":"Q47515819","license":"CC0 (Викиданные)","confidence":"ok"}},{"type":"Feature","id":"repressions:4bfb6c40e1d6","geometry":{"type":"Point","coordinates":[19.383333,51.366666]},"properties":{"uid":"repressions:4bfb6c40e1d6","layer":"repressions","layer_title":"Места репрессий и спецпоселений","group":"hardship","title":"Bełchatów concentration camp","category":"концентрационный лагерь","date_precision":"unknown","date_approx":false,"url":"https://www.wikidata.org/wiki/Q47515832","source":"Викиданные","source_id":"Q47515832","license":"CC0 (Викиданные)","confidence":"ok"}},{"type":"Feature","id":"repressions:51f377f0b5a9","geometry":{"type":"Point","coordinates":[18.4333,50.066699]},"properties":{"uid":"repressions:51f377f0b5a9","layer":"repressions","layer_title":"Места репрессий и спецпоселений","group":"hardship","title":"Шарлоттенгрубе (концлагерь)","category":"концентрационный лагерь","date_precision":"unknown","date_approx":false,"url":"https://www.wikidata.org/wiki/Q47515833","source":"Викиданные","source_id":"Q47515833","license":"CC0 (Викиданные)","confidence":"ok"}},{"type":"Feature","id":"repressions:d17da7b52751","geometry":{"type":"Point","coordinates":[18.933333,50.9]},"properties":{"uid":"repressions:d17da7b52751","layer":"repressions","layer_title":"Места репрессий и спецпоселений","group":"hardship","title":"Kłobuck concentration camp","category":"концентрационный лагерь","date_precision":"unknown","date_approx":false,"url":"https://www.wikidata.org/wiki/Q47515839","source":"Викиданные","source_id":"Q47515839","license":"CC0 (Викиданные)","confidence":"ok"}},{"type":"Feature","id":"repressions:584937ba79db","geometry":{"type":"Point","coordinates":[22.18725,51.389083]},"properties":{"uid":"repressions:584937ba79db","layer":"repressions","layer_title":"Места репрессий и спецпоселений","group":"hardship","title":"Kurów concentration camp","category":"концентрационный лагерь","date_precision":"unknown","date_approx":false,"url":"https://www.wikidata.org/wiki/Q47515841","source":"Викиданные","source_id":"Q47515841","license":"CC0 (Викиданные)","confidence":"ok"}},{"type":"Feature","id":"repressions:cddf69b71d6b","geometry":{"type":"Point","coordinates":[18.6466,54.352]},"properties":{"uid":"repressions:cddf69b71d6b","layer":"repressions","layer_title":"Места репрессий и спецпоселений","group":"hardship","title":"Danzig-Schellmühl (Carstens) concentration camp","category":"концентрационный лагерь","date_precision":"unknown","date_approx":false,"url":"https://www.wikidata.org/wiki/Q47515859","source":"Викиданные","source_id":"Q47515859","license":"CC0 (Викиданные)","confidence":"ok"}},{"type":"Feature","id":"repressions:5c1e64e469b7","geometry":{"type":"Point","coordinates":[18.6466,54.352]},"properties":{"uid":"repressions:5c1e64e469b7","layer":"repressions","layer_title":"Места репрессий и спецпоселений","group":"hardship","title":"Danzig (SS-Hauptversorgungslager)","category":"концентрационный лагерь","date_precision":"unknown","date_approx":false,"url":"https://www.wikidata.org/wiki/Q47515857","source":"Викиданные","source_id":"Q47515857","license":"CC0 (Викиданные)","confidence":"ok"}},{"type":"Feature","id":"repressions:399afb0106ce","geometry":{"type":"Point","coordinates":[18.0,53.15]},"properties":{"uid":"repressions:399afb0106ce","layer":"repressions","layer_title":"Места репрессий и спецпоселений","group":"hardship","title":"Bromberg-Brahnau (DAG Nobel) concentration camp","category":"концентрационный лагерь","date_precision":"unknown","date_approx":false,"url":"https://www.wikidata.org/wiki/Q47515866","source":"Викиданные","source_id":"Q47515866","license":"CC0 (Викиданные)","confidence":"ok"}},{"type":"Feature","id":"repressions:efeb1a69b4be","geometry":{"type":"Point","coordinates":[18.6466,54.352]},"properties":{"uid":"repressions:efeb1a69b4be","layer":"repressions","layer_title":"Места репрессий и спецпоселений","group":"hardship","title":"Danzig-Langfuhr concentration camp","category":"концентрационный лагерь","date_precision":"unknown","date_approx":false,"url":"https://www.wikidata.org/wiki/Q47515890","source":"Викиданные","source_id":"Q47515890","license":"CC0 (Викиданные)","confidence":"ok"}},{"type":"Feature","id":"repressions:7eb5af4bc769","geometry":{"type":"Point","coordinates":[19.35,53.7167]},"properties":{"uid":"repressions:7eb5af4bc769","layer":"repressions","layer_title":"Места репрессий и спецпоселений","group":"hardship","title":"Rosenberg concentration camp","category":"концентрационный лагерь","date_precision":"unknown","date_approx":false,"url":"https://www.wikidata.org/wiki/Q47515893","source":"Викиданные","source_id":"Q47515893","license":"CC0 (Викиданные)","confidence":"ok"}},{"type":"Feature","id":"repressions:08763d5d9dce","geometry":{"type":"Point","coordinates":[18.8333,54.35]},"properties":{"uid":"repressions:08763d5d9dce","layer":"repressions","layer_title":"Места репрессий и спецпоселений","group":"hardship","title":"Bohnsack concentration camp","category":"концентрационный лагерь","date_precision":"unknown","date_approx":false,"url":"https://www.wikidata.org/wiki/Q47515900","source":"Викиданные","source_id":"Q47515900","license":"CC0 (Викиданные)","confidence":"ok"}},{"type":"Feature","id":"repressions:012630f6fb4a","geometry":{"type":"Point","coordinates":[19.4045,54.1561]},"properties":{"uid":"repressions:012630f6fb4a","layer":"repressions","layer_title":"Места репрессий и спецпоселений","group":"hardship","title":"Elbing (OT Elbing Complex)","category":"концентрационный лагерь","date_precision":"unknown","date_approx":false,"url":"https://www.wikidata.org/wiki/Q47515906","source":"Викиданные","source_id":"Q47515906","license":"CC0 (Викиданные)","confidence":"ok"}},{"type":"Feature","id":"repressions:e00642f71dcb","geometry":{"type":"Point","coordinates":[19.15,50.333333]},"properties":{"uid":"repressions:e00642f71dcb","layer":"repressions","layer_title":"Места репрессий и спецпоселений","group":"hardship","title":"Bendsburg concentration camp","category":"концентрационный лагерь","date_precision":"unknown","date_approx":false,"url":"https://www.wikidata.org/wiki/Q47515908","source":"Викиданные","source_id":"Q47515908","license":"CC0 (Викиданные)","confidence":"ok"}},{"type":"Feature","id":"repressions:b2f89860ec35","geometry":{"type":"Point","coordinates":[18.55,54.5]},"properties":{"uid":"repressions:b2f89860ec35","layer":"repressions","layer_title":"Места репрессий и спецпоселений","group":"hardship","title":"Gotenhafen concentration camp","category":"концентрационный лагерь","date_precision":"unknown","date_approx":false,"url":"https://www.wikidata.org/wiki/Q47515926","source":"Викиданные","source_id":"Q47515926","license":"CC0 (Викиданные)","confidence":"ok"}},{"type":"Feature","id":"repressions:6cc8190a5a22","geometry":{"type":"Point","coordinates":[20.660326,50.863741]},"properties":{"uid":"repressions:6cc8190a5a22","layer":"repressions","layer_title":"Места репрессий и спецпоселений","group":"hardship","title":"Kielce concentration camp","category":"концентрационный лагерь","date_precision":"unknown","date_approx":false,"url":"https://www.wikidata.org/wiki/Q47515931","source":"Викиданные","source_id":"Q47515931","license":"CC0 (Викиданные)","confidence":"ok"}},{"type":"Feature","id":"repressions:c74b95c7fa8e","geometry":{"type":"Point","coordinates":[22.0444,50.578]},"properties":{"uid":"repressions:c74b95c7fa8e","layer":"repressions","layer_title":"Места репрессий и спецпоселений","group":"hardship","title":"Stalowa Wola concentration camp","category":"концентрационный лагерь","date_precision":"unknown","date_approx":false,"url":"https://www.wikidata.org/wiki/Q47515940","source":"Викиданные","source_id":"Q47515940","license":"CC0 (Викиданные)","confidence":"ok"}},{"type":"Feature","id":"repressions:f917426fe801","geometry":{"type":"Point","coordinates":[23.135222,53.100778]},"properties":{"uid":"repressions:f917426fe801","layer":"repressions","layer_title":"Места репрессий и спецпоселений","group":"hardship","title":"Stalag 316 w Białymstoku","category":"шталаг","place_text":"Белосток","region":"Белосток","year_from":1941,"year_to":1943,"date_precision":"year","date_approx":false,"period_raw":"1941–1943","url":"https://www.wikidata.org/wiki/Q48861667","source":"Викиданные","source_id":"Q48861667","license":"CC0 (Викиданные)","confidence":"ok"}},{"type":"Feature","id":"repressions:780a0c2c3835","geometry":{"type":"Point","coordinates":[22.966111,50.617222]},"properties":{"uid":"repressions:780a0c2c3835","layer":"repressions","layer_title":"Места репрессий и спецпоселений","group":"hardship","title":"Niemiecki obóz przesiedleńczy w Zwierzyńcu","category":"концентрационный лагерь","place_text":"Звежинец","region":"Звежинец","date_precision":"unknown","date_approx":false,"url":"https://www.wikidata.org/wiki/Q50411946","source":"Викиданные","source_id":"Q50411946","license":"CC0 (Викиданные)","confidence":"ok"}},{"type":"Feature","id":"repressions:c4562ec3fde3","geometry":{"type":"Point","coordinates":[20.2,49.8]},"properties":{"uid":"repressions:c4562ec3fde3","layer":"repressions","layer_title":"Места репрессий и спецпоселений","group":"hardship","title":"Abramowice concentration camp","category":"концентрационный лагерь","date_precision":"unknown","date_approx":false,"url":"https://www.wikidata.org/wiki/Q53865438","source":"Викиданные","source_id":"Q53865438","license":"CC0 (Викиданные)","confidence":"ok"}},{"type":"Feature","id":"repressions:8a3a123feca9","geometry":{"type":"Point","coordinates":[22.929733,50.247272]},"properties":{"uid":"repressions:8a3a123feca9","layer":"repressions","layer_title":"Места репрессий и спецпоселений","group":"hardship","title":"Alt Dzikow concentration camp","category":"концентрационный лагерь","date_precision":"unknown","date_approx":false,"url":"https://www.wikidata.org/wiki/Q53865447","source":"Викиданные","source_id":"Q53865447","license":"CC0 (Викиданные)","confidence":"ok"}},{"type":"Feature","id":"repressions:20062bd68c59","geometry":{"type":"Point","coordinates":[22.87201,51.610032]},"properties":{"uid":"repressions:20062bd68c59","layer":"repressions","layer_title":"Места репрессий и спецпоселений","group":"hardship","title":"Alt Latzig concentration camp","category":"концентрационный лагерь","date_precision":"unknown","date_approx":false,"url":"https://www.wikidata.org/wiki/Q53865449","source":"Викиданные","source_id":"Q53865449","license":"CC0 (Викиданные)","confidence":"ok"}},{"type":"Feature","id":"repressions:501f3504d027","geometry":{"type":"Point","coordinates":[20.795802,51.812724]},"properties":{"uid":"repressions:501f3504d027","layer":"repressions","layer_title":"Места репрессий и спецпоселений","group":"hardship","title":"Altendorf concentration camp","category":"концентрационный лагерь","date_precision":"unknown","date_approx":false,"url":"https://www.wikidata.org/wiki/Q53865455","source":"Викиданные","source_id":"Q53865455","license":"CC0 (Викиданные)","confidence":"ok"}},{"type":"Feature","id":"repressions:c0f5ff6864d7","geometry":{"type":"Point","coordinates":[18.248449,51.183696]},"properties":{"uid":"repressions:c0f5ff6864d7","layer":"repressions","layer_title":"Места репрессий и спецпоселений","group":"hardship","title":"Andrzejów concentration camp","category":"концентрационный лагерь","date_precision":"unknown","date_approx":false,"url":"https://www.wikidata.org/wiki/Q53865466","source":"Викиданные","source_id":"Q53865466","license":"CC0 (Викиданные)","confidence":"ok"}},{"type":"Feature","id":"repressions:9cad70187928","geometry":{"type":"Point","coordinates":[18.11328,52.75378]},"properties":{"uid":"repressions:9cad70187928","layer":"repressions","layer_title":"Места репрессий и спецпоселений","group":"hardship","title":"Amsee concentration camp","category":"концентрационный лагерь","date_precision":"unknown","date_approx":false,"url":"https://www.wikidata.org/wiki/Q53865464","source":"Викиданные","source_id":"Q53865464","license":"CC0 (Викиданные)","confidence":"ok"}},{"type":"Feature","id":"repressions:75928b12b703","geometry":{"type":"Point","coordinates":[19.138094,50.148254]},"properties":{"uid":"repressions:75928b12b703","layer":"repressions","layer_title":"Места репрессий и спецпоселений","group":"hardship","title":"Anhalt O/S concentration camp","category":"концентрационный лагерь","date_precision":"unknown","date_approx":false,"url":"https://www.wikidata.org/wiki/Q53865470","source":"Викиданные","source_id":"Q53865470","license":"CC0 (Викиданные)","confidence":"ok"}},{"type":"Feature","id":"repressions:c5d7f4aa4b06","geometry":{"type":"Point","coordinates":[18.866715,50.269224]},"properties":{"uid":"repressions:c5d7f4aa4b06","layer":"repressions","layer_title":"Места репрессий и спецпоселений","group":"hardship","title":"Antonienhütte concentration camp","category":"концентрационный лагерь","date_precision":"unknown","date_approx":false,"url":"https://www.wikidata.org/wiki/Q53865474","source":"Викиданные","source_id":"Q53865474","license":"CC0 (Викиданные)","confidence":"ok"}},{"type":"Feature","id":"repressions:3f07683956e6","geometry":{"type":"Point","coordinates":[20.546664,51.952171]},"properties":{"uid":"repressions:3f07683956e6","layer":"repressions","layer_title":"Места репрессий и спецпоселений","group":"hardship","title":"Badowo-Danki concentration camp","category":"концентрационный лагерь","date_precision":"unknown","date_approx":false,"url":"https://www.wikidata.org/wiki/Q53865504","source":"Викиданные","source_id":"Q53865504","license":"CC0 (Викиданные)","confidence":"ok"}},{"type":"Feature","id":"repressions:1618866ee2e7","geometry":{"type":"Point","coordinates":[21.95,53.7]},"properties":{"uid":"repressions:1618866ee2e7","layer":"repressions","layer_title":"Места репрессий и спецпоселений","group":"hardship","title":"Beelitz concentration camp","category":"концентрационный лагерь","date_precision":"unknown","date_approx":false,"url":"https://www.wikidata.org/wiki/Q53865514","source":"Викиданные","source_id":"Q53865514","license":"CC0 (Викиданные)","confidence":"ok"}},{"type":"Feature","id":"repressions:8f8ccdfd81c8","geometry":{"type":"Point","coordinates":[23.230748,50.176641]},"properties":{"uid":"repressions:8f8ccdfd81c8","layer":"repressions","layer_title":"Места репрессий и спецпоселений","group":"hardship","title":"Basznia concentration camp","category":"концентрационный лагерь","date_precision":"unknown","date_approx":false,"url":"https://www.wikidata.org/wiki/Q53865512","source":"Викиданные","source_id":"Q53865512","license":"CC0 (Викиданные)","confidence":"ok"}},{"type":"Feature","id":"repressions:8f3027328b11","geometry":{"type":"Point","coordinates":[18.915717,50.348382]},"properties":{"uid":"repressions:8f3027328b11","layer":"repressions","layer_title":"Места репрессий и спецпоселений","group":"hardship","title":"Beuthen concentration camp","category":"концентрационный лагерь","date_precision":"unknown","date_approx":false,"url":"https://www.wikidata.org/wiki/Q53865527","source":"Викиданные","source_id":"Q53865527","license":"CC0 (Викиданные)","confidence":"ok"}},{"type":"Feature","id":"repressions:decb3edaa114","geometry":{"type":"Point","coordinates":[20.994974,50.381989]},"properties":{"uid":"repressions:decb3edaa114","layer":"repressions","layer_title":"Места репрессий и спецпоселений","group":"hardship","title":"Biechów concentration camp","category":"концентрационный лагерь","date_precision":"unknown","date_approx":false,"url":"https://www.wikidata.org/wiki/Q53865531","source":"Викиданные","source_id":"Q53865531","license":"CC0 (Викиданные)","confidence":"ok"}},{"type":"Feature","id":"repressions:0c689b3b13d9","geometry":{"type":"Point","coordinates":[19.062291,49.832597]},"properties":{"uid":"repressions:0c689b3b13d9","layer":"repressions","layer_title":"Места репрессий и спецпоселений","group":"hardship","title":"Bielsko-Biala concentration camp","category":"концентрационный лагерь","date_precision":"unknown","date_approx":false,"url":"https://www.wikidata.org/wiki/Q53865533","image_url":"http://commons.wikimedia.org/wiki/Special:FilePath/Bielsko-Bia%C5%82a%2C%20ulica%20Towarowa%20-%20Konfirunek%2001.jpg","source":"Викиданные","source_id":"Q53865533","license":"CC0 (Викиданные)","confidence":"ok"}},{"type":"Feature","id":"repressions:b5fb33a17b40","geometry":{"type":"Point","coordinates":[18.973997,50.775609]},"properties":{"uid":"repressions:b5fb33a17b40","layer":"repressions","layer_title":"Места репрессий и спецпоселений","group":"hardship","title":"Blachownia concentration camp","category":"концентрационный лагерь","date_precision":"unknown","date_approx":false,"url":"https://www.wikidata.org/wiki/Q53865537","source":"Викиданные","source_id":"Q53865537","license":"CC0 (Викиданные)","confidence":"ok"}},{"type":"Feature","id":"repressions:f52fb9b2fac0","geometry":{"type":"Point","coordinates":[18.084589,52.744432]},"properties":{"uid":"repressions:f52fb9b2fac0","layer":"repressions","layer_title":"Места репрессий и спецпоселений","group":"hardship","title":"Bornheim concentration camp","category":"концентрационный лагерь","date_precision":"unknown","date_approx":false,"url":"https://www.wikidata.org/wiki/Q53865547","source":"Викиданные","source_id":"Q53865547","license":"CC0 (Викиданные)","confidence":"ok"}},{"type":"Feature","id":"repressions:9f78dd155d38","geometry":{"type":"Point","coordinates":[18.339027,51.798665]},"properties":{"uid":"repressions:9f78dd155d38","layer":"repressions","layer_title":"Места репрессий и спецпоселений","group":"hardship","title":"Bornhagen concentration camp","category":"концентрационный лагерь","date_precision":"unknown","date_approx":false,"url":"https://www.wikidata.org/wiki/Q53865545","source":"Викиданные","source_id":"Q53865545","license":"CC0 (Викиданные)","confidence":"ok"}},{"type":"Feature","id":"repressions:6b6017f12ada","geometry":{"type":"Point","coordinates":[18.008438,53.12348]},"properties":{"uid":"repressions:6b6017f12ada","layer":"repressions","layer_title":"Места репрессий и спецпоселений","group":"hardship","title":"Bromberg concentration camp","category":"концентрационный лагерь","date_precision":"unknown","date_approx":false,"url":"https://www.wikidata.org/wiki/Q53865562","source":"Викиданные","source_id":"Q53865562","license":"CC0 (Викиданные)","confidence":"ok"}},{"type":"Feature","id":"repressions:55dcd5ca855a","geometry":{"type":"Point","coordinates":[19.820054,54.379713]},"properties":{"uid":"repressions:55dcd5ca855a","layer":"repressions","layer_title":"Места репрессий и спецпоселений","group":"hardship","title":"Brunsdorf concentration camp","category":"концентрационный лагерь","date_precision":"unknown","date_approx":false,"url":"https://www.wikidata.org/wiki/Q53865563","source":"Викиданные","source_id":"Q53865563","license":"CC0 (Викиданные)","confidence":"ok"}},{"type":"Feature","id":"repressions:8efd36c1ab04","geometry":{"type":"Point","coordinates":[21.551177,51.585533]},"properties":{"uid":"repressions:8efd36c1ab04","layer":"repressions","layer_title":"Места репрессий и спецпоселений","group":"hardship","title":"Kozienice concentration camp","category":"концентрационный лагерь","date_precision":"unknown","date_approx":false,"url":"https://www.wikidata.org/wiki/Q53865858","source":"Викиданные","source_id":"Q53865858","license":"CC0 (Викиданные)","confidence":"ok"}},{"type":"Feature","id":"repressions:5ae7d2f20732","geometry":{"type":"Point","coordinates":[19.84696,50.03351]},"properties":{"uid":"repressions:5ae7d2f20732","layer":"repressions","layer_title":"Места репрессий и спецпоселений","group":"hardship","title":"Krakau-Kostrze concentration camp","category":"концентрационный лагерь","date_precision":"unknown","date_approx":false,"url":"https://www.wikidata.org/wiki/Q53865860","source":"Викиданные","source_id":"Q53865860","license":"CC0 (Викиданные)","confidence":"ok"}},{"type":"Feature","id":"repressions:1bd0624595fb","geometry":{"type":"Point","coordinates":[20.050846,50.063444]},"properties":{"uid":"repressions:1bd0624595fb","layer":"repressions","layer_title":"Места репрессий и спецпоселений","group":"hardship","title":"Kraków-Mogila concentration camp","category":"концентрационный лагерь","date_precision":"unknown","date_approx":false,"url":"https://www.wikidata.org/wiki/Q53865861","source":"Викиданные","source_id":"Q53865861","license":"CC0 (Викиданные)","confidence":"ok"}},{"type":"Feature","id":"repressions:61a2361e0674","geometry":{"type":"Point","coordinates":[21.766053,49.682476]},"properties":{"uid":"repressions:61a2361e0674","layer":"repressions","layer_title":"Места репрессий и спецпоселений","group":"hardship","title":"Krosna concentration camp","category":"концентрационный лагерь","date_precision":"unknown","date_approx":false,"url":"https://www.wikidata.org/wiki/Q53865866","source":"Викиданные","source_id":"Q53865866","license":"CC0 (Викиданные)","confidence":"ok"}},{"type":"Feature","id":"repressions:28d81f584f00","geometry":{"type":"Point","coordinates":[23.176275,51.164409]},"properties":{"uid":"repressions:28d81f584f00","layer":"repressions","layer_title":"Места репрессий и спецпоселений","group":"hardship","title":"Krowica concentration camp","category":"концентрационный лагерь","date_precision":"unknown","date_approx":false,"url":"https://www.wikidata.org/wiki/Q53865867","source":"Викиданные","source_id":"Q53865867","license":"CC0 (Викиданные)","confidence":"ok"}},{"type":"Feature","id":"repressions:94d7c99dc74d","geometry":{"type":"Point","coordinates":[18.622931,50.572866]},"properties":{"uid":"repressions:94d7c99dc74d","layer":"repressions","layer_title":"Места репрессий и спецпоселений","group":"hardship","title":"Kruppamühle concentration camp","category":"концентрационный лагерь","date_precision":"unknown","date_approx":false,"url":"https://www.wikidata.org/wiki/Q53865869","source":"Викиданные","source_id":"Q53865869","license":"CC0 (Викиданные)","confidence":"ok"}},{"type":"Feature","id":"repressions:5c229d3e770e","geometry":{"type":"Point","coordinates":[20.364016,53.699686]},"properties":{"uid":"repressions:5c229d3e770e","layer":"repressions","layer_title":"Места репрессий и спецпоселений","group":"hardship","title":"Krzesk concentration camp","category":"концентрационный лагерь","date_precision":"unknown","date_approx":false,"url":"https://www.wikidata.org/wiki/Q53865874","source":"Викиданные","source_id":"Q53865874","license":"CC0 (Викиданные)","confidence":"ok"}},{"type":"Feature","id":"repressions:16589a24491b","geometry":{"type":"Point","coordinates":[19.402827,51.682768]},"properties":{"uid":"repressions:16589a24491b","layer":"repressions","layer_title":"Места репрессий и спецпоселений","group":"hardship","title":"Ksawerów concentration camp","category":"концентрационный лагерь","date_precision":"unknown","date_approx":false,"url":"https://www.wikidata.org/wiki/Q53865875","source":"Викиданные","source_id":"Q53865875","license":"CC0 (Викиданные)","confidence":"ok"}},{"type":"Feature","id":"repressions:97fe0a6b0bf0","geometry":{"type":"Point","coordinates":[19.918639,49.737165]},"properties":{"uid":"repressions:97fe0a6b0bf0","layer":"repressions","layer_title":"Места репрессий и спецпоселений","group":"hardship","title":"Krzczonów concentration camp","category":"концентрационный лагерь","date_precision":"unknown","date_approx":false,"url":"https://www.wikidata.org/wiki/Q53865872","source":"Викиданные","source_id":"Q53865872","license":"CC0 (Викиданные)","confidence":"ok"}},{"type":"Feature","id":"repressions:46d8bcc2c7cf","geometry":{"type":"Point","coordinates":[22.415936,53.539243]},"properties":{"uid":"repressions:46d8bcc2c7cf","layer":"repressions","layer_title":"Места репрессий и спецпоселений","group":"hardship","title":"Kudlaczewo concentration camp","category":"концентрационный лагерь","date_precision":"unknown","date_approx":false,"url":"https://www.wikidata.org/wiki/Q53865876","source":"Викиданные","source_id":"Q53865876","license":"CC0 (Викиданные)","confidence":"ok"}},{"type":"Feature","id":"repressions:2e90d63ee788","geometry":{"type":"Point","coordinates":[18.954573,50.297488]},"properties":{"uid":"repressions:2e90d63ee788","layer":"repressions","layer_title":"Места репрессий и спецпоселений","group":"hardship","title":"Kurzheim concentration camp","category":"концентрационный лагерь","date_precision":"unknown","date_approx":false,"url":"https://www.wikidata.org/wiki/Q53865880","source":"Викиданные","source_id":"Q53865880","license":"CC0 (Викиданные)","confidence":"ok"}},{"type":"Feature","id":"repressions:aed00f13514f","geometry":{"type":"Point","coordinates":[19.475949,49.714766]},"properties":{"uid":"repressions:aed00f13514f","layer":"repressions","layer_title":"Места репрессий и спецпоселений","group":"hardship","title":"Lachowitz concentration camp","category":"концентрационный лагерь","date_precision":"unknown","date_approx":false,"url":"https://www.wikidata.org/wiki/Q53865884","source":"Викиданные","source_id":"Q53865884","license":"CC0 (Викиданные)","confidence":"ok"}},{"type":"Feature","id":"repressions:fd1d9e0234a1","geometry":{"type":"Point","coordinates":[19.363727,50.039721]},"properties":{"uid":"repressions:fd1d9e0234a1","layer":"repressions","layer_title":"Места репрессий и спецпоселений","group":"hardship","title":"Las concentration camp","category":"концентрационный лагерь","date_precision":"unknown","date_approx":false,"url":"https://www.wikidata.org/wiki/Q53865894","source":"Викиданные","source_id":"Q53865894","license":"CC0 (Викиданные)","confidence":"ok"}},{"type":"Feature","id":"repressions:e2059564b38d","geometry":{"type":"Point","coordinates":[22.899577,50.020471]},"properties":{"uid":"repressions:e2059564b38d","layer":"repressions","layer_title":"Места репрессий и спецпоселений","group":"hardship","title":"Laszki concentration camp","category":"концентрационный лагерь","date_precision":"unknown","date_approx":false,"url":"https://www.wikidata.org/wiki/Q53865895","source":"Викиданные","source_id":"Q53865895","license":"CC0 (Викиданные)","confidence":"ok"}},{"type":"Feature","id":"repressions:fbc3edef9e4a","geometry":{"type":"Point","coordinates":[20.927222,50.094861]},"properties":{"uid":"repressions:fbc3edef9e4a","layer":"repressions","layer_title":"Места репрессий и спецпоселений","group":"hardship","title":"Leg Tarnowski concentration camp","category":"концентрационный лагерь","date_precision":"unknown","date_approx":false,"url":"https://www.wikidata.org/wiki/Q53865899","source":"Викиданные","source_id":"Q53865899","license":"CC0 (Викиданные)","confidence":"ok"}},{"type":"Feature","id":"repressions:385e5fa926c2","geometry":{"type":"Point","coordinates":[20.94997,52.404448]},"properties":{"uid":"repressions:385e5fa926c2","layer":"repressions","layer_title":"Места репрессий и спецпоселений","group":"hardship","title":"Legionowo concentration camp","category":"концентрационный лагерь","date_precision":"unknown","date_approx":false,"url":"https://www.wikidata.org/wiki/Q53865900","source":"Викиданные","source_id":"Q53865900","license":"CC0 (Викиданные)","confidence":"ok"}},{"type":"Feature","id":"repressions:33c43abaf0bd","geometry":{"type":"Point","coordinates":[20.68489,50.020901]},"properties":{"uid":"repressions:33c43abaf0bd","layer":"repressions","layer_title":"Места репрессий и спецпоселений","group":"hardship","title":"Leki concentration camp","category":"концентрационный лагерь","date_precision":"unknown","date_approx":false,"url":"https://www.wikidata.org/wiki/Q53865907","source":"Викиданные","source_id":"Q53865907","license":"CC0 (Викиданные)","confidence":"ok"}},{"type":"Feature","id":"repressions:49235cee9830","geometry":{"type":"Point","coordinates":[21.199643,51.469785]},"properties":{"uid":"repressions:49235cee9830","layer":"repressions","layer_title":"Места репрессий и спецпоселений","group":"hardship","title":"Lesiów concentration camp","category":"концентрационный лагерь","date_precision":"unknown","date_approx":false,"url":"https://www.wikidata.org/wiki/Q53865914","source":"Викиданные","source_id":"Q53865914","license":"CC0 (Викиданные)","confidence":"ok"}},{"type":"Feature","id":"repressions:1b7e10f7e0b1","geometry":{"type":"Point","coordinates":[21.240484,51.46338]},"properties":{"uid":"repressions:1b7e10f7e0b1","layer":"repressions","layer_title":"Места репрессий и спецпоселений","group":"hardship","title":"Lindenhain concentration camp","category":"концентрационный лагерь","date_precision":"unknown","date_approx":false,"url":"https://www.wikidata.org/wiki/Q53865919","source":"Викиданные","source_id":"Q53865919","license":"CC0 (Викиданные)","confidence":"ok"}},{"type":"Feature","id":"repressions:0aa101d685b5","geometry":{"type":"Point","coordinates":[19.455983,51.759248]},"properties":{"uid":"repressions:0aa101d685b5","layer":"repressions","layer_title":"Места репрессий и спецпоселений","group":"hardship","title":"Litzmannstadt-Wiskitno concentration camp","category":"концентрационный лагерь","date_precision":"unknown","date_approx":false,"url":"https://www.wikidata.org/wiki/Q53865927","source":"Викиданные","source_id":"Q53865927","license":"CC0 (Викиданные)","confidence":"ok"}},{"type":"Feature","id":"repressions:f86777acb6dc","geometry":{"type":"Point","coordinates":[21.444726,50.826202]},"properties":{"uid":"repressions:f86777acb6dc","layer":"repressions","layer_title":"Места репрессий и спецпоселений","group":"hardship","title":"Lipowa concentration camp","category":"концентрационный лагерь","date_precision":"unknown","date_approx":false,"url":"https://www.wikidata.org/wiki/Q53865924","source":"Викиданные","source_id":"Q53865924","license":"CC0 (Викиданные)","confidence":"ok"}},{"type":"Feature","id":"repressions:892be1f81bf7","geometry":{"type":"Point","coordinates":[19.945374,52.106792]},"properties":{"uid":"repressions:892be1f81bf7","layer":"repressions","layer_title":"Места репрессий и спецпоселений","group":"hardship","title":"Lowitsch concentration camp","category":"концентрационный лагерь","date_precision":"unknown","date_approx":false,"url":"https://www.wikidata.org/wiki/Q53865931","source":"Викиданные","source_id":"Q53865931","license":"CC0 (Викиданные)","confidence":"ok"}},{"type":"Feature","id":"repressions:0ca7e1c2132c","geometry":{"type":"Point","coordinates":[18.312025,52.738236]},"properties":{"uid":"repressions:0ca7e1c2132c","layer":"repressions","layer_title":"Места репрессий и спецпоселений","group":"hardship","title":"Lohdorf concentration camp","category":"концентрационный лагерь","date_precision":"unknown","date_approx":false,"url":"https://www.wikidata.org/wiki/Q53865928","source":"Викиданные","source_id":"Q53865928","license":"CC0 (Викиданные)","confidence":"ok"}},{"type":"Feature","id":"repressions:3f38acc1516c","geometry":{"type":"Point","coordinates":[22.568446,51.246454]},"properties":{"uid":"repressions:3f38acc1516c","layer":"repressions","layer_title":"Места репрессий и спецпоселений","group":"hardship","title":"Lublin-Krochmalnastraße concentration camp","category":"концентрационный лагерь","date_precision":"unknown","date_approx":false,"url":"https://www.wikidata.org/wiki/Q53865934","source":"Викиданные","source_id":"Q53865934","license":"CC0 (Викиданные)","confidence":"ok"}},{"type":"Feature","id":"repressions:b7d2b1ebe76a","geometry":{"type":"Point","coordinates":[23.483221,51.456748]},"properties":{"uid":"repressions:b7d2b1ebe76a","layer":"repressions","layer_title":"Места репрессий и спецпоселений","group":"hardship","title":"Luta concentration camp","category":"концентрационный лагерь","date_precision":"unknown","date_approx":false,"url":"https://www.wikidata.org/wiki/Q53865940","source":"Викиданные","source_id":"Q53865940","license":"CC0 (Викиданные)","confidence":"ok"}},{"type":"Feature","id":"repressions:7c5dcdb83519","geometry":{"type":"Point","coordinates":[21.510264,50.979598]},"properties":{"uid":"repressions:7c5dcdb83519","layer":"repressions","layer_title":"Места репрессий и спецпоселений","group":"hardship","title":"Magonie concentration camp","category":"концентрационный лагерь","date_precision":"unknown","date_approx":false,"url":"https://www.wikidata.org/wiki/Q53865947","source":"Викиданные","source_id":"Q53865947","license":"CC0 (Викиданные)","confidence":"ok"}},{"type":"Feature","id":"repressions:0d3736a95c83","geometry":{"type":"Point","coordinates":[20.207628,50.175023]},"properties":{"uid":"repressions:0d3736a95c83","layer":"repressions","layer_title":"Места репрессий и спецпоселений","group":"hardship","title":"Lyszkowice concentration camp","category":"концентрационный лагерь","date_precision":"unknown","date_approx":false,"url":"https://www.wikidata.org/wiki/Q53865944","source":"Викиданные","source_id":"Q53865944","license":"CC0 (Викиданные)","confidence":"ok"}},{"type":"Feature","id":"repressions:676ec0c80ad8","geometry":{"type":"Point","coordinates":[18.213896,50.677314]},"properties":{"uid":"repressions:676ec0c80ad8","layer":"repressions","layer_title":"Места репрессий и спецпоселений","group":"hardship","title":"Malapane concentration camp","category":"концентрационный лагерь","date_precision":"unknown","date_approx":false,"url":"https://www.wikidata.org/wiki/Q53865951","source":"Викиданные","source_id":"Q53865951","license":"CC0 (Викиданные)","confidence":"ok"}},{"type":"Feature","id":"repressions:bb76a0c7fe5c","geometry":{"type":"Point","coordinates":[19.895762,50.364477]},"properties":{"uid":"repressions:bb76a0c7fe5c","layer":"repressions","layer_title":"Места репрессий и спецпоселений","group":"hardship","title":"Maków concentration camp","category":"концентрационный лагерь","date_precision":"unknown","date_approx":false,"url":"https://www.wikidata.org/wiki/Q53865949","source":"Викиданные","source_id":"Q53865949","license":"CC0 (Викиданные)","confidence":"ok"}},{"type":"Feature","id":"repressions:8ef27146187c","geometry":{"type":"Point","coordinates":[22.050556,52.693611]},"properties":{"uid":"repressions:8ef27146187c","layer":"repressions","layer_title":"Места репрессий и спецпоселений","group":"hardship","title":"Malkinia concentration camp","category":"концентрационный лагерь","date_precision":"unknown","date_approx":false,"url":"https://www.wikidata.org/wiki/Q53865955","source":"Викиданные","source_id":"Q53865955","license":"CC0 (Викиданные)","confidence":"ok"}},{"type":"Feature","id":"repressions:dd902370ea41","geometry":{"type":"Point","coordinates":[23.544305,52.04655]},"properties":{"uid":"repressions:dd902370ea41","layer":"repressions","layer_title":"Места репрессий и спецпоселений","group":"hardship","title":"Malaszewicze Male concentration camp","category":"концентрационный лагерь","date_precision":"unknown","date_approx":false,"url":"https://www.wikidata.org/wiki/Q53865953","source":"Викиданные","source_id":"Q53865953","license":"CC0 (Викиданные)","confidence":"ok"}},{"type":"Feature","id":"repressions:e858d05cab02","geometry":{"type":"Point","coordinates":[20.265098,50.812116]},"properties":{"uid":"repressions:e858d05cab02","layer":"repressions","layer_title":"Места репрессий и спецпоселений","group":"hardship","title":"Malogoszcz concentration camp","category":"концентрационный лагерь","date_precision":"unknown","date_approx":false,"url":"https://www.wikidata.org/wiki/Q53865956","source":"Викиданные","source_id":"Q53865956","license":"CC0 (Викиданные)","confidence":"ok"}},{"type":"Feature","id":"repressions:95d6334e60a8","geometry":{"type":"Point","coordinates":[18.900364,53.044171]},"properties":{"uid":"repressions:95d6334e60a8","layer":"repressions","layer_title":"Места репрессий и спецпоселений","group":"hardship","title":"Malszyce concentration camp","category":"концентрационный лагерь","date_precision":"unknown","date_approx":false,"url":"https://www.wikidata.org/wiki/Q53865957","source":"Викиданные","source_id":"Q53865957","license":"CC0 (Викиданные)","confidence":"ok"}},{"type":"Feature","id":"repressions:1e02b378ccb9","geometry":{"type":"Point","coordinates":[20.822702,50.146669]},"properties":{"uid":"repressions:1e02b378ccb9","layer":"repressions","layer_title":"Места репрессий и спецпоселений","group":"hardship","title":"Marcinkowice concentration camp","category":"концентрационный лагерь","date_precision":"unknown","date_approx":false,"url":"https://www.wikidata.org/wiki/Q53865965","source":"Викиданные","source_id":"Q53865965","license":"CC0 (Викиданные)","confidence":"ok"}},{"type":"Feature","id":"repressions:3c53de14fe76","geometry":{"type":"Point","coordinates":[23.029829,53.049282]},"properties":{"uid":"repressions:3c53de14fe76","layer":"repressions","layer_title":"Места репрессий и спецпоселений","group":"hardship","title":"Markowszczyzna concentration camp","category":"концентрационный лагерь","date_precision":"unknown","date_approx":false,"url":"https://www.wikidata.org/wiki/Q53865968","source":"Викиданные","source_id":"Q53865968","license":"CC0 (Викиданные)","confidence":"ok"}},{"type":"Feature","id":"repressions:6e573d6d2a9e","geometry":{"type":"Point","coordinates":[18.692734,51.155582]},"properties":{"uid":"repressions:6e573d6d2a9e","layer":"repressions","layer_title":"Места репрессий и спецпоселений","group":"hardship","title":"Merzdorf concentration camp","category":"концентрационный лагерь","place_text":"Mierzyce","region":"Mierzyce","date_precision":"unknown","date_approx":false,"url":"https://www.wikidata.org/wiki/Q53865974","source":"Викиданные","source_id":"Q53865974","license":"CC0 (Викиданные)","confidence":"ok"}},{"type":"Feature","id":"repressions:f3c9532e3bc5","geometry":{"type":"Point","coordinates":[22.561665,51.002938]},"properties":{"uid":"repressions:f3c9532e3bc5","layer":"repressions","layer_title":"Места репрессий и спецпоселений","group":"hardship","title":"Marysin concentration camp","category":"концентрационный лагерь","date_precision":"unknown","date_approx":false,"url":"https://www.wikidata.org/wiki/Q53865972","source":"Викиданные","source_id":"Q53865972","license":"CC0 (Викиданные)","confidence":"ok"}},{"type":"Feature","id":"repressions:2d61e9f46e59","geometry":{"type":"Point","coordinates":[20.196734,51.956136]},"properties":{"uid":"repressions:2d61e9f46e59","layer":"repressions","layer_title":"Места репрессий и спецпоселений","group":"hardship","title":"Miedniewice concentration camp","category":"концентрационный лагерь","date_precision":"unknown","date_approx":false,"url":"https://www.wikidata.org/wiki/Q53865978","source":"Викиданные","source_id":"Q53865978","license":"CC0 (Викиданные)","confidence":"ok"}},{"type":"Feature","id":"repressions:c6fbe814d569","geometry":{"type":"Point","coordinates":[21.556706,50.743535]},"properties":{"uid":"repressions:c6fbe814d569","layer":"repressions","layer_title":"Места репрессий и спецпоселений","group":"hardship","title":"Miedzygórz concentration camp","category":"концентрационный лагерь","date_precision":"unknown","date_approx":false,"url":"https://www.wikidata.org/wiki/Q53865979","source":"Викиданные","source_id":"Q53865979","license":"CC0 (Викиданные)","confidence":"ok"}},{"type":"Feature","id":"repressions:2e72a87f4e70","geometry":{"type":"Point","coordinates":[18.857212,50.36417]},"properties":{"uid":"repressions:2e72a87f4e70","layer":"repressions","layer_title":"Места репрессий и спецпоселений","group":"hardship","title":"Miechowitz concentration camp","category":"концентрационный лагерь","date_precision":"unknown","date_approx":false,"url":"https://www.wikidata.org/wiki/Q53865976","source":"Викиданные","source_id":"Q53865976","license":"CC0 (Викиданные)","confidence":"ok"}},{"type":"Feature","id":"repressions:95a5d7bf580e","geometry":{"type":"Point","coordinates":[20.671623,52.118532]},"properties":{"uid":"repressions:95a5d7bf580e","layer":"repressions","layer_title":"Места репрессий и спецпоселений","group":"hardship","title":"Milanówek concentration camp","category":"концентрационный лагерь","date_precision":"unknown","date_approx":false,"url":"https://www.wikidata.org/wiki/Q53865983","source":"Викиданные","source_id":"Q53865983","license":"CC0 (Викиданные)","confidence":"ok"}},{"type":"Feature","id":"repressions:ddfb77f30302","geometry":{"type":"Point","coordinates":[22.784843,51.98535]},"properties":{"uid":"repressions:ddfb77f30302","layer":"repressions","layer_title":"Места репрессий и спецпоселений","group":"hardship","title":"Miedzyrzec Podlaski concentration camp","category":"концентрационный лагерь","date_precision":"unknown","date_approx":false,"url":"https://www.wikidata.org/wiki/Q53865980","source":"Викиданные","source_id":"Q53865980","license":"CC0 (Викиданные)","confidence":"ok"}},{"type":"Feature","id":"repressions:65524d8969d8","geometry":{"type":"Point","coordinates":[21.6374,49.747928]},"properties":{"uid":"repressions:65524d8969d8","layer":"repressions","layer_title":"Места репрессий и спецпоселений","group":"hardship","title":"Moderówka concentration camp","category":"концентрационный лагерь","date_precision":"unknown","date_approx":false,"url":"https://www.wikidata.org/wiki/Q53865988","source":"Викиданные","source_id":"Q53865988","license":"CC0 (Викиданные)","confidence":"ok"}},{"type":"Feature","id":"repressions:5faefaa97dcc","geometry":{"type":"Point","coordinates":[20.07982,49.67403]},"properties":{"uid":"repressions:5faefaa97dcc","layer":"repressions","layer_title":"Места репрессий и спецпоселений","group":"hardship","title":"Mszana Dolna concentration camp","category":"концентрационный лагерь","date_precision":"unknown","date_approx":false,"url":"https://www.wikidata.org/wiki/Q53865994","source":"Викиданные","source_id":"Q53865994","license":"CC0 (Викиданные)","confidence":"ok"}},{"type":"Feature","id":"repressions:22b436fd95d9","geometry":{"type":"Point","coordinates":[21.075952,51.52043]},"properties":{"uid":"repressions:22b436fd95d9","layer":"repressions","layer_title":"Места репрессий и спецпоселений","group":"hardship","title":"Narty concentration camp","category":"концентрационный лагерь","date_precision":"unknown","date_approx":false,"url":"https://www.wikidata.org/wiki/Q53866003","source":"Викиданные","source_id":"Q53866003","license":"CC0 (Викиданные)","confidence":"ok"}},{"type":"Feature","id":"repressions:8c2f0ee340bf","geometry":{"type":"Point","coordinates":[20.739587,49.565454]},"properties":{"uid":"repressions:8c2f0ee340bf","layer":"repressions","layer_title":"Места репрессий и спецпоселений","group":"hardship","title":"Nawojowa concentration camp","category":"концентрационный лагерь","date_precision":"unknown","date_approx":false,"url":"https://www.wikidata.org/wiki/Q53866006","source":"Викиданные","source_id":"Q53866006","license":"CC0 (Викиданные)","confidence":"ok"}},{"type":"Feature","id":"repressions:267b86ab9b7a","geometry":{"type":"Point","coordinates":[20.715333,49.617454]},"properties":{"uid":"repressions:267b86ab9b7a","layer":"repressions","layer_title":"Места репрессий и спецпоселений","group":"hardship","title":"Neu Sandez concentration camp","category":"концентрационный лагерь","date_precision":"unknown","date_approx":false,"url":"https://www.wikidata.org/wiki/Q53866012","source":"Викиданные","source_id":"Q53866012","license":"CC0 (Викиданные)","confidence":"ok"}},{"type":"Feature","id":"repressions:05a4071a4c7e","geometry":{"type":"Point","coordinates":[18.233538,50.470037]},"properties":{"uid":"repressions:05a4071a4c7e","layer":"repressions","layer_title":"Места репрессий и спецпоселений","group":"hardship","title":"Niederkirch concentration camp","category":"концентрационный лагерь","date_precision":"unknown","date_approx":false,"url":"https://www.wikidata.org/wiki/Q53866026","source":"Викиданные","source_id":"Q53866026","license":"CC0 (Викиданные)","confidence":"ok"}},{"type":"Feature","id":"repressions:d7972ec4ac9b","geometry":{"type":"Point","coordinates":[22.700795,52.256202]},"properties":{"uid":"repressions:d7972ec4ac9b","layer":"repressions","layer_title":"Места репрессий и спецпоселений","group":"hardship","title":"Niemojki concentration camp","category":"концентрационный лагерь","date_precision":"unknown","date_approx":false,"url":"https://www.wikidata.org/wiki/Q53866027","source":"Викиданные","source_id":"Q53866027","license":"CC0 (Викиданные)","confidence":"ok"}},{"type":"Feature","id":"repressions:98f7ea7d228f","geometry":{"type":"Point","coordinates":[19.897755,53.224926]},"properties":{"uid":"repressions:98f7ea7d228f","layer":"repressions","layer_title":"Места репрессий и спецпоселений","group":"hardship","title":"Nowy Dwór concentration camp","category":"концентрационный лагерь","date_precision":"unknown","date_approx":false,"url":"https://www.wikidata.org/wiki/Q53866030","source":"Викиданные","source_id":"Q53866030","license":"CC0 (Викиданные)","confidence":"ok"}},{"type":"Feature","id":"repressions:b29ba9383e49","geometry":{"type":"Point","coordinates":[22.977987,50.231247]},"properties":{"uid":"repressions:b29ba9383e49","layer":"repressions","layer_title":"Места репрессий и спецпоселений","group":"hardship","title":"Nowy Dzików concentration camp","category":"концентрационный лагерь","date_precision":"unknown","date_approx":false,"url":"https://www.wikidata.org/wiki/Q53866031","source":"Викиданные","source_id":"Q53866031","license":"CC0 (Викиданные)","confidence":"ok"}},{"type":"Feature","id":"repressions:2584d7cd4dad","geometry":{"type":"Point","coordinates":[20.702984,52.459832]},"properties":{"uid":"repressions:2584d7cd4dad","layer":"repressions","layer_title":"Места репрессий и спецпоселений","group":"hardship","title":"Nowy Modlin concentration camp","category":"концентрационный лагерь","date_precision":"unknown","date_approx":false,"url":"https://www.wikidata.org/wiki/Q53866032","source":"Викиданные","source_id":"Q53866032","license":"CC0 (Викиданные)","confidence":"ok"}},{"type":"Feature","id":"repressions:559f8a4b7f63","geometry":{"type":"Point","coordinates":[21.083729,52.890714]},"properties":{"uid":"repressions:559f8a4b7f63","layer":"repressions","layer_title":"Места репрессий и спецпоселений","group":"hardship","title":"Oberhof concentration camp","category":"концентрационный лагерь","date_precision":"unknown","date_approx":false,"url":"https://www.wikidata.org/wiki/Q53866038","source":"Викиданные","source_id":"Q53866038","license":"CC0 (Викиданные)","confidence":"ok"}},{"type":"Feature","id":"repressions:c0b07d1197b6","geometry":{"type":"Point","coordinates":[18.84028,50.1494]},"properties":{"uid":"repressions:c0b07d1197b6","layer":"repressions","layer_title":"Места репрессий и спецпоселений","group":"hardship","title":"Ober Lazisk concentration camp","category":"концентрационный лагерь","date_precision":"unknown","date_approx":false,"url":"https://www.wikidata.org/wiki/Q53866036","source":"Викиданные","source_id":"Q53866036","license":"CC0 (Викиданные)","confidence":"ok"}},{"type":"Feature","id":"repressions:eb9afcf9d3a0","geometry":{"type":"Point","coordinates":[23.833334,50.818435]},"properties":{"uid":"repressions:eb9afcf9d3a0","layer":"repressions","layer_title":"Места репрессий и спецпоселений","group":"hardship","title":"Obrowiec concentration camp","category":"концентрационный лагерь","date_precision":"unknown","date_approx":false,"url":"https://www.wikidata.org/wiki/Q53866047","source":"Викиданные","source_id":"Q53866047","license":"CC0 (Викиданные)","confidence":"ok"}},{"type":"Feature","id":"repressions:02eba2046332","geometry":{"type":"Point","coordinates":[19.073942,54.088954]},"properties":{"uid":"repressions:02eba2046332","layer":"repressions","layer_title":"Места репрессий и спецпоселений","group":"hardship","title":"Oberwalden concentration camp","category":"концентрационный лагерь","date_precision":"unknown","date_approx":false,"url":"https://www.wikidata.org/wiki/Q53866045","source":"Викиданные","source_id":"Q53866045","license":"CC0 (Викиданные)","confidence":"ok"}},{"type":"Feature","id":"repressions:13e7ee440177","geometry":{"type":"Point","coordinates":[21.426791,50.801418]},"properties":{"uid":"repressions:13e7ee440177","layer":"repressions","layer_title":"Места репрессий и спецпоселений","group":"hardship","title":"Opatów concentration camp","category":"концентрационный лагерь","date_precision":"unknown","date_approx":false,"url":"https://www.wikidata.org/wiki/Q53866054","source":"Викиданные","source_id":"Q53866054","license":"CC0 (Викиданные)","confidence":"ok"}},{"type":"Feature","id":"repressions:1a6f9cb0db39","geometry":{"type":"Point","coordinates":[20.967777,52.165279]},"properties":{"uid":"repressions:1a6f9cb0db39","layer":"repressions","layer_title":"Места репрессий и спецпоселений","group":"hardship","title":"Okecie concentration camp","category":"концентрационный лагерь","date_precision":"unknown","date_approx":false,"url":"https://www.wikidata.org/wiki/Q53866052","source":"Викиданные","source_id":"Q53866052","license":"CC0 (Викиданные)","confidence":"ok"}},{"type":"Feature","id":"repressions:1b8010d38db8","geometry":{"type":"Point","coordinates":[20.480119,53.778422]},"properties":{"uid":"repressions:1b8010d38db8","layer":"repressions","layer_title":"Места репрессий и спецпоселений","group":"hardship","title":"Olsza concentration camp","category":"концентрационный лагерь","date_precision":"unknown","date_approx":false,"url":"https://www.wikidata.org/wiki/Q53866053","source":"Викиданные","source_id":"Q53866053","license":"CC0 (Викиданные)","confidence":"ok"}},{"type":"Feature","id":"repressions:bb59c7e16896","geometry":{"type":"Point","coordinates":[18.754643,50.193421]},"properties":{"uid":"repressions:bb59c7e16896","layer":"repressions","layer_title":"Места репрессий и спецпоселений","group":"hardship","title":"Ornontowitz concentration camp","category":"концентрационный лагерь","date_precision":"unknown","date_approx":false,"url":"https://www.wikidata.org/wiki/Q53866056","source":"Викиданные","source_id":"Q53866056","license":"CC0 (Викиданные)","confidence":"ok"}},{"type":"Feature","id":"repressions:b639c5607b7a","geometry":{"type":"Point","coordinates":[23.25,51.98]},"properties":{"uid":"repressions:b639c5607b7a","layer":"repressions","layer_title":"Места репрессий и спецпоселений","group":"hardship","title":"Ortel Ksiazecy concentration camp","category":"концентрационный лагерь","date_precision":"unknown","date_approx":false,"url":"https://www.wikidata.org/wiki/Q53866057","source":"Викиданные","source_id":"Q53866057","license":"CC0 (Викиданные)","confidence":"ok"}},{"type":"Feature","id":"repressions:e7b62ffa96ac","geometry":{"type":"Point","coordinates":[19.35473,51.66431]},"properties":{"uid":"repressions:e7b62ffa96ac","layer":"repressions","layer_title":"Места репрессий и спецпоселений","group":"hardship","title":"Pabianitz concentration camp","category":"концентрационный лагерь","date_precision":"unknown","date_approx":false,"url":"https://www.wikidata.org/wiki/Q53866063","source":"Викиданные","source_id":"Q53866063","license":"CC0 (Викиданные)","confidence":"ok"}},{"type":"Feature","id":"repressions:d73e1e7f0d3c","geometry":{"type":"Point","coordinates":[19.291386,51.963292]},"properties":{"uid":"repressions:d73e1e7f0d3c","layer":"repressions","layer_title":"Места репрессий и спецпоселений","group":"hardship","title":"Ozorków concentration camp","category":"концентрационный лагерь","date_precision":"unknown","date_approx":false,"url":"https://www.wikidata.org/wiki/Q53866061","source":"Викиданные","source_id":"Q53866061","license":"CC0 (Викиданные)","confidence":"ok"}},{"type":"Feature","id":"repressions:0fdc68076577","geometry":{"type":"Point","coordinates":[18.39949,52.803858]},"properties":{"uid":"repressions:0fdc68076577","layer":"repressions","layer_title":"Места репрессий и спецпоселений","group":"hardship","title":"Parchanie concentration camp","category":"концентрационный лагерь","date_precision":"unknown","date_approx":false,"url":"https://www.wikidata.org/wiki/Q53866067","source":"Викиданные","source_id":"Q53866067","license":"CC0 (Викиданные)","confidence":"ok"}},{"type":"Feature","id":"repressions:f6db219b0380","geometry":{"type":"Point","coordinates":[18.08517,52.80141]},"properties":{"uid":"repressions:f6db219b0380","layer":"repressions","layer_title":"Места репрессий и спецпоселений","group":"hardship","title":"Pakosch concentration camp","category":"концентрационный лагерь","date_precision":"unknown","date_approx":false,"url":"https://www.wikidata.org/wiki/Q53866064","source":"Викиданные","source_id":"Q53866064","license":"CC0 (Викиданные)","confidence":"ok"}},{"type":"Feature","id":"repressions:a7c953179e31","geometry":{"type":"Point","coordinates":[18.737604,51.040137]},"properties":{"uid":"repressions:a7c953179e31","layer":"repressions","layer_title":"Места репрессий и спецпоселений","group":"hardship","title":"Parzymiechy concentration camp","category":"концентрационный лагерь","date_precision":"unknown","date_approx":false,"url":"https://www.wikidata.org/wiki/Q53866070","source":"Викиданные","source_id":"Q53866070","license":"CC0 (Викиданные)","confidence":"ok"}},{"type":"Feature","id":"repressions:a49e2f340d22","geometry":{"type":"Point","coordinates":[18.032606,52.949531]},"properties":{"uid":"repressions:a49e2f340d22","layer":"repressions","layer_title":"Места репрессий и спецпоселений","group":"hardship","title":"Parkwiese concentration camp","category":"концентрационный лагерь","date_precision":"unknown","date_approx":false,"url":"https://www.wikidata.org/wiki/Q53866068","source":"Викиданные","source_id":"Q53866068","license":"CC0 (Викиданные)","confidence":"ok"}},{"type":"Feature","id":"repressions:932870b8d33d","geometry":{"type":"Point","coordinates":[18.99908,51.14489]},"properties":{"uid":"repressions:932870b8d33d","layer":"repressions","layer_title":"Места репрессий и спецпоселений","group":"hardship","title":"Peinstett concentration camp","category":"концентрационный лагерь","date_precision":"unknown","date_approx":false,"url":"https://www.wikidata.org/wiki/Q53866075","source":"Викиданные","source_id":"Q53866075","license":"CC0 (Викиданные)","confidence":"ok"}},{"type":"Feature","id":"repressions:fa144c7f9cdf","geometry":{"type":"Point","coordinates":[20.487229,53.088392]},"properties":{"uid":"repressions:fa144c7f9cdf","layer":"repressions","layer_title":"Места репрессий и спецпоселений","group":"hardship","title":"Paulseck concentration camp","category":"концентрационный лагерь","date_precision":"unknown","date_approx":false,"url":"https://www.wikidata.org/wiki/Q53866072","source":"Викиданные","source_id":"Q53866072","license":"CC0 (Викиданные)","confidence":"ok"}},{"type":"Feature","id":"repressions:38d1acb7c5d8","geometry":{"type":"Point","coordinates":[18.634638,50.395579]},"properties":{"uid":"repressions:38d1acb7c5d8","layer":"repressions","layer_title":"Места репрессий и спецпоселений","group":"hardship","title":"Peiskretscham concentration camp","category":"концентрационный лагерь","date_precision":"unknown","date_approx":false,"url":"https://www.wikidata.org/wiki/Q53866076","source":"Викиданные","source_id":"Q53866076","license":"CC0 (Викиданные)","confidence":"ok"}},{"type":"Feature","id":"repressions:bfd7d232f251","geometry":{"type":"Point","coordinates":[19.703024,51.405172]},"properties":{"uid":"repressions:bfd7d232f251","layer":"repressions","layer_title":"Места репрессий и спецпоселений","group":"hardship","title":"Petrikau (1.-Mai-Straße) concentration camp","category":"концентрационный лагерь","date_precision":"unknown","date_approx":false,"url":"https://www.wikidata.org/wiki/Q53866082","source":"Викиданные","source_id":"Q53866082","license":"CC0 (Викиданные)","confidence":"ok"}},{"type":"Feature","id":"repressions:d4e9a59c49e4","geometry":{"type":"Point","coordinates":[20.412301,51.128162]},"properties":{"uid":"repressions:d4e9a59c49e4","layer":"repressions","layer_title":"Места репрессий и спецпоселений","group":"hardship","title":"Pieklo concentration camp","category":"концентрационный лагерь","date_precision":"unknown","date_approx":false,"url":"https://www.wikidata.org/wiki/Q53866087","source":"Викиданные","source_id":"Q53866087","license":"CC0 (Викиданные)","confidence":"ok"}},{"type":"Feature","id":"repressions:a5cd08df6373","geometry":{"type":"Point","coordinates":[18.860346,51.870106]},"properties":{"uid":"repressions:a5cd08df6373","layer":"repressions","layer_title":"Места репрессий и спецпоселений","group":"hardship","title":"Porczyny concentration camp","category":"концентрационный лагерь","date_precision":"unknown","date_approx":false,"url":"https://www.wikidata.org/wiki/Q53866103","source":"Викиданные","source_id":"Q53866103","license":"CC0 (Викиданные)","confidence":"ok"}},{"type":"Feature","id":"repressions:ee6dc16991c9","geometry":{"type":"Point","coordinates":[21.351512,50.385238]},"properties":{"uid":"repressions:ee6dc16991c9","layer":"repressions","layer_title":"Места репрессий и спецпоселений","group":"hardship","title":"Prausken concentration camp","category":"концентрационный лагерь","date_precision":"unknown","date_approx":false,"url":"https://www.wikidata.org/wiki/Q53866115","source":"Викиданные","source_id":"Q53866115","license":"CC0 (Викиданные)","confidence":"ok"}},{"type":"Feature","id":"repressions:acd9d5b36e51","geometry":{"type":"Point","coordinates":[21.327832,51.147081]},"properties":{"uid":"repressions:acd9d5b36e51","layer":"repressions","layer_title":"Места репрессий и спецпоселений","group":"hardship","title":"Pramsen concentration camp","category":"концентрационный лагерь","date_precision":"unknown","date_approx":false,"url":"https://www.wikidata.org/wiki/Q53866113","source":"Викиданные","source_id":"Q53866113","license":"CC0 (Викиданные)","confidence":"ok"}},{"type":"Feature","id":"repressions:1aeb17a79b71","geometry":{"type":"Point","coordinates":[21.606162,50.275878]},"properties":{"uid":"repressions:1aeb17a79b71","layer":"repressions","layer_title":"Места репрессий и спецпоселений","group":"hardship","title":"Przylek concentration camp","category":"концентрационный лагерь","date_precision":"unknown","date_approx":false,"url":"https://www.wikidata.org/wiki/Q53866123","source":"Викиданные","source_id":"Q53866123","license":"CC0 (Викиданные)","confidence":"ok"}},{"type":"Feature","id":"repressions:e87e58bc93a8","geometry":{"type":"Point","coordinates":[20.289075,50.192192]},"properties":{"uid":"repressions:e87e58bc93a8","layer":"repressions","layer_title":"Места репрессий и спецпоселений","group":"hardship","title":"Proszowice concentration camp","category":"концентрационный лагерь","date_precision":"unknown","date_approx":false,"url":"https://www.wikidata.org/wiki/Q53866120","source":"Викиданные","source_id":"Q53866120","license":"CC0 (Викиданные)","confidence":"ok"}},{"type":"Feature","id":"repressions:0ebbc612b089","geometry":{"type":"Point","coordinates":[19.873515,51.087992]},"properties":{"uid":"repressions:0ebbc612b089","layer":"repressions","layer_title":"Места репрессий и спецпоселений","group":"hardship","title":"Przedbórz concentration camp","category":"концентрационный лагерь","date_precision":"unknown","date_approx":false,"url":"https://www.wikidata.org/wiki/Q53866121","source":"Викиданные","source_id":"Q53866121","license":"CC0 (Викиданные)","confidence":"ok"}},{"type":"Feature","id":"repressions:971237a5683f","geometry":{"type":"Point","coordinates":[18.634638,50.395579]},"properties":{"uid":"repressions:971237a5683f","layer":"repressions","layer_title":"Места репрессий и спецпоселений","group":"hardship","title":"Pustkowice concentration camp","category":"концентрационный лагерь","date_precision":"unknown","date_approx":false,"url":"https://www.wikidata.org/wiki/Q53866127","source":"Викиданные","source_id":"Q53866127","license":"CC0 (Викиданные)","confidence":"ok"}},{"type":"Feature","id":"repressions:1c98967bfe77","geometry":{"type":"Point","coordinates":[19.598191,50.299503]},"properties":{"uid":"repressions:1c98967bfe77","layer":"repressions","layer_title":"Места репрессий и спецпоселений","group":"hardship","title":"Rabenstein concentration camp","category":"концентрационный лагерь","date_precision":"unknown","date_approx":false,"url":"https://www.wikidata.org/wiki/Q53866131","source":"Викиданные","source_id":"Q53866131","license":"CC0 (Викиданные)","confidence":"ok"}},{"type":"Feature","id":"repressions:17a08afad88f","geometry":{"type":"Point","coordinates":[20.583333,52.333333]},"properties":{"uid":"repressions:17a08afad88f","layer":"repressions","layer_title":"Места репрессий и спецпоселений","group":"hardship","title":"Puszcza Kampinowska concentration camp","category":"концентрационный лагерь","date_precision":"unknown","date_approx":false,"url":"https://www.wikidata.org/wiki/Q53866128","source":"Викиданные","source_id":"Q53866128","license":"CC0 (Викиданные)","confidence":"ok"}},{"type":"Feature","id":"repressions:733979dd36a4","geometry":{"type":"Point","coordinates":[18.170586,53.595566]},"properties":{"uid":"repressions:733979dd36a4","layer":"repressions","layer_title":"Места репрессий и спецпоселений","group":"hardship","title":"Quellheim concentration camp","category":"концентрационный лагерь","date_precision":"unknown","date_approx":false,"url":"https://www.wikidata.org/wiki/Q53866129","source":"Викиданные","source_id":"Q53866129","license":"CC0 (Викиданные)","confidence":"ok"}},{"type":"Feature","id":"repressions:f99f0e9cdd9a","geometry":{"type":"Point","coordinates":[19.709591,50.144797]},"properties":{"uid":"repressions:f99f0e9cdd9a","layer":"repressions","layer_title":"Места репрессий и спецпоселений","group":"hardship","title":"Radwanowice concentration camp","category":"концентрационный лагерь","date_precision":"unknown","date_approx":false,"url":"https://www.wikidata.org/wiki/Q53866133","source":"Викиданные","source_id":"Q53866133","license":"CC0 (Викиданные)","confidence":"ok"}},{"type":"Feature","id":"repressions:5505b9a4de31","geometry":{"type":"Point","coordinates":[22.621853,51.783203]},"properties":{"uid":"repressions:5505b9a4de31","layer":"repressions","layer_title":"Места репрессий и спецпоселений","group":"hardship","title":"Radzyn Podlaski concentration camp","category":"концентрационный лагерь","date_precision":"unknown","date_approx":false,"url":"https://www.wikidata.org/wiki/Q53866138","source":"Викиданные","source_id":"Q53866138","license":"CC0 (Викиданные)","confidence":"ok"}},{"type":"Feature","id":"repressions:0892ba7dc459","geometry":{"type":"Point","coordinates":[19.113039,49.509451]},"properties":{"uid":"repressions:0892ba7dc459","layer":"repressions","layer_title":"Места репрессий и спецпоселений","group":"hardship","title":"Rajcza concentration camp","category":"концентрационный лагерь","date_precision":"unknown","date_approx":false,"url":"https://www.wikidata.org/wiki/Q53866139","source":"Викиданные","source_id":"Q53866139","license":"CC0 (Викиданные)","confidence":"ok"}},{"type":"Feature","id":"repressions:ee942a1fba23","geometry":{"type":"Point","coordinates":[22.82395,49.94712]},"properties":{"uid":"repressions:ee942a1fba23","layer":"repressions","layer_title":"Места репрессий и спецпоселений","group":"hardship","title":"Radymno concentration camp","category":"концентрационный лагерь","date_precision":"unknown","date_approx":false,"url":"https://www.wikidata.org/wiki/Q53866136","source":"Викиданные","source_id":"Q53866136","license":"CC0 (Викиданные)","confidence":"ok"}},{"type":"Feature","id":"repressions:67aa8cb7f4ff","geometry":{"type":"Point","coordinates":[18.5257,52.62669]},"properties":{"uid":"repressions:67aa8cb7f4ff","layer":"repressions","layer_title":"Места репрессий и спецпоселений","group":"hardship","title":"Radziejów concentration camp","category":"концентрационный лагерь","date_precision":"unknown","date_approx":false,"url":"https://www.wikidata.org/wiki/Q53866137","source":"Викиданные","source_id":"Q53866137","license":"CC0 (Викиданные)","confidence":"ok"}},{"type":"Feature","id":"repressions:069750d3a418","geometry":{"type":"Point","coordinates":[18.209238,50.097114]},"properties":{"uid":"repressions:069750d3a418","layer":"repressions","layer_title":"Места репрессий и спецпоселений","group":"hardship","title":"Ratibor concentration camp","category":"концентрационный лагерь","date_precision":"unknown","date_approx":false,"url":"https://www.wikidata.org/wiki/Q53866142","source":"Викиданные","source_id":"Q53866142","license":"CC0 (Викиданные)","confidence":"ok"}},{"type":"Feature","id":"repressions:5e502ec9eb1f","geometry":{"type":"Point","coordinates":[19.043332,51.221999]},"properties":{"uid":"repressions:5e502ec9eb1f","layer":"repressions","layer_title":"Места репрессий и спецпоселений","group":"hardship","title":"Ransau concentration camp","category":"концентрационный лагерь","date_precision":"unknown","date_approx":false,"url":"https://www.wikidata.org/wiki/Q53866140","source":"Викиданные","source_id":"Q53866140","license":"CC0 (Викиданные)","confidence":"ok"}},{"type":"Feature","id":"repressions:faca89b6a2e8","geometry":{"type":"Point","coordinates":[21.37504,54.07657]},"properties":{"uid":"repressions:faca89b6a2e8","layer":"repressions","layer_title":"Места репрессий и спецпоселений","group":"hardship","title":"Rastenburg concentration camp","category":"концентрационный лагерь","date_precision":"unknown","date_approx":false,"url":"https://www.wikidata.org/wiki/Q53866141","source":"Викиданные","source_id":"Q53866141","license":"CC0 (Викиданные)","confidence":"ok"}},{"type":"Feature","id":"repressions:6b5bdd4a9156","geometry":{"type":"Point","coordinates":[19.39308,51.621254]},"properties":{"uid":"repressions:6b5bdd4a9156","layer":"repressions","layer_title":"Места репрессий и спецпоселений","group":"hardship","title":"Reisen concentration camp","category":"концентрационный лагерь","date_precision":"unknown","date_approx":false,"url":"https://www.wikidata.org/wiki/Q53866148","source":"Викиданные","source_id":"Q53866148","license":"CC0 (Викиданные)","confidence":"ok"}},{"type":"Feature","id":"repressions:b477222c9af0","geometry":{"type":"Point","coordinates":[23.281701,51.091113]},"properties":{"uid":"repressions:b477222c9af0","layer":"repressions","layer_title":"Места репрессий и спецпоселений","group":"hardship","title":"Rejowiec concentration camp","category":"концентрационный лагерь","date_precision":"unknown","date_approx":false,"url":"https://www.wikidata.org/wiki/Q53866149","source":"Викиданные","source_id":"Q53866149","license":"CC0 (Викиданные)","confidence":"ok"}},{"type":"Feature","id":"repressions:cbcd2a396227","geometry":{"type":"Point","coordinates":[21.753529,49.613118]},"properties":{"uid":"repressions:cbcd2a396227","layer":"repressions","layer_title":"Места репрессий и спецпоселений","group":"hardship","title":"Rogau concentration camp","category":"концентрационный лагерь","date_precision":"unknown","date_approx":false,"url":"https://www.wikidata.org/wiki/Q53866162","source":"Викиданные","source_id":"Q53866162","license":"CC0 (Викиданные)","confidence":"ok"}},{"type":"Feature","id":"repressions:f5e72807d4ff","geometry":{"type":"Point","coordinates":[18.426917,52.405107]},"properties":{"uid":"repressions:f5e72807d4ff","layer":"repressions","layer_title":"Места репрессий и спецпоселений","group":"hardship","title":"Roden concentration camp","category":"концентрационный лагерь","date_precision":"unknown","date_approx":false,"url":"https://www.wikidata.org/wiki/Q53866160","source":"Викиданные","source_id":"Q53866160","license":"CC0 (Викиданные)","confidence":"ok"}},{"type":"Feature","id":"repressions:895f774e7870","geometry":{"type":"Point","coordinates":[20.605746,52.317366]},"properties":{"uid":"repressions:895f774e7870","layer":"repressions","layer_title":"Места репрессий и спецпоселений","group":"hardship","title":"Roztoka concentration camp","category":"концентрационный лагерь","date_precision":"unknown","date_approx":false,"url":"https://www.wikidata.org/wiki/Q53866171","source":"Викиданные","source_id":"Q53866171","license":"CC0 (Викиданные)","confidence":"ok"}},{"type":"Feature","id":"repressions:e50887324441","geometry":{"type":"Point","coordinates":[18.850358,53.705754]},"properties":{"uid":"repressions:e50887324441","layer":"repressions","layer_title":"Места репрессий и спецпоселений","group":"hardship","title":"Sackenhoym concentration camp","category":"концентрационный лагерь","date_precision":"unknown","date_approx":false,"url":"https://www.wikidata.org/wiki/Q53866174","source":"Викиданные","source_id":"Q53866174","license":"CC0 (Викиданные)","confidence":"ok"}},{"type":"Feature","id":"repressions:d646c1e27d1e","geometry":{"type":"Point","coordinates":[22.042629,50.600681]},"properties":{"uid":"repressions:d646c1e27d1e","layer":"repressions","layer_title":"Места репрессий и спецпоселений","group":"hardship","title":"Rozwadów concentration camp","category":"концентрационный лагерь","date_precision":"unknown","date_approx":false,"url":"https://www.wikidata.org/wiki/Q53866172","source":"Викиданные","source_id":"Q53866172","license":"CC0 (Викиданные)","confidence":"ok"}},{"type":"Feature","id":"repressions:1d110d90eee4","geometry":{"type":"Point","coordinates":[20.222984,51.973674]},"properties":{"uid":"repressions:1d110d90eee4","layer":"repressions","layer_title":"Места репрессий и спецпоселений","group":"hardship","title":"Ruda concentration camp","category":"концентрационный лагерь","date_precision":"unknown","date_approx":false,"url":"https://www.wikidata.org/wiki/Q53866173","source":"Викиданные","source_id":"Q53866173","license":"CC0 (Викиданные)","confidence":"ok"}},{"type":"Feature","id":"repressions:b2b67c4aacfc","geometry":{"type":"Point","coordinates":[18.498276,54.018487]},"properties":{"uid":"repressions:b2b67c4aacfc","layer":"repressions","layer_title":"Места репрессий и спецпоселений","group":"hardship","title":"Schleichenberg concentration camp","category":"концентрационный лагерь","date_precision":"unknown","date_approx":false,"url":"https://www.wikidata.org/wiki/Q53866184","source":"Викиданные","source_id":"Q53866184","license":"CC0 (Викиданные)","confidence":"ok"}},{"type":"Feature","id":"repressions:ad68cef0ea42","geometry":{"type":"Point","coordinates":[18.611299,49.877664]},"properties":{"uid":"repressions:ad68cef0ea42","layer":"repressions","layer_title":"Места репрессий и спецпоселений","group":"hardship","title":"Seibersdorf concentration camp","category":"концентрационный лагерь","date_precision":"unknown","date_approx":false,"url":"https://www.wikidata.org/wiki/Q53866206","source":"Викиданные","source_id":"Q53866206","license":"CC0 (Викиданные)","confidence":"ok"}},{"type":"Feature","id":"repressions:24c2de34139e","geometry":{"type":"Point","coordinates":[20.726968,52.01423]},"properties":{"uid":"repressions:24c2de34139e","layer":"repressions","layer_title":"Места репрессий и спецпоселений","group":"hardship","title":"Selchow concentration camp","category":"концентрационный лагерь","date_precision":"unknown","date_approx":false,"url":"https://www.wikidata.org/wiki/Q53866207","source":"Викиданные","source_id":"Q53866207","license":"CC0 (Викиданные)","confidence":"ok"}},{"type":"Feature","id":"repressions:134705bc2116","geometry":{"type":"Point","coordinates":[20.66148,50.577948]},"properties":{"uid":"repressions:134705bc2116","layer":"repressions","layer_title":"Места репрессий и спецпоселений","group":"hardship","title":"Sedziejowice concentration camp","category":"концентрационный лагерь","date_precision":"unknown","date_approx":false,"url":"https://www.wikidata.org/wiki/Q53866204","source":"Викиданные","source_id":"Q53866204","license":"CC0 (Викиданные)","confidence":"ok"}},{"type":"Feature","id":"repressions:fa6ab13a895b","geometry":{"type":"Point","coordinates":[23.322667,51.000811]},"properties":{"uid":"repressions:fa6ab13a895b","layer":"repressions","layer_title":"Места репрессий и спецпоселений","group":"hardship","title":"Siennica Rózana concentration camp","category":"концентрационный лагерь","date_precision":"unknown","date_approx":false,"url":"https://www.wikidata.org/wiki/Q53866211","source":"Викиданные","source_id":"Q53866211","license":"CC0 (Викиданные)","confidence":"ok"}},{"type":"Feature","id":"repressions:d6bc67c1e14c","geometry":{"type":"Point","coordinates":[20.399249,50.319711]},"properties":{"uid":"repressions:d6bc67c1e14c","layer":"repressions","layer_title":"Места репрессий и спецпоселений","group":"hardship","title":"Skalbmierz concentration camp","category":"концентрационный лагерь","date_precision":"unknown","date_approx":false,"url":"https://www.wikidata.org/wiki/Q53866214","source":"Викиданные","source_id":"Q53866214","license":"CC0 (Викиданные)","confidence":"ok"}},{"type":"Feature","id":"repressions:272534db928f","geometry":{"type":"Point","coordinates":[19.828875,49.975181]},"properties":{"uid":"repressions:272534db928f","layer":"repressions","layer_title":"Места репрессий и спецпоселений","group":"hardship","title":"Skawina concentration camp","category":"концентрационный лагерь","date_precision":"unknown","date_approx":false,"url":"https://www.wikidata.org/wiki/Q53866215","source":"Викиданные","source_id":"Q53866215","license":"CC0 (Викиданные)","confidence":"ok"}},{"type":"Feature","id":"repressions:755fb4eeac75","geometry":{"type":"Point","coordinates":[22.037063,51.5526]},"properties":{"uid":"repressions:755fb4eeac75","layer":"repressions","layer_title":"Места репрессий и спецпоселений","group":"hardship","title":"Skrudki concentration camp","category":"концентрационный лагерь","date_precision":"unknown","date_approx":false,"url":"https://www.wikidata.org/wiki/Q53866220","source":"Викиданные","source_id":"Q53866220","license":"CC0 (Викиданные)","confidence":"ok"}},{"type":"Feature","id":"repressions:131e4ee2f52f","geometry":{"type":"Point","coordinates":[22.586804,51.221787]},"properties":{"uid":"repressions:131e4ee2f52f","layer":"repressions","layer_title":"Места репрессий и спецпоселений","group":"hardship","title":"Sokolyky concentration camp","category":"концентрационный лагерь","date_precision":"unknown","date_approx":false,"url":"https://www.wikidata.org/wiki/Q53866224","source":"Викиданные","source_id":"Q53866224","license":"CC0 (Викиданные)","confidence":"ok"}},{"type":"Feature","id":"repressions:61874d4df8f9","geometry":{"type":"Point","coordinates":[22.646127,50.507454]},"properties":{"uid":"repressions:61874d4df8f9","layer":"repressions","layer_title":"Места репрессий и спецпоселений","group":"hardship","title":"Sól concentration camp","category":"концентрационный лагерь","date_precision":"unknown","date_approx":false,"url":"https://www.wikidata.org/wiki/Q53866225","source":"Викиданные","source_id":"Q53866225","license":"CC0 (Викиданные)","confidence":"ok"}},{"type":"Feature","id":"repressions:d3ba7fa2312b","geometry":{"type":"Point","coordinates":[18.216041,51.73896]},"properties":{"uid":"repressions:d3ba7fa2312b","layer":"repressions","layer_title":"Места репрессий и спецпоселений","group":"hardship","title":"Spatenfelde concentration camp","category":"концентрационный лагерь","date_precision":"unknown","date_approx":false,"url":"https://www.wikidata.org/wiki/Q53866230","source":"Викиданные","source_id":"Q53866230","license":"CC0 (Викиданные)","confidence":"ok"}},{"type":"Feature","id":"repressions:1b8ab9391a0d","geometry":{"type":"Point","coordinates":[19.154609,50.293741]},"properties":{"uid":"repressions:1b8ab9391a0d","layer":"repressions","layer_title":"Места репрессий и спецпоселений","group":"hardship","title":"Sosnowitz-Schrodula concentration camp","category":"концентрационный лагерь","place_text":"Сосновец","region":"Сосновец","date_precision":"unknown","date_approx":false,"url":"https://www.wikidata.org/wiki/Q53866229","source":"Викиданные","source_id":"Q53866229","license":"CC0 (Викиданные)","confidence":"ok"}},{"type":"Feature","id":"repressions:26d8bc12cf41","geometry":{"type":"Point","coordinates":[19.511172,49.996671]},"properties":{"uid":"repressions:26d8bc12cf41","layer":"repressions","layer_title":"Места репрессий и спецпоселений","group":"hardship","title":"Spytkowice concentration camp","category":"концентрационный лагерь","date_precision":"unknown","date_approx":false,"url":"https://www.wikidata.org/wiki/Q53866270","source":"Викиданные","source_id":"Q53866270","license":"CC0 (Викиданные)","confidence":"ok"}},{"type":"Feature","id":"repressions:9d0562bfb435","geometry":{"type":"Point","coordinates":[20.57173,51.137396]},"properties":{"uid":"repressions:9d0562bfb435","layer":"repressions","layer_title":"Места репрессий и спецпоселений","group":"hardship","title":"Staporków concentration camp","category":"концентрационный лагерь","date_precision":"unknown","date_approx":false,"url":"https://www.wikidata.org/wiki/Q53866279","source":"Викиданные","source_id":"Q53866279","license":"CC0 (Викиданные)","confidence":"ok"}},{"type":"Feature","id":"repressions:ecedbf3c4b99","geometry":{"type":"Point","coordinates":[18.383385,54.245235]},"properties":{"uid":"repressions:ecedbf3c4b99","layer":"repressions","layer_title":"Места репрессий и спецпоселений","group":"hardship","title":"Stangenwalde concentration camp","category":"концентрационный лагерь","date_precision":"unknown","date_approx":false,"url":"https://www.wikidata.org/wiki/Q53866277","source":"Викиданные","source_id":"Q53866277","license":"CC0 (Викиданные)","confidence":"ok"}},{"type":"Feature","id":"repressions:1f43723c8ed5","geometry":{"type":"Point","coordinates":[21.173082,50.564043]},"properties":{"uid":"repressions:1f43723c8ed5","layer":"repressions","layer_title":"Места репрессий и спецпоселений","group":"hardship","title":"Staszów concentration camp","category":"концентрационный лагерь","date_precision":"unknown","date_approx":false,"url":"https://www.wikidata.org/wiki/Q53866282","source":"Викиданные","source_id":"Q53866282","license":"CC0 (Викиданные)","confidence":"ok"}},{"type":"Feature","id":"repressions:05d43b86f628","geometry":{"type":"Point","coordinates":[20.923608,51.600187]},"properties":{"uid":"repressions:05d43b86f628","layer":"repressions","layer_title":"Места репрессий и спецпоселений","group":"hardship","title":"Stavenshagen concentration camp","category":"концентрационный лагерь","date_precision":"unknown","date_approx":false,"url":"https://www.wikidata.org/wiki/Q53866283","source":"Викиданные","source_id":"Q53866283","license":"CC0 (Викиданные)","confidence":"ok"}},{"type":"Feature","id":"repressions:1ead7b847769","geometry":{"type":"Point","coordinates":[18.721218,53.790465]},"properties":{"uid":"repressions:1ead7b847769","layer":"repressions","layer_title":"Места репрессий и спецпоселений","group":"hardship","title":"Steinhausen concentration camp","category":"концентрационный лагерь","date_precision":"unknown","date_approx":false,"url":"https://www.wikidata.org/wiki/Q53866286","source":"Викиданные","source_id":"Q53866286","license":"CC0 (Викиданные)","confidence":"ok"}},{"type":"Feature","id":"repressions:285043f3687d","geometry":{"type":"Point","coordinates":[20.500673,52.165576]},"properties":{"uid":"repressions:285043f3687d","layer":"repressions","layer_title":"Места репрессий и спецпоселений","group":"hardship","title":"Steiningen concentration camp","category":"концентрационный лагерь","date_precision":"unknown","date_approx":false,"url":"https://www.wikidata.org/wiki/Q53866288","source":"Викиданные","source_id":"Q53866288","license":"CC0 (Викиданные)","confidence":"ok"}},{"type":"Feature","id":"repressions:e42929cdc1dc","geometry":{"type":"Point","coordinates":[21.090603,50.86344]},"properties":{"uid":"repressions:e42929cdc1dc","layer":"repressions","layer_title":"Места репрессий и спецпоселений","group":"hardship","title":"Stolpia Nowa concentration camp","category":"концентрационный лагерь","date_precision":"unknown","date_approx":false,"url":"https://www.wikidata.org/wiki/Q53866298","source":"Викиданные","source_id":"Q53866298","license":"CC0 (Викиданные)","confidence":"ok"}},{"type":"Feature","id":"repressions:0d6848bca295","geometry":{"type":"Point","coordinates":[20.938192,50.440847]},"properties":{"uid":"repressions:0d6848bca295","layer":"repressions","layer_title":"Места репрессий и спецпоселений","group":"hardship","title":"Stopnica concentration camp","category":"концентрационный лагерь","date_precision":"unknown","date_approx":false,"url":"https://www.wikidata.org/wiki/Q53866299","source":"Викиданные","source_id":"Q53866299","license":"CC0 (Викиданные)","confidence":"ok"}},{"type":"Feature","id":"repressions:3834e05be581","geometry":{"type":"Point","coordinates":[22.459359,52.209421]},"properties":{"uid":"repressions:3834e05be581","layer":"repressions","layer_title":"Места репрессий и спецпоселений","group":"hardship","title":"Stok Ruski concentration camp","category":"концентрационный лагерь","date_precision":"unknown","date_approx":false,"url":"https://www.wikidata.org/wiki/Q53866297","source":"Викиданные","source_id":"Q53866297","license":"CC0 (Викиданные)","confidence":"ok"}},{"type":"Feature","id":"repressions:c7e14b943f28","geometry":{"type":"Point","coordinates":[19.395662,53.25997]},"properties":{"uid":"repressions:c7e14b943f28","layer":"repressions","layer_title":"Места репрессий и спецпоселений","group":"hardship","title":"Strasburg (Westpreußen) concentration camp","category":"концентрационный лагерь","date_precision":"unknown","date_approx":false,"url":"https://www.wikidata.org/wiki/Q53866303","source":"Викиданные","source_id":"Q53866303","license":"CC0 (Викиданные)","confidence":"ok"}},{"type":"Feature","id":"repressions:41d26a148f60","geometry":{"type":"Point","coordinates":[20.316913,49.918843]},"properties":{"uid":"repressions:41d26a148f60","layer":"repressions","layer_title":"Места репрессий и спецпоселений","group":"hardship","title":"Stradomka concentration camp","category":"концентрационный лагерь","date_precision":"unknown","date_approx":false,"url":"https://www.wikidata.org/wiki/Q53866300","source":"Викиданные","source_id":"Q53866300","license":"CC0 (Викиданные)","confidence":"ok"}},{"type":"Feature","id":"repressions:40bf9eaf728b","geometry":{"type":"Point","coordinates":[18.570975,54.270286]},"properties":{"uid":"repressions:40bf9eaf728b","layer":"repressions","layer_title":"Места репрессий и спецпоселений","group":"hardship","title":"Straschin-Prangschin concentration camp","category":"концентрационный лагерь","date_precision":"unknown","date_approx":false,"url":"https://www.wikidata.org/wiki/Q53866304","source":"Викиданные","source_id":"Q53866304","license":"CC0 (Викиданные)","confidence":"ok"}},{"type":"Feature","id":"repressions:e494f606afd2","geometry":{"type":"Point","coordinates":[18.425575,51.86141]},"properties":{"uid":"repressions:e494f606afd2","layer":"repressions","layer_title":"Места репрессий и спецпоселений","group":"hardship","title":"Strzalków concentration camp","category":"концентрационный лагерь","date_precision":"unknown","date_approx":false,"url":"https://www.wikidata.org/wiki/Q53866310","source":"Викиданные","source_id":"Q53866310","license":"CC0 (Викиданные)","confidence":"ok"}},{"type":"Feature","id":"repressions:cf02ef46c173","geometry":{"type":"Point","coordinates":[22.691427,51.216821]},"properties":{"uid":"repressions:cf02ef46c173","layer":"repressions","layer_title":"Места репрессий и спецпоселений","group":"hardship","title":"Swidnik concentration camp","category":"концентрационный лагерь","date_precision":"unknown","date_approx":false,"url":"https://www.wikidata.org/wiki/Q53866318","source":"Викиданные","source_id":"Q53866318","license":"CC0 (Викиданные)","confidence":"ok"}},{"type":"Feature","id":"repressions:78075ec4c4a7","geometry":{"type":"Point","coordinates":[20.47119,49.91302]},"properties":{"uid":"repressions:78075ec4c4a7","layer":"repressions","layer_title":"Места репрессий и спецпоселений","group":"hardship","title":"pawilon więzienny IV w Leksandrowej","category":"тюрьма","place_text":"Leksandrowa","region":"Leksandrowa","date_precision":"unknown","date_approx":false,"url":"https://www.wikidata.org/wiki/Q122187289","source":"Викиданные","source_id":"Q122187289","license":"CC0 (Викиданные)","confidence":"ok"}},{"type":"Feature","id":"repressions:93aa00142761","geometry":{"type":"Point","coordinates":[21.01195,52.25203]},"properties":{"uid":"repressions:93aa00142761","layer":"repressions","layer_title":"Места репрессий и спецпоселений","group":"hardship","title":"więzienie, ob. teatr, ul. Boleść 2 w Warszawie","category":"тюрьма","place_text":"Варшава","region":"Варшава","date_precision":"unknown","date_approx":false,"url":"https://www.wikidata.org/wiki/Q122234387","image_url":"http://commons.wikimedia.org/wiki/Special:FilePath/Warszawa%20Teatr%20Stara%20Prochownia.jpg","source":"Викиданные","source_id":"Q122234387","license":"CC0 (Викиданные)","confidence":"ok"}},{"type":"Feature","id":"repressions:ba179ebd59ef","geometry":{"type":"Point","coordinates":[22.55374,51.24663]},"properties":{"uid":"repressions:ba179ebd59ef","layer":"repressions","layer_title":"Места репрессий и спецпоселений","group":"hardship","title":"areszt śledczy, Fryderyka Chopina 7, Lublin","category":"тюрьма","place_text":"Люблин","region":"Люблин","date_precision":"unknown","date_approx":false,"url":"https://www.wikidata.org/wiki/Q122261297","image_url":"http://commons.wikimedia.org/wiki/Special:FilePath/Areszt%20%C5%9Bledczy%2CFryderyka%20Chopina%207%2C%20Lublin%3B%20miejsce%20pami%C4%99ci%2001.jpg","source":"Викиданные","source_id":"Q122261297","license":"CC0 (Викиданные)","confidence":"ok"}},{"type":"Feature","id":"repressions:8ea3f6e91d65","geometry":{"type":"Point","coordinates":[18.91636,50.34784]},"properties":{"uid":"repressions:8ea3f6e91d65","layer":"repressions","layer_title":"Места репрессий и спецпоселений","group":"hardship","title":"zespół zabudowy więzienia, ob. Aresztu Śledczego, Wrocławska 4 w Bytomiu","category":"тюрьма","place_text":"Бытом","region":"Бытом","year_from":1801,"year_to":1960,"date_precision":"part","date_approx":true,"period_raw":"с 1801","url":"https://www.wikidata.org/wiki/Q122262522","image_url":"http://commons.wikimedia.org/wiki/Special:FilePath/Bytom%20prison%202020.jpg","source":"Викиданные","source_id":"Q122262522","license":"CC0 (Викиданные)","confidence":"ok"}},{"type":"Feature","id":"repressions:a3481cadabd5","geometry":{"type":"Point","coordinates":[19.1396,50.24182]},"properties":{"uid":"repressions:a3481cadabd5","layer":"repressions","layer_title":"Места репрессий и спецпоселений","group":"hardship","title":"areszt śledczy, Karola Szymanowskiego w Mysłowicach","category":"тюрьма","place_text":"Мысловице","region":"Мысловице","date_precision":"unknown","date_approx":false,"url":"https://www.wikidata.org/wiki/Q122262588","source":"Викиданные","source_id":"Q122262588","license":"CC0 (Викиданные)","confidence":"ok"}},{"type":"Feature","id":"repressions:bdb912aac2c0","geometry":{"type":"Point","coordinates":[21.04015,52.26125]},"properties":{"uid":"repressions:bdb912aac2c0","layer":"repressions","layer_title":"Места репрессий и спецпоселений","group":"hardship","title":"więzienie NKWD z 1945 r., Strzelecka 10A, Warszawa","category":"тюрьма","place_text":"Варшава","region":"Варшава","date_precision":"unknown","date_approx":false,"url":"https://www.wikidata.org/wiki/Q122264127","source":"Викиданные","source_id":"Q122264127","license":"CC0 (Викиданные)","confidence":"ok"}},{"type":"Feature","id":"repressions:d042df034f05","geometry":{"type":"Point","coordinates":[18.7485,52.11401]},"properties":{"uid":"repressions:d042df034f05","layer":"repressions","layer_title":"Места репрессий и спецпоселений","group":"hardship","title":"obóz zagłady z II wojny światowej 59A w Chełmnie","category":"лагерь смерти нацистской Германии","place_text":"Хелмно-на-Нере","region":"Хелмно-на-Нере","date_precision":"unknown","date_approx":false,"url":"https://www.wikidata.org/wiki/Q122264962","source":"Викиданные","source_id":"Q122264962","license":"CC0 (Викиданные)","confidence":"ok"}},{"type":"Feature","id":"repressions:5d6eb9acedf9","geometry":{"type":"Point","coordinates":[22.270743,52.166976]},"properties":{"uid":"repressions:5d6eb9acedf9","layer":"repressions","layer_title":"Места репрессий и спецпоселений","group":"hardship","title":"budynek główny więzienia, Józefa Piłsudskiego 47, Siedlce","category":"тюрьма","place_text":"Седльце","region":"Седльце","date_precision":"unknown","date_approx":false,"url":"https://www.wikidata.org/wiki/Q122546183","source":"Викиданные","source_id":"Q122546183","license":"CC0 (Викиданные)","confidence":"ok"}},{"type":"Feature","id":"repressions:572ffa077e06","geometry":{"type":"Point","coordinates":[18.214244,50.081804]},"properties":{"uid":"repressions:572ffa077e06","layer":"repressions","layer_title":"Места репрессий и спецпоселений","group":"hardship","title":"budynek zakładu karnego, ul. Josepha von Eichendorffa 14 w Racibórzu","category":"тюрьма","place_text":"Рацибуж","region":"Рацибуж","date_precision":"unknown","date_approx":false,"url":"https://www.wikidata.org/wiki/Q125524776","source":"Викиданные","source_id":"Q125524776","license":"CC0 (Викиданные)","confidence":"ok"}},{"type":"Feature","id":"repressions:ad4e0b5ee9e6","geometry":{"type":"Point","coordinates":[18.974398,50.296516]},"properties":{"uid":"repressions:ad4e0b5ee9e6","layer":"repressions","layer_title":"Места репрессий и спецпоселений","group":"hardship","title":"District jail from Skrzyszów 19th","category":"arrest custody","place_text":"Хожув","region":"Хожув","year_from":1900,"year_to":1960,"date_precision":"part","date_approx":true,"period_raw":"с 1900","url":"https://www.wikidata.org/wiki/Q126709491","image_url":"http://commons.wikimedia.org/wiki/Special:FilePath/20240527%20District%20jail%20from%20Skrzysz%C3%B3w%2019th.jpg","source":"Викиданные","source_id":"Q126709491","license":"CC0 (Викиданные)","confidence":"ok"}},{"type":"Feature","id":"repressions:180da4787243","geometry":{"type":"Point","coordinates":[19.013333,50.255833]},"properties":{"uid":"repressions:180da4787243","layer":"repressions","layer_title":"Места репрессий и спецпоселений","group":"hardship","title":"Katowice Remand Center","category":"следственный изолятор во Франции","place_text":"Катовице","region":"Катовице","year_from":1878,"year_to":1960,"date_precision":"part","date_approx":true,"period_raw":"с 1878","url":"https://www.wikidata.org/wiki/Q127387865","image_url":"http://commons.wikimedia.org/wiki/Special:FilePath/Katowice%20Mikolowska%20areszt.jpg","source":"Викиданные","source_id":"Q127387865","license":"CC0 (Викиданные)","confidence":"ok"}},{"type":"Feature","id":"repressions:14b5f982372c","geometry":{"type":"Point","coordinates":[19.468552,51.786907]},"properties":{"uid":"repressions:14b5f982372c","layer":"repressions","layer_title":"Места репрессий и спецпоселений","group":"hardship","title":"Gypsy camp in Ghetto Litzmannstadt","category":"концентрационный лагерь","place_text":"Лодзь","region":"Лодзь","year_from":1941,"year_to":1942,"date_precision":"year","date_approx":false,"period_raw":"1941–1942","url":"https://www.wikidata.org/wiki/Q131392488","image_url":"http://commons.wikimedia.org/wiki/Special:FilePath/Gypsy%20camp%20in%20ghetto.JPG","source":"Викиданные","source_id":"Q131392488","license":"CC0 (Викиданные)","confidence":"ok"}},{"type":"Feature","id":"repressions:43c3d4aa6691","geometry":{"type":"Point","coordinates":[24.982001,60.144832]},"properties":{"uid":"repressions:43c3d4aa6691","layer":"repressions","layer_title":"Места репрессий и спецпоселений","group":"hardship","title":"Suomenlinna B 18","category":"дом","place_text":"Хельсинки","region":"Хельсинки","year_from":1864,"year_to":1960,"date_precision":"part","date_approx":true,"period_raw":"с 1864","url":"https://www.wikidata.org/wiki/Q131629265","image_url":"http://commons.wikimedia.org/wiki/Special:FilePath/Karsseri-Suomenlinna-B18.jpg","source":"Викиданные","source_id":"Q131629265","license":"CC0 (Викиданные)","confidence":"ok"}},{"type":"Feature","id":"repressions:a7920f0408cf","geometry":{"type":"Point","coordinates":[20.985341,52.241606]},"properties":{"uid":"repressions:a7920f0408cf","layer":"repressions","layer_title":"Места репрессий и спецпоселений","group":"hardship","title":"Befehlstelle","category":"следственный изолятор","date_precision":"unknown","date_approx":false,"url":"https://www.wikidata.org/wiki/Q132235722","source":"Викиданные","source_id":"Q132235722","license":"CC0 (Викиданные)","confidence":"ok"}},{"type":"Feature","id":"repressions:dd7017848ec2","geometry":{"type":"Point","coordinates":[24.10305,60.17587]},"properties":{"uid":"repressions:dd7017848ec2","layer":"repressions","layer_title":"Места репрессий и спецпоселений","group":"hardship","title":"Hundbacken","category":"холм","place_text":"Сиунтио","region":"Сиунтио","date_precision":"unknown","date_approx":false,"url":"https://www.wikidata.org/wiki/Q133892492","source":"Викиданные","source_id":"Q133892492","license":"CC0 (Викиданные)","confidence":"ok"}},{"type":"Feature","id":"repressions:85fd3670e54c","geometry":{"type":"Point","coordinates":[18.785497,50.299388]},"properties":{"uid":"repressions:85fd3670e54c","layer":"repressions","layer_title":"Места репрессий и спецпоселений","group":"hardship","title":"Investigator custody in Zabrze","category":"следственный изолятор","place_text":"Забже","region":"Забже","date_precision":"unknown","date_approx":false,"url":"https://www.wikidata.org/wiki/Q134385502","source":"Викиданные","source_id":"Q134385502","license":"CC0 (Викиданные)","confidence":"ok"}},{"type":"Feature","id":"repressions:b2580d57e509","geometry":{"type":"Point","coordinates":[19.004209,50.306122]},"properties":{"uid":"repressions:b2580d57e509","layer":"repressions","layer_title":"Места репрессий и спецпоселений","group":"hardship","title":"topola kanadyjska na placu Skrzeka i Wójcika w Siemianowicach Śląskich","category":"примечательное дерево","place_text":"Семяновице-Слёнске","region":"Семяновице-Слёнске","date_precision":"unknown","date_approx":false,"url":"https://www.wikidata.org/wiki/Q137805343","image_url":"http://commons.wikimedia.org/wiki/Special:FilePath/Siemianowice%20topola%20kanadyjska%20pl.%20Skrzeka%20i%20W%C3%B3jcika%20%284%29.jpg","source":"Викиданные","source_id":"Q137805343","license":"CC0 (Викиданные)","confidence":"ok"}},{"type":"Feature","id":"repressions:793b08da531f","geometry":{"type":"Point","coordinates":[20.631423,52.395839]},"properties":{"uid":"repressions:793b08da531f","layer":"repressions","layer_title":"Места репрессий и спецпоселений","group":"hardship","title":"Q140459054","category":"лагерь для интернированных","date_precision":"unknown","date_approx":false,"url":"https://www.wikidata.org/wiki/Q140459054","source":"Викиданные","source_id":"Q140459054","license":"CC0 (Викиданные)","confidence":"ok"}},{"type":"Feature","id":"repressions:d2a70d101f7e","geometry":{"type":"Point","coordinates":[18.274527,50.361604]},"properties":{"uid":"repressions:d2a70d101f7e","layer":"repressions","layer_title":"Места репрессий и спецпоселений","group":"hardship","title":"Q140459219","category":"лагерь для интернированных","date_precision":"unknown","date_approx":false,"url":"https://www.wikidata.org/wiki/Q140459219","source":"Викиданные","source_id":"Q140459219","license":"CC0 (Викиданные)","confidence":"ok"}},{"type":"Feature","id":"repressions:302354fe6b8e","geometry":{"type":"Point","coordinates":[20.96656,52.230483]},"properties":{"uid":"repressions:302354fe6b8e","layer":"repressions","layer_title":"Места репрессий и спецпоселений","group":"hardship","title":"Q140459343","category":"лагерь для интернированных","date_precision":"unknown","date_approx":false,"url":"https://www.wikidata.org/wiki/Q140459343","source":"Викиданные","source_id":"Q140459343","license":"CC0 (Викиданные)","confidence":"ok"}},{"type":"Feature","id":"repressions:d034d47233f1","geometry":{"type":"Point","coordinates":[22.599444,51.220556]},"properties":{"uid":"repressions:d034d47233f1","layer":"repressions","layer_title":"Места репрессий и спецпоселений","group":"hardship","title":"Q140459391","category":"лагерь для интернированных","date_precision":"unknown","date_approx":false,"url":"https://www.wikidata.org/wiki/Q140459391","source":"Викиданные","source_id":"Q140459391","license":"CC0 (Викиданные)","confidence":"ok"}},{"type":"Feature","id":"repressions:56a4b2aec044","geometry":{"type":"Point","coordinates":[19.180338,50.034508]},"properties":{"uid":"repressions:56a4b2aec044","layer":"repressions","layer_title":"Места репрессий и спецпоселений","group":"hardship","title":"Q140459458","category":"лагерь для интернированных","date_precision":"unknown","date_approx":false,"url":"https://www.wikidata.org/wiki/Q140459458","source":"Викиданные","source_id":"Q140459458","license":"CC0 (Викиданные)","confidence":"ok"}},{"type":"Feature","id":"repressions:01458d190255","geometry":{"type":"Point","coordinates":[19.156186,54.327041]},"properties":{"uid":"repressions:01458d190255","layer":"repressions","layer_title":"Места репрессий и спецпоселений","group":"hardship","title":"Q140459496","category":"лагерь для интернированных","date_precision":"unknown","date_approx":false,"url":"https://www.wikidata.org/wiki/Q140459496","source":"Викиданные","source_id":"Q140459496","license":"CC0 (Викиданные)","confidence":"ok"}},{"type":"Feature","id":"repressions:ba35aed143d4","geometry":{"type":"Point","coordinates":[18.741183,53.471862]},"properties":{"uid":"repressions:ba35aed143d4","layer":"repressions","layer_title":"Места репрессий и спецпоселений","group":"hardship","title":"Q140459589","category":"лагерь для интернированных","date_precision":"unknown","date_approx":false,"url":"https://www.wikidata.org/wiki/Q140459589","source":"Викиданные","source_id":"Q140459589","license":"CC0 (Викиданные)","confidence":"ok"}},{"type":"Feature","id":"repressions:5c19f22ae6d5","geometry":{"type":"Point","coordinates":[18.615538,50.034598]},"properties":{"uid":"repressions:5c19f22ae6d5","layer":"repressions","layer_title":"Места репрессий и спецпоселений","group":"hardship","title":"Q140459678","category":"лагерь для интернированных","date_precision":"unknown","date_approx":false,"url":"https://www.wikidata.org/wiki/Q140459678","source":"Викиданные","source_id":"Q140459678","license":"CC0 (Викиданные)","confidence":"ok"}},{"type":"Feature","id":"repressions:527d8c8045ae","geometry":{"type":"Point","coordinates":[18.602131,53.011625]},"properties":{"uid":"repressions:527d8c8045ae","layer":"repressions","layer_title":"Места репрессий и спецпоселений","group":"hardship","title":"Q140459708","category":"лагерь для интернированных","date_precision":"unknown","date_approx":false,"url":"https://www.wikidata.org/wiki/Q140459708","source":"Викиданные","source_id":"Q140459708","license":"CC0 (Викиданные)","confidence":"ok"}},{"type":"Feature","id":"repressions:ae4c1a41b1eb","geometry":{"type":"Point","coordinates":[18.530541,54.51889]},"properties":{"uid":"repressions:ae4c1a41b1eb","layer":"repressions","layer_title":"Места репрессий и спецпоселений","group":"hardship","title":"Q140459756","category":"лагерь для интернированных","date_precision":"unknown","date_approx":false,"url":"https://www.wikidata.org/wiki/Q140459756","source":"Викиданные","source_id":"Q140459756","license":"CC0 (Викиданные)","confidence":"ok"}},{"type":"Feature","id":"repressions:852c5b4584a3","geometry":{"type":"Point","coordinates":[20.380231,52.161448]},"properties":{"uid":"repressions:852c5b4584a3","layer":"repressions","layer_title":"Места репрессий и спецпоселений","group":"hardship","title":"Szymanów concentration camp","category":"концентрационный лагерь","date_precision":"unknown","date_approx":false,"url":"https://www.wikidata.org/wiki/Q53866322","source":"Викиданные","source_id":"Q53866322","license":"CC0 (Викиданные)","confidence":"ok"}},{"type":"Feature","id":"repressions:07209ef2c70e","geometry":{"type":"Point","coordinates":[21.927285,52.911194]},"properties":{"uid":"repressions:07209ef2c70e","layer":"repressions","layer_title":"Места репрессий и спецпоселений","group":"hardship","title":"Swierze concentration camp","category":"концентрационный лагерь","date_precision":"unknown","date_approx":false,"url":"https://www.wikidata.org/wiki/Q53866320","source":"Викиданные","source_id":"Q53866320","license":"CC0 (Викиданные)","confidence":"ok"}},{"type":"Feature","id":"repressions:074bfb606d03","geometry":{"type":"Point","coordinates":[20.025309,49.426734]},"properties":{"uid":"repressions:074bfb606d03","layer":"repressions","layer_title":"Места репрессий и спецпоселений","group":"hardship","title":"Szaflary concentration camp","category":"концентрационный лагерь","date_precision":"unknown","date_approx":false,"url":"https://www.wikidata.org/wiki/Q53866321","source":"Викиданные","source_id":"Q53866321","license":"CC0 (Викиданные)","confidence":"ok"}},{"type":"Feature","id":"repressions:d91422856863","geometry":{"type":"Point","coordinates":[21.332545,50.723515]},"properties":{"uid":"repressions:d91422856863","layer":"repressions","layer_title":"Места репрессий и спецпоселений","group":"hardship","title":"Topper concentration camp","category":"концентрационный лагерь","date_precision":"unknown","date_approx":false,"url":"https://www.wikidata.org/wiki/Q53866328","source":"Викиданные","source_id":"Q53866328","license":"CC0 (Викиданные)","confidence":"ok"}},{"type":"Feature","id":"repressions:aa128baa24e4","geometry":{"type":"Point","coordinates":[19.020002,50.121801]},"properties":{"uid":"repressions:aa128baa24e4","layer":"repressions","layer_title":"Места репрессий и спецпоселений","group":"hardship","title":"Tychów concentration camp","category":"концентрационный лагерь","date_precision":"unknown","date_approx":false,"url":"https://www.wikidata.org/wiki/Q53866343","source":"Викиданные","source_id":"Q53866343","license":"CC0 (Викиданные)","confidence":"ok"}},{"type":"Feature","id":"repressions:8857dc27a458","geometry":{"type":"Point","coordinates":[22.505006,50.588767]},"properties":{"uid":"repressions:8857dc27a458","layer":"repressions","layer_title":"Места репрессий и спецпоселений","group":"hardship","title":"Ujscie concentration camp","category":"концентрационный лагерь","date_precision":"unknown","date_approx":false,"url":"https://www.wikidata.org/wiki/Q53866346","source":"Викиданные","source_id":"Q53866346","license":"CC0 (Викиданные)","confidence":"ok"}},{"type":"Feature","id":"repressions:aa9d4230ceec","geometry":{"type":"Point","coordinates":[22.507763,51.802318]},"properties":{"uid":"repressions:aa9d4230ceec","layer":"repressions","layer_title":"Места репрессий и спецпоселений","group":"hardship","title":"Ulan concentration camp","category":"концентрационный лагерь","date_precision":"unknown","date_approx":false,"url":"https://www.wikidata.org/wiki/Q53866347","source":"Викиданные","source_id":"Q53866347","license":"CC0 (Викиданные)","confidence":"ok"}},{"type":"Feature","id":"repressions:9dbd3f70790e","geometry":{"type":"Point","coordinates":[21.041051,51.374127]},"properties":{"uid":"repressions:9dbd3f70790e","layer":"repressions","layer_title":"Места репрессий и спецпоселений","group":"hardship","title":"Untermwalde concentration camp","category":"концентрационный лагерь","date_precision":"unknown","date_approx":false,"url":"https://www.wikidata.org/wiki/Q53866352","source":"Викиданные","source_id":"Q53866352","license":"CC0 (Викиданные)","confidence":"ok"}},{"type":"Feature","id":"repressions:1aa82c789b94","geometry":{"type":"Point","coordinates":[19.253208,50.232447]},"properties":{"uid":"repressions:1aa82c789b94","layer":"repressions","layer_title":"Места репрессий и спецпоселений","group":"hardship","title":"Upadowa concentration camp","category":"концентрационный лагерь","date_precision":"unknown","date_approx":false,"url":"https://www.wikidata.org/wiki/Q53866358","source":"Викиданные","source_id":"Q53866358","license":"CC0 (Викиданные)","confidence":"ok"}},{"type":"Feature","id":"repressions:ae5ffd6095bb","geometry":{"type":"Point","coordinates":[21.067077,52.19488]},"properties":{"uid":"repressions:ae5ffd6095bb","layer":"repressions","layer_title":"Места репрессий и спецпоселений","group":"hardship","title":"Warszawa-Czerniaków concentration camp","category":"концентрационный лагерь","date_precision":"unknown","date_approx":false,"url":"https://www.wikidata.org/wiki/Q53866371","source":"Викиданные","source_id":"Q53866371","license":"CC0 (Викиданные)","confidence":"ok"}},{"type":"Feature","id":"repressions:508fc79fd46e","geometry":{"type":"Point","coordinates":[20.957183,52.233375]},"properties":{"uid":"repressions:508fc79fd46e","layer":"repressions","layer_title":"Места репрессий и спецпоселений","group":"hardship","title":"Warschau-Wola concentration camp","category":"концентрационный лагерь","date_precision":"unknown","date_approx":false,"url":"https://www.wikidata.org/wiki/Q53866374","source":"Викиданные","source_id":"Q53866374","license":"CC0 (Викиданные)","confidence":"ok"}},{"type":"Feature","id":"repressions:7763103c28e3","geometry":{"type":"Point","coordinates":[20.940833,52.319167]},"properties":{"uid":"repressions:7763103c28e3","layer":"repressions","layer_title":"Места репрессий и спецпоселений","group":"hardship","title":"Warszawa-Tarchomin concentration camp","category":"концентрационный лагерь","date_precision":"unknown","date_approx":false,"url":"https://www.wikidata.org/wiki/Q53866372","source":"Викиданные","source_id":"Q53866372","license":"CC0 (Викиданные)","confidence":"ok"}},{"type":"Feature","id":"repressions:a98daf77c1cf","geometry":{"type":"Point","coordinates":[21.012229,52.229676]},"properties":{"uid":"repressions:a98daf77c1cf","layer":"repressions","layer_title":"Места репрессий и спецпоселений","group":"hardship","title":"Warschau-Falenica concentration camp","category":"концентрационный лагерь","date_precision":"unknown","date_approx":false,"url":"https://www.wikidata.org/wiki/Q53866373","source":"Викиданные","source_id":"Q53866373","license":"CC0 (Викиданные)","confidence":"ok"}},{"type":"Feature","id":"repressions:8c62540066dd","geometry":{"type":"Point","coordinates":[22.016427,52.399157]},"properties":{"uid":"repressions:8c62540066dd","layer":"repressions","layer_title":"Места репрессий и спецпоселений","group":"hardship","title":"Wegrów concentration camp","category":"концентрационный лагерь","date_precision":"unknown","date_approx":false,"url":"https://www.wikidata.org/wiki/Q53866379","source":"Викиданные","source_id":"Q53866379","license":"CC0 (Викиданные)","confidence":"ok"}},{"type":"Feature","id":"repressions:b8a1f08559c9","geometry":{"type":"Point","coordinates":[18.63847,52.19986]},"properties":{"uid":"repressions:b8a1f08559c9","layer":"repressions","layer_title":"Места репрессий и спецпоселений","group":"hardship","title":"Warthbrücken concentration camp","category":"концентрационный лагерь","date_precision":"unknown","date_approx":false,"url":"https://www.wikidata.org/wiki/Q53866376","source":"Викиданные","source_id":"Q53866376","license":"CC0 (Викиданные)","confidence":"ok"}},{"type":"Feature","id":"repressions:2b6f55df01a6","geometry":{"type":"Point","coordinates":[19.619132,53.742154]},"properties":{"uid":"repressions:2b6f55df01a6","layer":"repressions","layer_title":"Места репрессий и спецпоселений","group":"hardship","title":"Wieprz concentration camp","category":"концентрационный лагерь","date_precision":"unknown","date_approx":false,"url":"https://www.wikidata.org/wiki/Q53866430","source":"Викиданные","source_id":"Q53866430","license":"CC0 (Викиданные)","confidence":"ok"}},{"type":"Feature","id":"repressions:a570f4f5e5d9","geometry":{"type":"Point","coordinates":[18.33159,52.67429]},"properties":{"uid":"repressions:a570f4f5e5d9","layer":"repressions","layer_title":"Места репрессий и спецпоселений","group":"hardship","title":"Wikingen concentration camp","category":"концентрационный лагерь","date_precision":"unknown","date_approx":false,"url":"https://www.wikidata.org/wiki/Q53866434","source":"Викиданные","source_id":"Q53866434","license":"CC0 (Викиданные)","confidence":"ok"}},{"type":"Feature","id":"repressions:4cf5094cde43","geometry":{"type":"Point","coordinates":[19.056213,54.278525]},"properties":{"uid":"repressions:4cf5094cde43","layer":"repressions","layer_title":"Места репрессий и спецпоселений","group":"hardship","title":"Wisniówka concentration camp","category":"концентрационный лагерь","date_precision":"unknown","date_approx":false,"url":"https://www.wikidata.org/wiki/Q53866435","source":"Викиданные","source_id":"Q53866435","license":"CC0 (Викиданные)","confidence":"ok"}},{"type":"Feature","id":"repressions:e7fda51c72f5","geometry":{"type":"Point","coordinates":[20.020258,52.767996]},"properties":{"uid":"repressions:e7fda51c72f5","layer":"repressions","layer_title":"Места репрессий и спецпоселений","group":"hardship","title":"Wiesenwinkel concentration camp","category":"концентрационный лагерь","date_precision":"unknown","date_approx":false,"url":"https://www.wikidata.org/wiki/Q53866433","source":"Викиданные","source_id":"Q53866433","license":"CC0 (Викиданные)","confidence":"ok"}},{"type":"Feature","id":"repressions:19ec5c9ef949","geometry":{"type":"Point","coordinates":[20.481263,50.42675]},"properties":{"uid":"repressions:19ec5c9ef949","layer":"repressions","layer_title":"Места репрессий и спецпоселений","group":"hardship","title":"Wohlau in Birkenhain concentration camp","category":"концентрационный лагерь","date_precision":"unknown","date_approx":false,"url":"https://www.wikidata.org/wiki/Q53866439","source":"Викиданные","source_id":"Q53866439","license":"CC0 (Викиданные)","confidence":"ok"}},{"type":"Feature","id":"repressions:432ccab102b5","geometry":{"type":"Point","coordinates":[19.316639,50.01763]},"properties":{"uid":"repressions:432ccab102b5","layer":"repressions","layer_title":"Места репрессий и спецпоселений","group":"hardship","title":"Wlosienitz concentration camp","category":"концентрационный лагерь","date_precision":"unknown","date_approx":false,"url":"https://www.wikidata.org/wiki/Q53866437","source":"Викиданные","source_id":"Q53866437","license":"CC0 (Викиданные)","confidence":"ok"}},{"type":"Feature","id":"repressions:801a13fdc413","geometry":{"type":"Point","coordinates":[19.090452,49.762435]},"properties":{"uid":"repressions:801a13fdc413","layer":"repressions","layer_title":"Места репрессий и спецпоселений","group":"hardship","title":"Wolfsdorf concentration camp","category":"концентрационный лагерь","date_precision":"unknown","date_approx":false,"url":"https://www.wikidata.org/wiki/Q53866443","source":"Викиданные","source_id":"Q53866443","license":"CC0 (Викиданные)","confidence":"ok"}},{"type":"Feature","id":"repressions:cc6fe59a0a6b","geometry":{"type":"Point","coordinates":[20.058499,51.981487]},"properties":{"uid":"repressions:cc6fe59a0a6b","layer":"repressions","layer_title":"Места репрессий и спецпоселений","group":"hardship","title":"Wola Makowska concentration camp","category":"концентрационный лагерь","date_precision":"unknown","date_approx":false,"url":"https://www.wikidata.org/wiki/Q53866440","source":"Викиданные","source_id":"Q53866440","license":"CC0 (Викиданные)","confidence":"ok"}},{"type":"Feature","id":"repressions:b7ad69e43385","geometry":{"type":"Point","coordinates":[20.295816,52.094758]},"properties":{"uid":"repressions:b7ad69e43385","layer":"repressions","layer_title":"Места репрессий и спецпоселений","group":"hardship","title":"Wola Miedniewska concentration camp","category":"концентрационный лагерь","date_precision":"unknown","date_approx":false,"url":"https://www.wikidata.org/wiki/Q53866441","source":"Викиданные","source_id":"Q53866441","license":"CC0 (Викиданные)","confidence":"ok"}},{"type":"Feature","id":"repressions:479ff397edff","geometry":{"type":"Point","coordinates":[21.614366,51.58518]},"properties":{"uid":"repressions:479ff397edff","layer":"repressions","layer_title":"Места репрессий и спецпоселений","group":"hardship","title":"Wólka Tyrzynska concentration camp","category":"концентрационный лагерь","date_precision":"unknown","date_approx":false,"url":"https://www.wikidata.org/wiki/Q53866445","source":"Викиданные","source_id":"Q53866445","license":"CC0 (Викиданные)","confidence":"ok"}},{"type":"Feature","id":"repressions:69d6d8d71475","geometry":{"type":"Point","coordinates":[19.003701,51.175074]},"properties":{"uid":"repressions:69d6d8d71475","layer":"repressions","layer_title":"Места репрессий и спецпоселений","group":"hardship","title":"Wreczyca concentration camp","category":"концентрационный лагерь","date_precision":"unknown","date_approx":false,"url":"https://www.wikidata.org/wiki/Q53866451","source":"Викиданные","source_id":"Q53866451","license":"CC0 (Викиданные)","confidence":"ok"}},{"type":"Feature","id":"repressions:8804ce6c22ba","geometry":{"type":"Point","coordinates":[20.074566,50.336898]},"properties":{"uid":"repressions:8804ce6c22ba","layer":"repressions","layer_title":"Места репрессий и спецпоселений","group":"hardship","title":"Wymyslów concentration camp","category":"концентрационный лагерь","date_precision":"unknown","date_approx":false,"url":"https://www.wikidata.org/wiki/Q53866455","source":"Викиданные","source_id":"Q53866455","license":"CC0 (Викиданные)","confidence":"ok"}},{"type":"Feature","id":"repressions:1fa79a764dba","geometry":{"type":"Point","coordinates":[19.768743,52.947121]},"properties":{"uid":"repressions:1fa79a764dba","layer":"repressions","layer_title":"Места репрессий и спецпоселений","group":"hardship","title":"Wreschen concentration camp","category":"концентрационный лагерь","date_precision":"unknown","date_approx":false,"url":"https://www.wikidata.org/wiki/Q53866452","source":"Викиданные","source_id":"Q53866452","license":"CC0 (Викиданные)","confidence":"ok"}},{"type":"Feature","id":"repressions:aea04420866a","geometry":{"type":"Point","coordinates":[20.67765,52.262216]},"properties":{"uid":"repressions:aea04420866a","layer":"repressions","layer_title":"Места репрессий и спецпоселений","group":"hardship","title":"Zaborów concentration camp","category":"концентрационный лагерь","date_precision":"unknown","date_approx":false,"url":"https://www.wikidata.org/wiki/Q53866459","source":"Викиданные","source_id":"Q53866459","license":"CC0 (Викиданные)","confidence":"ok"}},{"type":"Feature","id":"repressions:6a55bc303003","geometry":{"type":"Point","coordinates":[20.091227,49.99474]},"properties":{"uid":"repressions:6a55bc303003","layer":"repressions","layer_title":"Места репрессий и спецпоселений","group":"hardship","title":"Zabawa concentration camp","category":"концентрационный лагерь","date_precision":"unknown","date_approx":false,"url":"https://www.wikidata.org/wiki/Q53866457","source":"Викиданные","source_id":"Q53866457","license":"CC0 (Викиданные)","confidence":"ok"}},{"type":"Feature","id":"repressions:8fe62cff39de","geometry":{"type":"Point","coordinates":[22.26707,49.5143]},"properties":{"uid":"repressions:8fe62cff39de","layer":"repressions","layer_title":"Места репрессий и спецпоселений","group":"hardship","title":"Zagórz concentration camp","category":"концентрационный лагерь","date_precision":"unknown","date_approx":false,"url":"https://www.wikidata.org/wiki/Q53866462","source":"Викиданные","source_id":"Q53866462","license":"CC0 (Викиданные)","confidence":"ok"}},{"type":"Feature","id":"repressions:35309404aea7","geometry":{"type":"Point","coordinates":[20.663221,50.979719]},"properties":{"uid":"repressions:35309404aea7","layer":"repressions","layer_title":"Места репрессий и спецпоселений","group":"hardship","title":"Zagnansk concentration camp","category":"концентрационный лагерь","date_precision":"unknown","date_approx":false,"url":"https://www.wikidata.org/wiki/Q53866461","source":"Викиданные","source_id":"Q53866461","license":"CC0 (Викиданные)","confidence":"ok"}},{"type":"Feature","id":"repressions:980d4cc7147b","geometry":{"type":"Point","coordinates":[20.755009,52.263946]},"properties":{"uid":"repressions:980d4cc7147b","layer":"repressions","layer_title":"Места репрессий и спецпоселений","group":"hardship","title":"Zalesie concentration camp","category":"концентрационный лагерь","date_precision":"unknown","date_approx":false,"url":"https://www.wikidata.org/wiki/Q53866464","source":"Викиданные","source_id":"Q53866464","license":"CC0 (Викиданные)","confidence":"ok"}},{"type":"Feature","id":"repressions:51cf3f1e032f","geometry":{"type":"Point","coordinates":[22.123729,52.756976]},"properties":{"uid":"repressions:51cf3f1e032f","layer":"repressions","layer_title":"Места репрессий и спецпоселений","group":"hardship","title":"Zareby Koscielne concentration camp","category":"концентрационный лагерь","date_precision":"unknown","date_approx":false,"url":"https://www.wikidata.org/wiki/Q53866465","source":"Викиданные","source_id":"Q53866465","license":"CC0 (Викиданные)","confidence":"ok"}},{"type":"Feature","id":"repressions:78779059edec","geometry":{"type":"Point","coordinates":[23.363295,50.191462]},"properties":{"uid":"repressions:78779059edec","layer":"repressions","layer_title":"Места репрессий и спецпоселений","group":"hardship","title":"Zbroje concentration camp","category":"концентрационный лагерь","date_precision":"unknown","date_approx":false,"url":"https://www.wikidata.org/wiki/Q53866470","source":"Викиданные","source_id":"Q53866470","license":"CC0 (Викиданные)","confidence":"ok"}},{"type":"Feature","id":"repressions:d5cf04d2f595","geometry":{"type":"Point","coordinates":[19.0471,49.7828]},"properties":{"uid":"repressions:d5cf04d2f595","layer":"repressions","layer_title":"Места репрессий и спецпоселений","group":"hardship","title":"Zigeunerwald concentration camp","category":"концентрационный лагерь","date_precision":"unknown","date_approx":false,"url":"https://www.wikidata.org/wiki/Q53866474","source":"Викиданные","source_id":"Q53866474","license":"CC0 (Викиданные)","confidence":"ok"}},{"type":"Feature","id":"repressions:e53cd74cd88d","geometry":{"type":"Point","coordinates":[23.033071,51.216912]},"properties":{"uid":"repressions:e53cd74cd88d","layer":"repressions","layer_title":"Места репрессий и спецпоселений","group":"hardship","title":"Zgnila Struga concentration camp","category":"концентрационный лагерь","date_precision":"unknown","date_approx":false,"url":"https://www.wikidata.org/wiki/Q53866472","source":"Викиданные","source_id":"Q53866472","license":"CC0 (Викиданные)","confidence":"ok"}},{"type":"Feature","id":"repressions:9aa5c556f678","geometry":{"type":"Point","coordinates":[23.675655,51.018014]},"properties":{"uid":"repressions:9aa5c556f678","layer":"repressions","layer_title":"Места репрессий и спецпоселений","group":"hardship","title":"Zmudz concentration camp","category":"концентрационный лагерь","date_precision":"unknown","date_approx":false,"url":"https://www.wikidata.org/wiki/Q53866476","source":"Викиданные","source_id":"Q53866476","license":"CC0 (Викиданные)","confidence":"ok"}},{"type":"Feature","id":"repressions:6c5cec6ed134","geometry":{"type":"Point","coordinates":[20.445988,52.048652]},"properties":{"uid":"repressions:6c5cec6ed134","layer":"repressions","layer_title":"Места репрессий и спецпоселений","group":"hardship","title":"Zyrardów concentration camp","category":"концентрационный лагерь","date_precision":"unknown","date_approx":false,"url":"https://www.wikidata.org/wiki/Q53866486","source":"Викиданные","source_id":"Q53866486","license":"CC0 (Викиданные)","confidence":"ok"}},{"type":"Feature","id":"repressions:0ec052dcaee9","geometry":{"type":"Point","coordinates":[19.182398,49.6913]},"properties":{"uid":"repressions:0ec052dcaee9","layer":"repressions","layer_title":"Места репрессий и спецпоселений","group":"hardship","title":"Zywiec concentration camp","category":"концентрационный лагерь","date_precision":"unknown","date_approx":false,"url":"https://www.wikidata.org/wiki/Q53866487","source":"Викиданные","source_id":"Q53866487","license":"CC0 (Викиданные)","confidence":"ok"}},{"type":"Feature","id":"repressions:d9f77d6e9230","geometry":{"type":"Point","coordinates":[19.960591,53.420614]},"properties":{"uid":"repressions:d9f77d6e9230","layer":"repressions","layer_title":"Места репрессий и спецпоселений","group":"hardship","title":"Nagelstal concentration camp","category":"концентрационный лагерь","date_precision":"unknown","date_approx":false,"url":"https://www.wikidata.org/wiki/Q53866495","source":"Викиданные","source_id":"Q53866495","license":"CC0 (Викиданные)","confidence":"ok"}},{"type":"Feature","id":"repressions:e33a815b58d9","geometry":{"type":"Point","coordinates":[20.680302,49.836903]},"properties":{"uid":"repressions:e33a815b58d9","layer":"repressions","layer_title":"Места репрессий и спецпоселений","group":"hardship","title":"Czchów concentration camp","category":"концентрационный лагерь","date_precision":"unknown","date_approx":false,"url":"https://www.wikidata.org/wiki/Q53866497","source":"Викиданные","source_id":"Q53866497","license":"CC0 (Викиданные)","confidence":"ok"}},{"type":"Feature","id":"repressions:d9aad03bf34e","geometry":{"type":"Point","coordinates":[24.458464,61.003315]},"properties":{"uid":"repressions:d9aad03bf34e","layer":"repressions","layer_title":"Места репрессий и спецпоселений","group":"hardship","title":"Häme county jail","category":"тюрьма","place_text":"Хямеэнлинна","region":"Хямеэнлинна","date_precision":"unknown","date_approx":false,"url":"https://www.wikidata.org/wiki/Q55078428","source":"Викиданные","source_id":"Q55078428","license":"CC0 (Викиданные)","confidence":"ok"}},{"type":"Feature","id":"repressions:834b5873f5ef","geometry":{"type":"Point","coordinates":[19.648056,53.393333]},"properties":{"uid":"repressions:834b5873f5ef","layer":"repressions","layer_title":"Места репрессий и спецпоселений","group":"hardship","title":"Quesendorf concentration camp","category":"концентрационный лагерь","date_precision":"unknown","date_approx":false,"url":"https://www.wikidata.org/wiki/Q55217706","source":"Викиданные","source_id":"Q55217706","license":"CC0 (Викиданные)","confidence":"ok"}},{"type":"Feature","id":"repressions:31246a51e816","geometry":{"type":"Point","coordinates":[24.459218,61.002894]},"properties":{"uid":"repressions:31246a51e816","layer":"repressions","layer_title":"Места репрессий и спецпоселений","group":"hardship","title":"cell block in Häme county jail","category":"тюрьма","place_text":"Хямеэнлинна","region":"Хямеэнлинна","year_from":1869,"year_to":1960,"date_precision":"part","date_approx":true,"period_raw":"с 1869","url":"https://www.wikidata.org/wiki/Q55599467","source":"Викиданные","source_id":"Q55599467","license":"CC0 (Викиданные)","confidence":"ok"}},{"type":"Feature","id":"repressions:5e9000d4988e","geometry":{"type":"Point","coordinates":[24.458339,61.00333]},"properties":{"uid":"repressions:5e9000d4988e","layer":"repressions","layer_title":"Места репрессий и спецпоселений","group":"hardship","title":"penitentiary in Häme county jail","category":"тюрьма","place_text":"Хямеэнлинна","region":"Хямеэнлинна","year_from":1844,"year_to":1960,"date_precision":"part","date_approx":true,"period_raw":"с 1844","url":"https://www.wikidata.org/wiki/Q55599465","source":"Викиданные","source_id":"Q55599465","license":"CC0 (Викиданные)","confidence":"ok"}},{"type":"Feature","id":"repressions:05dc729a7ed3","geometry":{"type":"Point","coordinates":[25.59849,64.978244]},"properties":{"uid":"repressions:05dc729a7ed3","layer":"repressions","layer_title":"Места репрессий и спецпоселений","group":"hardship","title":"prison in Maikkula reserve company","category":"тюрьма","place_text":"Оулу","region":"Оулу","date_precision":"unknown","date_approx":false,"url":"https://www.wikidata.org/wiki/Q55599468","source":"Викиданные","source_id":"Q55599468","license":"CC0 (Викиданные)","confidence":"ok"}},{"type":"Feature","id":"repressions:78437291ebb0","geometry":{"type":"Point","coordinates":[18.1675,50.456111]},"properties":{"uid":"repressions:78437291ebb0","layer":"repressions","layer_title":"Места репрессий и спецпоселений","group":"hardship","title":"Arbeitslager Annaberg","category":"концентрационный лагерь","place_text":"Стшельце-Опольске","region":"Стшельце-Опольске","date_precision":"unknown","date_approx":false,"url":"https://www.wikidata.org/wiki/Q56326286","source":"Викиданные","source_id":"Q56326286","license":"CC0 (Викиданные)","confidence":"ok"}},{"type":"Feature","id":"repressions:0e8c099e563b","geometry":{"type":"Point","coordinates":[22.720722,50.539028]},"properties":{"uid":"repressions:0e8c099e563b","layer":"repressions","layer_title":"Места репрессий и спецпоселений","group":"hardship","title":"Home Army monuments in Biłgoraj","category":"транзитный лагерь","date_precision":"unknown","date_approx":false,"url":"https://www.wikidata.org/wiki/Q56327695","source":"Викиданные","source_id":"Q56327695","license":"CC0 (Викиданные)","confidence":"ok"}},{"type":"Feature","id":"repressions:2e1f3efdc9f6","geometry":{"type":"Point","coordinates":[23.438333,50.384444]},"properties":{"uid":"repressions:2e1f3efdc9f6","layer":"repressions","layer_title":"Места репрессий и спецпоселений","group":"hardship","title":"Bełżec forced-labor camp","category":"нацистский концлагерь","place_text":"Белжец","region":"Белжец","date_precision":"unknown","date_approx":false,"url":"https://www.wikidata.org/wiki/Q81502225","source":"Викиданные","source_id":"Q81502225","license":"CC0 (Викиданные)","confidence":"ok"}},{"type":"Feature","id":"repressions:fc7ca7d1a393","geometry":{"type":"Point","coordinates":[19.18088,50.03454]},"properties":{"uid":"repressions:fc7ca7d1a393","layer":"repressions","layer_title":"Места репрессий и спецпоселений","group":"hardship","title":"Bauabschnitt I","category":"концентрационный лагерь","date_precision":"unknown","date_approx":false,"url":"https://www.wikidata.org/wiki/Q81811637","image_url":"http://commons.wikimedia.org/wiki/Special:FilePath/View%20from%20the%20gate%20tower%20of%20the%20mens%20camp%20of%20Auschwitz%20II%20Birkenau%202024.jpg","source":"Викиданные","source_id":"Q81811637","license":"CC0 (Викиданные)","confidence":"ok"}},{"type":"Feature","id":"repressions:54ac1d16388c","geometry":{"type":"Point","coordinates":[19.17861,50.03294]},"properties":{"uid":"repressions:54ac1d16388c","layer":"repressions","layer_title":"Места репрессий и спецпоселений","group":"hardship","title":"women's camp","category":"women's camp","date_precision":"unknown","date_approx":false,"url":"https://www.wikidata.org/wiki/Q81811847","image_url":"http://commons.wikimedia.org/wiki/Special:FilePath/View%20from%20the%20gate%20tower%20of%20the%20womens%20camp%20of%20Auschwitz%20II%20Birkenau%202024.jpg","source":"Викиданные","source_id":"Q81811847","license":"CC0 (Викиданные)","confidence":"ok"}},{"type":"Feature","id":"repressions:ec18e326593b","geometry":{"type":"Point","coordinates":[22.5495,51.245472]},"properties":{"uid":"repressions:ec18e326593b","layer":"repressions","layer_title":"Места репрессий и спецпоселений","group":"hardship","title":"Lipowa concentration camp","category":"нацистский концлагерь","place_text":"Люблин","region":"Люблин","date_precision":"unknown","date_approx":false,"url":"https://www.wikidata.org/wiki/Q92163969","source":"Викиданные","source_id":"Q92163969","license":"CC0 (Викиданные)","confidence":"ok"}},{"type":"Feature","id":"repressions:499c0cdf465c","geometry":{"type":"Point","coordinates":[22.581639,51.234917]},"properties":{"uid":"repressions:499c0cdf465c","layer":"repressions","layer_title":"Места репрессий и спецпоселений","group":"hardship","title":"Lublin airfield camp","category":"нацистский концлагерь","place_text":"Люблин","region":"Люблин","year_from":1923,"year_to":1960,"date_precision":"part","date_approx":true,"period_raw":"с 1923","url":"https://www.wikidata.org/wiki/Q96391017","image_url":"http://commons.wikimedia.org/wiki/Special:FilePath/PL%20Lublin%20Hangar%20front.jpg","source":"Викиданные","source_id":"Q96391017","license":"CC0 (Викиданные)","confidence":"ok"}},{"type":"Feature","id":"repressions:472300e7bb7c","geometry":{"type":"Point","coordinates":[20.72,50.469167]},"properties":{"uid":"repressions:472300e7bb7c","layer":"repressions","layer_title":"Места репрессий и спецпоселений","group":"hardship","title":"Willa dr. Byrkowskiego","category":"тюрьма","place_text":"Буско-Здруй","region":"Буско-Здруй","date_precision":"unknown","date_approx":false,"url":"https://www.wikidata.org/wiki/Q105198313","image_url":"http://commons.wikimedia.org/wiki/Special:FilePath/JKRUK%2020070607%20PL%20BZ%20Galeria%20Zielona.jpg","source":"Викиданные","source_id":"Q105198313","license":"CC0 (Викиданные)","confidence":"ok"}},{"type":"Feature","id":"repressions:dd9fb15bcc0f","geometry":{"type":"Point","coordinates":[21.11376,52.25792]},"properties":{"uid":"repressions:dd9fb15bcc0f","layer":"repressions","layer_title":"Места репрессий и спецпоселений","group":"hardship","title":"Areszt Śledczy Warszawa-Grochów","category":"следственный изолятор во Франции","place_text":"Прага-Полудне","region":"Прага-Полудне","date_precision":"unknown","date_approx":false,"url":"https://www.wikidata.org/wiki/Q106924551","image_url":"http://commons.wikimedia.org/wiki/Special:FilePath/Areszt%20Sledczy%20Warszawa%20Grochow%20%281%29.JPG","source":"Викиданные","source_id":"Q106924551","license":"CC0 (Викиданные)","confidence":"ok"}},{"type":"Feature","id":"repressions:e0a748febb36","geometry":{"type":"Point","coordinates":[19.139617,50.24185]},"properties":{"uid":"repressions:e0a748febb36","layer":"repressions","layer_title":"Места репрессий и спецпоселений","group":"hardship","title":"Prison complex in Mysłowice","category":"комплекс зданий","place_text":"Мысловице","region":"Мысловице","date_precision":"unknown","date_approx":false,"url":"https://www.wikidata.org/wiki/Q107640703","image_url":"http://commons.wikimedia.org/wiki/Special:FilePath/Myslowice%20areszt.jpg","source":"Викиданные","source_id":"Q107640703","license":"CC0 (Викиданные)","confidence":"ok"}},{"type":"Feature","id":"repressions:a25d9022a1e4","geometry":{"type":"Point","coordinates":[25.133167,60.424799]},"properties":{"uid":"repressions:a25d9022a1e4","layer":"repressions","layer_title":"Места репрессий и спецпоселений","group":"hardship","title":"Kerava Prison, church and shop","category":"христианский храм","place_text":"Керава","region":"Керава","date_precision":"unknown","date_approx":false,"url":"https://www.wikidata.org/wiki/Q108308938","source":"Викиданные","source_id":"Q108308938","license":"CC0 (Викиданные)","confidence":"ok"}},{"type":"Feature","id":"repressions:7a8f2704ff73","geometry":{"type":"Point","coordinates":[19.38425,51.755639]},"properties":{"uid":"repressions:7a8f2704ff73","layer":"repressions","layer_title":"Места репрессий и спецпоселений","group":"hardship","title":"Folwark Ludwika Meyera","category":"концентрационный лагерь","date_precision":"unknown","date_approx":false,"url":"https://www.wikidata.org/wiki/Q110402129","image_url":"http://commons.wikimedia.org/wiki/Special:FilePath/Teatralny%20Uniwersytet%20Ludowy.jpg","source":"Викиданные","source_id":"Q110402129","license":"CC0 (Викиданные)","confidence":"ok"}},{"type":"Feature","id":"repressions:3d626948842a","geometry":{"type":"Point","coordinates":[18.433333,50.05]},"properties":{"uid":"repressions:3d626948842a","layer":"repressions","layer_title":"Места репрессий и спецпоселений","group":"hardship","title":"Charlottengrube","category":"концентрационный лагерь","date_precision":"unknown","date_approx":false,"url":"https://www.wikidata.org/wiki/Q110416732","source":"Викиданные","source_id":"Q110416732","license":"CC0 (Викиданные)","confidence":"ok"}},{"type":"Feature","id":"repressions:73e087e4b3af","geometry":{"type":"Point","coordinates":[23.916111,50.799167]},"properties":{"uid":"repressions:73e087e4b3af","layer":"repressions","layer_title":"Места репрессий и спецпоселений","group":"hardship","title":"Prison in Hrubieszów","category":"тюрьма","place_text":"Хрубешув","region":"Хрубешув","year_from":1968,"year_to":1968,"date_precision":"part","date_approx":true,"period_raw":"с 1968","url":"https://www.wikidata.org/wiki/Q110772882","source":"Викиданные","source_id":"Q110772882","license":"CC0 (Викиданные)","confidence":"ok"}},{"type":"Feature","id":"repressions:370164a2244e","geometry":{"type":"Point","coordinates":[18.932917,53.712583]},"properties":{"uid":"repressions:370164a2244e","layer":"repressions","layer_title":"Места репрессий и спецпоселений","group":"hardship","title":"Retreat Center in Kwidzyn","category":"тюрьма","place_text":"Квидзын","region":"Квидзын","date_precision":"unknown","date_approx":false,"url":"https://www.wikidata.org/wiki/Q113503192","image_url":"http://commons.wikimedia.org/wiki/Special:FilePath/Budynki%20OO%20w%20Kwidzynie.jpg","source":"Викиданные","source_id":"Q113503192","license":"CC0 (Викиданные)","confidence":"ok"}},{"type":"Feature","id":"repressions:a735accbea79","geometry":{"type":"Point","coordinates":[28.595389,63.3585]},"properties":{"uid":"repressions:a735accbea79","layer":"repressions","layer_title":"Места репрессий и спецпоселений","group":"hardship","title":"Luostanlinna","category":"тюрьма","place_text":"Раутаваара","region":"Раутаваара","year_from":1859,"year_to":1880,"date_precision":"year","date_approx":false,"period_raw":"1859–1880","url":"https://www.wikidata.org/wiki/Q116927170","source":"Викиданные","source_id":"Q116927170","license":"CC0 (Викиданные)","confidence":"ok"}},{"type":"Feature","id":"repressions:ac99d88d938a","geometry":{"type":"Point","coordinates":[22.831361,51.2585]},"properties":{"uid":"repressions:ac99d88d938a","layer":"repressions","layer_title":"Места репрессий и спецпоселений","group":"hardship","title":"Centralny Obóz Pracy w Krzesimowie","category":"трудовой лагерь","place_text":"Krzesimów","region":"Krzesimów","date_precision":"unknown","date_approx":false,"url":"https://www.wikidata.org/wiki/Q119909953","source":"Викиданные","source_id":"Q119909953","license":"CC0 (Викиданные)","confidence":"ok"}},{"type":"Feature","id":"repressions:5ae89f924ce5","geometry":{"type":"Point","coordinates":[22.34229,53.81873]},"properties":{"uid":"repressions:5ae89f924ce5","layer":"repressions","layer_title":"Места репрессий и спецпоселений","group":"hardship","title":"więzienie, Zamkowa 1 w Ełku","category":"тюрьма","place_text":"Элк","region":"Элк","date_precision":"unknown","date_approx":false,"url":"https://www.wikidata.org/wiki/Q122103607","source":"Викиданные","source_id":"Q122103607","license":"CC0 (Викиданные)","confidence":"ok"}},{"type":"Feature","id":"repressions:fd64c2735c89","geometry":{"type":"Point","coordinates":[19.97489,53.69806]},"properties":{"uid":"repressions:fd64c2735c89","layer":"repressions","layer_title":"Места репрессий и спецпоселений","group":"hardship","title":"areszt, 1 Dywizji w Ostródzie","category":"тюрьма","place_text":"Оструда","region":"Оструда","date_precision":"unknown","date_approx":false,"url":"https://www.wikidata.org/wiki/Q122104284","source":"Викиданные","source_id":"Q122104284","license":"CC0 (Викиданные)","confidence":"ok"}},{"type":"Feature","id":"repressions:73e9c3cb9eb2","geometry":{"type":"Point","coordinates":[20.47119,49.91218]},"properties":{"uid":"repressions:73e9c3cb9eb2","layer":"repressions","layer_title":"Места репрессий и спецпоселений","group":"hardship","title":"pawilon więzienny I w Leksandrowej","category":"тюрьма","place_text":"Leksandrowa","region":"Leksandrowa","date_precision":"unknown","date_approx":false,"url":"https://www.wikidata.org/wiki/Q122187286","source":"Викиданные","source_id":"Q122187286","license":"CC0 (Викиданные)","confidence":"ok"}},{"type":"Feature","id":"repressions:df48fdab5cb8","geometry":{"type":"Point","coordinates":[20.47073,49.91215]},"properties":{"uid":"repressions:df48fdab5cb8","layer":"repressions","layer_title":"Места репрессий и спецпоселений","group":"hardship","title":"pawilon więzienny II w Leksandrowej","category":"тюрьма","place_text":"Leksandrowa","region":"Leksandrowa","date_precision":"unknown","date_approx":false,"url":"https://www.wikidata.org/wiki/Q122187287","source":"Викиданные","source_id":"Q122187287","license":"CC0 (Викиданные)","confidence":"ok"}},{"type":"Feature","id":"repressions:bdb41bed7c8e","geometry":{"type":"Point","coordinates":[20.4714,49.91274]},"properties":{"uid":"repressions:bdb41bed7c8e","layer":"repressions","layer_title":"Места репрессий и спецпоселений","group":"hardship","title":"pawilon więzienny V w Leksandrowej","category":"тюрьма","place_text":"Leksandrowa","region":"Leksandrowa","date_precision":"unknown","date_approx":false,"url":"https://www.wikidata.org/wiki/Q122187290","source":"Викиданные","source_id":"Q122187290","license":"CC0 (Викиданные)","confidence":"ok"}},{"type":"Feature","id":"repressions:6f38ad7a5320","geometry":{"type":"Point","coordinates":[20.47151,49.91239]},"properties":{"uid":"repressions:6f38ad7a5320","layer":"repressions","layer_title":"Места репрессий и спецпоселений","group":"hardship","title":"pawilon więzienny VI w Leksandrowej","category":"тюрьма","place_text":"Leksandrowa","region":"Leksandrowa","date_precision":"unknown","date_approx":false,"url":"https://www.wikidata.org/wiki/Q122187291","source":"Викиданные","source_id":"Q122187291","license":"CC0 (Викиданные)","confidence":"ok"}},{"type":"Feature","id":"repressions:a685e4e24e2e","geometry":{"type":"Point","coordinates":[20.47016,49.9124]},"properties":{"uid":"repressions:a685e4e24e2e","layer":"repressions","layer_title":"Места репрессий и спецпоселений","group":"hardship","title":"pawilon więzienny III w Leksandrowej","category":"тюрьма","place_text":"Leksandrowa","region":"Leksandrowa","date_precision":"unknown","date_approx":false,"url":"https://www.wikidata.org/wiki/Q122187288","source":"Викиданные","source_id":"Q122187288","license":"CC0 (Викиданные)","confidence":"ok"}},{"type":"Feature","id":"repressions:b705824e975f","geometry":{"type":"Point","coordinates":[19.178333,50.035833]},"properties":{"uid":"repressions:b705824e975f","layer":"repressions","layer_title":"Места репрессий и спецпоселений","group":"hardship","title":"концлагерь Освенцим","category":"музей","place_text":"Освенцимский повет","region":"Освенцимский повет","year_from":1940,"year_to":1945,"date_precision":"year","date_approx":false,"period_raw":"1940–1945","summary":"комплекс немецких концентрационных лагерей и лагерей смерти","url":"https://ru.wikipedia.org/wiki/%D0%9E%D1%81%D0%B2%D0%B5%D0%BD%D1%86%D0%B8%D0%BC","image_url":"http://commons.wikimedia.org/wiki/Special:FilePath/Birkenau%20m%C3%BAzeum%20-%20panoramio%20%28cropped%29.jpg","source":"Викиданные","source_id":"Q7341","license":"CC0 (Викиданные)","confidence":"ok"}},{"type":"Feature","id":"repressions:dd0ff37383b2","geometry":{"type":"Point","coordinates":[27.022445,62.293305]},"properties":{"uid":"repressions:dd0ff37383b2","layer":"repressions","layer_title":"Места репрессий и спецпоселений","group":"hardship","title":"Лагерь для военнопленных Наараярви","category":"лагерь для военнопленных","place_text":"Пиексямяки","region":"Пиексямяки","year_from":1941,"year_to":1944,"date_precision":"year","date_approx":false,"period_raw":"1941–1944","summary":"финский лагерь для военнопленных во время советско-финской войны 1941—1944 годов","url":"https://ru.wikipedia.org/wiki/%D0%9B%D0%B0%D0%B3%D0%B5%D1%80%D1%8C_%D0%B4%D0%BB%D1%8F_%D0%B2%D0%BE%D0%B5%D0%BD%D0%BD%D0%BE%D0%BF%D0%BB%D0%B5%D0%BD%D0%BD%D1%8B%D1%85_%D0%9D%D0%B0%D0%B0%D1%80%D0%B0%D1%8F%D1%80%D0%B2%D0%B8","image_url":"http://commons.wikimedia.org/wiki/Special:FilePath/Leirin%20alue2.jpg","source":"Викиданные","source_id":"Q18691333","license":"CC0 (Викиданные)","confidence":"ok"}}]}