{"type":"FeatureCollection","name":"Населённые места: год основания","crs":{"type":"name","properties":{"name":"urn:ogc:def:crs:OGC:1.3/CRS84"}},"features":[{"type":"Feature","id":"settlements_wd:9559334a3568","geometry":{"type":"Point","coordinates":[18.516667,52.633333]},"properties":{"uid":"settlements_wd:9559334a3568","layer":"settlements_wd","layer_title":"Населённые места: год основания","group":"admin","title":"Радзеюв","category":"городская гмина","place_text":"Радзеювский повят","region":"Радзеювский повят","year_from":1252,"year_to":1960,"date_precision":"open","date_approx":true,"period_raw":"с 1252","summary":"город в Радзеювском повяте Куявско-Поморского воеводства Польши","url":"https://ru.wikipedia.org/wiki/%D0%A0%D0%B0%D0%B4%D0%B7%D0%B5%D1%8E%D0%B2","image_url":"http://commons.wikimedia.org/wiki/Special:FilePath/Radziejow3%20DSC0997.JPG","source":"Викиданные","source_id":"Q324875","license":"CC0 (Викиданные)","confidence":"ok"}},{"type":"Feature","id":"settlements_wd:c889a0e6a8b6","geometry":{"type":"Point","coordinates":[20.606944,49.967778]},"properties":{"uid":"settlements_wd:c889a0e6a8b6","layer":"settlements_wd","layer_title":"Населённые места: год основания","group":"admin","title":"Бжеско","category":"город","place_text":"Бжеско","region":"Бжеско","year_from":1385,"year_to":1960,"date_precision":"open","date_approx":true,"period_raw":"с 1385","summary":"город в Польше, входит в Малопольское воеводство, Бжеский повят","url":"https://ru.wikipedia.org/wiki/%D0%91%D0%B6%D0%B5%D1%81%D0%BA%D0%BE","image_url":"http://commons.wikimedia.org/wiki/Special:FilePath/Statue%20of%20Saint%20Florian%2C%20Market%20Square%20in%20Brzesko%2C%20Poland%2C%202023%2C%2003.jpg","source":"Викиданные","source_id":"Q324884","license":"CC0 (Викиданные)","confidence":"ok"}},{"type":"Feature","id":"settlements_wd:b8c2247bca44","geometry":{"type":"Point","coordinates":[21.166667,50.560556]},"properties":{"uid":"settlements_wd:b8c2247bca44","layer":"settlements_wd","layer_title":"Населённые места: год основания","group":"admin","title":"Сташув","category":"город","place_text":"Сташув","region":"Сташув","year_from":1245,"year_to":1960,"date_precision":"open","date_approx":true,"period_raw":"с 1245","summary":"город в Польше, админ. центр Сташувского повята Свентокшиского воеводства","url":"https://ru.wikipedia.org/wiki/%D0%A1%D1%82%D0%B0%D1%88%D1%83%D0%B2","image_url":"http://commons.wikimedia.org/wiki/Special:FilePath/Ko%C5%9Bci%C3%B3%C5%82%20%C5%9Bw%20Bart%C5%82omieja%20Stasz%C3%B3w%202013%2005.jpg","source":"Викиданные","source_id":"Q324892","license":"CC0 (Викиданные)","confidence":"ok"}},{"type":"Feature","id":"settlements_wd:e86e6e6d15c4","geometry":{"type":"Point","coordinates":[29.683333,49.733333]},"properties":{"uid":"settlements_wd:e86e6e6d15c4","layer":"settlements_wd","layer_title":"Населённые места: год основания","group":"admin","title":"Сквира","category":"город Украины","place_text":"Сквирская городская община","region":"Сквирская городская община","year_from":1390,"year_to":1960,"date_precision":"open","date_approx":true,"period_raw":"с 1390","summary":"город в Белоцерковском районе Киевской области Украины","url":"https://ru.wikipedia.org/wiki/%D0%A1%D0%BA%D0%B2%D0%B8%D1%80%D0%B0","image_url":"http://commons.wikimedia.org/wiki/Special:FilePath/Skver%20Beis%20Hamedrash%2C%20Skvyra%2C%20Ukraine.JPG","source":"Викиданные","source_id":"Q70598","license":"CC0 (Викиданные)","confidence":"ok"}},{"type":"Feature","id":"settlements_wd:aeb03618fd3d","geometry":{"type":"Point","coordinates":[30.25,50.516667]},"properties":{"uid":"settlements_wd:aeb03618fd3d","layer":"settlements_wd","layer_title":"Населённые места: год основания","group":"admin","title":"Ирпень","category":"город Украины","place_text":"Киевская область","region":"Киевская область","year_from":1899,"year_to":1960,"date_precision":"open","date_approx":true,"period_raw":"с 1899","summary":"город в Бучанском районе Киевской области Украины","url":"https://ru.wikipedia.org/wiki/%D0%98%D1%80%D0%BF%D0%B5%D0%BD%D1%8C","image_url":"http://commons.wikimedia.org/wiki/Special:FilePath/Potik%201-20220625.jpg","source":"Викиданные","source_id":"Q71727","license":"CC0 (Викиданные)","confidence":"ok"}},{"type":"Feature","id":"settlements_wd:1d072adb1c14","geometry":{"type":"Point","coordinates":[18.216667,50.983333]},"properties":{"uid":"settlements_wd:1d072adb1c14","layer":"settlements_wd","layer_title":"Населённые места: год основания","group":"admin","title":"Ключборк","category":"город","place_text":"Ключборк","region":"Ключборк","year_from":1253,"year_to":1960,"date_precision":"open","date_approx":true,"period_raw":"с 1253","summary":"город в Польше, входит в Опольское воеводство, Ключборкский повят","url":"https://ru.wikipedia.org/wiki/%D0%9A%D0%BB%D1%8E%D1%87%D0%B1%D0%BE%D1%80%D0%BA","image_url":"http://commons.wikimedia.org/wiki/Special:FilePath/Ratusz%20w%20Kluczborku%2001%20-%20Fotopolska.eu.jpg","source":"Викиданные","source_id":"Q79322","license":"CC0 (Викиданные)","confidence":"ok"}},{"type":"Feature","id":"settlements_wd:530930ee0c4f","geometry":{"type":"Point","coordinates":[20.494167,53.78]},"properties":{"uid":"settlements_wd:530930ee0c4f","layer":"settlements_wd","layer_title":"Населённые места: год основания","group":"admin","title":"Ольштын","category":"город","place_text":"Варминско-Мазурское воеводство","region":"Варминско-Мазурское воеводство","year_from":1353,"year_to":1960,"date_precision":"open","date_approx":true,"period_raw":"с 1353","summary":"город в Польше, административный центр Варминьско-Мазурского воеводства","url":"https://ru.wikipedia.org/wiki/%D0%9E%D0%BB%D1%8C%D1%88%D1%82%D1%8B%D0%BD","image_url":"http://commons.wikimedia.org/wiki/Special:FilePath/Zamek%20Olsztyn%20%282%29.jpg","source":"Викиданные","source_id":"Q82765","license":"CC0 (Викиданные)","confidence":"ok"}},{"type":"Feature","id":"settlements_wd:85c87150ec74","geometry":{"type":"Point","coordinates":[19.4,50.133333]},"properties":{"uid":"settlements_wd:85c87150ec74","layer":"settlements_wd","layer_title":"Населённые места: год основания","group":"admin","title":"Хшанув","category":"город","place_text":"Хшанув","region":"Хшанув","year_from":1393,"year_to":1960,"date_precision":"open","date_approx":true,"period_raw":"с 1393","summary":"город в Польше, входит в Малопольское воеводство, Хшанувский повят","url":"https://ru.wikipedia.org/wiki/%D0%A5%D1%88%D0%B0%D0%BD%D1%83%D0%B2","image_url":"http://commons.wikimedia.org/wiki/Special:FilePath/Chrzanow%20rynek.jpg","source":"Викиданные","source_id":"Q93323","license":"CC0 (Викиданные)","confidence":"ok"}},{"type":"Feature","id":"settlements_wd:4df88f621c17","geometry":{"type":"Point","coordinates":[23.816667,53.666667]},"properties":{"uid":"settlements_wd:4df88f621c17","layer":"settlements_wd","layer_title":"Населённые места: год основания","group":"admin","title":"Гродно","category":"большой город","place_text":"Гродненская область","region":"Гродненская область","year_from":1000,"year_to":1960,"date_precision":"open","date_approx":true,"period_raw":"с 1000","summary":"город в Беларуси, центр Гродненской области и Гродненского района","url":"https://ru.wikipedia.org/wiki/%D0%93%D1%80%D0%BE%D0%B4%D0%BD%D0%BE","image_url":"http://commons.wikimedia.org/wiki/Special:FilePath/Horadnia%20%28Hrodna%29%2C%20Vilienskaja.%20%D0%93%D0%BE%D1%80%D0%B0%D0%B4%D0%BD%D1%8F%2C%20%D0%92%D1%96%D0%BB%D0%B5%D0%BD%D1%81%D0%BA%D0%B0%D1%8F%20%282021%29%2005.jpg","source":"Викиданные","source_id":"Q181376","license":"CC0 (Викиданные)","confidence":"ok"}},{"type":"Feature","id":"settlements_wd:a3509a4ba99e","geometry":{"type":"Point","coordinates":[28.186111,61.058333]},"properties":{"uid":"settlements_wd:a3509a4ba99e","layer":"settlements_wd","layer_title":"Населённые места: год основания","group":"admin","title":"Лаппеэнранта","category":"город","place_text":"Южная Карелия","region":"Южная Карелия","year_from":1649,"year_to":1960,"date_precision":"open","date_approx":true,"period_raw":"с 1649","summary":"город на юго-востоке Финляндии, административный центр области Южной Карелии","url":"https://ru.wikipedia.org/wiki/%D0%9B%D0%B0%D0%BF%D0%BF%D0%B5%D1%8D%D0%BD%D1%80%D0%B0%D0%BD%D1%82%D0%B0","image_url":"http://commons.wikimedia.org/wiki/Special:FilePath/Lappeenranta%20Stadt%20und%20See.jpg","source":"Викиданные","source_id":"Q181854","license":"CC0 (Викиданные)","confidence":"ok"}},{"type":"Feature","id":"settlements_wd:18b44b1a7e5c","geometry":{"type":"Point","coordinates":[43.970072,42.225661]},"properties":{"uid":"settlements_wd:18b44b1a7e5c","layer":"settlements_wd","layer_title":"Населённые места: год основания","group":"admin","title":"Цхинвал","category":"город","place_text":"Южная Осетия","region":"Южная Осетия","year_from":1398,"year_to":1960,"date_precision":"open","date_approx":true,"period_raw":"с 1398","summary":"город, столица частично признанной Республики Южная Осетия; город в регионе Шида Картли Грузии","url":"https://ru.wikipedia.org/wiki/%D0%A6%D1%85%D0%B8%D0%BD%D0%B2%D0%B0%D0%BB%D0%B8","image_url":"http://commons.wikimedia.org/wiki/Special:FilePath/%D0%93.%20%D0%A6%D1%85%D0%B8%D0%BD%D0%B2%D0%B0%D0%BB.jpg","source":"Викиданные","source_id":"Q79863","license":"CC0 (Викиданные)","confidence":"ok"}},{"type":"Feature","id":"settlements_wd:32e8bd06222b","geometry":{"type":"Point","coordinates":[26.516111,55.871389]},"properties":{"uid":"settlements_wd:32e8bd06222b","layer":"settlements_wd","layer_title":"Населённые места: год основания","group":"admin","title":"Даугавпилс","category":"государственный город Латвии","place_text":"Латвия","region":"Латвия","year_from":1275,"year_to":1960,"date_precision":"open","date_approx":true,"period_raw":"с 1275","summary":"государственный город в Латвии, второй по величине и значению","url":"https://ru.wikipedia.org/wiki/%D0%94%D0%B0%D1%83%D0%B3%D0%B0%D0%B2%D0%BF%D0%B8%D0%BB%D1%81","image_url":"http://commons.wikimedia.org/wiki/Special:FilePath/Daugavpils%20luter%C4%81%C5%86u%20bazn%C4%ABca%2001.JPG","source":"Викиданные","source_id":"Q80021","license":"CC0 (Викиданные)","confidence":"ok"}},{"type":"Feature","id":"settlements_wd:d9103b1315bc","geometry":{"type":"Point","coordinates":[45.011667,41.543611]},"properties":{"uid":"settlements_wd:d9103b1315bc","layer":"settlements_wd","layer_title":"Населённые места: год основания","group":"admin","title":"Рустави","category":"город","place_text":"Квемо-Картли","region":"Квемо-Картли","year_from":1948,"year_to":1960,"date_precision":"open","date_approx":true,"period_raw":"с 1948","summary":"город на юго-востоке Грузии, административный региона Квемо-Картли","url":"https://ru.wikipedia.org/wiki/%D0%A0%D1%83%D1%81%D1%82%D0%B0%D0%B2%D0%B8","image_url":"http://commons.wikimedia.org/wiki/Special:FilePath/Rustavi%20Square.JPG","source":"Викиданные","source_id":"Q182521","license":"CC0 (Викиданные)","confidence":"ok"}},{"type":"Feature","id":"settlements_wd:ee05d475a6fe","geometry":{"type":"Point","coordinates":[21.1,54.866667]},"properties":{"uid":"settlements_wd:ee05d475a6fe","layer":"settlements_wd","layer_title":"Населённые места: год основания","group":"admin","title":"Полесск","category":"город","place_text":"Полесское городское поселение","region":"Полесское городское поселение","year_from":1258,"year_to":1960,"date_precision":"open","date_approx":true,"period_raw":"с 1258","summary":"город в Полесском районе Калининградской области России","url":"https://ru.wikipedia.org/wiki/%D0%9F%D0%BE%D0%BB%D0%B5%D1%81%D1%81%D0%BA","image_url":"http://commons.wikimedia.org/wiki/Special:FilePath/%D0%93.%20%D0%9F%D0%BE%D0%BB%D0%B5%D1%81%D1%81%D0%BA%2C%20%D0%B7%D0%B0%D0%BC%D0%BE%D0%BA%20%D0%9B%D0%B0%D0%B1%D0%B8%D0%B0%D1%83.JPG","source":"Викиданные","source_id":"Q182892","license":"CC0 (Викиданные)","confidence":"ok"}},{"type":"Feature","id":"settlements_wd:f1937cf69c96","geometry":{"type":"Point","coordinates":[24.033333,54.6]},"properties":{"uid":"settlements_wd:f1937cf69c96","layer":"settlements_wd","layer_title":"Населённые места: год основания","group":"admin","title":"Бирштонас","category":"город","place_text":"Бирштонское самоуправление","region":"Бирштонское самоуправление","year_from":1382,"year_to":1960,"date_precision":"open","date_approx":true,"period_raw":"с 1382","summary":"город в Литве, административный центр Бирштонского самоуправления","url":"https://ru.wikipedia.org/wiki/%D0%91%D0%B8%D1%80%D1%88%D1%82%D0%BE%D0%BD%D0%B0%D1%81","image_url":"http://commons.wikimedia.org/wiki/Special:FilePath/Birstonas%20by%20air%201rhb.jpg","source":"Викиданные","source_id":"Q185555","license":"CC0 (Викиданные)","confidence":"ok"}},{"type":"Feature","id":"settlements_wd:487fa49546d4","geometry":{"type":"Point","coordinates":[29.763889,62.6]},"properties":{"uid":"settlements_wd:487fa49546d4","layer":"settlements_wd","layer_title":"Населённые места: год основания","group":"admin","title":"Йоэнсуу","category":"город","place_text":"Северная Карелия","region":"Северная Карелия","year_from":1848,"year_to":1960,"date_precision":"open","date_approx":true,"period_raw":"с 1848","summary":"город на востоке Финляндии, административный центр области Северной Карелии","url":"https://ru.wikipedia.org/wiki/%D0%99%D0%BE%D1%8D%D0%BD%D1%81%D1%83%D1%83","image_url":"http://commons.wikimedia.org/wiki/Special:FilePath/Joensuun%20p%C3%A4%C3%A4kirkko.jpg","source":"Викиданные","source_id":"Q186237","license":"CC0 (Викиданные)","confidence":"ok"}},{"type":"Feature","id":"settlements_wd:56586853b128","geometry":{"type":"Point","coordinates":[22.486111,58.253333]},"properties":{"uid":"settlements_wd:56586853b128","layer":"settlements_wd","layer_title":"Населённые места: год основания","group":"admin","title":"Курессааре","category":"город Эстонии","place_text":"Сааремаа","region":"Сааремаа","year_from":1154,"year_to":1960,"date_precision":"open","date_approx":true,"period_raw":"с 1154","summary":"город на западе Эстонии, центр Саареского уезда на острове Сааремаа в Балтийском море","url":"https://ru.wikipedia.org/wiki/%D0%9A%D1%83%D1%80%D0%B5%D1%81%D1%81%D0%B0%D0%B0%D1%80%D0%B5","image_url":"http://commons.wikimedia.org/wiki/Special:FilePath/Kuressaare%20linn%20ja%20sadam%202015.jpg","source":"Викиданные","source_id":"Q188179","license":"CC0 (Викиданные)","confidence":"ok"}},{"type":"Feature","id":"settlements_wd:b86078d4b498","geometry":{"type":"Point","coordinates":[24.498889,58.384444]},"properties":{"uid":"settlements_wd:b86078d4b498","layer":"settlements_wd","layer_title":"Населённые места: год основания","group":"admin","title":"Пярну","category":"ганзейский город","place_text":"Пярну","region":"Пярну","year_from":1251,"year_to":1960,"date_precision":"open","date_approx":true,"period_raw":"с 1251","summary":"портовый город на юго-западе Эстонии, центр Пярнуского уезда","url":"https://ru.wikipedia.org/wiki/%D0%9F%D1%8F%D1%80%D0%BD%D1%83","image_url":"http://commons.wikimedia.org/wiki/Special:FilePath/P%C3%A4rnu%20kesklinn%20-%20Aerial%20photo%20of%20P%C3%A4rnu%20in%20Estonia%20%282%29.jpg","source":"Викиданные","source_id":"Q102365","license":"CC0 (Викиданные)","confidence":"ok"}},{"type":"Feature","id":"settlements_wd:27be45a0a6ae","geometry":{"type":"Point","coordinates":[90.083333,52.65]},"properties":{"uid":"settlements_wd:27be45a0a6ae","layer":"settlements_wd","layer_title":"Населённые места: год основания","group":"admin","title":"Абаза","category":"город","place_text":"Хакасия","region":"Хакасия","year_from":1856,"year_to":1960,"date_precision":"open","date_approx":true,"period_raw":"с 1856","summary":"город в азиатской части России, на юге Сибири, в центральной Хакасии; расположен на р. Абакан","url":"https://ru.wikipedia.org/wiki/%D0%90%D0%B1%D0%B0%D0%B7%D0%B0_(%D0%B3%D0%BE%D1%80%D0%BE%D0%B4)","image_url":"http://commons.wikimedia.org/wiki/Special:FilePath/%D0%93%D0%BE%D1%80%D0%BE%D0%B4%20%D0%90%D0%B1%D0%B0%D0%B7%D0%B0.jpg","source":"Викиданные","source_id":"Q102469","license":"CC0 (Викиданные)","confidence":"ok"}},{"type":"Feature","id":"settlements_wd:c0625ca77eb5","geometry":{"type":"Point","coordinates":[85.166667,52.516667]},"properties":{"uid":"settlements_wd:c0625ca77eb5","layer":"settlements_wd","layer_title":"Населённые места: год основания","group":"admin","title":"Бийск","category":"большой город","place_text":"город Бийск","region":"город Бийск","year_from":1709,"year_to":1960,"date_precision":"open","date_approx":true,"period_raw":"с 1709","summary":"город в городском округе город Бийск Алтайского края России; административный центр Бийского района, в состав которого не входит","url":"https://ru.wikipedia.org/wiki/%D0%91%D0%B8%D0%B9%D1%81%D0%BA","image_url":"http://commons.wikimedia.org/wiki/Special:FilePath/Biysk%20-%20Sovetskaya%20Street.JPG","source":"Викиданные","source_id":"Q102667","license":"CC0 (Викиданные)","confidence":"ok"}},{"type":"Feature","id":"settlements_wd:17cfe7b3d1e1","geometry":{"type":"Point","coordinates":[22.514444,52.919167]},"properties":{"uid":"settlements_wd:17cfe7b3d1e1","layer":"settlements_wd","layer_title":"Населённые места: год основания","group":"admin","title":"Высоке-Мазовецке","category":"городская гмина","place_text":"Высокомазовецкий повят","region":"Высокомазовецкий повят","year_from":1492,"year_to":1960,"date_precision":"open","date_approx":true,"period_raw":"с 1492","summary":"город в Польше, входит в Подляское воеводство, Высокомазовецкий повят","url":"https://ru.wikipedia.org/wiki/%D0%92%D1%8B%D1%81%D0%BE%D0%BA%D0%B5-%D0%9C%D0%B0%D0%B7%D0%BE%D0%B2%D0%B5%D1%86%D0%BA%D0%B5","image_url":"http://commons.wikimedia.org/wiki/Special:FilePath/Wysmaz%20chrzciciel%20fc21.jpg","source":"Викиданные","source_id":"Q335580","license":"CC0 (Викиданные)","confidence":"ok"}},{"type":"Feature","id":"settlements_wd:18fbc8e02536","geometry":{"type":"Point","coordinates":[22.816389,49.95]},"properties":{"uid":"settlements_wd:18fbc8e02536","layer":"settlements_wd","layer_title":"Населённые места: год основания","group":"admin","title":"Радымно","category":"городская гмина","place_text":"Ярославский повят","region":"Ярославский повят","year_from":1366,"year_to":1960,"date_precision":"open","date_approx":true,"period_raw":"с 1366","summary":"город, входит в Ярославский повят Подкарпатское воеводство Польши","url":"https://ru.wikipedia.org/wiki/%D0%A0%D0%B0%D0%B4%D1%8B%D0%BC%D0%BD%D0%BE","image_url":"http://commons.wikimedia.org/wiki/Special:FilePath/Ko%C5%9Bci%C3%B3%C5%82%20w%20Radymnie.jpg","source":"Викиданные","source_id":"Q336217","license":"CC0 (Викиданные)","confidence":"ok"}},{"type":"Feature","id":"settlements_wd:04953167fe8e","geometry":{"type":"Point","coordinates":[21.683333,49.558333]},"properties":{"uid":"settlements_wd:04953167fe8e","layer":"settlements_wd","layer_title":"Населённые места: год основания","group":"admin","title":"Дукля","category":"город","place_text":"Дукля","region":"Дукля","year_from":1380,"year_to":1960,"date_precision":"open","date_approx":true,"period_raw":"с 1380","summary":"город в Польше, Подкарпатское воеводство, Кросненский повят, Дукля","url":"https://ru.wikipedia.org/wiki/%D0%94%D1%83%D0%BA%D0%BB%D1%8F_(%D0%B3%D0%BE%D1%80%D0%BE%D0%B4)","image_url":"http://commons.wikimedia.org/wiki/Special:FilePath/Dukla%20-%20pa%C5%82ac.jpg","source":"Викиданные","source_id":"Q336386","license":"CC0 (Викиданные)","confidence":"ok"}},{"type":"Feature","id":"settlements_wd:763054a0335c","geometry":{"type":"Point","coordinates":[22.4186,50.2655]},"properties":{"uid":"settlements_wd:763054a0335c","layer":"settlements_wd","layer_title":"Населённые места: год основания","group":"admin","title":"Лежайск","category":"городская гмина","place_text":"Лежайский повят","region":"Лежайский повят","year_from":1397,"year_to":1960,"date_precision":"open","date_approx":true,"period_raw":"с 1397","summary":"город в Польше, входит в Подкарпатское воеводство, Лежайский повет","url":"https://ru.wikipedia.org/wiki/%D0%9B%D0%B5%D0%B6%D0%B0%D0%B9%D1%81%D0%BA","image_url":"http://commons.wikimedia.org/wiki/Special:FilePath/Ratusz%20-%20Lezajsk.jpg","source":"Викиданные","source_id":"Q614145","license":"CC0 (Викиданные)","confidence":"ok"}},{"type":"Feature","id":"settlements_wd:118b42006e65","geometry":{"type":"Point","coordinates":[31.311944,47.5725]},"properties":{"uid":"settlements_wd:118b42006e65","layer":"settlements_wd","layer_title":"Населённые места: год основания","group":"admin","title":"Вознесенск","category":"город Украины","place_text":"Вознесенская городская община","region":"Вознесенская городская община","year_from":1795,"year_to":1960,"date_precision":"open","date_approx":true,"period_raw":"с 1795","summary":"город в Николаевской области Украины, адм. центр Вознесенского района","url":"https://ru.wikipedia.org/wiki/%D0%92%D0%BE%D0%B7%D0%BD%D0%B5%D1%81%D0%B5%D0%BD%D1%81%D0%BA","image_url":"http://commons.wikimedia.org/wiki/Special:FilePath/%D0%90%D0%BB%D1%8C%D1%82%D0%B0%D0%BD%D0%BA%D0%B0%20%D1%83%20%D0%92%D0%BE%D0%B7%D0%BD%D0%B5%D1%81%D0%B5%D0%BD%D1%81%D1%8C%D0%BA%D1%83.jpg","source":"Викиданные","source_id":"Q615451","license":"CC0 (Викиданные)","confidence":"ok"}},{"type":"Feature","id":"settlements_wd:e87411e7a340","geometry":{"type":"Point","coordinates":[26.692778,57.539167]},"properties":{"uid":"settlements_wd:e87411e7a340","layer":"settlements_wd","layer_title":"Населённые места: год основания","group":"admin","title":"Апе","category":"город под муниципальной юрисдикцией Латвии","place_text":"Смилтенский край","region":"Смилтенский край","year_from":1928,"year_to":1960,"date_precision":"open","date_approx":true,"period_raw":"с 1928","summary":"город в Латвии","url":"https://ru.wikipedia.org/wiki/%D0%90%D0%BF%D0%B5","image_url":"http://commons.wikimedia.org/wiki/Special:FilePath/Ape%20centrs.JPG","source":"Викиданные","source_id":"Q618119","license":"CC0 (Викиданные)","confidence":"ok"}},{"type":"Feature","id":"settlements_wd:f37791bf8a1d","geometry":{"type":"Point","coordinates":[76.916667,52.033333]},"properties":{"uid":"settlements_wd:f37791bf8a1d","layer":"settlements_wd","layer_title":"Населённые места: год основания","group":"admin","title":"Аксу","category":"город","place_text":"Аксу","region":"Аксу","year_from":1899,"year_to":1960,"date_precision":"open","date_approx":true,"period_raw":"с 1899","summary":"город в Павлодарской области Казахстана","url":"https://ru.wikipedia.org/wiki/%D0%90%D0%BA%D1%81%D1%83_(%D0%B3%D0%BE%D1%80%D0%BE%D0%B4,_%D0%9F%D0%B0%D0%B2%D0%BB%D0%BE%D0%B4%D0%B0%D1%80%D1%81%D0%BA%D0%B0%D1%8F_%D0%BE%D0%B1%D0%BB%D0%B0%D1%81%D1%82%D1%8C)","source":"Викиданные","source_id":"Q622780","license":"CC0 (Викиданные)","confidence":"ok"}},{"type":"Feature","id":"settlements_wd:8946485a296e","geometry":{"type":"Point","coordinates":[23.15352,56.968789]},"properties":{"uid":"settlements_wd:8946485a296e","layer":"settlements_wd","layer_title":"Населённые места: год основания","group":"admin","title":"Тукумс","category":"город под муниципальной юрисдикцией Латвии","place_text":"Тукумский край","region":"Тукумский край","year_from":1795,"year_to":1960,"date_precision":"open","date_approx":true,"period_raw":"с 1795","summary":"город в Латвии","url":"https://ru.wikipedia.org/wiki/%D0%A2%D1%83%D0%BA%D1%83%D0%BC%D1%81","image_url":"http://commons.wikimedia.org/wiki/Special:FilePath/Tukums%20%2837%29.jpg","source":"Викиданные","source_id":"Q636935","license":"CC0 (Викиданные)","confidence":"ok"}},{"type":"Feature","id":"settlements_wd:4bb3e938e3ef","geometry":{"type":"Point","coordinates":[68.7833,40.5153]},"properties":{"uid":"settlements_wd:4bb3e938e3ef","layer":"settlements_wd","layer_title":"Населённые места: год основания","group":"admin","title":"Гулистан","category":"город","place_text":"Сырдарьинская область","region":"Сырдарьинская область","year_from":1801,"year_to":1960,"date_precision":"open","date_approx":true,"period_raw":"с 1801","summary":"город, административный центр Сырдарьинской области Узбекистана","url":"https://ru.wikipedia.org/wiki/%D0%93%D1%83%D0%BB%D0%B8%D1%81%D1%82%D0%B0%D0%BD","image_url":"http://commons.wikimedia.org/wiki/Special:FilePath/%D0%93%D0%BE%D1%80%D0%BE%D0%B4%20%D0%93%D1%83%D0%BB%D0%B8%D1%81%D1%82%D0%B0%D0%BD.jpg","source":"Викиданные","source_id":"Q609649","license":"CC0 (Викиданные)","confidence":"ok"}},{"type":"Feature","id":"settlements_wd:f6a0414f90a2","geometry":{"type":"Point","coordinates":[34.616725,47.648017]},"properties":{"uid":"settlements_wd:f6a0414f90a2","layer":"settlements_wd","layer_title":"Населённые места: год основания","group":"admin","title":"Марганец","category":"город областного значения Украины","place_text":"Никопольский район","region":"Никопольский район","year_from":1938,"year_to":1960,"date_precision":"open","date_approx":true,"period_raw":"с 1938","summary":"город в Никопольском районе Днепропетровской области Украины,","url":"https://ru.wikipedia.org/wiki/%D0%9C%D0%B0%D1%80%D0%B3%D0%B0%D0%BD%D0%B5%D1%86_(%D0%B3%D0%BE%D1%80%D0%BE%D0%B4)","image_url":"http://commons.wikimedia.org/wiki/Special:FilePath/%D0%93%D1%80%D1%83%D0%BF%D0%B0%20%D0%BC%D0%BE%D0%B3%D0%B8%D0%BB%20%D0%BF%D0%B0%D1%80%D1%82%D0%B8%D0%B7%D0%B0%D0%BD.JPG","source":"Викиданные","source_id":"Q610813","license":"CC0 (Викиданные)","confidence":"ok"}},{"type":"Feature","id":"settlements_wd:12c9924ae9e4","geometry":{"type":"Point","coordinates":[38.945278,48.121389]},"properties":{"uid":"settlements_wd:12c9924ae9e4","layer":"settlements_wd","layer_title":"Населённые места: год основания","group":"admin","title":"Красный Луч","category":"город Украины","place_text":"Khrustalnyi urban hromada","region":"Khrustalnyi urban hromada","year_from":1895,"year_to":1960,"date_precision":"open","date_approx":true,"period_raw":"с 1895","summary":"город в Луганской области, Украина","url":"https://ru.wikipedia.org/wiki/%D0%9A%D1%80%D0%B0%D1%81%D0%BD%D1%8B%D0%B9_%D0%9B%D1%83%D1%87_(%D0%B3%D0%BE%D1%80%D0%BE%D0%B4)","image_url":"http://commons.wikimedia.org/wiki/Special:FilePath/Executive%20Committee%20building%20in%20Khrustalnyi.jpg","source":"Викиданные","source_id":"Q612773","license":"CC0 (Викиданные)","confidence":"ok"}},{"type":"Feature","id":"settlements_wd:97090e7fd4e8","geometry":{"type":"Point","coordinates":[52.369653,55.714852]},"properties":{"uid":"settlements_wd:97090e7fd4e8","layer":"settlements_wd","layer_title":"Населённые места: год основания","group":"admin","title":"Набережные Челны","category":"большой город","place_text":"Татарстан","region":"Татарстан","year_from":1626,"year_to":1960,"date_precision":"open","date_approx":true,"period_raw":"с 1626","summary":"город в Татарстане, Россия","url":"https://ru.wikipedia.org/wiki/%D0%9D%D0%B0%D0%B1%D0%B5%D1%80%D0%B5%D0%B6%D0%BD%D1%8B%D0%B5_%D0%A7%D0%B5%D0%BB%D0%BD%D1%8B","image_url":"http://commons.wikimedia.org/wiki/Special:FilePath/Naberezhnye%20Tchelny%201.JPG","source":"Викиданные","source_id":"Q95041","license":"CC0 (Викиданные)","confidence":"ok"}},{"type":"Feature","id":"settlements_wd:bc5367d5cf71","geometry":{"type":"Point","coordinates":[59.033333,53.383333]},"properties":{"uid":"settlements_wd:bc5367d5cf71","layer":"settlements_wd","layer_title":"Населённые места: год основания","group":"admin","title":"Магнитогорск","category":"населённый пункт","place_text":"Челябинская область","region":"Челябинская область","year_from":1929,"year_to":1960,"date_precision":"open","date_approx":true,"period_raw":"с 1929","summary":"второй по величине город в Челябинской области","url":"https://ru.wikipedia.org/wiki/%D0%9C%D0%B0%D0%B3%D0%BD%D0%B8%D1%82%D0%BE%D0%B3%D0%BE%D1%80%D1%81%D0%BA","image_url":"http://commons.wikimedia.org/wiki/Special:FilePath/Magnitogorsk%20-%20%D0%9F%D1%80%D0%B0%D0%B2%D0%BE%D0%B1%D0%B5%D1%80%D0%B5%D0%B6%D0%BD%D1%8B%D0%B9%20%D1%80%D0%B0%D0%B9%D0%BE%D0%BD.jpg","source":"Викиданные","source_id":"Q95449","license":"CC0 (Викиданные)","confidence":"ok"}},{"type":"Feature","id":"settlements_wd:b6cd379c86ce","geometry":{"type":"Point","coordinates":[59.966667,57.916667]},"properties":{"uid":"settlements_wd:b6cd379c86ce","layer":"settlements_wd","layer_title":"Населённые места: год основания","group":"admin","title":"Нижний Тагил","category":"административно-территориальная единица России","place_text":"муниципальный округ Нижний Тагил","region":"муниципальный округ Нижний Тагил","year_from":1722,"year_to":1960,"date_precision":"open","date_approx":true,"period_raw":"с 1722","summary":"город в Свердловской области России","url":"https://ru.wikipedia.org/wiki/%D0%9D%D0%B8%D0%B6%D0%BD%D0%B8%D0%B9_%D0%A2%D0%B0%D0%B3%D0%B8%D0%BB","image_url":"http://commons.wikimedia.org/wiki/Special:FilePath/Demidov%20Plaza%20Hotel%20-%203.jpg","source":"Викиданные","source_id":"Q98967","license":"CC0 (Викиданные)","confidence":"ok"}},{"type":"Feature","id":"settlements_wd:ce98f8e18188","geometry":{"type":"Point","coordinates":[44.766667,48.783333]},"properties":{"uid":"settlements_wd:ce98f8e18188","layer":"settlements_wd","layer_title":"Населённые места: год основания","group":"admin","title":"Волжский","category":"большой город","place_text":"город Волжский","region":"город Волжский","year_from":1951,"year_to":1960,"date_precision":"open","date_approx":true,"period_raw":"с 1951","summary":"город в городском округе город Волжский Волгоградской области России","url":"https://ru.wikipedia.org/wiki/%D0%92%D0%BE%D0%BB%D0%B6%D1%81%D0%BA%D0%B8%D0%B9","image_url":"http://commons.wikimedia.org/wiki/Special:FilePath/Vlz%20newpart.jpg","source":"Викиданные","source_id":"Q98995","license":"CC0 (Викиданные)","confidence":"ok"}},{"type":"Feature","id":"settlements_wd:34f69742fa5a","geometry":{"type":"Point","coordinates":[28.096944,50.052778]},"properties":{"uid":"settlements_wd:34f69742fa5a","layer":"settlements_wd","layer_title":"Населённые места: год основания","group":"admin","title":"Чуднов","category":"город Украины","place_text":"Чудновский район","region":"Чудновский район","year_from":1416,"year_to":1960,"date_precision":"open","date_approx":true,"period_raw":"с 1416","summary":"город в Житомирском районе Житомирской области Украины","url":"https://ru.wikipedia.org/wiki/%D0%A7%D1%83%D0%B4%D0%BD%D0%BE%D0%B2","image_url":"http://commons.wikimedia.org/wiki/Special:FilePath/%D0%A7%D1%83%D0%B4%D0%BD%D1%96%D0%B2.jpg","source":"Викиданные","source_id":"Q149271","license":"CC0 (Викиданные)","confidence":"ok"}},{"type":"Feature","id":"settlements_wd:01789f790b8c","geometry":{"type":"Point","coordinates":[61.616667,55.1]},"properties":{"uid":"settlements_wd:01789f790b8c","layer":"settlements_wd","layer_title":"Населённые места: год основания","group":"admin","title":"Копейск","category":"большой город","place_text":"Челябинская область","region":"Челябинская область","year_from":1907,"year_to":1960,"date_precision":"open","date_approx":true,"period_raw":"с 1907","summary":"город в Челябинской области России","url":"https://ru.wikipedia.org/wiki/%D0%9A%D0%BE%D0%BF%D0%B5%D0%B9%D1%81%D0%BA","image_url":"http://commons.wikimedia.org/wiki/Special:FilePath/Administration%20of%20Kopeysk.jpg","source":"Викиданные","source_id":"Q155148","license":"CC0 (Викиданные)","confidence":"ok"}},{"type":"Feature","id":"settlements_wd:ac30b99cf66d","geometry":{"type":"Point","coordinates":[21.97,56.967222]},"properties":{"uid":"settlements_wd:ac30b99cf66d","layer":"settlements_wd","layer_title":"Населённые места: год основания","group":"admin","title":"Кулдига","category":"ганзейский город","place_text":"Кулдигский край","region":"Кулдигский край","year_from":1378,"year_to":1960,"date_precision":"open","date_approx":true,"period_raw":"с 1378","summary":"город на западе Латвии, административный центр Кулдигского края","url":"https://ru.wikipedia.org/wiki/%D0%9A%D1%83%D0%BB%D0%B4%D0%B8%D0%B3%D0%B0","image_url":"http://commons.wikimedia.org/wiki/Special:FilePath/Kuld%C4%ABga%2C%20Kurzeme%2C%20Latvija.jpg","source":"Викиданные","source_id":"Q155281","license":"CC0 (Викиданные)","confidence":"ok"}},{"type":"Feature","id":"settlements_wd:2e9307b7ae4b","geometry":{"type":"Point","coordinates":[28.35,49.083333]},"properties":{"uid":"settlements_wd:2e9307b7ae4b","layer":"settlements_wd","layer_title":"Населённые места: год основания","group":"admin","title":"Гнивань","category":"посёлок городского типа Украины","place_text":"Тывровский район","region":"Тывровский район","year_from":1629,"year_to":1960,"date_precision":"open","date_approx":true,"period_raw":"с 1629","summary":"город в Винницком районе Винницкой области Украины","url":"https://ru.wikipedia.org/wiki/%D0%93%D0%BD%D0%B8%D0%B2%D0%B0%D0%BD%D1%8C","image_url":"http://commons.wikimedia.org/wiki/Special:FilePath/Hniwa%C5%84%20DSC%207693.JPG","source":"Викиданные","source_id":"Q155330","license":"CC0 (Викиданные)","confidence":"ok"}},{"type":"Feature","id":"settlements_wd:d8c770c1dd5d","geometry":{"type":"Point","coordinates":[19.75,51.8]},"properties":{"uid":"settlements_wd:d8c770c1dd5d","layer":"settlements_wd","layer_title":"Населённые места: год основания","group":"admin","title":"Бжезины","category":"городская гмина","place_text":"Бжезинский повет","region":"Бжезинский повет","year_from":1201,"year_to":1960,"date_precision":"open","date_approx":true,"period_raw":"с 1201","summary":"Небольшой город в Польше, входит в Лодзинское воеводство, Бжезинский повят","url":"https://ru.wikipedia.org/wiki/%D0%91%D0%B6%D0%B5%D0%B7%D0%B8%D0%BD%D1%8B","image_url":"http://commons.wikimedia.org/wiki/Special:FilePath/Market%20Square%2C%20Brzeziny%20%284%29.jpg","source":"Викиданные","source_id":"Q324917","license":"CC0 (Викиданные)","confidence":"ok"}},{"type":"Feature","id":"settlements_wd:f7d422546d05","geometry":{"type":"Point","coordinates":[18.93674,50.90081]},"properties":{"uid":"settlements_wd:f7d422546d05","layer":"settlements_wd","layer_title":"Населённые места: год основания","group":"admin","title":"Клобуцк","category":"город","place_text":"Клобуцк","region":"Клобуцк","year_from":1257,"year_to":1960,"date_precision":"open","date_approx":true,"period_raw":"с 1257","summary":"город в малопольской части Силезского воеводства, Польша","url":"https://ru.wikipedia.org/wiki/%D0%9A%D0%BB%D0%BE%D0%B1%D1%83%D1%86%D0%BA","image_url":"http://commons.wikimedia.org/wiki/Special:FilePath/Rynek%20K%C5%82obuck%20Panorama.jpg","source":"Викиданные","source_id":"Q324934","license":"CC0 (Викиданные)","confidence":"ok"}},{"type":"Feature","id":"settlements_wd:95d7301288f9","geometry":{"type":"Point","coordinates":[20.983333,50.175]},"properties":{"uid":"settlements_wd:95d7301288f9","layer":"settlements_wd","layer_title":"Населённые места: год основания","group":"admin","title":"Домброва-Тарновска","category":"город","place_text":"Домброва-Тарновска","region":"Домброва-Тарновска","year_from":1442,"year_to":1960,"date_precision":"open","date_approx":true,"period_raw":"с 1442","summary":"город в Польше","url":"https://ru.wikipedia.org/wiki/%D0%94%D0%BE%D0%BC%D0%B1%D1%80%D0%BE%D0%B2%D0%B0-%D0%A2%D0%B0%D1%80%D0%BD%D0%BE%D0%B2%D1%81%D0%BA%D0%B0","image_url":"http://commons.wikimedia.org/wiki/Special:FilePath/City%20view%20from%20Dabrowa%20Tarnowska%20%281%29.jpg","source":"Викиданные","source_id":"Q324971","license":"CC0 (Викиданные)","confidence":"ok"}},{"type":"Feature","id":"settlements_wd:227e5059c28e","geometry":{"type":"Point","coordinates":[27.273611,61.6875]},"properties":{"uid":"settlements_wd:227e5059c28e","layer":"settlements_wd","layer_title":"Населённые места: год основания","group":"admin","title":"Миккели","category":"город","place_text":"Южное Саво","region":"Южное Саво","year_from":1838,"year_to":1960,"date_precision":"open","date_approx":true,"period_raw":"с 1838","summary":"город на юго-востоке Финляндии, административный центр области Южного Саво","url":"https://ru.wikipedia.org/wiki/%D0%9C%D0%B8%D0%BA%D0%BA%D0%B5%D0%BB%D0%B8","image_url":"http://commons.wikimedia.org/wiki/Special:FilePath/Mikkeli%20-%20Mikkeli%20Cathedral%20-%2020180122122236.jpg","source":"Викиданные","source_id":"Q190583","license":"CC0 (Викиданные)","confidence":"ok"}},{"type":"Feature","id":"settlements_wd:409face91035","geometry":{"type":"Point","coordinates":[24.933333,54.633333]},"properties":{"uid":"settlements_wd:409face91035","layer":"settlements_wd","layer_title":"Населённые места: год основания","group":"admin","title":"Тракай","category":"город","place_text":"Тракайское районное самоуправление","region":"Тракайское районное самоуправление","year_from":1409,"year_to":1960,"date_precision":"open","date_approx":true,"period_raw":"с 1409","summary":"город в Литве, административный центр Тра́кайского района","url":"https://ru.wikipedia.org/wiki/%D0%A2%D1%80%D0%B0%D0%BA%D0%B0%D0%B9","image_url":"http://commons.wikimedia.org/wiki/Special:FilePath/Trakai-bridge.jpg","source":"Викиданные","source_id":"Q191015","license":"CC0 (Викиданные)","confidence":"ok"}},{"type":"Feature","id":"settlements_wd:db8788adef39","geometry":{"type":"Point","coordinates":[23.536944,58.946944]},"properties":{"uid":"settlements_wd:db8788adef39","layer":"settlements_wd","layer_title":"Населённые места: год основания","group":"admin","title":"Хаапсалу","category":"город Эстонии","place_text":"Хаапсалу","region":"Хаапсалу","year_from":1279,"year_to":1960,"date_precision":"open","date_approx":true,"period_raw":"с 1279","summary":"город на западе Эстонии, центр уезда Ляэнемаа","url":"https://ru.wikipedia.org/wiki/%D0%A5%D0%B0%D0%B0%D0%BF%D1%81%D0%B0%D0%BB%D1%83","image_url":"http://commons.wikimedia.org/wiki/Special:FilePath/Haapsalu%20sadamad%202015.jpg","source":"Викиданные","source_id":"Q191106","license":"CC0 (Викиданные)","confidence":"ok"}},{"type":"Feature","id":"settlements_wd:a01a9e7d5701","geometry":{"type":"Point","coordinates":[18.9628,50.2884]},"properties":{"uid":"settlements_wd:a01a9e7d5701","layer":"settlements_wd","layer_title":"Населённые места: год основания","group":"admin","title":"Хожув","category":"город","place_text":"Силезское воеводство","region":"Силезское воеводство","year_from":1257,"year_to":1960,"date_precision":"open","date_approx":true,"period_raw":"с 1257","summary":"город в Польше","url":"https://ru.wikipedia.org/wiki/%D0%A5%D0%BE%D0%B6%D1%83%D0%B2","image_url":"http://commons.wikimedia.org/wiki/Special:FilePath/Chorzow%20poczta2.jpg","source":"Викиданные","source_id":"Q104302","license":"CC0 (Викиданные)","confidence":"ok"}},{"type":"Feature","id":"settlements_wd:b41e05d70a43","geometry":{"type":"Point","coordinates":[19.406111,51.856389]},"properties":{"uid":"settlements_wd:b41e05d70a43","layer":"settlements_wd","layer_title":"Населённые места: год основания","group":"admin","title":"Згеж","category":"городская гмина","place_text":"Згежский повят","region":"Згежский повят","year_from":1161,"year_to":1960,"date_precision":"open","date_approx":true,"period_raw":"с 1161","summary":"Город в Польше, административный центр Згежского повята","url":"https://ru.wikipedia.org/wiki/%D0%97%D0%B3%D0%B5%D0%B6","image_url":"http://commons.wikimedia.org/wiki/Special:FilePath/Ratusz%20miejski%20w%20Zgierzu%20-%20panoramio.jpg","source":"Викиданные","source_id":"Q104407","license":"CC0 (Викиданные)","confidence":"ok"}},{"type":"Feature","id":"settlements_wd:3da3120dca44","geometry":{"type":"Point","coordinates":[47.78392,52.03898]},"properties":{"uid":"settlements_wd:3da3120dca44","layer":"settlements_wd","layer_title":"Населённые места: год основания","group":"admin","title":"Балаково","category":"административно-территориальная единица России","place_text":"Муниципальное образование город Балаково","region":"Муниципальное образование город Балаково","year_from":1762,"year_to":1960,"date_precision":"open","date_approx":true,"period_raw":"с 1762","summary":"город в Саратовской области России","url":"https://ru.wikipedia.org/wiki/%D0%91%D0%B0%D0%BB%D0%B0%D0%BA%D0%BE%D0%B2%D0%BE","image_url":"http://commons.wikimedia.org/wiki/Special:FilePath/Balakovo%20panorama%20%28WR%29.tif","source":"Викиданные","source_id":"Q104560","license":"CC0 (Викиданные)","confidence":"ok"}},{"type":"Feature","id":"settlements_wd:cc085560bf6a","geometry":{"type":"Point","coordinates":[39.75,47.133333]},"properties":{"uid":"settlements_wd:cc085560bf6a","layer":"settlements_wd","layer_title":"Населённые места: год основания","group":"admin","title":"Батайск","category":"административно-территориальная единица России","place_text":"Ростовская область","region":"Ростовская область","year_from":1769,"year_to":1960,"date_precision":"open","date_approx":true,"period_raw":"с 1769","summary":"город в России","url":"https://ru.wikipedia.org/wiki/%D0%91%D0%B0%D1%82%D0%B0%D0%B9%D1%81%D0%BA","image_url":"http://commons.wikimedia.org/wiki/Special:FilePath/%D0%94%D0%9A%20%D0%B8%D0%BC.%20%D0%9B%D0%B5%D0%BD%D0%B8%D0%BD%D0%B0%20%D0%B8%20%D0%B0%D0%B4%D0%BC%D0%B8%D0%BD%D0%B8%D1%81%D1%82%D1%80%D0%B0%D1%86%D0%B8%D1%8F.%20%D0%9F%D0%B0%D1%80%D0%BA%2C%20%D1%86%D0%B5%D0%BD%D1%82%D1%80.%20-%20panoramio.jpg","source":"Викиданные","source_id":"Q104649","license":"CC0 (Викиданные)","confidence":"ok"}},{"type":"Feature","id":"settlements_wd:4d6071d540b2","geometry":{"type":"Point","coordinates":[53.65,53.683333]},"properties":{"uid":"settlements_wd:4d6071d540b2","layer":"settlements_wd","layer_title":"Населённые места: год основания","group":"admin","title":"Абдулино","category":"город","place_text":"Абдулинский муниципальный округ","region":"Абдулинский муниципальный округ","year_from":1795,"year_to":1960,"date_precision":"open","date_approx":true,"period_raw":"с 1795","summary":"город на юго-востоке европейской части России, на севере Оренбургской области; административный центр Абдулинского района","url":"https://ru.wikipedia.org/wiki/%D0%90%D0%B1%D0%B4%D1%83%D0%BB%D0%B8%D0%BD%D0%BE","image_url":"http://commons.wikimedia.org/wiki/Special:FilePath/Abdulino%20railway%20station.jpg","source":"Викиданные","source_id":"Q102682","license":"CC0 (Викиданные)","confidence":"ok"}},{"type":"Feature","id":"settlements_wd:bd73758fc694","geometry":{"type":"Point","coordinates":[29.85,48.333333]},"properties":{"uid":"settlements_wd:bd73758fc694","layer":"settlements_wd","layer_title":"Населённые места: год основания","group":"admin","title":"Гайворон","category":"посёлок городского типа","place_text":"Гайворонская городская община","region":"Гайворонская городская община","year_from":1800,"year_to":1960,"date_precision":"open","date_approx":true,"period_raw":"с 1800","summary":"город в Голованевском районе Кировоградской области Украины","url":"https://ru.wikipedia.org/wiki/%D0%93%D0%B0%D0%B9%D0%B2%D0%BE%D1%80%D0%BE%D0%BD","image_url":"http://commons.wikimedia.org/wiki/Special:FilePath/Haivoron%20Railway%20Station%202.jpg","source":"Викиданные","source_id":"Q591848","license":"CC0 (Викиданные)","confidence":"ok"}},{"type":"Feature","id":"settlements_wd:e68f912af927","geometry":{"type":"Point","coordinates":[31.526944,48.315556]},"properties":{"uid":"settlements_wd:e68f912af927","layer":"settlements_wd","layer_title":"Населённые места: год основания","group":"admin","title":"Новоукраинка","category":"город Украины","place_text":"Новоукраинский район","region":"Новоукраинский район","year_from":1770,"year_to":1960,"date_precision":"open","date_approx":true,"period_raw":"с 1770","summary":"город в Кировоградской области, адм. центр Новоукраинского района","url":"https://ru.wikipedia.org/wiki/%D0%9D%D0%BE%D0%B2%D0%BE%D1%83%D0%BA%D1%80%D0%B0%D0%B8%D0%BD%D0%BA%D0%B0_(%D0%B3%D0%BE%D1%80%D0%BE%D0%B4)","image_url":"http://commons.wikimedia.org/wiki/Special:FilePath/Novoukraiinka%20panorama.jpg","source":"Викиданные","source_id":"Q591863","license":"CC0 (Викиданные)","confidence":"ok"}},{"type":"Feature","id":"settlements_wd:ea9be0dc792c","geometry":{"type":"Point","coordinates":[31.633333,48.65]},"properties":{"uid":"settlements_wd:ea9be0dc792c","layer":"settlements_wd","layer_title":"Населённые места: год основания","group":"admin","title":"Малая Виска","category":"город Украины","place_text":"Маловысковская городская община","region":"Маловысковская городская община","year_from":1752,"year_to":1960,"date_precision":"open","date_approx":true,"period_raw":"с 1752","summary":"город в Новоукраинском районе Кировоградской области Украины","url":"https://ru.wikipedia.org/wiki/%D0%9C%D0%B0%D0%BB%D0%B0%D1%8F_%D0%92%D0%B8%D1%81%D0%BA%D0%B0","image_url":"http://commons.wikimedia.org/wiki/Special:FilePath/%D0%A1%D1%82%D0%B0%D0%BD%D1%86%D1%96%D1%8F%20%D0%92%D0%B8%D1%81%D0%BA%D0%B0.jpg","source":"Викиданные","source_id":"Q591872","license":"CC0 (Викиданные)","confidence":"ok"}},{"type":"Feature","id":"settlements_wd:c5eced247457","geometry":{"type":"Point","coordinates":[32.158056,48.057778]},"properties":{"uid":"settlements_wd:c5eced247457","layer":"settlements_wd","layer_title":"Населённые места: год основания","group":"admin","title":"Бобринец","category":"город Украины","place_text":"Кропивницкий район","region":"Кропивницкий район","year_from":1767,"year_to":1960,"date_precision":"open","date_approx":true,"period_raw":"с 1767","summary":"город в Кропивницком районе Кировоградской области Украины","url":"https://ru.wikipedia.org/wiki/%D0%91%D0%BE%D0%B1%D1%80%D0%B8%D0%BD%D0%B5%D1%86","image_url":"http://commons.wikimedia.org/wiki/Special:FilePath/%D0%91%D0%BE%D0%B1%D1%80%D0%B8%D0%BD%D0%B5%D1%86%D1%8C%20%D0%B2%D1%83%D0%BB.%20%D0%9C%D0%B8%D0%BA%D0%BE%D0%BB%D0%B0%D1%97%D0%B2%D1%81%D1%8C%D0%BA%D0%B0%2C%2076.jpg","source":"Викиданные","source_id":"Q591884","license":"CC0 (Викиданные)","confidence":"ok"}},{"type":"Feature","id":"settlements_wd:152acbca6fe9","geometry":{"type":"Point","coordinates":[34.302537,51.147398]},"properties":{"uid":"settlements_wd:152acbca6fe9","layer":"settlements_wd","layer_title":"Населённые места: год основания","group":"admin","title":"Белополье","category":"город Украины","place_text":"Сумский район","region":"Сумский район","year_from":1672,"year_to":1960,"date_precision":"open","date_approx":true,"period_raw":"с 1672","summary":"город в Сумской области Украины","url":"https://ru.wikipedia.org/wiki/%D0%91%D0%B5%D0%BB%D0%BE%D0%BF%D0%BE%D0%BB%D1%8C%D0%B5","image_url":"http://commons.wikimedia.org/wiki/Special:FilePath/%D0%91%D1%96%D0%BB%D0%BE%D0%BF%D1%96%D0%BB%D0%BB%D1%8F%20-%20%D0%9C%D0%B8%D1%85%D0%B0%D0%B9%D0%BB%D1%96%D0%B2%D1%81%D1%8C%D0%BA%D0%B0%20%D1%86%D0%B5%D1%80%D0%BA%D0%B2%D0%B0.JPG","source":"Викиданные","source_id":"Q591896","license":"CC0 (Викиданные)","confidence":"ok"}},{"type":"Feature","id":"settlements_wd:d9c01b282738","geometry":{"type":"Point","coordinates":[18.261111,52.795833]},"properties":{"uid":"settlements_wd:d9c01b282738","layer":"settlements_wd","layer_title":"Населённые места: год основания","group":"admin","title":"Иновроцлав","category":"город","place_text":"Иновроцлавский повят","region":"Иновроцлавский повят","year_from":1120,"year_to":1960,"date_precision":"open","date_approx":true,"period_raw":"с 1120","summary":"город в Польше, входит в Куявско-Поморское воеводство, Иновроцлавский повят","url":"https://ru.wikipedia.org/wiki/%D0%98%D0%BD%D0%BE%D0%B2%D1%80%D0%BE%D1%86%D0%BB%D0%B0%D0%B2","image_url":"http://commons.wikimedia.org/wiki/Special:FilePath/Uzdrowisko%20Inowroc%C5%82aw%20-%20Dywany%20kwiatowe.JPG","source":"Викиданные","source_id":"Q378821","license":"CC0 (Викиданные)","confidence":"ok"}},{"type":"Feature","id":"settlements_wd:897fe1fc7be6","geometry":{"type":"Point","coordinates":[69.046667,41.1125]},"properties":{"uid":"settlements_wd:897fe1fc7be6","layer":"settlements_wd","layer_title":"Населённые места: год основания","group":"admin","title":"Янгиюль","category":"город","place_text":"Янгиюльский район","region":"Янгиюльский район","year_from":1937,"year_to":1960,"date_precision":"open","date_approx":true,"period_raw":"с 1937","summary":"город в Ташкентской области Узбекистана","url":"https://ru.wikipedia.org/wiki/%D0%AF%D0%BD%D0%B3%D0%B8%D1%8E%D0%BB%D1%8C","image_url":"http://commons.wikimedia.org/wiki/Special:FilePath/Cinema%20in%20Yangiyol.JPG","source":"Викиданные","source_id":"Q384774","license":"CC0 (Викиданные)","confidence":"ok"}},{"type":"Feature","id":"settlements_wd:5207a7e6dde9","geometry":{"type":"Point","coordinates":[26.296667,55.978056]},"properties":{"uid":"settlements_wd:5207a7e6dde9","layer":"settlements_wd","layer_title":"Населённые места: год основания","group":"admin","title":"Илуксте","category":"город под муниципальной юрисдикцией Латвии","place_text":"Аугшдаугавский край","region":"Аугшдаугавский край","year_from":1917,"year_to":1960,"date_precision":"open","date_approx":true,"period_raw":"с 1917","summary":"город в Латвии","url":"https://ru.wikipedia.org/wiki/%D0%98%D0%BB%D1%83%D0%BA%D1%81%D1%82%D0%B5","image_url":"http://commons.wikimedia.org/wiki/Special:FilePath/Il%C5%ABkste%2C%20Il%C5%ABkstes%20pils%C4%93ta%2C%20Latvia%20-%20panoramio%20%282%29.jpg","source":"Викиданные","source_id":"Q580373","license":"CC0 (Викиданные)","confidence":"ok"}},{"type":"Feature","id":"settlements_wd:1f7a7ac4c8af","geometry":{"type":"Point","coordinates":[26.220556,56.854167]},"properties":{"uid":"settlements_wd:1f7a7ac4c8af","layer":"settlements_wd","layer_title":"Населённые места: год основания","group":"admin","title":"Мадона","category":"город под муниципальной юрисдикцией Латвии","place_text":"Мадонский край","region":"Мадонский край","year_from":1926,"year_to":1960,"date_precision":"open","date_approx":true,"period_raw":"с 1926","summary":"город в Латвии, административный центр Мадонского края","url":"https://ru.wikipedia.org/wiki/%D0%9C%D0%B0%D0%B4%D0%BE%D0%BD%D0%B0","image_url":"http://commons.wikimedia.org/wiki/Special:FilePath/Madona%20Stad.jpg","source":"Викиданные","source_id":"Q586048","license":"CC0 (Викиданные)","confidence":"ok"}},{"type":"Feature","id":"settlements_wd:89a74ddae7ba","geometry":{"type":"Point","coordinates":[45.366111,41.093333]},"properties":{"uid":"settlements_wd:89a74ddae7ba","layer":"settlements_wd","layer_title":"Населённые места: год основания","group":"admin","title":"Газах","category":"город","place_text":"Газахский район","region":"Газахский район","year_from":1909,"year_to":1960,"date_precision":"open","date_approx":true,"period_raw":"с 1909","summary":"город в Азербайджане, административный центр Газахского района","url":"https://ru.wikipedia.org/wiki/%D0%93%D0%B0%D0%B7%D0%B0%D1%85","image_url":"http://commons.wikimedia.org/wiki/Special:FilePath/Qazax%20mosque.jpg","source":"Викиданные","source_id":"Q586758","license":"CC0 (Викиданные)","confidence":"ok"}},{"type":"Feature","id":"settlements_wd:00f6a0281475","geometry":{"type":"Point","coordinates":[24.166667,50.733333]},"properties":{"uid":"settlements_wd:00f6a0281475","layer":"settlements_wd","layer_title":"Населённые места: год основания","group":"admin","title":"Нововолынск","category":"город областного значения Украины","place_text":"Волынская область","region":"Волынская область","year_from":1951,"year_to":1960,"date_precision":"open","date_approx":true,"period_raw":"с 1951","summary":"город в Волынской области Украины","url":"https://ru.wikipedia.org/wiki/%D0%9D%D0%BE%D0%B2%D0%BE%D0%B2%D0%BE%D0%BB%D1%8B%D0%BD%D1%81%D0%BA","image_url":"http://commons.wikimedia.org/wiki/Special:FilePath/%D0%9D%D0%BE%D0%B2%D0%BE%D0%B2%D0%BE%D0%BB%D0%B8%D0%BD%D1%81%D1%8C%D0%BA%2C%202020%2C%2001.jpg","source":"Викиданные","source_id":"Q591719","license":"CC0 (Викиданные)","confidence":"ok"}},{"type":"Feature","id":"settlements_wd:09f05e5955cb","geometry":{"type":"Point","coordinates":[142.766667,46.633333]},"properties":{"uid":"settlements_wd:09f05e5955cb","layer":"settlements_wd","layer_title":"Населённые места: год основания","group":"admin","title":"Корсаков","category":"портовый город","place_text":"Корсаковский муниципальный округ","region":"Корсаковский муниципальный округ","year_from":1853,"year_to":1960,"date_precision":"open","date_approx":true,"period_raw":"с 1853","summary":"город в Сахалинской области России","url":"https://ru.wikipedia.org/wiki/%D0%9A%D0%BE%D1%80%D1%81%D0%B0%D0%BA%D0%BE%D0%B2_(%D0%B3%D0%BE%D1%80%D0%BE%D0%B4)","image_url":"http://commons.wikimedia.org/wiki/Special:FilePath/Korsakov%2C%20Sakhalin%20Oblast%20%282022%29.jpg","source":"Викиданные","source_id":"Q155331","license":"CC0 (Викиданные)","confidence":"ok"}},{"type":"Feature","id":"settlements_wd:39c17cbc401d","geometry":{"type":"Point","coordinates":[39.916667,47.766667]},"properties":{"uid":"settlements_wd:39c17cbc401d","layer":"settlements_wd","layer_title":"Населённые места: год основания","group":"admin","title":"Новошахтинск","category":"административно-территориальная единица России","place_text":"Ростовская область","region":"Ростовская область","year_from":1936,"year_to":1960,"date_precision":"open","date_approx":true,"period_raw":"с 1936","summary":"город в России","url":"https://ru.wikipedia.org/wiki/%D0%9D%D0%BE%D0%B2%D0%BE%D1%88%D0%B0%D1%85%D1%82%D0%B8%D0%BD%D1%81%D0%BA","image_url":"http://commons.wikimedia.org/wiki/Special:FilePath/Novoshakhtinsk%20duma.jpg","source":"Викиданные","source_id":"Q155809","license":"CC0 (Викиданные)","confidence":"ok"}},{"type":"Feature","id":"settlements_wd:ff0f8583a5ad","geometry":{"type":"Point","coordinates":[24.016667,50.383333]},"properties":{"uid":"settlements_wd:ff0f8583a5ad","layer":"settlements_wd","layer_title":"Населённые места: год основания","group":"admin","title":"Белз","category":"город Украины","place_text":"Белзская городская община","region":"Белзская городская община","year_from":1030,"year_to":1960,"date_precision":"open","date_approx":true,"period_raw":"с 1030","summary":"город во Львовской области Украины","url":"https://ru.wikipedia.org/wiki/%D0%91%D0%B5%D0%BB%D0%B7","image_url":"http://commons.wikimedia.org/wiki/Special:FilePath/%D0%A0%D0%B0%D1%82%D1%83%D1%88%D0%B0%2003000.jpg","source":"Викиданные","source_id":"Q156565","license":"CC0 (Викиданные)","confidence":"ok"}},{"type":"Feature","id":"settlements_wd:af4a9adf9be1","geometry":{"type":"Point","coordinates":[23.2,49.516667]},"properties":{"uid":"settlements_wd:af4a9adf9be1","layer":"settlements_wd","layer_title":"Населённые места: год основания","group":"admin","title":"Самбор","category":"населённый пункт","place_text":"Львовская область","region":"Львовская область","year_from":1241,"year_to":1960,"date_precision":"open","date_approx":true,"period_raw":"с 1241","summary":"город на западе Украины","url":"https://ru.wikipedia.org/wiki/%D0%A1%D0%B0%D0%BC%D0%B1%D0%BE%D1%80","image_url":"http://commons.wikimedia.org/wiki/Special:FilePath/%D0%A1%D0%B0%D0%BC%D0%B1%D1%96%D1%80%D1%81%D1%8C%D0%BA%D0%B0%20%D1%80%D0%B0%D1%82%D1%83%D1%88%D0%B0%203.jpg","source":"Викиданные","source_id":"Q156593","license":"CC0 (Викиданные)","confidence":"ok"}},{"type":"Feature","id":"settlements_wd:8aa44dc6c64f","geometry":{"type":"Point","coordinates":[18.57,51.220556]},"properties":{"uid":"settlements_wd:8aa44dc6c64f","layer":"settlements_wd","layer_title":"Населённые места: год основания","group":"admin","title":"Велюнь","category":"город","place_text":"Велюнь","region":"Велюнь","year_from":1217,"year_to":1960,"date_precision":"open","date_approx":true,"period_raw":"с 1217","summary":"город в Лодзинском воеводстве Польши, адм. центр гмины Велюнь и Велюньского повета","url":"https://ru.wikipedia.org/wiki/%D0%92%D0%B5%D0%BB%D1%8E%D0%BD%D1%8C_(%D0%B3%D0%BE%D1%80%D0%BE%D0%B4)","image_url":"http://commons.wikimedia.org/wiki/Special:FilePath/Wielun%20z%20lotu%20ptaka.jpg","source":"Викиданные","source_id":"Q101530","license":"CC0 (Викиданные)","confidence":"ok"}},{"type":"Feature","id":"settlements_wd:9cf9296aea2a","geometry":{"type":"Point","coordinates":[21.35,53.383333]},"properties":{"uid":"settlements_wd:9cf9296aea2a","layer":"settlements_wd","layer_title":"Населённые места: год основания","group":"admin","title":"Мышинец","category":"город","place_text":"Мышинец","region":"Мышинец","year_from":1654,"year_to":1960,"date_precision":"open","date_approx":true,"period_raw":"с 1654","summary":"город в Польше, входит в Остроленкский повят Мазовецкого воеводства","url":"https://ru.wikipedia.org/wiki/%D0%9C%D1%8B%D1%88%D0%B8%D0%BD%D0%B5%D1%86","image_url":"http://commons.wikimedia.org/wiki/Special:FilePath/Myszyniec%20general%20view%20towards%20north%20DK53%202.jpg","source":"Викиданные","source_id":"Q101704","license":"CC0 (Викиданные)","confidence":"ok"}},{"type":"Feature","id":"settlements_wd:0a535df87dbf","geometry":{"type":"Point","coordinates":[28.200556,59.379167]},"properties":{"uid":"settlements_wd:0a535df87dbf","layer":"settlements_wd","layer_title":"Населённые места: год основания","group":"admin","title":"Нарва","category":"приграничный город","place_text":"Нарва","region":"Нарва","year_from":1345,"year_to":1960,"date_precision":"open","date_approx":true,"period_raw":"с 1345","summary":"город на северо-востоке Эстонии, через реку граничащий с Россией","url":"https://ru.wikipedia.org/wiki/%D0%9D%D0%B0%D1%80%D0%B2%D0%B0","image_url":"http://commons.wikimedia.org/wiki/Special:FilePath/Narva%20asv2022-04%20img09%20Castle.jpg","source":"Викиданные","source_id":"Q102158","license":"CC0 (Викиданные)","confidence":"ok"}},{"type":"Feature","id":"settlements_wd:d965cc64c0c9","geometry":{"type":"Point","coordinates":[36.261083,47.479577]},"properties":{"uid":"settlements_wd:d965cc64c0c9","layer":"settlements_wd","layer_title":"Населённые места: год основания","group":"admin","title":"Пологи","category":"город Украины","place_text":"Пологовский район","region":"Пологовский район","year_from":1887,"year_to":1960,"date_precision":"open","date_approx":true,"period_raw":"с 1887","summary":"город на Украине, Запорожская область, Пологовский район, Пологовский городской совет","url":"https://ru.wikipedia.org/wiki/%D0%9F%D0%BE%D0%BB%D0%BE%D0%B3%D0%B8","image_url":"http://commons.wikimedia.org/wiki/Special:FilePath/%D0%97%D0%B0%D0%BB%D1%96%D0%B7%D0%BD%D0%B8%D1%87%D0%BD%D0%B8%D0%B9%20%D0%B2%D0%BE%D0%BA%D0%B7%D0%B0%D0%BB%20%D0%BC.%20%D0%9F%D0%BE%D0%BB%D0%BE%D0%B3%D0%B8%20%D0%96%D0%BE%D0%B2%D1%82%D0%B5%D0%BD%D1%8C%202014.JPG","source":"Викиданные","source_id":"Q368856","license":"CC0 (Викиданные)","confidence":"ok"}},{"type":"Feature","id":"settlements_wd:0e3c35c135ca","geometry":{"type":"Point","coordinates":[28.833333,49.716667]},"properties":{"uid":"settlements_wd:0e3c35c135ca","layer":"settlements_wd","layer_title":"Населённые места: год основания","group":"admin","title":"Казатин","category":"город областного значения Украины","place_text":"Казатинская волость","region":"Казатинская волость","year_from":1870,"year_to":1960,"date_precision":"open","date_approx":true,"period_raw":"с 1870","summary":"город в Хмельникском районе Винницкой области Украины","url":"https://ru.wikipedia.org/wiki/%D0%9A%D0%B0%D0%B7%D0%B0%D1%82%D0%B8%D0%BD","image_url":"http://commons.wikimedia.org/wiki/Special:FilePath/%D0%9A%D0%BE%D0%B7%D1%8F%D1%82%D0%B8%D0%BD%D1%81%D1%8C%D0%BA%D0%B8%D0%B9%20%D0%B2%D0%BE%D0%BA%D0%B7%D0%B0%D0%BB.JPG","source":"Викиданные","source_id":"Q369383","license":"CC0 (Викиданные)","confidence":"ok"}},{"type":"Feature","id":"settlements_wd:9ea8deb58b50","geometry":{"type":"Point","coordinates":[69.631944,40.279444]},"properties":{"uid":"settlements_wd:9ea8deb58b50","layer":"settlements_wd","layer_title":"Населённые места: год основания","group":"admin","title":"Худжанд","category":"город","place_text":"Согдийская область","region":"Согдийская область","date_precision":"unknown","date_approx":false,"summary":"город на севере Таджикистана, административный центр Согдийской области","url":"https://ru.wikipedia.org/wiki/%D0%A5%D1%83%D0%B4%D0%B6%D0%B0%D0%BD%D0%B4","image_url":"http://commons.wikimedia.org/wiki/Special:FilePath/View%20to%20Khujand.JPG","source":"Викиданные","source_id":"Q373808","license":"CC0 (Викиданные)","confidence":"ok"}},{"type":"Feature","id":"settlements_wd:07712f90654d","geometry":{"type":"Point","coordinates":[37.339444,48.2]},"properties":{"uid":"settlements_wd:07712f90654d","layer":"settlements_wd","layer_title":"Населённые места: год основания","group":"admin","title":"Новогродовка","category":"город областного значения Украины","place_text":"Донецкая область","region":"Донецкая область","year_from":1939,"year_to":1960,"date_precision":"open","date_approx":true,"period_raw":"с 1939","summary":"город в Донецкой области, Украина","url":"https://ru.wikipedia.org/wiki/%D0%9D%D0%BE%D0%B2%D0%BE%D0%B3%D1%80%D0%BE%D0%B4%D0%BE%D0%B2%D0%BA%D0%B0","source":"Викиданные","source_id":"Q376473","license":"CC0 (Викиданные)","confidence":"ok"}},{"type":"Feature","id":"settlements_wd:4efe4e8129ad","geometry":{"type":"Point","coordinates":[78.393611,42.490556]},"properties":{"uid":"settlements_wd:4efe4e8129ad","layer":"settlements_wd","layer_title":"Населённые места: год основания","group":"admin","title":"Каракол","category":"город","place_text":"Иссык-Кульская область","region":"Иссык-Кульская область","year_from":1869,"year_to":1960,"date_precision":"open","date_approx":true,"period_raw":"с 1869","summary":"город в Кыргызстане, административный центр Иссык-Кульской области","url":"https://ru.wikipedia.org/wiki/%D0%9A%D0%B0%D1%80%D0%B0%D0%BA%D0%BE%D0%BB","image_url":"http://commons.wikimedia.org/wiki/Special:FilePath/%D0%9A%D0%B0%D1%80%D0%B0%D0%BA%D0%BE%D0%BB%2C%20%D0%B4%D1%83%D0%BD%D0%B3%D0%B0%D0%BD%D1%81%D0%BA%D0%B0%D1%8F%20%D0%BC%D0%B5%D1%87%D0%B5%D1%82%D1%8C%20%D1%81%D0%B2%D0%B5%D1%80%D1%85%D1%83%20%282%29.jpg","source":"Викиданные","source_id":"Q194452","license":"CC0 (Викиданные)","confidence":"ok"}},{"type":"Feature","id":"settlements_wd:e9989c46c30c","geometry":{"type":"Point","coordinates":[39.55,53.816667]},"properties":{"uid":"settlements_wd:e9989c46c30c","layer":"settlements_wd","layer_title":"Населённые места: год основания","group":"admin","title":"Скопин","category":"город","place_text":"Рязанская область","region":"Рязанская область","year_from":1597,"year_to":1960,"date_precision":"open","date_approx":true,"period_raw":"с 1597","summary":"город в Рязанской области России","url":"https://ru.wikipedia.org/wiki/%D0%A1%D0%BA%D0%BE%D0%BF%D0%B8%D0%BD","image_url":"http://commons.wikimedia.org/wiki/Special:FilePath/%D0%A1%D0%BA%D0%BE%D0%BF%D0%B8%D0%BD%D1%81%D0%BA%D0%B8%D0%B9%20%D1%82%D0%B5%D1%85%D0%BD%D0%B8%D0%BA%D0%BE-%D1%8D%D0%BA%D0%BE%D0%BD%D0%BE%D0%BC%D0%B8%D1%87%D0%B5%D1%81%D0%BA%D0%B8%D0%B9%20%D0%BA%D0%BE%D0%BB%D0%BB%D0%B5%D0%B4%D0%B6.jpg","source":"Викиданные","source_id":"Q194670","license":"CC0 (Викиданные)","confidence":"ok"}},{"type":"Feature","id":"settlements_wd:63985d67cdb0","geometry":{"type":"Point","coordinates":[37.835,51.298056]},"properties":{"uid":"settlements_wd:63985d67cdb0","layer":"settlements_wd","layer_title":"Населённые места: год основания","group":"admin","title":"Старый Оскол","category":"большой город","place_text":"Старооскольский район","region":"Старооскольский район","year_from":1593,"year_to":1960,"date_precision":"open","date_approx":true,"period_raw":"с 1593","summary":"город в Старооскольском городском округе Белгородской области России","url":"https://ru.wikipedia.org/wiki/%D0%A1%D1%82%D0%B0%D1%80%D1%8B%D0%B9_%D0%9E%D1%81%D0%BA%D0%BE%D0%BB","image_url":"http://commons.wikimedia.org/wiki/Special:FilePath/S.Oskol%2015.jpg","source":"Викиданные","source_id":"Q196486","license":"CC0 (Викиданные)","confidence":"ok"}},{"type":"Feature","id":"settlements_wd:020a758344e4","geometry":{"type":"Point","coordinates":[55.95,53.633333]},"properties":{"uid":"settlements_wd:020a758344e4","layer":"settlements_wd","layer_title":"Населённые места: год основания","group":"admin","title":"Стерлитамак","category":"административно-территориальная единица России","place_text":"Башкортостан","region":"Башкортостан","year_from":1735,"year_to":1960,"date_precision":"open","date_approx":true,"period_raw":"с 1735","summary":"город республиканского значения в Башкортостане, Россия","url":"https://ru.wikipedia.org/wiki/%D0%A1%D1%82%D0%B5%D1%80%D0%BB%D0%B8%D1%82%D0%B0%D0%BC%D0%B0%D0%BA","image_url":"http://commons.wikimedia.org/wiki/Special:FilePath/Sterlitamak%20for%20search.jpg","source":"Викиданные","source_id":"Q196489","license":"CC0 (Викиданные)","confidence":"ok"}},{"type":"Feature","id":"settlements_wd:52bf419b5512","geometry":{"type":"Point","coordinates":[33.416667,69.069167]},"properties":{"uid":"settlements_wd:52bf419b5512","layer":"settlements_wd","layer_title":"Населённые места: год основания","group":"admin","title":"Североморск","category":"административно-территориальная единица России","place_text":"Мурманская область","region":"Мурманская область","year_from":1896,"year_to":1960,"date_precision":"open","date_approx":true,"period_raw":"с 1896","summary":"закрытый город в Мурманской области России","url":"https://ru.wikipedia.org/wiki/%D0%A1%D0%B5%D0%B2%D0%B5%D1%80%D0%BE%D0%BC%D0%BE%D1%80%D1%81%D0%BA","image_url":"http://commons.wikimedia.org/wiki/Special:FilePath/%D0%92%D0%B8%D0%B4%20%D0%BD%D0%B0%20%D1%83%D0%BB%D0%B8%D1%86%D1%8B%20%D0%A1%D0%B3%D0%B8%D0%B1%D0%BD%D0%B5%D0%B2%D0%B0%20%D0%B8%20%D0%A1%D0%B0%D1%84%D0%BE%D0%BD%D0%BE%D0%B2%D0%B0%20%D0%B2%20%D0%A1%D0%B5%D0%B2%D0%B5%D1%80%D0%BE%D0%BC%D0%BE%D1%80%D1%81%D0%BA%D0%B5.jpg","source":"Викиданные","source_id":"Q193898","license":"CC0 (Викиданные)","confidence":"ok"}},{"type":"Feature","id":"settlements_wd:a3b5832ec692","geometry":{"type":"Point","coordinates":[26.031111,57.776944]},"properties":{"uid":"settlements_wd:a3b5832ec692","layer":"settlements_wd","layer_title":"Населённые места: год основания","group":"admin","title":"Валга","category":"приграничный город","place_text":"Валга","region":"Валга","year_from":1286,"year_to":1960,"date_precision":"open","date_approx":true,"period_raw":"с 1286","summary":"город на юге Эстонии, центр Валгаского уезда, примыкает к городу Валка Латвии","url":"https://ru.wikipedia.org/wiki/%D0%92%D0%B0%D0%BB%D0%B3%D0%B0","image_url":"http://commons.wikimedia.org/wiki/Special:FilePath/Valga2015dec.jpg","source":"Викиданные","source_id":"Q193905","license":"CC0 (Викиданные)","confidence":"ok"}},{"type":"Feature","id":"settlements_wd:59bbe94eecf4","geometry":{"type":"Point","coordinates":[84.85,56.6]},"properties":{"uid":"settlements_wd:59bbe94eecf4","layer":"settlements_wd","layer_title":"Населённые места: год основания","group":"admin","title":"Северск","category":"административно-территориальная единица России","place_text":"Томская область","region":"Томская область","year_from":1949,"year_to":1960,"date_precision":"open","date_approx":true,"period_raw":"с 1949","summary":"город в России","url":"https://ru.wikipedia.org/wiki/%D0%A1%D0%B5%D0%B2%D0%B5%D1%80%D1%81%D0%BA","image_url":"http://commons.wikimedia.org/wiki/Special:FilePath/Seversk%20Kurchatova.jpg","source":"Викиданные","source_id":"Q193909","license":"CC0 (Викиданные)","confidence":"ok"}},{"type":"Feature","id":"settlements_wd:5e6929cc0cfd","geometry":{"type":"Point","coordinates":[26.580556,48.680556]},"properties":{"uid":"settlements_wd:5e6929cc0cfd","layer":"settlements_wd","layer_title":"Населённые места: год основания","group":"admin","title":"Каменец-Подольский","category":"большой город","place_text":"Каменец-Подольская городская община","region":"Каменец-Подольская городская община","year_from":1062,"year_to":1960,"date_precision":"open","date_approx":true,"period_raw":"с 1062","summary":"город в Хмельницкой области Украины","url":"https://ru.wikipedia.org/wiki/%D0%9A%D0%B0%D0%BC%D0%B5%D0%BD%D0%B5%D1%86-%D0%9F%D0%BE%D0%B4%D0%BE%D0%BB%D1%8C%D1%81%D0%BA%D0%B8%D0%B9","image_url":"http://commons.wikimedia.org/wiki/Special:FilePath/Kamianets-Podilskyi-2007.jpg","source":"Викиданные","source_id":"Q193965","license":"CC0 (Викиданные)","confidence":"ok"}},{"type":"Feature","id":"settlements_wd:c96fbfb6a2a2","geometry":{"type":"Point","coordinates":[32.673333,48.713611]},"properties":{"uid":"settlements_wd:c96fbfb6a2a2","layer":"settlements_wd","layer_title":"Населённые места: год основания","group":"admin","title":"Знаменка","category":"город областного значения Украины","place_text":"Кропивницкий район","region":"Кропивницкий район","year_from":1869,"year_to":1960,"date_precision":"open","date_approx":true,"period_raw":"с 1869","summary":"город Кропивницком районе Кировоградской области Украины","url":"https://ru.wikipedia.org/wiki/%D0%97%D0%BD%D0%B0%D0%BC%D0%B5%D0%BD%D0%BA%D0%B0_(%D0%B3%D0%BE%D1%80%D0%BE%D0%B4)","image_url":"http://commons.wikimedia.org/wiki/Special:FilePath/%D0%97%D0%BD%D0%B0%D0%BC%27%D1%8F%D0%BD%D1%81%D1%8C%D0%BA%D0%B0%20%D0%BC%D1%96%D1%81%D1%8C%D0%BA%D0%B0%20%D1%80%D0%B0%D0%B4%D0%B0.JPG","source":"Викиданные","source_id":"Q592145","license":"CC0 (Викиданные)","confidence":"ok"}},{"type":"Feature","id":"settlements_wd:3a87fd51cfab","geometry":{"type":"Point","coordinates":[36.404444,48.346389]},"properties":{"uid":"settlements_wd:3a87fd51cfab","layer":"settlements_wd","layer_title":"Населённые места: год основания","group":"admin","title":"Шахтёрское","category":"город областного значения Украины","place_text":"Днепропетровская область","region":"Днепропетровская область","year_from":1954,"year_to":1960,"date_precision":"open","date_approx":true,"period_raw":"с 1954","summary":"город в Синельниковском районе Днепропетровской области Украины","url":"https://ru.wikipedia.org/wiki/%D0%A8%D0%B0%D1%85%D1%82%D1%91%D1%80%D1%81%D0%BA%D0%BE%D0%B5_(%D0%94%D0%BD%D0%B5%D0%BF%D1%80%D0%BE%D0%BF%D0%B5%D1%82%D1%80%D0%BE%D0%B2%D1%81%D0%BA%D0%B0%D1%8F_%D0%BE%D0%B1%D0%BB%D0%B0%D1%81%D1%82%D1%8C)","image_url":"http://commons.wikimedia.org/wiki/Special:FilePath/%D0%A1%D0%BA%D1%83%D0%BB%D1%8C%D0%BF%D1%82%D1%83%D1%80%D0%BD%D0%B0%D1%8F%20%D0%BA%D0%BE%D0%BC%D0%BF%D0%BE%D0%B7%D0%B8%D1%86%D0%B8%D1%8F%20%D0%BF%D1%80%D0%B8%20%D0%B2%D1%8A%D0%B5%D0%B7%D0%B4%D0%B5%20%D0%B2%20%D0%B3%D0%BE%D1%80%D0%BE%D0%B4%20%D0%9F%D0%B5%D1%80%D1%88%D0%BE%D1%82%D1%80%D0%B0%D0%B2%D0%B5%D0%BD%D1%81%D0%BA%20%D0%94%D0%BD%D0%B5%D0%BF%D1%80%D0%BE%D0%BF%D0%B5%D1%82%D1%80%D0%BE%D0%B2%D1%81%D0%BA%D0%BE%D0%B9%20%D0%BE%D0%B1%D0%BB%D0%B0%D1%81%D1%82%D0%B8%2C%20%D0%A3%D0%BA%D1%80%D0%B0%D0%B8%D0%BD%D0%B0.jpg","source":"Викиданные","source_id":"Q604607","license":"CC0 (Викиданные)","confidence":"ok"}},{"type":"Feature","id":"settlements_wd:20e1f4b02326","geometry":{"type":"Point","coordinates":[34.964583,50.481056]},"properties":{"uid":"settlements_wd:20e1f4b02326","layer":"settlements_wd","layer_title":"Населённые места: год основания","group":"admin","title":"Тростянец","category":"посёлок городского типа","place_text":"Тростянецкий район","region":"Тростянецкий район","year_from":1660,"year_to":1960,"date_precision":"open","date_approx":true,"period_raw":"с 1660","summary":"город в Ахтырском районе Сумской области Украины, Тростянецкий городской совет","url":"https://ru.wikipedia.org/wiki/%D0%A2%D1%80%D0%BE%D1%81%D1%82%D1%8F%D0%BD%D0%B5%D1%86_(%D0%B3%D0%BE%D1%80%D0%BE%D0%B4)","image_url":"http://commons.wikimedia.org/wiki/Special:FilePath/Trostyanets%27%20Sadybniy%20Komleks%20Sadyba%20Keniga%20Golovniy%20Budynok%2001%20Myru%2014...16...20%20%28YDS%207766%29.JPG","source":"Викиданные","source_id":"Q606706","license":"CC0 (Викиданные)","confidence":"ok"}},{"type":"Feature","id":"settlements_wd:8f28a4a74fb1","geometry":{"type":"Point","coordinates":[31.783333,47.316667]},"properties":{"uid":"settlements_wd:8f28a4a74fb1","layer":"settlements_wd","layer_title":"Населённые места: год основания","group":"admin","title":"Новая Одесса","category":"город Украины","place_text":"Новоодесская городская община","region":"Новоодесская городская община","year_from":1776,"year_to":1960,"date_precision":"open","date_approx":true,"period_raw":"с 1776","summary":"город в Николаевском районе Николаевской области Украины","url":"https://ru.wikipedia.org/wiki/%D0%9D%D0%BE%D0%B2%D0%B0%D1%8F_%D0%9E%D0%B4%D0%B5%D1%81%D1%81%D0%B0","image_url":"http://commons.wikimedia.org/wiki/Special:FilePath/Nova%20Odesa-2013-6.JPG","source":"Викиданные","source_id":"Q607203","license":"CC0 (Викиданные)","confidence":"ok"}},{"type":"Feature","id":"settlements_wd:7b0aad5b2def","geometry":{"type":"Point","coordinates":[39.083333,48.116667]},"properties":{"uid":"settlements_wd:7b0aad5b2def","layer":"settlements_wd","layer_title":"Населённые места: год основания","group":"admin","title":"Антрацит","category":"город Украины","place_text":"Antratsyt urban hromada","region":"Antratsyt urban hromada","year_from":1895,"year_to":1960,"date_precision":"open","date_approx":true,"period_raw":"с 1895","summary":"город в Луганской области Украины","url":"https://ru.wikipedia.org/wiki/%D0%90%D0%BD%D1%82%D1%80%D0%B0%D1%86%D0%B8%D1%82_(%D0%B3%D0%BE%D1%80%D0%BE%D0%B4)","image_url":"http://commons.wikimedia.org/wiki/Special:FilePath/%D0%A1%D1%80%D0%B5%D0%B4%D0%BD%D1%8F%D1%8F%20%D1%88%D0%BA%D0%BE%D0%BB%D0%B0%20%E2%84%961%20%D0%B3%D0%BE%D1%80%D0%BE%D0%B4%D0%B0%20%D0%90%D0%BD%D1%82%D1%80%D0%B0%D1%86%D0%B8%D1%82.jpg","source":"Викиданные","source_id":"Q609028","license":"CC0 (Викиданные)","confidence":"ok"}},{"type":"Feature","id":"settlements_wd:f59b4baf0dc4","geometry":{"type":"Point","coordinates":[46.122222,51.501667]},"properties":{"uid":"settlements_wd:f59b4baf0dc4","layer":"settlements_wd","layer_title":"Населённые места: год основания","group":"admin","title":"Энгельс","category":"административно-территориальная единица России","place_text":"Муниципальное образование город Энгельс","region":"Муниципальное образование город Энгельс","year_from":1747,"year_to":1960,"date_precision":"open","date_approx":true,"period_raw":"с 1747","summary":"город в Саратовской области России, центр Энгельсского района","url":"https://ru.wikipedia.org/wiki/%D0%AD%D0%BD%D0%B3%D0%B5%D0%BB%D1%8C%D1%81_(%D0%B3%D0%BE%D1%80%D0%BE%D0%B4)","image_url":"http://commons.wikimedia.org/wiki/Special:FilePath/%D0%92%D0%B8%D0%B4%20%D0%BD%D0%B0%20%D0%AD%D0%BD%D0%B3%D0%B5%D0%BB%D1%8C%D1%81%20%D0%A1%D0%B0%D1%80%D0%B0%D1%82%D0%BE%D0%B2%D1%81%D0%BA%D0%B8%D0%B9%20%D0%BC%D0%BE%D1%81%D1%82%20%D0%B8%20%D0%B3%D0%BE%D1%80%D0%BE%D0%B4%D1%81%D0%BA%D0%BE%D0%B9%20%D0%BF%D0%BB%D1%8F%D0%B6%20%D0%B8%D0%B7%20%D0%9F%D0%B0%D1%80%D0%BA%D0%B0%20%D0%9F%D0%BE%D0%B1%D0%B5%D0%B4%D1%8B.jpg","source":"Викиданные","source_id":"Q198748","license":"CC0 (Викиданные)","confidence":"ok"}},{"type":"Feature","id":"settlements_wd:56edc073868a","geometry":{"type":"Point","coordinates":[46.2,55.95]},"properties":{"uid":"settlements_wd:56edc073868a","layer":"settlements_wd","layer_title":"Населённые места: год основания","group":"admin","title":"Ядрин","category":"город","place_text":"Ядринский район","region":"Ядринский район","year_from":1590,"year_to":1960,"date_precision":"open","date_approx":true,"period_raw":"с 1590","summary":"город в России","url":"https://ru.wikipedia.org/wiki/%D0%AF%D0%B4%D1%80%D0%B8%D0%BD","image_url":"http://commons.wikimedia.org/wiki/Special:FilePath/A%20view%20around%20from%20a%20church%20in%20Yadrin.%20-%2029255595548.jpg","source":"Викиданные","source_id":"Q198859","license":"CC0 (Викиданные)","confidence":"ok"}},{"type":"Feature","id":"settlements_wd:34e90b00dc04","geometry":{"type":"Point","coordinates":[33.456111,69.198333]},"properties":{"uid":"settlements_wd:34e90b00dc04","layer":"settlements_wd","layer_title":"Населённые места: год основания","group":"admin","title":"Полярный","category":"административно-территориальная единица России","place_text":"Мурманская область","region":"Мурманская область","year_from":1896,"year_to":1960,"date_precision":"open","date_approx":true,"period_raw":"с 1896","summary":"город в России","url":"https://ru.wikipedia.org/wiki/%D0%9F%D0%BE%D0%BB%D1%8F%D1%80%D0%BD%D1%8B%D0%B9","image_url":"http://commons.wikimedia.org/wiki/Special:FilePath/Palyarny2.JPG","source":"Викиданные","source_id":"Q182935","license":"CC0 (Викиданные)","confidence":"ok"}},{"type":"Feature","id":"settlements_wd:37cfdd6caa55","geometry":{"type":"Point","coordinates":[73.433333,61.25]},"properties":{"uid":"settlements_wd:37cfdd6caa55","layer":"settlements_wd","layer_title":"Населённые места: год основания","group":"admin","title":"Сургут","category":"административно-территориальная единица России","place_text":"Ханты-Мансийский автономный округ — Югра","region":"Ханты-Мансийский автономный округ — Югра","year_from":1594,"year_to":1960,"date_precision":"open","date_approx":true,"period_raw":"с 1594","summary":"город в Ханты-Мансийском АО, Россия","url":"https://ru.wikipedia.org/wiki/%D0%A1%D1%83%D1%80%D0%B3%D1%83%D1%82","image_url":"http://commons.wikimedia.org/wiki/Special:FilePath/Surgut%2C%20Russia%2006.jpg","source":"Викиданные","source_id":"Q183002","license":"CC0 (Викиданные)","confidence":"ok"}},{"type":"Feature","id":"settlements_wd:95ea24fb9197","geometry":{"type":"Point","coordinates":[38.183333,46.05]},"properties":{"uid":"settlements_wd:95ea24fb9197","layer":"settlements_wd","layer_title":"Населённые места: год основания","group":"admin","title":"Приморско-Ахтарск","category":"портовый город","place_text":"Приморско-Ахтарский район","region":"Приморско-Ахтарский район","year_from":1854,"year_to":1960,"date_precision":"open","date_approx":true,"period_raw":"с 1854","summary":"Город в Краснодарском крае на берегу Азовского моря","url":"https://ru.wikipedia.org/wiki/%D0%9F%D1%80%D0%B8%D0%BC%D0%BE%D1%80%D1%81%D0%BA%D0%BE-%D0%90%D1%85%D1%82%D0%B0%D1%80%D1%81%D0%BA","image_url":"http://commons.wikimedia.org/wiki/Special:FilePath/%D0%92%D0%B8%D0%B4%20%D1%81%20%D0%BA%D0%B0%D1%82%D0%B5%D1%80%D0%B0%20-%20panoramio.jpg","source":"Викиданные","source_id":"Q184095","license":"CC0 (Викиданные)","confidence":"ok"}},{"type":"Feature","id":"settlements_wd:81ee84cb255d","geometry":{"type":"Point","coordinates":[41.67639,42.14194]},"properties":{"uid":"settlements_wd:81ee84cb255d","layer":"settlements_wd","layer_title":"Населённые места: год основания","group":"admin","title":"Поти","category":"город","place_text":"Самегрело — Земо-Сванети","region":"Самегрело — Земо-Сванети","date_precision":"unknown","date_approx":false,"summary":"город в Грузии","url":"https://ru.wikipedia.org/wiki/%D0%9F%D0%BE%D1%82%D0%B8","image_url":"http://commons.wikimedia.org/wiki/Special:FilePath/Poti%20%E2%80%93%20Aerial.jpg","source":"Викиданные","source_id":"Q185345","license":"CC0 (Викиданные)","confidence":"ok"}},{"type":"Feature","id":"settlements_wd:511d2127c911","geometry":{"type":"Point","coordinates":[81.2,51.516667]},"properties":{"uid":"settlements_wd:511d2127c911","layer":"settlements_wd","layer_title":"Населённые места: год основания","group":"admin","title":"Рубцовск","category":"большой город","place_text":"Алтайский край","region":"Алтайский край","year_from":1892,"year_to":1960,"date_precision":"open","date_approx":true,"period_raw":"с 1892","summary":"город в Алтайском крае России","url":"https://ru.wikipedia.org/wiki/%D0%A0%D1%83%D0%B1%D1%86%D0%BE%D0%B2%D1%81%D0%BA","image_url":"http://commons.wikimedia.org/wiki/Special:FilePath/Rubcovsk-Lenin.jpg","source":"Викиданные","source_id":"Q193380","license":"CC0 (Викиданные)","confidence":"ok"}},{"type":"Feature","id":"settlements_wd:fb76c51964af","geometry":{"type":"Point","coordinates":[38.833333,58.05]},"properties":{"uid":"settlements_wd:fb76c51964af","layer":"settlements_wd","layer_title":"Населённые места: год основания","group":"admin","title":"Рыбинск","category":"административно-территориальная единица России","place_text":"Ярославская область","region":"Ярославская область","year_from":1071,"year_to":1960,"date_precision":"open","date_approx":true,"period_raw":"с 1071","summary":"город в Ярославской области России","url":"https://ru.wikipedia.org/wiki/%D0%A0%D1%8B%D0%B1%D0%B8%D0%BD%D1%81%D0%BA","image_url":"http://commons.wikimedia.org/wiki/Special:FilePath/Rybinsk%20viewd%20from%20Volga.jpg","source":"Викиданные","source_id":"Q193413","license":"CC0 (Викиданные)","confidence":"ok"}},{"type":"Feature","id":"settlements_wd:e042b078ec21","geometry":{"type":"Point","coordinates":[55.933333,53.366667]},"properties":{"uid":"settlements_wd:e042b078ec21","layer":"settlements_wd","layer_title":"Населённые места: год основания","group":"admin","title":"Салават","category":"административно-территориальная единица России","place_text":"Башкортостан","region":"Башкортостан","year_from":1948,"year_to":1960,"date_precision":"open","date_approx":true,"period_raw":"с 1948","summary":"город в Республике Башкортостан, Россия","url":"https://ru.wikipedia.org/wiki/%D0%A1%D0%B0%D0%BB%D0%B0%D0%B2%D0%B0%D1%82","image_url":"http://commons.wikimedia.org/wiki/Special:FilePath/Gubkina%20str%20salavat%202011.jpg","source":"Викиданные","source_id":"Q193443","license":"CC0 (Викиданные)","confidence":"ok"}},{"type":"Feature","id":"settlements_wd:5b32f861b7a1","geometry":{"type":"Point","coordinates":[38.133333,56.3]},"properties":{"uid":"settlements_wd:5b32f861b7a1","layer":"settlements_wd","layer_title":"Населённые места: год основания","group":"admin","title":"Сергиев Посад","category":"большой город","place_text":"Сергиево-Посадский городской округ","region":"Сергиево-Посадский городской округ","year_from":1337,"year_to":1960,"date_precision":"open","date_approx":true,"period_raw":"с 1337","summary":"город в Московской области России, центр Сергиево-Посадского городского округа","url":"https://ru.wikipedia.org/wiki/%D0%A1%D0%B5%D1%80%D0%B3%D0%B8%D0%B5%D0%B2_%D0%9F%D0%BE%D1%81%D0%B0%D0%B4","image_url":"http://commons.wikimedia.org/wiki/Special:FilePath/00%204659.%20Klosteranlage%20Dreifaltigkeit%20von%20Sergijew%20Possad.jpg","source":"Викиданные","source_id":"Q193722","license":"CC0 (Викиданные)","confidence":"ok"}},{"type":"Feature","id":"settlements_wd:2887a4c3c7ad","geometry":{"type":"Point","coordinates":[19.408889,54.152222]},"properties":{"uid":"settlements_wd:2887a4c3c7ad","layer":"settlements_wd","layer_title":"Населённые места: год основания","group":"admin","title":"Эльблонг","category":"город","place_text":"Варминско-Мазурское воеводство","region":"Варминско-Мазурское воеводство","year_from":1237,"year_to":1960,"date_precision":"open","date_approx":true,"period_raw":"с 1237","summary":"город на правах повята в Варминско-Мазурском воеводстве Польши","url":"https://ru.wikipedia.org/wiki/%D0%AD%D0%BB%D1%8C%D0%B1%D0%BB%D0%BE%D0%BD%D0%B3","image_url":"http://commons.wikimedia.org/wiki/Special:FilePath/SM%20Elbl%C4%85g%20Ko%C5%9Bci%C3%B3%C5%82%20%C5%9Bw%20Miko%C5%82aja%20%283%29%20ID%20644686.jpg","source":"Викиданные","source_id":"Q104712","license":"CC0 (Викиданные)","confidence":"ok"}},{"type":"Feature","id":"settlements_wd:d3086c012e69","geometry":{"type":"Point","coordinates":[86.3,54.416667]},"properties":{"uid":"settlements_wd:d3086c012e69","layer":"settlements_wd","layer_title":"Населённые места: год основания","group":"admin","title":"Белово","category":"средний город","place_text":"Беловский городской округ","region":"Беловский городской округ","year_from":1726,"year_to":1960,"date_precision":"open","date_approx":true,"period_raw":"с 1726","summary":"город областного подчинения в Кемеровской области, административный центр Беловского городского округа; Россия","url":"https://ru.wikipedia.org/wiki/%D0%91%D0%B5%D0%BB%D0%BE%D0%B2%D0%BE","image_url":"http://commons.wikimedia.org/wiki/Special:FilePath/City%20Hall%20Belovo%205254.jpg","source":"Викиданные","source_id":"Q104717","license":"CC0 (Викиданные)","confidence":"ok"}},{"type":"Feature","id":"settlements_wd:102086701921","geometry":{"type":"Point","coordinates":[19.7,52.55]},"properties":{"uid":"settlements_wd:102086701921","layer":"settlements_wd","layer_title":"Населённые места: год основания","group":"admin","title":"Плоцк","category":"город","place_text":"Мазовецкое воеводство","region":"Мазовецкое воеводство","year_from":1237,"year_to":1960,"date_precision":"open","date_approx":true,"period_raw":"с 1237","summary":"город на правах повята в Польше, в Мазовецком воеводстве","url":"https://ru.wikipedia.org/wiki/%D0%9F%D0%BB%D0%BE%D1%86%D0%BA","image_url":"http://commons.wikimedia.org/wiki/Special:FilePath/P%C5%82ock%20panorama.jpg","source":"Викиданные","source_id":"Q104725","license":"CC0 (Викиданные)","confidence":"ok"}},{"type":"Feature","id":"settlements_wd:8825551d0b6e","geometry":{"type":"Point","coordinates":[18.841944,50.149444]},"properties":{"uid":"settlements_wd:8825551d0b6e","layer":"settlements_wd","layer_title":"Населённые места: год основания","group":"admin","title":"Лазиска-Гурне","category":"городская гмина","place_text":"Миколувский повят","region":"Миколувский повят","year_from":1287,"year_to":1960,"date_precision":"open","date_approx":true,"period_raw":"с 1287","summary":"город и гмина в Миколувском повяте Силезского воеводства Польши","url":"https://ru.wikipedia.org/wiki/%D0%9B%D0%B0%D0%B7%D0%B8%D1%81%D0%BA%D0%B0-%D0%93%D1%83%D1%80%D0%BD%D0%B5","image_url":"http://commons.wikimedia.org/wiki/Special:FilePath/Ober%20Lazisk%20-%20Rathaus%20%282013%29.JPG","source":"Викиданные","source_id":"Q345293","license":"CC0 (Викиданные)","confidence":"ok"}},{"type":"Feature","id":"settlements_wd:cabf38d19f22","geometry":{"type":"Point","coordinates":[21.7,52.533333]},"properties":{"uid":"settlements_wd:cabf38d19f22","layer":"settlements_wd","layer_title":"Населённые места: год основания","group":"admin","title":"Лохув","category":"город","place_text":"Лохув","region":"Лохув","year_from":1378,"year_to":1960,"date_precision":"open","date_approx":true,"period_raw":"с 1378","summary":"город в Польше, входит в Мазовецкое воеводство, Венгрувский повят","url":"https://ru.wikipedia.org/wiki/%D0%9B%D0%BE%D1%85%D1%83%D0%B2","image_url":"http://commons.wikimedia.org/wiki/Special:FilePath/%C5%81och%C3%B3w%20dw%C3%B3r.JPG","source":"Викиданные","source_id":"Q345389","license":"CC0 (Викиданные)","confidence":"ok"}},{"type":"Feature","id":"settlements_wd:e5728f726910","geometry":{"type":"Point","coordinates":[18.3,52.366667]},"properties":{"uid":"settlements_wd:e5728f726910","layer":"settlements_wd","layer_title":"Населённые места: год основания","group":"admin","title":"Слесин","category":"город","place_text":"Слесин","region":"Слесин","year_from":1231,"year_to":1960,"date_precision":"open","date_approx":true,"period_raw":"с 1231","summary":"город и гмина в Конинском повяте Великопольского воеводства Польши","url":"https://ru.wikipedia.org/wiki/%D0%A1%D0%BB%D0%B5%D1%81%D0%B8%D0%BD","image_url":"http://commons.wikimedia.org/wiki/Special:FilePath/Wolnejojczyznie.jpg","source":"Викиданные","source_id":"Q387117","license":"CC0 (Викиданные)","confidence":"ok"}},{"type":"Feature","id":"settlements_wd:417edc2aa776","geometry":{"type":"Point","coordinates":[33.703369,48.412555]},"properties":{"uid":"settlements_wd:417edc2aa776","layer":"settlements_wd","layer_title":"Населённые места: год основания","group":"admin","title":"Пятихатки","category":"город Украины","place_text":"Каменский район","region":"Каменский район","year_from":1886,"year_to":1960,"date_precision":"open","date_approx":true,"period_raw":"с 1886","summary":"город в Каменском районе Днепропетровской области Украины","url":"https://ru.wikipedia.org/wiki/%D0%9F%D1%8F%D1%82%D0%B8%D1%85%D0%B0%D1%82%D0%BA%D0%B8_(%D0%B3%D0%BE%D1%80%D0%BE%D0%B4)","image_url":"http://commons.wikimedia.org/wiki/Special:FilePath/Pjatychatky%20Bahnhof%203.JPG","source":"Викиданные","source_id":"Q640661","license":"CC0 (Викиданные)","confidence":"ok"}},{"type":"Feature","id":"settlements_wd:999c5d522ecb","geometry":{"type":"Point","coordinates":[35.224519,48.631606]},"properties":{"uid":"settlements_wd:999c5d522ecb","layer":"settlements_wd","layer_title":"Населённые места: год основания","group":"admin","title":"Самар","category":"город Украины","place_text":"Самаровский район","region":"Самаровский район","year_from":1672,"year_to":1960,"date_precision":"open","date_approx":true,"period_raw":"с 1672","summary":"город в Днепропетровской области Украины, адм. центр Самаровского района","url":"https://ru.wikipedia.org/wiki/%D0%A1%D0%B0%D0%BC%D0%B0%D1%80_(%D0%B3%D0%BE%D1%80%D0%BE%D0%B4)","image_url":"http://commons.wikimedia.org/wiki/Special:FilePath/Holy%20Trinity%20church%2C%20Novomoskovsk%20%281920-2-DJI%200020%201%202%203%204%20tonemapped-1-scaled%29.jpg","source":"Викиданные","source_id":"Q640680","license":"CC0 (Викиданные)","confidence":"ok"}},{"type":"Feature","id":"settlements_wd:3aabc327e97a","geometry":{"type":"Point","coordinates":[35.511944,48.317778]},"properties":{"uid":"settlements_wd:3aabc327e97a","layer":"settlements_wd","layer_title":"Населённые места: год основания","group":"admin","title":"Синельниково","category":"населённый пункт","place_text":"Синельниковский район","region":"Синельниковский район","year_from":1868,"year_to":1960,"date_precision":"open","date_approx":true,"period_raw":"с 1868","summary":"город в Днепропетровской области Украины, адм. центр Синельниковского района","url":"https://ru.wikipedia.org/wiki/%D0%A1%D0%B8%D0%BD%D0%B5%D0%BB%D1%8C%D0%BD%D0%B8%D0%BA%D0%BE%D0%B2%D0%BE","image_url":"http://commons.wikimedia.org/wiki/Special:FilePath/%D0%92%D0%BE%D0%BA%D0%B7%D0%B0%D0%BB%20%D1%81%D1%82%D0%B0%D0%BD%D1%86%D0%B8%D0%B8%20%D0%A1%D0%B8%D0%BD%D0%B5%D0%BB%D1%8C%D0%BD%D0%B8%D0%BA%D0%BE%D0%B2%D0%BE%201%202057416.jpg","source":"Викиданные","source_id":"Q640798","license":"CC0 (Викиданные)","confidence":"ok"}},{"type":"Feature","id":"settlements_wd:027d2f91174e","geometry":{"type":"Point","coordinates":[25.556944,56.345278]},"properties":{"uid":"settlements_wd:027d2f91174e","layer":"settlements_wd","layer_title":"Населённые места: год основания","group":"admin","title":"Виесите","category":"город под муниципальной юрисдикцией Латвии","place_text":"Екабпилсский край","region":"Екабпилсский край","year_from":1928,"year_to":1960,"date_precision":"open","date_approx":true,"period_raw":"с 1928","summary":"город в Латвии","url":"https://ru.wikipedia.org/wiki/%D0%92%D0%B8%D0%B5%D1%81%D0%B8%D1%82%D0%B5","image_url":"http://commons.wikimedia.org/wiki/Special:FilePath/Viesite%20kolaza.png","source":"Викиданные","source_id":"Q641220","license":"CC0 (Викиданные)","confidence":"ok"}},{"type":"Feature","id":"settlements_wd:75e25cfd25b1","geometry":{"type":"Point","coordinates":[86.033333,56.083333]},"properties":{"uid":"settlements_wd:75e25cfd25b1","layer":"settlements_wd","layer_title":"Населённые места: год основания","group":"admin","title":"Анжеро-Судженск","category":"средний город","place_text":"Анжеро-Судженский городской округ","region":"Анжеро-Судженский городской округ","year_from":1897,"year_to":1960,"date_precision":"open","date_approx":true,"period_raw":"с 1897","summary":"город областного подчинения в Кемеровской области; Россия","url":"https://ru.wikipedia.org/wiki/%D0%90%D0%BD%D0%B6%D0%B5%D1%80%D0%BE-%D0%A1%D1%83%D0%B4%D0%B6%D0%B5%D0%BD%D1%81%D0%BA","image_url":"http://commons.wikimedia.org/wiki/Special:FilePath/%D0%97%D0%B4%D0%B0%D0%BD%D0%B8%D0%B5%20%D0%B0%D0%B4%D0%BC%D0%B8%D0%BD%D0%B8%D1%81%D1%82%D1%80%D0%B0%D1%86%D0%B8%D0%B8%20%D0%B3%D0%BE%D1%80%D0%BE%D0%B4%D0%B0%20%D0%90%D0%BD%D0%B6%D0%B5%D1%80%D0%BE-%D0%A1%D1%83%D0%B4%D0%B6%D0%B5%D0%BD%D1%81%D0%BA%D0%B0%20%283%29.jpg","source":"Викиданные","source_id":"Q103620","license":"CC0 (Викиданные)","confidence":"ok"}},{"type":"Feature","id":"settlements_wd:957a6537f9e8","geometry":{"type":"Point","coordinates":[18.783333,50.3]},"properties":{"uid":"settlements_wd:957a6537f9e8","layer":"settlements_wd","layer_title":"Населённые места: год основания","group":"admin","title":"Забже","category":"город","place_text":"Силезское воеводство","region":"Силезское воеводство","year_from":1201,"year_to":1960,"date_precision":"open","date_approx":true,"period_raw":"с 1201","summary":"город на правах повята в Силезском воеводстве Польши","url":"https://ru.wikipedia.org/wiki/%D0%97%D0%B0%D0%B1%D0%B6%D0%B5","image_url":"http://commons.wikimedia.org/wiki/Special:FilePath/Zabrze%20-%20Poczta%20G%C5%82%C3%B3wna%2001.jpg","source":"Викиданные","source_id":"Q103892","license":"CC0 (Викиданные)","confidence":"ok"}},{"type":"Feature","id":"settlements_wd:58a1b8174a53","geometry":{"type":"Point","coordinates":[21.564444,57.389722]},"properties":{"uid":"settlements_wd:58a1b8174a53","layer":"settlements_wd","layer_title":"Населённые места: год основания","group":"admin","title":"Вентспилс","category":"государственный город Латвии","place_text":"Латвия","region":"Латвия","year_from":1290,"year_to":1960,"date_precision":"open","date_approx":true,"period_raw":"с 1290","summary":"город в Латвии","url":"https://ru.wikipedia.org/wiki/%D0%92%D0%B5%D0%BD%D1%82%D1%81%D0%BF%D0%B8%D0%BB%D1%81","image_url":"http://commons.wikimedia.org/wiki/Special:FilePath/Ventspils%20viduslaiku%20pils%205.jpg","source":"Викиданные","source_id":"Q104036","license":"CC0 (Викиданные)","confidence":"ok"}},{"type":"Feature","id":"settlements_wd:67b3a0aa24f8","geometry":{"type":"Point","coordinates":[90.503889,56.281667]},"properties":{"uid":"settlements_wd:67b3a0aa24f8","layer":"settlements_wd","layer_title":"Населённые места: год основания","group":"admin","title":"Ачинск","category":"большой город","place_text":"Городской округ город Ачинск","region":"Городской округ город Ачинск","year_from":1683,"year_to":1960,"date_precision":"open","date_approx":true,"period_raw":"с 1683","summary":"город в городском округе город Ачинск Красноярского края России","url":"https://ru.wikipedia.org/wiki/%D0%90%D1%87%D0%B8%D0%BD%D1%81%D0%BA","image_url":"http://commons.wikimedia.org/wiki/Special:FilePath/%D0%90%D1%87%D0%B8%D0%BD%D1%81%D0%BA%20%D0%B0%D0%B4%D0%BC%D0%B8%D0%BD%D0%B8%D1%81%D1%82%D1%80%D0%B0%D1%86%D0%B8%D1%8F.JPG","source":"Викиданные","source_id":"Q104232","license":"CC0 (Викиданные)","confidence":"ok"}},{"type":"Feature","id":"settlements_wd:a802ba99f965","geometry":{"type":"Point","coordinates":[25.761389,48.4425]},"properties":{"uid":"settlements_wd:a802ba99f965","layer":"settlements_wd","layer_title":"Населённые места: год основания","group":"admin","title":"Кицмань","category":"город Украины","place_text":"Кицманская городская община","region":"Кицманская городская община","year_from":1413,"year_to":1960,"date_precision":"open","date_approx":true,"period_raw":"с 1413","summary":"город в Черновицком районе Черновицкой области Украины","url":"https://ru.wikipedia.org/wiki/%D0%9A%D0%B8%D1%86%D0%BC%D0%B0%D0%BD%D1%8C","image_url":"http://commons.wikimedia.org/wiki/Special:FilePath/Kitsman%20City%20Council.jpg","source":"Викиданные","source_id":"Q149151","license":"CC0 (Викиданные)","confidence":"ok"}},{"type":"Feature","id":"settlements_wd:b6d7e9d924c2","geometry":{"type":"Point","coordinates":[32.5797,52.1772]},"properties":{"uid":"settlements_wd:b6d7e9d924c2","layer":"settlements_wd","layer_title":"Населённые места: год основания","group":"admin","title":"Семёновка","category":"город","place_text":"Семёновский район","region":"Семёновский район","year_from":1680,"year_to":1960,"date_precision":"open","date_approx":true,"period_raw":"с 1680","summary":"город в Новгород-Северском районе Черниговской области Украины","url":"https://ru.wikipedia.org/wiki/%D0%A1%D0%B5%D0%BC%D1%91%D0%BD%D0%BE%D0%B2%D0%BA%D0%B0_(%D0%B3%D0%BE%D1%80%D0%BE%D0%B4)","image_url":"http://commons.wikimedia.org/wiki/Special:FilePath/Main%20church%20in%20Semenivka%2C%20Chernihiv%20Oblast.jpg","source":"Викиданные","source_id":"Q149155","license":"CC0 (Викиданные)","confidence":"ok"}},{"type":"Feature","id":"settlements_wd:524855da3d87","geometry":{"type":"Point","coordinates":[25.983333,49.433333]},"properties":{"uid":"settlements_wd:524855da3d87","layer":"settlements_wd","layer_title":"Населённые места: год основания","group":"admin","title":"Скалат","category":"город Украины","place_text":"Подволочисский район","region":"Подволочисский район","year_from":1512,"year_to":1960,"date_precision":"open","date_approx":true,"period_raw":"с 1512","summary":"город в Тернопольском районе Тернопольской области Украины","url":"https://ru.wikipedia.org/wiki/%D0%A1%D0%BA%D0%B0%D0%BB%D0%B0%D1%82","image_url":"http://commons.wikimedia.org/wiki/Special:FilePath/%D0%9A%D0%BE%D1%81%D1%82%D0%B5%D0%BB.%D1%81%D0%BA%D0%B0%D0%BB%D0%B0%D1%82.jpg","source":"Викиданные","source_id":"Q149159","license":"CC0 (Викиданные)","confidence":"ok"}},{"type":"Feature","id":"settlements_wd:de29b75f3777","geometry":{"type":"Point","coordinates":[27.416667,48.45]},"properties":{"uid":"settlements_wd:de29b75f3777","layer":"settlements_wd","layer_title":"Населённые места: год основания","group":"admin","title":"Сокиряны","category":"село","place_text":"Сокирянская городская община","region":"Сокирянская городская община","year_from":1666,"year_to":1960,"date_precision":"open","date_approx":true,"period_raw":"с 1666","summary":"город в Днестровском районе Черновицкой области Украины","url":"https://ru.wikipedia.org/wiki/%D0%A1%D0%BE%D0%BA%D0%B8%D1%80%D1%8F%D0%BD%D1%8B","image_url":"http://commons.wikimedia.org/wiki/Special:FilePath/%D0%A6%D0%B5%D1%80%D0%BA%D0%B2%D0%B0%20%D0%A3%D1%81%D0%BF%D1%96%D0%BD%D0%BD%D1%8F%20%D0%9F%D1%80%D0%B5%D1%81%D0%B2%D1%8F%D1%82%D0%BE%D1%97%20%D0%91%D0%BE%D0%B3%D0%BE%D1%80%D0%BE%D0%B4%D0%B8%D1%86%D1%96%2C%20%D0%B2%20%D1%85%D0%BC%D0%B0%D1%80%D0%B0%D1%85.jpg","source":"Викиданные","source_id":"Q149173","license":"CC0 (Викиданные)","confidence":"ok"}},{"type":"Feature","id":"settlements_wd:5f60bd1b1ddd","geometry":{"type":"Point","coordinates":[25.921965,49.211003]},"properties":{"uid":"settlements_wd:5f60bd1b1ddd","layer":"settlements_wd","layer_title":"Населённые места: год основания","group":"admin","title":"Хоростков","category":"посёлок городского типа","place_text":"Гусятинский район","region":"Гусятинский район","year_from":1564,"year_to":1960,"date_precision":"open","date_approx":true,"period_raw":"с 1564","summary":"город в Чортковском районе Тернопольской области Украины]","url":"https://ru.wikipedia.org/wiki/%D0%A5%D0%BE%D1%80%D0%BE%D1%81%D1%82%D0%BA%D0%BE%D0%B2","image_url":"http://commons.wikimedia.org/wiki/Special:FilePath/%D0%A5%D0%BE%D1%80%D0%BE%D1%81%D1%82%D0%BA%D1%96%D0%B2%20%D0%A6%D0%B5%D1%80%D0%BA%D0%B2%D0%B0%20%D0%92%D0%BE%D0%B7%D0%BB%D0%BE%D0%B6%D0%B5%D0%BD%D0%BD%D1%8F%20%D0%A0%D0%B8%D0%B7%D0%B8.jpg","source":"Викиданные","source_id":"Q149178","license":"CC0 (Викиданные)","confidence":"ok"}},{"type":"Feature","id":"settlements_wd:3e7681f38c0a","geometry":{"type":"Point","coordinates":[25.566667,48.45]},"properties":{"uid":"settlements_wd:3e7681f38c0a","layer":"settlements_wd","layer_title":"Населённые места: год основания","group":"admin","title":"Снятын","category":"город Украины","place_text":"Снятинская городская община","region":"Снятинская городская община","year_from":1158,"year_to":1960,"date_precision":"open","date_approx":true,"period_raw":"с 1158","summary":"город в Коломыйском районе Ивано-Франковской области Украины","url":"https://ru.wikipedia.org/wiki/%D0%A1%D0%BD%D1%8F%D1%82%D1%8B%D0%BD","image_url":"http://commons.wikimedia.org/wiki/Special:FilePath/1.%20%D0%A1%D0%BD%D1%8F%D1%82%D0%B8%D0%BD%20.%D0%A0%D0%B0%D1%82%D1%83%D1%88%D0%B0%20%28%D0%BC%D1%83%D1%80.%29.JPG","source":"Викиданные","source_id":"Q156818","license":"CC0 (Викиданные)","confidence":"ok"}},{"type":"Feature","id":"settlements_wd:dcdfb1740d4e","geometry":{"type":"Point","coordinates":[24.583333,48.633333]},"properties":{"uid":"settlements_wd:dcdfb1740d4e","layer":"settlements_wd","layer_title":"Населённые места: год основания","group":"admin","title":"Надворная","category":"город Украины","place_text":"Надворнянский район","region":"Надворнянский район","year_from":1589,"year_to":1960,"date_precision":"open","date_approx":true,"period_raw":"с 1589","summary":"город в Ивано-Франковской области Украины адм. центр Надворнянского района","url":"https://ru.wikipedia.org/wiki/%D0%9D%D0%B0%D0%B4%D0%B2%D0%BE%D1%80%D0%BD%D0%B0%D1%8F","image_url":"http://commons.wikimedia.org/wiki/Special:FilePath/Nadwirna-1.JPG","source":"Викиданные","source_id":"Q156820","license":"CC0 (Викиданные)","confidence":"ok"}},{"type":"Feature","id":"settlements_wd:d4ec27787955","geometry":{"type":"Point","coordinates":[24.616667,49.416667]},"properties":{"uid":"settlements_wd:d4ec27787955","layer":"settlements_wd","layer_title":"Населённые места: год основания","group":"admin","title":"Рогатин","category":"город Украины","place_text":"Ивано-Франковский район","region":"Ивано-Франковский район","year_from":1184,"year_to":1960,"date_precision":"open","date_approx":true,"period_raw":"с 1184","summary":"город в Ивано-Франковском районе Ивано-Франковской области Украины","url":"https://ru.wikipedia.org/wiki/%D0%A0%D0%BE%D0%B3%D0%B0%D1%82%D0%B8%D0%BD","image_url":"http://commons.wikimedia.org/wiki/Special:FilePath/Square%20in%20Rohatyn%20Ukraine.jpg","source":"Викиданные","source_id":"Q156821","license":"CC0 (Викиданные)","confidence":"ok"}},{"type":"Feature","id":"settlements_wd:f5e680866a26","geometry":{"type":"Point","coordinates":[25.866389,56.4975]},"properties":{"uid":"settlements_wd:f5e680866a26","layer":"settlements_wd","layer_title":"Населённые места: год основания","group":"admin","title":"Екабпилс","category":"государственный город Латвии","place_text":"Екабпилсский край","region":"Екабпилсский край","year_from":1670,"year_to":1960,"date_precision":"open","date_approx":true,"period_raw":"с 1670","summary":"город республиканского значения в Латвии","url":"https://ru.wikipedia.org/wiki/%D0%95%D0%BA%D0%B0%D0%B1%D0%BF%D0%B8%D0%BB%D1%81","image_url":"http://commons.wikimedia.org/wiki/Special:FilePath/J%C4%93kabpils%20pils%C4%93tas%20laukums.JPG","source":"Викиданные","source_id":"Q191120","license":"CC0 (Викиданные)","confidence":"ok"}},{"type":"Feature","id":"settlements_wd:525f28860acb","geometry":{"type":"Point","coordinates":[26.945833,60.466667]},"properties":{"uid":"settlements_wd:525f28860acb","layer":"settlements_wd","layer_title":"Населённые места: год основания","group":"admin","title":"Котка","category":"город","place_text":"Кюменлааксо","region":"Кюменлааксо","year_from":1879,"year_to":1960,"date_precision":"open","date_approx":true,"period_raw":"с 1879","summary":"город-порт в области Кюменлааксо на юго-востоке Финляндии на берегу Финского залива","url":"https://ru.wikipedia.org/wiki/%D0%9A%D0%BE%D1%82%D0%BA%D0%B0","image_url":"http://commons.wikimedia.org/wiki/Special:FilePath/Kotkan%20kirkko%20Haukkavuorelta.JPG","source":"Викиданные","source_id":"Q192155","license":"CC0 (Викиданные)","confidence":"ok"}},{"type":"Feature","id":"settlements_wd:86b90e093a9e","geometry":{"type":"Point","coordinates":[29.483333,46.833333]},"properties":{"uid":"settlements_wd:86b90e093a9e","layer":"settlements_wd","layer_title":"Населённые места: год основания","group":"admin","title":"Бендеры","category":"город","place_text":"Молдавская ССР","region":"Молдавская ССР","year_from":1408,"year_to":1960,"date_precision":"open","date_approx":true,"period_raw":"с 1408","summary":"город в Приднестровье","url":"https://ru.wikipedia.org/wiki/%D0%91%D0%B5%D0%BD%D0%B4%D0%B5%D1%80%D1%8B","image_url":"http://commons.wikimedia.org/wiki/Special:FilePath/Bender%20Fortress.%20Northern%20side%2002.JPG","source":"Викиданные","source_id":"Q192176","license":"CC0 (Викиданные)","confidence":"ok"}},{"type":"Feature","id":"settlements_wd:28c06b6e91ac","geometry":{"type":"Point","coordinates":[33.516667,48.35]},"properties":{"uid":"settlements_wd:28c06b6e91ac","layer":"settlements_wd","layer_title":"Населённые места: год основания","group":"admin","title":"Жёлтые Воды","category":"город областного значения Украины","place_text":"Каменский район","region":"Каменский район","year_from":1895,"year_to":1960,"date_precision":"open","date_approx":true,"period_raw":"с 1895","summary":"город в Каменском районе Днепропетровской области Украины","url":"https://ru.wikipedia.org/wiki/%D0%96%D1%91%D0%BB%D1%82%D1%8B%D0%B5_%D0%92%D0%BE%D0%B4%D1%8B","image_url":"http://commons.wikimedia.org/wiki/Special:FilePath/Palast%20der%20Kultur%20in%20Schowti%20Wody%20Haupteingang.JPG","source":"Викиданные","source_id":"Q639054","license":"CC0 (Викиданные)","confidence":"ok"}},{"type":"Feature","id":"settlements_wd:7320fb09e2f5","geometry":{"type":"Point","coordinates":[34.328333,48.656111]},"properties":{"uid":"settlements_wd:7320fb09e2f5","layer":"settlements_wd","layer_title":"Населённые места: год основания","group":"admin","title":"Верхнеднепровск","category":"посёлок городского типа","place_text":"Каменский район","region":"Каменский район","year_from":1780,"year_to":1960,"date_precision":"open","date_approx":true,"period_raw":"с 1780","summary":"город в Каменском районе Днепропетровской области Украины","url":"https://ru.wikipedia.org/wiki/%D0%92%D0%B5%D1%80%D1%85%D0%BD%D0%B5%D0%B4%D0%BD%D0%B5%D0%BF%D1%80%D0%BE%D0%B2%D1%81%D0%BA","image_url":"http://commons.wikimedia.org/wiki/Special:FilePath/%D0%9E%D1%81%D0%B2%D1%96%D1%82%D0%BD%D1%96%D0%B9%20%D0%B7%D0%B0%D0%BA%D0%BB%D0%B0%D0%B4%20%D0%92%D0%B5%D1%80%D1%85%D0%BD%D1%8C%D0%BE%D0%B4%D0%BD%D1%96%D0%BF%D1%80%D0%BE%D0%B2%D1%88%D0%B8%D0%BD%D0%B8.jpg","source":"Викиданные","source_id":"Q639428","license":"CC0 (Викиданные)","confidence":"ok"}},{"type":"Feature","id":"settlements_wd:9e0362145128","geometry":{"type":"Point","coordinates":[33.116667,48.666667]},"properties":{"uid":"settlements_wd:9e0362145128","layer":"settlements_wd","layer_title":"Населённые места: год основания","group":"admin","title":"Александрия","category":"населённый пункт","place_text":"Александрийская городская община","region":"Александрийская городская община","year_from":1754,"year_to":1960,"date_precision":"open","date_approx":true,"period_raw":"с 1754","summary":"город в Кировоградской области Украины, адм/ центр Александрийского района","url":"https://ru.wikipedia.org/wiki/%D0%90%D0%BB%D0%B5%D0%BA%D1%81%D0%B0%D0%BD%D0%B4%D1%80%D0%B8%D1%8F_(%D0%B3%D0%BE%D1%80%D0%BE%D0%B4,_%D0%A3%D0%BA%D1%80%D0%B0%D0%B8%D0%BD%D0%B0)","image_url":"http://commons.wikimedia.org/wiki/Special:FilePath/Oleksandriia%20montage.png","source":"Викиданные","source_id":"Q156734","license":"CC0 (Викиданные)","confidence":"ok"}},{"type":"Feature","id":"settlements_wd:0105f7a537b5","geometry":{"type":"Point","coordinates":[32.625,46.6425]},"properties":{"uid":"settlements_wd:0105f7a537b5","layer":"settlements_wd","layer_title":"Населённые места: год основания","group":"admin","title":"Херсон","category":"город Украины","place_text":"Херсонская городская община","region":"Херсонская городская община","year_from":1778,"year_to":1960,"date_precision":"open","date_approx":true,"period_raw":"с 1778","summary":"город на Украине, административный центр Херсонской области","url":"https://ru.wikipedia.org/wiki/%D0%A5%D0%B5%D1%80%D1%81%D0%BE%D0%BD","image_url":"http://commons.wikimedia.org/wiki/Special:FilePath/%D0%91%D1%83%D0%B4%D0%B8%D0%BD%D0%BE%D0%BA%20%D0%BA%D0%BE%D0%BB%D0%B8%D1%88%D0%BD%D1%8C%D0%BE%D1%97%20%D0%A5%D0%B5%D1%80%D1%81%D0%BE%D0%BD%D1%81%D1%8C%D0%BA%D0%BE%D1%97%20%D0%BC%D1%96%D1%81%D1%8C%D0%BA%D0%BE%D1%97%20%D0%B4%D1%83%D0%BC%D0%B8%20%28%D0%BC%D1%83%D1%80.%29.jpg","source":"Викиданные","source_id":"Q156732","license":"CC0 (Викиданные)","confidence":"ok"}},{"type":"Feature","id":"settlements_wd:591f04664ebb","geometry":{"type":"Point","coordinates":[26.251389,50.619722]},"properties":{"uid":"settlements_wd:591f04664ebb","layer":"settlements_wd","layer_title":"Населённые места: год основания","group":"admin","title":"Ровно","category":"город областного значения Украины","place_text":"Ровненский район","region":"Ровненский район","year_from":1283,"year_to":1960,"date_precision":"open","date_approx":true,"period_raw":"с 1283","summary":"город на Украине, центр Ровенской области","url":"https://ru.wikipedia.org/wiki/%D0%A0%D0%BE%D0%B2%D0%BD%D0%BE","image_url":"http://commons.wikimedia.org/wiki/Special:FilePath/%D0%A0%D1%96%D0%B2%D0%BD%D0%B5.%D0%9A%D0%BE%D1%81%D1%82%D0%B5%D0%BB..jpg","source":"Викиданные","source_id":"Q156739","license":"CC0 (Викиданные)","confidence":"ok"}},{"type":"Feature","id":"settlements_wd:26d378464f67","geometry":{"type":"Point","coordinates":[26.078228,49.864397]},"properties":{"uid":"settlements_wd:26d378464f67","layer":"settlements_wd","layer_title":"Населённые места: год основания","group":"admin","title":"Лановцы","category":"посёлок городского типа","place_text":"Лановецкий район","region":"Лановецкий район","year_from":1444,"year_to":1960,"date_precision":"open","date_approx":true,"period_raw":"с 1444","summary":"город в Кременецком районе Тернопольской области Украины","url":"https://ru.wikipedia.org/wiki/%D0%9B%D0%B0%D0%BD%D0%BE%D0%B2%D1%86%D1%8B","image_url":"http://commons.wikimedia.org/wiki/Special:FilePath/%D0%9F%D0%BE%D0%BA%D1%80%D0%BE%D0%B2%D1%81%D1%8C%D0%BA%D0%B0%20%D1%86%D0%B5%D1%80%D0%BA%D0%B2%D0%B0%20%28%D0%BC%D1%83%D1%80.%29%2C%20%D0%BC.%20%D0%9B%D0%B0%D0%BD%D1%96%D0%B2%D1%86%D1%96.jpg","source":"Викиданные","source_id":"Q591788","license":"CC0 (Викиданные)","confidence":"ok"}},{"type":"Feature","id":"settlements_wd:726189fcb4ff","geometry":{"type":"Point","coordinates":[34.229926,51.174867]},"properties":{"uid":"settlements_wd:726189fcb4ff","layer":"settlements_wd","layer_title":"Населённые места: год основания","group":"admin","title":"Ворожба","category":"город Украины","place_text":"Белопольский район","region":"Белопольский район","year_from":1672,"year_to":1960,"date_precision":"open","date_approx":true,"period_raw":"с 1672","summary":"город в Сумском районе Сумской области Украины","url":"https://ru.wikipedia.org/wiki/%D0%92%D0%BE%D1%80%D0%BE%D0%B6%D0%B1%D0%B0_(%D0%B3%D0%BE%D1%80%D0%BE%D0%B4)","image_url":"http://commons.wikimedia.org/wiki/Special:FilePath/%D0%A1%D1%82%D0%B0%D0%BD%D1%86%D1%96%D1%8F%20%D0%92%D0%BE%D1%80%D0%BE%D0%B6%D0%B1%D0%B0.%20%D0%92%D0%BE%D0%BA%D0%B7%D0%B0%D0%BB%20%D1%96%20%D1%81%D1%83%D0%BC%D1%81%D1%8C%D0%BA%D0%B8%D0%B9%20%D0%BF%D0%B0%D1%80%D0%BA.jpg","source":"Викиданные","source_id":"Q591794","license":"CC0 (Викиданные)","confidence":"ok"}},{"type":"Feature","id":"settlements_wd:56a5e59486d5","geometry":{"type":"Point","coordinates":[33.82618,51.19514]},"properties":{"uid":"settlements_wd:56a5e59486d5","layer":"settlements_wd","layer_title":"Населённые места: год основания","group":"admin","title":"Бурынь","category":"город Украины","place_text":"Бурынский район","region":"Бурынский район","year_from":1300,"year_to":1960,"date_precision":"open","date_approx":true,"period_raw":"с 1300","summary":"город в Конотопском районе Сумской области Украины","url":"https://ru.wikipedia.org/wiki/%D0%91%D1%83%D1%80%D1%8B%D0%BD%D1%8C","image_url":"http://commons.wikimedia.org/wiki/Special:FilePath/Buryn.jpg","source":"Викиданные","source_id":"Q591812","license":"CC0 (Викиданные)","confidence":"ok"}},{"type":"Feature","id":"settlements_wd:0a4c6298a16c","geometry":{"type":"Point","coordinates":[32.764772,48.111142]},"properties":{"uid":"settlements_wd:0a4c6298a16c","layer":"settlements_wd","layer_title":"Населённые места: год основания","group":"admin","title":"Долинская","category":"город Украины","place_text":"Кропивницкий район","region":"Кропивницкий район","year_from":1873,"year_to":1960,"date_precision":"open","date_approx":true,"period_raw":"с 1873","summary":"город в Кропивницком районе Кировоградской области Украины","url":"https://ru.wikipedia.org/wiki/%D0%94%D0%BE%D0%BB%D0%B8%D0%BD%D1%81%D0%BA%D0%B0%D1%8F","image_url":"http://commons.wikimedia.org/wiki/Special:FilePath/%D0%96%D0%B8%D1%82%D0%BB%D0%BE%D0%B2%D0%B8%D0%B9%20%D0%BC%D0%B0%D1%81%D0%B8%D0%B2%20%28%D0%94%D0%BE%D0%BB%D0%B8%D0%BD%D1%81%D1%8C%D0%BA%D0%B0%29.jpg","source":"Викиданные","source_id":"Q591822","license":"CC0 (Викиданные)","confidence":"ok"}},{"type":"Feature","id":"settlements_wd:47dddc354bf2","geometry":{"type":"Point","coordinates":[24.710556,48.922778]},"properties":{"uid":"settlements_wd:47dddc354bf2","layer":"settlements_wd","layer_title":"Населённые места: год основания","group":"admin","title":"Ивано-Франковск","category":"большой город","place_text":"Русское воеводство","region":"Русское воеводство","year_from":1662,"year_to":1960,"date_precision":"open","date_approx":true,"period_raw":"с 1662","summary":"город, центр Ивано-Франковской области Украины","url":"https://ru.wikipedia.org/wiki/%D0%98%D0%B2%D0%B0%D0%BD%D0%BE-%D0%A4%D1%80%D0%B0%D0%BD%D0%BA%D0%BE%D0%B2%D1%81%D0%BA","image_url":"http://commons.wikimedia.org/wiki/Special:FilePath/%D0%A0%D0%B0%D1%82%D1%83%D1%88%D0%B0%20%D0%B2%20%D0%86%D0%B2%D0%B0%D0%BD%D0%BE-%D0%A4%D1%80%D0%B0%D0%BD%D0%BA%D1%96%D0%B2%D1%81%D1%8C%D0%BA%D1%83.jpg","source":"Викиданные","source_id":"Q156726","license":"CC0 (Викиданные)","confidence":"ok"}},{"type":"Feature","id":"settlements_wd:1c981e1aad21","geometry":{"type":"Point","coordinates":[33.403889,49.063056]},"properties":{"uid":"settlements_wd:1c981e1aad21","layer":"settlements_wd","layer_title":"Населённые места: год основания","group":"admin","title":"Кременчуг","category":"город областного значения Украины","place_text":"Украинская Народная Республика","region":"Украинская Народная Республика","year_from":1571,"year_to":1960,"date_precision":"open","date_approx":true,"period_raw":"с 1571","summary":"город в Полтавской области Украины, адм. центр Кременчугского района","url":"https://ru.wikipedia.org/wiki/%D0%9A%D1%80%D0%B5%D0%BC%D0%B5%D0%BD%D1%87%D1%83%D0%B3","image_url":"http://commons.wikimedia.org/wiki/Special:FilePath/Dnieper%20River%20bridge%20and%20beach%20-%20Kremenchuk%2C%20Ukraine.jpg","source":"Викиданные","source_id":"Q156724","license":"CC0 (Викиданные)","confidence":"ok"}},{"type":"Feature","id":"settlements_wd:0cd9bf28e277","geometry":{"type":"Point","coordinates":[23.13163,50.24564]},"properties":{"uid":"settlements_wd:0cd9bf28e277","layer":"settlements_wd","layer_title":"Населённые места: год основания","group":"admin","title":"Цешанув","category":"город","place_text":"Цешанув","region":"Цешанув","year_from":1590,"year_to":1960,"date_precision":"open","date_approx":true,"period_raw":"с 1590","summary":"город в Польше, входит в Любачувский повят Подкарпатского воеводства","url":"https://ru.wikipedia.org/wiki/%D0%A6%D0%B5%D1%88%D0%B0%D0%BD%D1%83%D0%B2","image_url":"http://commons.wikimedia.org/wiki/Special:FilePath/Cieszan%C3%B3w%2C%20Ko%C5%9Bci%C3%B3%C5%82%20%C5%9Bw.%20Wojciecha%20-%20fotopolska.eu%20%28305721%29.jpg","source":"Викиданные","source_id":"Q653855","license":"CC0 (Викиданные)","confidence":"ok"}},{"type":"Feature","id":"settlements_wd:c67f3c901daf","geometry":{"type":"Point","coordinates":[21.433333,50.283333]},"properties":{"uid":"settlements_wd:c67f3c901daf","layer":"settlements_wd","layer_title":"Населённые места: год основания","group":"admin","title":"Мелец","category":"городская гмина","place_text":"Мелецкий повят","region":"Мелецкий повят","year_from":1457,"year_to":1960,"date_precision":"open","date_approx":true,"period_raw":"с 1457","summary":"город в Польше, входит в Подкарпатское воеводство, Мелецкий повят","url":"https://ru.wikipedia.org/wiki/%D0%9C%D0%B5%D0%BB%D0%B5%D1%86","image_url":"http://commons.wikimedia.org/wiki/Special:FilePath/Rynek%20-%20Mielec.jpg","source":"Викиданные","source_id":"Q658861","license":"CC0 (Викиданные)","confidence":"ok"}},{"type":"Feature","id":"settlements_wd:e00490e72f88","geometry":{"type":"Point","coordinates":[24.358611,57.749444]},"properties":{"uid":"settlements_wd:e00490e72f88","layer":"settlements_wd","layer_title":"Населённые места: год основания","group":"admin","title":"Салацгрива","category":"город под муниципальной юрисдикцией Латвии","place_text":"Лимбажский край","region":"Лимбажский край","year_from":1928,"year_to":1960,"date_precision":"open","date_approx":true,"period_raw":"с 1928","summary":"город в Латвии","url":"https://ru.wikipedia.org/wiki/%D0%A1%D0%B0%D0%BB%D0%B0%D1%86%D0%B3%D1%80%D0%B8%D0%B2%D0%B0","image_url":"http://commons.wikimedia.org/wiki/Special:FilePath/J%C5%ABras%20iela%204%20un%20R%C4%ABgas%20iela%208.jpg","source":"Викиданные","source_id":"Q659665","license":"CC0 (Викиданные)","confidence":"ok"}},{"type":"Feature","id":"settlements_wd:ec3c69b176b4","geometry":{"type":"Point","coordinates":[83.1,54.75]},"properties":{"uid":"settlements_wd:ec3c69b176b4","layer":"settlements_wd","layer_title":"Населённые места: год основания","group":"admin","title":"Бердск","category":"административно-территориальная единица России","place_text":"Новосибирская область","region":"Новосибирская область","year_from":1716,"year_to":1960,"date_precision":"open","date_approx":true,"period_raw":"с 1716","summary":"город в России","url":"https://ru.wikipedia.org/wiki/%D0%91%D0%B5%D1%80%D0%B4%D1%81%D0%BA","image_url":"http://commons.wikimedia.org/wiki/Special:FilePath/Berdsk%20city%20panoramic.jpg","source":"Викиданные","source_id":"Q104991","license":"CC0 (Викиданные)","confidence":"ok"}},{"type":"Feature","id":"settlements_wd:81d24e1601e1","geometry":{"type":"Point","coordinates":[56.783333,59.416667]},"properties":{"uid":"settlements_wd:81d24e1601e1","layer":"settlements_wd","layer_title":"Населённые места: год основания","group":"admin","title":"Березники","category":"большой город","place_text":"Пермский край","region":"Пермский край","year_from":1932,"year_to":1960,"date_precision":"open","date_approx":true,"period_raw":"с 1932","summary":"город в Пермском крае России","url":"https://ru.wikipedia.org/wiki/%D0%91%D0%B5%D1%80%D0%B5%D0%B7%D0%BD%D0%B8%D0%BA%D0%B8","image_url":"http://commons.wikimedia.org/wiki/Special:FilePath/Berezniki%20City%20Administration.jpg","source":"Викиданные","source_id":"Q105002","license":"CC0 (Викиданные)","confidence":"ok"}},{"type":"Feature","id":"settlements_wd:c632a94bd771","geometry":{"type":"Point","coordinates":[86.25,55.666667]},"properties":{"uid":"settlements_wd:c632a94bd771","layer":"settlements_wd","layer_title":"Населённые места: год основания","group":"admin","title":"Берёзовский","category":"населённый пункт","place_text":"Берёзовский городской округ","region":"Берёзовский городской округ","year_from":1949,"year_to":1960,"date_precision":"open","date_approx":true,"period_raw":"с 1949","summary":"город областного подчинения в Кемеровской области, Россия","url":"https://ru.wikipedia.org/wiki/%D0%91%D0%B5%D1%80%D1%91%D0%B7%D0%BE%D0%B2%D1%81%D0%BA%D0%B8%D0%B9_(%D0%B3%D0%BE%D1%80%D0%BE%D0%B4,_%D0%9A%D0%B5%D0%BC%D0%B5%D1%80%D0%BE%D0%B2%D1%81%D0%BA%D0%B0%D1%8F_%D0%BE%D0%B1%D0%BB%D0%B0%D1%81%D1%82%D1%8C)","image_url":"http://commons.wikimedia.org/wiki/Special:FilePath/BerezovskiyKemObl.jpg","source":"Викиданные","source_id":"Q105010","license":"CC0 (Викиданные)","confidence":"ok"}},{"type":"Feature","id":"settlements_wd:0bef20520b02","geometry":{"type":"Point","coordinates":[19.092778,50.089722]},"properties":{"uid":"settlements_wd:0bef20520b02","layer":"settlements_wd","layer_title":"Населённые места: год основания","group":"admin","title":"Берунь","category":"городская гмина","place_text":"Беруньско-Лендзинский повят","region":"Беруньско-Лендзинский повят","year_from":1290,"year_to":1960,"date_precision":"open","date_approx":true,"period_raw":"с 1290","summary":"город и гмина в Беруньско-лендзинском повяте Силезского воеводства Польши","url":"https://ru.wikipedia.org/wiki/%D0%91%D0%B5%D1%80%D1%83%D0%BD%D1%8C","image_url":"http://commons.wikimedia.org/wiki/Special:FilePath/Rynek%20w%20Bieruniu.JPG","source":"Викиданные","source_id":"Q325108","license":"CC0 (Викиданные)","confidence":"ok"}},{"type":"Feature","id":"settlements_wd:e94ba6ea5152","geometry":{"type":"Point","coordinates":[18.693333,52.876389]},"properties":{"uid":"settlements_wd:e94ba6ea5152","layer":"settlements_wd","layer_title":"Населённые места: год основания","group":"admin","title":"Александрув-Куявский","category":"город","place_text":"Александрувский повят","region":"Александрувский повят","year_from":1834,"year_to":1960,"date_precision":"open","date_approx":true,"period_raw":"с 1834","summary":"город в Польше, входит в Куявско-Поморское воеводство, Александрувский повят","url":"https://ru.wikipedia.org/wiki/%D0%90%D0%BB%D0%B5%D0%BA%D1%81%D0%B0%D0%BD%D0%B4%D1%80%D1%83%D0%B2-%D0%9A%D1%83%D1%8F%D0%B2%D1%81%D0%BA%D0%B8","image_url":"http://commons.wikimedia.org/wiki/Special:FilePath/Pa%C5%82ac%20w%20Aleksandrowie%20Kujawskim%20%28Clerk%29.JPG","source":"Викиданные","source_id":"Q325124","license":"CC0 (Викиданные)","confidence":"ok"}},{"type":"Feature","id":"settlements_wd:12c54c4874ee","geometry":{"type":"Point","coordinates":[19.406944,53.066944]},"properties":{"uid":"settlements_wd:12c54c4874ee","layer":"settlements_wd","layer_title":"Населённые места: год основания","group":"admin","title":"Рыпин","category":"город","place_text":"Рыпин","region":"Рыпин","year_from":1065,"year_to":1960,"date_precision":"open","date_approx":true,"period_raw":"с 1065","summary":"город в Польше, входит в Куявско-Поморское воеводство, Рыпинский повят.","url":"https://ru.wikipedia.org/wiki/%D0%A0%D1%8B%D0%BF%D0%B8%D0%BD","image_url":"http://commons.wikimedia.org/wiki/Special:FilePath/Rypin%2C%20Nowy%20Rynek.jpg","source":"Викиданные","source_id":"Q325244","license":"CC0 (Викиданные)","confidence":"ok"}},{"type":"Feature","id":"settlements_wd:b990db5f9b06","geometry":{"type":"Point","coordinates":[18.935556,53.735]},"properties":{"uid":"settlements_wd:b990db5f9b06","layer":"settlements_wd","layer_title":"Населённые места: год основания","group":"admin","title":"Квидзын","category":"городская гмина","place_text":"Квидзынский повят","region":"Квидзынский повят","year_from":1233,"year_to":1960,"date_precision":"open","date_approx":true,"period_raw":"с 1233","summary":"село и центр гмины и в Квидзынском повяте Поморского воеводства Польши","url":"https://ru.wikipedia.org/wiki/%D0%9A%D0%B2%D0%B8%D0%B4%D0%B7%D1%8B%D0%BD","image_url":"http://commons.wikimedia.org/wiki/Special:FilePath/444.%20Collage%20of%20views%20of%20Kwidzyn.jpg","source":"Викиданные","source_id":"Q326582","license":"CC0 (Викиданные)","confidence":"ok"}},{"type":"Feature","id":"settlements_wd:ad8c85cd72b2","geometry":{"type":"Point","coordinates":[39.416667,47.1]},"properties":{"uid":"settlements_wd:ad8c85cd72b2","layer":"settlements_wd","layer_title":"Населённые места: год основания","group":"admin","title":"Азов","category":"административно-территориальная единица России","place_text":"Городской округ Азов","region":"Городской округ Азов","year_from":1067,"year_to":1960,"date_precision":"open","date_approx":true,"period_raw":"с 1067","summary":"город в Ростовской области России","url":"https://ru.wikipedia.org/wiki/%D0%90%D0%B7%D0%BE%D0%B2","image_url":"http://commons.wikimedia.org/wiki/Special:FilePath/Ramparts-azov-fortress.jpg","source":"Викиданные","source_id":"Q102762","license":"CC0 (Викиданные)","confidence":"ok"}},{"type":"Feature","id":"settlements_wd:80cdbffe3599","geometry":{"type":"Point","coordinates":[38.736961,56.398054]},"properties":{"uid":"settlements_wd:80cdbffe3599","layer":"settlements_wd","layer_title":"Населённые места: год основания","group":"admin","title":"Александров","category":"город","place_text":"Городское поселение город Александров","region":"Городское поселение город Александров","year_from":1301,"year_to":1960,"date_precision":"open","date_approx":true,"period_raw":"с 1301","summary":"город в Александровском районе Владимирской области России","url":"https://ru.wikipedia.org/wiki/%D0%90%D0%BB%D0%B5%D0%BA%D1%81%D0%B0%D0%BD%D0%B4%D1%80%D0%BE%D0%B2_(%D0%B3%D0%BE%D1%80%D0%BE%D0%B4)","image_url":"http://commons.wikimedia.org/wiki/Special:FilePath/Alexandrov%20Kremlin%202024-05-01%209890.jpg","source":"Викиданные","source_id":"Q103377","license":"CC0 (Викиданные)","confidence":"ok"}},{"type":"Feature","id":"settlements_wd:a310df9e094f","geometry":{"type":"Point","coordinates":[142.15,50.9]},"properties":{"uid":"settlements_wd:a310df9e094f","layer":"settlements_wd","layer_title":"Населённые места: год основания","group":"admin","title":"Александровск-Сахалинский","category":"административно-территориальная единица России","place_text":"Александровск-Сахалинский район","region":"Александровск-Сахалинский район","year_from":1869,"year_to":1960,"date_precision":"open","date_approx":true,"period_raw":"с 1869","summary":"город в России","url":"https://ru.wikipedia.org/wiki/%D0%90%D0%BB%D0%B5%D0%BA%D1%81%D0%B0%D0%BD%D0%B4%D1%80%D0%BE%D0%B2%D1%81%D0%BA-%D0%A1%D0%B0%D1%85%D0%B0%D0%BB%D0%B8%D0%BD%D1%81%D0%BA%D0%B8%D0%B9","image_url":"http://commons.wikimedia.org/wiki/Special:FilePath/%D0%9C%D0%B0%D1%8F%D0%BA%20%D0%BD%D0%B0%20%D0%BC%D1%8B%D1%81%D0%B5%20%D0%96%D0%BE%D0%BD%D0%BA%D1%8C%D0%B5%D1%80.jpg","source":"Викиданные","source_id":"Q103406","license":"CC0 (Викиданные)","confidence":"ok"}},{"type":"Feature","id":"settlements_wd:df52d7334b3a","geometry":{"type":"Point","coordinates":[52.3,54.9]},"properties":{"uid":"settlements_wd:df52d7334b3a","layer":"settlements_wd","layer_title":"Населённые места: год основания","group":"admin","title":"Альметьевск","category":"административно-территориальная единица России","place_text":"Альметьевский район","region":"Альметьевский район","year_from":1740,"year_to":1960,"date_precision":"open","date_approx":true,"period_raw":"с 1740","summary":"город в Республике Татарстан Российской Федерации","url":"https://ru.wikipedia.org/wiki/%D0%90%D0%BB%D1%8C%D0%BC%D0%B5%D1%82%D1%8C%D0%B5%D0%B2%D1%81%D0%BA","image_url":"http://commons.wikimedia.org/wiki/Special:FilePath/Almetjewsk-Dramatheater-2006.jpg","source":"Викиданные","source_id":"Q103483","license":"CC0 (Викиданные)","confidence":"ok"}},{"type":"Feature","id":"settlements_wd:b6757c020019","geometry":{"type":"Point","coordinates":[61.566667,54.083333]},"properties":{"uid":"settlements_wd:b6757c020019","layer":"settlements_wd","layer_title":"Населённые места: год основания","group":"admin","title":"Троицк","category":"административно-территориальная единица России","place_text":"Троицкий городской округ","region":"Троицкий городской округ","year_from":1743,"year_to":1960,"date_precision":"open","date_approx":true,"period_raw":"с 1743","summary":"город в Челябинской области России","url":"https://ru.wikipedia.org/wiki/%D0%A2%D1%80%D0%BE%D0%B8%D1%86%D0%BA_(%D0%A7%D0%B5%D0%BB%D1%8F%D0%B1%D0%B8%D0%BD%D1%81%D0%BA%D0%B0%D1%8F_%D0%BE%D0%B1%D0%BB%D0%B0%D1%81%D1%82%D1%8C)","image_url":"http://commons.wikimedia.org/wiki/Special:FilePath/Troitsk%2001.jpg","source":"Викиданные","source_id":"Q196694","license":"CC0 (Викиданные)","confidence":"ok"}},{"type":"Feature","id":"settlements_wd:541c3af1c098","geometry":{"type":"Point","coordinates":[39.083333,44.1]},"properties":{"uid":"settlements_wd:541c3af1c098","layer":"settlements_wd","layer_title":"Населённые места: год основания","group":"admin","title":"Туапсе","category":"портовый город","place_text":"Краснодарский край","region":"Краснодарский край","year_from":1838,"year_to":1960,"date_precision":"open","date_approx":true,"period_raw":"с 1838","summary":"город в Туапсинском районе Краснодарского края России","url":"https://ru.wikipedia.org/wiki/%D0%A2%D1%83%D0%B0%D0%BF%D1%81%D0%B5","image_url":"http://commons.wikimedia.org/wiki/Special:FilePath/%D0%A2I%D1%83%D0%B0%D0%BF%D1%81%D1%8B.jpg","source":"Викиданные","source_id":"Q196702","license":"CC0 (Викиданные)","confidence":"ok"}},{"type":"Feature","id":"settlements_wd:d4f351f8d881","geometry":{"type":"Point","coordinates":[40.233333,47.7]},"properties":{"uid":"settlements_wd:d4f351f8d881","layer":"settlements_wd","layer_title":"Населённые места: год основания","group":"admin","title":"Шахты","category":"административно-территориальная единица России","place_text":"Ростовская область","region":"Ростовская область","year_from":1805,"year_to":1960,"date_precision":"open","date_approx":true,"period_raw":"с 1805","summary":"город в Ростовской области России","url":"https://ru.wikipedia.org/wiki/%D0%A8%D0%B0%D1%85%D1%82%D1%8B","image_url":"http://commons.wikimedia.org/wiki/Special:FilePath/%D0%9F%D0%BE%D0%BA%D1%80%D0%BE%D0%B2%D1%81%D0%BA%D0%B8%D0%B9%20%D1%81%D0%BE%D0%B1%D0%BE%D1%80%20%D0%B3%20%D0%A8%D0%B0%D1%85%D1%82%D1%8B.jpg","source":"Викиданные","source_id":"Q198206","license":"CC0 (Викиданные)","confidence":"ok"}},{"type":"Feature","id":"settlements_wd:286f67d4d714","geometry":{"type":"Point","coordinates":[46.416667,55.5]},"properties":{"uid":"settlements_wd:286f67d4d714","layer":"settlements_wd","layer_title":"Населённые места: год основания","group":"admin","title":"Шумерля","category":"город","place_text":"Чувашия","region":"Чувашия","year_from":1916,"year_to":1960,"date_precision":"open","date_approx":true,"period_raw":"с 1916","summary":"город в Чувашской Республике, Россия","url":"https://ru.wikipedia.org/wiki/%D0%A8%D1%83%D0%BC%D0%B5%D1%80%D0%BB%D1%8F","image_url":"http://commons.wikimedia.org/wiki/Special:FilePath/%D0%93%D0%BE%D1%80%D0%BE%D0%B4%20%D0%A8%D1%83%D0%BC%D0%B5%D1%80%D0%BB%D1%8F%20%D0%9C%D1%83%D0%B7%D1%8B%D0%BA%D0%B0%D0%BB%D1%8C%D0%BD%D0%B0%D1%8F%20%D1%88%D0%BA%D0%BE%D0%BB%D0%B0.JPG","source":"Викиданные","source_id":"Q198349","license":"CC0 (Викиданные)","confidence":"ok"}},{"type":"Feature","id":"settlements_wd:091a2f5cf853","geometry":{"type":"Point","coordinates":[28.657778,50.254444]},"properties":{"uid":"settlements_wd:091a2f5cf853","layer":"settlements_wd","layer_title":"Населённые места: год основания","group":"admin","title":"Житомир","category":"город областного значения Украины","place_text":"Житомирская городская община","region":"Житомирская городская община","date_precision":"unknown","date_approx":false,"summary":"город на северо-западе Украины, административный центр Житомирской области и Житомирского района","url":"https://ru.wikipedia.org/wiki/%D0%96%D0%B8%D1%82%D0%BE%D0%BC%D0%B8%D1%80","image_url":"http://commons.wikimedia.org/wiki/Special:FilePath/%D0%9F%D1%80%D0%B8%D0%BC%D1%96%D1%89%D0%B5%D0%BD%D0%BD%D1%8F%20%D0%96%D0%B8%D1%82%D0%BE%D0%BC%D0%B8%D1%80%D1%81%D1%8C%D0%BA%D0%BE%D0%B3%D0%BE%20%D0%B4%D0%B5%D1%80%D0%B6%D0%B0%D0%B2%D0%BD%D0%BE%D0%B3%D0%BE%20%D1%83%D0%BD%D1%96%D0%B2%D0%B5%D1%80%D1%81%D0%B8%D1%82%D0%B5%D1%82%D1%83%20%D1%96%D0%BC%D0%B5%D0%BD%D1%96%20%D0%86%D0%B2%D0%B0%D0%BD%D0%B0%20%D0%A4%D1%80%D0%B0%D0%BD%D0%BA%D0%B0.jpg","source":"Викиданные","source_id":"Q156713","license":"CC0 (Викиданные)","confidence":"ok"}},{"type":"Feature","id":"settlements_wd:5ad098974826","geometry":{"type":"Point","coordinates":[34.613333,48.516667]},"properties":{"uid":"settlements_wd:5ad098974826","layer":"settlements_wd","layer_title":"Населённые места: год основания","group":"admin","title":"Каменское","category":"город областного значения Украины","place_text":"Каменская городская община","region":"Каменская городская община","year_from":1750,"year_to":1960,"date_precision":"open","date_approx":true,"period_raw":"с 1750","summary":"город в Днепропетровской области Украины адм. центр Каменского района","url":"https://ru.wikipedia.org/wiki/%D0%9A%D0%B0%D0%BC%D0%B5%D0%BD%D1%81%D0%BA%D0%BE%D0%B5","image_url":"http://commons.wikimedia.org/wiki/Special:FilePath/Dndz%20kostel.JPG","source":"Викиданные","source_id":"Q156719","license":"CC0 (Викиданные)","confidence":"ok"}},{"type":"Feature","id":"settlements_wd:fbaa74598dd0","geometry":{"type":"Point","coordinates":[27.0,49.42]},"properties":{"uid":"settlements_wd:fbaa74598dd0","layer":"settlements_wd","layer_title":"Населённые места: год основания","group":"admin","title":"Хмельницкий","category":"город областного значения Украины","place_text":"Хмельницкая городская община","region":"Хмельницкая городская община","year_from":1431,"year_to":1960,"date_precision":"open","date_approx":true,"period_raw":"с 1431","summary":"город на Украине, административный центр Хмельницкой области","url":"https://ru.wikipedia.org/wiki/%D0%A5%D0%BC%D0%B5%D0%BB%D1%8C%D0%BD%D0%B8%D1%86%D0%BA%D0%B8%D0%B9_(%D0%B3%D0%BE%D1%80%D0%BE%D0%B4)","image_url":"http://commons.wikimedia.org/wiki/Special:FilePath/Khmelnitsky%2C%20Proskurivska%20St%2C%20beginning%2C%202005%2008%2010.jpg","source":"Викиданные","source_id":"Q156717","license":"CC0 (Викиданные)","confidence":"ok"}},{"type":"Feature","id":"settlements_wd:ed5c00a8d8cb","geometry":{"type":"Point","coordinates":[30.166667,55.183333]},"properties":{"uid":"settlements_wd:ed5c00a8d8cb","layer":"settlements_wd","layer_title":"Населённые места: год основания","group":"admin","title":"Витебск","category":"большой город","place_text":"Витебская область","region":"Витебская область","date_precision":"unknown","date_approx":false,"summary":"город в Беларуси, административный центр Витебской области и Витебского района","url":"https://ru.wikipedia.org/wiki/%D0%92%D0%B8%D1%82%D0%B5%D0%B1%D1%81%D0%BA","image_url":"http://commons.wikimedia.org/wiki/Special:FilePath/%D0%92%D0%B8%D1%82%D0%B5%D0%B1%D1%81%D0%BA.%20%D0%A3%D1%81%D0%BF%D0%B5%D0%BD%D1%81%D0%BA%D0%B8%D0%B9%20%D1%81%D0%BE%D0%B1%D0%BE%D1%80..JPG","source":"Викиданные","source_id":"Q102217","license":"CC0 (Викиданные)","confidence":"ok"}},{"type":"Feature","id":"settlements_wd:0f81582ff987","geometry":{"type":"Point","coordinates":[18.923,50.347]},"properties":{"uid":"settlements_wd:0f81582ff987","layer":"settlements_wd","layer_title":"Населённые места: год основания","group":"admin","title":"Бытом","category":"город","place_text":"Силезское воеводство","region":"Силезское воеводство","year_from":1200,"year_to":1960,"date_precision":"open","date_approx":true,"period_raw":"с 1200","summary":"город в южной Польше, в Силезском воеводстве. Город на правах повята","url":"https://ru.wikipedia.org/wiki/%D0%91%D1%8B%D1%82%D0%BE%D0%BC","image_url":"http://commons.wikimedia.org/wiki/Special:FilePath/Rynek%20w%20Bytomiu%20i%20widok%20na%20kamienice.jpg","source":"Викиданные","source_id":"Q102350","license":"CC0 (Викиданные)","confidence":"ok"}},{"type":"Feature","id":"settlements_wd:ad4242942487","geometry":{"type":"Point","coordinates":[24.2275,50.382222]},"properties":{"uid":"settlements_wd:ad4242942487","layer":"settlements_wd","layer_title":"Населённые места: год основания","group":"admin","title":"Шептицкий","category":"город Украины","place_text":"Червоноградская городская община","region":"Червоноградская городская община","year_from":1692,"year_to":1960,"date_precision":"open","date_approx":true,"period_raw":"с 1692","summary":"город во Львовской области Украины, адм. центр Шептицкого района","url":"https://ru.wikipedia.org/wiki/%D0%A8%D0%B5%D0%BF%D1%82%D0%B8%D1%86%D0%BA%D0%B8%D0%B9_(%D0%B3%D0%BE%D1%80%D0%BE%D0%B4)","image_url":"http://commons.wikimedia.org/wiki/Special:FilePath/Chervonograd%20sancti%20spiriti.jpg","source":"Викиданные","source_id":"Q156825","license":"CC0 (Викиданные)","confidence":"ok"}},{"type":"Feature","id":"settlements_wd:a232bebae0ca","geometry":{"type":"Point","coordinates":[51.1575,43.6525]},"properties":{"uid":"settlements_wd:a232bebae0ca","layer":"settlements_wd","layer_title":"Населённые места: год основания","group":"admin","title":"Актау","category":"город","place_text":"Актауская городская администрация","region":"Актауская городская администрация","year_from":1958,"year_to":1960,"date_precision":"open","date_approx":true,"period_raw":"с 1958","summary":"морской город-порт в Казахстане; административный центр Мангистауской области","url":"https://ru.wikipedia.org/wiki/%D0%90%D0%BA%D1%82%D0%B0%D1%83","image_url":"http://commons.wikimedia.org/wiki/Special:FilePath/Aktau%20plane.jpg","source":"Викиданные","source_id":"Q198989","license":"CC0 (Викиданные)","confidence":"ok"}},{"type":"Feature","id":"settlements_wd:e17be6530f7d","geometry":{"type":"Point","coordinates":[54.365,39.511944]},"properties":{"uid":"settlements_wd:e17be6530f7d","layer":"settlements_wd","layer_title":"Населённые места: год основания","group":"admin","title":"Балканабад","category":"список городов Туркменистана","place_text":"Балканский велаят","region":"Балканский велаят","year_from":1933,"year_to":1960,"date_precision":"open","date_approx":true,"period_raw":"с 1933","summary":"город, центр Балканского велаята Туркменистана","url":"https://ru.wikipedia.org/wiki/%D0%91%D0%B0%D0%BB%D0%BA%D0%B0%D0%BD%D0%B0%D0%B1%D0%B0%D0%B4","image_url":"http://commons.wikimedia.org/wiki/Special:FilePath/Balkanabat%20%2835672063011%29.jpg","source":"Викиданные","source_id":"Q199762","license":"CC0 (Викиданные)","confidence":"ok"}},{"type":"Feature","id":"settlements_wd:a0691092c9c0","geometry":{"type":"Point","coordinates":[27.283333,59.4]},"properties":{"uid":"settlements_wd:a0691092c9c0","layer":"settlements_wd","layer_title":"Населённые места: год основания","group":"admin","title":"Кохтла-Ярве","category":"город Эстонии","place_text":"Кохтла-Ярве","region":"Кохтла-Ярве","year_from":1946,"year_to":1960,"date_precision":"open","date_approx":true,"period_raw":"с 1946","summary":"город в Ида-Вируском уезде на северо-востоке Эстонии","url":"https://ru.wikipedia.org/wiki/%D0%9A%D0%BE%D1%85%D1%82%D0%BB%D0%B0-%D0%AF%D1%80%D0%B2%D0%B5","image_url":"http://commons.wikimedia.org/wiki/Special:FilePath/Tammiku-Ahtme2009.JPG","source":"Викиданные","source_id":"Q201391","license":"CC0 (Викиданные)","confidence":"ok"}},{"type":"Feature","id":"settlements_wd:04824f9961b7","geometry":{"type":"Point","coordinates":[24.466667,60.994444]},"properties":{"uid":"settlements_wd:04824f9961b7","layer":"settlements_wd","layer_title":"Населённые места: год основания","group":"admin","title":"Хямеэнлинна","category":"город","place_text":"Канта-Хяме","region":"Канта-Хяме","year_from":1639,"year_to":1960,"date_precision":"open","date_approx":true,"period_raw":"с 1639","summary":"город на юге Финляндии, административный центр области Канта-Хяме","url":"https://ru.wikipedia.org/wiki/%D0%A5%D1%8F%D0%BC%D0%B5%D1%8D%D0%BD%D0%BB%D0%B8%D0%BD%D0%BD%D0%B0","image_url":"http://commons.wikimedia.org/wiki/Special:FilePath/H%C3%A4meen%20linna%202020-02-29.jpg","source":"Викиданные","source_id":"Q202158","license":"CC0 (Викиданные)","confidence":"ok"}},{"type":"Feature","id":"settlements_wd:b3ffebd47cbb","geometry":{"type":"Point","coordinates":[23.426667,49.288056]},"properties":{"uid":"settlements_wd:b3ffebd47cbb","layer":"settlements_wd","layer_title":"Населённые места: год основания","group":"admin","title":"Борислав","category":"город областного значения Украины","place_text":"Дрогобычский повят","region":"Дрогобычский повят","year_from":1387,"year_to":1960,"date_precision":"open","date_approx":true,"period_raw":"с 1387","summary":"город в Дрогобычском районе Львовской области Украины","url":"https://ru.wikipedia.org/wiki/%D0%91%D0%BE%D1%80%D0%B8%D1%81%D0%BB%D0%B0%D0%B2_(%D0%B3%D0%BE%D1%80%D0%BE%D0%B4)","image_url":"http://commons.wikimedia.org/wiki/Special:FilePath/%D0%91%D0%BE%D1%80%D0%B8%D1%81%D0%BB%D0%B0%D0%B2.%20%D0%A6%D0%B5%D1%80%D0%BA%D0%B2%D0%B0%20%D1%81%D0%B2.%20%D0%90%D0%BD%D0%BD%D0%B8.%20Cerkiew%20Sw.%20Anny%20%28do%20r.%201945%20kosciol%20Sw.%20Barbary%29.jpg","source":"Викиданные","source_id":"Q157525","license":"CC0 (Викиданные)","confidence":"ok"}},{"type":"Feature","id":"settlements_wd:e782d2c91900","geometry":{"type":"Point","coordinates":[37.527778,48.620278]},"properties":{"uid":"settlements_wd:e782d2c91900","layer":"settlements_wd","layer_title":"Населённые места: год основания","group":"admin","title":"Дружковка","category":"город","place_text":"Дружковская городская община","region":"Дружковская городская община","year_from":1781,"year_to":1960,"date_precision":"open","date_approx":true,"period_raw":"с 1781","summary":"город в Краматорском районе Донецкой области Украины","url":"https://ru.wikipedia.org/wiki/%D0%94%D1%80%D1%83%D0%B6%D0%BA%D0%BE%D0%B2%D0%BA%D0%B0","image_url":"http://commons.wikimedia.org/wiki/Special:FilePath/Panoramio%20-%20V%26A%20Dudush%20-%20%D0%B0%D0%BF%D1%80%D0%B5%D0%BB%D1%8C%202009.jpg","source":"Викиданные","source_id":"Q157795","license":"CC0 (Викиданные)","confidence":"ok"}},{"type":"Feature","id":"settlements_wd:cc16ed363165","geometry":{"type":"Point","coordinates":[35.1175,47.85]},"properties":{"uid":"settlements_wd:cc16ed363165","layer":"settlements_wd","layer_title":"Населённые места: год основания","group":"admin","title":"Запорожье","category":"большой город","place_text":"Екатеринославская губерния","region":"Екатеринославская губерния","date_precision":"unknown","date_approx":false,"summary":"город на Украине, административный центр Запорожской области","url":"https://ru.wikipedia.org/wiki/%D0%97%D0%B0%D0%BF%D0%BE%D1%80%D0%BE%D0%B6%D1%8C%D0%B5","image_url":"http://commons.wikimedia.org/wiki/Special:FilePath/%D0%9D%D0%B0%D0%B4%20%D0%BF%D1%80%D0%BE%D1%81%D0%BF%D0%B5%D0%BA%D1%82%D0%BE%D0%BC%20%D0%9C%D0%B5%D1%82%D0%B0%D0%BB%D1%83%D1%80%D0%B3%D1%96%D0%B2.jpg","source":"Викиданные","source_id":"Q157835","license":"CC0 (Викиданные)","confidence":"ok"}},{"type":"Feature","id":"settlements_wd:a0d409cf7b71","geometry":{"type":"Point","coordinates":[20.008889,51.531389]},"properties":{"uid":"settlements_wd:a0d409cf7b71","layer":"settlements_wd","layer_title":"Населённые места: год основания","group":"admin","title":"Томашув-Мазовецки","category":"городская гмина","place_text":"Томашувский повят","region":"Томашувский повят","year_from":1363,"year_to":1960,"date_precision":"open","date_approx":true,"period_raw":"с 1363","summary":"город в Польше","url":"https://ru.wikipedia.org/wiki/%D0%A2%D0%BE%D0%BC%D0%B0%D1%88%D1%83%D0%B2-%D0%9C%D0%B0%D0%B7%D0%BE%D0%B2%D0%B5%D1%86%D0%BA%D0%B8","image_url":"http://commons.wikimedia.org/wiki/Special:FilePath/Ko%C5%9Bciuszko%20Square%20in%20Tomasz%C3%B3w%20Mazowiecki%2C%20June%202020.jpg","source":"Викиданные","source_id":"Q157994","license":"CC0 (Викиданные)","confidence":"ok"}},{"type":"Feature","id":"settlements_wd:e0a776e855f5","geometry":{"type":"Point","coordinates":[34.081099,47.663191]},"properties":{"uid":"settlements_wd:e0a776e855f5","layer":"settlements_wd","layer_title":"Населённые места: год основания","group":"admin","title":"Покров","category":"посёлок городского типа","place_text":"Никопольский район","region":"Никопольский район","year_from":1886,"year_to":1960,"date_precision":"open","date_approx":true,"period_raw":"с 1886","summary":"город на Украине, Днепропетровская область, Покровский городской совет","url":"https://ru.wikipedia.org/wiki/%D0%9F%D0%BE%D0%BA%D1%80%D0%BE%D0%B2_(%D0%A3%D0%BA%D1%80%D0%B0%D0%B8%D0%BD%D0%B0)","image_url":"http://commons.wikimedia.org/wiki/Special:FilePath/City%20of%20Pokrov%2C%20Shevchenko%20Alley.jpg","source":"Викиданные","source_id":"Q639476","license":"CC0 (Викиданные)","confidence":"ok"}},{"type":"Feature","id":"settlements_wd:cc80b13c7c6b","geometry":{"type":"Point","coordinates":[18.19735,54.33424]},"properties":{"uid":"settlements_wd:cc80b13c7c6b","layer":"settlements_wd","layer_title":"Населённые места: год основания","group":"admin","title":"Картузы","category":"город","place_text":"Картузы","region":"Картузы","year_from":1391,"year_to":1960,"date_precision":"open","date_approx":true,"period_raw":"с 1391","summary":"город в Польше, входит в Поморское воеводство, Картузский повят","url":"https://ru.wikipedia.org/wiki/%D0%9A%D0%B0%D1%80%D1%82%D1%83%D0%B7%D1%8B","image_url":"http://commons.wikimedia.org/wiki/Special:FilePath/Kartuzy.jpg","source":"Викиданные","source_id":"Q640355","license":"CC0 (Викиданные)","confidence":"ok"}},{"type":"Feature","id":"settlements_wd:f510cc812b5f","geometry":{"type":"Point","coordinates":[36.263172,47.664436]},"properties":{"uid":"settlements_wd:f510cc812b5f","layer":"settlements_wd","layer_title":"Населённые места: год основания","group":"admin","title":"Гуляйполе","category":"город Украины","place_text":"Гуляйпольский район","region":"Гуляйпольский район","year_from":1770,"year_to":1960,"date_precision":"open","date_approx":true,"period_raw":"с 1770","summary":"город в Запорожской области Украины","url":"https://ru.wikipedia.org/wiki/%D0%93%D1%83%D0%BB%D1%8F%D0%B9%D0%BF%D0%BE%D0%BB%D0%B5","image_url":"http://commons.wikimedia.org/wiki/Special:FilePath/%D0%93%D1%83%D0%BB%D1%8F%D0%B9%D0%BF%D1%96%D0%BB%D1%8C%D1%81%D1%8C%D0%BA%D0%B0%20%D1%80%D0%B0%D0%B9%D0%BE%D0%BD%D0%BD%D0%B0%20%D1%80%D0%B0%D0%B4%D0%B0%2001.JPG","source":"Викиданные","source_id":"Q640649","license":"CC0 (Викиданные)","confidence":"ok"}},{"type":"Feature","id":"settlements_wd:37d35ddc9bd1","geometry":{"type":"Point","coordinates":[22.966667,53.85]},"properties":{"uid":"settlements_wd:37d35ddc9bd1","layer":"settlements_wd","layer_title":"Населённые места: год основания","group":"admin","title":"Августов","category":"городская гмина","place_text":"Августовский повет","region":"Августовский повет","year_from":1550,"year_to":1960,"date_precision":"open","date_approx":true,"period_raw":"с 1550","summary":"город на северо-востоке Польши","url":"https://ru.wikipedia.org/wiki/%D0%90%D0%B2%D0%B3%D1%83%D1%81%D1%82%D0%BE%D0%B2","image_url":"http://commons.wikimedia.org/wiki/Special:FilePath/Necko%20from%20Borki%2002.JPG","source":"Викиданные","source_id":"Q464763","license":"CC0 (Викиданные)","confidence":"ok"}},{"type":"Feature","id":"settlements_wd:5760d37d1db8","geometry":{"type":"Point","coordinates":[24.854444,57.153889]},"properties":{"uid":"settlements_wd:5760d37d1db8","layer":"settlements_wd","layer_title":"Населённые места: год основания","group":"admin","title":"Сигулда","category":"город","place_text":"Сигулдский край","region":"Сигулдский край","year_from":1207,"year_to":1960,"date_precision":"open","date_approx":true,"period_raw":"с 1207","summary":"город в Латвии","url":"https://ru.wikipedia.org/wiki/%D0%A1%D0%B8%D0%B3%D1%83%D0%BB%D0%B4%D0%B0","image_url":"http://commons.wikimedia.org/wiki/Special:FilePath/The%20new%20Sigulda%20castle%20%282%29.JPG","source":"Викиданные","source_id":"Q465698","license":"CC0 (Викиданные)","confidence":"ok"}},{"type":"Feature","id":"settlements_wd:24e96ea8a180","geometry":{"type":"Point","coordinates":[20.066111,49.989444]},"properties":{"uid":"settlements_wd:24e96ea8a180","layer":"settlements_wd","layer_title":"Населённые места: год основания","group":"admin","title":"Величка","category":"город","place_text":"Величка","region":"Величка","year_from":1123,"year_to":1960,"date_precision":"open","date_approx":true,"period_raw":"с 1123","summary":"город в Польше, входит в Малопольское воеводство, центр Величского повята","url":"https://ru.wikipedia.org/wiki/%D0%92%D0%B5%D0%BB%D0%B8%D1%87%D0%BA%D0%B0","image_url":"http://commons.wikimedia.org/wiki/Special:FilePath/Wieliczka%20widok%20na%20Zamek%20%C5%BBupny%20Sztygar%C3%B3wk%C4%99%20Rynek%20G%C3%B3rny%20w%20Wieliczce.jpg","source":"Викиданные","source_id":"Q472621","license":"CC0 (Викиданные)","confidence":"ok"}},{"type":"Feature","id":"settlements_wd:60393667a0d5","geometry":{"type":"Point","coordinates":[60.6249,41.5345]},"properties":{"uid":"settlements_wd:60393667a0d5","layer":"settlements_wd","layer_title":"Населённые места: год основания","group":"admin","title":"Ургенч","category":"город","place_text":"Хорезмская область","region":"Хорезмская область","year_from":1643,"year_to":1960,"date_precision":"open","date_approx":true,"period_raw":"с 1643","summary":"город в Узбекистане, административный центр Хорезмского вилаята","url":"https://ru.wikipedia.org/wiki/%D0%A3%D1%80%D0%B3%D0%B5%D0%BD%D1%87","image_url":"http://commons.wikimedia.org/wiki/Special:FilePath/Waterfront%20of%20Shavat%20canal%20in%20Urganch.jpg","source":"Викиданные","source_id":"Q472925","license":"CC0 (Викиданные)","confidence":"ok"}},{"type":"Feature","id":"settlements_wd:f10f16d4e47d","geometry":{"type":"Point","coordinates":[18.4475,53.409444]},"properties":{"uid":"settlements_wd:f10f16d4e47d","layer":"settlements_wd","layer_title":"Населённые места: год основания","group":"admin","title":"Свеце","category":"городок","place_text":"Свеце","region":"Свеце","year_from":1198,"year_to":1960,"date_precision":"open","date_approx":true,"period_raw":"с 1198","summary":"город в Польше, входит в Куявско-Поморское воеводство, адм. центр Свецкого повята","url":"https://ru.wikipedia.org/wiki/%D0%A1%D0%B2%D0%B5%D1%86%D0%B5","image_url":"http://commons.wikimedia.org/wiki/Special:FilePath/Northern%20frontage%20of%20the%20Market%20Square%20in%20Swiecie%2002.jpg","source":"Викиданные","source_id":"Q387502","license":"CC0 (Викиданные)","confidence":"ok"}},{"type":"Feature","id":"settlements_wd:95448ed5b0d9","geometry":{"type":"Point","coordinates":[19.683333,49.866667]},"properties":{"uid":"settlements_wd:95448ed5b0d9","layer":"settlements_wd","layer_title":"Населённые места: год основания","group":"admin","title":"Кальваря-Зебжидовская","category":"город","place_text":"Кальваря-Зебжидовска","region":"Кальваря-Зебжидовска","year_from":1617,"year_to":1960,"date_precision":"open","date_approx":true,"period_raw":"с 1617","summary":"город в Польше, входит в Малопольское воеводство, Вадовицкий повят","url":"https://ru.wikipedia.org/wiki/%D0%9A%D0%B0%D0%BB%D1%8C%D0%B2%D0%B0%D1%80%D1%8C%D1%8F-%D0%97%D0%B5%D0%B1%D0%B6%D0%B8%D0%B4%D0%BE%D0%B2%D1%81%D0%BA%D0%B0","image_url":"http://commons.wikimedia.org/wiki/Special:FilePath/Kalwaria%20Zebrzydowska%20014.jpg","source":"Викиданные","source_id":"Q389860","license":"CC0 (Викиданные)","confidence":"ok"}},{"type":"Feature","id":"settlements_wd:8be204ab086f","geometry":{"type":"Point","coordinates":[39.231111,48.738056]},"properties":{"uid":"settlements_wd:8be204ab086f","layer":"settlements_wd","layer_title":"Населённые места: год основания","group":"admin","title":"Счастье","category":"город","place_text":"Счастьинская городская община","region":"Счастьинская городская община","year_from":1601,"year_to":1960,"date_precision":"open","date_approx":true,"period_raw":"с 1601","summary":"город в Луганской области Украины, адм. центр Счастьенского района","url":"https://ru.wikipedia.org/wiki/%D0%A1%D1%87%D0%B0%D1%81%D1%82%D1%8C%D0%B5_(%D0%B3%D0%BE%D1%80%D0%BE%D0%B4)","image_url":"http://commons.wikimedia.org/wiki/Special:FilePath/44-231-0046%2C%20%D0%A6%D0%B5%D1%80%D0%BA%D0%B2%D0%B0%20%D0%9A%D0%B0%D1%82%D0%B5%D1%80%D0%B8%D0%BD%D0%B8%D0%BD%D1%81%D1%8C%D0%BA%D0%B0%20%28%D0%BC%D1%83%D1%80.%29%2C%D0%BA%D1%96%D0%BD.%20XIX%20%D1%81%D1%82.%20%E2%80%94%20%D0%BF%D0%BE%D1%87.%20XX%20%D1%81%D1%82.%2C%20%D0%A9%D0%B0%D1%81%D1%82%D1%8F.jpg","source":"Викиданные","source_id":"Q391938","license":"CC0 (Викиданные)","confidence":"ok"}},{"type":"Feature","id":"settlements_wd:495c6c57d21f","geometry":{"type":"Point","coordinates":[20.883333,51.116667]},"properties":{"uid":"settlements_wd:495c6c57d21f","layer":"settlements_wd","layer_title":"Населённые места: год основания","group":"admin","title":"Скаржиско-Каменна","category":"городская гмина","place_text":"Скаржиский повят","region":"Скаржиский повят","year_from":1923,"year_to":1960,"date_precision":"open","date_approx":true,"period_raw":"с 1923","summary":"город в Польше, входит в Свентокшиское воеводство","url":"https://ru.wikipedia.org/wiki/%D0%A1%D0%BA%D0%B0%D1%80%D0%B6%D0%B8%D1%81%D0%BA%D0%BE-%D0%9A%D0%B0%D0%BC%D0%B5%D0%BD%D0%BD%D0%B0","image_url":"http://commons.wikimedia.org/wiki/Special:FilePath/Skar%C5%BCysko-Kamienna.%20Ko%C5%9Bci%C3%B3%C5%82%20Naj%C5%9Bwi%C4%99tszego%20Serca%20Pana%20Jezusa%208.jpg","source":"Викиданные","source_id":"Q644002","license":"CC0 (Викиданные)","confidence":"ok"}},{"type":"Feature","id":"settlements_wd:67ca6bb5e65e","geometry":{"type":"Point","coordinates":[65.8,38.866667]},"properties":{"uid":"settlements_wd:67ca6bb5e65e","layer":"settlements_wd","layer_title":"Населённые места: год основания","group":"admin","title":"Карши","category":"большой город","place_text":"Кашкадарьинская область","region":"Кашкадарьинская область","year_from":1926,"year_to":1960,"date_precision":"open","date_approx":true,"period_raw":"с 1926","summary":"город в Узбекистане, административный центр Кашкадарьинской области","url":"https://ru.wikipedia.org/wiki/%D0%9A%D0%B0%D1%80%D1%88%D0%B8","image_url":"http://commons.wikimedia.org/wiki/Special:FilePath/Ancient%20bridge%20in%20Qarshi%20%28Uzbekistan%29.jpg","source":"Викиданные","source_id":"Q644008","license":"CC0 (Викиданные)","confidence":"ok"}},{"type":"Feature","id":"settlements_wd:88b48c9f6a0c","geometry":{"type":"Point","coordinates":[19.207892,50.330869]},"properties":{"uid":"settlements_wd:88b48c9f6a0c","layer":"settlements_wd","layer_title":"Населённые места: год основания","group":"admin","title":"Домброва-Гурнича","category":"город","place_text":"Силезское воеводство","region":"Силезское воеводство","year_from":1916,"year_to":1960,"date_precision":"open","date_approx":true,"period_raw":"с 1916","summary":"город в Домбровском бассейне (малопольская часть Силезского воеводства)","url":"https://ru.wikipedia.org/wiki/%D0%94%D0%BE%D0%BC%D0%B1%D1%80%D0%BE%D0%B2%D0%B0-%D0%93%D1%83%D1%80%D0%BD%D0%B8%D1%87%D0%B0","image_url":"http://commons.wikimedia.org/wiki/Special:FilePath/Pa%C5%82ac%20Kultury%20Zag%C5%82%C4%99bia%2004.JPG","source":"Викиданные","source_id":"Q108672","license":"CC0 (Викиданные)","confidence":"ok"}},{"type":"Feature","id":"settlements_wd:c4da2499ef0f","geometry":{"type":"Point","coordinates":[18.87424,50.27006]},"properties":{"uid":"settlements_wd:c4da2499ef0f","layer":"settlements_wd","layer_title":"Населённые места: год основания","group":"admin","title":"Руда-Слёнская","category":"город","place_text":"Силезское воеводство","region":"Силезское воеводство","year_from":1959,"year_to":1960,"date_precision":"open","date_approx":true,"period_raw":"с 1959","summary":"город с правами повята Силезском воеводстве Польши","url":"https://ru.wikipedia.org/wiki/%D0%A0%D1%83%D0%B4%D0%B0-%D0%A1%D0%BB%D1%91%D0%BD%D1%81%D0%BA%D0%B0","image_url":"http://commons.wikimedia.org/wiki/Special:FilePath/Ruda%20Slaska%20kosciol%20sw.%20Pawla%20Apostola.jpg","source":"Викиданные","source_id":"Q108679","license":"CC0 (Викиданные)","confidence":"ok"}},{"type":"Feature","id":"settlements_wd:a31059ae1876","geometry":{"type":"Point","coordinates":[25.6,49.566667]},"properties":{"uid":"settlements_wd:a31059ae1876","layer":"settlements_wd","layer_title":"Населённые места: год основания","group":"admin","title":"Тернополь","category":"город областного значения Украины","place_text":"Тернопольская городская община","region":"Тернопольская городская община","year_from":1540,"year_to":1960,"date_precision":"open","date_approx":true,"period_raw":"с 1540","summary":"город, административный центр Тернопольской области Украины","url":"https://ru.wikipedia.org/wiki/%D0%A2%D0%B5%D1%80%D0%BD%D0%BE%D0%BF%D0%BE%D0%BB%D1%8C","image_url":"http://commons.wikimedia.org/wiki/Special:FilePath/UA-TE%20Ternopil%20Buran%2018-06-16.JPG","source":"Викиданные","source_id":"Q156743","license":"CC0 (Викиданные)","confidence":"ok"}},{"type":"Feature","id":"settlements_wd:5cce492851af","geometry":{"type":"Point","coordinates":[34.799167,50.906667]},"properties":{"uid":"settlements_wd:5cce492851af","layer":"settlements_wd","layer_title":"Населённые места: год основания","group":"admin","title":"Сумы","category":"город областного значения Украины","place_text":"Украинская ССР","region":"Украинская ССР","year_from":1652,"year_to":1960,"date_precision":"open","date_approx":true,"period_raw":"с 1652","summary":"город на северо-востоке Украины, административный центр Сумской области","url":"https://ru.wikipedia.org/wiki/%D0%A1%D1%83%D0%BC%D1%8B","image_url":"http://commons.wikimedia.org/wiki/Special:FilePath/Skyline%20of%20Sumy.jpg","source":"Викиданные","source_id":"Q156752","license":"CC0 (Викиданные)","confidence":"ok"}},{"type":"Feature","id":"settlements_wd:93329a01d687","geometry":{"type":"Point","coordinates":[34.4,47.566667]},"properties":{"uid":"settlements_wd:93329a01d687","layer":"settlements_wd","layer_title":"Населённые места: год основания","group":"admin","title":"Никополь","category":"населённый пункт","place_text":"Никопольский район","region":"Никопольский район","year_from":1782,"year_to":1960,"date_precision":"open","date_approx":true,"period_raw":"с 1782","summary":"город в Днепропетровской области Украины адм. центр Никопольского района","url":"https://ru.wikipedia.org/wiki/%D0%9D%D0%B8%D0%BA%D0%BE%D0%BF%D0%BE%D0%BB%D1%8C_(%D0%B3%D0%BE%D1%80%D0%BE%D0%B4,_%D0%A3%D0%BA%D1%80%D0%B0%D0%B8%D0%BD%D0%B0)","image_url":"http://commons.wikimedia.org/wiki/Special:FilePath/%D0%97%D0%B4%D0%B0%D0%BD%D0%B8%D0%B5%20%D0%B3%D0%BE%D1%80%D0%BE%D0%B4%D1%81%D0%BA%D0%BE%D0%B9%20%D0%B0%D0%B4%D0%BC%D0%B8%D0%BD%D0%B8%D1%81%D1%82%D1%80%D0%B0%D1%86%D0%B8%D0%B8%20%D0%B3.%20%D0%9D%D0%B8%D0%BA%D0%BE%D0%BF%D0%BE%D0%BB%D1%8C.jpg","source":"Викиданные","source_id":"Q156760","license":"CC0 (Викиданные)","confidence":"ok"}},{"type":"Feature","id":"settlements_wd:51de6d503193","geometry":{"type":"Point","coordinates":[24.13,49.470278]},"properties":{"uid":"settlements_wd:51de6d503193","layer":"settlements_wd","layer_title":"Населённые места: год основания","group":"admin","title":"Новый Роздол","category":"населённый пункт","place_text":"Львовская область","region":"Львовская область","year_from":1952,"year_to":1960,"date_precision":"open","date_approx":true,"period_raw":"с 1952","summary":"город в Стрыйском районе Львовской области Украины","url":"https://ru.wikipedia.org/wiki/%D0%9D%D0%BE%D0%B2%D1%8B%D0%B9_%D0%A0%D0%BE%D0%B7%D0%B4%D0%BE%D0%BB","image_url":"http://commons.wikimedia.org/wiki/Special:FilePath/Novy%20Rozdol.JPG","source":"Викиданные","source_id":"Q156809","license":"CC0 (Викиданные)","confidence":"ok"}},{"type":"Feature","id":"settlements_wd:be7feb0b18c8","geometry":{"type":"Point","coordinates":[44.578333,40.004444]},"properties":{"uid":"settlements_wd:be7feb0b18c8","layer":"settlements_wd","layer_title":"Населённые места: год основания","group":"admin","title":"Двин","category":"город","place_text":"Араратская область","region":"Араратская область","year_from":1236,"year_to":1236,"date_precision":"open","date_approx":true,"period_raw":"до 1236","summary":"историческая столица Армении","url":"https://ru.wikipedia.org/wiki/%D0%94%D0%B2%D0%B8%D0%BD","image_url":"http://commons.wikimedia.org/wiki/Special:FilePath/Dvin.jpg","source":"Викиданные","source_id":"Q429059","license":"CC0 (Викиданные)","confidence":"ok"}},{"type":"Feature","id":"settlements_wd:6a983d24ece3","geometry":{"type":"Point","coordinates":[24.05,54.4]},"properties":{"uid":"settlements_wd:6a983d24ece3","layer":"settlements_wd","layer_title":"Населённые места: год основания","group":"admin","title":"Алитус","category":"город","place_text":"Алитусское городское самоуправление","region":"Алитусское городское самоуправление","year_from":1377,"year_to":1960,"date_precision":"open","date_approx":true,"period_raw":"с 1377","summary":"город в Литве, административный центр Алитусского уезда и Алитусского района","url":"https://ru.wikipedia.org/wiki/%D0%90%D0%BB%D0%B8%D1%82%D1%83%D1%81","image_url":"http://commons.wikimedia.org/wiki/Special:FilePath/Alytus.png","source":"Викиданные","source_id":"Q450625","license":"CC0 (Викиданные)","confidence":"ok"}},{"type":"Feature","id":"settlements_wd:828476923ee0","geometry":{"type":"Point","coordinates":[45.412222,39.208889]},"properties":{"uid":"settlements_wd:828476923ee0","layer":"settlements_wd","layer_title":"Населённые места: год основания","group":"admin","title":"Нахичевань","category":"город","place_text":"Нахичеванская Автономная Республика","region":"Нахичеванская Автономная Республика","date_precision":"unknown","date_approx":false,"summary":"город, столица Нахичеванской Автономной Республики Азербайджана","url":"https://ru.wikipedia.org/wiki/%D0%9D%D0%B0%D1%85%D0%B8%D1%87%D0%B5%D0%B2%D0%B0%D0%BD%D1%8C","image_url":"http://commons.wikimedia.org/wiki/Special:FilePath/NakchivanMontage2021.jpg","source":"Викиданные","source_id":"Q230104","license":"CC0 (Викиданные)","confidence":"ok"}},{"type":"Feature","id":"settlements_wd:c91527914aa8","geometry":{"type":"Point","coordinates":[20.032222,49.477778]},"properties":{"uid":"settlements_wd:c91527914aa8","layer":"settlements_wd","layer_title":"Населённые места: год основания","group":"admin","title":"Новы-Тарг","category":"городская гмина","place_text":"Новотаргский повет","region":"Новотаргский повет","year_from":1201,"year_to":1960,"date_precision":"open","date_approx":true,"period_raw":"с 1201","summary":"город в Польше, входит в Малопольское воеводство, Новотаргский повят","url":"https://ru.wikipedia.org/wiki/%D0%9D%D0%BE%D0%B2%D1%8B-%D0%A2%D0%B0%D1%80%D0%B3","image_url":"http://commons.wikimedia.org/wiki/Special:FilePath/Nt-223.jpg","source":"Викиданные","source_id":"Q231593","license":"CC0 (Викиданные)","confidence":"ok"}},{"type":"Feature","id":"settlements_wd:f9d4d15e7dc5","geometry":{"type":"Point","coordinates":[23.483333,51.133333]},"properties":{"uid":"settlements_wd:f9d4d15e7dc5","layer":"settlements_wd","layer_title":"Населённые места: год основания","group":"admin","title":"Хелм","category":"город","place_text":"Люблинское воеводство","region":"Люблинское воеводство","year_from":1237,"year_to":1960,"date_precision":"open","date_approx":true,"period_raw":"с 1237","summary":"город в Польши, в составе Люблинского воеводства, админ. центр гмины Хелм","url":"https://ru.wikipedia.org/wiki/%D0%A5%D0%B5%D0%BB%D0%BC","image_url":"http://commons.wikimedia.org/wiki/Special:FilePath/Che%C5%82mska%20g%C3%B3rka1.jpg","source":"Викиданные","source_id":"Q234184","license":"CC0 (Викиданные)","confidence":"ok"}},{"type":"Feature","id":"settlements_wd:35890ca74372","geometry":{"type":"Point","coordinates":[28.467222,49.237222]},"properties":{"uid":"settlements_wd:35890ca74372","layer":"settlements_wd","layer_title":"Населённые места: год основания","group":"admin","title":"Винница","category":"большой город","place_text":"Винницкая область","region":"Винницкая область","year_from":1363,"year_to":1960,"date_precision":"open","date_approx":true,"period_raw":"с 1363","summary":"город, административный центр Винницкой области Украины","url":"https://ru.wikipedia.org/wiki/%D0%92%D0%B8%D0%BD%D0%BD%D0%B8%D1%86%D0%B0","image_url":"http://commons.wikimedia.org/wiki/Special:FilePath/Old%20Tower%20night%20winter%202011%20G1.jpg","source":"Викиданные","source_id":"Q157144","license":"CC0 (Викиданные)","confidence":"ok"}},{"type":"Feature","id":"settlements_wd:590fd111f553","geometry":{"type":"Point","coordinates":[38.0925,48.333611]},"properties":{"uid":"settlements_wd:590fd111f553","layer":"settlements_wd","layer_title":"Населённые места: год основания","group":"admin","title":"Горловка","category":"город Украины","place_text":"Horlivka Hromada","region":"Horlivka Hromada","year_from":1779,"year_to":1960,"date_precision":"open","date_approx":true,"period_raw":"с 1779","summary":"город на Украине","url":"https://ru.wikipedia.org/wiki/%D0%93%D0%BE%D1%80%D0%BB%D0%BE%D0%B2%D0%BA%D0%B0","image_url":"http://commons.wikimedia.org/wiki/Special:FilePath/%D0%94%D0%BE%D0%BC%20%D0%BA%D1%83%D0%BB%D1%8C%D1%82%D1%83%D1%80%D1%8B%20%D0%BF%D1%80.%20%D0%9B%D0%B5%D0%BD%D0%B8%D0%BD%D0%B0%201%20%D0%B3.%20%D0%93%D0%BE%D1%80%D0%BB%D0%BE%D0%B2%D0%BA%D0%B0.jpg","source":"Викиданные","source_id":"Q157260","license":"CC0 (Викиданные)","confidence":"ok"}},{"type":"Feature","id":"settlements_wd:b60024be8962","geometry":{"type":"Point","coordinates":[25.001194,48.866861]},"properties":{"uid":"settlements_wd:b60024be8962","layer":"settlements_wd","layer_title":"Населённые места: год основания","group":"admin","title":"Тлумач","category":"город Украины","place_text":"Тлумацкая городская община","region":"Тлумацкая городская община","year_from":1213,"year_to":1960,"date_precision":"open","date_approx":true,"period_raw":"с 1213","summary":"город в Ивано-Франковском районе Ивано-Франковской области Украины","url":"https://ru.wikipedia.org/wiki/%D0%A2%D0%BB%D1%83%D0%BC%D0%B0%D1%87","image_url":"http://commons.wikimedia.org/wiki/Special:FilePath/%D0%A2%D0%BB%D1%83%D0%BC%D0%B0%D1%87%20%D0%92%D0%B8%D0%BD%D0%BD%D0%B8%D1%87%D0%B5%D0%BD%D0%BA%D0%B0%2016.jpg","source":"Викиданные","source_id":"Q157457","license":"CC0 (Викиданные)","confidence":"ok"}},{"type":"Feature","id":"settlements_wd:7b64070a176a","geometry":{"type":"Point","coordinates":[25.095278,48.315]},"properties":{"uid":"settlements_wd:7b64070a176a","layer":"settlements_wd","layer_title":"Населённые места: год основания","group":"admin","title":"Косов","category":"город Украины","place_text":"Королевство Галиции и Лодомерии","region":"Королевство Галиции и Лодомерии","year_from":1424,"year_to":1960,"date_precision":"open","date_approx":true,"period_raw":"с 1424","summary":"город в Ивано-Франковской области Украины адм. центр Косовского района","url":"https://ru.wikipedia.org/wiki/%D0%9A%D0%BE%D1%81%D0%BE%D0%B2","image_url":"http://commons.wikimedia.org/wiki/Special:FilePath/Kosiv%20City%20Hall%20and%20Regional%20Administration.jpg","source":"Викиданные","source_id":"Q157461","license":"CC0 (Викиданные)","confidence":"ok"}},{"type":"Feature","id":"settlements_wd:e01836877661","geometry":{"type":"Point","coordinates":[18.903889,50.170833]},"properties":{"uid":"settlements_wd:e01836877661","layer":"settlements_wd","layer_title":"Населённые места: год основания","group":"admin","title":"Миколув","category":"город","place_text":"Миколувский повят","region":"Миколувский повят","year_from":1222,"year_to":1960,"date_precision":"open","date_approx":true,"period_raw":"с 1222","summary":"город и гмина в Польше","url":"https://ru.wikipedia.org/wiki/%D0%9C%D0%B8%D0%BA%D0%BE%D0%BB%D1%83%D0%B2","image_url":"http://commons.wikimedia.org/wiki/Special:FilePath/Miko%C5%82%C3%B3w%20Rynek%20w%20Miko%C5%82owie%20Marketplace%20Panorama.jpg","source":"Викиданные","source_id":"Q659905","license":"CC0 (Викиданные)","confidence":"ok"}},{"type":"Feature","id":"settlements_wd:bc9ce74ed67d","geometry":{"type":"Point","coordinates":[19.3,51.816667]},"properties":{"uid":"settlements_wd:bc9ce74ed67d","layer":"settlements_wd","layer_title":"Населённые места: год основания","group":"admin","title":"Александрув-Лодзинский","category":"город","place_text":"Згежский повят","region":"Згежский повят","year_from":1822,"year_to":1960,"date_precision":"open","date_approx":true,"period_raw":"с 1822","summary":"город в Польше, входит в Лодзинское воеводство, Згежский повят","url":"https://ru.wikipedia.org/wiki/%D0%90%D0%BB%D0%B5%D0%BA%D1%81%D0%B0%D0%BD%D0%B4%D1%80%D1%83%D0%B2-%D0%9B%D1%83%D0%B4%D0%B7%D0%BA%D0%B8","image_url":"http://commons.wikimedia.org/wiki/Special:FilePath/1004%20Aleksandr%C3%B3w%20%C5%81%C3%B3dzki%20EZG%201.jpg","source":"Викиданные","source_id":"Q664371","license":"CC0 (Викиданные)","confidence":"ok"}},{"type":"Feature","id":"settlements_wd:5ca3b0a3be25","geometry":{"type":"Point","coordinates":[39.797222,48.073056]},"properties":{"uid":"settlements_wd:5ca3b0a3be25","layer":"settlements_wd","layer_title":"Населённые места: год основания","group":"admin","title":"Вознесеновка","category":"приграничный город","place_text":"Довжанская городская община","region":"Довжанская городская община","year_from":1879,"year_to":1960,"date_precision":"open","date_approx":true,"period_raw":"с 1879","summary":"город в Довжанском районе Луганской области","url":"https://ru.wikipedia.org/wiki/%D0%A7%D0%B5%D1%80%D0%B2%D0%BE%D0%BD%D0%BE%D0%BF%D0%B0%D1%80%D1%82%D0%B8%D0%B7%D0%B0%D0%BD%D1%81%D0%BA","image_url":"http://commons.wikimedia.org/wiki/Special:FilePath/Voznesenivka.jpg","source":"Викиданные","source_id":"Q664445","license":"CC0 (Викиданные)","confidence":"ok"}},{"type":"Feature","id":"settlements_wd:8e8b9ee1a8a4","geometry":{"type":"Point","coordinates":[32.916667,46.116667]},"properties":{"uid":"settlements_wd:8e8b9ee1a8a4","layer":"settlements_wd","layer_title":"Населённые места: год основания","group":"admin","title":"Скадовск","category":"город Украины","place_text":"Скадовская городская община","region":"Скадовская городская община","year_from":1894,"year_to":1960,"date_precision":"open","date_approx":true,"period_raw":"с 1894","summary":"Город в Херсонской области Украины","url":"https://ru.wikipedia.org/wiki/%D0%A1%D0%BA%D0%B0%D0%B4%D0%BE%D0%B2%D1%81%D0%BA","image_url":"http://commons.wikimedia.org/wiki/Special:FilePath/Skadovsk-2013-9.JPG","source":"Викиданные","source_id":"Q669688","license":"CC0 (Викиданные)","confidence":"ok"}},{"type":"Feature","id":"settlements_wd:b54c8580404b","geometry":{"type":"Point","coordinates":[38.000833,48.594722]},"properties":{"uid":"settlements_wd:b54c8580404b","layer":"settlements_wd","layer_title":"Населённые места: год основания","group":"admin","title":"Бахмут","category":"город","place_text":"Бахмутская городская община","region":"Бахмутская городская община","year_from":1571,"year_to":1960,"date_precision":"open","date_approx":true,"period_raw":"с 1571","summary":"город в Донецкой области Украины","url":"https://ru.wikipedia.org/wiki/%D0%91%D0%B0%D1%85%D0%BC%D1%83%D1%82","image_url":"http://commons.wikimedia.org/wiki/Special:FilePath/Bakhmut%20during%20the%20battle%20%282023-04-05%29%2C%20frame%2015989.jpg","source":"Викиданные","source_id":"Q706857","license":"CC0 (Викиданные)","confidence":"ok"}},{"type":"Feature","id":"settlements_wd:e83ba30226bd","geometry":{"type":"Point","coordinates":[35.280167,47.443528]},"properties":{"uid":"settlements_wd:e83ba30226bd","layer":"settlements_wd","layer_title":"Населённые места: год основания","group":"admin","title":"Васильевка","category":"город Украины","place_text":"Васильевский район","region":"Васильевский район","year_from":1740,"year_to":1960,"date_precision":"open","date_approx":true,"period_raw":"с 1740","summary":"город в Запорожской области Украины","url":"https://ru.wikipedia.org/wiki/%D0%92%D0%B0%D1%81%D0%B8%D0%BB%D1%8C%D0%B5%D0%B2%D0%BA%D0%B0_(%D0%B3%D0%BE%D1%80%D0%BE%D0%B4)","image_url":"http://commons.wikimedia.org/wiki/Special:FilePath/Castle%20of%20Popov%20in%20Vasylivka.JPG","source":"Викиданные","source_id":"Q712272","license":"CC0 (Викиданные)","confidence":"ok"}},{"type":"Feature","id":"settlements_wd:d41e0b99f3f1","geometry":{"type":"Point","coordinates":[18.416667,50.875]},"properties":{"uid":"settlements_wd:d41e0b99f3f1","layer":"settlements_wd","layer_title":"Населённые места: год основания","group":"admin","title":"Олесно","category":"город","place_text":"Олесно","region":"Олесно","year_from":1226,"year_to":1960,"date_precision":"open","date_approx":true,"period_raw":"с 1226","summary":"город в Польше, входит в Опольское воеводство. Столица олесненского повята","url":"https://ru.wikipedia.org/wiki/%D0%9E%D0%BB%D0%B5%D1%81%D0%BD%D0%BE","image_url":"http://commons.wikimedia.org/wiki/Special:FilePath/Olesno%20-%20Rynek%2001.JPG","source":"Викиданные","source_id":"Q717404","license":"CC0 (Викиданные)","confidence":"ok"}},{"type":"Feature","id":"settlements_wd:4f2c386ebd72","geometry":{"type":"Point","coordinates":[38.493333,48.948056]},"properties":{"uid":"settlements_wd:4f2c386ebd72","layer":"settlements_wd","layer_title":"Населённые места: год основания","group":"admin","title":"Северодонецк","category":"город Украины","place_text":"Северодонецкая городская община","region":"Северодонецкая городская община","year_from":1934,"year_to":1960,"date_precision":"open","date_approx":true,"period_raw":"с 1934","summary":"город в Луганской области Украины, адм. центр Северодонецкого района","url":"https://ru.wikipedia.org/wiki/%D0%A1%D0%B5%D0%B2%D0%B5%D1%80%D0%BE%D0%B4%D0%BE%D0%BD%D0%B5%D1%86%D0%BA","image_url":"http://commons.wikimedia.org/wiki/Special:FilePath/%D0%A1%D0%B5%D0%B2%D0%B5%D1%80%D0%BE%D0%B4%D0%BE%D0%BD%D0%B5%D1%86%D0%BA%20%D1%81%20%D0%B2%D1%8B%D1%81%D0%BE%D1%82%D1%8B.jpg","source":"Викиданные","source_id":"Q160584","license":"CC0 (Викиданные)","confidence":"ok"}},{"type":"Feature","id":"settlements_wd:b29b25e8aa4e","geometry":{"type":"Point","coordinates":[38.798333,48.467222]},"properties":{"uid":"settlements_wd:b29b25e8aa4e","layer":"settlements_wd","layer_title":"Населённые места: год основания","group":"admin","title":"Алчевск","category":"город Украины","place_text":"Алчевское городская община","region":"Алчевское городская община","year_from":1895,"year_to":1960,"date_precision":"open","date_approx":true,"period_raw":"с 1895","summary":"город областного значения в Луганской области Украины","url":"https://ru.wikipedia.org/wiki/%D0%90%D0%BB%D1%87%D0%B5%D0%B2%D1%81%D0%BA","image_url":"http://commons.wikimedia.org/wiki/Special:FilePath/Donbass%20State%20Technical%20University%20main%20building.jpg","source":"Викиданные","source_id":"Q161144","license":"CC0 (Викиданные)","confidence":"ok"}},{"type":"Feature","id":"settlements_wd:625c52c690a7","geometry":{"type":"Point","coordinates":[19.147778,50.211944]},"properties":{"uid":"settlements_wd:625c52c690a7","layer":"settlements_wd","layer_title":"Населённые места: год основания","group":"admin","title":"Мысловице","category":"город на правах повята","place_text":"Силезское воеводство","region":"Силезское воеводство","year_from":1241,"year_to":1960,"date_precision":"open","date_approx":true,"period_raw":"с 1241","summary":"город в статусе городского повята Силезского воеводства Польши","url":"https://ru.wikipedia.org/wiki/%D0%9C%D1%8B%D1%81%D0%BB%D0%BE%D0%B2%D0%B8%D1%86%D0%B5","image_url":"http://commons.wikimedia.org/wiki/Special:FilePath/Mys%C5%82owice%20-%20Kaplica%20Jarlik%C3%B3w%2001.jpg","source":"Викиданные","source_id":"Q161595","license":"CC0 (Викиданные)","confidence":"ok"}},{"type":"Feature","id":"settlements_wd:540a17f09ecb","geometry":{"type":"Point","coordinates":[19.083333,50.333333]},"properties":{"uid":"settlements_wd:540a17f09ecb","layer":"settlements_wd","layer_title":"Населённые места: год основания","group":"admin","title":"Челядзь","category":"городская гмина","place_text":"Бендзинский повят","region":"Бендзинский повят","year_from":1228,"year_to":1960,"date_precision":"open","date_approx":true,"period_raw":"с 1228","summary":"город в Домбровском бассейне (малопольская часть Силезского воеводства), Польша","url":"https://ru.wikipedia.org/wiki/%D0%A7%D0%B5%D0%BB%D1%8F%D0%B4%D0%B7%D1%8C","image_url":"http://commons.wikimedia.org/wiki/Special:FilePath/Czelad%C5%BA%20Rynek%20aerial%202026.jpg","source":"Викиданные","source_id":"Q161605","license":"CC0 (Викиданные)","confidence":"ok"}},{"type":"Feature","id":"settlements_wd:9700965e7e91","geometry":{"type":"Point","coordinates":[20.930831,52.395229]},"properties":{"uid":"settlements_wd:9700965e7e91","layer":"settlements_wd","layer_title":"Населённые места: год основания","group":"admin","title":"Легьоново","category":"городская гмина","place_text":"Легьоновский повет","region":"Легьоновский повет","year_from":1877,"year_to":1960,"date_precision":"open","date_approx":true,"period_raw":"с 1877","summary":"город в Польше, входит в Мазовецкое воеводство, Легьоновский повет","url":"https://ru.wikipedia.org/wiki/%D0%9B%D0%B5%D0%B3%D1%8C%D0%BE%D0%BD%D0%BE%D0%B2%D0%BE","image_url":"http://commons.wikimedia.org/wiki/Special:FilePath/Urz%C4%85d%20Miasta%20Legionowo.jpg","source":"Викиданные","source_id":"Q730944","license":"CC0 (Викиданные)","confidence":"ok"}},{"type":"Feature","id":"settlements_wd:530816833a0c","geometry":{"type":"Point","coordinates":[24.604722,56.816944]},"properties":{"uid":"settlements_wd:530816833a0c","layer":"settlements_wd","layer_title":"Населённые места: год основания","group":"admin","title":"Огре","category":"государственный город Латвии","place_text":"Огрский край","region":"Огрский край","year_from":1928,"year_to":1960,"date_precision":"open","date_approx":true,"period_raw":"с 1928","summary":"город в Латвии","url":"https://ru.wikipedia.org/wiki/%D0%9E%D0%B3%D1%80%D0%B5","image_url":"http://commons.wikimedia.org/wiki/Special:FilePath/Ogre3.jpg","source":"Викиданные","source_id":"Q731915","license":"CC0 (Викиданные)","confidence":"ok"}},{"type":"Feature","id":"settlements_wd:1626e2b1fc3b","geometry":{"type":"Point","coordinates":[23.966667,55.283333]},"properties":{"uid":"settlements_wd:1626e2b1fc3b","layer":"settlements_wd","layer_title":"Населённые места: год основания","group":"admin","title":"Кедайняй","category":"город","place_text":"Кедайнское староство","region":"Кедайнское староство","year_from":1590,"year_to":1960,"date_precision":"open","date_approx":true,"period_raw":"с 1590","summary":"город в Литве, административный центр Кедайнского района","url":"https://ru.wikipedia.org/wiki/%D0%9A%D0%B5%D0%B4%D0%B0%D0%B9%D0%BD%D1%8F%D0%B9","image_url":"http://commons.wikimedia.org/wiki/Special:FilePath/Did%C5%BEioji%20street%20in%20K%C4%97dainiai001.jpg","source":"Викиданные","source_id":"Q735138","license":"CC0 (Викиданные)","confidence":"ok"}},{"type":"Feature","id":"settlements_wd:b545a7969844","geometry":{"type":"Point","coordinates":[25.088889,60.472222]},"properties":{"uid":"settlements_wd:b545a7969844","layer":"settlements_wd","layer_title":"Населённые места: год основания","group":"admin","title":"Ярвенпяа","category":"город","place_text":"Уусимаа","region":"Уусимаа","year_from":1951,"year_to":1960,"date_precision":"open","date_approx":true,"period_raw":"с 1951","summary":"город в области Уусимаа на юге Финляндии","url":"https://ru.wikipedia.org/wiki/%D0%AF%D1%80%D0%B2%D0%B5%D0%BD%D0%BF%D1%8F%D0%B0","image_url":"http://commons.wikimedia.org/wiki/Special:FilePath/Sibeliuksenkatu%20street%20in%20J%C3%A4rvenp%C3%A4%C3%A4%2C%20Uusimaa%2C%20Finland%2C%202022%20July.jpg","source":"Викиданные","source_id":"Q208293","license":"CC0 (Викиданные)","confidence":"ok"}},{"type":"Feature","id":"settlements_wd:4e2b9c1e6cc6","geometry":{"type":"Point","coordinates":[30.216667,48.75]},"properties":{"uid":"settlements_wd:4e2b9c1e6cc6","layer":"settlements_wd","layer_title":"Населённые места: год основания","group":"admin","title":"Умань","category":"город областного значения Украины","place_text":"Черкасская область","region":"Черкасская область","year_from":1616,"year_to":1960,"date_precision":"open","date_approx":true,"period_raw":"с 1616","summary":"город в Черкасской области Украины, адм. центр Уманского района","url":"https://ru.wikipedia.org/wiki/%D0%A3%D0%BC%D0%B0%D0%BD%D1%8C","image_url":"http://commons.wikimedia.org/wiki/Special:FilePath/Uman-2007-08-12-05.jpg","source":"Викиданные","source_id":"Q208499","license":"CC0 (Викиданные)","confidence":"ok"}},{"type":"Feature","id":"settlements_wd:48d94b410df8","geometry":{"type":"Point","coordinates":[19.166667,50.3]},"properties":{"uid":"settlements_wd:48d94b410df8","layer":"settlements_wd","layer_title":"Населённые места: год основания","group":"admin","title":"Сосновец","category":"город","place_text":"Силезское воеводство","region":"Силезское воеводство","year_from":1902,"year_to":1960,"date_precision":"open","date_approx":true,"period_raw":"с 1902","summary":"город в Домбровском бассейне (малопольская часть Силезского воеводства)","url":"https://ru.wikipedia.org/wiki/%D0%A1%D0%BE%D1%81%D0%BD%D0%BE%D0%B2%D0%B5%D1%86","image_url":"http://commons.wikimedia.org/wiki/Special:FilePath/TPS%20-%20rozdawanie%20plakat%C3%B3w%20Sosnowca%2022%20czerwiec%202024%20225.jpg","source":"Викиданные","source_id":"Q105060","license":"CC0 (Викиданные)","confidence":"ok"}},{"type":"Feature","id":"settlements_wd:f28653276bbc","geometry":{"type":"Point","coordinates":[61.933333,56.4]},"properties":{"uid":"settlements_wd:f28653276bbc","layer":"settlements_wd","layer_title":"Населённые места: год основания","group":"admin","title":"Каменск-Уральский","category":"большой город","place_text":"Свердловская область","region":"Свердловская область","year_from":1701,"year_to":1960,"date_precision":"open","date_approx":true,"period_raw":"с 1701","summary":"город в Свердловской области России","url":"https://ru.wikipedia.org/wiki/%D0%9A%D0%B0%D0%BC%D0%B5%D0%BD%D1%81%D0%BA-%D0%A3%D1%80%D0%B0%D0%BB%D1%8C%D1%81%D0%BA%D0%B8%D0%B9","image_url":"http://commons.wikimedia.org/wiki/Special:FilePath/Kamensk-Uralsky%20photo%20collage.jpg","source":"Викиданные","source_id":"Q105444","license":"CC0 (Викиданные)","confidence":"ok"}},{"type":"Feature","id":"settlements_wd:7bd2beab1627","geometry":{"type":"Point","coordinates":[31.280556,49.426111]},"properties":{"uid":"settlements_wd:7bd2beab1627","layer":"settlements_wd","layer_title":"Населённые места: год основания","group":"admin","title":"Корсунь-Шевченковский","category":"город Украины","place_text":"Корсунь-Шевченковская городская община","region":"Корсунь-Шевченковская городская община","year_from":1032,"year_to":1960,"date_precision":"open","date_approx":true,"period_raw":"с 1032","summary":"город в Черкасском районе Черкасской области Украины","url":"https://ru.wikipedia.org/wiki/%D0%9A%D0%BE%D1%80%D1%81%D1%83%D0%BD%D1%8C-%D0%A8%D0%B5%D0%B2%D1%87%D0%B5%D0%BD%D0%BA%D0%BE%D0%B2%D1%81%D0%BA%D0%B8%D0%B9","image_url":"http://commons.wikimedia.org/wiki/Special:FilePath/Korsuno-002.jpg","source":"Викиданные","source_id":"Q219766","license":"CC0 (Викиданные)","confidence":"ok"}},{"type":"Feature","id":"settlements_wd:d813ec9d598b","geometry":{"type":"Point","coordinates":[30.1,49.25]},"properties":{"uid":"settlements_wd:d813ec9d598b","layer":"settlements_wd","layer_title":"Населённые места: год основания","group":"admin","title":"Жашков","category":"город Украины","place_text":"Жашковский район","region":"Жашковский район","year_from":1636,"year_to":1960,"date_precision":"open","date_approx":true,"period_raw":"с 1636","summary":"город в Уманском районе Черкасской области Украины","url":"https://ru.wikipedia.org/wiki/%D0%96%D0%B0%D1%88%D0%BA%D0%BE%D0%B2","image_url":"http://commons.wikimedia.org/wiki/Special:FilePath/%D0%96%D0%B0%D1%88%D0%BA%D1%96%D0%B2.%20%D0%A6%D0%B5%D0%BD%D1%82%D1%80.jpg","source":"Викиданные","source_id":"Q219770","license":"CC0 (Викиданные)","confidence":"ok"}},{"type":"Feature","id":"settlements_wd:91d94328b702","geometry":{"type":"Point","coordinates":[32.033333,49.666667]},"properties":{"uid":"settlements_wd:91d94328b702","layer":"settlements_wd","layer_title":"Населённые места: год основания","group":"admin","title":"Золотоноша","category":"населённый пункт","place_text":"Золотоношский район","region":"Золотоношский район","year_from":1576,"year_to":1960,"date_precision":"open","date_approx":true,"period_raw":"с 1576","summary":"город в Черкасской области Украины адм. центр Золотоношского района","url":"https://ru.wikipedia.org/wiki/%D0%97%D0%BE%D0%BB%D0%BE%D1%82%D0%BE%D0%BD%D0%BE%D1%88%D0%B0","image_url":"http://commons.wikimedia.org/wiki/Special:FilePath/Zolotonosza%20Uspensky%20sobor%20DSC%204097%2071-104-0005.jpg","source":"Викиданные","source_id":"Q219769","license":"CC0 (Викиданные)","confidence":"ok"}},{"type":"Feature","id":"settlements_wd:9ce2efac091f","geometry":{"type":"Point","coordinates":[29.801111,48.99]},"properties":{"uid":"settlements_wd:9ce2efac091f","layer":"settlements_wd","layer_title":"Населённые места: год основания","group":"admin","title":"Монастырище","category":"город Украины","place_text":"Уманский район","region":"Уманский район","year_from":1622,"year_to":1960,"date_precision":"open","date_approx":true,"period_raw":"с 1622","summary":"город в Уманском районе Черкасской области Украины","url":"https://ru.wikipedia.org/wiki/%D0%9C%D0%BE%D0%BD%D0%B0%D1%81%D1%82%D1%8B%D1%80%D0%B8%D1%89%D0%B5_(%D0%A7%D0%B5%D1%80%D0%BA%D0%B0%D1%81%D1%81%D0%BA%D0%B0%D1%8F_%D0%BE%D0%B1%D0%BB%D0%B0%D1%81%D1%82%D1%8C)","image_url":"http://commons.wikimedia.org/wiki/Special:FilePath/%D0%9C%D0%BE%D0%BD%D0%B0%D1%81%D1%82%D0%B8%D1%80%D0%B8%D1%89%D0%B5.%20%D0%9A%D0%BE%D1%81%D1%82%D0%B5%D0%BB.jpg","source":"Викиданные","source_id":"Q219820","license":"CC0 (Викиданные)","confidence":"ok"}},{"type":"Feature","id":"settlements_wd:adf6e9717dda","geometry":{"type":"Point","coordinates":[26.566667,49.166667]},"properties":{"uid":"settlements_wd:adf6e9717dda","layer":"settlements_wd","layer_title":"Населённые места: год основания","group":"admin","title":"Городок","category":"город Украины","place_text":"Городокская городская община","region":"Городокская городская община","year_from":1362,"year_to":1960,"date_precision":"open","date_approx":true,"period_raw":"с 1362","summary":"город в Хмельницком районе Хмельницкой области Украины","url":"https://ru.wikipedia.org/wiki/%D0%93%D0%BE%D1%80%D0%BE%D0%B4%D0%BE%D0%BA_(%D0%A5%D0%BC%D0%B5%D0%BB%D1%8C%D0%BD%D0%B8%D1%86%D0%BA%D0%B0%D1%8F_%D0%BE%D0%B1%D0%BB%D0%B0%D1%81%D1%82%D1%8C)","image_url":"http://commons.wikimedia.org/wiki/Special:FilePath/Horodok%20Smotrych.jpg","source":"Викиданные","source_id":"Q219856","license":"CC0 (Викиданные)","confidence":"ok"}},{"type":"Feature","id":"settlements_wd:1668d75d6add","geometry":{"type":"Point","coordinates":[19.0232,50.31231]},"properties":{"uid":"settlements_wd:1668d75d6add","layer":"settlements_wd","layer_title":"Населённые места: год основания","group":"admin","title":"Семяновице-Слёнске","category":"город","place_text":"Силезское воеводство","region":"Силезское воеводство","year_from":1178,"year_to":1960,"date_precision":"open","date_approx":true,"period_raw":"с 1178","summary":"город с правами повята в Силезском воеводстве Польши","url":"https://ru.wikipedia.org/wiki/%D0%A1%D0%B5%D0%BC%D1%8F%D0%BD%D0%BE%D0%B2%D0%B8%D1%86%D0%B5-%D0%A1%D0%BB%D1%91%D0%BD%D1%81%D0%BA%D0%B5","image_url":"http://commons.wikimedia.org/wiki/Special:FilePath/Siemianowice%20%C5%9Al.%20-%20Centrum%20%28142%29.jpg","source":"Викиданные","source_id":"Q158485","license":"CC0 (Викиданные)","confidence":"ok"}},{"type":"Feature","id":"settlements_wd:b73a8239aafc","geometry":{"type":"Point","coordinates":[35.379167,45.048889]},"properties":{"uid":"settlements_wd:b73a8239aafc","layer":"settlements_wd","layer_title":"Населённые места: год основания","group":"admin","title":"Феодосия","category":"полис","place_text":"Феодосийский городской совет","region":"Феодосийский городской совет","date_precision":"unknown","date_approx":false,"summary":"город на юго-восточном побережье Крыма","url":"https://ru.wikipedia.org/wiki/%D0%A4%D0%B5%D0%BE%D0%B4%D0%BE%D1%81%D0%B8%D1%8F","image_url":"http://commons.wikimedia.org/wiki/Special:FilePath/THEODOSIA%2001.jpg","source":"Викиданные","source_id":"Q158491","license":"CC0 (Викиданные)","confidence":"ok"}},{"type":"Feature","id":"settlements_wd:acfb54e5738b","geometry":{"type":"Point","coordinates":[18.95,50.383333]},"properties":{"uid":"settlements_wd:acfb54e5738b","layer":"settlements_wd","layer_title":"Населённые места: год основания","group":"admin","title":"Пекары-Слёнске","category":"город","place_text":"Силезское воеводство","region":"Силезское воеводство","year_from":1253,"year_to":1960,"date_precision":"open","date_approx":true,"period_raw":"с 1253","summary":"Город в Польше.","url":"https://ru.wikipedia.org/wiki/%D0%9F%D0%B5%D0%BA%D0%B0%D1%80%D1%8B-%D0%A1%D0%BB%D1%91%D0%BD%D1%81%D0%BA%D0%B5","image_url":"http://commons.wikimedia.org/wiki/Special:FilePath/Piekary%202.JPG","source":"Викиданные","source_id":"Q158488","license":"CC0 (Викиданные)","confidence":"ok"}},{"type":"Feature","id":"settlements_wd:2d344388d670","geometry":{"type":"Point","coordinates":[28.1225,56.385556]},"properties":{"uid":"settlements_wd:2d344388d670","layer":"settlements_wd","layer_title":"Населённые места: год основания","group":"admin","title":"Зилупе","category":"город под муниципальной юрисдикцией Латвии","place_text":"Лудзенский край","region":"Лудзенский край","year_from":1900,"year_to":1960,"date_precision":"open","date_approx":true,"period_raw":"с 1900","summary":"город в Латвии","url":"https://ru.wikipedia.org/wiki/%D0%97%D0%B8%D0%BB%D1%83%D0%BF%D0%B5","image_url":"http://commons.wikimedia.org/wiki/Special:FilePath/Zilupes%20kato%C4%BCu%20bazn%C4%ABca%202000-07-22.jpg","source":"Викиданные","source_id":"Q203375","license":"CC0 (Викиданные)","confidence":"ok"}},{"type":"Feature","id":"settlements_wd:66a050379a4f","geometry":{"type":"Point","coordinates":[38.256278,48.018103]},"properties":{"uid":"settlements_wd:66a050379a4f","layer":"settlements_wd","layer_title":"Населённые места: год основания","group":"admin","title":"Зугрэс","category":"город","place_text":"Харцызская городская община","region":"Харцызская городская община","year_from":1929,"year_to":1960,"date_precision":"open","date_approx":true,"period_raw":"с 1929","summary":"город в Донецкой области, Украина","url":"https://ru.wikipedia.org/wiki/%D0%97%D1%83%D0%B3%D1%80%D1%8D%D1%81","image_url":"http://commons.wikimedia.org/wiki/Special:FilePath/%D0%92%D1%8A%D0%B5%D0%B7%D0%B4%20%D0%B2%20%D0%97%D1%83%D0%B3%D1%80%D1%8D%D1%81%20%D1%81%D0%BE%20%D1%81%D1%82%D0%BE%D1%80%D0%BE%D0%BD%D1%8B%20%D0%A5%D0%B0%D1%80%D1%86%D1%8B%D0%B7%D1%81%D0%BA%D0%B0.jpg","source":"Викиданные","source_id":"Q669778","license":"CC0 (Викиданные)","confidence":"ok"}},{"type":"Feature","id":"settlements_wd:c070f92dc8f6","geometry":{"type":"Point","coordinates":[18.235556,54.605556]},"properties":{"uid":"settlements_wd:c070f92dc8f6","layer":"settlements_wd","layer_title":"Населённые места: год основания","group":"admin","title":"Вейхерово","category":"городская гмина","place_text":"Вейхеровский повят","region":"Вейхеровский повят","year_from":1643,"year_to":1960,"date_precision":"open","date_approx":true,"period_raw":"с 1643","summary":"город и гмина Польше, входит в Поморское воеводство, Вейхеровский повят","url":"https://ru.wikipedia.org/wiki/%D0%92%D0%B5%D0%B9%D1%85%D0%B5%D1%80%D0%BE%D0%B2%D0%BE","image_url":"http://commons.wikimedia.org/wiki/Special:FilePath/Wejherowo%20aerial%20view.jpg","source":"Викиданные","source_id":"Q672949","license":"CC0 (Викиданные)","confidence":"ok"}},{"type":"Feature","id":"settlements_wd:9483f1ea63ed","geometry":{"type":"Point","coordinates":[29.166667,47.266667]},"properties":{"uid":"settlements_wd:9483f1ea63ed","layer":"settlements_wd","layer_title":"Населённые места: год основания","group":"admin","title":"Дубоссары","category":"город","place_text":"Административно-территориальные единицы левобережья Днестра","region":"Административно-территориальные единицы левобережья Днестра","year_from":1523,"year_to":1960,"date_precision":"open","date_approx":true,"period_raw":"с 1523","summary":"город в Приднестровье","url":"https://ru.wikipedia.org/wiki/%D0%94%D1%83%D0%B1%D0%BE%D1%81%D1%81%D0%B0%D1%80%D1%8B","image_url":"http://commons.wikimedia.org/wiki/Special:FilePath/%D0%94%D1%83%D0%B1%D0%BE%D1%81%D1%81%D0%B0%D1%80%D1%8B%20%D0%93%D0%AD%D0%A1.jpg","source":"Викиданные","source_id":"Q688654","license":"CC0 (Викиданные)","confidence":"ok"}},{"type":"Feature","id":"settlements_wd:5ef6a4168956","geometry":{"type":"Point","coordinates":[24.05,59.35]},"properties":{"uid":"settlements_wd:5ef6a4168956","layer":"settlements_wd","layer_title":"Населённые места: год основания","group":"admin","title":"Палдиски","category":"город Эстонии","place_text":"Ляэне-Харью","region":"Ляэне-Харью","year_from":1783,"year_to":1960,"date_precision":"open","date_approx":true,"period_raw":"с 1783","summary":"город-порт в Харьюском уезде на северо-западе Эстонии","url":"https://ru.wikipedia.org/wiki/%D0%9F%D0%B0%D0%BB%D0%B4%D0%B8%D1%81%D0%BA%D0%B8","image_url":"http://commons.wikimedia.org/wiki/Special:FilePath/Paldiski%20P%C3%B5hjasadam.jpg","source":"Викиданные","source_id":"Q204091","license":"CC0 (Викиданные)","confidence":"ok"}},{"type":"Feature","id":"settlements_wd:f74e58226629","geometry":{"type":"Point","coordinates":[26.103056,52.115278]},"properties":{"uid":"settlements_wd:f74e58226629","layer":"settlements_wd","layer_title":"Населённые места: год основания","group":"admin","title":"Пинск","category":"большой город","place_text":"Брестская область","region":"Брестская область","year_from":1097,"year_to":1960,"date_precision":"open","date_approx":true,"period_raw":"с 1097","summary":"город в Брестской области Беларуси, центр Пинского района","url":"https://ru.wikipedia.org/wiki/%D0%9F%D0%B8%D0%BD%D1%81%D0%BA","image_url":"http://commons.wikimedia.org/wiki/Special:FilePath/Pinsk%20Montage%20%282017%29.jpg","source":"Викиданные","source_id":"Q204150","license":"CC0 (Викиданные)","confidence":"ok"}},{"type":"Feature","id":"settlements_wd:d553beb7577b","geometry":{"type":"Point","coordinates":[26.992778,57.848611]},"properties":{"uid":"settlements_wd:d553beb7577b","layer":"settlements_wd","layer_title":"Населённые места: год основания","group":"admin","title":"Выру","category":"город Эстонии","place_text":"Выру","region":"Выру","year_from":1784,"year_to":1960,"date_precision":"open","date_approx":true,"period_raw":"с 1784","summary":"город на юго-востоке Эстонии, центр волости Выру и Выруского уезда","url":"https://ru.wikipedia.org/wiki/%D0%92%D1%8B%D1%80%D1%83","image_url":"http://commons.wikimedia.org/wiki/Special:FilePath/V%C3%B5ru%20keskv%C3%A4ljak%202020%2010%2001.jpg","source":"Викиданные","source_id":"Q205271","license":"CC0 (Викиданные)","confidence":"ok"}},{"type":"Feature","id":"settlements_wd:f27b76cafbd3","geometry":{"type":"Point","coordinates":[18.5,50.083333]},"properties":{"uid":"settlements_wd:f27b76cafbd3","layer":"settlements_wd","layer_title":"Населённые места: год основания","group":"admin","title":"Рыбник","category":"город","place_text":"Силезское воеводство","region":"Силезское воеводство","year_from":1327,"year_to":1960,"date_precision":"open","date_approx":true,"period_raw":"с 1327","summary":"город в Польше, Силезское воеводство","url":"https://ru.wikipedia.org/wiki/%D0%A0%D1%8B%D0%B1%D0%BD%D0%B8%D0%BA","image_url":"http://commons.wikimedia.org/wiki/Special:FilePath/Rynek%20w%20Rybniku%209.JPG","source":"Викиданные","source_id":"Q107094","license":"CC0 (Викиданные)","confidence":"ok"}},{"type":"Feature","id":"settlements_wd:a04405a12fe9","geometry":{"type":"Point","coordinates":[25.274722,57.313056]},"properties":{"uid":"settlements_wd:a04405a12fe9","layer":"settlements_wd","layer_title":"Населённые места: год основания","group":"admin","title":"Цесис","category":"город","place_text":"Цесисский край","region":"Цесисский край","year_from":1206,"year_to":1960,"date_precision":"open","date_approx":true,"period_raw":"с 1206","summary":"город в Латвии, административный центр Цесисского края","url":"https://ru.wikipedia.org/wiki/%D0%A6%D0%B5%D1%81%D0%B8%D1%81","image_url":"http://commons.wikimedia.org/wiki/Special:FilePath/Skats%20no%20Vidzemes%20koncertz%C4%81le%20C%C4%93sis%20jumta%20-%20panoramio%20%282%29.jpg","source":"Викиданные","source_id":"Q107582","license":"CC0 (Викиданные)","confidence":"ok"}},{"type":"Feature","id":"settlements_wd:70580bffa3d1","geometry":{"type":"Point","coordinates":[25.423056,57.538056]},"properties":{"uid":"settlements_wd:70580bffa3d1","layer":"settlements_wd","layer_title":"Населённые места: год основания","group":"admin","title":"Валмиера","category":"государственный город Латвии","place_text":"Валмиерский край","region":"Валмиерский край","year_from":1293,"year_to":1960,"date_precision":"open","date_approx":true,"period_raw":"с 1293","summary":"город в Латвии","url":"https://ru.wikipedia.org/wiki/%D0%92%D0%B0%D0%BB%D0%BC%D0%B8%D0%B5%D1%80%D0%B0","image_url":"http://commons.wikimedia.org/wiki/Special:FilePath/Church%20of%20Saint%20Simon%20in%20Valmiera%20%281%29.jpg","source":"Викиданные","source_id":"Q108037","license":"CC0 (Викиданные)","confidence":"ok"}},{"type":"Feature","id":"settlements_wd:54f6d0e8b98a","geometry":{"type":"Point","coordinates":[44.233333,65.85]},"properties":{"uid":"settlements_wd:54f6d0e8b98a","layer":"settlements_wd","layer_title":"Населённые места: год основания","group":"admin","title":"Мезень","category":"портовый город","place_text":"Муниципальное образование «Мезенское»","region":"Муниципальное образование «Мезенское»","year_from":1600,"year_to":1960,"date_precision":"open","date_approx":true,"period_raw":"с 1600","summary":"город в Мезенском районе Архангельской области России","url":"https://ru.wikipedia.org/wiki/%D0%9C%D0%B5%D0%B7%D0%B5%D0%BD%D1%8C_(%D0%B3%D0%BE%D1%80%D0%BE%D0%B4)","image_url":"http://commons.wikimedia.org/wiki/Special:FilePath/%D0%9C%D0%B5%D0%B7%D0%B5%D0%BD%D1%8C.jpg","source":"Викиданные","source_id":"Q158775","license":"CC0 (Викиданные)","confidence":"ok"}},{"type":"Feature","id":"settlements_wd:25d2ad9e3687","geometry":{"type":"Point","coordinates":[28.6,49.891944]},"properties":{"uid":"settlements_wd:25d2ad9e3687","layer":"settlements_wd","layer_title":"Населённые места: год основания","group":"admin","title":"Бердичев","category":"местечко","place_text":"Бердичевская городская община","region":"Бердичевская городская община","year_from":1430,"year_to":1960,"date_precision":"open","date_approx":true,"period_raw":"с 1430","summary":"город в Житомирской области Украины, адм. центр Бердичевского района","url":"https://ru.wikipedia.org/wiki/%D0%91%D0%B5%D1%80%D0%B4%D0%B8%D1%87%D0%B5%D0%B2","image_url":"http://commons.wikimedia.org/wiki/Special:FilePath/18-104-0035%20Berdychiv%20Monastery%20RB.jpg","source":"Викиданные","source_id":"Q158799","license":"CC0 (Викиданные)","confidence":"ok"}},{"type":"Feature","id":"settlements_wd:25e101d15871","geometry":{"type":"Point","coordinates":[21.9,51.8]},"properties":{"uid":"settlements_wd:25e101d15871","layer":"settlements_wd","layer_title":"Населённые места: год основания","group":"admin","title":"Желехув","category":"город","place_text":"Желехув","region":"Желехув","year_from":1282,"year_to":1960,"date_precision":"open","date_approx":true,"period_raw":"с 1282","summary":"город, входит в Гарволинский повят в Мазовецкого воеводства Польши","url":"https://ru.wikipedia.org/wiki/%D0%96%D0%B5%D0%BB%D0%B5%D1%85%D1%83%D0%B2","image_url":"http://commons.wikimedia.org/wiki/Special:FilePath/%C5%BBelech%C3%B3w-ko%C5%9Bci%C3%B3%C5%82%20zwiastowania%20NMP.jpg","source":"Викиданные","source_id":"Q393091","license":"CC0 (Викиданные)","confidence":"ok"}},{"type":"Feature","id":"settlements_wd:74c2dd72379f","geometry":{"type":"Point","coordinates":[19.459722,51.662222]},"properties":{"uid":"settlements_wd:74c2dd72379f","layer":"settlements_wd","layer_title":"Населённые места: год основания","group":"admin","title":"Жгув","category":"город","place_text":"Жгув","region":"Жгув","year_from":1378,"year_to":1960,"date_precision":"open","date_approx":true,"period_raw":"с 1378","summary":"город в Восточно-Лодзинском повяте Лодзинского воеводства Польши","url":"https://ru.wikipedia.org/wiki/%D0%96%D0%B3%D1%83%D0%B2","image_url":"http://commons.wikimedia.org/wiki/Special:FilePath/Market%20Square%20in%20Rzgow%20%281%29.jpg","source":"Викиданные","source_id":"Q403112","license":"CC0 (Викиданные)","confidence":"ok"}},{"type":"Feature","id":"settlements_wd:f35f47b984c8","geometry":{"type":"Point","coordinates":[45.476389,41.916944]},"properties":{"uid":"settlements_wd:f35f47b984c8","layer":"settlements_wd","layer_title":"Населённые места: год основания","group":"admin","title":"Телави","category":"город","place_text":"Телавский муниципалитет","region":"Телавский муниципалитет","date_precision":"unknown","date_approx":false,"summary":"город в Грузии, столица края Кахетия","url":"https://ru.wikipedia.org/wiki/%D0%A2%D0%B5%D0%BB%D0%B0%D0%B2%D0%B8","image_url":"http://commons.wikimedia.org/wiki/Special:FilePath/Telavi%20%28G.N.%202014%29.jpg","source":"Викиданные","source_id":"Q209009","license":"CC0 (Викиданные)","confidence":"ok"}},{"type":"Feature","id":"settlements_wd:901b3087fdf8","geometry":{"type":"Point","coordinates":[23.133333,52.033333]},"properties":{"uid":"settlements_wd:901b3087fdf8","layer":"settlements_wd","layer_title":"Населённые места: год основания","group":"admin","title":"Бяла-Подляска","category":"город на правах повята","place_text":"Люблинское воеводство","region":"Люблинское воеводство","year_from":1345,"year_to":1960,"date_precision":"open","date_approx":true,"period_raw":"с 1345","summary":"город в Польше, входит в Люблинское воеводство с правами повята","url":"https://ru.wikipedia.org/wiki/%D0%91%D1%8F%D0%BB%D0%B0-%D0%9F%D0%BE%D0%B4%D0%BB%D1%8F%D1%81%D0%BA%D0%B0","image_url":"http://commons.wikimedia.org/wiki/Special:FilePath/Biala%20Podlaska%20kosciol%20na%20Brzeskiej.jpg","source":"Викиданные","source_id":"Q209932","license":"CC0 (Викиданные)","confidence":"ok"}},{"type":"Feature","id":"settlements_wd:21d56e200de5","geometry":{"type":"Point","coordinates":[42.986111,41.638889]},"properties":{"uid":"settlements_wd:21d56e200de5","layer":"settlements_wd","layer_title":"Населённые места: год основания","group":"admin","title":"Ахалцихе","category":"город","place_text":"Ахалцихский муниципалитет","region":"Ахалцихский муниципалитет","year_from":1200,"year_to":1960,"date_precision":"open","date_approx":true,"period_raw":"с 1200","summary":"город в Грузии, административный центр края Самцхе-Джавахети","url":"https://ru.wikipedia.org/wiki/%D0%90%D1%85%D0%B0%D0%BB%D1%86%D0%B8%D1%85%D0%B5","image_url":"http://commons.wikimedia.org/wiki/Special:FilePath/Rabati%2C%20Akhaltsikhe%20Fortress%20Museum%2013.JPG","source":"Викиданные","source_id":"Q212546","license":"CC0 (Викиданные)","confidence":"ok"}},{"type":"Feature","id":"settlements_wd:3781c1f21a90","geometry":{"type":"Point","coordinates":[57.229722,50.283611]},"properties":{"uid":"settlements_wd:3781c1f21a90","layer":"settlements_wd","layer_title":"Населённые места: год основания","group":"admin","title":"Актобе","category":"город","place_text":"Актобе (городская администрация)","region":"Актобе (городская администрация)","year_from":1869,"year_to":1960,"date_precision":"open","date_approx":true,"period_raw":"с 1869","summary":"город в Казахстане, административный центр Актюбинской области","url":"https://ru.wikipedia.org/wiki/%D0%90%D0%BA%D1%82%D0%BE%D0%B1%D0%B5","image_url":"http://commons.wikimedia.org/wiki/Special:FilePath/Nurdaulet%20mosque%201.jpg","source":"Викиданные","source_id":"Q477232","license":"CC0 (Викиданные)","confidence":"ok"}},{"type":"Feature","id":"settlements_wd:67eb90f97c54","geometry":{"type":"Point","coordinates":[20.526667,51.974167]},"properties":{"uid":"settlements_wd:67eb90f97c54","layer":"settlements_wd","layer_title":"Населённые места: год основания","group":"admin","title":"Мщонув","category":"город","place_text":"Мщонув","region":"Мщонув","year_from":1377,"year_to":1960,"date_precision":"open","date_approx":true,"period_raw":"с 1377","summary":"город в Польше, входит в Мазовецкое воеводство, Жирардувский повят","url":"https://ru.wikipedia.org/wiki/%D0%9C%D1%89%D0%BE%D0%BD%D1%83%D0%B2","image_url":"http://commons.wikimedia.org/wiki/Special:FilePath/Ratusz%20-%20Mszczon%C3%B3w%202025.jpg","source":"Викиданные","source_id":"Q477955","license":"CC0 (Викиданные)","confidence":"ok"}},{"type":"Feature","id":"settlements_wd:410c2aac3002","geometry":{"type":"Point","coordinates":[70.819444,40.0625]},"properties":{"uid":"settlements_wd:410c2aac3002","layer":"settlements_wd","layer_title":"Населённые места: год основания","group":"admin","title":"Баткен","category":"город","place_text":"Ошская область","region":"Ошская область","year_from":1934,"year_to":1960,"date_precision":"open","date_approx":true,"period_raw":"с 1934","summary":"город в Кыргызстане, административный центр Баткенской области и Баткенского района","url":"https://ru.wikipedia.org/wiki/%D0%91%D0%B0%D1%82%D0%BA%D0%B5%D0%BD","image_url":"http://commons.wikimedia.org/wiki/Special:FilePath/SchoolNearBatkenKyrgyzstan.jpg","source":"Викиданные","source_id":"Q478031","license":"CC0 (Викиданные)","confidence":"ok"}},{"type":"Feature","id":"settlements_wd:64874e8e29d9","geometry":{"type":"Point","coordinates":[20.988333,50.0125]},"properties":{"uid":"settlements_wd:64874e8e29d9","layer":"settlements_wd","layer_title":"Населённые места: год основания","group":"admin","title":"Тарнув","category":"город на правах повята","place_text":"Малопольское воеводство","region":"Малопольское воеводство","year_from":1330,"year_to":1960,"date_precision":"open","date_approx":true,"period_raw":"с 1330","summary":"город на правах повята в Польше, входит в Малопольское воеводство","url":"https://ru.wikipedia.org/wiki/%D0%A2%D0%B0%D1%80%D0%BD%D1%83%D0%B2","image_url":"http://commons.wikimedia.org/wiki/Special:FilePath/Tarnow%20ratusz%20ffolas%2003.jpg","source":"Викиданные","source_id":"Q106281","license":"CC0 (Викиданные)","confidence":"ok"}},{"type":"Feature","id":"settlements_wd:043ef985748d","geometry":{"type":"Point","coordinates":[19.044444,49.8225]},"properties":{"uid":"settlements_wd:043ef985748d","layer":"settlements_wd","layer_title":"Населённые места: год основания","group":"admin","title":"Бельско-Бяла","category":"город","place_text":"Силезское воеводство","region":"Силезское воеводство","year_from":1312,"year_to":1960,"date_precision":"open","date_approx":true,"period_raw":"с 1312","summary":"город в Силезском воеводстве Польши, столица Бельскоо повята","url":"https://ru.wikipedia.org/wiki/%D0%91%D0%B5%D0%BB%D1%8C%D1%81%D0%BA%D0%BE-%D0%91%D1%8F%D0%BB%D0%B0","image_url":"http://commons.wikimedia.org/wiki/Special:FilePath/Bielsko-Bia%C5%82a%20Teatr%20Polski%20Poczta.jpg","source":"Викиданные","source_id":"Q106583","license":"CC0 (Викиданные)","confidence":"ok"}},{"type":"Feature","id":"settlements_wd:c1d6e940ae98","geometry":{"type":"Point","coordinates":[19.05,52.65]},"properties":{"uid":"settlements_wd:c1d6e940ae98","layer":"settlements_wd","layer_title":"Населённые места: год основания","group":"admin","title":"Влоцлавек","category":"город на правах повята","place_text":"Куявско-Поморское воеводство","region":"Куявско-Поморское воеводство","date_precision":"unknown","date_approx":false,"summary":"город в Польше с уездными правами, в Куявско-Поморском воеводстве","url":"https://ru.wikipedia.org/wiki/%D0%92%D0%BB%D0%BE%D1%86%D0%BB%D0%B0%D0%B2%D0%B5%D0%BA","image_url":"http://commons.wikimedia.org/wiki/Special:FilePath/Bazylika%20katedralna%20WNMP%20we%20W%C5%82oc%C5%82awku%2C%20widok%20z%20drona.jpg","source":"Викиданные","source_id":"Q106681","license":"CC0 (Викиданные)","confidence":"ok"}},{"type":"Feature","id":"settlements_wd:16fe9c4a40e9","geometry":{"type":"Point","coordinates":[18.360556,54.345833]},"properties":{"uid":"settlements_wd:16fe9c4a40e9","layer":"settlements_wd","layer_title":"Населённые места: год основания","group":"admin","title":"Жуково","category":"город","place_text":"Жуково","region":"Жуково","year_from":1201,"year_to":1960,"date_precision":"open","date_approx":true,"period_raw":"с 1201","summary":"крупный город в Польше, Поморское воеводство, Картузский повят, Жуково","url":"https://ru.wikipedia.org/wiki/%D0%96%D1%83%D0%BA%D0%BE%D0%B2%D0%BE_(%D0%B3%D0%BE%D1%80%D0%BE%D0%B4)","image_url":"http://commons.wikimedia.org/wiki/Special:FilePath/Zukowo%20Klasztor%20Norbertanow%20wejscie.jpg","source":"Викиданные","source_id":"Q161893","license":"CC0 (Викиданные)","confidence":"ok"}},{"type":"Feature","id":"settlements_wd:268b61679a40","geometry":{"type":"Point","coordinates":[33.612381,49.963979]},"properties":{"uid":"settlements_wd:268b61679a40","layer":"settlements_wd","layer_title":"Населённые места: год основания","group":"admin","title":"Миргород","category":"населённый пункт","place_text":"Полтавская область","region":"Полтавская область","year_from":1575,"year_to":1960,"date_precision":"open","date_approx":true,"period_raw":"с 1575","summary":"город в Полтавской области Украины, адми. центр Миргородского района","url":"https://ru.wikipedia.org/wiki/%D0%9C%D0%B8%D1%80%D0%B3%D0%BE%D1%80%D0%BE%D0%B4","image_url":"http://commons.wikimedia.org/wiki/Special:FilePath/%D0%91%D1%83%D0%B4%D0%B8%D0%BD%D0%BE%D0%BA%20%D0%9C%D0%B8%D1%80%D0%B3%D0%BE%D1%80%D0%BE%D0%B4%D1%81%D1%8C%D0%BA%D0%BE%D1%97%20%D0%BC%D1%96%D1%81%D1%8C%D0%BA%D0%BE%D1%97%20%D1%83%D0%BF%D1%80%D0%B0%D0%B2%D0%B8.JPG","source":"Викиданные","source_id":"Q161961","license":"CC0 (Викиданные)","confidence":"ok"}},{"type":"Feature","id":"settlements_wd:ef250363646c","geometry":{"type":"Point","coordinates":[68.80463,42.42965]},"properties":{"uid":"settlements_wd:ef250363646c","layer":"settlements_wd","layer_title":"Населённые места: год основания","group":"admin","title":"Арыс","category":"город","place_text":"Арысская городская администрация","region":"Арысская городская администрация","year_from":1900,"year_to":1960,"date_precision":"open","date_approx":true,"period_raw":"с 1900","summary":"город в Туркестанской области Казахстана","url":"https://ru.wikipedia.org/wiki/%D0%90%D1%80%D1%8B%D1%81","image_url":"http://commons.wikimedia.org/wiki/Special:FilePath/%D0%90%D1%80%D1%8B%D1%81.%20%D0%9E%D0%B1%D1%89%D0%B8%D0%B9%20%D0%B2%D0%B8%D0%B4.jpg","source":"Викиданные","source_id":"Q718108","license":"CC0 (Викиданные)","confidence":"ok"}},{"type":"Feature","id":"settlements_wd:213b35d439af","geometry":{"type":"Point","coordinates":[28.657222,46.300278]},"properties":{"uid":"settlements_wd:213b35d439af","layer":"settlements_wd","layer_title":"Населённые места: год основания","group":"admin","title":"Комрат","category":"город","place_text":"Гагаузия","region":"Гагаузия","year_from":1770,"year_to":1960,"date_precision":"open","date_approx":true,"period_raw":"с 1770","summary":"город, столица АТО Гагаузия, Молдавия","url":"https://ru.wikipedia.org/wiki/%D0%9A%D0%BE%D0%BC%D1%80%D0%B0%D1%82","image_url":"http://commons.wikimedia.org/wiki/Special:FilePath/MD.GE.Comrat%20-%20Catedrala%20Sf.%20Ioan%20Botez%C4%83torul%20-%20jun%202017.jpg","source":"Викиданные","source_id":"Q241122","license":"CC0 (Викиданные)","confidence":"ok"}},{"type":"Feature","id":"settlements_wd:86aebd7fbec9","geometry":{"type":"Point","coordinates":[20.233333,52.225]},"properties":{"uid":"settlements_wd:86aebd7fbec9","layer":"settlements_wd","layer_title":"Населённые места: год основания","group":"admin","title":"Сохачев","category":"городская гмина","place_text":"Сохачевский повет","region":"Сохачевский повет","year_from":1368,"year_to":1960,"date_precision":"open","date_approx":true,"period_raw":"с 1368","summary":"город в Польше, входит в Мазовецкое воеводство, Сохачевский повят","url":"https://ru.wikipedia.org/wiki/%D0%A1%D0%BE%D1%85%D0%B0%D1%87%D0%B5%D0%B2","image_url":"http://commons.wikimedia.org/wiki/Special:FilePath/Gmach%20MZSiPBnB.jpg","source":"Викиданные","source_id":"Q250485","license":"CC0 (Викиданные)","confidence":"ok"}},{"type":"Feature","id":"settlements_wd:270dbac78e7c","geometry":{"type":"Point","coordinates":[87.266667,53.516667]},"properties":{"uid":"settlements_wd:270dbac78e7c","layer":"settlements_wd","layer_title":"Населённые места: год основания","group":"admin","title":"Калтан","category":"населённый пункт","place_text":"Калтанский городской округ","region":"Калтанский городской округ","year_from":1946,"year_to":1960,"date_precision":"open","date_approx":true,"period_raw":"с 1946","summary":"город областного подчинения в Кемеровской области, Россия","url":"https://ru.wikipedia.org/wiki/%D0%9A%D0%B0%D0%BB%D1%82%D0%B0%D0%BD","image_url":"http://commons.wikimedia.org/wiki/Special:FilePath/%D0%AE%D0%B6%D0%BD%D0%BE-%D0%9A%D1%83%D0%B7%D0%B1%D0%B0%D1%81%D1%81%D0%BA%D0%B0%D1%8F%20%D0%93%D0%A0%D0%AD%D0%A1%20%D0%98%D1%8E%D0%BB%D1%8C%202013.jpg","source":"Викиданные","source_id":"Q143722","license":"CC0 (Викиданные)","confidence":"ok"}},{"type":"Feature","id":"settlements_wd:b02f659bbd42","geometry":{"type":"Point","coordinates":[45.4,50.083333]},"properties":{"uid":"settlements_wd:b02f659bbd42","layer":"settlements_wd","layer_title":"Населённые места: год основания","group":"admin","title":"Камышин","category":"административно-территориальная единица","place_text":"Городской округ город Камышин","region":"Городской округ город Камышин","year_from":1668,"year_to":1960,"date_precision":"open","date_approx":true,"period_raw":"с 1668","summary":"город в городском округе город Камышин Волгоградской области России","url":"https://ru.wikipedia.org/wiki/%D0%9A%D0%B0%D0%BC%D1%8B%D1%88%D0%B8%D0%BD","image_url":"http://commons.wikimedia.org/wiki/Special:FilePath/Kamyshin%20Historic%20Museum.JPG","source":"Викиданные","source_id":"Q144170","license":"CC0 (Викиданные)","confidence":"ok"}},{"type":"Feature","id":"settlements_wd:2cf143b129d8","geometry":{"type":"Point","coordinates":[19.951944,49.299444]},"properties":{"uid":"settlements_wd:2cf143b129d8","layer":"settlements_wd","layer_title":"Населённые места: год основания","group":"admin","title":"Закопане","category":"городская гмина","place_text":"Татровский повят","region":"Татровский повят","year_from":1578,"year_to":1960,"date_precision":"open","date_approx":true,"period_raw":"с 1578","summary":"город на крайнем юге Польшии","url":"https://ru.wikipedia.org/wiki/%D0%97%D0%B0%D0%BA%D0%BE%D0%BF%D0%B0%D0%BD%D0%B5","image_url":"http://commons.wikimedia.org/wiki/Special:FilePath/2018-07-03%20Zakopane%20from%20air%2005.jpg","source":"Викиданные","source_id":"Q144786","license":"CC0 (Викиданные)","confidence":"ok"}},{"type":"Feature","id":"settlements_wd:1f239672b859","geometry":{"type":"Point","coordinates":[18.858889,49.656111]},"properties":{"uid":"settlements_wd:1f239672b859","layer":"settlements_wd","layer_title":"Населённые места: год основания","group":"admin","title":"Висла","category":"городская гмина","place_text":"Цешинский повет","region":"Цешинский повет","year_from":1615,"year_to":1960,"date_precision":"open","date_approx":true,"period_raw":"с 1615","summary":"город в Польше, Силезское воеводство, Цешинский повят","url":"https://ru.wikipedia.org/wiki/%D0%92%D0%B8%D1%81%D0%BB%D0%B0_(%D0%B3%D0%BE%D1%80%D0%BE%D0%B4)","image_url":"http://commons.wikimedia.org/wiki/Special:FilePath/POL%20Wis%C5%82a%20Jawornik%20pano%202.jpg","source":"Викиданные","source_id":"Q257561","license":"CC0 (Викиданные)","confidence":"ok"}},{"type":"Feature","id":"settlements_wd:9770cd745026","geometry":{"type":"Point","coordinates":[18.171667,52.071111]},"properties":{"uid":"settlements_wd:9770cd745026","layer":"settlements_wd","layer_title":"Населённые места: год основания","group":"admin","title":"Рыхвал","category":"город","place_text":"Рыхвал","region":"Рыхвал","year_from":1394,"year_to":1960,"date_precision":"open","date_approx":true,"period_raw":"с 1394","summary":"город в Великопольском воеводстве Польши","url":"https://ru.wikipedia.org/wiki/%D0%A0%D1%8B%D1%85%D0%B2%D0%B0%D0%BB","image_url":"http://commons.wikimedia.org/wiki/Special:FilePath/Rychwa%C5%82%2C%20foto%2005%2C%20plac%20Wolno%C5%9Bci%2C%20w%20g%C5%82%C4%99bij%20Urz%C4%85d%20Miasta%20i%20Gminy.jpg","source":"Викиданные","source_id":"Q259489","license":"CC0 (Викиданные)","confidence":"ok"}},{"type":"Feature","id":"settlements_wd:7f2a1803f33b","geometry":{"type":"Point","coordinates":[20.95942,49.42225]},"properties":{"uid":"settlements_wd:7f2a1803f33b","layer":"settlements_wd","layer_title":"Населённые места: год основания","group":"admin","title":"Крыница-Здруй","category":"город","place_text":"Крыница-Здруй","region":"Крыница-Здруй","year_from":1547,"year_to":1960,"date_precision":"open","date_approx":true,"period_raw":"с 1547","summary":"ород в Польше, входит в Малопольское воеводство, Новосонченский повят","url":"https://ru.wikipedia.org/wiki/%D0%9A%D1%80%D1%8B%D0%BD%D0%B8%D1%86%D0%B0-%D0%97%D0%B4%D1%80%D1%83%D0%B9","image_url":"http://commons.wikimedia.org/wiki/Special:FilePath/Krynica-Zdr%C3%B3j%2C%20fontanna%2C%20w%20tle%20Stary%20dom%20zdrojowy%20%28HB2%29.jpg","source":"Викиданные","source_id":"Q259497","license":"CC0 (Викиданные)","confidence":"ok"}},{"type":"Feature","id":"settlements_wd:0fbe30194b38","geometry":{"type":"Point","coordinates":[26.961111,59.351667]},"properties":{"uid":"settlements_wd:0fbe30194b38","layer":"settlements_wd","layer_title":"Населённые места: год основания","group":"admin","title":"Кивиыли","category":"город Эстонии","place_text":"Люганузе (волость, 2017)","region":"Люганузе (волость, 2017)","year_from":1922,"year_to":1960,"date_precision":"open","date_approx":true,"period_raw":"с 1922","summary":"город в Ида-Вируском уезде на северо-востоке Эстонии","url":"https://ru.wikipedia.org/wiki/%D0%9A%D0%B8%D0%B2%D0%B8%D1%8B%D0%BB%D0%B8","image_url":"http://commons.wikimedia.org/wiki/Special:FilePath/View%20of%20Kivi%C3%B5li.jpg","source":"Викиданные","source_id":"Q216119","license":"CC0 (Викиданные)","confidence":"ok"}},{"type":"Feature","id":"settlements_wd:b46a55f5eb18","geometry":{"type":"Point","coordinates":[43.283611,42.289444]},"properties":{"uid":"settlements_wd:b46a55f5eb18","layer":"settlements_wd","layer_title":"Населённые места: год основания","group":"admin","title":"Чиатура","category":"город","place_text":"Чиатурский муниципалитет","region":"Чиатурский муниципалитет","year_from":1879,"year_to":1960,"date_precision":"open","date_approx":true,"period_raw":"с 1879","summary":"город в Грузии","url":"https://ru.wikipedia.org/wiki/%D0%A7%D0%B8%D0%B0%D1%82%D1%83%D1%80%D0%B0","image_url":"http://commons.wikimedia.org/wiki/Special:FilePath/2024-05-04%20View%20of%20Chiatura%20from%20the%20cross.jpg","source":"Викиданные","source_id":"Q217443","license":"CC0 (Викиданные)","confidence":"ok"}},{"type":"Feature","id":"settlements_wd:3096dc0cda17","geometry":{"type":"Point","coordinates":[27.266667,57.129167]},"properties":{"uid":"settlements_wd:3096dc0cda17","layer":"settlements_wd","layer_title":"Населённые места: год основания","group":"admin","title":"Балви","category":"город под муниципальной юрисдикцией Латвии","place_text":"Балвский край","region":"Балвский край","year_from":1928,"year_to":1960,"date_precision":"open","date_approx":true,"period_raw":"с 1928","summary":"город в Латвии","url":"https://ru.wikipedia.org/wiki/%D0%91%D0%B0%D0%BB%D0%B2%D0%B8","image_url":"http://commons.wikimedia.org/wiki/Special:FilePath/%D0%A3%D0%BB.%20%D0%91%D0%B5%D1%80%D0%B7%D0%BF%D0%B8%D0%BB%D1%81%2C%20%D0%91%D0%B0%D0%BB%D0%B2%D0%B8%20%28P47%29.jpg","source":"Викиданные","source_id":"Q218402","license":"CC0 (Викиданные)","confidence":"ok"}},{"type":"Feature","id":"settlements_wd:48c87686b84e","geometry":{"type":"Point","coordinates":[31.066667,49.016667]},"properties":{"uid":"settlements_wd:48c87686b84e","layer":"settlements_wd","layer_title":"Населённые места: год основания","group":"admin","title":"Багачево","category":"посёлок городского типа","place_text":"Черкасская область","region":"Черкасская область","year_from":1947,"year_to":1960,"date_precision":"open","date_approx":true,"period_raw":"с 1947","summary":"город в Звенигородскщь районе Черкасской области Украины","url":"https://ru.wikipedia.org/wiki/%D0%91%D0%B0%D0%B3%D0%B0%D1%87%D0%B5%D0%B2%D0%BE","image_url":"http://commons.wikimedia.org/wiki/Special:FilePath/Vatutine%20city%20park.JPG","source":"Викиданные","source_id":"Q219591","license":"CC0 (Викиданные)","confidence":"ok"}},{"type":"Feature","id":"settlements_wd:a4827bf85f0f","geometry":{"type":"Point","coordinates":[30.702706,48.886286]},"properties":{"uid":"settlements_wd:a4827bf85f0f","layer":"settlements_wd","layer_title":"Населённые места: год основания","group":"admin","title":"Тальное","category":"город Украины","place_text":"Звенигородский район","region":"Звенигородский район","year_from":1646,"year_to":1960,"date_precision":"open","date_approx":true,"period_raw":"с 1646","summary":"город в Звенигородском районе Черкасской области Украины","url":"https://ru.wikipedia.org/wiki/%D0%A2%D0%B0%D0%BB%D1%8C%D0%BD%D0%BE%D0%B5","image_url":"http://commons.wikimedia.org/wiki/Special:FilePath/%D0%9A%D0%BE%D1%81%D1%82%D0%B5%D0%BB%20%D1%81%D0%B2.%20%D0%90%D0%BD%D0%BD%D0%B8%201702%20%D1%80.%2C%20%D0%A2%D0%B0%D0%BB%D1%8C%D0%BD%D0%B5%2002.jpg","source":"Викиданные","source_id":"Q219593","license":"CC0 (Викиданные)","confidence":"ok"}},{"type":"Feature","id":"settlements_wd:c1d2163e0c60","geometry":{"type":"Point","coordinates":[33.693333,46.107222]},"properties":{"uid":"settlements_wd:c1d2163e0c60","layer":"settlements_wd","layer_title":"Населённые места: год основания","group":"admin","title":"Армянск","category":"село","place_text":"Армянский городской совет","region":"Армянский городской совет","year_from":1736,"year_to":1960,"date_precision":"open","date_approx":true,"period_raw":"с 1736","summary":"город в Крыму","url":"https://ru.wikipedia.org/wiki/%D0%90%D1%80%D0%BC%D1%8F%D0%BD%D1%81%D0%BA","image_url":"http://commons.wikimedia.org/wiki/Special:FilePath/%D0%90%D1%80%D0%BC%D1%8F%D0%BD%D1%81%D1%8C%D0%BA-%D0%BA%D0%B2%D0%B0%D1%80%D1%82%D0%B0%D0%BB%D0%B8.JPG","source":"Викиданные","source_id":"Q688716","license":"CC0 (Викиданные)","confidence":"ok"}},{"type":"Feature","id":"settlements_wd:907c634f6f68","geometry":{"type":"Point","coordinates":[20.715833,52.430278]},"properties":{"uid":"settlements_wd:907c634f6f68","layer":"settlements_wd","layer_title":"Населённые места: год основания","group":"admin","title":"Новы-Двур-Мазовецкий","category":"городская гмина","place_text":"Новодвурский повят","region":"Новодвурский повят","year_from":1294,"year_to":1960,"date_precision":"open","date_approx":true,"period_raw":"с 1294","summary":"город в Польше, входит в Новодвурский повят Мазовецкого воеводства","url":"https://ru.wikipedia.org/wiki/%D0%9D%D0%BE%D0%B2%D1%8B-%D0%94%D0%B2%D1%83%D1%80-%D0%9C%D0%B0%D0%B7%D0%BE%D0%B2%D0%B5%D1%86%D0%BA%D0%B8","image_url":"http://commons.wikimedia.org/wiki/Special:FilePath/Nowy%20Dw%C3%B3r%20Mazowiecki%20%28cropped%29.jpg","source":"Викиданные","source_id":"Q690039","license":"CC0 (Викиданные)","confidence":"ok"}},{"type":"Feature","id":"settlements_wd:8233a7cfb0a2","geometry":{"type":"Point","coordinates":[28.083333,48.75]},"properties":{"uid":"settlements_wd:8233a7cfb0a2","layer":"settlements_wd","layer_title":"Населённые места: год основания","group":"admin","title":"Шаргород","category":"город Украины","place_text":"Шаргородский район","region":"Шаргородский район","year_from":1383,"year_to":1960,"date_precision":"open","date_approx":true,"period_raw":"с 1383","summary":"город в Жмеринском районе Винницкой области Украины","url":"https://ru.wikipedia.org/wiki/%D0%A8%D0%B0%D1%80%D0%B3%D0%BE%D1%80%D0%BE%D0%B4","image_url":"http://commons.wikimedia.org/wiki/Special:FilePath/Immaculate%20Conception%20church%2C%20Sharhorod.jpg","source":"Викиданные","source_id":"Q691504","license":"CC0 (Викиданные)","confidence":"ok"}},{"type":"Feature","id":"settlements_wd:e3d044234aad","geometry":{"type":"Point","coordinates":[70.633333,40.116667]},"properties":{"uid":"settlements_wd:e3d044234aad","layer":"settlements_wd","layer_title":"Населённые места: год основания","group":"admin","title":"Исфара","category":"город","place_text":"Согдийская область","region":"Согдийская область","year_from":1952,"year_to":1960,"date_precision":"open","date_approx":true,"period_raw":"с 1952","summary":"город в Согидийской области Таджикистана","url":"https://ru.wikipedia.org/wiki/%D0%98%D1%81%D1%84%D0%B0%D1%80%D0%B0","image_url":"http://commons.wikimedia.org/wiki/Special:FilePath/Isfara%20welcome%20cropped.jpg","source":"Викиданные","source_id":"Q695330","license":"CC0 (Викиданные)","confidence":"ok"}},{"type":"Feature","id":"settlements_wd:4098da47626f","geometry":{"type":"Point","coordinates":[47.633333,42.883333]},"properties":{"uid":"settlements_wd:4098da47626f","layer":"settlements_wd","layer_title":"Населённые места: год основания","group":"admin","title":"Каспийск","category":"административно-территориальная единица России","place_text":"Дагестан","region":"Дагестан","year_from":1932,"year_to":1960,"date_precision":"open","date_approx":true,"period_raw":"с 1932","summary":"город в Дагестане, Россия","url":"https://ru.wikipedia.org/wiki/%D0%9A%D0%B0%D1%81%D0%BF%D0%B8%D0%B9%D1%81%D0%BA","image_url":"http://commons.wikimedia.org/wiki/Special:FilePath/Mosque%20in%20Kaspiysk.jpg","source":"Викиданные","source_id":"Q145507","license":"CC0 (Викиданные)","confidence":"ok"}},{"type":"Feature","id":"settlements_wd:f081b73a327b","geometry":{"type":"Point","coordinates":[23.258611,50.720556]},"properties":{"uid":"settlements_wd:f081b73a327b","layer":"settlements_wd","layer_title":"Населённые места: год основания","group":"admin","title":"Замосць","category":"город","place_text":"Люблинское воеводство","region":"Люблинское воеводство","year_from":1580,"year_to":1960,"date_precision":"open","date_approx":true,"period_raw":"с 1580","summary":"город в Польше","url":"https://ru.wikipedia.org/wiki/%D0%97%D0%B0%D0%BC%D0%BE%D1%81%D1%86%D1%8C","image_url":"http://commons.wikimedia.org/wiki/Special:FilePath/Zamo%C5%9B%C4%87.%20Ratusz..jpg","source":"Викиданные","source_id":"Q145972","license":"CC0 (Викиданные)","confidence":"ok"}},{"type":"Feature","id":"settlements_wd:85ef38b0e692","geometry":{"type":"Point","coordinates":[24.359722,49.044167]},"properties":{"uid":"settlements_wd:85ef38b0e692","layer":"settlements_wd","layer_title":"Населённые места: год основания","group":"admin","title":"Калуш","category":"населённый пункт","place_text":"Ивано-Франковская область","region":"Ивано-Франковская область","year_from":1437,"year_to":1960,"date_precision":"open","date_approx":true,"period_raw":"с 1437","summary":"город в Ивано-Франковской области Украины адм. центр Калушского района","url":"https://ru.wikipedia.org/wiki/%D0%9A%D0%B0%D0%BB%D1%83%D1%88","image_url":"http://commons.wikimedia.org/wiki/Special:FilePath/%D0%9A%D0%BE%D0%BB%D0%B0%D0%B6%20%D0%9A%D0%B0%D0%BB%D1%83%D1%88.jpg","source":"Викиданные","source_id":"Q146453","license":"CC0 (Викиданные)","confidence":"ok"}},{"type":"Feature","id":"settlements_wd:a504771845c0","geometry":{"type":"Point","coordinates":[32.98686,50.018564]},"properties":{"uid":"settlements_wd:a504771845c0","layer":"settlements_wd","layer_title":"Населённые места: год основания","group":"admin","title":"Лубны","category":"город областного значения Украины","place_text":"Лубенский городской совет","region":"Лубенский городской совет","date_precision":"unknown","date_approx":false,"summary":"город в Полтавской области Украины адм. центр Лубенского района","url":"https://ru.wikipedia.org/wiki/%D0%9B%D1%83%D0%B1%D0%BD%D1%8B","image_url":"http://commons.wikimedia.org/wiki/Special:FilePath/%D0%92%D0%BE%D0%BA%D0%B7%D0%B0%D0%BB%20%D1%81%D1%82%D0%B0%D0%BD%D1%86%D1%96%D1%97%20%D0%9B%D1%83%D0%B1%D0%BD%D0%B8.jpg","source":"Викиданные","source_id":"Q269517","license":"CC0 (Викиданные)","confidence":"ok"}},{"type":"Feature","id":"settlements_wd:e2e5ebb907da","geometry":{"type":"Point","coordinates":[32.509299,50.240595]},"properties":{"uid":"settlements_wd:e2e5ebb907da","layer":"settlements_wd","layer_title":"Населённые места: год основания","group":"admin","title":"Пирятин","category":"город Украины","place_text":"Пирятинский район","region":"Пирятинский район","year_from":1155,"year_to":1960,"date_precision":"open","date_approx":true,"period_raw":"с 1155","summary":"город в Лубенском районе Полтавской области Украины","url":"https://ru.wikipedia.org/wiki/%D0%9F%D0%B8%D1%80%D1%8F%D1%82%D0%B8%D0%BD","image_url":"http://commons.wikimedia.org/wiki/Special:FilePath/%D0%A1%D0%BE%D0%B1%D0%BE%D1%80%20%D0%A0i%D0%B7%D0%B4%D0%B2%D0%B0%20%D0%91%D0%BE%D0%B3%D0%BE%D1%80%D0%BE%D0%B4%D0%B8%D1%86i.%20%D0%BC.%D0%9F%D0%B8%D1%80%D1%8F%D1%82%D0%B8%D0%BD.jpg","source":"Викиданные","source_id":"Q269523","license":"CC0 (Викиданные)","confidence":"ok"}},{"type":"Feature","id":"settlements_wd:7a74fc080f2c","geometry":{"type":"Point","coordinates":[34.358056,50.210278]},"properties":{"uid":"settlements_wd:7a74fc080f2c","layer":"settlements_wd","layer_title":"Населённые места: год основания","group":"admin","title":"Зеньков","category":"город Украины","place_text":"Зеньковский район","region":"Зеньковский район","year_from":1604,"year_to":1960,"date_precision":"open","date_approx":true,"period_raw":"с 1604","summary":"город в Полтавском районе Полтавской области Украины","url":"https://ru.wikipedia.org/wiki/%D0%97%D0%B5%D0%BD%D1%8C%D0%BA%D0%BE%D0%B2","image_url":"http://commons.wikimedia.org/wiki/Special:FilePath/%D0%A3%20%D1%86%D0%B5%D0%BD%D1%82%D1%80%D1%96%20%D0%97%D1%96%D0%BD%D1%8C%D0%BA%D0%BE%D0%B2%D0%B0%20%D0%BD%D0%B0%20%D0%9F%D0%BE%D0%BB%D1%82%D0%B0%D0%B2%D1%89%D0%B8%D0%BD%D1%96.JPG","source":"Викиданные","source_id":"Q269547","license":"CC0 (Викиданные)","confidence":"ok"}},{"type":"Feature","id":"settlements_wd:44f9ee5f0151","geometry":{"type":"Point","coordinates":[20.375278,52.623333]},"properties":{"uid":"settlements_wd:44f9ee5f0151","layer":"settlements_wd","layer_title":"Населённые места: год основания","group":"admin","title":"Плоньск","category":"городская гмина","place_text":"Плоньский повет","region":"Плоньский повет","year_from":1400,"year_to":1960,"date_precision":"open","date_approx":true,"period_raw":"с 1400","summary":"город в Польше, входит в Мазовецкое воеводство, Плоньский повят","url":"https://ru.wikipedia.org/wiki/%D0%9F%D0%BB%D0%BE%D0%BD%D1%8C%D1%81%D0%BA","image_url":"http://commons.wikimedia.org/wiki/Special:FilePath/P%C5%82o%C5%84sk%20rynek.jpg","source":"Викиданные","source_id":"Q270656","license":"CC0 (Викиданные)","confidence":"ok"}},{"type":"Feature","id":"settlements_wd:7ec241c3bf04","geometry":{"type":"Point","coordinates":[40.65,55.616667]},"properties":{"uid":"settlements_wd:7ec241c3bf04","layer":"settlements_wd","layer_title":"Населённые места: год основания","group":"admin","title":"Гусь-Хрустальный","category":"исторические поселения России","place_text":"Муниципальное образование «Город Гусь-Хрустальный»","region":"Муниципальное образование «Город Гусь-Хрустальный»","year_from":1756,"year_to":1960,"date_precision":"open","date_approx":true,"period_raw":"с 1756","summary":"город во Владимирской области России","url":"https://ru.wikipedia.org/wiki/%D0%93%D1%83%D1%81%D1%8C-%D0%A5%D1%80%D1%83%D1%81%D1%82%D0%B0%D0%BB%D1%8C%D0%BD%D1%8B%D0%B9","image_url":"http://commons.wikimedia.org/wiki/Special:FilePath/Georgievsky%20Sobor.jpg","source":"Викиданные","source_id":"Q134735","license":"CC0 (Викиданные)","confidence":"ok"}},{"type":"Feature","id":"settlements_wd:3ea85541589e","geometry":{"type":"Point","coordinates":[49.583333,54.233333]},"properties":{"uid":"settlements_wd:3ea85541589e","layer":"settlements_wd","layer_title":"Населённые места: год основания","group":"admin","title":"Димитровград","category":"село","place_text":"Ульяновская область","region":"Ульяновская область","year_from":1698,"year_to":1960,"date_precision":"open","date_approx":true,"period_raw":"с 1698","summary":"город в Ульяновской области России","url":"https://ru.wikipedia.org/wiki/%D0%94%D0%B8%D0%BC%D0%B8%D1%82%D1%80%D0%BE%D0%B2%D0%B3%D1%80%D0%B0%D0%B4_(%D0%A0%D0%BE%D1%81%D1%81%D0%B8%D1%8F)","image_url":"http://commons.wikimedia.org/wiki/Special:FilePath/Dimitrovgrad%20International84b.JPG","source":"Викиданные","source_id":"Q135285","license":"CC0 (Викиданные)","confidence":"ok"}},{"type":"Feature","id":"settlements_wd:8eb4145cfc56","geometry":{"type":"Point","coordinates":[38.273333,46.711111]},"properties":{"uid":"settlements_wd:8eb4145cfc56","layer":"settlements_wd","layer_title":"Населённые места: год основания","group":"admin","title":"Ейск","category":"административно-территориальная единица России","place_text":"Ейское городское поселение","region":"Ейское городское поселение","year_from":1848,"year_to":1960,"date_precision":"open","date_approx":true,"period_raw":"с 1848","summary":"город-курорт на берегу Азовского моря, центр Ейского района","url":"https://ru.wikipedia.org/wiki/%D0%95%D0%B9%D1%81%D0%BA","image_url":"http://commons.wikimedia.org/wiki/Special:FilePath/%D0%95%D0%B9%D1%81%D0%BA%20%D1%83%D0%BB%D0%B8%D1%86%D0%B0%20%D0%A1%D0%B2%D0%B5%D1%80%D0%B4%D0%BB%D0%BE%D0%B2%D0%B0.jpg","source":"Викиданные","source_id":"Q135616","license":"CC0 (Викиданные)","confidence":"ok"}},{"type":"Feature","id":"settlements_wd:d4b567f42963","geometry":{"type":"Point","coordinates":[39.733333,48.3]},"properties":{"uid":"settlements_wd:d4b567f42963","layer":"settlements_wd","layer_title":"Населённые места: год основания","group":"admin","title":"Краснодон","category":"город Украины","place_text":"Краснодонская городская община","region":"Краснодонская городская община","year_from":1914,"year_to":1960,"date_precision":"open","date_approx":true,"period_raw":"с 1914","summary":"город в Луганской области, Украина","url":"https://ru.wikipedia.org/wiki/%D0%9A%D1%80%D0%B0%D1%81%D0%BD%D0%BE%D0%B4%D0%BE%D0%BD","image_url":"http://commons.wikimedia.org/wiki/Special:FilePath/Krasnodon%20landscape%20daylight.jpg","source":"Викиданные","source_id":"Q158053","license":"CC0 (Викиданные)","confidence":"ok"}},{"type":"Feature","id":"settlements_wd:f4903bcaf36a","geometry":{"type":"Point","coordinates":[32.266667,48.510278]},"properties":{"uid":"settlements_wd:f4903bcaf36a","layer":"settlements_wd","layer_title":"Населённые места: год основания","group":"admin","title":"Кропивницкий","category":"город областного значения Украины","place_text":"Кропивницкая городская община","region":"Кропивницкая городская община","year_from":1754,"year_to":1960,"date_precision":"open","date_approx":true,"period_raw":"с 1754","summary":"город на Украине, административный центр Кировоградской области","url":"https://ru.wikipedia.org/wiki/%D0%9A%D1%80%D0%BE%D0%BF%D0%B8%D0%B2%D0%BD%D0%B8%D1%86%D0%BA%D0%B8%D0%B9","image_url":"http://commons.wikimedia.org/wiki/Special:FilePath/%D0%9F%D0%BB%D0%BE%D1%89%D0%B0%20%D0%BF%D0%B5%D1%80%D0%B5%D0%B4%20%D0%BC%D1%96%D1%81%D1%8C%D0%BA%D1%80%D0%B0%D0%B4%D0%BE%D1%8E%20%D0%9A%D1%80%D0%BE%D0%BF%D0%B8%D0%B2%D0%BD%D0%B8%D1%86%D1%8C%D0%BA%D0%BE%D0%B3%D0%BE.png","source":"Викиданные","source_id":"Q158292","license":"CC0 (Викиданные)","confidence":"ok"}},{"type":"Feature","id":"settlements_wd:3f1ed84ddd2a","geometry":{"type":"Point","coordinates":[47.716667,56.116667]},"properties":{"uid":"settlements_wd:3f1ed84ddd2a","layer":"settlements_wd","layer_title":"Населённые места: год основания","group":"admin","title":"Мариинский Посад","category":"город","place_text":"Мариинско-Посадское городское поселение","region":"Мариинско-Посадское городское поселение","year_from":1620,"year_to":1960,"date_precision":"open","date_approx":true,"period_raw":"с 1620","summary":"город в Чувашии России","url":"https://ru.wikipedia.org/wiki/%D0%9C%D0%B0%D1%80%D0%B8%D0%B8%D0%BD%D1%81%D0%BA%D0%B8%D0%B9_%D0%9F%D0%BE%D1%81%D0%B0%D0%B4","image_url":"http://commons.wikimedia.org/wiki/Special:FilePath/%D0%9C%D0%B0%D1%80%D0%B8%D0%B8%D0%BD%D1%81%D0%BA%D0%B8%D0%B9%20%D0%9F%D0%BE%D1%81%D0%B0%D0%B4.jpg","source":"Викиданные","source_id":"Q158336","license":"CC0 (Викиданные)","confidence":"ok"}},{"type":"Feature","id":"settlements_wd:5e27b0d89ca8","geometry":{"type":"Point","coordinates":[39.297315,48.571708]},"properties":{"uid":"settlements_wd:5e27b0d89ca8","layer":"settlements_wd","layer_title":"Населённые места: год основания","group":"admin","title":"Луганск","category":"город","place_text":"Луганская городская община","region":"Луганская городская община","year_from":1795,"year_to":1960,"date_precision":"open","date_approx":true,"period_raw":"с 1795","summary":"город на Украине, административный центр Луганской области, подконтролен России","url":"https://ru.wikipedia.org/wiki/%D0%9B%D1%83%D0%B3%D0%B0%D0%BD%D1%81%D0%BA","image_url":"http://commons.wikimedia.org/wiki/Special:FilePath/%D0%9C%D1%83%D0%B7%D0%B5%D0%B9%20%D0%B8%D1%81%D1%82%D0%BE%D1%80%D0%B8%D0%B8%20%D0%9B%D1%83%D0%B3%D0%B0%D0%BD%D1%81%D0%BA%D0%B0.jpg","source":"Викиданные","source_id":"Q134279","license":"CC0 (Викиданные)","confidence":"ok"}},{"type":"Feature","id":"settlements_wd:07b8f35a23d3","geometry":{"type":"Point","coordinates":[42.6925,56.202778]},"properties":{"uid":"settlements_wd:07b8f35a23d3","layer":"settlements_wd","layer_title":"Населённые места: год основания","group":"admin","title":"Гороховец","category":"исторические поселения России","place_text":"Городское поселение город Гороховец","region":"Городское поселение город Гороховец","year_from":1168,"year_to":1960,"date_precision":"open","date_approx":true,"period_raw":"с 1168","summary":"город в Гороховецком районе Владимирской области России","url":"https://ru.wikipedia.org/wiki/%D0%93%D0%BE%D1%80%D0%BE%D1%85%D0%BE%D0%B2%D0%B5%D1%86","image_url":"http://commons.wikimedia.org/wiki/Special:FilePath/View%20on%20Gorokhovets%20town.JPG","source":"Викиданные","source_id":"Q134528","license":"CC0 (Викиданные)","confidence":"ok"}},{"type":"Feature","id":"settlements_wd:4706b16ab741","geometry":{"type":"Point","coordinates":[85.933333,54.283333]},"properties":{"uid":"settlements_wd:4706b16ab741","layer":"settlements_wd","layer_title":"Населённые места: год основания","group":"admin","title":"Гурьевск","category":"населённый пункт","place_text":"Гурьевское городское поселение","region":"Гурьевское городское поселение","year_from":1816,"year_to":1960,"date_precision":"open","date_approx":true,"period_raw":"с 1816","summary":"город областного подчинения в Кемеровской области, Россия","url":"https://ru.wikipedia.org/wiki/%D0%93%D1%83%D1%80%D1%8C%D0%B5%D0%B2%D1%81%D0%BA_(%D0%9A%D0%B5%D0%BC%D0%B5%D1%80%D0%BE%D0%B2%D1%81%D0%BA%D0%B0%D1%8F_%D0%BE%D0%B1%D0%BB%D0%B0%D1%81%D1%82%D1%8C)","image_url":"http://commons.wikimedia.org/wiki/Special:FilePath/Guryevsk%2C%20Kemerovo%20Oblast%2C%20Russia.jpg","source":"Викиданные","source_id":"Q134717","license":"CC0 (Викиданные)","confidence":"ok"}},{"type":"Feature","id":"settlements_wd:fecf509c26fa","geometry":{"type":"Point","coordinates":[21.266667,52.116667]},"properties":{"uid":"settlements_wd:fecf509c26fa","layer":"settlements_wd","layer_title":"Населённые места: год основания","group":"admin","title":"Отвоцк","category":"городская гмина","place_text":"Отвоцкий повят","region":"Отвоцкий повят","year_from":1877,"year_to":1960,"date_precision":"open","date_approx":true,"period_raw":"с 1877","summary":"город в Польше, входит в Мазовецкое воеводство, центр Отвоцкого повята","url":"https://ru.wikipedia.org/wiki/%D0%9E%D1%82%D0%B2%D0%BE%D1%86%D0%BA","image_url":"http://commons.wikimedia.org/wiki/Special:FilePath/Urz%C4%85d%20Miasta%20w%20Otwocku.jpg","source":"Викиданные","source_id":"Q745059","license":"CC0 (Викиданные)","confidence":"ok"}},{"type":"Feature","id":"settlements_wd:244209cfd201","geometry":{"type":"Point","coordinates":[21.305,53.864167]},"properties":{"uid":"settlements_wd:244209cfd201","layer":"settlements_wd","layer_title":"Населённые места: год основания","group":"admin","title":"Мронгово","category":"городская гмина","place_text":"Мронговский повят","region":"Мронговский повят","year_from":1348,"year_to":1960,"date_precision":"open","date_approx":true,"period_raw":"с 1348","summary":"город в Польше в Варминьско-Мазурском воеводстве, центр Мронговского повята","url":"https://ru.wikipedia.org/wiki/%D0%9C%D1%80%D0%BE%D0%BD%D0%B3%D0%BE%D0%B2%D0%BE","image_url":"http://commons.wikimedia.org/wiki/Special:FilePath/Mr%C4%85gowo%20Ratusz.jpg","source":"Викиданные","source_id":"Q745085","license":"CC0 (Викиданные)","confidence":"ok"}},{"type":"Feature","id":"settlements_wd:832976b73f39","geometry":{"type":"Point","coordinates":[20.583333,54.116667]},"properties":{"uid":"settlements_wd:832976b73f39","layer":"settlements_wd","layer_title":"Населённые места: год основания","group":"admin","title":"Лидзбарк-Варминьский","category":"городская гмина","place_text":"Лидзбаркский повят","region":"Лидзбаркский повят","year_from":1201,"year_to":1960,"date_precision":"open","date_approx":true,"period_raw":"с 1201","summary":"город в Восточной Пруссии (ныне Польша)","url":"https://ru.wikipedia.org/wiki/%D0%9B%D0%B8%D0%B4%D0%B7%D0%B1%D0%B0%D1%80%D0%BA-%D0%92%D0%B0%D1%80%D0%BC%D0%B8%D0%BD%D1%8C%D1%81%D0%BA%D0%B8","image_url":"http://commons.wikimedia.org/wiki/Special:FilePath/Lidzbark%20Warmi%C5%84ski%20-%20stare%20miasto.jpg","source":"Викиданные","source_id":"Q751123","license":"CC0 (Викиданные)","confidence":"ok"}},{"type":"Feature","id":"settlements_wd:3ea6795f37e1","geometry":{"type":"Point","coordinates":[22.05,50.583333]},"properties":{"uid":"settlements_wd:3ea6795f37e1","layer":"settlements_wd","layer_title":"Населённые места: год основания","group":"admin","title":"Сталёва-Воля","category":"городская гмина","place_text":"Сталёвовольский повят","region":"Сталёвовольский повят","year_from":1938,"year_to":1960,"date_precision":"open","date_approx":true,"period_raw":"с 1938","summary":"город в Польше, входит в Подкарпатское воеводство, Сталёвовольский повят","url":"https://ru.wikipedia.org/wiki/%D0%A1%D1%82%D0%B0%D0%BB%D1%91%D0%B2%D0%B0-%D0%92%D0%BE%D0%BB%D1%8F","image_url":"http://commons.wikimedia.org/wiki/Special:FilePath/Muzeum0921.jpg","source":"Викиданные","source_id":"Q751140","license":"CC0 (Викиданные)","confidence":"ok"}},{"type":"Feature","id":"settlements_wd:4d92c6ef447e","geometry":{"type":"Point","coordinates":[21.424722,50.805]},"properties":{"uid":"settlements_wd:4d92c6ef447e","layer":"settlements_wd","layer_title":"Населённые места: год основания","group":"admin","title":"Опатув","category":"город","place_text":"Опатув","region":"Опатув","year_from":1282,"year_to":1960,"date_precision":"open","date_approx":true,"period_raw":"с 1282","summary":"город в Свентокшиском воеводстве Польши, адм. центр Опатувского повята","url":"https://ru.wikipedia.org/wiki/%D0%9E%D0%BF%D0%B0%D1%82%D1%83%D0%B2","image_url":"http://commons.wikimedia.org/wiki/Special:FilePath/MOs810%20WG%2025%202024%20%28Kielce-Wis%C5%82a%29%20Town%20Hall%20Opat%C3%B3w.jpg","source":"Викиданные","source_id":"Q275694","license":"CC0 (Викиданные)","confidence":"ok"}},{"type":"Feature","id":"settlements_wd:9911002c9b01","geometry":{"type":"Point","coordinates":[21.183384,51.785097]},"properties":{"uid":"settlements_wd:9911002c9b01","layer":"settlements_wd","layer_title":"Населённые места: год основания","group":"admin","title":"Варка","category":"город","place_text":"Варка","region":"Варка","year_from":1321,"year_to":1960,"date_precision":"open","date_approx":true,"period_raw":"с 1321","summary":"город в Польше, входит в Мазовецкое воеводство, Груецкий повят","url":"https://ru.wikipedia.org/wiki/%D0%92%D0%B0%D1%80%D0%BA%D0%B0_(%D0%B3%D0%BE%D1%80%D0%BE%D0%B4)","image_url":"http://commons.wikimedia.org/wiki/Special:FilePath/Ratusz%20w%20Warce%2019728.jpg","source":"Викиданные","source_id":"Q276857","license":"CC0 (Викиданные)","confidence":"ok"}},{"type":"Feature","id":"settlements_wd:4b6459958292","geometry":{"type":"Point","coordinates":[18.683333,50.216667]},"properties":{"uid":"settlements_wd:4b6459958292","layer":"settlements_wd","layer_title":"Населённые места: год основания","group":"admin","title":"Кнурув","category":"городская гмина","place_text":"Гливицкий повет","region":"Гливицкий повет","year_from":1295,"year_to":1960,"date_precision":"open","date_approx":true,"period_raw":"с 1295","summary":"город в Польше, входит в Гливицкий повят Силезского воеводства","url":"https://ru.wikipedia.org/wiki/%D0%9A%D0%BD%D1%83%D1%80%D1%83%D0%B2","image_url":"http://commons.wikimedia.org/wiki/Special:FilePath/Knur%C3%B3w%2C%20Poland%20-%20panoramio.jpg","source":"Викиданные","source_id":"Q276860","license":"CC0 (Викиданные)","confidence":"ok"}},{"type":"Feature","id":"settlements_wd:44003b3d7acb","geometry":{"type":"Point","coordinates":[18.755,53.4875]},"properties":{"uid":"settlements_wd:44003b3d7acb","layer":"settlements_wd","layer_title":"Населённые места: год основания","group":"admin","title":"Грудзёндз","category":"город","place_text":"Куявско-Поморское воеводство","region":"Куявско-Поморское воеводство","year_from":1065,"year_to":1960,"date_precision":"open","date_approx":true,"period_raw":"с 1065","summary":"город в Польше","url":"https://ru.wikipedia.org/wiki/%D0%93%D1%80%D1%83%D0%B4%D0%B7%D1%91%D0%BD%D0%B4%D0%B7","image_url":"http://commons.wikimedia.org/wiki/Special:FilePath/Kola%C5%BC%20zdj%C4%99%C4%87%20Grudzi%C4%85dza%20%282022%29.png","source":"Викиданные","source_id":"Q123511","license":"CC0 (Викиданные)","confidence":"ok"}},{"type":"Feature","id":"settlements_wd:2c5af44eeaa3","geometry":{"type":"Point","coordinates":[34.155278,44.499444]},"properties":{"uid":"settlements_wd:2c5af44eeaa3","layer":"settlements_wd","layer_title":"Населённые места: год основания","group":"admin","title":"Ялта","category":"населённый пункт","place_text":"городской округ Ялта","region":"городской округ Ялта","year_from":1154,"year_to":1960,"date_precision":"open","date_approx":true,"period_raw":"с 1154","summary":"курортный и портовый город на Южном берегу Крыма","url":"https://ru.wikipedia.org/wiki/%D0%AF%D0%BB%D1%82%D0%B0","image_url":"http://commons.wikimedia.org/wiki/Special:FilePath/Widok%20na%20Ja%C5%82t%C4%99%20ze%20statku%2001.JPG","source":"Викиданные","source_id":"Q128499","license":"CC0 (Викиданные)","confidence":"ok"}},{"type":"Feature","id":"settlements_wd:8d1b024130f0","geometry":{"type":"Point","coordinates":[19.004722,49.913333]},"properties":{"uid":"settlements_wd:8d1b024130f0","layer":"settlements_wd","layer_title":"Населённые места: год основания","group":"admin","title":"Чеховице-Дзедзице","category":"город","place_text":"Чеховице-Дзедзице","region":"Чеховице-Дзедзице","year_from":1307,"year_to":1960,"date_precision":"open","date_approx":true,"period_raw":"с 1307","summary":"город в Польше, входит в Силезское воеводство, Бельский повят","url":"https://ru.wikipedia.org/wiki/%D0%A7%D0%B5%D1%85%D0%BE%D0%B2%D0%B8%D1%86%D0%B5-%D0%94%D0%B7%D0%B5%D0%B4%D0%B7%D0%B8%D1%86%D0%B5","image_url":"http://commons.wikimedia.org/wiki/Special:FilePath/Zamek%20i%20park%201.jpg","source":"Викиданные","source_id":"Q263684","license":"CC0 (Викиданные)","confidence":"ok"}},{"type":"Feature","id":"settlements_wd:4ee4d51d10e7","geometry":{"type":"Point","coordinates":[34.0,50.366667]},"properties":{"uid":"settlements_wd:4ee4d51d10e7","layer":"settlements_wd","layer_title":"Населённые места: год основания","group":"admin","title":"Гадяч","category":"населённый пункт","place_text":"Полтавская область","region":"Полтавская область","year_from":1533,"year_to":1960,"date_precision":"open","date_approx":true,"period_raw":"с 1533","summary":"город в Миргородском районе Полтавской области Украины","url":"https://ru.wikipedia.org/wiki/%D0%93%D0%B0%D0%B4%D1%8F%D1%87","image_url":"http://commons.wikimedia.org/wiki/Special:FilePath/%D0%92%D0%B8%D0%B4%20%D0%BD%D0%B0%20%D0%BF%D0%BB%D0%BE%D1%89%D1%8F%D0%B4%D1%8C%20%D1%81%20%D0%9A%D1%83%D0%BF%D0%BE%D0%BB%D0%B0%20%D1%81%D0%BE%D0%B1%D0%BE%D1%80%D0%B0%201%20%D0%BC%D0%B0%D1%8F%202011%20%D0%B3%20-%20panoramio.jpg","source":"Викиданные","source_id":"Q268638","license":"CC0 (Викиданные)","confidence":"ok"}},{"type":"Feature","id":"settlements_wd:ccaaf3e4d875","geometry":{"type":"Point","coordinates":[22.783333,49.566667]},"properties":{"uid":"settlements_wd:ccaaf3e4d875","layer":"settlements_wd","layer_title":"Населённые места: год основания","group":"admin","title":"Добромиль","category":"город Украины","place_text":"Самборский район","region":"Самборский район","year_from":1374,"year_to":1960,"date_precision":"open","date_approx":true,"period_raw":"с 1374","summary":"город в Самборском районе Львовской области Украины","url":"https://ru.wikipedia.org/wiki/%D0%94%D0%BE%D0%B1%D1%80%D0%BE%D0%BC%D0%B8%D0%BB%D1%8C","image_url":"http://commons.wikimedia.org/wiki/Special:FilePath/Dobromyl%20montage.png","source":"Викиданные","source_id":"Q268656","license":"CC0 (Викиданные)","confidence":"ok"}},{"type":"Feature","id":"settlements_wd:ea5111a4ce79","geometry":{"type":"Point","coordinates":[32.439585,50.117996]},"properties":{"uid":"settlements_wd:ea5111a4ce79","layer":"settlements_wd","layer_title":"Населённые места: год основания","group":"admin","title":"Гребёнка","category":"город Украины","place_text":"Гребёнковский район","region":"Гребёнковский район","year_from":1895,"year_to":1960,"date_precision":"open","date_approx":true,"period_raw":"с 1895","summary":"город в Лубенском районе Полтавской области Украины.","url":"https://ru.wikipedia.org/wiki/%D0%93%D1%80%D0%B5%D0%B1%D1%91%D0%BD%D0%BA%D0%B0_(%D0%B3%D0%BE%D1%80%D0%BE%D0%B4)","image_url":"http://commons.wikimedia.org/wiki/Special:FilePath/Collage%20of%20Hrebinka.jpg","source":"Викиданные","source_id":"Q268814","license":"CC0 (Викиданные)","confidence":"ok"}},{"type":"Feature","id":"settlements_wd:162adff6eb9c","geometry":{"type":"Point","coordinates":[33.390813,50.400199]},"properties":{"uid":"settlements_wd:162adff6eb9c","layer":"settlements_wd","layer_title":"Населённые места: год основания","group":"admin","title":"Заводское","category":"город Украины","place_text":"Заводская городская община","region":"Заводская городская община","year_from":1928,"year_to":1960,"date_precision":"open","date_approx":true,"period_raw":"с 1928","summary":"город в Полтавской области Украины. Входит в Миргородский район","url":"https://ru.wikipedia.org/wiki/%D0%97%D0%B0%D0%B2%D0%BE%D0%B4%D1%81%D0%BA%D0%BE%D0%B5_(%D0%B3%D0%BE%D1%80%D0%BE%D0%B4)","image_url":"http://commons.wikimedia.org/wiki/Special:FilePath/Chmr.jpg","source":"Викиданные","source_id":"Q269438","license":"CC0 (Викиданные)","confidence":"ok"}},{"type":"Feature","id":"settlements_wd:a9f63db3cadb","geometry":{"type":"Point","coordinates":[24.358611,57.863611]},"properties":{"uid":"settlements_wd:a9f63db3cadb","layer":"settlements_wd","layer_title":"Населённые места: год основания","group":"admin","title":"Айнажи","category":"приграничный город","place_text":"Лимбажский край","region":"Лимбажский край","year_from":1926,"year_to":1960,"date_precision":"open","date_approx":true,"period_raw":"с 1926","summary":"город в Латвии","url":"https://ru.wikipedia.org/wiki/%D0%90%D0%B9%D0%BD%D0%B0%D0%B6%D0%B8","image_url":"http://commons.wikimedia.org/wiki/Special:FilePath/Aina%C5%BEi%20North%20Pier%204.jpg","source":"Викиданные","source_id":"Q405931","license":"CC0 (Викиданные)","confidence":"ok"}},{"type":"Feature","id":"settlements_wd:d1268fffc9b4","geometry":{"type":"Point","coordinates":[25.255,56.600833]},"properties":{"uid":"settlements_wd:d1268fffc9b4","layer":"settlements_wd","layer_title":"Населённые места: год основания","group":"admin","title":"Айзкраукле","category":"город под муниципальной юрисдикцией Латвии","place_text":"Айзкраукльский край","region":"Айзкраукльский край","year_from":1960,"year_to":1960,"date_precision":"open","date_approx":true,"period_raw":"с 1960","summary":"город в Латвии","url":"https://ru.wikipedia.org/wiki/%D0%90%D0%B9%D0%B7%D0%BA%D1%80%D0%B0%D1%83%D0%BA%D0%BB%D0%B5","image_url":"http://commons.wikimedia.org/wiki/Special:FilePath/Aizkraukle%2C%20L%C4%81%C4%8Dpl%C4%93%C5%A1a%20iela.jpg","source":"Викиданные","source_id":"Q411715","license":"CC0 (Викиданные)","confidence":"ok"}},{"type":"Feature","id":"settlements_wd:ee984a868745","geometry":{"type":"Point","coordinates":[21.601667,56.721111]},"properties":{"uid":"settlements_wd:ee984a868745","layer":"settlements_wd","layer_title":"Населённые места: год основания","group":"admin","title":"Айзпуте","category":"ганзейский город","place_text":"Южно-Курземский край","region":"Южно-Курземский край","year_from":1248,"year_to":1960,"date_precision":"open","date_approx":true,"period_raw":"с 1248","summary":"город в Южно-Курземском крае Латвии","url":"https://ru.wikipedia.org/wiki/%D0%90%D0%B9%D0%B7%D0%BF%D1%83%D1%82%D0%B5","image_url":"http://commons.wikimedia.org/wiki/Special:FilePath/Aizputes%20Sv.J%C4%81%C5%86a%20luter%C4%81%C5%86u%20bazn%C4%ABca%20%282%29.jpg","source":"Викиданные","source_id":"Q411723","license":"CC0 (Викиданные)","confidence":"ok"}},{"type":"Feature","id":"settlements_wd:b38f880b6d8d","geometry":{"type":"Point","coordinates":[66.265556,39.895833]},"properties":{"uid":"settlements_wd:b38f880b6d8d","layer":"settlements_wd","layer_title":"Населённые места: год основания","group":"admin","title":"Каттакурган","category":"город","place_text":"Самаркандская область","region":"Самаркандская область","year_from":1601,"year_to":1960,"date_precision":"open","date_approx":true,"period_raw":"с 1601","summary":"город в Самаркандской области Узбекистана. Административный центр Каттакурганского района","url":"https://ru.wikipedia.org/wiki/%D0%9A%D0%B0%D1%82%D1%82%D0%B0%D0%BA%D1%83%D1%80%D0%B3%D0%B0%D0%BD","image_url":"http://commons.wikimedia.org/wiki/Special:FilePath/Kattakurgan%20bazar%202.jpg","source":"Викиданные","source_id":"Q422197","license":"CC0 (Викиданные)","confidence":"ok"}},{"type":"Feature","id":"settlements_wd:440dfa5e4cef","geometry":{"type":"Point","coordinates":[19.275,50.2]},"properties":{"uid":"settlements_wd:440dfa5e4cef","layer":"settlements_wd","layer_title":"Населённые места: год основания","group":"admin","title":"Явожно","category":"город","place_text":"Силезское воеводство","region":"Силезское воеводство","year_from":1229,"year_to":1960,"date_precision":"open","date_approx":true,"period_raw":"с 1229","summary":"город в Краковском бассейне (малопольская часть Силезского воеводства), Польша","url":"https://ru.wikipedia.org/wiki/%D0%AF%D0%B2%D0%BE%D0%B6%D0%BD%D0%BE","image_url":"http://commons.wikimedia.org/wiki/Special:FilePath/Jaworzno%20%C5%9Ar%C3%B3dmie%C5%9Bcie%20aerial%202026.jpg","source":"Викиданные","source_id":"Q158006","license":"CC0 (Викиданные)","confidence":"ok"}},{"type":"Feature","id":"settlements_wd:763212d98278","geometry":{"type":"Point","coordinates":[19.683333,51.4]},"properties":{"uid":"settlements_wd:763212d98278","layer":"settlements_wd","layer_title":"Населённые места: год основания","group":"admin","title":"Пётркув-Трыбунальский","category":"город","place_text":"Лодзинское воеводство","region":"Лодзинское воеводство","year_from":1217,"year_to":1960,"date_precision":"open","date_approx":true,"period_raw":"с 1217","summary":"город на правах повята в Лодзинском воеводстве","url":"https://ru.wikipedia.org/wiki/%D0%9F%D1%91%D1%82%D1%80%D0%BA%D1%83%D0%B2-%D0%A2%D1%80%D1%8B%D0%B1%D1%83%D0%BD%D0%B0%D0%BB%D1%8C%D1%81%D0%BA%D0%B8","image_url":"http://commons.wikimedia.org/wiki/Special:FilePath/Market%20Square%20in%20Piotrkow%2001.jpg","source":"Викиданные","source_id":"Q158004","license":"CC0 (Викиданные)","confidence":"ok"}},{"type":"Feature","id":"settlements_wd:f02b1150dd2a","geometry":{"type":"Point","coordinates":[48.526389,41.365278]},"properties":{"uid":"settlements_wd:f02b1150dd2a","layer":"settlements_wd","layer_title":"Населённые места: год основания","group":"admin","title":"Губа","category":"город","place_text":"Губинский район","region":"Губинский район","year_from":1401,"year_to":1960,"date_precision":"open","date_approx":true,"period_raw":"с 1401","summary":"город в Азербайджане в 168 км от Баку, административный центр Губинского района","url":"https://ru.wikipedia.org/wiki/%D0%93%D1%83%D0%B1%D0%B0_(%D0%B3%D0%BE%D1%80%D0%BE%D0%B4)","image_url":"http://commons.wikimedia.org/wiki/Special:FilePath/Quba%20%C5%9F%C9%99h%C9%99ri%20kollaj.jpg","source":"Викиданные","source_id":"Q647982","license":"CC0 (Викиданные)","confidence":"ok"}},{"type":"Feature","id":"settlements_wd:f7a9ec4773ea","geometry":{"type":"Point","coordinates":[22.572778,57.045833]},"properties":{"uid":"settlements_wd:f7a9ec4773ea","layer":"settlements_wd","layer_title":"Населённые места: год основания","group":"admin","title":"Сабиле","category":"город под муниципальной юрисдикцией Латвии","place_text":"Талсинский край","region":"Талсинский край","year_from":1917,"year_to":1960,"date_precision":"open","date_approx":true,"period_raw":"с 1917","summary":"город в Талсинском крае Латвии","url":"https://ru.wikipedia.org/wiki/%D0%A1%D0%B0%D0%B1%D0%B8%D0%BB%D0%B5","image_url":"http://commons.wikimedia.org/wiki/Special:FilePath/Sabile%20-%20panoramio%20%286%29.jpg","source":"Викиданные","source_id":"Q650475","license":"CC0 (Викиданные)","confidence":"ok"}},{"type":"Feature","id":"settlements_wd:abd709006778","geometry":{"type":"Point","coordinates":[44.541944,41.449444]},"properties":{"uid":"settlements_wd:abd709006778","layer":"settlements_wd","layer_title":"Населённые места: год основания","group":"admin","title":"Болниси","category":"город","place_text":"Болнисский муниципалитет","region":"Болнисский муниципалитет","year_from":1818,"year_to":1960,"date_precision":"open","date_approx":true,"period_raw":"с 1818","summary":"город в крае Квемо-Картли в Грузии","url":"https://ru.wikipedia.org/wiki/%D0%91%D0%BE%D0%BB%D0%BD%D0%B8%D1%81%D0%B8","image_url":"http://commons.wikimedia.org/wiki/Special:FilePath/Bolnisi%2001.jpg","source":"Викиданные","source_id":"Q653420","license":"CC0 (Викиданные)","confidence":"ok"}},{"type":"Feature","id":"settlements_wd:29dc879a5ebb","geometry":{"type":"Point","coordinates":[22.019444,49.695278]},"properties":{"uid":"settlements_wd:29dc879a5ebb","layer":"settlements_wd","layer_title":"Населённые места: год основания","group":"admin","title":"Бжозув","category":"город","place_text":"Бжозув","region":"Бжозув","year_from":1359,"year_to":1960,"date_precision":"open","date_approx":true,"period_raw":"с 1359","summary":"город в Польше, входит в Подкарпатское воеводство, Бжозувский повят","url":"https://ru.wikipedia.org/wiki/%D0%91%D0%B6%D0%BE%D0%B7%D1%83%D0%B2","image_url":"http://commons.wikimedia.org/wiki/Special:FilePath/0.2014%20Der%20Marktplatz%20mit%20Rathaus%20in%20Brzozow.jpg","source":"Викиданные","source_id":"Q653797","license":"CC0 (Викиданные)","confidence":"ok"}},{"type":"Feature","id":"settlements_wd:de6e1910855a","geometry":{"type":"Point","coordinates":[31.866667,49.216667]},"properties":{"uid":"settlements_wd:de6e1910855a","layer":"settlements_wd","layer_title":"Населённые места: год основания","group":"admin","title":"Смела","category":"населённый пункт","place_text":"Смелянский район","region":"Смелянский район","year_from":1542,"year_to":1960,"date_precision":"open","date_approx":true,"period_raw":"с 1542","summary":"город в Черкасском районе Черкасской области Украины","url":"https://ru.wikipedia.org/wiki/%D0%A1%D0%BC%D0%B5%D0%BB%D0%B0","image_url":"http://commons.wikimedia.org/wiki/Special:FilePath/%D0%9F%D0%B0%D0%BC%27%D1%8F%D1%82%D0%BD%D0%B8%D0%BA%20%D0%A2%D0%B0%D1%80%D0%B0%D1%81%D1%83%20%D0%A8%D0%B5%D0%B2%D1%87%D0%B5%D0%BD%D0%BA%D1%83%2C%20%D0%A1%D0%BC%D1%96%D0%BB%D0%B0%2C%20%D0%B7%D0%B0%D0%BB%D1%96%D0%B7%D0%BD%D0%B8%D1%87%D0%BD%D0%B8%D0%B9%20%D0%B2%D0%BE%D0%BA%D0%B7%D0%B0%D0%BB%2C%20%D0%B3%D0%BE%D1%80%D0%B8%D0%B7%D0%BE%D0%BD%D1%82%D0%B0%D0%BB%D1%8C%D0%BD%D0%B8%D0%B9%20%D0%BA%D0%B0%D0%B4%D1%80.jpg","source":"Викиданные","source_id":"Q219595","license":"CC0 (Викиданные)","confidence":"ok"}},{"type":"Feature","id":"settlements_wd:17037dd918d1","geometry":{"type":"Point","coordinates":[29.966667,48.833333]},"properties":{"uid":"settlements_wd:17037dd918d1","layer":"settlements_wd","layer_title":"Населённые места: год основания","group":"admin","title":"Христиновка","category":"город Украины","place_text":"Уманский район","region":"Уманский район","year_from":1890,"year_to":1960,"date_precision":"open","date_approx":true,"period_raw":"с 1890","summary":"город в Уманском районе Черкасской области Украины","url":"https://ru.wikipedia.org/wiki/%D0%A5%D1%80%D0%B8%D1%81%D1%82%D0%B8%D0%BD%D0%BE%D0%B2%D0%BA%D0%B0","image_url":"http://commons.wikimedia.org/wiki/Special:FilePath/%D0%A5%D1%80%D0%B8%D1%81%D1%82%D0%B8%D0%BD%D1%96%D0%B2%D0%BA%D0%B0%20%28%D0%BC%D1%96%D1%81%D1%82%D0%BE%29.%20%D0%9F%D0%BB%D0%BE%D1%89%D0%B0%20%D0%A1%D0%BE%D0%B1%D0%BE%D1%80%D0%BD%D0%B0.jpg","source":"Викиданные","source_id":"Q219599","license":"CC0 (Викиданные)","confidence":"ok"}},{"type":"Feature","id":"settlements_wd:2747cd094a20","geometry":{"type":"Point","coordinates":[26.116667,50.119444]},"properties":{"uid":"settlements_wd:2747cd094a20","layer":"settlements_wd","layer_title":"Населённые места: год основания","group":"admin","title":"Шумск","category":"город Украины","place_text":"Шумский район","region":"Шумский район","year_from":1149,"year_to":1960,"date_precision":"open","date_approx":true,"period_raw":"с 1149","summary":"город в Кременецком районе Тернопольской области Украины","url":"https://ru.wikipedia.org/wiki/%D0%A8%D1%83%D0%BC%D1%81%D0%BA","image_url":"http://commons.wikimedia.org/wiki/Special:FilePath/Shumsk%20Tcerkva.jpg","source":"Викиданные","source_id":"Q219601","license":"CC0 (Викиданные)","confidence":"ok"}},{"type":"Feature","id":"settlements_wd:5b31afe2a613","geometry":{"type":"Point","coordinates":[26.212722,49.536083]},"properties":{"uid":"settlements_wd:5b31afe2a613","layer":"settlements_wd","layer_title":"Населённые места: год основания","group":"admin","title":"Волочиск","category":"посёлок городского типа","place_text":"Волочисская городская община","region":"Волочисская городская община","year_from":1462,"year_to":1960,"date_precision":"open","date_approx":true,"period_raw":"с 1462","summary":"город в Хмельницком районе Хмельницкой области Украины","url":"https://ru.wikipedia.org/wiki/%D0%92%D0%BE%D0%BB%D0%BE%D1%87%D0%B8%D1%81%D0%BA","image_url":"http://commons.wikimedia.org/wiki/Special:FilePath/%D0%92%D1%83%D0%BB.%20%D0%9C%D1%83%D0%B7%D0%B5%D0%B9%D0%BD%D0%B0%2C%209%20%D0%9C%D0%B5%D0%BC%D0%BE%D1%80%D1%96%D0%B0%D0%BB%D1%8C%D0%BD%D0%B8%D0%B9%20%D0%BA%D0%BE%D0%BC%D0%BF%D0%BB%D0%B5%D0%BA%D1%81.jpg","source":"Викиданные","source_id":"Q219762","license":"CC0 (Викиданные)","confidence":"ok"}},{"type":"Feature","id":"settlements_wd:a03dd6ef8709","geometry":{"type":"Point","coordinates":[63.566667,39.1]},"properties":{"uid":"settlements_wd:a03dd6ef8709","layer":"settlements_wd","layer_title":"Населённые места: год основания","group":"admin","title":"Туркменабад","category":"список городов Туркменистана","place_text":"Туркменская ССР","region":"Туркменская ССР","year_from":1511,"year_to":1960,"date_precision":"open","date_approx":true,"period_raw":"с 1511","summary":"город, административный центр Лебапского велаята Туркменистана","url":"https://ru.wikipedia.org/wiki/%D0%A2%D1%83%D1%80%D0%BA%D0%BC%D0%B5%D0%BD%D0%B0%D0%B1%D0%B0%D0%B4","image_url":"http://commons.wikimedia.org/wiki/Special:FilePath/%D0%A6%D0%B5%D0%BD%D1%82%D1%80%20%D0%A2%D1%83%D1%80%D0%BA%D0%BC%D0%B5%D0%BD%D0%B0%D0%B1%D0%B0%D0%B4%D0%B0.jpg","source":"Викиданные","source_id":"Q487684","license":"CC0 (Викиданные)","confidence":"ok"}},{"type":"Feature","id":"settlements_wd:0b68bf0fca4a","geometry":{"type":"Point","coordinates":[69.140833,54.862222]},"properties":{"uid":"settlements_wd:0b68bf0fca4a","layer":"settlements_wd","layer_title":"Населённые места: год основания","group":"admin","title":"Петропавловск","category":"большой город","place_text":"Петропавловская городская администрация","region":"Петропавловская городская администрация","year_from":1752,"year_to":1960,"date_precision":"open","date_approx":true,"period_raw":"с 1752","summary":"город в Казахстане, административный центр Северо-Казахстанской области","url":"https://ru.wikipedia.org/wiki/%D0%9F%D0%B5%D1%82%D1%80%D0%BE%D0%BF%D0%B0%D0%B2%D0%BB%D0%BE%D0%B2%D1%81%D0%BA","image_url":"http://commons.wikimedia.org/wiki/Special:FilePath/%D0%A1%D1%82%D0%B5%D0%BB%D0%B0%20%C2%AB%D0%A1%D0%B5%D0%B2%D0%B5%D1%80%D0%BD%D0%B0%D1%8F%20%D0%B7%D0%B2%D0%B5%D0%B7%D0%B4%D0%B0%C2%BB.jpg","source":"Викиданные","source_id":"Q488379","license":"CC0 (Викиданные)","confidence":"ok"}},{"type":"Feature","id":"settlements_wd:9c0e5552bb10","geometry":{"type":"Point","coordinates":[52.993283,40.005539]},"properties":{"uid":"settlements_wd:9c0e5552bb10","layer":"settlements_wd","layer_title":"Населённые места: год основания","group":"admin","title":"Туркменбаши","category":"список городов Туркменистана","place_text":"Красноводская область","region":"Красноводская область","year_from":1869,"year_to":1960,"date_precision":"open","date_approx":true,"period_raw":"с 1869","summary":"город в Балканском велаяте Туркменистана","url":"https://ru.wikipedia.org/wiki/%D0%A2%D1%83%D1%80%D0%BA%D0%BC%D0%B5%D0%BD%D0%B1%D0%B0%D1%88%D0%B8_(%D0%B3%D0%BE%D1%80%D0%BE%D0%B4)","image_url":"http://commons.wikimedia.org/wiki/Special:FilePath/Hafenviertel%20T%C3%BCrkmenbaschy.jpg","source":"Викиданные","source_id":"Q488987","license":"CC0 (Викиданные)","confidence":"ok"}},{"type":"Feature","id":"settlements_wd:1a02af9900be","geometry":{"type":"Point","coordinates":[63.62463,53.21435]},"properties":{"uid":"settlements_wd:1a02af9900be","layer":"settlements_wd","layer_title":"Населённые места: год основания","group":"admin","title":"Костанай","category":"большой город","place_text":"Костанайская городская администрация","region":"Костанайская городская администрация","year_from":1879,"year_to":1960,"date_precision":"open","date_approx":true,"period_raw":"с 1879","summary":"город в Казахстане, административный центр Костанайской области","url":"https://ru.wikipedia.org/wiki/%D0%9A%D0%BE%D1%81%D1%82%D0%B0%D0%BD%D0%B0%D0%B9","image_url":"http://commons.wikimedia.org/wiki/Special:FilePath/Rustam%20Minnikhanov%20in%20Kostanay%20%282017-07-07%29%2001.jpg","source":"Викиданные","source_id":"Q488990","license":"CC0 (Викиданные)","confidence":"ok"}},{"type":"Feature","id":"settlements_wd:cdbbfff17ea6","geometry":{"type":"Point","coordinates":[33.208333,51.2375]},"properties":{"uid":"settlements_wd:cdbbfff17ea6","layer":"settlements_wd","layer_title":"Населённые места: год основания","group":"admin","title":"Конотоп","category":"город областного значения Украины","place_text":"Сумская область","region":"Сумская область","year_from":1634,"year_to":1960,"date_precision":"open","date_approx":true,"period_raw":"с 1634","summary":"город в Сумской области Украины адм. центр Конотопского района","url":"https://ru.wikipedia.org/wiki/%D0%9A%D0%BE%D0%BD%D0%BE%D1%82%D0%BE%D0%BF","image_url":"http://commons.wikimedia.org/wiki/Special:FilePath/Konotop%20City%20Council%20Building.jpg","source":"Викиданные","source_id":"Q162083","license":"CC0 (Викиданные)","confidence":"ok"}},{"type":"Feature","id":"settlements_wd:38f2cb131ed3","geometry":{"type":"Point","coordinates":[38.629225,48.023481]},"properties":{"uid":"settlements_wd:38f2cb131ed3","layer":"settlements_wd","layer_title":"Населённые места: год основания","group":"admin","title":"Торез","category":"город","place_text":"Чистяковская городская община","region":"Чистяковская городская община","year_from":1778,"year_to":1960,"date_precision":"open","date_approx":true,"period_raw":"с 1778","summary":"город в Горловском районе Донецкой области","url":"https://ru.wikipedia.org/wiki/%D0%A2%D0%BE%D1%80%D0%B5%D0%B7_(%D0%B3%D0%BE%D1%80%D0%BE%D0%B4)","image_url":"http://commons.wikimedia.org/wiki/Special:FilePath/Torez-centr.jpg","source":"Викиданные","source_id":"Q162084","license":"CC0 (Викиданные)","confidence":"ok"}},{"type":"Feature","id":"settlements_wd:c798d94289c4","geometry":{"type":"Point","coordinates":[27.678333,62.8925]},"properties":{"uid":"settlements_wd:c798d94289c4","layer":"settlements_wd","layer_title":"Населённые места: год основания","group":"admin","title":"Куопио","category":"город","place_text":"Северное Саво","region":"Северное Саво","year_from":1653,"year_to":1960,"date_precision":"open","date_approx":true,"period_raw":"с 1653","summary":"портовый город на востоке Финляндии, административный центр области Северного Саво","url":"https://ru.wikipedia.org/wiki/%D0%9A%D1%83%D0%BE%D0%BF%D0%B8%D0%BE","image_url":"http://commons.wikimedia.org/wiki/Special:FilePath/Downtown%20Kuopio%20and%20Kallavesi%20as%20seen%20from%20Puijo%20tower%2C%20Kuopio%2C%20North%20Savo%2C%20Finland%2C%202023%20April%20-%202.jpg","source":"Викиданные","source_id":"Q162279","license":"CC0 (Викиданные)","confidence":"ok"}},{"type":"Feature","id":"settlements_wd:5f2c2feeaa22","geometry":{"type":"Point","coordinates":[24.280556,55.072222]},"properties":{"uid":"settlements_wd:5f2c2feeaa22","layer":"settlements_wd","layer_title":"Населённые места: год основания","group":"admin","title":"Ионава","category":"город","place_text":"Ионавское староство","region":"Ионавское староство","year_from":1740,"year_to":1960,"date_precision":"open","date_approx":true,"period_raw":"с 1740","summary":"город в Литве, административный центр Ионавского района","url":"https://ru.wikipedia.org/wiki/%D0%98%D0%BE%D0%BD%D0%B0%D0%B2%D0%B0","image_url":"http://commons.wikimedia.org/wiki/Special:FilePath/Jonava.png","source":"Викиданные","source_id":"Q743218","license":"CC0 (Викиданные)","confidence":"ok"}},{"type":"Feature","id":"settlements_wd:58d531e7dfec","geometry":{"type":"Point","coordinates":[22.493611,56.666667]},"properties":{"uid":"settlements_wd:58d531e7dfec","layer":"settlements_wd","layer_title":"Населённые места: год основания","group":"admin","title":"Салдус","category":"город под муниципальной юрисдикцией Латвии","place_text":"Салдусский край","region":"Салдусский край","year_from":1917,"year_to":1960,"date_precision":"open","date_approx":true,"period_raw":"с 1917","summary":"город в Латвии","url":"https://ru.wikipedia.org/wiki/%D0%A1%D0%B0%D0%BB%D0%B4%D1%83%D1%81","image_url":"http://commons.wikimedia.org/wiki/Special:FilePath/Saldus%20-%20panoramio%20%281%29.jpg","source":"Викиданные","source_id":"Q744247","license":"CC0 (Викиданные)","confidence":"ok"}},{"type":"Feature","id":"settlements_wd:20d19dc42e1b","geometry":{"type":"Point","coordinates":[24.635,49.26]},"properties":{"uid":"settlements_wd:20d19dc42e1b","layer":"settlements_wd","layer_title":"Населённые места: год основания","group":"admin","title":"Бурштын","category":"город Украины","place_text":"Бурштынская городская община","region":"Бурштынская городская община","year_from":1554,"year_to":1960,"date_precision":"open","date_approx":true,"period_raw":"с 1554","summary":"город районного значения в Галичском районе Ивано-Франковской области Украины","url":"https://ru.wikipedia.org/wiki/%D0%91%D1%83%D1%80%D1%88%D1%82%D1%8B%D0%BD","image_url":"http://commons.wikimedia.org/wiki/Special:FilePath/%D0%A3%D0%BA%D1%80%D0%B0%D1%97%D0%BD%D0%B0%20I%D0%B2%D0%B0%D0%BD%D0%BE-%D0%A4%D1%80%D0%B0%D0%BD%D0%BAi%D0%B2%D1%81%D1%8C%D0%BA%D0%B0%20%D0%BE%D0%B1%D0%BB.%20%D0%BCi%D1%81%D1%82%D0%BE%20%D0%91%D1%83%D1%80%D1%88%D1%82%D0%B8%D0%BD.jpg","source":"Викиданные","source_id":"Q146557","license":"CC0 (Викиданные)","confidence":"ok"}},{"type":"Feature","id":"settlements_wd:1026e88a23cd","geometry":{"type":"Point","coordinates":[23.851389,49.066944]},"properties":{"uid":"settlements_wd:1026e88a23cd","layer":"settlements_wd","layer_title":"Населённые места: год основания","group":"admin","title":"Болехов","category":"город областного значения Украины","place_text":"Калушский район","region":"Калушский район","year_from":1612,"year_to":1960,"date_precision":"open","date_approx":true,"period_raw":"с 1612","summary":"город в Калушском районе Ивано-Франковской области Украины","url":"https://ru.wikipedia.org/wiki/%D0%91%D0%BE%D0%BB%D0%B5%D1%85%D0%BE%D0%B2","image_url":"http://commons.wikimedia.org/wiki/Special:FilePath/Bolekhiv%20Rathaus-04.jpg","source":"Викиданные","source_id":"Q146595","license":"CC0 (Викиданные)","confidence":"ok"}},{"type":"Feature","id":"settlements_wd:db0e31c9d798","geometry":{"type":"Point","coordinates":[19.04435,54.02846]},"properties":{"uid":"settlements_wd:db0e31c9d798","layer":"settlements_wd","layer_title":"Населённые места: год основания","group":"admin","title":"Мальборк","category":"городок","place_text":"Мальбурский повят","region":"Мальбурский повят","year_from":1201,"year_to":1960,"date_precision":"open","date_approx":true,"period_raw":"с 1201","summary":"город в Польше","url":"https://ru.wikipedia.org/wiki/%D0%9C%D0%B0%D0%BB%D1%8C%D0%B1%D0%BE%D1%80%D0%BA","image_url":"http://commons.wikimedia.org/wiki/Special:FilePath/Panorama%20of%20Malbork%20Castle%2C%20part%204.jpg","source":"Викиданные","source_id":"Q146820","license":"CC0 (Викиданные)","confidence":"ok"}},{"type":"Feature","id":"settlements_wd:19c8665ca2e0","geometry":{"type":"Point","coordinates":[24.1569,50.86]},"properties":{"uid":"settlements_wd:19c8665ca2e0","layer":"settlements_wd","layer_title":"Населённые места: год основания","group":"admin","title":"Устилуг","category":"город Украины","place_text":"Владимир-Волынский район","region":"Владимир-Волынский район","year_from":1150,"year_to":1960,"date_precision":"open","date_approx":true,"period_raw":"с 1150","summary":"город во Владимирском районе Волынской области Украины","url":"https://ru.wikipedia.org/wiki/%D0%A3%D1%81%D1%82%D0%B8%D0%BB%D1%83%D0%B3","image_url":"http://commons.wikimedia.org/wiki/Special:FilePath/Ustyluh%20Volodymyr-Volynskyi%20Volynska-Saints%20Peter%20and%20Paul%20church-south-west%20view.jpg","source":"Викиданные","source_id":"Q147292","license":"CC0 (Викиданные)","confidence":"ok"}},{"type":"Feature","id":"settlements_wd:087f7e624c25","geometry":{"type":"Point","coordinates":[23.5,49.35]},"properties":{"uid":"settlements_wd:087f7e624c25","layer":"settlements_wd","layer_title":"Населённые места: год основания","group":"admin","title":"Дрогобыч","category":"населённый пункт","place_text":"Львовская область","region":"Львовская область","year_from":1387,"year_to":1960,"date_precision":"open","date_approx":true,"period_raw":"с 1387","summary":"город во Львовской области","url":"https://ru.wikipedia.org/wiki/%D0%94%D1%80%D0%BE%D0%B3%D0%BE%D0%B1%D1%8B%D1%87","image_url":"http://commons.wikimedia.org/wiki/Special:FilePath/Casco%20hist%C3%B3rico%20de%20Drogobych.jpg","source":"Викиданные","source_id":"Q158821","license":"CC0 (Викиданные)","confidence":"ok"}},{"type":"Feature","id":"settlements_wd:d1f5f5d48707","geometry":{"type":"Point","coordinates":[46.750377,39.760213]},"properties":{"uid":"settlements_wd:d1f5f5d48707","layer":"settlements_wd","layer_title":"Населённые места: год основания","group":"admin","title":"Шуша","category":"город","place_text":"Шушинский район","region":"Шушинский район","year_from":1752,"year_to":1960,"date_precision":"open","date_approx":true,"period_raw":"с 1752","summary":"город в Азербайджане, культурная столица страны, административный центр Шушинского района","url":"https://ru.wikipedia.org/wiki/%D0%A8%D1%83%D1%88%D0%B0","image_url":"http://commons.wikimedia.org/wiki/Special:FilePath/Shusha%20general%20view.jpg","source":"Викиданные","source_id":"Q158903","license":"CC0 (Викиданные)","confidence":"ok"}},{"type":"Feature","id":"settlements_wd:9e739d5732e9","geometry":{"type":"Point","coordinates":[30.95,50.35]},"properties":{"uid":"settlements_wd:9e739d5732e9","layer":"settlements_wd","layer_title":"Населённые места: год основания","group":"admin","title":"Борисполь","category":"город Украины","place_text":"Киевская область","region":"Киевская область","year_from":1015,"year_to":1960,"date_precision":"open","date_approx":true,"period_raw":"с 1015","summary":"город в Киевской области Украины, адм. центр Бориспольского района","url":"https://ru.wikipedia.org/wiki/%D0%91%D0%BE%D1%80%D0%B8%D1%81%D0%BF%D0%BE%D0%BB%D1%8C","image_url":"http://commons.wikimedia.org/wiki/Special:FilePath/Borispil%20aerea.jpg","source":"Викиданные","source_id":"Q158910","license":"CC0 (Викиданные)","confidence":"ok"}},{"type":"Feature","id":"settlements_wd:83f652794b3c","geometry":{"type":"Point","coordinates":[59.666667,55.166667]},"properties":{"uid":"settlements_wd:83f652794b3c","layer":"settlements_wd","layer_title":"Населённые места: год основания","group":"admin","title":"Златоуст","category":"административно-территориальная единица России","place_text":"Челябинская область","region":"Челябинская область","year_from":1754,"year_to":1960,"date_precision":"open","date_approx":true,"period_raw":"с 1754","summary":"город в Челябинской области России","url":"https://ru.wikipedia.org/wiki/%D0%97%D0%BB%D0%B0%D1%82%D0%BE%D1%83%D1%81%D1%82","image_url":"http://commons.wikimedia.org/wiki/Special:FilePath/Views%20of%20Zlatoust%20%28August%202025%29%20-%200%205.jpg","source":"Викиданные","source_id":"Q140087","license":"CC0 (Викиданные)","confidence":"ok"}},{"type":"Feature","id":"settlements_wd:8a75368e284c","geometry":{"type":"Point","coordinates":[23.656944,52.084722]},"properties":{"uid":"settlements_wd:8a75368e284c","layer":"settlements_wd","layer_title":"Населённые места: год основания","group":"admin","title":"Брест","category":"приграничный город","place_text":"Брестская область","region":"Брестская область","year_from":1017,"year_to":1960,"date_precision":"open","date_approx":true,"period_raw":"с 1017","summary":"город в Беларуси, административный центр Брестской области и Брестского района","url":"https://ru.wikipedia.org/wiki/%D0%91%D1%80%D0%B5%D1%81%D1%82","image_url":"http://commons.wikimedia.org/wiki/Special:FilePath/Brest%2C%20Sov%C4%9Btsk%C3%A1%20ulice%20-%20panoramio.jpg","source":"Викиданные","source_id":"Q140147","license":"CC0 (Викиданные)","confidence":"ok"}},{"type":"Feature","id":"settlements_wd:ec3b123173e9","geometry":{"type":"Point","coordinates":[26.516667,50.333333]},"properties":{"uid":"settlements_wd:ec3b123173e9","layer":"settlements_wd","layer_title":"Населённые места: год основания","group":"admin","title":"Острог","category":"город Украины","place_text":"Волынское воеводство","region":"Волынское воеводство","year_from":1100,"year_to":1960,"date_precision":"open","date_approx":true,"period_raw":"с 1100","summary":"город в Ровненском районе Ровненской области Украины","url":"https://ru.wikipedia.org/wiki/%D0%9E%D1%81%D1%82%D1%80%D0%BE%D0%B3_(%D0%B3%D0%BE%D1%80%D0%BE%D0%B4)","image_url":"http://commons.wikimedia.org/wiki/Special:FilePath/%D0%9E%D1%81%D1%82%D1%80%D0%BE%D0%B3%20.%D0%9A%D0%BE%D1%81%D1%82%D0%B5%D0%BB%20%D0%A3%D1%81%D0%BF%D1%96%D0%BD%D0%BD%D1%8F%20%D0%94%D1%96%D0%B2%D0%B8%20%D0%9C%D0%B0%D1%80%D1%96%D1%97.%D0%A4%D0%B0%D1%81%D0%B0%D0%B4.jpg","source":"Викиданные","source_id":"Q140671","license":"CC0 (Викиданные)","confidence":"ok"}},{"type":"Feature","id":"settlements_wd:3a6f44c6d972","geometry":{"type":"Point","coordinates":[24.216667,48.05]},"properties":{"uid":"settlements_wd:3a6f44c6d972","layer":"settlements_wd","layer_title":"Населённые места: год основания","group":"admin","title":"Рахов","category":"село","place_text":"Раховский район","region":"Раховский район","year_from":1447,"year_to":1960,"date_precision":"open","date_approx":true,"period_raw":"с 1447","summary":"город в Закарпатской области Украины, адм. центр Раховского района","url":"https://ru.wikipedia.org/wiki/%D0%A0%D0%B0%D1%85%D0%BE%D0%B2","image_url":"http://commons.wikimedia.org/wiki/Special:FilePath/Rakhiv.jpg","source":"Викиданные","source_id":"Q146510","license":"CC0 (Викиданные)","confidence":"ok"}},{"type":"Feature","id":"settlements_wd:d178169251e4","geometry":{"type":"Point","coordinates":[19.633333,50.133333]},"properties":{"uid":"settlements_wd:d178169251e4","layer":"settlements_wd","layer_title":"Населённые места: год основания","group":"admin","title":"Кшешовице","category":"город","place_text":"Варшавское герцогство","region":"Варшавское герцогство","year_from":1286,"year_to":1960,"date_precision":"open","date_approx":true,"period_raw":"с 1286","summary":"город в Польше, входит в Краковский повят Малопольского воеводства","url":"https://ru.wikipedia.org/wiki/%D0%9A%D1%88%D0%B5%D1%88%D0%BE%D0%B2%D0%B8%D1%86%D0%B5","image_url":"http://commons.wikimedia.org/wiki/Special:FilePath/Pa%C5%82acPotockich-Fasada-WidokOdStronyParku-POL%2C%20Krzeszowice.jpg","source":"Викиданные","source_id":"Q146509","license":"CC0 (Викиданные)","confidence":"ok"}},{"type":"Feature","id":"settlements_wd:dbd1c0e83781","geometry":{"type":"Point","coordinates":[24.556389,48.453611]},"properties":{"uid":"settlements_wd:dbd1c0e83781","layer":"settlements_wd","layer_title":"Населённые места: год основания","group":"admin","title":"Яремче","category":"город областного значения Украины","place_text":"Надворнянский район","region":"Надворнянский район","year_from":1787,"year_to":1960,"date_precision":"open","date_approx":true,"period_raw":"с 1787","summary":"город в Надворнянском районе Ивано-Франковской области Украины","url":"https://ru.wikipedia.org/wiki/%D0%AF%D1%80%D0%B5%D0%BC%D1%87%D0%B5","image_url":"http://commons.wikimedia.org/wiki/Special:FilePath/Yaremche2.JPG","source":"Викиданные","source_id":"Q146524","license":"CC0 (Викиданные)","confidence":"ok"}},{"type":"Feature","id":"settlements_wd:947f28197e52","geometry":{"type":"Point","coordinates":[140.733333,53.15]},"properties":{"uid":"settlements_wd:947f28197e52","layer":"settlements_wd","layer_title":"Населённые места: год основания","group":"admin","title":"Николаевск-на-Амуре","category":"город","place_text":"Городское поселение «Город Николаевск-на-Амуре»","region":"Городское поселение «Город Николаевск-на-Амуре»","year_from":1850,"year_to":1960,"date_precision":"open","date_approx":true,"period_raw":"с 1850","summary":"город в Николаевском районе Хабаровского края России","url":"https://ru.wikipedia.org/wiki/%D0%9D%D0%B8%D0%BA%D0%BE%D0%BB%D0%B0%D0%B5%D0%B2%D1%81%D0%BA-%D0%BD%D0%B0-%D0%90%D0%BC%D1%83%D1%80%D0%B5","source":"Викиданные","source_id":"Q173037","license":"CC0 (Викиданные)","confidence":"ok"}},{"type":"Feature","id":"settlements_wd:67ff40510d11","geometry":{"type":"Point","coordinates":[49.916667,53.1]},"properties":{"uid":"settlements_wd:67ff40510d11","layer":"settlements_wd","layer_title":"Населённые места: год основания","group":"admin","title":"Новокуйбышевск","category":"большой город","place_text":"Городской округ Новокуйбышевск","region":"Городской округ Новокуйбышевск","year_from":1946,"year_to":1960,"date_precision":"open","date_approx":true,"period_raw":"с 1946","summary":"город в городском округе Новокуйбышевск Самарской области России","url":"https://ru.wikipedia.org/wiki/%D0%9D%D0%BE%D0%B2%D0%BE%D0%BA%D1%83%D0%B9%D0%B1%D1%8B%D1%88%D0%B5%D0%B2%D1%81%D0%BA","image_url":"http://commons.wikimedia.org/wiki/Special:FilePath/Novokuibyshevsk%20vokzal.JPG","source":"Викиданные","source_id":"Q175124","license":"CC0 (Викиданные)","confidence":"ok"}},{"type":"Feature","id":"settlements_wd:8886754ec1fe","geometry":{"type":"Point","coordinates":[38.266667,54.033333]},"properties":{"uid":"settlements_wd:8886754ec1fe","layer":"settlements_wd","layer_title":"Населённые места: год основания","group":"admin","title":"Новомосковск","category":"административно-территориальная единица России","place_text":"Новомосковский район","region":"Новомосковский район","year_from":1930,"year_to":1960,"date_precision":"open","date_approx":true,"period_raw":"с 1930","summary":"город в Тульской области России","url":"https://ru.wikipedia.org/wiki/%D0%9D%D0%BE%D0%B2%D0%BE%D0%BC%D0%BE%D1%81%D0%BA%D0%BE%D0%B2%D1%81%D0%BA_(%D0%B3%D0%BE%D1%80%D0%BE%D0%B4)","image_url":"http://commons.wikimedia.org/wiki/Special:FilePath/Moskovskaya%20and%20Komsomolskaya%20crossroad.jpg","source":"Викиданные","source_id":"Q175161","license":"CC0 (Викиданные)","confidence":"ok"}},{"type":"Feature","id":"settlements_wd:62f86e65a15b","geometry":{"type":"Point","coordinates":[43.639444,43.963611]},"properties":{"uid":"settlements_wd:62f86e65a15b","layer":"settlements_wd","layer_title":"Населённые места: год основания","group":"admin","title":"Новопавловск","category":"город","place_text":"Городское поселение Новопавловск","region":"Городское поселение Новопавловск","year_from":1777,"year_to":1960,"date_precision":"open","date_approx":true,"period_raw":"с 1777","summary":"город в Кировском районе Ставропольского края России","url":"https://ru.wikipedia.org/wiki/%D0%9D%D0%BE%D0%B2%D0%BE%D0%BF%D0%B0%D0%B2%D0%BB%D0%BE%D0%B2%D1%81%D0%BA","image_url":"http://commons.wikimedia.org/wiki/Special:FilePath/%D0%96%D0%B5%D0%BB%D0%B5%D0%B7%D0%BD%D0%BE%D0%B4%D0%BE%D1%80%D0%BE%D0%B6%D0%BD%D1%8B%D0%B9%20%D0%B2%D0%BE%D0%BA%D0%B7%D0%B0%D0%BB%20%D1%81%D1%82%D0%B0%D0%BD%D1%86%D0%B8%D0%B8%20%D0%90%D0%BF%D0%BE%D0%BB%D0%BB%D0%BE%D0%BD%D1%81%D0%BA%D0%B0%D1%8F.jpg","source":"Викиданные","source_id":"Q175191","license":"CC0 (Викиданные)","confidence":"ok"}},{"type":"Feature","id":"settlements_wd:c3ed0cc93388","geometry":{"type":"Point","coordinates":[47.5,56.116667]},"properties":{"uid":"settlements_wd:c3ed0cc93388","layer":"settlements_wd","layer_title":"Населённые места: год основания","group":"admin","title":"Новочебоксарск","category":"административно-территориальная единица России","place_text":"Городской округ город Новочебоксарск","region":"Городской округ город Новочебоксарск","year_from":1960,"year_to":1960,"date_precision":"open","date_approx":true,"period_raw":"с 1960","summary":"город в Чувашии России, административный центр Новочебоксарского городского округа","url":"https://ru.wikipedia.org/wiki/%D0%9D%D0%BE%D0%B2%D0%BE%D1%87%D0%B5%D0%B1%D0%BE%D0%BA%D1%81%D0%B0%D1%80%D1%81%D0%BA","image_url":"http://commons.wikimedia.org/wiki/Special:FilePath/%D0%9D%D0%BE%D0%B2%D0%BE%D1%87%D0%B5%D0%B1%D0%BE%D0%BA%D1%81%D0%B0%D1%80%D1%81%D0%BA-%D0%93%D0%AD%D0%A1%D1%81%D1%82%D1%80%D0%BE%D0%B9.jpg","source":"Викиданные","source_id":"Q175433","license":"CC0 (Викиданные)","confidence":"ok"}},{"type":"Feature","id":"settlements_wd:083c966cbc6e","geometry":{"type":"Point","coordinates":[40.093889,47.422222]},"properties":{"uid":"settlements_wd:083c966cbc6e","layer":"settlements_wd","layer_title":"Населённые места: год основания","group":"admin","title":"Новочеркасск","category":"большой город","place_text":"Ростовская область","region":"Ростовская область","year_from":1805,"year_to":1960,"date_precision":"open","date_approx":true,"period_raw":"с 1805","summary":"город в России","url":"https://ru.wikipedia.org/wiki/%D0%9D%D0%BE%D0%B2%D0%BE%D1%87%D0%B5%D1%80%D0%BA%D0%B0%D1%81%D1%81%D0%BA","image_url":"http://commons.wikimedia.org/wiki/Special:FilePath/Novocherkassk%20station%20panoramic.jpg","source":"Викиданные","source_id":"Q175452","license":"CC0 (Викиданные)","confidence":"ok"}},{"type":"Feature","id":"settlements_wd:2bad8a5351c3","geometry":{"type":"Point","coordinates":[18.786389,54.091111]},"properties":{"uid":"settlements_wd:2bad8a5351c3","layer":"settlements_wd","layer_title":"Населённые места: год основания","group":"admin","title":"Тчев","category":"городская гмина","place_text":"Тчевский повят","region":"Тчевский повят","year_from":1198,"year_to":1960,"date_precision":"open","date_approx":true,"period_raw":"с 1198","summary":"польский город","url":"https://ru.wikipedia.org/wiki/%D0%A2%D1%87%D0%B5%D0%B2","image_url":"http://commons.wikimedia.org/wiki/Special:FilePath/Tczew%2C%20pohled%20na%20centrum%20m%C4%9Bsta%20od%20n%C3%A1b%C5%99e%C5%BE%C3%AD%20Visly.JPG","source":"Викиданные","source_id":"Q474697","license":"CC0 (Викиданные)","confidence":"ok"}},{"type":"Feature","id":"settlements_wd:21b249785d75","geometry":{"type":"Point","coordinates":[33.717011,47.65955]},"properties":{"uid":"settlements_wd:21b249785d75","layer":"settlements_wd","layer_title":"Населённые места: год основания","group":"admin","title":"Апостолово","category":"посёлок городского типа","place_text":"Криворожский район","region":"Криворожский район","year_from":1793,"year_to":1960,"date_precision":"open","date_approx":true,"period_raw":"с 1793","summary":"город в Днепропетровской области (Украина)","url":"https://ru.wikipedia.org/wiki/%D0%90%D0%BF%D0%BE%D1%81%D1%82%D0%BE%D0%BB%D0%BE%D0%B2%D0%BE","image_url":"http://commons.wikimedia.org/wiki/Special:FilePath/%D0%90%D0%BF%D0%BE%D1%81%D1%82%D0%BE%D0%BB%D0%BE%D0%B2%D0%BE%20-%20%D0%A1%D1%82%D0%B5%D0%BB%D0%B0%20%D0%BF%D1%80%D0%B8%20%D0%B2%D1%8A%D0%B5%D0%B7%D0%B4%D0%B5%20%D0%B2%20%D0%B3%D0%BE%D1%80%D0%BE%D0%B4.jpg","source":"Викиданные","source_id":"Q475572","license":"CC0 (Викиданные)","confidence":"ok"}},{"type":"Feature","id":"settlements_wd:2621d51feb96","geometry":{"type":"Point","coordinates":[34.482346,50.583054]},"properties":{"uid":"settlements_wd:2621d51feb96","layer":"settlements_wd","layer_title":"Населённые места: год основания","group":"admin","title":"Лебедин","category":"город","place_text":"Сумская область","region":"Сумская область","year_from":1652,"year_to":1960,"date_precision":"open","date_approx":true,"period_raw":"с 1652","summary":"город в Сумском районе Сумской области Украины","url":"https://ru.wikipedia.org/wiki/%D0%9B%D0%B5%D0%B1%D0%B5%D0%B4%D0%B8%D0%BD","image_url":"http://commons.wikimedia.org/wiki/Special:FilePath/Lebedyn%20-%20Voznesenska%20church.JPG","source":"Викиданные","source_id":"Q476688","license":"CC0 (Викиданные)","confidence":"ok"}},{"type":"Feature","id":"settlements_wd:426035d933f3","geometry":{"type":"Point","coordinates":[73.116667,49.8]},"properties":{"uid":"settlements_wd:426035d933f3","layer":"settlements_wd","layer_title":"Населённые места: год основания","group":"admin","title":"Караганда","category":"город","place_text":"Qaraghandy Qalasy","region":"Qaraghandy Qalasy","year_from":1931,"year_to":1960,"date_precision":"open","date_approx":true,"period_raw":"с 1931","summary":"город, административный центр Карагандинской области, Казахстан","url":"https://ru.wikipedia.org/wiki/%D0%9A%D0%B0%D1%80%D0%B0%D0%B3%D0%B0%D0%BD%D0%B4%D0%B0","image_url":"http://commons.wikimedia.org/wiki/Special:FilePath/%D0%9A%D0%B0%D1%80%D0%B0%D0%B3%D0%B0%D0%BD%D0%B4%D0%B0%2C%20%D0%A1%D0%BE%D0%B1%D0%BE%D1%80%20%D0%9F%D1%80%D0%B5%D1%81%D0%B2%D1%8F%D1%82%D0%BE%D0%B9%20%D0%94%D0%B5%D0%B2%D1%8B%20%D0%9C%D0%B0%D1%80%D0%B8%D0%B8%20%D0%A4%D0%B0%D1%82%D0%B8%D0%BC%D1%81%D0%BA%D0%BE%D0%B9.jpg","source":"Викиданные","source_id":"Q484706","license":"CC0 (Викиданные)","confidence":"ok"}},{"type":"Feature","id":"settlements_wd:8685d987a80a","geometry":{"type":"Point","coordinates":[69.6,42.3]},"properties":{"uid":"settlements_wd:8685d987a80a","layer":"settlements_wd","layer_title":"Населённые места: год основания","group":"admin","title":"Шымкент","category":"город","place_text":"Казахстан","region":"Казахстан","year_from":1101,"year_to":1960,"date_precision":"open","date_approx":true,"period_raw":"с 1101","summary":"город республиканского значения в Казахстане","url":"https://ru.wikipedia.org/wiki/%D0%A8%D1%8B%D0%BC%D0%BA%D0%B5%D0%BD%D1%82","image_url":"http://commons.wikimedia.org/wiki/Special:FilePath/Shymkent%20independence%20square%20in%202023.jpg","source":"Викиданные","source_id":"Q485496","license":"CC0 (Викиданные)","confidence":"ok"}},{"type":"Feature","id":"settlements_wd:7862d8515991","geometry":{"type":"Point","coordinates":[29.960005,47.722527]},"properties":{"uid":"settlements_wd:7862d8515991","layer":"settlements_wd","layer_title":"Населённые места: год основания","group":"admin","title":"Ананьев","category":"город Украины","place_text":"Ананьевская городская община","region":"Ананьевская городская община","year_from":1753,"year_to":1960,"date_precision":"open","date_approx":true,"period_raw":"с 1753","summary":"город в Подольском районе Одесской области","url":"https://ru.wikipedia.org/wiki/%D0%90%D0%BD%D0%B0%D0%BD%D1%8C%D0%B5%D0%B2_(%D0%B3%D0%BE%D1%80%D0%BE%D0%B4)","image_url":"http://commons.wikimedia.org/wiki/Special:FilePath/Ananjiw%20Panorama.jpg","source":"Викиданные","source_id":"Q485891","license":"CC0 (Викиданные)","confidence":"ok"}},{"type":"Feature","id":"settlements_wd:ceca8cde4bdd","geometry":{"type":"Point","coordinates":[60.361111,41.381389]},"properties":{"uid":"settlements_wd:ceca8cde4bdd","layer":"settlements_wd","layer_title":"Населённые места: год основания","group":"admin","title":"Хива","category":"город","place_text":"Хорезмская область","region":"Хорезмская область","date_precision":"unknown","date_approx":false,"summary":"город в Узбекистане","url":"https://ru.wikipedia.org/wiki/%D0%A5%D0%B8%D0%B2%D0%B0","image_url":"http://commons.wikimedia.org/wiki/Special:FilePath/KhivaWalls.jpg","source":"Викиданные","source_id":"Q486195","license":"CC0 (Викиданные)","confidence":"ok"}},{"type":"Feature","id":"settlements_wd:4744a9c9efa1","geometry":{"type":"Point","coordinates":[35.87,48.52]},"properties":{"uid":"settlements_wd:4744a9c9efa1","layer":"settlements_wd","layer_title":"Населённые места: год основания","group":"admin","title":"Павлоград","category":"населённый пункт","place_text":"Павлоградский район","region":"Павлоградский район","year_from":1779,"year_to":1960,"date_precision":"open","date_approx":true,"period_raw":"с 1779","summary":"город в Днепропетровской области Украины, центр Павлоградского района","url":"https://ru.wikipedia.org/wiki/%D0%9F%D0%B0%D0%B2%D0%BB%D0%BE%D0%B3%D1%80%D0%B0%D0%B4","image_url":"http://commons.wikimedia.org/wiki/Special:FilePath/Pavlograd%20poshta%202.jpg","source":"Викиданные","source_id":"Q237206","license":"CC0 (Викиданные)","confidence":"ok"}},{"type":"Feature","id":"settlements_wd:39d50c6b1286","geometry":{"type":"Point","coordinates":[26.017778,53.1325]},"properties":{"uid":"settlements_wd:39d50c6b1286","layer":"settlements_wd","layer_title":"Населённые места: год основания","group":"admin","title":"Барановичи","category":"большой город","place_text":"Брестская область","region":"Брестская область","year_from":1627,"year_to":1960,"date_precision":"open","date_approx":true,"period_raw":"с 1627","summary":"город в Брестской области Беларуси, центр Барановичского района","url":"https://ru.wikipedia.org/wiki/%D0%91%D0%B0%D1%80%D0%B0%D0%BD%D0%BE%D0%B2%D0%B8%D1%87%D0%B8","image_url":"http://commons.wikimedia.org/wiki/Special:FilePath/Baranavi%C4%8Dy%20Montage%20%282017%29.jpg","source":"Викиданные","source_id":"Q237655","license":"CC0 (Викиданные)","confidence":"ok"}},{"type":"Feature","id":"settlements_wd:21e737904ecc","geometry":{"type":"Point","coordinates":[82.616667,49.95]},"properties":{"uid":"settlements_wd:21e737904ecc","layer":"settlements_wd","layer_title":"Населённые места: год основания","group":"admin","title":"Усть-Каменогорск","category":"город","place_text":"Усть-Каменогорская городская администрация","region":"Усть-Каменогорская городская администрация","year_from":1720,"year_to":1960,"date_precision":"open","date_approx":true,"period_raw":"с 1720","summary":"город в Казахстане, административный центр Восточно-Казахстанской области","url":"https://ru.wikipedia.org/wiki/%D0%A3%D1%81%D1%82%D1%8C-%D0%9A%D0%B0%D0%BC%D0%B5%D0%BD%D0%BE%D0%B3%D0%BE%D1%80%D1%81%D0%BA","image_url":"http://commons.wikimedia.org/wiki/Special:FilePath/%D0%9F%D0%B0%D0%BD%D0%BE%D1%80%D0%B0%D0%BC%D0%B0%20%D0%B3%D0%BE%D1%80%D0%BE%D0%B4%D0%B0%20%D0%A3%D1%81%D1%82%D1%8C-%D0%9A%D0%B0%D0%BC%D0%B5%D0%BD%D0%BE%D0%B3%D0%BE%D1%80%D1%81%D0%BA.jpg","source":"Викиданные","source_id":"Q162548","license":"CC0 (Викиданные)","confidence":"ok"}},{"type":"Feature","id":"settlements_wd:0bb3e978e2ab","geometry":{"type":"Point","coordinates":[37.716667,48.533333]},"properties":{"uid":"settlements_wd:0bb3e978e2ab","layer":"settlements_wd","layer_title":"Населённые места: год основания","group":"admin","title":"Константиновка","category":"город Украины","place_text":"Костантиновская городская община","region":"Костантиновская городская община","year_from":1870,"year_to":1960,"date_precision":"open","date_approx":true,"period_raw":"с 1870","summary":"город в Краматорском районе Донецкой области Украины","url":"https://ru.wikipedia.org/wiki/%D0%9A%D0%BE%D0%BD%D1%81%D1%82%D0%B0%D0%BD%D1%82%D0%B8%D0%BD%D0%BE%D0%B2%D0%BA%D0%B0","image_url":"http://commons.wikimedia.org/wiki/Special:FilePath/%D0%94%D0%BE%D0%BC%20%D0%BA%D1%83%D0%BB%D1%8C%D1%82%D1%83%D1%80%D1%8B%20%22%D0%A5%D0%B8%D0%BC%D0%B8%D0%BA%22%2010.jpg","source":"Викиданные","source_id":"Q165243","license":"CC0 (Викиданные)","confidence":"ok"}},{"type":"Feature","id":"settlements_wd:bf589d782ffe","geometry":{"type":"Point","coordinates":[63.314,45.63]},"properties":{"uid":"settlements_wd:bf589d782ffe","layer":"settlements_wd","layer_title":"Населённые места: год основания","group":"admin","title":"Байконур","category":"город","year_from":1955,"year_to":1960,"date_precision":"open","date_approx":true,"period_raw":"с 1955","summary":"город в Казахстане, административный центр космодрома Байконур","url":"https://ru.wikipedia.org/wiki/%D0%91%D0%B0%D0%B9%D0%BA%D0%BE%D0%BD%D1%83%D1%80_(%D0%B3%D0%BE%D1%80%D0%BE%D0%B4)","image_url":"http://commons.wikimedia.org/wiki/Special:FilePath/Baikonur%20from%20top%202002.jpg","source":"Викиданные","source_id":"Q165413","license":"CC0 (Викиданные)","confidence":"ok"}},{"type":"Feature","id":"settlements_wd:76939bf3aec8","geometry":{"type":"Point","coordinates":[61.666667,46.8]},"properties":{"uid":"settlements_wd:76939bf3aec8","layer":"settlements_wd","layer_title":"Населённые места: год основания","group":"admin","title":"Аральск","category":"город","place_text":"Q20098180","region":"Q20098180","year_from":1905,"year_to":1960,"date_precision":"open","date_approx":true,"period_raw":"с 1905","summary":"город в Казахстане","url":"https://ru.wikipedia.org/wiki/%D0%90%D1%80%D0%B0%D0%BB%D1%8C%D1%81%D0%BA","image_url":"http://commons.wikimedia.org/wiki/Special:FilePath/AralskHarbor.jpg","source":"Викиданные","source_id":"Q165450","license":"CC0 (Викиданные)","confidence":"ok"}},{"type":"Feature","id":"settlements_wd:a26c95ac1e30","geometry":{"type":"Point","coordinates":[75.691111,42.786944]},"properties":{"uid":"settlements_wd:a26c95ac1e30","layer":"settlements_wd","layer_title":"Населённые места: год основания","group":"admin","title":"Кемин","category":"город","place_text":"Кеминский район","region":"Кеминский район","year_from":1912,"year_to":1960,"date_precision":"open","date_approx":true,"period_raw":"с 1912","summary":"город в Кеминском районе Чуйской области Кыргызстана","url":"https://ru.wikipedia.org/wiki/%D0%9A%D0%B5%D0%BC%D0%B8%D0%BD","source":"Викиданные","source_id":"Q737375","license":"CC0 (Викиданные)","confidence":"ok"}},{"type":"Feature","id":"settlements_wd:0b2fb27ae0ed","geometry":{"type":"Point","coordinates":[30.071667,46.854222]},"properties":{"uid":"settlements_wd:0b2fb27ae0ed","layer":"settlements_wd","layer_title":"Населённые места: год основания","group":"admin","title":"Раздельная","category":"город Украины","place_text":"Раздельнянская городская община","region":"Раздельнянская городская община","year_from":1863,"year_to":1960,"date_precision":"open","date_approx":true,"period_raw":"с 1863","summary":"город в Одесской области Украины, адм. центр Раздельнянского района","url":"https://ru.wikipedia.org/wiki/%D0%A0%D0%B0%D0%B7%D0%B4%D0%B5%D0%BB%D1%8C%D0%BD%D0%B0%D1%8F","image_url":"http://commons.wikimedia.org/wiki/Special:FilePath/Church%20of%20St.%20Mykolay%20in%20Rozdilna.JPG","source":"Викиданные","source_id":"Q737634","license":"CC0 (Викиданные)","confidence":"ok"}},{"type":"Feature","id":"settlements_wd:e91ffcace320","geometry":{"type":"Point","coordinates":[27.683056,49.078056]},"properties":{"uid":"settlements_wd:e91ffcace320","layer":"settlements_wd","layer_title":"Населённые места: год основания","group":"admin","title":"Бар","category":"город Украины","place_text":"Барский район","region":"Барский район","year_from":1401,"year_to":1960,"date_precision":"open","date_approx":true,"period_raw":"с 1401","summary":"город в Жмеринском районе Винницкой области Украины","url":"https://ru.wikipedia.org/wiki/%D0%91%D0%B0%D1%80_(%D0%B3%D0%BE%D1%80%D0%BE%D0%B4,_%D0%A3%D0%BA%D1%80%D0%B0%D0%B8%D0%BD%D0%B0)","image_url":"http://commons.wikimedia.org/wiki/Special:FilePath/Bar%20montage.png","source":"Викиданные","source_id":"Q737925","license":"CC0 (Викиданные)","confidence":"ok"}},{"type":"Feature","id":"settlements_wd:97070cefd657","geometry":{"type":"Point","coordinates":[67.7,47.783333]},"properties":{"uid":"settlements_wd:97070cefd657","layer":"settlements_wd","layer_title":"Населённые места: год основания","group":"admin","title":"Жезказган","category":"город","place_text":"Жезказганская городская администрация","region":"Жезказганская городская администрация","year_from":1938,"year_to":1960,"date_precision":"open","date_approx":true,"period_raw":"с 1938","summary":"город в Казахстане, административный центр Улытауской области","url":"https://ru.wikipedia.org/wiki/%D0%96%D0%B5%D0%B7%D0%BA%D0%B0%D0%B7%D0%B3%D0%B0%D0%BD","image_url":"http://commons.wikimedia.org/wiki/Special:FilePath/Akimmat.jpg","source":"Викиданные","source_id":"Q740832","license":"CC0 (Викиданные)","confidence":"ok"}},{"type":"Feature","id":"settlements_wd:a0befc521c93","geometry":{"type":"Point","coordinates":[18.933333,51.6]},"properties":{"uid":"settlements_wd:a0befc521c93","layer":"settlements_wd","layer_title":"Населённые места: год основания","group":"admin","title":"Здуньская-Воля","category":"городская гмина","place_text":"Здуньсковольский повят","region":"Здуньсковольский повят","year_from":1394,"year_to":1960,"date_precision":"open","date_approx":true,"period_raw":"с 1394","summary":"город в Польше, входит в Лодзинское воеводство, Здуньсковольский повят","url":"https://ru.wikipedia.org/wiki/%D0%97%D0%B4%D1%83%D0%BD%D1%8C%D1%81%D0%BA%D0%B0-%D0%92%D0%BE%D0%BB%D1%8F","image_url":"http://commons.wikimedia.org/wiki/Special:FilePath/Zdu%C5%84ska%20Wola%2C%20Bazylika%20WNMP-010.JPG","source":"Викиданные","source_id":"Q169237","license":"CC0 (Викиданные)","confidence":"ok"}},{"type":"Feature","id":"settlements_wd:6824f14af270","geometry":{"type":"Point","coordinates":[59.602222,42.464722]},"properties":{"uid":"settlements_wd:6824f14af270","layer":"settlements_wd","layer_title":"Населённые места: год основания","group":"admin","title":"Нукус","category":"город","place_text":"Каракалпакстан","region":"Каракалпакстан","year_from":1860,"year_to":1960,"date_precision":"open","date_approx":true,"period_raw":"с 1860","summary":"столица Республики Каракалпакстан, Узбекистан","url":"https://ru.wikipedia.org/wiki/%D0%9D%D1%83%D0%BA%D1%83%D1%81","image_url":"http://commons.wikimedia.org/wiki/Special:FilePath/Nukus.jpg","source":"Викиданные","source_id":"Q489898","license":"CC0 (Викиданные)","confidence":"ok"}},{"type":"Feature","id":"settlements_wd:220b17124c08","geometry":{"type":"Point","coordinates":[69.396919,53.28245]},"properties":{"uid":"settlements_wd:220b17124c08","layer":"settlements_wd","layer_title":"Населённые места: год основания","group":"admin","title":"Кокшетау","category":"город","place_text":"Городская администрация Кокшетау","region":"Городская администрация Кокшетау","year_from":1824,"year_to":1960,"date_precision":"open","date_approx":true,"period_raw":"с 1824","summary":"город в Казахстане; административный центр Акмолинской области","url":"https://ru.wikipedia.org/wiki/%D0%9A%D0%BE%D0%BA%D1%88%D0%B5%D1%82%D0%B0%D1%83","image_url":"http://commons.wikimedia.org/wiki/Special:FilePath/%D0%9A%D0%BE%D0%BA%D1%88%D0%B5%D1%82%D0%B0%D1%83.jpg","source":"Викиданные","source_id":"Q490643","license":"CC0 (Викиданные)","confidence":"ok"}},{"type":"Feature","id":"settlements_wd:49aeec008d74","geometry":{"type":"Point","coordinates":[78.366667,45.016667]},"properties":{"uid":"settlements_wd:49aeec008d74","layer":"settlements_wd","layer_title":"Населённые места: год основания","group":"admin","title":"Талдыкорган","category":"город","place_text":"Талдыкорганская городская администрация","region":"Талдыкорганская городская администрация","year_from":1868,"year_to":1960,"date_precision":"open","date_approx":true,"period_raw":"с 1868","summary":"город в Казахстане, административный центр Жетысуской области","url":"https://ru.wikipedia.org/wiki/%D0%A2%D0%B0%D0%BB%D0%B4%D1%8B%D0%BA%D0%BE%D1%80%D0%B3%D0%B0%D0%BD","image_url":"http://commons.wikimedia.org/wiki/Special:FilePath/%D0%9A%D0%B0%D0%B4%D1%8B%D1%80%D0%B3%D0%B0%D0%BB%D0%B8%20%D0%96%D0%B0%D0%BB%D0%B0%D0%B9%D1%8B%D1%80.jpg","source":"Викиданные","source_id":"Q491102","license":"CC0 (Викиданные)","confidence":"ok"}},{"type":"Feature","id":"settlements_wd:b02250d0d5ff","geometry":{"type":"Point","coordinates":[76.956389,52.315556]},"properties":{"uid":"settlements_wd:b02250d0d5ff","layer":"settlements_wd","layer_title":"Населённые места: год основания","group":"admin","title":"Павлодар","category":"город","place_text":"Павлодарская область","region":"Павлодарская область","year_from":1720,"year_to":1960,"date_precision":"open","date_approx":true,"period_raw":"с 1720","summary":"город в Казахстане, административный центр Павлодарской области","url":"https://ru.wikipedia.org/wiki/%D0%9F%D0%B0%D0%B2%D0%BB%D0%BE%D0%B4%D0%B0%D1%80","image_url":"http://commons.wikimedia.org/wiki/Special:FilePath/%D0%A0%D0%B5%D1%81%D0%BF%D1%83%D0%B1%D0%BB%D0%B8%D0%BA%D0%B0%20%D0%9A%D0%B0%D0%B7%D0%B0%D1%85%D1%81%D1%82%D0%B0%D0%BD%2C%20%D0%B3.%20%D0%9F%D0%B0%D0%B2%D0%BB%D0%BE%D0%B4%D0%B0%D1%80.%20%D0%92%D0%B8%D0%B4%20%D0%BD%D0%B0%20%D1%86%D0%B5%D0%BD%D1%82%D1%80%D0%B0%D0%BB%D1%8C%D0%BD%D1%8B%D0%B9%20%D1%81%D0%BE%D0%B1%D0%BE%D1%80%2C%20%D0%9A%D0%B0%D0%B7%D0%A2%D1%80%D0%B0%D0%BD%D1%81%D0%9E%D0%B9%D0%BB%2C%20%D0%9A%D0%94%D0%A6%20%D0%B8%D0%BC.%20%D0%95%D1%81%D1%82%D0%B0%D1%8F.JPG","source":"Викиданные","source_id":"Q486282","license":"CC0 (Викиданные)","confidence":"ok"}},{"type":"Feature","id":"settlements_wd:078f8099187c","geometry":{"type":"Point","coordinates":[71.786389,40.386389]},"properties":{"uid":"settlements_wd:078f8099187c","layer":"settlements_wd","layer_title":"Населённые места: год основания","group":"admin","title":"Фергана","category":"город","place_text":"Узбекская ССР","region":"Узбекская ССР","year_from":1876,"year_to":1960,"date_precision":"open","date_approx":true,"period_raw":"с 1876","summary":"город, административный центр Ферганской области Узбекистана","url":"https://ru.wikipedia.org/wiki/%D0%A4%D0%B5%D1%80%D0%B3%D0%B0%D0%BD%D0%B0","image_url":"http://commons.wikimedia.org/wiki/Special:FilePath/%D0%A4%D0%B5%D1%80%D0%B3%D0%B0%D0%BD%D0%B0%20%D0%B0%D0%BB%D0%BB%D0%B5%D1%8F.jpg","source":"Викиданные","source_id":"Q486329","license":"CC0 (Викиданные)","confidence":"ok"}},{"type":"Feature","id":"settlements_wd:ff6c42ba3361","geometry":{"type":"Point","coordinates":[71.366667,42.883333]},"properties":{"uid":"settlements_wd:ff6c42ba3361","layer":"settlements_wd","layer_title":"Населённые места: год основания","group":"admin","title":"Тараз","category":"приграничный город","place_text":"Zhambyl Qalasy","region":"Zhambyl Qalasy","year_from":1720,"year_to":1960,"date_precision":"open","date_approx":true,"period_raw":"с 1720","summary":"город в Казахстане, административный центр Жамбылской области","url":"https://ru.wikipedia.org/wiki/%D0%A2%D0%B0%D1%80%D0%B0%D0%B7","image_url":"http://commons.wikimedia.org/wiki/Special:FilePath/Taraz%20image1.jpg","source":"Викиданные","source_id":"Q486545","license":"CC0 (Викиданные)","confidence":"ok"}},{"type":"Feature","id":"settlements_wd:dd2f1a0d6b53","geometry":{"type":"Point","coordinates":[51.3725,51.2225]},"properties":{"uid":"settlements_wd:dd2f1a0d6b53","layer":"settlements_wd","layer_title":"Населённые места: год основания","group":"admin","title":"Уральск","category":"город","place_text":"Уральская городская администрация","region":"Уральская городская администрация","year_from":1584,"year_to":1960,"date_precision":"open","date_approx":true,"period_raw":"с 1584","summary":"город в Казахстане","url":"https://ru.wikipedia.org/wiki/%D0%A3%D1%80%D0%B0%D0%BB%D1%8C%D1%81%D0%BA","image_url":"http://commons.wikimedia.org/wiki/Special:FilePath/%D0%9A%D1%80%D0%B0%D0%B5%D0%B2%D0%B5%D0%B4%D1%87%D0%B5%D1%81%D0%BA%D0%B8%D0%B9%20%D0%BC%D1%83%D0%B7%D0%B5%D0%B9%20-%20panoramio%20%288%29.jpg","source":"Викиданные","source_id":"Q487439","license":"CC0 (Викиданные)","confidence":"ok"}},{"type":"Feature","id":"settlements_wd:ef2355249c74","geometry":{"type":"Point","coordinates":[59.983056,41.816667]},"properties":{"uid":"settlements_wd:ef2355249c74","layer":"settlements_wd","layer_title":"Населённые места: год основания","group":"admin","title":"Дашогуз","category":"город","place_text":"Дашогузский велаят","region":"Дашогузский велаят","year_from":1681,"year_to":1960,"date_precision":"open","date_approx":true,"period_raw":"с 1681","summary":"город в Туркменистане, административный центр Дашогузского велаята (области)","url":"https://ru.wikipedia.org/wiki/%D0%94%D0%B0%D1%88%D0%BE%D0%B3%D1%83%D0%B7","image_url":"http://commons.wikimedia.org/wiki/Special:FilePath/Dashoguz%20%281%29%20%2846100624911%29.jpg","source":"Викиданные","source_id":"Q487672","license":"CC0 (Викиданные)","confidence":"ok"}},{"type":"Feature","id":"settlements_wd:62c5dffa850d","geometry":{"type":"Point","coordinates":[25.85,48.516667]},"properties":{"uid":"settlements_wd:62c5dffa850d","layer":"settlements_wd","layer_title":"Населённые места: год основания","group":"admin","title":"Заставна","category":"город Украины","place_text":"Черновицкий район","region":"Черновицкий район","year_from":1589,"year_to":1960,"date_precision":"open","date_approx":true,"period_raw":"с 1589","summary":"город в Черновицком районе Черновицкой области Украины","url":"https://ru.wikipedia.org/wiki/%D0%97%D0%B0%D1%81%D1%82%D0%B0%D0%B2%D0%BD%D0%B0","image_url":"http://commons.wikimedia.org/wiki/Special:FilePath/Zastavna%20pe%20la%201900.png","source":"Викиданные","source_id":"Q149035","license":"CC0 (Викиданные)","confidence":"ok"}},{"type":"Feature","id":"settlements_wd:0e62043f00ed","geometry":{"type":"Point","coordinates":[20.25,51.766667]},"properties":{"uid":"settlements_wd:0e62043f00ed","layer":"settlements_wd","layer_title":"Населённые места: год основания","group":"admin","title":"Рава-Мазовецка","category":"городская гмина","place_text":"Равский повет","region":"Равский повет","year_from":1228,"year_to":1960,"date_precision":"open","date_approx":true,"period_raw":"с 1228","summary":"город и гмина в центральной части Польши","url":"https://ru.wikipedia.org/wiki/%D0%A0%D0%B0%D0%B2%D0%B0-%D0%9C%D0%B0%D0%B7%D0%BE%D0%B2%D0%B5%D1%86%D0%BA%D0%B0","image_url":"http://commons.wikimedia.org/wiki/Special:FilePath/Ratusz%20miejski%20w%20Rawie%20Mazowieckiej%20z%20lotu%20ptaka.jpg","source":"Викиданные","source_id":"Q149059","license":"CC0 (Викиданные)","confidence":"ok"}},{"type":"Feature","id":"settlements_wd:d69970c92f66","geometry":{"type":"Point","coordinates":[25.497748,50.007861]},"properties":{"uid":"settlements_wd:d69970c92f66","layer":"settlements_wd","layer_title":"Населённые места: год основания","group":"admin","title":"Почаев","category":"город Украины","place_text":"Кременецкий район","region":"Кременецкий район","year_from":1450,"year_to":1960,"date_precision":"open","date_approx":true,"period_raw":"с 1450","summary":"город в Кременецком районе Тернопольской области Украины","url":"https://ru.wikipedia.org/wiki/%D0%9F%D0%BE%D1%87%D0%B0%D0%B5%D0%B2","image_url":"http://commons.wikimedia.org/wiki/Special:FilePath/1.%20%D0%9F%D0%BE%D1%87%D0%B0%D1%97%D0%B2%D1%81%D1%8C%D0%BA%D0%B0%20%D0%BB%D0%B0%D0%B2%D1%80%D0%B0.JPG","source":"Викиданные","source_id":"Q149060","license":"CC0 (Викиданные)","confidence":"ok"}},{"type":"Feature","id":"settlements_wd:b76492de0010","geometry":{"type":"Point","coordinates":[25.191667,48.25]},"properties":{"uid":"settlements_wd:b76492de0010","layer":"settlements_wd","layer_title":"Населённые места: год основания","group":"admin","title":"Вижница","category":"город Украины","place_text":"Вижницкий район","region":"Вижницкий район","year_from":1501,"year_to":1960,"date_precision":"open","date_approx":true,"period_raw":"с 1501","summary":"город в Черновицкой области Украины. адм. Вижницкого района","url":"https://ru.wikipedia.org/wiki/%D0%92%D0%B8%D0%B6%D0%BD%D0%B8%D1%86%D0%B0","image_url":"http://commons.wikimedia.org/wiki/Special:FilePath/Vyzhnycia.jpg","source":"Викиданные","source_id":"Q149118","license":"CC0 (Викиданные)","confidence":"ok"}},{"type":"Feature","id":"settlements_wd:df9c2fa10637","geometry":{"type":"Point","coordinates":[22.6,51.466667]},"properties":{"uid":"settlements_wd:df9c2fa10637","layer":"settlements_wd","layer_title":"Населённые места: год основания","group":"admin","title":"Любартув","category":"городская гмина","place_text":"Люблинское воеводство","region":"Люблинское воеводство","year_from":1543,"year_to":1960,"date_precision":"open","date_approx":true,"period_raw":"с 1543","summary":"город в Польше, входит в Люблинское воеводство, Любартувский повят","url":"https://ru.wikipedia.org/wiki/%D0%9B%D1%8E%D0%B1%D0%B0%D1%80%D1%82%D1%83%D0%B2","image_url":"http://commons.wikimedia.org/wiki/Special:FilePath/Lubart%C3%B3w%20lot%20ptaka.jpg","source":"Викиданные","source_id":"Q283885","license":"CC0 (Викиданные)","confidence":"ok"}},{"type":"Feature","id":"settlements_wd:7592df77c940","geometry":{"type":"Point","coordinates":[36.4175,45.2366]},"properties":{"uid":"settlements_wd:7592df77c940","layer":"settlements_wd","layer_title":"Населённые места: год основания","group":"admin","title":"Нимфей","category":"полис","place_text":"Керченский городской совет","region":"Керченский городской совет","date_precision":"unknown","date_approx":false,"summary":"древнегреческий город, находившийся на западном берегу Керченского пролива, у современного поселка Эльтиген","url":"https://ru.wikipedia.org/wiki/%D0%9D%D0%B8%D0%BC%D1%84%D0%B5%D0%B9_(%D0%9A%D1%80%D1%8B%D0%BC)","image_url":"http://commons.wikimedia.org/wiki/Special:FilePath/Nymphaion.Crimea.Excavations.jpg","source":"Викиданные","source_id":"Q287522","license":"CC0 (Викиданные)","confidence":"ok"}},{"type":"Feature","id":"settlements_wd:d307bfa67147","geometry":{"type":"Point","coordinates":[38.294825,48.999892]},"properties":{"uid":"settlements_wd:d307bfa67147","layer":"settlements_wd","layer_title":"Населённые места: год основания","group":"admin","title":"Приволье","category":"город","place_text":"Лисичанская городская община","region":"Лисичанская городская община","year_from":1695,"year_to":1960,"date_precision":"open","date_approx":true,"period_raw":"с 1695","summary":"город в Луганской области","url":"https://ru.wikipedia.org/wiki/%D0%9F%D1%80%D0%B8%D0%B2%D0%BE%D0%BB%D1%8C%D0%B5","image_url":"http://commons.wikimedia.org/wiki/Special:FilePath/Leninpriv.JPG","source":"Викиданные","source_id":"Q288160","license":"CC0 (Викиданные)","confidence":"ok"}},{"type":"Feature","id":"settlements_wd:a9807ae4053e","geometry":{"type":"Point","coordinates":[27.050278,57.423889]},"properties":{"uid":"settlements_wd:a9807ae4053e","layer":"settlements_wd","layer_title":"Населённые места: год основания","group":"admin","title":"Алуксне","category":"город под муниципальной юрисдикцией Латвии","place_text":"Валкский уезд","region":"Валкский уезд","year_from":1284,"year_to":1960,"date_precision":"open","date_approx":true,"period_raw":"с 1284","summary":"город в Латвии","url":"https://ru.wikipedia.org/wiki/%D0%90%D0%BB%D1%83%D0%BA%D1%81%D0%BD%D0%B5","image_url":"http://commons.wikimedia.org/wiki/Special:FilePath/AluksneNeuesSchloss.png","source":"Викиданные","source_id":"Q291333","license":"CC0 (Викиданные)","confidence":"ok"}},{"type":"Feature","id":"settlements_wd:15e98a12fcbb","geometry":{"type":"Point","coordinates":[36.468056,45.338611]},"properties":{"uid":"settlements_wd:15e98a12fcbb","layer":"settlements_wd","layer_title":"Населённые места: год основания","group":"admin","title":"Керчь","category":"большой город","place_text":"Автономная Республика Крым","region":"Автономная Республика Крым","date_precision":"unknown","date_approx":false,"summary":"город в Крыму, Город-герой","url":"https://ru.wikipedia.org/wiki/%D0%9A%D0%B5%D1%80%D1%87%D1%8C","image_url":"http://commons.wikimedia.org/wiki/Special:FilePath/Kerch%20ObeliskOfGlory.jpg","source":"Викиданные","source_id":"Q157065","license":"CC0 (Викиданные)","confidence":"ok"}},{"type":"Feature","id":"settlements_wd:e5d2a6e141c5","geometry":{"type":"Point","coordinates":[37.961111,48.055556]},"properties":{"uid":"settlements_wd:e5d2a6e141c5","layer":"settlements_wd","layer_title":"Населённые места: год основания","group":"admin","title":"Макеевка","category":"город Украины","place_text":"Makiivka Hromada","region":"Makiivka Hromada","year_from":1690,"year_to":1960,"date_precision":"open","date_approx":true,"period_raw":"с 1690","summary":"город в Донецкой области Украины","url":"https://ru.wikipedia.org/wiki/%D0%9C%D0%B0%D0%BA%D0%B5%D0%B5%D0%B2%D0%BA%D0%B0","image_url":"http://commons.wikimedia.org/wiki/Special:FilePath/Lenina%2059.jpg","source":"Викиданные","source_id":"Q157134","license":"CC0 (Викиданные)","confidence":"ok"}},{"type":"Feature","id":"settlements_wd:938708faec3d","geometry":{"type":"Point","coordinates":[33.39,47.91]},"properties":{"uid":"settlements_wd:938708faec3d","layer":"settlements_wd","layer_title":"Населённые места: год основания","group":"admin","title":"Кривой Рог","category":"линейный город","place_text":"Криворожская городская община","region":"Криворожская городская община","year_from":1775,"year_to":1960,"date_precision":"open","date_approx":true,"period_raw":"с 1775","summary":"город в Днепропетровской области Украины, центр Криворожского района","url":"https://ru.wikipedia.org/wiki/%D0%9A%D1%80%D0%B8%D0%B2%D0%BE%D0%B9_%D0%A0%D0%BE%D0%B3","image_url":"http://commons.wikimedia.org/wiki/Special:FilePath/Kryvyi%20Rih%20Old%20Town.jpg","source":"Викиданные","source_id":"Q157137","license":"CC0 (Викиданные)","confidence":"ok"}},{"type":"Feature","id":"settlements_wd:bd98a92fd068","geometry":{"type":"Point","coordinates":[25.433333,56.65]},"properties":{"uid":"settlements_wd:bd98a92fd068","layer":"settlements_wd","layer_title":"Населённые места: год основания","group":"admin","title":"Кокнесе","category":"ганзейский город","place_text":"Айзкраукльский край","region":"Айзкраукльский край","year_from":1205,"year_to":1960,"date_precision":"open","date_approx":true,"period_raw":"с 1205","summary":"город в Айзкраукльском крае Латвии","url":"https://ru.wikipedia.org/wiki/%D0%9A%D0%BE%D0%BA%D0%BD%D0%B5%D1%81%D0%B5","image_url":"http://commons.wikimedia.org/wiki/Special:FilePath/12%20Kokneses-pils-no-pret-kr-29sep07.jpg","source":"Викиданные","source_id":"Q504681","license":"CC0 (Викиданные)","confidence":"ok"}},{"type":"Feature","id":"settlements_wd:0fe8cc04e8af","geometry":{"type":"Point","coordinates":[25.107222,55.534444]},"properties":{"uid":"settlements_wd:0fe8cc04e8af","layer":"settlements_wd","layer_title":"Населённые места: год основания","group":"admin","title":"Аникщяй","category":"город","place_text":"Аникщяйское староство","region":"Аникщяйское староство","year_from":1442,"year_to":1960,"date_precision":"open","date_approx":true,"period_raw":"с 1442","summary":"город в северной части Литвы, административный центр Аникщяйского района","url":"https://ru.wikipedia.org/wiki/%D0%90%D0%BD%D0%B8%D0%BA%D1%89%D1%8F%D0%B9","image_url":"http://commons.wikimedia.org/wiki/Special:FilePath/Anyksciai%20church2.jpg","source":"Викиданные","source_id":"Q505416","license":"CC0 (Викиданные)","confidence":"ok"}},{"type":"Feature","id":"settlements_wd:13f9780c08fa","geometry":{"type":"Point","coordinates":[18.283333,50.5]},"properties":{"uid":"settlements_wd:13f9780c08fa","layer":"settlements_wd","layer_title":"Населённые места: год основания","group":"admin","title":"Стшельце-Опольске","category":"город","place_text":"Стшельце-Опольске (гмина)","region":"Стшельце-Опольске (гмина)","year_from":1300,"year_to":1960,"date_precision":"open","date_approx":true,"period_raw":"с 1300","summary":"город в Польше, входит в Опольское воеводство, Стшелецкий повят","url":"https://ru.wikipedia.org/wiki/%D0%A1%D1%82%D1%88%D0%B5%D0%BB%D1%8C%D1%86%D0%B5-%D0%9E%D0%BF%D0%BE%D0%BB%D1%8C%D1%81%D0%BA%D0%B5","image_url":"http://commons.wikimedia.org/wiki/Special:FilePath/Strzelecki%20ratusz.jpg","source":"Викиданные","source_id":"Q510827","license":"CC0 (Викиданные)","confidence":"ok"}},{"type":"Feature","id":"settlements_wd:b04d4a38c5de","geometry":{"type":"Point","coordinates":[48.67223,39.032414]},"properties":{"uid":"settlements_wd:b04d4a38c5de","layer":"settlements_wd","layer_title":"Населённые места: год основания","group":"admin","title":"Масаллы","category":"город","place_text":"Масаллинский район","region":"Масаллинский район","year_from":1960,"year_to":1960,"date_precision":"open","date_approx":true,"period_raw":"с 1960","summary":"город в Азербайджане, административный центр Масаллинского района","url":"https://ru.wikipedia.org/wiki/%D0%9C%D0%B0%D1%81%D0%B0%D0%BB%D0%BB%D1%8B","image_url":"http://commons.wikimedia.org/wiki/Special:FilePath/Masall%C4%B1%20%C5%9F%C9%99h%C9%99rinin%20%C3%BCmumi%20g%C3%B6r%C3%BCn%C3%BC%C5%9F%C3%BC.jpg","source":"Викиданные","source_id":"Q512116","license":"CC0 (Викиданные)","confidence":"ok"}},{"type":"Feature","id":"settlements_wd:3070324f84be","geometry":{"type":"Point","coordinates":[46.360556,40.682778]},"properties":{"uid":"settlements_wd:3070324f84be","layer":"settlements_wd","layer_title":"Населённые места: год основания","group":"admin","title":"Гянджа","category":"большой город","place_text":"Азербайджан","region":"Азербайджан","date_precision":"unknown","date_approx":false,"summary":"город в Азербайджане, город Республиканскаго подчинения","url":"https://ru.wikipedia.org/wiki/%D0%93%D1%8F%D0%BD%D0%B4%D0%B6%D0%B0","image_url":"http://commons.wikimedia.org/wiki/Special:FilePath/Montage%20of%20Ganja%202019.jpg","source":"Викиданные","source_id":"Q131290","license":"CC0 (Викиданные)","confidence":"ok"}},{"type":"Feature","id":"settlements_wd:8b3331f80fd9","geometry":{"type":"Point","coordinates":[48.288889,42.057778]},"properties":{"uid":"settlements_wd:8b3331f80fd9","layer":"settlements_wd","layer_title":"Населённые места: год основания","group":"admin","title":"Дербент","category":"административно-территориальная единица России","place_text":"Дербентское ханство","region":"Дербентское ханство","date_precision":"unknown","date_approx":false,"summary":"город в Дагестане, Россия, самый южный город России","url":"https://ru.wikipedia.org/wiki/%D0%94%D0%B5%D1%80%D0%B1%D0%B5%D0%BD%D1%82","image_url":"http://commons.wikimedia.org/wiki/Special:FilePath/Derbent.%20Dagestan.jpg","source":"Викиданные","source_id":"Q131416","license":"CC0 (Викиданные)","confidence":"ok"}},{"type":"Feature","id":"settlements_wd:0e90f1ff7767","geometry":{"type":"Point","coordinates":[29.633333,46.85]},"properties":{"uid":"settlements_wd:0e90f1ff7767","layer":"settlements_wd","layer_title":"Населённые места: год основания","group":"admin","title":"Тирасполь","category":"большой город","place_text":"Молдова","region":"Молдова","year_from":1792,"year_to":1960,"date_precision":"open","date_approx":true,"period_raw":"с 1792","summary":"город в Молдавии, столица непризнанной Приднестровской Молдавской Республики","url":"https://ru.wikipedia.org/wiki/%D0%A2%D0%B8%D1%80%D0%B0%D1%81%D0%BF%D0%BE%D0%BB%D1%8C","image_url":"http://commons.wikimedia.org/wiki/Special:FilePath/%D0%9F%D0%BB%D0%BE%D1%89%D0%B0%D0%B4%D1%8C%20%D0%A1%D1%83%D0%B2%D0%BE%D1%80%D0%BE%D0%B2%D0%B0%20%D0%BF%D0%BE%D1%81%D0%BB%D0%B5%20%D0%BF%D0%B0%D1%80%D0%B0%D0%B4%D0%B0.jpg","source":"Викиданные","source_id":"Q132572","license":"CC0 (Викиданные)","confidence":"ok"}},{"type":"Feature","id":"settlements_wd:46cc694c5241","geometry":{"type":"Point","coordinates":[21.375278,54.076667]},"properties":{"uid":"settlements_wd:46cc694c5241","layer":"settlements_wd","layer_title":"Населённые места: год основания","group":"admin","title":"Кентшин","category":"населённый пункт","place_text":"Кентшинский повят","region":"Кентшинский повят","year_from":1329,"year_to":1960,"date_precision":"open","date_approx":true,"period_raw":"с 1329","summary":"город в Польше","url":"https://ru.wikipedia.org/wiki/%D0%9A%D0%B5%D0%BD%D1%82%D1%88%D0%B8%D0%BD","image_url":"http://commons.wikimedia.org/wiki/Special:FilePath/K%C4%99trzyn%2C%20view%20from%20St.%20George%27s%20Basilica%2001.jpg","source":"Викиданные","source_id":"Q319397","license":"CC0 (Викиданные)","confidence":"ok"}},{"type":"Feature","id":"settlements_wd:01cbb74f3258","geometry":{"type":"Point","coordinates":[22.733333,50.55]},"properties":{"uid":"settlements_wd:01cbb74f3258","layer":"settlements_wd","layer_title":"Населённые места: год основания","group":"admin","title":"Билгорай","category":"городская гмина","place_text":"Билгорайский повят","region":"Билгорайский повят","year_from":1578,"year_to":1960,"date_precision":"open","date_approx":true,"period_raw":"с 1578","summary":"город в Польше, в Люблинском воеводстве, центр Билгорайского повета","url":"https://ru.wikipedia.org/wiki/%D0%91%D0%B8%D0%BB%D0%B3%D0%BE%D1%80%D0%B0%D0%B9","image_url":"http://commons.wikimedia.org/wiki/Special:FilePath/Bi%C5%82goraj%20-%20S%C4%85d%20Rejonowy%20%2801%29%20-%20DSC00423%20v1.jpg","source":"Викиданные","source_id":"Q319445","license":"CC0 (Викиданные)","confidence":"ok"}},{"type":"Feature","id":"settlements_wd:788d85be6b80","geometry":{"type":"Point","coordinates":[141.866667,46.65]},"properties":{"uid":"settlements_wd:788d85be6b80","layer":"settlements_wd","layer_title":"Населённые места: год основания","group":"admin","title":"Невельск","category":"административно-территориальная единица России","place_text":"Невельский муниципальный округ","region":"Невельский муниципальный округ","year_from":1901,"year_to":1960,"date_precision":"open","date_approx":true,"period_raw":"с 1901","summary":"город в Сахалинской области России","url":"https://ru.wikipedia.org/wiki/%D0%9D%D0%B5%D0%B2%D0%B5%D0%BB%D1%8C%D1%81%D0%BA","image_url":"http://commons.wikimedia.org/wiki/Special:FilePath/Nevelsk%20Panorama%2030.12.2009.jpg","source":"Викиданные","source_id":"Q165790","license":"CC0 (Викиданные)","confidence":"ok"}},{"type":"Feature","id":"settlements_wd:bc7b46095149","geometry":{"type":"Point","coordinates":[41.933333,44.633333]},"properties":{"uid":"settlements_wd:bc7b46095149","layer":"settlements_wd","layer_title":"Населённые места: год основания","group":"admin","title":"Невинномысск","category":"большой город","place_text":"Город Невинномысск","region":"Город Невинномысск","year_from":1825,"year_to":1960,"date_precision":"open","date_approx":true,"period_raw":"с 1825","summary":"город в Ставропольском крае России","url":"https://ru.wikipedia.org/wiki/%D0%9D%D0%B5%D0%B2%D0%B8%D0%BD%D0%BD%D0%BE%D0%BC%D1%8B%D1%81%D1%81%D0%BA","image_url":"http://commons.wikimedia.org/wiki/Special:FilePath/%D0%91%D1%83%D0%BB%D1%8C%D0%B2%D0%B0%D1%80%20%D0%9C%D0%B8%D1%80%D0%B0%2C%20%D0%9D%D0%B5%D0%B2%D0%B8%D0%BD%D0%BD%D0%BE%D0%BC%D1%8B%D1%81%D1%81%D0%BA.jpg","source":"Викиданные","source_id":"Q165806","license":"CC0 (Викиданные)","confidence":"ok"}},{"type":"Feature","id":"settlements_wd:1eeb8043f3ee","geometry":{"type":"Point","coordinates":[24.713056,57.514722]},"properties":{"uid":"settlements_wd:1eeb8043f3ee","layer":"settlements_wd","layer_title":"Населённые места: год основания","group":"admin","title":"Лимбажи","category":"ганзейский город","place_text":"Лимбажский край","region":"Лимбажский край","year_from":1385,"year_to":1960,"date_precision":"open","date_approx":true,"period_raw":"с 1385","summary":"город в Латвии, административный центр Лимбажского края","url":"https://ru.wikipedia.org/wiki/%D0%9B%D0%B8%D0%BC%D0%B1%D0%B0%D0%B6%D0%B8","image_url":"http://commons.wikimedia.org/wiki/Special:FilePath/Limba%C5%BEu%20vecpils%C4%93ta.jpg","source":"Викиданные","source_id":"Q166684","license":"CC0 (Викиданные)","confidence":"ok"}},{"type":"Feature","id":"settlements_wd:94e2fdfb60fa","geometry":{"type":"Point","coordinates":[21.011111,56.508333]},"properties":{"uid":"settlements_wd:94e2fdfb60fa","layer":"settlements_wd","layer_title":"Населённые места: год основания","group":"admin","title":"Лиепая","category":"государственный город Латвии","place_text":"Латвия","region":"Латвия","year_from":1625,"year_to":1960,"date_precision":"open","date_approx":true,"period_raw":"с 1625","summary":"город республиканского подчинения в Латвии","url":"https://ru.wikipedia.org/wiki/%D0%9B%D0%B8%D0%B5%D0%BF%D0%B0%D1%8F","image_url":"http://commons.wikimedia.org/wiki/Special:FilePath/Liepajas%20Sveta%20Jazepa%20Romas%20katolu%20katedrale%202.jpg","source":"Викиданные","source_id":"Q167668","license":"CC0 (Викиданные)","confidence":"ok"}},{"type":"Feature","id":"settlements_wd:2cb5a0e8a252","geometry":{"type":"Point","coordinates":[75.326583,51.729778]},"properties":{"uid":"settlements_wd:2cb5a0e8a252","layer":"settlements_wd","layer_title":"Населённые места: год основания","group":"admin","title":"Экибастуз","category":"город","place_text":"Экибастузская городская администрация","region":"Экибастузская городская администрация","year_from":1898,"year_to":1960,"date_precision":"open","date_approx":true,"period_raw":"с 1898","summary":"город областного подчинения на западе Павлодарской области, Казахстан","url":"https://ru.wikipedia.org/wiki/%D0%AD%D0%BA%D0%B8%D0%B1%D0%B0%D1%81%D1%82%D1%83%D0%B7","image_url":"http://commons.wikimedia.org/wiki/Special:FilePath/%D0%A4%D0%BE%D1%82%D0%BE%D0%B3%D1%80%D0%B0%D1%84%D0%B8%D1%8F%20%D0%AD%D0%BA%D0%B8%D0%B1%D0%B0%D1%81%D1%82%D1%83%D0%B7%D0%B0.png","source":"Викиданные","source_id":"Q496442","license":"CC0 (Викиданные)","confidence":"ok"}},{"type":"Feature","id":"settlements_wd:30ce1a600814","geometry":{"type":"Point","coordinates":[18.666667,54.7]},"properties":{"uid":"settlements_wd:30ce1a600814","layer":"settlements_wd","layer_title":"Населённые места: год основания","group":"admin","title":"Ястарня","category":"город","place_text":"Пуцкий повят","region":"Пуцкий повят","year_from":1378,"year_to":1960,"date_precision":"open","date_approx":true,"period_raw":"с 1378","summary":"город и гмина в Пуцком повяте Поморского воеводства Польши","url":"https://ru.wikipedia.org/wiki/%D0%AF%D1%81%D1%82%D0%B0%D1%80%D0%BD%D1%8F","image_url":"http://commons.wikimedia.org/wiki/Special:FilePath/Plaza%20Jastarnia.jpg","source":"Викиданные","source_id":"Q497154","license":"CC0 (Викиданные)","confidence":"ok"}},{"type":"Feature","id":"settlements_wd:c3721cb9b5cb","geometry":{"type":"Point","coordinates":[24.1875,56.406667]},"properties":{"uid":"settlements_wd:c3721cb9b5cb","layer":"settlements_wd","layer_title":"Населённые места: год основания","group":"admin","title":"Бауска","category":"город под муниципальной юрисдикцией Латвии","place_text":"Бауский край","region":"Бауский край","year_from":1609,"year_to":1960,"date_precision":"open","date_approx":true,"period_raw":"с 1609","summary":"город в Латвии","url":"https://ru.wikipedia.org/wiki/%D0%91%D0%B0%D1%83%D1%81%D0%BA%D0%B0","image_url":"http://commons.wikimedia.org/wiki/Special:FilePath/3%20Bauskas-pils-9apr04.jpg","source":"Викиданные","source_id":"Q498256","license":"CC0 (Викиданные)","confidence":"ok"}},{"type":"Feature","id":"settlements_wd:7901bd57ce79","geometry":{"type":"Point","coordinates":[23.95,54.633333]},"properties":{"uid":"settlements_wd:7901bd57ce79","layer":"settlements_wd","layer_title":"Населённые места: год основания","group":"admin","title":"Пренай","category":"город","place_text":"Пренайнское староство","region":"Пренайнское староство","year_from":1502,"year_to":1960,"date_precision":"open","date_approx":true,"period_raw":"с 1502","summary":"город в Литве, административный центр Пренайского района","url":"https://ru.wikipedia.org/wiki/%D0%9F%D1%80%D0%B5%D0%BD%D0%B0%D0%B9","image_url":"http://commons.wikimedia.org/wiki/Special:FilePath/Prienai%20church.jpg","source":"Викиданные","source_id":"Q499318","license":"CC0 (Викиданные)","confidence":"ok"}},{"type":"Feature","id":"settlements_wd:c95099729b43","geometry":{"type":"Point","coordinates":[23.033056,48.139722]},"properties":{"uid":"settlements_wd:c95099729b43","layer":"settlements_wd","layer_title":"Населённые места: год основания","group":"admin","title":"Виноградов","category":"город Украины","place_text":"Виноградовская городская община","region":"Виноградовская городская община","year_from":1262,"year_to":1960,"date_precision":"open","date_approx":true,"period_raw":"с 1262","summary":"город в Береговском районе Закарпатской области Украины","url":"https://ru.wikipedia.org/wiki/%D0%92%D0%B8%D0%BD%D0%BE%D0%B3%D1%80%D0%B0%D0%B4%D0%BE%D0%B2_(%D0%B3%D0%BE%D1%80%D0%BE%D0%B4)","image_url":"http://commons.wikimedia.org/wiki/Special:FilePath/Vynohradiv%20aerial%202019%2001.jpg","source":"Викиданные","source_id":"Q752334","license":"CC0 (Викиданные)","confidence":"ok"}},{"type":"Feature","id":"settlements_wd:74b9999ad4bd","geometry":{"type":"Point","coordinates":[26.756389,57.175]},"properties":{"uid":"settlements_wd:74b9999ad4bd","layer":"settlements_wd","layer_title":"Населённые места: год основания","group":"admin","title":"Гулбене","category":"город под муниципальной юрисдикцией Латвии","place_text":"Гулбенский край","region":"Гулбенский край","year_from":1928,"year_to":1960,"date_precision":"open","date_approx":true,"period_raw":"с 1928","summary":"город в Латвии, административный центр Гулбенского края","url":"https://ru.wikipedia.org/wiki/%D0%93%D1%83%D0%BB%D0%B1%D0%B5%D0%BD%D0%B5","image_url":"http://commons.wikimedia.org/wiki/Special:FilePath/Gulbenes%20dzelzcela%20stacija%206.jpg","source":"Викиданные","source_id":"Q753010","license":"CC0 (Викиданные)","confidence":"ok"}},{"type":"Feature","id":"settlements_wd:0edf30ee1a5d","geometry":{"type":"Point","coordinates":[21.1675,56.5375]},"properties":{"uid":"settlements_wd:0edf30ee1a5d","layer":"settlements_wd","layer_title":"Населённые места: год основания","group":"admin","title":"Гробиня","category":"город под муниципальной юрисдикцией Латвии","place_text":"Южно-Курземский край","region":"Южно-Курземский край","year_from":1695,"year_to":1960,"date_precision":"open","date_approx":true,"period_raw":"с 1695","summary":"город в Южно-Курземском крае Латвии","url":"https://ru.wikipedia.org/wiki/%D0%93%D1%80%D0%BE%D0%B1%D0%B8%D0%BD%D1%8F","image_url":"http://commons.wikimedia.org/wiki/Special:FilePath/Grobi%C5%86as%20baptistu%20draudzes%20l%C5%ABg%C5%A1anu%20nams%201999.jpg","source":"Викиданные","source_id":"Q757049","license":"CC0 (Викиданные)","confidence":"ok"}},{"type":"Feature","id":"settlements_wd:e3d61b95e16c","geometry":{"type":"Point","coordinates":[22.894167,56.461111]},"properties":{"uid":"settlements_wd:e3d61b95e16c","layer":"settlements_wd","layer_title":"Населённые места: год основания","group":"admin","title":"Ауце","category":"город под муниципальной юрисдикцией Латвии","place_text":"Добельский край","region":"Добельский край","year_from":1924,"year_to":1960,"date_precision":"open","date_approx":true,"period_raw":"с 1924","summary":"город в Латвии","url":"https://ru.wikipedia.org/wiki/%D0%90%D1%83%D1%86%D0%B5","image_url":"http://commons.wikimedia.org/wiki/Special:FilePath/Auce%2C%20Rai%C5%86a%20iela%20%28P96%2C%20P104%29.jpg","source":"Викиданные","source_id":"Q758578","license":"CC0 (Викиданные)","confidence":"ok"}},{"type":"Feature","id":"settlements_wd:e68ad39f6894","geometry":{"type":"Point","coordinates":[19.833333,49.666667]},"properties":{"uid":"settlements_wd:e68ad39f6894","layer":"settlements_wd","layer_title":"Населённые места: год основания","group":"admin","title":"Йорданув","category":"городская гмина","place_text":"Сухский повят","region":"Сухский повят","year_from":1564,"year_to":1960,"date_precision":"open","date_approx":true,"period_raw":"с 1564","summary":"город и городская гмина в Польше, входит в Сухский повят Малопольского воеводства","url":"https://ru.wikipedia.org/wiki/%D0%99%D0%BE%D1%80%D0%B4%D0%B0%D0%BD%D1%83%D0%B2","image_url":"http://commons.wikimedia.org/wiki/Special:FilePath/Jordan%C3%B3w%20gm.%20Jordan%C3%B3w%20Rynek%202.%20Budynek%20dawnego%20Ratusza%20i%20S%C4%85du%20Grodzkiego.jpg","source":"Викиданные","source_id":"Q514407","license":"CC0 (Викиданные)","confidence":"ok"}},{"type":"Feature","id":"settlements_wd:0b05fa9c0621","geometry":{"type":"Point","coordinates":[22.588889,57.244722]},"properties":{"uid":"settlements_wd:0b05fa9c0621","layer":"settlements_wd","layer_title":"Населённые места: год основания","group":"admin","title":"Талси","category":"город под муниципальной юрисдикцией Латвии","place_text":"Талсинский край","region":"Талсинский край","year_from":1917,"year_to":1960,"date_precision":"open","date_approx":true,"period_raw":"с 1917","summary":"город в Латвии","url":"https://ru.wikipedia.org/wiki/%D0%A2%D0%B0%D0%BB%D1%81%D0%B8","image_url":"http://commons.wikimedia.org/wiki/Special:FilePath/Talsi%20panorama.jpg","source":"Викиданные","source_id":"Q520405","license":"CC0 (Викиданные)","confidence":"ok"}},{"type":"Feature","id":"settlements_wd:e419f92ca9b9","geometry":{"type":"Point","coordinates":[35.784868,47.567665]},"properties":{"uid":"settlements_wd:e419f92ca9b9","layer":"settlements_wd","layer_title":"Населённые места: год основания","group":"admin","title":"Орехов","category":"город Украины","place_text":"Ореховский городской совет","region":"Ореховский городской совет","year_from":1783,"year_to":1960,"date_precision":"open","date_approx":true,"period_raw":"с 1783","summary":"город в Запорожской области","url":"https://ru.wikipedia.org/wiki/%D0%9E%D1%80%D0%B5%D1%85%D0%BE%D0%B2_(%D0%B3%D0%BE%D1%80%D0%BE%D0%B4)","image_url":"http://commons.wikimedia.org/wiki/Special:FilePath/Orihiv%20Shevchenka%2011%20Sadyba%20Genriha%20Yantsena%2001%20%28YDS%200409%29.jpg","source":"Викиданные","source_id":"Q521105","license":"CC0 (Викиданные)","confidence":"ok"}},{"type":"Feature","id":"settlements_wd:75cbdfbc13e8","geometry":{"type":"Point","coordinates":[46.916667,39.983333]},"properties":{"uid":"settlements_wd:75cbdfbc13e8","layer":"settlements_wd","layer_title":"Населённые места: год основания","group":"admin","title":"Агдам","category":"город","place_text":"Агдамский район","region":"Агдамский район","year_from":1701,"year_to":1960,"date_precision":"open","date_approx":true,"period_raw":"с 1701","summary":"город на западе Азербайджана, административный центр Агдамского района","url":"https://ru.wikipedia.org/wiki/%D0%90%D0%B3%D0%B4%D0%B0%D0%BC","image_url":"http://commons.wikimedia.org/wiki/Special:FilePath/A%C4%9FdamDSC%200169.jpg","source":"Викиданные","source_id":"Q540844","license":"CC0 (Викиданные)","confidence":"ok"}},{"type":"Feature","id":"settlements_wd:a06e05cb0b97","geometry":{"type":"Point","coordinates":[70.07348,41.01107]},"properties":{"uid":"settlements_wd:a06e05cb0b97","layer":"settlements_wd","layer_title":"Населённые места: год основания","group":"admin","title":"Ангрен","category":"город","place_text":"Ташкентская область","region":"Ташкентская область","year_from":1940,"year_to":1960,"date_precision":"open","date_approx":true,"period_raw":"с 1940","summary":"город в Ташкентской области Узбекистана","url":"https://ru.wikipedia.org/wiki/%D0%90%D0%BD%D0%B3%D1%80%D0%B5%D0%BD_(%D0%B3%D0%BE%D1%80%D0%BE%D0%B4)","image_url":"http://commons.wikimedia.org/wiki/Special:FilePath/Angren%20JST.jpg","source":"Викиданные","source_id":"Q542966","license":"CC0 (Викиданные)","confidence":"ok"}},{"type":"Feature","id":"settlements_wd:f26998903874","geometry":{"type":"Point","coordinates":[37.280278,49.195833]},"properties":{"uid":"settlements_wd:f26998903874","layer":"settlements_wd","layer_title":"Населённые места: год основания","group":"admin","title":"Изюм","category":"город областного значения Украины","place_text":"Изюмская городская община","region":"Изюмская городская община","year_from":1681,"year_to":1960,"date_precision":"open","date_approx":true,"period_raw":"с 1681","summary":"город в Харьковской области Украины, адм. центр Изюмского района","url":"https://ru.wikipedia.org/wiki/%D0%98%D0%B7%D1%8E%D0%BC_(%D0%B3%D0%BE%D1%80%D0%BE%D0%B4)","image_url":"http://commons.wikimedia.org/wiki/Special:FilePath/Izum%20Ascension%20Cathedral%20Panorama.jpg","source":"Викиданные","source_id":"Q544003","license":"CC0 (Викиданные)","confidence":"ok"}},{"type":"Feature","id":"settlements_wd:c7ada9ce502f","geometry":{"type":"Point","coordinates":[33.416667,46.833333]},"properties":{"uid":"settlements_wd:c7ada9ce502f","layer":"settlements_wd","layer_title":"Населённые места: год основания","group":"admin","title":"Берислав","category":"город Украины","place_text":"Бериславская городская община","region":"Бериславская городская община","year_from":1784,"year_to":1960,"date_precision":"open","date_approx":true,"period_raw":"с 1784","summary":"город в Херсонской области Украины","url":"https://ru.wikipedia.org/wiki/%D0%91%D0%B5%D1%80%D0%B8%D1%81%D0%BB%D0%B0%D0%B2","image_url":"http://commons.wikimedia.org/wiki/Special:FilePath/%D0%92%D0%B2%D0%B5%D0%B4%D0%B5%D0%BD%D1%81%D1%8C%D0%BA%D0%B0%20%D1%86%D0%B5%D1%80%D0%BA%D0%B2%D0%B0%20%28%D0%91%D0%B5%D1%80%D0%B8%D1%81%D0%BB%D0%B0%D0%B2%29%2003.jpg","source":"Викиданные","source_id":"Q829317","license":"CC0 (Викиданные)","confidence":"ok"}},{"type":"Feature","id":"settlements_wd:111970c0b92a","geometry":{"type":"Point","coordinates":[21.791111,49.870833]},"properties":{"uid":"settlements_wd:111970c0b92a","layer":"settlements_wd","layer_title":"Населённые места: год основания","group":"admin","title":"Стшижув","category":"город","place_text":"Стшижув","region":"Стшижув","year_from":1373,"year_to":1960,"date_precision":"open","date_approx":true,"period_raw":"с 1373","summary":"город в Польше, входит в Подкарпатское воеводство, Стшижувский повят","url":"https://ru.wikipedia.org/wiki/%D0%A1%D1%82%D1%88%D0%B8%D0%B6%D1%83%D0%B2_(%D0%B3%D0%BE%D1%80%D0%BE%D0%B4)","image_url":"http://commons.wikimedia.org/wiki/Special:FilePath/Strzyzow%20nowy%20rynek.jpg","source":"Викиданные","source_id":"Q835423","license":"CC0 (Викиданные)","confidence":"ok"}},{"type":"Feature","id":"settlements_wd:f57fa1662d8b","geometry":{"type":"Point","coordinates":[25.081389,56.6175]},"properties":{"uid":"settlements_wd:f57fa1662d8b","layer":"settlements_wd","layer_title":"Населённые места: год основания","group":"admin","title":"Яунелгава","category":"город под муниципальной юрисдикцией Латвии","place_text":"Айзкраукльский край","region":"Айзкраукльский край","year_from":1647,"year_to":1960,"date_precision":"open","date_approx":true,"period_raw":"с 1647","summary":"город в Латвии","url":"https://ru.wikipedia.org/wiki/%D0%AF%D1%83%D0%BD%D0%B5%D0%BB%D0%B3%D0%B0%D0%B2%D0%B0","image_url":"http://commons.wikimedia.org/wiki/Special:FilePath/Lauvas%20skulpt%C5%ABra%20Vecpils%C4%93tas%20park%C4%81%20un%20Jaunjelgavas%20pils%C4%93tas%20dome%2C%2023.05.2020.jpg","source":"Викиданные","source_id":"Q835771","license":"CC0 (Викиданные)","confidence":"ok"}},{"type":"Feature","id":"settlements_wd:fb7f630c7fbf","geometry":{"type":"Point","coordinates":[22.883333,56.316667]},"properties":{"uid":"settlements_wd:fb7f630c7fbf","layer":"settlements_wd","layer_title":"Населённые места: год основания","group":"admin","title":"Науйойи-Акмяне","category":"город","place_text":"Науйойи-Акмянское городское староство","region":"Науйойи-Акмянское городское староство","year_from":1949,"year_to":1960,"date_precision":"open","date_approx":true,"period_raw":"с 1949","summary":"город в Литве, административный центр Акмянского района","url":"https://ru.wikipedia.org/wiki/%D0%9D%D0%B0%D1%83%D0%B9%D0%BE%D0%B9%D0%B8-%D0%90%D0%BA%D0%BC%D1%8F%D0%BD%D0%B5","image_url":"http://commons.wikimedia.org/wiki/Special:FilePath/N.%20Akmen%C4%97s%20kult%C5%ABros%20r%C5%ABmai.JPG","source":"Викиданные","source_id":"Q835848","license":"CC0 (Викиданные)","confidence":"ok"}},{"type":"Feature","id":"settlements_wd:9d71206203ac","geometry":{"type":"Point","coordinates":[131.05,49.0]},"properties":{"uid":"settlements_wd:9d71206203ac","layer":"settlements_wd","layer_title":"Населённые места: год основания","group":"admin","title":"Облучье","category":"город","place_text":"Облученское городское поселение","region":"Облученское городское поселение","year_from":1911,"year_to":1960,"date_precision":"open","date_approx":true,"period_raw":"с 1911","summary":"город в Облученском районе Еврейской автономной области России","url":"https://ru.wikipedia.org/wiki/%D0%9E%D0%B1%D0%BB%D1%83%D1%87%D1%8C%D0%B5","image_url":"http://commons.wikimedia.org/wiki/Special:FilePath/Obluch%27e.jpg","source":"Викиданные","source_id":"Q175617","license":"CC0 (Викиданные)","confidence":"ok"}},{"type":"Feature","id":"settlements_wd:ff57f628b32e","geometry":{"type":"Point","coordinates":[34.393333,45.708611]},"properties":{"uid":"settlements_wd:ff57f628b32e","layer":"settlements_wd","layer_title":"Населённые места: год основания","group":"admin","title":"Джанкой","category":"муниципальные образования в России","place_text":"Джанкойский городской совет","region":"Джанкойский городской совет","year_from":1926,"year_to":1960,"date_precision":"open","date_approx":true,"period_raw":"с 1926","summary":"город республиканского подчинения на севере Крыма","url":"https://ru.wikipedia.org/wiki/%D0%94%D0%B6%D0%B0%D0%BD%D0%BA%D0%BE%D0%B9","image_url":"http://commons.wikimedia.org/wiki/Special:FilePath/%D0%9D%D0%BE%D1%87%D0%BD%D0%BE%D0%B9%20%D0%B4%D0%B6%D0%B0%D0%BD%D0%BA%D0%BE%D0%B9.jpg","source":"Викиданные","source_id":"Q161978","license":"CC0 (Викиданные)","confidence":"ok"}},{"type":"Feature","id":"settlements_wd:5298fb0171b1","geometry":{"type":"Point","coordinates":[33.800278,45.9675]},"properties":{"uid":"settlements_wd:5298fb0171b1","layer":"settlements_wd","layer_title":"Населённые места: год основания","group":"admin","title":"Красноперекопск","category":"город Украины","place_text":"Красноперекопский городской совет","region":"Красноперекопский городской совет","year_from":1932,"year_to":1960,"date_precision":"open","date_approx":true,"period_raw":"с 1932","summary":"город в северной части Крыма, адм. центр Красноперекопского района","url":"https://ru.wikipedia.org/wiki/%D0%9A%D1%80%D0%B0%D1%81%D0%BD%D0%BE%D0%BF%D0%B5%D1%80%D0%B5%D0%BA%D0%BE%D0%BF%D1%81%D0%BA","image_url":"http://commons.wikimedia.org/wiki/Special:FilePath/Krasnoperekopsk%20railway%20station.jpg","source":"Викиданные","source_id":"Q161987","license":"CC0 (Викиданные)","confidence":"ok"}},{"type":"Feature","id":"settlements_wd:7fd1dfb33e79","geometry":{"type":"Point","coordinates":[29.918056,50.074722]},"properties":{"uid":"settlements_wd:7fd1dfb33e79","layer":"settlements_wd","layer_title":"Населённые места: год основания","group":"admin","title":"Фастов","category":"город областного значения Украины","place_text":"Киевская область","region":"Киевская область","year_from":1390,"year_to":1960,"date_precision":"open","date_approx":true,"period_raw":"с 1390","summary":"город в Киевской области Украины, aдм. центр Фастовского района","url":"https://ru.wikipedia.org/wiki/%D0%A4%D0%B0%D1%81%D1%82%D0%BE%D0%B2","image_url":"http://commons.wikimedia.org/wiki/Special:FilePath/Fastivtown.jpg","source":"Викиданные","source_id":"Q161984","license":"CC0 (Викиданные)","confidence":"ok"}},{"type":"Feature","id":"settlements_wd:8da62d2e572b","geometry":{"type":"Point","coordinates":[33.487908,50.742813]},"properties":{"uid":"settlements_wd:8da62d2e572b","layer":"settlements_wd","layer_title":"Населённые места: год основания","group":"admin","title":"Ромны","category":"населённый пункт","place_text":"Сумская область","region":"Сумская область","date_precision":"unknown","date_approx":false,"summary":"город в Сумской области Украины, адм. центр Роменского района","url":"https://ru.wikipedia.org/wiki/%D0%A0%D0%BE%D0%BC%D0%BD%D1%8B","image_url":"http://commons.wikimedia.org/wiki/Special:FilePath/Romny%20Bank%2000%20Soborna%20%28Lenina%29%201%20%28YDS%204615%29.JPG","source":"Викиданные","source_id":"Q161994","license":"CC0 (Викиданные)","confidence":"ok"}},{"type":"Feature","id":"settlements_wd:2938e25f85f6","geometry":{"type":"Point","coordinates":[21.368889,56.588333]},"properties":{"uid":"settlements_wd:2938e25f85f6","layer":"settlements_wd","layer_title":"Населённые места: год основания","group":"admin","title":"Дурбе","category":"город под муниципальной юрисдикцией Латвии","place_text":"Южно-Курземский край","region":"Южно-Курземский край","year_from":1893,"year_to":1960,"date_precision":"open","date_approx":true,"period_raw":"с 1893","summary":"город в Южно-Курземском крае Латвии","url":"https://ru.wikipedia.org/wiki/%D0%94%D1%83%D1%80%D0%B1%D0%B5","image_url":"http://commons.wikimedia.org/wiki/Special:FilePath/Durbe%20ev.luth%20church%20-%20panoramio.jpg","source":"Викиданные","source_id":"Q840801","license":"CC0 (Викиданные)","confidence":"ok"}},{"type":"Feature","id":"settlements_wd:c6cff238f216","geometry":{"type":"Point","coordinates":[25.906389,57.424167]},"properties":{"uid":"settlements_wd:c6cff238f216","layer":"settlements_wd","layer_title":"Населённые места: год основания","group":"admin","title":"Смилтене","category":"город под муниципальной юрисдикцией Латвии","place_text":"Смилтенский край","region":"Смилтенский край","year_from":1920,"year_to":1960,"date_precision":"open","date_approx":true,"period_raw":"с 1920","summary":"город в Латвии","url":"https://ru.wikipedia.org/wiki/%D0%A1%D0%BC%D0%B8%D0%BB%D1%82%D0%B5%D0%BD%D0%B5","image_url":"http://commons.wikimedia.org/wiki/Special:FilePath/Smiltene.%20Bazn%C4%ABcas%20laukums%20%28Church%20square%29.jpg","source":"Викиданные","source_id":"Q840806","license":"CC0 (Викиданные)","confidence":"ok"}},{"type":"Feature","id":"settlements_wd:26b2b1f65fa9","geometry":{"type":"Point","coordinates":[24.416389,57.263611]},"properties":{"uid":"settlements_wd:26b2b1f65fa9","layer":"settlements_wd","layer_title":"Населённые места: год основания","group":"admin","title":"Саулкрасты","category":"город под муниципальной юрисдикцией Латвии","place_text":"Саулкрастский край","region":"Саулкрастский край","year_from":1823,"year_to":1960,"date_precision":"open","date_approx":true,"period_raw":"с 1823","summary":"город в Латвии, административный центр Саулкрастского края","url":"https://ru.wikipedia.org/wiki/%D0%A1%D0%B0%D1%83%D0%BB%D0%BA%D1%80%D0%B0%D1%81%D1%82%D1%8B","image_url":"http://commons.wikimedia.org/wiki/Special:FilePath/SaulkrastiIncupeDelta.png","source":"Викиданные","source_id":"Q840823","license":"CC0 (Викиданные)","confidence":"ok"}},{"type":"Feature","id":"settlements_wd:661047dfadd3","geometry":{"type":"Point","coordinates":[30.79,50.511111]},"properties":{"uid":"settlements_wd:661047dfadd3","layer":"settlements_wd","layer_title":"Населённые места: год основания","group":"admin","title":"Бровары","category":"посёлок городского типа","place_text":"Броварский район","region":"Броварский район","year_from":1630,"year_to":1960,"date_precision":"open","date_approx":true,"period_raw":"с 1630","summary":"город в Киевской области Украины, адм. центр Броварского района","url":"https://ru.wikipedia.org/wiki/%D0%91%D1%80%D0%BE%D0%B2%D0%B0%D1%80%D1%8B","image_url":"http://commons.wikimedia.org/wiki/Special:FilePath/Brov.PNG","source":"Викиданные","source_id":"Q841026","license":"CC0 (Викиданные)","confidence":"ok"}},{"type":"Feature","id":"settlements_wd:28801a6ee331","geometry":{"type":"Point","coordinates":[21.135,55.7125]},"properties":{"uid":"settlements_wd:28801a6ee331","layer":"settlements_wd","layer_title":"Населённые места: год основания","group":"admin","title":"Клайпеда","category":"город","place_text":"Клайпедское городское самоуправление","region":"Клайпедское городское самоуправление","year_from":1252,"year_to":1960,"date_precision":"open","date_approx":true,"period_raw":"с 1252","summary":"портовый город в Литве, административный центр Клайпедского уезда","url":"https://ru.wikipedia.org/wiki/%D0%9A%D0%BB%D0%B0%D0%B9%D0%BF%D0%B5%D0%B4%D0%B0","image_url":"http://commons.wikimedia.org/wiki/Special:FilePath/Quite%20summer%20evening%20in%20the%20port%20city%20Klaipeda.jpg","source":"Викиданные","source_id":"Q776965","license":"CC0 (Викиданные)","confidence":"ok"}},{"type":"Feature","id":"settlements_wd:983d606e05cb","geometry":{"type":"Point","coordinates":[22.742222,50.360556]},"properties":{"uid":"settlements_wd:983d606e05cb","layer":"settlements_wd","layer_title":"Населённые места: год основания","group":"admin","title":"Тарногруд","category":"город","place_text":"Тарногруд","region":"Тарногруд","year_from":1567,"year_to":1960,"date_precision":"open","date_approx":true,"period_raw":"с 1567","summary":"город в Польше, входит в Люблинское воеводство, Билгорайский повят","url":"https://ru.wikipedia.org/wiki/%D0%A2%D0%B0%D1%80%D0%BD%D0%BE%D0%B3%D1%80%D1%83%D0%B4","image_url":"http://commons.wikimedia.org/wiki/Special:FilePath/Tarnogr%C3%B3d%20Pomnik%20Pa%C5%82acyk.jpg","source":"Викиданные","source_id":"Q777169","license":"CC0 (Викиданные)","confidence":"ok"}},{"type":"Feature","id":"settlements_wd:ee71a9dead73","geometry":{"type":"Point","coordinates":[33.741389,44.61]},"properties":{"uid":"settlements_wd:ee71a9dead73","layer":"settlements_wd","layer_title":"Населённые места: год основания","group":"admin","title":"Эски-Кермен","category":"крепость","place_text":"Залесное","region":"Залесное","date_precision":"unknown","date_approx":false,"summary":"средневековый пещерный город-крепость VI—XIII веков в Крыму","url":"https://ru.wikipedia.org/wiki/%D0%AD%D1%81%D0%BA%D0%B8-%D0%9A%D0%B5%D1%80%D0%BC%D0%B5%D0%BD","image_url":"http://commons.wikimedia.org/wiki/Special:FilePath/Eski-Keremen.jpg","source":"Викиданные","source_id":"Q778912","license":"CC0 (Викиданные)","confidence":"ok"}},{"type":"Feature","id":"settlements_wd:89b182c5c3e3","geometry":{"type":"Point","coordinates":[65.49989,44.8479]},"properties":{"uid":"settlements_wd:89b182c5c3e3","layer":"settlements_wd","layer_title":"Населённые места: год основания","group":"admin","title":"Кызылорда","category":"большой город","place_text":"Кызылординская городская администрация","region":"Кызылординская городская администрация","year_from":1820,"year_to":1960,"date_precision":"open","date_approx":true,"period_raw":"с 1820","summary":"город в Казахстане, административный центр Кызылординской области","url":"https://ru.wikipedia.org/wiki/%D0%9A%D1%8B%D0%B7%D1%8B%D0%BB%D0%BE%D1%80%D0%B4%D0%B0","image_url":"http://commons.wikimedia.org/wiki/Special:FilePath/Qyzylorda%20station.jpg","source":"Викиданные","source_id":"Q491123","license":"CC0 (Викиданные)","confidence":"ok"}},{"type":"Feature","id":"settlements_wd:5fc36df62f06","geometry":{"type":"Point","coordinates":[67.278333,37.224167]},"properties":{"uid":"settlements_wd:5fc36df62f06","layer":"settlements_wd","layer_title":"Населённые места: год основания","group":"admin","title":"Термез","category":"город","place_text":"Сурхандарьинская область","region":"Сурхандарьинская область","date_precision":"unknown","date_approx":false,"summary":"город в Узбекистане, административный центр Сурхандарьинского вилаята","url":"https://ru.wikipedia.org/wiki/%D0%A2%D0%B5%D1%80%D0%BC%D0%B5%D0%B7","image_url":"http://commons.wikimedia.org/wiki/Special:FilePath/Termez%20Sultan-Saodat.jpg","source":"Викиданные","source_id":"Q491879","license":"CC0 (Викиданные)","confidence":"ok"}},{"type":"Feature","id":"settlements_wd:2c404122af39","geometry":{"type":"Point","coordinates":[71.6725,40.995278]},"properties":{"uid":"settlements_wd:2c404122af39","layer":"settlements_wd","layer_title":"Населённые места: год основания","group":"admin","title":"Наманган","category":"город","place_text":"Наманганская область","region":"Наманганская область","year_from":1610,"year_to":1960,"date_precision":"open","date_approx":true,"period_raw":"с 1610","summary":"город в Узбекистане","url":"https://ru.wikipedia.org/wiki/%D0%9D%D0%B0%D0%BC%D0%B0%D0%BD%D0%B3%D0%B0%D0%BD","image_url":"http://commons.wikimedia.org/wiki/Special:FilePath/Moellah%20Kirigizmadrassa.jpg","source":"Викиданные","source_id":"Q492552","license":"CC0 (Викиданные)","confidence":"ok"}},{"type":"Feature","id":"settlements_wd:44f0033307cb","geometry":{"type":"Point","coordinates":[22.713611,48.441389]},"properties":{"uid":"settlements_wd:44f0033307cb","layer":"settlements_wd","layer_title":"Населённые места: год основания","group":"admin","title":"Мукачево","category":"населённый пункт","place_text":"Закарпатская область","region":"Закарпатская область","date_precision":"unknown","date_approx":false,"summary":"город в Закарпатской области Украины адм. центр Мукачевского района","url":"https://ru.wikipedia.org/wiki/%D0%9C%D1%83%D0%BA%D0%B0%D1%87%D0%B5%D0%B2%D0%BE","image_url":"http://commons.wikimedia.org/wiki/Special:FilePath/Mukacheve%20town%20hall%202.jpg","source":"Викиданные","source_id":"Q146456","license":"CC0 (Викиданные)","confidence":"ok"}},{"type":"Feature","id":"settlements_wd:bd13c5e1b9b3","geometry":{"type":"Point","coordinates":[23.297778,48.181389]},"properties":{"uid":"settlements_wd:bd13c5e1b9b3","layer":"settlements_wd","layer_title":"Населённые места: год основания","group":"admin","title":"Хуст","category":"город областного значения Украины","place_text":"Марамарош","region":"Марамарош","year_from":1090,"year_to":1960,"date_precision":"open","date_approx":true,"period_raw":"с 1090","summary":"город в Закарпатской области Украины, адм. центр Хустского района","url":"https://ru.wikipedia.org/wiki/%D0%A5%D1%83%D1%81%D1%82","image_url":"http://commons.wikimedia.org/wiki/Special:FilePath/Khust%20panorama.jpg","source":"Викиданные","source_id":"Q146469","license":"CC0 (Викиданные)","confidence":"ok"}},{"type":"Feature","id":"settlements_wd:290a7eb565d6","geometry":{"type":"Point","coordinates":[23.0375,48.317222]},"properties":{"uid":"settlements_wd:290a7eb565d6","layer":"settlements_wd","layer_title":"Населённые места: год основания","group":"admin","title":"Иршава","category":"село","place_text":"Иршавский район","region":"Иршавский район","year_from":1341,"year_to":1960,"date_precision":"open","date_approx":true,"period_raw":"с 1341","summary":"город в Хустском районе Закарпатской области Украины","url":"https://ru.wikipedia.org/wiki/%D0%98%D1%80%D1%88%D0%B0%D0%B2%D0%B0","image_url":"http://commons.wikimedia.org/wiki/Special:FilePath/%D0%9F%D0%B0%D0%BD%D0%BE%D1%80%D0%B0%D0%BC%D0%B0%20%D0%86%D1%80%D1%88%D0%B0%D0%B2%D0%B8%2019.12.2009.jpg","source":"Викиданные","source_id":"Q146474","license":"CC0 (Викиданные)","confidence":"ok"}},{"type":"Feature","id":"settlements_wd:008c3f3d8ddf","geometry":{"type":"Point","coordinates":[18.45,50.0]},"properties":{"uid":"settlements_wd:008c3f3d8ddf","layer":"settlements_wd","layer_title":"Населённые места: год основания","group":"admin","title":"Водзислав-Слёнски","category":"городская гмина","place_text":"Водзиславский повят","region":"Водзиславский повят","year_from":1257,"year_to":1960,"date_precision":"open","date_approx":true,"period_raw":"с 1257","summary":"город в Водзиславском повяте Силезского воеводства Польши","url":"https://ru.wikipedia.org/wiki/%D0%92%D0%BE%D0%B4%D0%B7%D0%B8%D1%81%D0%BB%D0%B0%D0%B2-%D0%A1%D0%BB%D1%91%D0%BD%D1%81%D0%BA%D0%B8","image_url":"http://commons.wikimedia.org/wiki/Special:FilePath/Rynek%20w%20Wodzis%C5%82awiu%20%C5%9Al%C4%85skim.jpg","source":"Викиданные","source_id":"Q500260","license":"CC0 (Викиданные)","confidence":"ok"}},{"type":"Feature","id":"settlements_wd:3e2b9b831879","geometry":{"type":"Point","coordinates":[43.486111,41.405556]},"properties":{"uid":"settlements_wd:3e2b9b831879","layer":"settlements_wd","layer_title":"Населённые места: год основания","group":"admin","title":"Ахалкалаки","category":"город","place_text":"Грузинская губерния","region":"Грузинская губерния","year_from":1064,"year_to":1960,"date_precision":"open","date_approx":true,"period_raw":"с 1064","summary":"город в Грузии","url":"https://ru.wikipedia.org/wiki/%D0%90%D1%85%D0%B0%D0%BB%D0%BA%D0%B0%D0%BB%D0%B0%D0%BA%D0%B8","image_url":"http://commons.wikimedia.org/wiki/Special:FilePath/Akhalkalaki%2C%20Samtskhe-Javakheti%2C%20Georgia.jpg","source":"Викиданные","source_id":"Q500888","license":"CC0 (Викиданные)","confidence":"ok"}},{"type":"Feature","id":"settlements_wd:e0d7a0cd239d","geometry":{"type":"Point","coordinates":[38.273889,48.220556]},"properties":{"uid":"settlements_wd:e0d7a0cd239d","layer":"settlements_wd","layer_title":"Населённые места: год основания","group":"admin","title":"Бунге","category":"город","place_text":"Yenakiieve urban hromada","region":"Yenakiieve urban hromada","year_from":1908,"year_to":1960,"date_precision":"open","date_approx":true,"period_raw":"с 1908","summary":"город в Горловском районе Донецкой области Украины. С 2014 года находится в Донецкой Народной Республике","url":"https://ru.wikipedia.org/wiki/%D0%AE%D0%BD%D0%BE%D0%BA%D0%BE%D0%BC%D0%BC%D1%83%D0%BD%D0%B0%D1%80%D0%BE%D0%B2%D1%81%D0%BA","image_url":"http://commons.wikimedia.org/wiki/Special:FilePath/%D0%A8%D0%B0%D1%85%D1%82%D0%B0%20%D0%91%D1%83%D0%BD%D0%B3%D0%B5.jpg","source":"Викиданные","source_id":"Q570563","license":"CC0 (Викиданные)","confidence":"ok"}},{"type":"Feature","id":"settlements_wd:6c9163620f69","geometry":{"type":"Point","coordinates":[39.651631,48.08455]},"properties":{"uid":"settlements_wd:6c9163620f69","layer":"settlements_wd","layer_title":"Населённые места: год основания","group":"admin","title":"Свердловск","category":"город Украины","place_text":"Довжанская городская община","region":"Довжанская городская община","year_from":1701,"year_to":1960,"date_precision":"open","date_approx":true,"period_raw":"с 1701","summary":"город в Должанском районе Луганской области, адм. центр. Должанского района","url":"https://ru.wikipedia.org/wiki/%D0%A1%D0%B2%D0%B5%D1%80%D0%B4%D0%BB%D0%BE%D0%B2%D1%81%D0%BA_(%D0%9B%D1%83%D0%B3%D0%B0%D0%BD%D1%81%D0%BA%D0%B0%D1%8F_%D0%BE%D0%B1%D0%BB%D0%B0%D1%81%D1%82%D1%8C)","image_url":"http://commons.wikimedia.org/wiki/Special:FilePath/Street%20Engels%20%28Sverdlovsk%29.JPG","source":"Викиданные","source_id":"Q572366","license":"CC0 (Викиданные)","confidence":"ok"}},{"type":"Feature","id":"settlements_wd:eb35cc13b88e","geometry":{"type":"Point","coordinates":[35.359774,49.017924]},"properties":{"uid":"settlements_wd:eb35cc13b88e","layer":"settlements_wd","layer_title":"Населённые места: год основания","group":"admin","title":"Перещепино","category":"город Украины","place_text":"Самаровский район","region":"Самаровский район","year_from":1764,"year_to":1960,"date_precision":"open","date_approx":true,"period_raw":"с 1764","summary":"город в Самаровском районе Днепропетровской области Украины","url":"https://ru.wikipedia.org/wiki/%D0%9F%D0%B5%D1%80%D0%B5%D1%89%D0%B5%D0%BF%D0%B8%D0%BD%D0%BE","image_url":"http://commons.wikimedia.org/wiki/Special:FilePath/City%20%D1%81ouncil%2C%20Pereshchepyne%283%29.JPG","source":"Викиданные","source_id":"Q573621","license":"CC0 (Викиданные)","confidence":"ok"}},{"type":"Feature","id":"settlements_wd:07364bacf8e0","geometry":{"type":"Point","coordinates":[36.082601,48.523063]},"properties":{"uid":"settlements_wd:07364bacf8e0","layer":"settlements_wd","layer_title":"Населённые места: год основания","group":"admin","title":"Терновка","category":"город областного значения Украины","place_text":"Павлоградский район","region":"Павлоградский район","year_from":1775,"year_to":1960,"date_precision":"open","date_approx":true,"period_raw":"с 1775","summary":"город в Павлоградском районе Днепропетровской области Украины","url":"https://ru.wikipedia.org/wiki/%D0%A2%D0%B5%D1%80%D0%BD%D0%BE%D0%B2%D0%BA%D0%B0_(%D0%B3%D0%BE%D1%80%D0%BE%D0%B4)","image_url":"http://commons.wikimedia.org/wiki/Special:FilePath/%D0%9C%D1%96%D1%81%D1%82%D0%BE%20%D0%A2%D0%B5%D1%80%D0%BD%D1%96%D0%B2%D0%BA%D0%B0%20%D0%A1%D0%B2%D1%8F%D1%82%D0%BE-%D0%92%D0%BE%D0%B7%D0%BD%D0%B5%D1%81%D0%B5%D0%BD%D1%81%D1%8C%D0%BA%D0%B8%D0%B9%20%D1%85%D1%80%D0%B0%D0%BC.jpg","source":"Викиданные","source_id":"Q574421","license":"CC0 (Викиданные)","confidence":"ok"}},{"type":"Feature","id":"settlements_wd:ca801fe405f1","geometry":{"type":"Point","coordinates":[29.390556,48.809444]},"properties":{"uid":"settlements_wd:ca801fe405f1","layer":"settlements_wd","layer_title":"Населённые места: год основания","group":"admin","title":"Гайсин","category":"город Украины","place_text":"Гайсинская городская община","region":"Гайсинская городская община","year_from":1545,"year_to":1960,"date_precision":"open","date_approx":true,"period_raw":"с 1545","summary":"город, адм. центр Гайсинского района Винницкой области Украины","url":"https://ru.wikipedia.org/wiki/%D0%93%D0%B0%D0%B9%D1%81%D0%B8%D0%BD","image_url":"http://commons.wikimedia.org/wiki/Special:FilePath/%D0%93%D0%B0%D0%B9%D1%81%D0%B8%D0%BD%20%D0%9C%D0%B8%D1%80%D1%83%2C%201.jpg","source":"Викиданные","source_id":"Q574553","license":"CC0 (Викиданные)","confidence":"ok"}},{"type":"Feature","id":"settlements_wd:2a58d7bc3c24","geometry":{"type":"Point","coordinates":[22.283333,52.183333]},"properties":{"uid":"settlements_wd:2a58d7bc3c24","layer":"settlements_wd","layer_title":"Населённые места: год основания","group":"admin","title":"Седльце","category":"город","place_text":"Мазовецкое воеводство","region":"Мазовецкое воеводство","year_from":1448,"year_to":1960,"date_precision":"open","date_approx":true,"period_raw":"с 1448","summary":"город на правах повята в Мазовецком воеводстве Польши","url":"https://ru.wikipedia.org/wiki/%D0%A1%D0%B5%D0%B4%D0%BB%D1%8C%D1%86%D0%B5","image_url":"http://commons.wikimedia.org/wiki/Special:FilePath/%C5%9Ar%C3%B3dmie%C5%9Bcie%2C%20Siedlce.jpg","source":"Викиданные","source_id":"Q319813","license":"CC0 (Викиданные)","confidence":"ok"}},{"type":"Feature","id":"settlements_wd:43dcf671cfd2","geometry":{"type":"Point","coordinates":[21.96939,51.41655]},"properties":{"uid":"settlements_wd:43dcf671cfd2","layer":"settlements_wd","layer_title":"Населённые места: год основания","group":"admin","title":"Пулавы","category":"городская гмина","place_text":"Пулавский повет","region":"Пулавский повет","year_from":1501,"year_to":1960,"date_precision":"open","date_approx":true,"period_raw":"с 1501","summary":"город на востоке Польше","url":"https://ru.wikipedia.org/wiki/%D0%9F%D1%83%D0%BB%D0%B0%D0%B2%D1%8B","image_url":"http://commons.wikimedia.org/wiki/Special:FilePath/Pa%C5%82ac%2C%20Pu%C5%82awy.jpg","source":"Викиданные","source_id":"Q320007","license":"CC0 (Викиданные)","confidence":"ok"}},{"type":"Feature","id":"settlements_wd:cd2f8e977af4","geometry":{"type":"Point","coordinates":[18.633333,49.75]},"properties":{"uid":"settlements_wd:cd2f8e977af4","layer":"settlements_wd","layer_title":"Населённые места: год основания","group":"admin","title":"Цешин","category":"приграничный город","place_text":"Цешинский повет","region":"Цешинский повет","year_from":1155,"year_to":1960,"date_precision":"open","date_approx":true,"period_raw":"с 1155","summary":"город в Польше, на границе с Чехией, центр Цешинского повята Силезского воеводства","url":"https://ru.wikipedia.org/wiki/%D0%A6%D0%B5%D1%88%D0%B8%D0%BD","image_url":"http://commons.wikimedia.org/wiki/Special:FilePath/Cieszyn%20001%20-%20Rynek.jpg","source":"Викиданные","source_id":"Q321197","license":"CC0 (Викиданные)","confidence":"ok"}},{"type":"Feature","id":"settlements_wd:11f809d95084","geometry":{"type":"Point","coordinates":[26.021389,57.775278]},"properties":{"uid":"settlements_wd:11f809d95084","layer":"settlements_wd","layer_title":"Населённые места: год основания","group":"admin","title":"Валка","category":"приграничный город","place_text":"Валкский край","region":"Валкский край","year_from":1584,"year_to":1960,"date_precision":"open","date_approx":true,"period_raw":"с 1584","summary":"город в Латвии, административный центр Валкского края","url":"https://ru.wikipedia.org/wiki/%D0%92%D0%B0%D0%BB%D0%BA%D0%B0","image_url":"http://commons.wikimedia.org/wiki/Special:FilePath/2020%2008%20Valka%20Valga%20%2810%29.jpg","source":"Викиданные","source_id":"Q323774","license":"CC0 (Викиданные)","confidence":"ok"}},{"type":"Feature","id":"settlements_wd:36c66a9b99bc","geometry":{"type":"Point","coordinates":[25.27,50.913056]},"properties":{"uid":"settlements_wd:36c66a9b99bc","layer":"settlements_wd","layer_title":"Населённые места: год основания","group":"admin","title":"Рожище","category":"город Украины","place_text":"Рожищенский район","region":"Рожищенский район","year_from":1377,"year_to":1960,"date_precision":"open","date_approx":true,"period_raw":"с 1377","summary":"город в Луцком районе Волынской области Украины","url":"https://ru.wikipedia.org/wiki/%D0%A0%D0%BE%D0%B6%D0%B8%D1%89%D0%B5","image_url":"http://commons.wikimedia.org/wiki/Special:FilePath/Rozhysche%20Mykhaylivs%27ka%20Tserkva%2002%20%28YDS%207328%29.jpg","source":"Викиданные","source_id":"Q148896","license":"CC0 (Викиданные)","confidence":"ok"}},{"type":"Feature","id":"settlements_wd:36691d2aa2fd","geometry":{"type":"Point","coordinates":[32.426111,51.253861]},"properties":{"uid":"settlements_wd:36691d2aa2fd","layer":"settlements_wd","layer_title":"Населённые места: год основания","group":"admin","title":"Борзна","category":"город Украины","place_text":"Нежинский район","region":"Нежинский район","year_from":1600,"year_to":1960,"date_precision":"open","date_approx":true,"period_raw":"с 1600","summary":"город в Нежинском районе Черниговской области Украины","url":"https://ru.wikipedia.org/wiki/%D0%91%D0%BE%D1%80%D0%B7%D0%BD%D0%B0","image_url":"http://commons.wikimedia.org/wiki/Special:FilePath/Borzna%20Nicholas%20Church%201.jpg","source":"Викиданные","source_id":"Q148912","license":"CC0 (Викиданные)","confidence":"ok"}},{"type":"Feature","id":"settlements_wd:31580b53e888","geometry":{"type":"Point","coordinates":[27.666667,50.3]},"properties":{"uid":"settlements_wd:31580b53e888","layer":"settlements_wd","layer_title":"Населённые места: год основания","group":"admin","title":"Барановка","category":"город Украины","place_text":"Барановская городская община","region":"Барановская городская община","year_from":1565,"year_to":1960,"date_precision":"open","date_approx":true,"period_raw":"с 1565","summary":"город в Звягельском районе Житомирской области Украины","url":"https://ru.wikipedia.org/wiki/%D0%91%D0%B0%D1%80%D0%B0%D0%BD%D0%BE%D0%B2%D0%BA%D0%B0_(%D0%B3%D0%BE%D1%80%D0%BE%D0%B4)","image_url":"http://commons.wikimedia.org/wiki/Special:FilePath/%D0%9A%D0%BE%D1%81%D1%82%D1%8C%D0%BE%D0%BB-%D0%91%D0%B0%D1%80%D0%B0%D0%BD%D1%96%D0%B2%D0%BA%D0%B0.JPG","source":"Викиданные","source_id":"Q148917","license":"CC0 (Викиданные)","confidence":"ok"}},{"type":"Feature","id":"settlements_wd:0a18a93b76f8","geometry":{"type":"Point","coordinates":[26.040007,48.802385]},"properties":{"uid":"settlements_wd:0a18a93b76f8","layer":"settlements_wd","layer_title":"Населённые места: год основания","group":"admin","title":"Борщёв","category":"город Украины","place_text":"Борщёвский район","region":"Борщёвский район","year_from":1456,"year_to":1960,"date_precision":"open","date_approx":true,"period_raw":"с 1456","summary":"город в Тернопольской области Украины. Входит в Чортковский район","url":"https://ru.wikipedia.org/wiki/%D0%91%D0%BE%D1%80%D1%89%D1%91%D0%B2","image_url":"http://commons.wikimedia.org/wiki/Special:FilePath/Borschiv%20montage.png","source":"Викиданные","source_id":"Q148923","license":"CC0 (Викиданные)","confidence":"ok"}},{"type":"Feature","id":"settlements_wd:8c18be781f23","geometry":{"type":"Point","coordinates":[29.432222,45.994444]},"properties":{"uid":"settlements_wd:8c18be781f23","layer":"settlements_wd","layer_title":"Населённые места: год основания","group":"admin","title":"Арциз","category":"город Украины","place_text":"Арцизская городская община","region":"Арцизская городская община","year_from":1816,"year_to":1960,"date_precision":"open","date_approx":true,"period_raw":"с 1816","summary":"город в Одесской области","url":"https://ru.wikipedia.org/wiki/%D0%90%D1%80%D1%86%D0%B8%D0%B7","image_url":"http://commons.wikimedia.org/wiki/Special:FilePath/%D0%A0%D0%B0%D0%B9%D1%81%D0%BF%D0%BE%D0%B6%D0%B8%D0%B2%D1%81%D0%BF%D1%96%D0%BB%D0%BA%D0%B0%20%28%D0%BE%D1%81%D0%BE%D0%B1%D0%BD%D1%8F%D0%BA%20%D0%A5%D0%86%D0%A5%D1%81%D1%82%29%20%D0%90%D1%80%D1%86%D0%B8%D0%B7.JPG","source":"Викиданные","source_id":"Q719051","license":"CC0 (Викиданные)","confidence":"ok"}},{"type":"Feature","id":"settlements_wd:ed2fc902fc2f","geometry":{"type":"Point","coordinates":[22.67776,50.01623]},"properties":{"uid":"settlements_wd:ed2fc902fc2f","layer":"settlements_wd","layer_title":"Населённые места: год основания","group":"admin","title":"Ярослав","category":"городская гмина","place_text":"Ярославский повят","region":"Ярославский повят","year_from":1031,"year_to":1960,"date_precision":"open","date_approx":true,"period_raw":"с 1031","summary":"город в Польше, Подкарпатское воеводство, Ярославский повят","url":"https://ru.wikipedia.org/wiki/%D0%AF%D1%80%D0%BE%D1%81%D0%BB%D0%B0%D0%B2_(%D0%B3%D0%BE%D1%80%D0%BE%D0%B4)","image_url":"http://commons.wikimedia.org/wiki/Special:FilePath/Jaros%C5%82aw%20ko%C5%9Bci%C3%B3%C5%82%20dominikan%C3%B3w.JPG","source":"Викиданные","source_id":"Q721928","license":"CC0 (Викиданные)","confidence":"ok"}},{"type":"Feature","id":"settlements_wd:5de545fad5e6","geometry":{"type":"Point","coordinates":[23.281111,56.625833]},"properties":{"uid":"settlements_wd:5de545fad5e6","layer":"settlements_wd","layer_title":"Населённые места: год основания","group":"admin","title":"Добеле","category":"город под муниципальной юрисдикцией Латвии","place_text":"Добельский край","region":"Добельский край","year_from":1917,"year_to":1960,"date_precision":"open","date_approx":true,"period_raw":"с 1917","summary":"город в Латвии, административный центр Добельского края","url":"https://ru.wikipedia.org/wiki/%D0%94%D0%BE%D0%B1%D0%B5%D0%BB%D0%B5","image_url":"http://commons.wikimedia.org/wiki/Special:FilePath/Dobeles%20panor%C4%81ma%201.jpg","source":"Викиданные","source_id":"Q729447","license":"CC0 (Викиданные)","confidence":"ok"}},{"type":"Feature","id":"settlements_wd:2c43b6adf216","geometry":{"type":"Point","coordinates":[21.4,50.933333]},"properties":{"uid":"settlements_wd:2c43b6adf216","layer":"settlements_wd","layer_title":"Населённые места: год основания","group":"admin","title":"Островец-Свентокшиский","category":"городская гмина","place_text":"Островецкий повет","region":"Островецкий повет","year_from":1597,"year_to":1960,"date_precision":"open","date_approx":true,"period_raw":"с 1597","summary":"город в Польше, входит в Свентокшиское воеводство, Островецкий повят","url":"https://ru.wikipedia.org/wiki/%D0%9E%D1%81%D1%82%D1%80%D0%BE%D0%B2%D0%B5%D1%86-%D0%A1%D0%B2%D0%B5%D0%BD%D1%82%D0%BE%D0%BA%D1%88%D0%B8%D1%81%D0%BA%D0%B8%D0%B9","image_url":"http://commons.wikimedia.org/wiki/Special:FilePath/20120501%20Ostrowiec%20kolegiata%20sw%20Michala%202538.jpg","source":"Викиданные","source_id":"Q730929","license":"CC0 (Викиданные)","confidence":"ok"}},{"type":"Feature","id":"settlements_wd:dc2a1606f0c7","geometry":{"type":"Point","coordinates":[32.516667,46.516667]},"properties":{"uid":"settlements_wd:dc2a1606f0c7","layer":"settlements_wd","layer_title":"Населённые места: год основания","group":"admin","title":"Голая Пристань","category":"город Украины","place_text":"Голопристанская городская община","region":"Голопристанская городская община","year_from":1786,"year_to":1960,"date_precision":"open","date_approx":true,"period_raw":"с 1786","summary":"город областного значения в Херсонской области","url":"https://ru.wikipedia.org/wiki/%D0%93%D0%BE%D0%BB%D0%B0%D1%8F_%D0%9F%D1%80%D0%B8%D1%81%D1%82%D0%B0%D0%BD%D1%8C","image_url":"http://commons.wikimedia.org/wiki/Special:FilePath/Hola%20Prystan%2C%20a%20central%20seafront%20-%20panoramio.jpg","source":"Викиданные","source_id":"Q760224","license":"CC0 (Викиданные)","confidence":"ok"}},{"type":"Feature","id":"settlements_wd:ed3455816ffe","geometry":{"type":"Point","coordinates":[35.705833,47.251389]},"properties":{"uid":"settlements_wd:ed3455816ffe","layer":"settlements_wd","layer_title":"Населённые места: год основания","group":"admin","title":"Токмак","category":"город","place_text":"Запорожская область","region":"Запорожская область","year_from":1784,"year_to":1960,"date_precision":"open","date_approx":true,"period_raw":"с 1784","summary":"город в Запорожской области","url":"https://ru.wikipedia.org/wiki/%D0%A2%D0%BE%D0%BA%D0%BC%D0%B0%D0%BA_(%D0%A3%D0%BA%D1%80%D0%B0%D0%B8%D0%BD%D0%B0)","image_url":"http://commons.wikimedia.org/wiki/Special:FilePath/Tokmak%20Revolutsiyna%20vul.%20Torgoviy%20Budynok%20Ya.Shal%27mana%2001%20%28YDS%208846%29.JPG","source":"Викиданные","source_id":"Q760235","license":"CC0 (Викиданные)","confidence":"ok"}},{"type":"Feature","id":"settlements_wd:1732967876c5","geometry":{"type":"Point","coordinates":[34.410583,47.492194]},"properties":{"uid":"settlements_wd:1732967876c5","layer":"settlements_wd","layer_title":"Населённые места: год основания","group":"admin","title":"Каменка-Днепровская","category":"город Украины","place_text":"Каменско-Днепровский район","region":"Каменско-Днепровский район","year_from":1957,"year_to":1960,"date_precision":"open","date_approx":true,"period_raw":"с 1957","summary":"город в Васильевском районе Запорожской области","url":"https://ru.wikipedia.org/wiki/%D0%9A%D0%B0%D0%BC%D0%B5%D0%BD%D0%BA%D0%B0-%D0%94%D0%BD%D0%B5%D0%BF%D1%80%D0%BE%D0%B2%D1%81%D0%BA%D0%B0%D1%8F","image_url":"http://commons.wikimedia.org/wiki/Special:FilePath/Kam%27yanka%20Dniprovs%27ka%20Tserkva%20Rizdva%20Bogorodytsi%2002%202%20Smirnova%2015%20%28YDS%208739%29.JPG","source":"Викиданные","source_id":"Q760594","license":"CC0 (Викиданные)","confidence":"ok"}},{"type":"Feature","id":"settlements_wd:eb73bc1e2b7d","geometry":{"type":"Point","coordinates":[21.593333,56.447222]},"properties":{"uid":"settlements_wd:eb73bc1e2b7d","layer":"settlements_wd","layer_title":"Населённые места: год основания","group":"admin","title":"Приекуле","category":"город под муниципальной юрисдикцией Латвии","place_text":"Южно-Курземский край","region":"Южно-Курземский край","year_from":1928,"year_to":1960,"date_precision":"open","date_approx":true,"period_raw":"с 1928","summary":"город в Южно-Курземском крае Латвии","url":"https://ru.wikipedia.org/wiki/%D0%9F%D1%80%D0%B8%D0%B5%D0%BA%D1%83%D0%BB%D0%B5","image_url":"http://commons.wikimedia.org/wiki/Special:FilePath/Gates%20at%20The%20Evening.JPG","source":"Викиданные","source_id":"Q908683","license":"CC0 (Викиданные)","confidence":"ok"}},{"type":"Feature","id":"settlements_wd:4ed561011fc1","geometry":{"type":"Point","coordinates":[21.4584,52.59278]},"properties":{"uid":"settlements_wd:4ed561011fc1","layer":"settlements_wd","layer_title":"Населённые места: год основания","group":"admin","title":"Вышкув","category":"город","place_text":"Вышкув","region":"Вышкув","year_from":1203,"year_to":1960,"date_precision":"open","date_approx":true,"period_raw":"с 1203","summary":"город в Польше, входит в Мазовецкое воеводство, центр Вышкувского повята","url":"https://ru.wikipedia.org/wiki/%D0%92%D1%8B%D1%88%D0%BA%D1%83%D0%B2","image_url":"http://commons.wikimedia.org/wiki/Special:FilePath/Pa%C5%82ac%2C%201780%2C%20XIX.jpg","source":"Викиданные","source_id":"Q910997","license":"CC0 (Викиданные)","confidence":"ok"}},{"type":"Feature","id":"settlements_wd:2fbc44a4e8ff","geometry":{"type":"Point","coordinates":[23.416667,50.45]},"properties":{"uid":"settlements_wd:2fbc44a4e8ff","layer":"settlements_wd","layer_title":"Населённые места: год основания","group":"admin","title":"Томашув-Любельский","category":"городская гмина","place_text":"Томашувский повят","region":"Томашувский повят","year_from":1590,"year_to":1960,"date_precision":"open","date_approx":true,"period_raw":"с 1590","summary":"город в Польше, входит в Люблинское воеводство, Томашувский повят","url":"https://ru.wikipedia.org/wiki/%D0%A2%D0%BE%D0%BC%D0%B0%D1%88%D1%83%D0%B2-%D0%9B%D1%8E%D0%B1%D0%B5%D0%BB%D1%8C%D1%81%D0%BA%D0%B8","image_url":"http://commons.wikimedia.org/wiki/Special:FilePath/2015%20Tomasz%C3%B3w%20Lubelski%2C%20Budynek%20Pa%C5%84stwowej%20Szko%C5%82y%20Muzycznej.jpg","source":"Викиданные","source_id":"Q911009","license":"CC0 (Викиданные)","confidence":"ok"}},{"type":"Feature","id":"settlements_wd:e6b5e850ec8e","geometry":{"type":"Point","coordinates":[69.583333,41.466667]},"properties":{"uid":"settlements_wd:e6b5e850ec8e","layer":"settlements_wd","layer_title":"Населённые места: год основания","group":"admin","title":"Чирчик","category":"город","place_text":"Ташкентская область","region":"Ташкентская область","year_from":1935,"year_to":1960,"date_precision":"open","date_approx":true,"period_raw":"с 1935","summary":"город в Ташкентской области, Узбекистан","url":"https://ru.wikipedia.org/wiki/%D0%A7%D0%B8%D1%80%D1%87%D0%B8%D0%BA_(%D0%B3%D0%BE%D1%80%D0%BE%D0%B4)","image_url":"http://commons.wikimedia.org/wiki/Special:FilePath/Kimyogarlar%20madaniyat%20saroyi%2002.jpg","source":"Викиданные","source_id":"Q913406","license":"CC0 (Викиданные)","confidence":"ok"}},{"type":"Feature","id":"settlements_wd:757232680d28","geometry":{"type":"Point","coordinates":[33.266667,51.997222]},"properties":{"uid":"settlements_wd:757232680d28","layer":"settlements_wd","layer_title":"Населённые места: год основания","group":"admin","title":"Новгород-Северский","category":"населённый пункт","place_text":"Новгород-Северская городская община","region":"Новгород-Северская городская община","date_precision":"unknown","date_approx":false,"summary":"город в Черниговской области Украины, адми. центр Новгород-Северского района","url":"https://ru.wikipedia.org/wiki/%D0%9D%D0%BE%D0%B2%D0%B3%D0%BE%D1%80%D0%BE%D0%B4-%D0%A1%D0%B5%D0%B2%D0%B5%D1%80%D1%81%D0%BA%D0%B8%D0%B9","image_url":"http://commons.wikimedia.org/wiki/Special:FilePath/%D0%9D%D0%BE%D0%B2%D0%B3%D0%BE%D1%80%D0%BE%D0%B4-%D0%A1%D1%96%D0%B2%D0%B5%D1%80%D1%81%D1%8C%D0%BA%D0%B8%D0%B9.%20%D0%91%D1%83%D0%B4%D0%B8%D0%BD%D0%BE%D0%BA%20%D0%BA%D1%83%D0%BF%D1%86%D1%8F%20%D0%9C%D0%B5%D0%B4%D0%B2%D0%B5%D0%B4%D1%94%D0%B2%D0%B0.JPG","source":"Викиданные","source_id":"Q147758","license":"CC0 (Викиданные)","confidence":"ok"}},{"type":"Feature","id":"settlements_wd:e09c71dc3a4c","geometry":{"type":"Point","coordinates":[46.583333,43.25]},"properties":{"uid":"settlements_wd:e09c71dc3a4c","layer":"settlements_wd","layer_title":"Населённые места: год основания","group":"admin","title":"Хасавюрт","category":"административно-территориальная единица России","place_text":"Городской округ город Хасавюрт","region":"Городской округ город Хасавюрт","year_from":1846,"year_to":1960,"date_precision":"open","date_approx":true,"period_raw":"с 1846","summary":"город в России","url":"https://ru.wikipedia.org/wiki/%D0%A5%D0%B0%D1%81%D0%B0%D0%B2%D1%8E%D1%80%D1%82","image_url":"http://commons.wikimedia.org/wiki/Special:FilePath/%D0%A5%D0%B0%D1%81%D0%B0%D0%B2%D1%8E%D1%80%D1%82.jpg","source":"Викиданные","source_id":"Q147756","license":"CC0 (Викиданные)","confidence":"ok"}},{"type":"Feature","id":"settlements_wd:30d5ea1697a2","geometry":{"type":"Point","coordinates":[29.530944,47.753111]},"properties":{"uid":"settlements_wd:30d5ea1697a2","layer":"settlements_wd","layer_title":"Населённые места: год основания","group":"admin","title":"Подольск","category":"город Украины","place_text":"Подольская городская община","region":"Подольская городская община","year_from":1865,"year_to":1960,"date_precision":"open","date_approx":true,"period_raw":"с 1865","summary":"город в Одесской области Украины, адм. центр Подольского района","url":"https://ru.wikipedia.org/wiki/%D0%9F%D0%BE%D0%B4%D0%BE%D0%BB%D1%8C%D1%81%D0%BA_(%D0%A3%D0%BA%D1%80%D0%B0%D0%B8%D0%BD%D0%B0)","image_url":"http://commons.wikimedia.org/wiki/Special:FilePath/%D0%9A%D1%80%D0%B0%D1%94%D0%B2%D0%B8%D0%B4%20%D0%BD%D0%B0%20%D0%BC%D1%96%D1%81%D1%86%D0%B5%2C%20%D0%B4%D0%B5%20%D1%80%D0%BE%D0%B7%D1%82%D0%B0%D1%88%D0%BE%D0%B2%D1%83%D0%B2%D0%B0%D0%BB%D0%B0%D1%81%D1%8C%20%D0%91%D1%96%D1%80%D0%B7%D1%83%D0%BB%D1%8C%D1%81%D1%8C%D0%BA%D0%B0%20%D1%81%D0%B8%D0%BD%D0%B0%D0%B3%D0%BE%D0%B3%D0%B0.jpg","source":"Викиданные","source_id":"Q889588","license":"CC0 (Викиданные)","confidence":"ok"}},{"type":"Feature","id":"settlements_wd:f258b2404730","geometry":{"type":"Point","coordinates":[36.689944,49.837194]},"properties":{"uid":"settlements_wd:f258b2404730","layer":"settlements_wd","layer_title":"Населённые места: год основания","group":"admin","title":"Чугуев","category":"населённый пункт","place_text":"Чугуевский район","region":"Чугуевский район","year_from":1533,"year_to":1960,"date_precision":"open","date_approx":true,"period_raw":"с 1533","summary":"город в Харьковской области Украины, адм. центр Чугуевского района","url":"https://ru.wikipedia.org/wiki/%D0%A7%D1%83%D0%B3%D1%83%D0%B5%D0%B2","image_url":"http://commons.wikimedia.org/wiki/Special:FilePath/%D0%9F%D0%BE%D0%BA%D1%80%D0%BE%D0%B2%D1%81%D0%BA%D0%B8%D0%B9%20%D1%81%D0%BE%D0%B1%D0%BE%D1%80%2C%20%D0%B2%D0%B8%D0%B4%20%D1%81%20%D0%BF%D0%BB%D0%BE%D1%89%D0%B0%D0%B4%D0%B8.jpg","source":"Викиданные","source_id":"Q889618","license":"CC0 (Викиданные)","confidence":"ok"}},{"type":"Feature","id":"settlements_wd:afc9347bb818","geometry":{"type":"Point","coordinates":[36.316111,48.889167]},"properties":{"uid":"settlements_wd:afc9347bb818","layer":"settlements_wd","layer_title":"Населённые места: год основания","group":"admin","title":"Лозовая","category":"город областного значения Украины","place_text":"Лозовская городская община","region":"Лозовская городская община","year_from":1869,"year_to":1960,"date_precision":"open","date_approx":true,"period_raw":"с 1869","summary":"город в Харьковской области Украины адм. центр Лозовского района","url":"https://ru.wikipedia.org/wiki/%D0%9B%D0%BE%D0%B7%D0%BE%D0%B2%D0%B0%D1%8F","image_url":"http://commons.wikimedia.org/wiki/Special:FilePath/Lozova%20RailwaY%20Station.jpg","source":"Викиданные","source_id":"Q889630","license":"CC0 (Викиданные)","confidence":"ok"}},{"type":"Feature","id":"settlements_wd:400cbe2cb2a9","geometry":{"type":"Point","coordinates":[18.43225,51.372361]},"properties":{"uid":"settlements_wd:400cbe2cb2a9","layer":"settlements_wd","layer_title":"Населённые места: год основания","group":"admin","title":"Лютутув","category":"город","place_text":"Лютутув","region":"Лютутув","year_from":1406,"year_to":1960,"date_precision":"open","date_approx":true,"period_raw":"с 1406","summary":"город и центр гмины в Велюньском повяте Люблинского воеводства Польши","url":"https://www.wikidata.org/wiki/Q800009","image_url":"http://commons.wikimedia.org/wiki/Special:FilePath/Ko%C5%9Bci%C3%B3%C5%82%20pw%20%C5%9Bw.%20Piotra%20i%20Paw%C5%82a%20w%20Lututowie.jpg","source":"Викиданные","source_id":"Q800009","license":"CC0 (Викиданные)","confidence":"ok"}},{"type":"Feature","id":"settlements_wd:21de53942590","geometry":{"type":"Point","coordinates":[75.0,46.85]},"properties":{"uid":"settlements_wd:21de53942590","layer":"settlements_wd","layer_title":"Населённые места: год основания","group":"admin","title":"Балхаш","category":"город","place_text":"Балхашская городская администрация","region":"Балхашская городская администрация","year_from":1932,"year_to":1960,"date_precision":"open","date_approx":true,"period_raw":"с 1932","summary":"город в Карагандинской области, Казахстан","url":"https://ru.wikipedia.org/wiki/%D0%91%D0%B0%D0%BB%D1%85%D0%B0%D1%88_(%D0%B3%D0%BE%D1%80%D0%BE%D0%B4)","image_url":"http://commons.wikimedia.org/wiki/Special:FilePath/Balkhash-center.jpg","source":"Викиданные","source_id":"Q805515","license":"CC0 (Викиданные)","confidence":"ok"}},{"type":"Feature","id":"settlements_wd:b9782087868b","geometry":{"type":"Point","coordinates":[29.6225,47.936111]},"properties":{"uid":"settlements_wd:b9782087868b","layer":"settlements_wd","layer_title":"Населённые места: год основания","group":"admin","title":"Балта","category":"город Украины","place_text":"Балтская городская община","region":"Балтская городская община","year_from":1699,"year_to":1960,"date_precision":"open","date_approx":true,"period_raw":"с 1699","summary":"город в Одесской области Украины, центр Балтской городской общины","url":"https://ru.wikipedia.org/wiki/%D0%91%D0%B0%D0%BB%D1%82%D0%B0","image_url":"http://commons.wikimedia.org/wiki/Special:FilePath/Balta%20sobor%202.jpg","source":"Викиданные","source_id":"Q805554","license":"CC0 (Викиданные)","confidence":"ok"}},{"type":"Feature","id":"settlements_wd:f7b723cecc7d","geometry":{"type":"Point","coordinates":[18.6,53.2]},"properties":{"uid":"settlements_wd:f7b723cecc7d","layer":"settlements_wd","layer_title":"Населённые места: год основания","group":"admin","title":"Хелмжа","category":"городок","place_text":"Торуньский повят","region":"Торуньский повят","year_from":1251,"year_to":1960,"date_precision":"open","date_approx":true,"period_raw":"с 1251","summary":"город гимна в Польше, входит в Куявско-Поморское воеводство, Торуньский повят","url":"https://ru.wikipedia.org/wiki/%D0%A5%D0%B5%D0%BB%D0%BC%D0%B6%D0%B0","image_url":"http://commons.wikimedia.org/wiki/Special:FilePath/Che%C5%82m%C5%BCa%20-%20widok%20rynku.%20-%20panoramio%20%282%29.jpg","source":"Викиданные","source_id":"Q850688","license":"CC0 (Викиданные)","confidence":"ok"}},{"type":"Feature","id":"settlements_wd:7bd6864b7e6e","geometry":{"type":"Point","coordinates":[28.2975,48.155833]},"properties":{"uid":"settlements_wd:7bd6864b7e6e","layer":"settlements_wd","layer_title":"Населённые места: год основания","group":"admin","title":"Сороки","category":"город","place_text":"Сорокский район","region":"Сорокский район","year_from":1499,"year_to":1960,"date_precision":"open","date_approx":true,"period_raw":"с 1499","summary":"город в Молдавии, административный центр Сорокского района","url":"https://ru.wikipedia.org/wiki/%D0%A1%D0%BE%D1%80%D0%BE%D0%BA%D0%B8_(%D0%B3%D0%BE%D1%80%D0%BE%D0%B4)","image_url":"http://commons.wikimedia.org/wiki/Special:FilePath/Soroca.jpg","source":"Викиданные","source_id":"Q853785","license":"CC0 (Викиданные)","confidence":"ok"}},{"type":"Feature","id":"settlements_wd:531a634f8edd","geometry":{"type":"Point","coordinates":[75.291,42.839]},"properties":{"uid":"settlements_wd:531a634f8edd","layer":"settlements_wd","layer_title":"Населённые места: год основания","group":"admin","title":"Токмак","category":"город","place_text":"Чуйская область","region":"Чуйская область","year_from":1825,"year_to":1960,"date_precision":"open","date_approx":true,"period_raw":"с 1825","summary":"город областного подчинения в Чуйской области Кыргызстана","url":"https://ru.wikipedia.org/wiki/%D0%A2%D0%BE%D0%BA%D0%BC%D0%B0%D0%BA_(%D0%9A%D1%8B%D1%80%D0%B3%D1%8B%D0%B7%D1%81%D1%82%D0%B0%D0%BD)","image_url":"http://commons.wikimedia.org/wiki/Special:FilePath/Soviet%20Il-28%20bomber%20monument%20in%20Tokmok%2020080830.jpg","source":"Викиданные","source_id":"Q854333","license":"CC0 (Викиданные)","confidence":"ok"}},{"type":"Feature","id":"settlements_wd:c24186894b28","geometry":{"type":"Point","coordinates":[27.6,57.816667]},"properties":{"uid":"settlements_wd:c24186894b28","layer":"settlements_wd","layer_title":"Населённые места: год основания","group":"admin","title":"Печоры","category":"административно-территориальная единица России","place_text":"городское поселение Печоры","region":"городское поселение Печоры","year_from":1473,"year_to":1960,"date_precision":"open","date_approx":true,"period_raw":"с 1473","summary":"город в Печорском районе Псковской области России","url":"https://ru.wikipedia.org/wiki/%D0%9F%D0%B5%D1%87%D0%BE%D1%80%D1%8B","image_url":"http://commons.wikimedia.org/wiki/Special:FilePath/Pechory%201.jpg","source":"Викиданные","source_id":"Q179407","license":"CC0 (Викиданные)","confidence":"ok"}},{"type":"Feature","id":"settlements_wd:ec478957e2d3","geometry":{"type":"Point","coordinates":[20.216667,54.95]},"properties":{"uid":"settlements_wd:ec478957e2d3","layer":"settlements_wd","layer_title":"Населённые места: год основания","group":"admin","title":"Пионерский","category":"портовый город","place_text":"Пионерский городской округ","region":"Пионерский городской округ","year_from":1254,"year_to":1960,"date_precision":"open","date_approx":true,"period_raw":"с 1254","summary":"город и городской округ в Калининградской области России","url":"https://ru.wikipedia.org/wiki/%D0%9F%D0%B8%D0%BE%D0%BD%D0%B5%D1%80%D1%81%D0%BA%D0%B8%D0%B9_(%D0%B3%D0%BE%D1%80%D0%BE%D0%B4)","image_url":"http://commons.wikimedia.org/wiki/Special:FilePath/Residence%20of%20the%20President%20of%20the%20Russian%20Federation%20in%20Pionersky.jpg","source":"Викиданные","source_id":"Q179439","license":"CC0 (Викиданные)","confidence":"ok"}},{"type":"Feature","id":"settlements_wd:ff219ff22b15","geometry":{"type":"Point","coordinates":[23.724444,56.652222]},"properties":{"uid":"settlements_wd:ff219ff22b15","layer":"settlements_wd","layer_title":"Населённые места: год основания","group":"admin","title":"Елгава","category":"государственный город Латвии","place_text":"Латвия","region":"Латвия","year_from":1226,"year_to":1960,"date_precision":"open","date_approx":true,"period_raw":"с 1226","summary":"город в Латвии","url":"https://ru.wikipedia.org/wiki/%D0%95%D0%BB%D0%B3%D0%B0%D0%B2%D0%B0","image_url":"http://commons.wikimedia.org/wiki/Special:FilePath/Jelgava%20aerial%20view.jpg","source":"Викиданные","source_id":"Q179830","license":"CC0 (Викиданные)","confidence":"ok"}},{"type":"Feature","id":"settlements_wd:cd807d66f12d","geometry":{"type":"Point","coordinates":[49.67,40.596111]},"properties":{"uid":"settlements_wd:cd807d66f12d","layer":"settlements_wd","layer_title":"Населённые места: год основания","group":"admin","title":"Сумгаит","category":"большой город","place_text":"Азербайджан","region":"Азербайджан","year_from":1949,"year_to":1960,"date_precision":"open","date_approx":true,"period_raw":"с 1949","summary":"город республиканского значения в Азербайджане","url":"https://ru.wikipedia.org/wiki/%D0%A1%D1%83%D0%BC%D0%B3%D0%B0%D0%B8%D1%82","image_url":"http://commons.wikimedia.org/wiki/Special:FilePath/Sumgait%20-%20my%20home.jpg","source":"Викиданные","source_id":"Q179833","license":"CC0 (Викиданные)","confidence":"ok"}},{"type":"Feature","id":"settlements_wd:e042d8b7498c","geometry":{"type":"Point","coordinates":[30.654523,46.301317]},"properties":{"uid":"settlements_wd:e042d8b7498c","layer":"settlements_wd","layer_title":"Населённые места: год основания","group":"admin","title":"Черноморск","category":"город Украины","place_text":"Черноморская городская община","region":"Черноморская городская община","year_from":1952,"year_to":1960,"date_precision":"open","date_approx":true,"period_raw":"с 1952","summary":"город в Одесском районе Одесской области Украины","url":"https://ru.wikipedia.org/wiki/%D0%A7%D0%B5%D1%80%D0%BD%D0%BE%D0%BC%D0%BE%D1%80%D1%81%D0%BA","image_url":"http://commons.wikimedia.org/wiki/Special:FilePath/Strebka%20Square%2001.jpg","source":"Викиданные","source_id":"Q889530","license":"CC0 (Викиданные)","confidence":"ok"}},{"type":"Feature","id":"settlements_wd:b516c4e1c1d5","geometry":{"type":"Point","coordinates":[29.590361,45.398361]},"properties":{"uid":"settlements_wd:b516c4e1c1d5","layer":"settlements_wd","layer_title":"Населённые места: год основания","group":"admin","title":"Вилково","category":"приграничный город","place_text":"Вилковская городская община","region":"Вилковская городская община","year_from":1746,"year_to":1960,"date_precision":"open","date_approx":true,"period_raw":"с 1746","summary":"Туристический украинский город, находящийся на искусственных каналах","url":"https://ru.wikipedia.org/wiki/%D0%92%D0%B8%D0%BB%D0%BA%D0%BE%D0%B2%D0%BE","image_url":"http://commons.wikimedia.org/wiki/Special:FilePath/V%C3%A2lcov%2028.jpg","source":"Викиданные","source_id":"Q889536","license":"CC0 (Викиданные)","confidence":"ok"}},{"type":"Feature","id":"settlements_wd:b8486090b397","geometry":{"type":"Point","coordinates":[35.930556,49.948889]},"properties":{"uid":"settlements_wd:b8486090b397","layer":"settlements_wd","layer_title":"Населённые места: год основания","group":"admin","title":"Люботин","category":"населённый пункт","place_text":"Харьковская область","region":"Харьковская область","year_from":1650,"year_to":1960,"date_precision":"open","date_approx":true,"period_raw":"с 1650","summary":"город в Харьковском районе Харьковской области Украины","url":"https://ru.wikipedia.org/wiki/%D0%9B%D1%8E%D0%B1%D0%BE%D1%82%D0%B8%D0%BD","image_url":"http://commons.wikimedia.org/wiki/Special:FilePath/St.%20Nicholas%20Church%2C%20Lyubotyn.jpg","source":"Викиданные","source_id":"Q889542","license":"CC0 (Викиданные)","confidence":"ok"}},{"type":"Feature","id":"settlements_wd:0b96a7080345","geometry":{"type":"Point","coordinates":[32.799722,47.070833]},"properties":{"uid":"settlements_wd:0b96a7080345","layer":"settlements_wd","layer_title":"Населённые места: год основания","group":"admin","title":"Снигирёвка","category":"город Украины","place_text":"Снегуровская городская община","region":"Снегуровская городская община","year_from":1812,"year_to":1960,"date_precision":"open","date_approx":true,"period_raw":"с 1812","summary":"город в Баштанском районе Николаевской области Украины","url":"https://ru.wikipedia.org/wiki/%D0%A1%D0%BD%D0%B8%D0%B3%D0%B8%D1%80%D1%91%D0%B2%D0%BA%D0%B0","image_url":"http://commons.wikimedia.org/wiki/Special:FilePath/%D0%9F%D0%B0%D1%80%D0%BE%D0%B2%D0%B8%D0%B9%20%D0%BC%D0%BB%D0%B8%D0%BD%20%D1%83%20%D0%A1%D0%BD%D1%96%D0%B3%D1%83%D1%80%D1%96%D0%B2%D1%86%D1%96%20%28%D1%83%20%D0%B1%D0%B5%D1%80%D0%B5%D0%B7%D0%BD%D1%96%202013%29.jpg","source":"Викиданные","source_id":"Q889549","license":"CC0 (Викиданные)","confidence":"ok"}},{"type":"Feature","id":"settlements_wd:f94e869ec98d","geometry":{"type":"Point","coordinates":[19.666667,52.883333]},"properties":{"uid":"settlements_wd:f94e869ec98d","layer":"settlements_wd","layer_title":"Населённые места: год основания","group":"admin","title":"Серпц","category":"городская гмина","place_text":"Серпецкий повят","region":"Серпецкий повят","year_from":1322,"year_to":1960,"date_precision":"open","date_approx":true,"period_raw":"с 1322","summary":"город и гмина в Польше, входит в Мазовецкое воеводство, Серпецкий повят","url":"https://ru.wikipedia.org/wiki/%D0%A1%D0%B5%D1%80%D0%BF%D1%86","image_url":"http://commons.wikimedia.org/wiki/Special:FilePath/POL%20Sierpc%2C%20Ratusz.jpg","source":"Викиданные","source_id":"Q928392","license":"CC0 (Викиданные)","confidence":"ok"}},{"type":"Feature","id":"settlements_wd:63835a1a94c8","geometry":{"type":"Point","coordinates":[23.643611,49.782222]},"properties":{"uid":"settlements_wd:63835a1a94c8","layer":"settlements_wd","layer_title":"Населённые места: год основания","group":"admin","title":"Городок","category":"город Украины","place_text":"Львовский район","region":"Львовский район","year_from":1213,"year_to":1960,"date_precision":"open","date_approx":true,"period_raw":"с 1213","summary":"город во Львовском районе Львовской области Украины","url":"https://ru.wikipedia.org/wiki/%D0%93%D0%BE%D1%80%D0%BE%D0%B4%D0%BE%D0%BA_(%D0%9B%D1%8C%D0%B2%D0%BE%D0%B2%D1%81%D0%BA%D0%B0%D1%8F_%D0%BE%D0%B1%D0%BB%D0%B0%D1%81%D1%82%D1%8C)","image_url":"http://commons.wikimedia.org/wiki/Special:FilePath/%D0%9F%D0%B0%D0%BC%27%D1%8F%D1%82%D0%BD%D0%B8%D0%BA%20%D0%B6%D0%B5%D1%80%D1%82%D0%B2%D0%B0%D0%BC%20%D1%80%D0%B5%D0%BF%D1%80%D0%B5%D1%81%D1%96%D0%B9%2C%20%D0%B2%D0%B8%D0%B4%20%D0%BD%D0%B0%20%D0%BF%D0%BB%D0%BE%D1%89%D1%83.jpg","source":"Викиданные","source_id":"Q930449","license":"CC0 (Викиданные)","confidence":"ok"}},{"type":"Feature","id":"settlements_wd:83279585a91e","geometry":{"type":"Point","coordinates":[23.122991,50.155601]},"properties":{"uid":"settlements_wd:83279585a91e","layer":"settlements_wd","layer_title":"Населённые места: год основания","group":"admin","title":"Любачув","category":"городская гмина","place_text":"Любачувский повет","region":"Любачувский повет","year_from":1214,"year_to":1960,"date_precision":"open","date_approx":true,"period_raw":"с 1214","summary":"город в Польше","url":"https://ru.wikipedia.org/wiki/%D0%9B%D1%8E%D0%B1%D0%B0%D1%87%D1%83%D0%B2","image_url":"http://commons.wikimedia.org/wiki/Special:FilePath/Rynek%20Miejski%20w%20Lubaczowie.jpg","source":"Викиданные","source_id":"Q931022","license":"CC0 (Викиданные)","confidence":"ok"}},{"type":"Feature","id":"settlements_wd:73b04fddad1a","geometry":{"type":"Point","coordinates":[26.925278,56.552778]},"properties":{"uid":"settlements_wd:73b04fddad1a","layer":"settlements_wd","layer_title":"Населённые места: год основания","group":"admin","title":"Виляны","category":"город под муниципальной юрисдикцией Латвии","place_text":"Резекненский край","region":"Резекненский край","year_from":1928,"year_to":1960,"date_precision":"open","date_approx":true,"period_raw":"с 1928","summary":"город в Латвии, административный центр Вилянского края и Вилянской волости","url":"https://ru.wikipedia.org/wiki/%D0%92%D0%B8%D0%BB%D1%8F%D0%BD%D1%8B","image_url":"http://commons.wikimedia.org/wiki/Special:FilePath/St.%20Mi%C4%B7e%C4%BCa%20Church%20and%20Monastery%20in%20Vi%C4%BC%C4%81ni%20-%20panoramio.jpg","source":"Викиданные","source_id":"Q836513","license":"CC0 (Викиданные)","confidence":"ok"}},{"type":"Feature","id":"settlements_wd:7e648a1a9638","geometry":{"type":"Point","coordinates":[38.636111,48.547222]},"properties":{"uid":"settlements_wd:7e648a1a9638","layer":"settlements_wd","layer_title":"Населённые места: год основания","group":"admin","title":"Стаханов","category":"город Украины","place_text":"Kadiivka urban hromada","region":"Kadiivka urban hromada","year_from":1814,"year_to":1960,"date_precision":"open","date_approx":true,"period_raw":"с 1814","summary":"город в Луганской области, Украина","url":"https://ru.wikipedia.org/wiki/%D0%A1%D1%82%D0%B0%D1%85%D0%B0%D0%BD%D0%BE%D0%B2_(%D0%B3%D0%BE%D1%80%D0%BE%D0%B4)","image_url":"http://commons.wikimedia.org/wiki/Special:FilePath/Stakhanov%20-%20Cinema%20Mir.jpg","source":"Викиданные","source_id":"Q837093","license":"CC0 (Викиданные)","confidence":"ok"}},{"type":"Feature","id":"settlements_wd:c5a10bcb0578","geometry":{"type":"Point","coordinates":[21.676111,57.225556]},"properties":{"uid":"settlements_wd:c5a10bcb0578","layer":"settlements_wd","layer_title":"Населённые места: год основания","group":"admin","title":"Пилтене","category":"город под муниципальной юрисдикцией Латвии","place_text":"Вентспилсский край","region":"Вентспилсский край","year_from":1557,"year_to":1960,"date_precision":"open","date_approx":true,"period_raw":"с 1557","summary":"город в Латвии","url":"https://ru.wikipedia.org/wiki/%D0%9F%D0%B8%D0%BB%D1%82%D0%B5%D0%BD%D0%B5","image_url":"http://commons.wikimedia.org/wiki/Special:FilePath/Piltenes%20pilsdrupas%20un%20bazn%C4%ABca.jpg","source":"Викиданные","source_id":"Q838491","license":"CC0 (Викиданные)","confidence":"ok"}},{"type":"Feature","id":"settlements_wd:bfacdd038acb","geometry":{"type":"Point","coordinates":[21.184167,56.887778]},"properties":{"uid":"settlements_wd:bfacdd038acb","layer":"settlements_wd","layer_title":"Населённые места: год основания","group":"admin","title":"Павилоста","category":"город под муниципальной юрисдикцией Латвии","place_text":"Южно-Курземский край","region":"Южно-Курземский край","year_from":1879,"year_to":1960,"date_precision":"open","date_approx":true,"period_raw":"с 1879","summary":"город в Южно-Курземском крае Латвии","url":"https://ru.wikipedia.org/wiki/%D0%9F%D0%B0%D0%B2%D0%B8%D0%BB%D0%BE%D1%81%D1%82%D0%B0","image_url":"http://commons.wikimedia.org/wiki/Special:FilePath/Baltic%20Coast%20Trail%20%28May-June%202019%2C%20Latvia%29%20-%20337%20%2849991628627%29.jpg","source":"Викиданные","source_id":"Q840717","license":"CC0 (Викиданные)","confidence":"ok"}},{"type":"Feature","id":"settlements_wd:0b2a4d6765e8","geometry":{"type":"Point","coordinates":[20.95041,51.64695]},"properties":{"uid":"settlements_wd:0b2a4d6765e8","layer":"settlements_wd","layer_title":"Населённые места: год основания","group":"admin","title":"Бялобжеги","category":"город","place_text":"Бялобжеги","region":"Бялобжеги","year_from":1541,"year_to":1960,"date_precision":"open","date_approx":true,"period_raw":"с 1541","summary":"город в Польше, входит в Мазовецкое воеводство, Бялобжегский повят","url":"https://ru.wikipedia.org/wiki/%D0%91%D1%8F%D0%BB%D0%BE%D0%B1%D0%B6%D0%B5%D0%B3%D0%B8","image_url":"http://commons.wikimedia.org/wiki/Special:FilePath/Bia%C5%82obrzegi%2C%20plac%20Zygmunta%20Starego%2004.jpg","source":"Викиданные","source_id":"Q855976","license":"CC0 (Викиданные)","confidence":"ok"}},{"type":"Feature","id":"settlements_wd:84cfcbd67ec2","geometry":{"type":"Point","coordinates":[26.866667,50.3]},"properties":{"uid":"settlements_wd:84cfcbd67ec2","layer":"settlements_wd","layer_title":"Населённые места: год основания","group":"admin","title":"Славута","category":"город Украины","place_text":"Шепетовский район","region":"Шепетовский район","year_from":1634,"year_to":1960,"date_precision":"open","date_approx":true,"period_raw":"с 1634","summary":"город в Шепетовском районе Хмельницкой области Украины","url":"https://ru.wikipedia.org/wiki/%D0%A1%D0%BB%D0%B0%D0%B2%D1%83%D1%82%D0%B0","image_url":"http://commons.wikimedia.org/wiki/Special:FilePath/Slavuta1.JPG","source":"Викиданные","source_id":"Q856018","license":"CC0 (Викиданные)","confidence":"ok"}},{"type":"Feature","id":"settlements_wd:99b9015ede56","geometry":{"type":"Point","coordinates":[19.88976,52.96107]},"properties":{"uid":"settlements_wd:99b9015ede56","layer":"settlements_wd","layer_title":"Населённые места: год основания","group":"admin","title":"Бежунь","category":"город","place_text":"Бежунь","region":"Бежунь","year_from":1406,"year_to":1960,"date_precision":"open","date_approx":true,"period_raw":"с 1406","summary":"город в Журоминском повяте Мазовецкого воеводства Польши","url":"https://ru.wikipedia.org/wiki/%D0%91%D0%B5%D0%B6%D1%83%D0%BD%D1%8C","image_url":"http://commons.wikimedia.org/wiki/Special:FilePath/Bie%C5%BCu%C5%84%2C%20ko%C5%9Bci%C3%B3%C5%82%20parafialny%20p.w.%20%C5%9Aw.%20Tr%C3%B3jcy%2002%3B%20Kot.JPG","source":"Викиданные","source_id":"Q858312","license":"CC0 (Викиданные)","confidence":"ok"}},{"type":"Feature","id":"settlements_wd:175b3e73964b","geometry":{"type":"Point","coordinates":[30.201389,46.48275]},"properties":{"uid":"settlements_wd:175b3e73964b","layer":"settlements_wd","layer_title":"Населённые места: год основания","group":"admin","title":"Беляевка","category":"город Украины","place_text":"Беляевская городская община","region":"Беляевская городская община","year_from":1789,"year_to":1960,"date_precision":"open","date_approx":true,"period_raw":"с 1789","summary":"город на Украине, Одесская область, Одесский район","url":"https://ru.wikipedia.org/wiki/%D0%91%D0%B5%D0%BB%D1%8F%D0%B5%D0%B2%D0%BA%D0%B0","image_url":"http://commons.wikimedia.org/wiki/Special:FilePath/Black%20Sea%20cossacks%20monument%2C%20Biliaivka.jpg","source":"Викиданные","source_id":"Q861873","license":"CC0 (Викиданные)","confidence":"ok"}},{"type":"Feature","id":"settlements_wd:1af432de2396","geometry":{"type":"Point","coordinates":[38.9,47.233333]},"properties":{"uid":"settlements_wd:1af432de2396","layer":"settlements_wd","layer_title":"Населённые места: год основания","group":"admin","title":"Таганрог","category":"большой город","place_text":"Ростовская область","region":"Ростовская область","year_from":1698,"year_to":1960,"date_precision":"open","date_approx":true,"period_raw":"с 1698","summary":"город в Ростовской области России","url":"https://ru.wikipedia.org/wiki/%D0%A2%D0%B0%D0%B3%D0%B0%D0%BD%D1%80%D0%BE%D0%B3","image_url":"http://commons.wikimedia.org/wiki/Special:FilePath/Port%20of%20Taganrog.jpg","source":"Викиданные","source_id":"Q170513","license":"CC0 (Викиданные)","confidence":"ok"}},{"type":"Feature","id":"settlements_wd:7dde7a492bc0","geometry":{"type":"Point","coordinates":[42.705556,42.271667]},"properties":{"uid":"settlements_wd:7dde7a492bc0","layer":"settlements_wd","layer_title":"Населённые места: год основания","group":"admin","title":"Кутаиси","category":"город","place_text":"Имеретия","region":"Имеретия","date_precision":"unknown","date_approx":false,"summary":"город в Грузии, административный центр края Имеретия","url":"https://ru.wikipedia.org/wiki/%D0%9A%D1%83%D1%82%D0%B0%D0%B8%D1%81%D0%B8","image_url":"http://commons.wikimedia.org/wiki/Special:FilePath/Downtown%20Kutaisi%20%26%20White%20Bridge%20as%20seen%20from%20Mt%20Gora%20%28August%202011%29-cropped.jpg","source":"Викиданные","source_id":"Q172415","license":"CC0 (Викиданные)","confidence":"ok"}},{"type":"Feature","id":"settlements_wd:ee2c693890f5","geometry":{"type":"Point","coordinates":[76.595,60.938889]},"properties":{"uid":"settlements_wd:ee2c693890f5","layer":"settlements_wd","layer_title":"Населённые места: год основания","group":"admin","title":"Нижневартовск","category":"административно-территориальная единица России","place_text":"Ханты-Мансийский автономный округ — Югра","region":"Ханты-Мансийский автономный округ — Югра","year_from":1909,"year_to":1960,"date_precision":"open","date_approx":true,"period_raw":"с 1909","summary":"город в России","url":"https://ru.wikipedia.org/wiki/%D0%9D%D0%B8%D0%B6%D0%BD%D0%B5%D0%B2%D0%B0%D1%80%D1%82%D0%BE%D0%B2%D1%81%D0%BA","image_url":"http://commons.wikimedia.org/wiki/Special:FilePath/Nizhnevartovsk%2C%20lake%20Komsomolskoye%20skyline.jpg","source":"Викиданные","source_id":"Q172637","license":"CC0 (Викиданные)","confidence":"ok"}},{"type":"Feature","id":"settlements_wd:d90d3584569c","geometry":{"type":"Point","coordinates":[36.0687,49.8849]},"properties":{"uid":"settlements_wd:d90d3584569c","layer":"settlements_wd","layer_title":"Населённые места: год основания","group":"admin","title":"Пивденное","category":"город Украины","place_text":"Пивденногородская городская община","region":"Пивденногородская городская община","year_from":1906,"year_to":1960,"date_precision":"open","date_approx":true,"period_raw":"с 1906","summary":"город в Харьковском районе Харьковской области Украины","url":"https://ru.wikipedia.org/wiki/%D0%9F%D0%B8%D0%B2%D0%B4%D0%B5%D0%BD%D0%BD%D0%BE%D0%B5_(%D0%B3%D0%BE%D1%80%D0%BE%D0%B4,_%D0%A5%D0%B0%D1%80%D1%8C%D0%BA%D0%BE%D0%B2%D1%81%D0%BA%D0%B0%D1%8F_%D0%BE%D0%B1%D0%BB%D0%B0%D1%81%D1%82%D1%8C)","image_url":"http://commons.wikimedia.org/wiki/Special:FilePath/Pivdenne%20Town%20Hall%20by%20Kharkivian%2001%20%2805.2019%29.jpg","source":"Викиданные","source_id":"Q785296","license":"CC0 (Викиданные)","confidence":"ok"}},{"type":"Feature","id":"settlements_wd:5a7593decf85","geometry":{"type":"Point","coordinates":[21.002778,50.590556]},"properties":{"uid":"settlements_wd:5a7593decf85","layer":"settlements_wd","layer_title":"Населённые места: год основания","group":"admin","title":"Шидлув","category":"город","place_text":"Шидлув","region":"Шидлув","year_from":1191,"year_to":1960,"date_precision":"open","date_approx":true,"period_raw":"с 1191","summary":"город в Сташувском повяте Свентокшиского воеводства Польши","url":"https://ru.wikipedia.org/wiki/%D0%A8%D0%B8%D0%B4%D0%BB%D1%83%D0%B2_(%D0%A1%D0%B2%D0%B5%D0%BD%D1%82%D0%BE%D0%BA%D1%88%D0%B8%D1%81%D0%BA%D0%BE%D0%B5_%D0%B2%D0%BE%D0%B5%D0%B2%D0%BE%D0%B4%D1%81%D1%82%D0%B2%D0%BE)","image_url":"http://commons.wikimedia.org/wiki/Special:FilePath/Szydlow%28js%291.jpg","source":"Викиданные","source_id":"Q787968","license":"CC0 (Викиданные)","confidence":"ok"}},{"type":"Feature","id":"settlements_wd:4933b63cdb2b","geometry":{"type":"Point","coordinates":[37.75,48.133333]},"properties":{"uid":"settlements_wd:4933b63cdb2b","layer":"settlements_wd","layer_title":"Населённые места: год основания","group":"admin","title":"Авдеевка","category":"город Украины","place_text":"Авдеевская городская община","region":"Авдеевская городская община","year_from":1778,"year_to":1960,"date_precision":"open","date_approx":true,"period_raw":"с 1778","summary":"город в Покровском районе Донецкой области Украины","url":"https://ru.wikipedia.org/wiki/%D0%90%D0%B2%D0%B4%D0%B5%D0%B5%D0%B2%D0%BA%D0%B0","image_url":"http://commons.wikimedia.org/wiki/Special:FilePath/%D0%A4%D0%B5%D0%B4%D0%BE%D1%80%D0%B5%D0%BD%D0%BA%D0%BE.%20%D0%90%D0%B2%D0%B4%D0%B5%D0%B5%D0%B2%D0%BA%D0%B0%2001.jpg","source":"Викиданные","source_id":"Q791673","license":"CC0 (Викиданные)","confidence":"ok"}},{"type":"Feature","id":"settlements_wd:ff92081f3893","geometry":{"type":"Point","coordinates":[24.943644,49.446427]},"properties":{"uid":"settlements_wd:ff92081f3893","layer":"settlements_wd","layer_title":"Населённые места: год основания","group":"admin","title":"Бережаны","category":"город Украины","place_text":"Бережанский городской совет","region":"Бережанский городской совет","year_from":1375,"year_to":1960,"date_precision":"open","date_approx":true,"period_raw":"с 1375","summary":"город в Тернопольском районе Тернопольской области Украины","url":"https://ru.wikipedia.org/wiki/%D0%91%D0%B5%D1%80%D0%B5%D0%B6%D0%B0%D0%BD%D1%8B","image_url":"http://commons.wikimedia.org/wiki/Special:FilePath/Berezhany213.JPG","source":"Викиданные","source_id":"Q793424","license":"CC0 (Викиданные)","confidence":"ok"}},{"type":"Feature","id":"settlements_wd:03c602df9f15","geometry":{"type":"Point","coordinates":[26.8,50.116667]},"properties":{"uid":"settlements_wd:03c602df9f15","layer":"settlements_wd","layer_title":"Населённые места: год основания","group":"admin","title":"Изяслав","category":"город Украины","place_text":"Изяславская городская община","region":"Изяславская городская община","year_from":1141,"year_to":1960,"date_precision":"open","date_approx":true,"period_raw":"с 1141","summary":"город в Шепетовском районе Хмельницкой области Украины","url":"https://ru.wikipedia.org/wiki/%D0%98%D0%B7%D1%8F%D1%81%D0%BB%D0%B0%D0%B2_(%D0%B3%D0%BE%D1%80%D0%BE%D0%B4)","image_url":"http://commons.wikimedia.org/wiki/Special:FilePath/%D0%97%D0%B0%D1%81%D0%BB%D0%B0%D0%B2%20%D0%B7%D0%B8%D0%BC%D0%B0.jpg","source":"Викиданные","source_id":"Q841029","license":"CC0 (Викиданные)","confidence":"ok"}},{"type":"Feature","id":"settlements_wd:d75d9df5c7ba","geometry":{"type":"Point","coordinates":[21.9,52.8]},"properties":{"uid":"settlements_wd:d75d9df5c7ba","layer":"settlements_wd","layer_title":"Населённые места: год основания","group":"admin","title":"Острув-Мазовецка","category":"городская гмина","place_text":"Острувский повет","region":"Острувский повет","year_from":1434,"year_to":1960,"date_precision":"open","date_approx":true,"period_raw":"с 1434","summary":"город в Польше, входит в Мазовецкое воеводство, столица Острувского повята","url":"https://ru.wikipedia.org/wiki/%D0%9E%D1%81%D1%82%D1%80%D1%83%D0%B2-%D0%9C%D0%B0%D0%B7%D0%BE%D0%B2%D0%B5%D1%86%D0%BA%D0%B0","image_url":"http://commons.wikimedia.org/wiki/Special:FilePath/Ostrow-Mazowiecka-19HLZPVL-town-hall.jpg","source":"Викиданные","source_id":"Q841352","license":"CC0 (Викиданные)","confidence":"ok"}},{"type":"Feature","id":"settlements_wd:278d3983a794","geometry":{"type":"Point","coordinates":[21.758889,54.04]},"properties":{"uid":"settlements_wd:278d3983a794","layer":"settlements_wd","layer_title":"Населённые места: год основания","group":"admin","title":"Гижицко","category":"городская гмина","place_text":"Гижицкий повет","region":"Гижицкий повет","year_from":1437,"year_to":1960,"date_precision":"open","date_approx":true,"period_raw":"с 1437","summary":"город в Польше, входит в Варминьско-Мазурское воеводство, Гижицкий повят","url":"https://ru.wikipedia.org/wiki/%D0%93%D0%B8%D0%B6%D0%B8%D1%86%D0%BA%D0%BE","image_url":"http://commons.wikimedia.org/wiki/Special:FilePath/Port%20w%20Gi%C5%BCycku%204.jpg","source":"Викиданные","source_id":"Q841356","license":"CC0 (Викиданные)","confidence":"ok"}},{"type":"Feature","id":"settlements_wd:4d2d305eddc4","geometry":{"type":"Point","coordinates":[25.05,57.866667]},"properties":{"uid":"settlements_wd:4d2d305eddc4","layer":"settlements_wd","layer_title":"Населённые места: год основания","group":"admin","title":"Мазсалаца","category":"город под муниципальной юрисдикцией Латвии","place_text":"Валмиерский край","region":"Валмиерский край","year_from":1928,"year_to":1960,"date_precision":"open","date_approx":true,"period_raw":"с 1928","summary":"город в Валмиерском крае Латвии","url":"https://ru.wikipedia.org/wiki/%D0%9C%D0%B0%D0%B7%D1%81%D0%B0%D0%BB%D0%B0%D1%86%D0%B0","image_url":"http://commons.wikimedia.org/wiki/Special:FilePath/Bazn%C4%ABcas%20iela%20%28Mazsalaca%29.jpg","source":"Викиданные","source_id":"Q844468","license":"CC0 (Викиданные)","confidence":"ok"}},{"type":"Feature","id":"settlements_wd:0559e788c6cd","geometry":{"type":"Point","coordinates":[31.8805,51.047361]},"properties":{"uid":"settlements_wd:0559e788c6cd","layer":"settlements_wd","layer_title":"Населённые места: год основания","group":"admin","title":"Нежин","category":"населённый пункт","place_text":"Нежинский район","region":"Нежинский район","date_precision":"unknown","date_approx":false,"summary":"город в Черниговской области Украины, административный центр Нежинского района","url":"https://ru.wikipedia.org/wiki/%D0%9D%D0%B5%D0%B6%D0%B8%D0%BD","image_url":"http://commons.wikimedia.org/wiki/Special:FilePath/%D0%9D%D1%96%D0%B6%D0%B8%D0%BD%D1%81%D1%8C%D0%BA%D0%B0%20%D0%BC%D1%96%D1%81%D1%8C%D0%BA%D0%B0%20%D1%80%D0%B0%D0%B4%D0%B0.jpg","source":"Викиданные","source_id":"Q952457","license":"CC0 (Викиданные)","confidence":"ok"}},{"type":"Feature","id":"settlements_wd:81fc9d5c0393","geometry":{"type":"Point","coordinates":[21.0,53.566667]},"properties":{"uid":"settlements_wd:81fc9d5c0393","layer":"settlements_wd","layer_title":"Населённые места: год основания","group":"admin","title":"Щитно","category":"городская гмина","place_text":"Щитненский повят","region":"Щитненский повят","year_from":1359,"year_to":1960,"date_precision":"open","date_approx":true,"period_raw":"с 1359","summary":"город в Польше, входит в Варминьско-Мазурское воеводство, Щитненский повят","url":"https://ru.wikipedia.org/wiki/%D0%A9%D0%B8%D1%82%D0%BD%D0%BE","image_url":"http://commons.wikimedia.org/wiki/Special:FilePath/Pozosta%C5%82o%C5%9Bci%20zamku%20w%20Szczytnie.jpg","source":"Викиданные","source_id":"Q953181","license":"CC0 (Викиданные)","confidence":"ok"}},{"type":"Feature","id":"settlements_wd:c335bafceebc","geometry":{"type":"Point","coordinates":[23.03,49.154444]},"properties":{"uid":"settlements_wd:c335bafceebc","layer":"settlements_wd","layer_title":"Населённые места: год основания","group":"admin","title":"Турка","category":"город Украины","place_text":"Самборский район","region":"Самборский район","year_from":1431,"year_to":1960,"date_precision":"open","date_approx":true,"period_raw":"с 1431","summary":"город в Самборском районе Львовской области Украины","url":"https://ru.wikipedia.org/wiki/%D0%A2%D1%83%D1%80%D0%BA%D0%B0_(%D0%B3%D0%BE%D1%80%D0%BE%D0%B4)","image_url":"http://commons.wikimedia.org/wiki/Special:FilePath/Turka%20Panoramic%20View%201.jpg","source":"Викиданные","source_id":"Q932234","license":"CC0 (Викиданные)","confidence":"ok"}},{"type":"Feature","id":"settlements_wd:a38936486cbf","geometry":{"type":"Point","coordinates":[18.346944,54.605278]},"properties":{"uid":"settlements_wd:a38936486cbf","layer":"settlements_wd","layer_title":"Населённые места: год основания","group":"admin","title":"Реда","category":"городская гмина","place_text":"Вейхеровский повят","region":"Вейхеровский повят","year_from":1357,"year_to":1960,"date_precision":"open","date_approx":true,"period_raw":"с 1357","summary":"город и гмина в Вейхеровском повяте Поморского воеводства Польши","url":"https://ru.wikipedia.org/wiki/%D0%A0%D0%B5%D0%B4%D0%B0_(%D0%B3%D0%BE%D1%80%D0%BE%D0%B4)","image_url":"http://commons.wikimedia.org/wiki/Special:FilePath/Ko%C5%9Bci%C3%B3%C5%82%20w%20Redzie.jpg","source":"Викиданные","source_id":"Q936933","license":"CC0 (Викиданные)","confidence":"ok"}},{"type":"Feature","id":"settlements_wd:3a365732ed64","geometry":{"type":"Point","coordinates":[25.7275,50.108056]},"properties":{"uid":"settlements_wd:3a365732ed64","layer":"settlements_wd","layer_title":"Населённые места: год основания","group":"admin","title":"Кременец","category":"город Украины","place_text":"Кременецкая городская община","region":"Кременецкая городская община","year_from":1227,"year_to":1960,"date_precision":"open","date_approx":true,"period_raw":"с 1227","summary":"город в Тернопольской области Украины адм. центр Кременецкого района","url":"https://ru.wikipedia.org/wiki/%D0%9A%D1%80%D0%B5%D0%BC%D0%B5%D0%BD%D0%B5%D1%86","image_url":"http://commons.wikimedia.org/wiki/Special:FilePath/%D0%90%D0%BD%D1%81%D0%B0%D0%BC%D0%B1%D0%BB%D1%8C%20%D0%BA%D0%BE%D0%BB%D0%B5%D0%B3%D1%96%D1%83%D0%BC%D1%83%20%D0%9A%D1%80%D0%B5%D0%BC%D0%B5%D0%BD%D0%B5%D1%86%D1%8C%20DSC7894.jpg","source":"Викиданные","source_id":"Q849116","license":"CC0 (Викиданные)","confidence":"ok"}},{"type":"Feature","id":"settlements_wd:4b4af479d507","geometry":{"type":"Point","coordinates":[26.755,56.607778]},"properties":{"uid":"settlements_wd:4b4af479d507","layer":"settlements_wd","layer_title":"Населённые места: год основания","group":"admin","title":"Варакляны","category":"город под муниципальной юрисдикцией Латвии","place_text":"Мадонский край","region":"Мадонский край","year_from":1928,"year_to":1960,"date_precision":"open","date_approx":true,"period_raw":"с 1928","summary":"город в Латвии, административный центр Вараклянского края","url":"https://ru.wikipedia.org/wiki/%D0%92%D0%B0%D1%80%D0%B0%D0%BA%D0%BB%D1%8F%D0%BD%D1%8B","image_url":"http://commons.wikimedia.org/wiki/Special:FilePath/Varak%C4%BC%C4%81nu%20pils%202015.JPG","source":"Викиданные","source_id":"Q849141","license":"CC0 (Викиданные)","confidence":"ok"}},{"type":"Feature","id":"settlements_wd:590b63011511","geometry":{"type":"Point","coordinates":[26.176111,56.353889]},"properties":{"uid":"settlements_wd:590b63011511","layer":"settlements_wd","layer_title":"Населённые места: год основания","group":"admin","title":"Ливаны","category":"город под муниципальной юрисдикцией Латвии","place_text":"Ливанский край","region":"Ливанский край","year_from":1926,"year_to":1960,"date_precision":"open","date_approx":true,"period_raw":"с 1926","summary":"город в Латвии, административный центр Ливанского края","url":"https://ru.wikipedia.org/wiki/%D0%9B%D0%B8%D0%B2%D0%B0%D0%BD%D1%8B","image_url":"http://commons.wikimedia.org/wiki/Special:FilePath/L%C4%ABv%C4%81ni%20center%20-%20panoramio.jpg","source":"Викиданные","source_id":"Q849156","license":"CC0 (Викиданные)","confidence":"ok"}},{"type":"Feature","id":"settlements_wd:e47936e4dd71","geometry":{"type":"Point","coordinates":[31.539167,46.618611]},"properties":{"uid":"settlements_wd:e47936e4dd71","layer":"settlements_wd","layer_title":"Населённые места: год основания","group":"admin","title":"Очаков","category":"город Украины","place_text":"Очаковский район","region":"Очаковский район","year_from":1492,"year_to":1960,"date_precision":"open","date_approx":true,"period_raw":"с 1492","summary":"город в Николаевском районе Николаевской области Украины","url":"https://ru.wikipedia.org/wiki/%D0%9E%D1%87%D0%B0%D0%BA%D0%BE%D0%B2","image_url":"http://commons.wikimedia.org/wiki/Special:FilePath/Sudkovsky%20museum.JPG","source":"Викиданные","source_id":"Q850072","license":"CC0 (Викиданные)","confidence":"ok"}},{"type":"Feature","id":"settlements_wd:1a5c0c354745","geometry":{"type":"Point","coordinates":[21.81253,53.62744]},"properties":{"uid":"settlements_wd:1a5c0c354745","layer":"settlements_wd","layer_title":"Населённые места: год основания","group":"admin","title":"Пиш","category":"город","place_text":"Пиш","region":"Пиш","year_from":1367,"year_to":1960,"date_precision":"open","date_approx":true,"period_raw":"с 1367","summary":"город в Варминьско-Мазурском воеводстве Польши","url":"https://ru.wikipedia.org/wiki/%D0%9F%D0%B8%D1%88","image_url":"http://commons.wikimedia.org/wiki/Special:FilePath/Town%20hall%20in%20Pisz.jpg","source":"Викиданные","source_id":"Q985005","license":"CC0 (Викиданные)","confidence":"ok"}},{"type":"Feature","id":"settlements_wd:f4ad0b9f2d72","geometry":{"type":"Point","coordinates":[18.6844,50.66897]},"properties":{"uid":"settlements_wd:f4ad0b9f2d72","layer":"settlements_wd","layer_title":"Населённые места: год основания","group":"admin","title":"Люблинец","category":"городская гмина","place_text":"Люблинецкий повят","region":"Люблинецкий повят","year_from":1272,"year_to":1960,"date_precision":"open","date_approx":true,"period_raw":"с 1272","summary":"город и гмина в Польше, входит в Силезское воеводство, Люблинецкий повят","url":"https://ru.wikipedia.org/wiki/%D0%9B%D1%8E%D0%B1%D0%BB%D0%B8%D0%BD%D0%B5%D1%86","image_url":"http://commons.wikimedia.org/wiki/Special:FilePath/Lubliniec%20-%20panoramio%20%2812%29.jpg","source":"Викиданные","source_id":"Q985238","license":"CC0 (Викиданные)","confidence":"ok"}},{"type":"Feature","id":"settlements_wd:3d07f8241f01","geometry":{"type":"Point","coordinates":[20.616667,51.366667]},"properties":{"uid":"settlements_wd:3d07f8241f01","layer":"settlements_wd","layer_title":"Населённые места: год основания","group":"admin","title":"Пшисуха","category":"город","place_text":"Пшисуха","region":"Пшисуха","year_from":1710,"year_to":1960,"date_precision":"open","date_approx":true,"period_raw":"с 1710","summary":"город в Польше, входит в Мазовецкое воеводство, Пшисухский повят","url":"https://ru.wikipedia.org/wiki/%D0%9F%D1%88%D0%B8%D1%81%D1%83%D1%85%D0%B0","image_url":"http://commons.wikimedia.org/wiki/Special:FilePath/Przysucha.Dw%C3%B3r.JPG","source":"Викиданные","source_id":"Q985528","license":"CC0 (Викиданные)","confidence":"ok"}},{"type":"Feature","id":"settlements_wd:dc1faa3f50f9","geometry":{"type":"Point","coordinates":[21.214023,51.984377]},"properties":{"uid":"settlements_wd:dc1faa3f50f9","layer":"settlements_wd","layer_title":"Населённые места: год основания","group":"admin","title":"Гура-Кальвария","category":"город","place_text":"Гура-Кальвария","region":"Гура-Кальвария","year_from":1670,"year_to":1960,"date_precision":"open","date_approx":true,"period_raw":"с 1670","summary":"город в Польше, входит в Мазовецкое воеводство, Пясечинский повят","url":"https://ru.wikipedia.org/wiki/%D0%93%D1%83%D1%80%D0%B0-%D0%9A%D0%B0%D0%BB%D1%8C%D0%B2%D0%B0%D1%80%D0%B8%D1%8F","image_url":"http://commons.wikimedia.org/wiki/Special:FilePath/Ratusz%20G%C3%B3ra%20Kalwaria%2001.jpg","source":"Викиданные","source_id":"Q985642","license":"CC0 (Викиданные)","confidence":"ok"}},{"type":"Feature","id":"settlements_wd:656f7f6de131","geometry":{"type":"Point","coordinates":[23.486503,54.749189]},"properties":{"uid":"settlements_wd:656f7f6de131","layer":"settlements_wd","layer_title":"Населённые места: год основания","group":"admin","title":"Казлу-Руда","category":"город","place_text":"Казлу-Рудское староство","region":"Казлу-Рудское староство","year_from":1744,"year_to":1960,"date_precision":"open","date_approx":true,"period_raw":"с 1744","summary":"город в Литве, административный центр Казлу-Рудского самоуправления","url":"https://ru.wikipedia.org/wiki/%D0%9A%D0%B0%D0%B7%D0%BB%D1%83-%D0%A0%D1%83%D0%B4%D0%B0","image_url":"http://commons.wikimedia.org/wiki/Special:FilePath/Kazlu%20rudos%20baznycia.jpg","source":"Викиданные","source_id":"Q945473","license":"CC0 (Викиданные)","confidence":"ok"}},{"type":"Feature","id":"settlements_wd:4b8f8ea7e4f9","geometry":{"type":"Point","coordinates":[45.921667,41.618611]},"properties":{"uid":"settlements_wd:4b8f8ea7e4f9","layer":"settlements_wd","layer_title":"Населённые места: год основания","group":"admin","title":"Сигнахи","category":"город","place_text":"Сигнахский муниципалитет","region":"Сигнахский муниципалитет","year_from":1762,"year_to":1960,"date_precision":"open","date_approx":true,"period_raw":"с 1762","summary":"город в Грузии","url":"https://ru.wikipedia.org/wiki/%D0%A1%D0%B8%D0%B3%D0%BD%D0%B0%D1%85%D0%B8","image_url":"http://commons.wikimedia.org/wiki/Special:FilePath/Sighnagi%202009.jpg","source":"Викиданные","source_id":"Q946143","license":"CC0 (Викиданные)","confidence":"ok"}},{"type":"Feature","id":"settlements_wd:8ee45c42c1f2","geometry":{"type":"Point","coordinates":[21.41141,50.05146]},"properties":{"uid":"settlements_wd:8ee45c42c1f2","layer":"settlements_wd","layer_title":"Населённые места: год основания","group":"admin","title":"Дембица","category":"городская гмина","place_text":"Дембицкий повят","region":"Дембицкий повят","year_from":1358,"year_to":1960,"date_precision":"open","date_approx":true,"period_raw":"с 1358","summary":"город в Польше, входит в Подкарпатское воеводство, Дембицкий повят","url":"https://ru.wikipedia.org/wiki/%D0%94%D0%B5%D0%BC%D0%B1%D0%B8%D1%86%D0%B0","image_url":"http://commons.wikimedia.org/wiki/Special:FilePath/D%C4%99bicki%20Ratusz.JPG","source":"Викиданные","source_id":"Q947404","license":"CC0 (Викиданные)","confidence":"ok"}},{"type":"Feature","id":"settlements_wd:a11c5856355a","geometry":{"type":"Point","coordinates":[20.69112,53.83055]},"properties":{"uid":"settlements_wd:a11c5856355a","layer":"settlements_wd","layer_title":"Населённые места: год основания","group":"admin","title":"Барчево","category":"город","place_text":"Барчево","region":"Барчево","year_from":1323,"year_to":1960,"date_precision":"open","date_approx":true,"period_raw":"с 1323","summary":"город в Польше, входит в Ольштынский повят Варминьско-Мазурского воеводства","url":"https://ru.wikipedia.org/wiki/%D0%91%D0%B0%D1%80%D1%87%D0%B5%D0%B2%D0%BE","image_url":"http://commons.wikimedia.org/wiki/Special:FilePath/Barczewo%20ratusz%202.jpg","source":"Викиданные","source_id":"Q807991","license":"CC0 (Викиданные)","confidence":"ok"}},{"type":"Feature","id":"settlements_wd:376e34433ba8","geometry":{"type":"Point","coordinates":[20.80819,54.25354]},"properties":{"uid":"settlements_wd:376e34433ba8","layer":"settlements_wd","layer_title":"Населённые места: год основания","group":"admin","title":"Бартошице","category":"городская гмина","place_text":"Бартошицкий повят","region":"Бартошицкий повят","year_from":1240,"year_to":1960,"date_precision":"open","date_approx":true,"period_raw":"с 1240","summary":"город в Польше, входит в Варминьско-Мазурское воеводство, Бартошицкий повят","url":"https://ru.wikipedia.org/wiki/%D0%91%D0%B0%D1%80%D1%82%D0%BE%D1%88%D0%B8%D1%86%D0%B5","image_url":"http://commons.wikimedia.org/wiki/Special:FilePath/Bartoszyce.%20Ko%C5%9Bci%C3%B3%C5%82%20farny%20%C5%9Bw.%20Jana%20Ewangelisty%20i%20MB%20Cz%C4%99stochowskiej%20widziany%20z%20Bramy%20Lidzbarskiej..jpg","source":"Викиданные","source_id":"Q809585","license":"CC0 (Викиданные)","confidence":"ok"}},{"type":"Feature","id":"settlements_wd:7de9be6012d8","geometry":{"type":"Point","coordinates":[37.013056,48.906667]},"properties":{"uid":"settlements_wd:7de9be6012d8","layer":"settlements_wd","layer_title":"Населённые места: год основания","group":"admin","title":"Барвенково","category":"город Украины","place_text":"Барвенковский городской совет","region":"Барвенковский городской совет","year_from":1653,"year_to":1960,"date_precision":"open","date_approx":true,"period_raw":"с 1653","summary":"город в Изюмском районе Харьковской области Украины","url":"https://ru.wikipedia.org/wiki/%D0%91%D0%B0%D1%80%D0%B2%D0%B5%D0%BD%D0%BA%D0%BE%D0%B2%D0%BE","image_url":"http://commons.wikimedia.org/wiki/Special:FilePath/%D0%91%D0%B0%D1%80%D0%B2%D0%B5%D0%BD%D0%BA%D0%BE%D0%B2%D0%BE%20%D0%B7%D0%B8%D0%BC%D0%B0.JPG","source":"Викиданные","source_id":"Q809665","license":"CC0 (Викиданные)","confidence":"ok"}},{"type":"Feature","id":"settlements_wd:3d190c8a005b","geometry":{"type":"Point","coordinates":[28.961389,46.333611]},"properties":{"uid":"settlements_wd:3d190c8a005b","layer":"settlements_wd","layer_title":"Населённые места: год основания","group":"admin","title":"Бессарабка","category":"город","place_text":"Бессарабский район","region":"Бессарабский район","year_from":1849,"year_to":1960,"date_precision":"open","date_approx":true,"period_raw":"с 1849","summary":"город в Молдавии, административный центр Бессарабского района","url":"https://ru.wikipedia.org/wiki/%D0%91%D0%B5%D1%81%D1%81%D0%B0%D1%80%D0%B0%D0%B1%D0%BA%D0%B0","image_url":"http://commons.wikimedia.org/wiki/Special:FilePath/Complexul%20de%20cl%C4%83diri%20al%20nodului%20de%20cale%20ferat%C4%83%20%C3%AEn%20Basarabeasca%202.jpg","source":"Викиданные","source_id":"Q809787","license":"CC0 (Викиданные)","confidence":"ok"}},{"type":"Feature","id":"settlements_wd:3ef8e75390a4","geometry":{"type":"Point","coordinates":[22.666667,50.683333]},"properties":{"uid":"settlements_wd:3ef8e75390a4","layer":"settlements_wd","layer_title":"Населённые места: год основания","group":"admin","title":"Фрамполь","category":"город","place_text":"Фрамполь","region":"Фрамполь","year_from":1705,"year_to":1960,"date_precision":"open","date_approx":true,"period_raw":"с 1705","summary":"город в Польше, входит в Билгорайский повят Люблинского воеводства","url":"https://ru.wikipedia.org/wiki/%D0%A4%D1%80%D0%B0%D0%BC%D0%BF%D0%BE%D0%BB%D1%8C","image_url":"http://commons.wikimedia.org/wiki/Special:FilePath/Frampol%20z%20lotu%20ptaka.jpg","source":"Викиданные","source_id":"Q985646","license":"CC0 (Викиданные)","confidence":"ok"}},{"type":"Feature","id":"settlements_wd:3ba013813588","geometry":{"type":"Point","coordinates":[21.116667,52.083333]},"properties":{"uid":"settlements_wd:3ba013813588","layer":"settlements_wd","layer_title":"Населённые места: год основания","group":"admin","title":"Констанцин-Езёрна","category":"город","place_text":"Констанцин-Езёрна","region":"Констанцин-Езёрна","year_from":1410,"year_to":1960,"date_precision":"open","date_approx":true,"period_raw":"с 1410","summary":"город и гмина в Пясечинском повяте Мазовецкого воеводства Польши","url":"https://ru.wikipedia.org/wiki/%D0%9A%D0%BE%D0%BD%D1%81%D1%82%D0%B0%D0%BD%D1%86%D0%B8%D0%BD-%D0%95%D0%B7%D1%91%D1%80%D0%BD%D0%B0_(%D0%B3%D0%BE%D1%80%D0%BE%D0%B4)","image_url":"http://commons.wikimedia.org/wiki/Special:FilePath/Park%20Zdrojowy%20im.%20hrabiego%20Witolda%20Sk%C3%B3rzewskiego%20w%20Konstancinie-Jeziornie.jpg","source":"Викиданные","source_id":"Q985687","license":"CC0 (Викиданные)","confidence":"ok"}},{"type":"Feature","id":"settlements_wd:f4fc709caef2","geometry":{"type":"Point","coordinates":[62.341667,35.275833]},"properties":{"uid":"settlements_wd:f4fc709caef2","layer":"settlements_wd","layer_title":"Населённые места: год основания","group":"admin","title":"Серхетабад","category":"город","place_text":"Мервский уезд","region":"Мервский уезд","year_from":1890,"year_to":1960,"date_precision":"open","date_approx":true,"period_raw":"с 1890","summary":"город в Марыйском велаяте Туркменистана, самый южный населённый пункт Российской империи, СССР и современного Туркменистана","url":"https://ru.wikipedia.org/wiki/%D0%A1%D0%B5%D1%80%D1%85%D0%B5%D1%82%D0%B0%D0%B1%D0%B0%D0%B4","image_url":"http://commons.wikimedia.org/wiki/Special:FilePath/Southern%20Cross%20of%20the%20Russian%20Empire%20Serhetabat%20Turkmenistan.jpg","source":"Викиданные","source_id":"Q864655","license":"CC0 (Викиданные)","confidence":"ok"}},{"type":"Feature","id":"settlements_wd:18fda5b516e6","geometry":{"type":"Point","coordinates":[33.907781,51.676458]},"properties":{"uid":"settlements_wd:18fda5b516e6","layer":"settlements_wd","layer_title":"Населённые места: год основания","group":"admin","title":"Глухов","category":"город областного значения Украины","place_text":"Глуховская городская община","region":"Глуховская городская община","date_precision":"unknown","date_approx":false,"summary":"город в Шосткинском районе Сумской области Украины","url":"https://ru.wikipedia.org/wiki/%D0%93%D0%BB%D1%83%D1%85%D0%BE%D0%B2","image_url":"http://commons.wikimedia.org/wiki/Special:FilePath/%D0%92%D0%BE%D0%B7%D0%BD%D0%B5%D1%81%D0%B5%D0%BD%D1%81%D1%8C%D0%BA%D0%B0%20%D1%86%D0%B5%D1%80%D0%BA%D0%B2%D0%B0%2C%20%D0%93%D0%BB%D1%83%D1%85%D1%96%D0%B2.JPG","source":"Викиданные","source_id":"Q864827","license":"CC0 (Викиданные)","confidence":"ok"}},{"type":"Feature","id":"settlements_wd:0f10564c78e4","geometry":{"type":"Point","coordinates":[23.966667,50.066667]},"properties":{"uid":"settlements_wd:0f10564c78e4","layer":"settlements_wd","layer_title":"Населённые места: год основания","group":"admin","title":"Жолква","category":"город Украины","place_text":"Жолковская городская община","region":"Жолковская городская община","year_from":1597,"year_to":1960,"date_precision":"open","date_approx":true,"period_raw":"с 1597","summary":"город во Львовском районе Львовской области Украины","url":"https://ru.wikipedia.org/wiki/%D0%96%D0%BE%D0%BB%D0%BA%D0%B2%D0%B0","image_url":"http://commons.wikimedia.org/wiki/Special:FilePath/%C5%BB%C3%B3%C5%82kiew%20-%20Kolegiata%20pw.%20%C5%9Bw.%20Wawrzy%C5%84ca%2001.JPG","source":"Викиданные","source_id":"Q864836","license":"CC0 (Викиданные)","confidence":"ok"}},{"type":"Feature","id":"settlements_wd:839873ba2a43","geometry":{"type":"Point","coordinates":[22.26362,50.49031]},"properties":{"uid":"settlements_wd:839873ba2a43","layer":"settlements_wd","layer_title":"Населённые места: год основания","group":"admin","title":"Улянув","category":"город","place_text":"Улянув","region":"Улянув","year_from":1616,"year_to":1960,"date_precision":"open","date_approx":true,"period_raw":"с 1616","summary":"город в Нисковском повяте Подкарпатского воеводства Польши","url":"https://ru.wikipedia.org/wiki/%D0%A3%D0%BB%D1%8F%D0%BD%D1%83%D0%B2","image_url":"http://commons.wikimedia.org/wiki/Special:FilePath/Ulan%C3%B3w%20-%20zbiornik%20wodny%20i%20budynki%20przy%20ul.%20Podwale%20-%20panorama.jpg","source":"Викиданные","source_id":"Q867437","license":"CC0 (Викиданные)","confidence":"ok"}},{"type":"Feature","id":"settlements_wd:ec405d97246d","geometry":{"type":"Point","coordinates":[34.798889,46.176944]},"properties":{"uid":"settlements_wd:ec405d97246d","layer":"settlements_wd","layer_title":"Населённые места: год основания","group":"admin","title":"Геническ","category":"город Украины","place_text":"Геническая городская община","region":"Геническая городская община","year_from":1784,"year_to":1960,"date_precision":"open","date_approx":true,"period_raw":"с 1784","summary":"город, центр Генического района Херсонской области Украины","url":"https://ru.wikipedia.org/wiki/%D0%93%D0%B5%D0%BD%D0%B8%D1%87%D0%B5%D1%81%D0%BA","image_url":"http://commons.wikimedia.org/wiki/Special:FilePath/%D0%90%D0%B7%D0%BE%D0%B2%D1%81%D1%8C%D0%BA%D0%B5%20%D0%BC%D0%BE%D1%80%D0%B5%20%E2%80%94%20%D0%BD%D0%B0%D1%88%D0%B5%20%D0%B1%D0%B0%D0%B3%D0%B0%D1%82%D1%81%D1%82%D0%B2%D0%BE.jpg","source":"Викиданные","source_id":"Q761130","license":"CC0 (Викиданные)","confidence":"ok"}},{"type":"Feature","id":"settlements_wd:bd5f87f8c273","geometry":{"type":"Point","coordinates":[40.530833,56.194722]},"properties":{"uid":"settlements_wd:bd5f87f8c273","layer":"settlements_wd","layer_title":"Населённые места: год основания","group":"admin","title":"Боголюбово","category":"исторические поселения России","place_text":"Боголюбовское сельское поселение","region":"Боголюбовское сельское поселение","year_from":1158,"year_to":1960,"date_precision":"open","date_approx":true,"period_raw":"с 1158","summary":"посёлок в Суздальском районе Владимирской области России","url":"https://ru.wikipedia.org/wiki/%D0%91%D0%BE%D0%B3%D0%BE%D0%BB%D1%8E%D0%B1%D0%BE%D0%B2%D0%BE","image_url":"http://commons.wikimedia.org/wiki/Special:FilePath/%D0%91%D0%BE%D0%B3%D0%BE%D0%BB%D1%8E%D0%B1%D0%BE%D0%B2%D1%81%D0%BA%D0%B8%D0%B9%20%D0%BC%D0%BE%D0%BD%D0%B0%D1%81%D1%82%D1%8B%D1%80%D1%8C.%20%D0%A1%D1%8A%D0%B5%D0%BC%D0%BA%D0%B0%20%D1%81%20%D0%B2%D0%BE%D0%B7%D0%B4%D1%83%D1%85%D0%B0.4.jpg","source":"Викиданные","source_id":"Q762099","license":"CC0 (Викиданные)","confidence":"ok"}},{"type":"Feature","id":"settlements_wd:5c9107b4b029","geometry":{"type":"Point","coordinates":[65.383333,40.083333]},"properties":{"uid":"settlements_wd:5c9107b4b029","layer":"settlements_wd","layer_title":"Населённые места: год основания","group":"admin","title":"Навои","category":"город","place_text":"Навоийская область","region":"Навоийская область","year_from":1958,"year_to":1960,"date_precision":"open","date_approx":true,"period_raw":"с 1958","summary":"город в Узбекистане, административный центр Навоийского вилоята (области)","url":"https://ru.wikipedia.org/wiki/%D0%9D%D0%B0%D0%B2%D0%BE%D0%B8_(%D0%B3%D0%BE%D1%80%D0%BE%D0%B4)","image_url":"http://commons.wikimedia.org/wiki/Special:FilePath/%D0%93%D0%BE%D1%80%D0%BE%D0%B4%20%D0%9D%D0%B0%D0%B2%D0%BE%D0%B8%2C%20%D0%BF%D1%80%D0%BE%D1%81%D0%BF%D0%B5%D0%BA%D1%82%20%D0%A5%D0%B0%D0%BB%D0%BA%D0%BB%D0%B0%D1%80%20%D0%94%D1%83%D1%81%D1%82%D0%BB%D0%B8%D0%B3%D0%B8.JPG","source":"Викиданные","source_id":"Q763015","license":"CC0 (Викиданные)","confidence":"ok"}},{"type":"Feature","id":"settlements_wd:0caf5c7ce5c1","geometry":{"type":"Point","coordinates":[25.326111,57.896944]},"properties":{"uid":"settlements_wd:0caf5c7ce5c1","layer":"settlements_wd","layer_title":"Населённые места: год основания","group":"admin","title":"Руйиена","category":"город под муниципальной юрисдикцией Латвии","place_text":"Валмиерский край","region":"Валмиерский край","year_from":1920,"year_to":1960,"date_precision":"open","date_approx":true,"period_raw":"с 1920","summary":"город в Латвии","url":"https://ru.wikipedia.org/wiki/%D0%A0%D1%83%D0%B9%D0%B8%D0%B5%D0%BD%D0%B0","image_url":"http://commons.wikimedia.org/wiki/Special:FilePath/R%C5%ABjienas%20pils%C4%93tas%20dome%202000-08-05%20-%20panoramio.jpg","source":"Викиданные","source_id":"Q765976","license":"CC0 (Викиданные)","confidence":"ok"}},{"type":"Feature","id":"settlements_wd:a00ddcee31cf","geometry":{"type":"Point","coordinates":[83.512778,50.344167]},"properties":{"uid":"settlements_wd:a00ddcee31cf","layer":"settlements_wd","layer_title":"Населённые места: год основания","group":"admin","title":"Риддер","category":"город","place_text":"Риддерская городская администрация","region":"Риддерская городская администрация","year_from":1786,"year_to":1960,"date_precision":"open","date_approx":true,"period_raw":"с 1786","summary":"небольшой город в Восточно-Казахстанской области Казахстана","url":"https://ru.wikipedia.org/wiki/%D0%A0%D0%B8%D0%B4%D0%B4%D0%B5%D1%80","image_url":"http://commons.wikimedia.org/wiki/Special:FilePath/%D0%93%D0%BE%D1%80%D0%BE%D0%B4%20%D0%A0%D0%B8%D0%B4%D0%B4%D0%B5%D1%80%20%D0%BD%D0%B0%20%D0%B7%D0%B0%D0%BA%D0%B0%D1%82%D0%B5.jpg","source":"Викиданные","source_id":"Q986100","license":"CC0 (Викиданные)","confidence":"ok"}},{"type":"Feature","id":"settlements_wd:ed49a0aee57d","geometry":{"type":"Point","coordinates":[36.838889,49.456389]},"properties":{"uid":"settlements_wd:ed49a0aee57d","layer":"settlements_wd","layer_title":"Населённые места: год основания","group":"admin","title":"Балаклея","category":"город Украины","place_text":"Балаклейская городская община","region":"Балаклейская городская община","year_from":1663,"year_to":1960,"date_precision":"open","date_approx":true,"period_raw":"с 1663","summary":"город в Харьковской области, Украина, фдм центр Балаклейской городской общины","url":"https://ru.wikipedia.org/wiki/%D0%91%D0%B0%D0%BB%D0%B0%D0%BA%D0%BB%D0%B5%D1%8F","image_url":"http://commons.wikimedia.org/wiki/Special:FilePath/Aerial%20photo%20of%20Balakliia%203.jpg","source":"Викиданные","source_id":"Q986263","license":"CC0 (Викиданные)","confidence":"ok"}},{"type":"Feature","id":"settlements_wd:cb0a2b31c711","geometry":{"type":"Point","coordinates":[21.14585,54.050419]},"properties":{"uid":"settlements_wd:cb0a2b31c711","layer":"settlements_wd","layer_title":"Населённые места: год основания","group":"admin","title":"Решель","category":"город","place_text":"Королевство Пруссия","region":"Королевство Пруссия","year_from":1241,"year_to":1960,"date_precision":"open","date_approx":true,"period_raw":"с 1241","summary":"город в Польше, входит в Варминьско-Мазурское воеводство, Кентшинский повят","url":"https://ru.wikipedia.org/wiki/%D0%A0%D0%B5%D1%88%D0%B5%D0%BB%D1%8C","image_url":"http://commons.wikimedia.org/wiki/Special:FilePath/Reszelska%20Star%C3%B3wka-cz%C4%99%C5%9B%C4%87%20po%C5%82udniowa%202011-10-09%20-%20panoramio.jpg","source":"Викиданные","source_id":"Q986841","license":"CC0 (Викиданные)","confidence":"ok"}},{"type":"Feature","id":"settlements_wd:f63853b79489","geometry":{"type":"Point","coordinates":[21.283333,50.433333]},"properties":{"uid":"settlements_wd:f63853b79489","layer":"settlements_wd","layer_title":"Населённые места: год основания","group":"admin","title":"Поланец","category":"город","place_text":"Поланец","region":"Поланец","year_from":1191,"year_to":1960,"date_precision":"open","date_approx":true,"period_raw":"с 1191","summary":"город в Польше, входит в Сташувский повят Свентокшиского воеводства","url":"https://ru.wikipedia.org/wiki/%D0%9F%D0%BE%D0%BB%D0%B0%D0%BD%D0%B5%D1%86","image_url":"http://commons.wikimedia.org/wiki/Special:FilePath/MOs810%20WG%2038%202024%20%28Wis%C5%82a%20-%20Pog%C3%B3rze%29%20Market%20Square%20in%20Po%C5%82aniec%2005.jpg","source":"Викиданные","source_id":"Q988658","license":"CC0 (Викиданные)","confidence":"ok"}},{"type":"Feature","id":"settlements_wd:3e0a8d3466a0","geometry":{"type":"Point","coordinates":[19.2635,53.60855]},"properties":{"uid":"settlements_wd:3e0a8d3466a0","layer":"settlements_wd","layer_title":"Населённые места: год основания","group":"admin","title":"Киселице","category":"город","place_text":"Киселице","region":"Киселице","year_from":1331,"year_to":1960,"date_precision":"open","date_approx":true,"period_raw":"с 1331","summary":"город в Польше, входит в Варминьско-Мазурское воеводство, Илавский повят","url":"https://ru.wikipedia.org/wiki/%D0%9A%D0%B8%D1%81%D0%B5%D0%BB%D0%B8%D1%86%D0%B5","image_url":"http://commons.wikimedia.org/wiki/Special:FilePath/Kisielice%20church.jpg","source":"Викиданные","source_id":"Q989801","license":"CC0 (Викиданные)","confidence":"ok"}},{"type":"Feature","id":"settlements_wd:9ef0b0990881","geometry":{"type":"Point","coordinates":[26.243194,50.524694]},"properties":{"uid":"settlements_wd:9ef0b0990881","layer":"settlements_wd","layer_title":"Населённые места: год основания","group":"admin","title":"Здолбунов","category":"город Украины","place_text":"Здолбуновская городская община","region":"Здолбуновская городская община","year_from":1497,"year_to":1960,"date_precision":"open","date_approx":true,"period_raw":"с 1497","summary":"город на западе Украины","url":"https://ru.wikipedia.org/wiki/%D0%97%D0%B4%D0%BE%D0%BB%D0%B1%D1%83%D0%BD%D0%BE%D0%B2","image_url":"http://commons.wikimedia.org/wiki/Special:FilePath/Zdolbuniv.jpg","source":"Викиданные","source_id":"Q148979","license":"CC0 (Викиданные)","confidence":"ok"}},{"type":"Feature","id":"settlements_wd:78d0729eab9f","geometry":{"type":"Point","coordinates":[26.443056,50.883333]},"properties":{"uid":"settlements_wd:78d0729eab9f","layer":"settlements_wd","layer_title":"Населённые места: год основания","group":"admin","title":"Костополь","category":"город Украины","place_text":"Костопольский район","region":"Костопольский район","year_from":1598,"year_to":1960,"date_precision":"open","date_approx":true,"period_raw":"с 1598","summary":"город в Ровненском районе Ровненской области Украины","url":"https://ru.wikipedia.org/wiki/%D0%9A%D0%BE%D1%81%D1%82%D0%BE%D0%BF%D0%BE%D0%BB%D1%8C","image_url":"http://commons.wikimedia.org/wiki/Special:FilePath/Kostopil%20Centr.JPG","source":"Викиданные","source_id":"Q148985","license":"CC0 (Викиданные)","confidence":"ok"}},{"type":"Feature","id":"settlements_wd:3611ee5a0770","geometry":{"type":"Point","coordinates":[31.944556,51.819611]},"properties":{"uid":"settlements_wd:3611ee5a0770","layer":"settlements_wd","layer_title":"Населённые места: год основания","group":"admin","title":"Сновск","category":"город Украины","place_text":"Корюковский район","region":"Корюковский район","year_from":1860,"year_to":1960,"date_precision":"open","date_approx":true,"period_raw":"с 1860","summary":"город в Корюковском районе Черниговской области Украины","url":"https://ru.wikipedia.org/wiki/%D0%A1%D0%BD%D0%BE%D0%B2%D1%81%D0%BA","image_url":"http://commons.wikimedia.org/wiki/Special:FilePath/%D0%A1%D0%BD%D0%BE%D0%B2%D1%81%D0%BA%20%D0%B2%D0%BE%D0%BA%D0%B7%D0%B0%D0%BB.jpg","source":"Викиданные","source_id":"Q148990","license":"CC0 (Викиданные)","confidence":"ok"}},{"type":"Feature","id":"settlements_wd:8fb2b6715ffc","geometry":{"type":"Point","coordinates":[32.883333,51.333333]},"properties":{"uid":"settlements_wd:8fb2b6715ffc","layer":"settlements_wd","layer_title":"Населённые места: год основания","group":"admin","title":"Батурин","category":"город Украины","place_text":"Нежинский район","region":"Нежинский район","year_from":1625,"year_to":1960,"date_precision":"open","date_approx":true,"period_raw":"с 1625","summary":"город в Нежинском районе Черниговской области Украины","url":"https://ru.wikipedia.org/wiki/%D0%91%D0%B0%D1%82%D1%83%D1%80%D0%B8%D0%BD","image_url":"http://commons.wikimedia.org/wiki/Special:FilePath/%D0%9D%D0%B0%20%D1%82%D0%B5%D1%80%D0%B8%D1%82%D0%BE%D1%80%D1%96%D1%97%20%D0%91%D0%B0%D1%82%D1%83%D1%80%D0%B8%D0%BD%D1%81%D1%8C%D0%BA%D0%BE%D1%97%20%D1%84%D0%BE%D1%80%D1%82%D0%B5%D1%86%D1%96%20%D0%9F%D0%B0%D0%BD%D0%BE%D1%80%D0%B0%D0%BC%D0%B0.jpg","source":"Викиданные","source_id":"Q149016","license":"CC0 (Викиданные)","confidence":"ok"}},{"type":"Feature","id":"settlements_wd:ac4e62788504","geometry":{"type":"Point","coordinates":[23.866944,47.959722]},"properties":{"uid":"settlements_wd:ac4e62788504","layer":"settlements_wd","layer_title":"Населённые места: год основания","group":"admin","title":"Солотвино","category":"приграничный город","place_text":"Тячевский район","region":"Тячевский район","year_from":1360,"year_to":1960,"date_precision":"open","date_approx":true,"period_raw":"с 1360","summary":"населенный пункт Украина, Закарпатская область","url":"https://ru.wikipedia.org/wiki/%D0%A1%D0%BE%D0%BB%D0%BE%D1%82%D0%B2%D0%B8%D0%BD%D0%BE","image_url":"http://commons.wikimedia.org/wiki/Special:FilePath/Saltlake%20Solotwino.JPG","source":"Викиданные","source_id":"Q918619","license":"CC0 (Викиданные)","confidence":"ok"}},{"type":"Feature","id":"settlements_wd:0a08ce27ac12","geometry":{"type":"Point","coordinates":[38.372167,49.033583]},"properties":{"uid":"settlements_wd:0a08ce27ac12","layer":"settlements_wd","layer_title":"Населённые места: год основания","group":"admin","title":"Рубежное","category":"город Украины","place_text":"Рубежанская городская община","region":"Рубежанская городская община","year_from":1895,"year_to":1960,"date_precision":"open","date_approx":true,"period_raw":"с 1895","summary":"город в Луганской области","url":"https://ru.wikipedia.org/wiki/%D0%A0%D1%83%D0%B1%D0%B5%D0%B6%D0%BD%D0%BE%D0%B5","image_url":"http://commons.wikimedia.org/wiki/Special:FilePath/%D0%91%D1%80%D0%B0%D1%82%D1%81%D1%8C%D0%BA%D0%B0%20%D0%BC%D0%BE%D0%B3%D0%B8%D0%BB%D0%B0%20%D0%B2%D0%BE%D1%97%D0%BD%D1%96%D0%B2%20%D0%A0%D1%83%D0%B1%D1%96%D0%B6%D0%BD%D0%B5%201.jpg","source":"Викиданные","source_id":"Q922375","license":"CC0 (Викиданные)","confidence":"ok"}},{"type":"Feature","id":"settlements_wd:1ce4e6910e96","geometry":{"type":"Point","coordinates":[20.625,52.108889]},"properties":{"uid":"settlements_wd:1ce4e6910e96","layer":"settlements_wd","layer_title":"Населённые места: год основания","group":"admin","title":"Гродзиск-Мазовецкий","category":"город","place_text":"Гродзиск-Мазовецкий","region":"Гродзиск-Мазовецкий","year_from":1522,"year_to":1960,"date_precision":"open","date_approx":true,"period_raw":"с 1522","summary":"город в Польше, входит в Мазовецкое воеводство, Гродзиский повят","url":"https://ru.wikipedia.org/wiki/%D0%93%D1%80%D0%BE%D0%B4%D0%B7%D0%B8%D1%81%D0%BA-%D0%9C%D0%B0%D0%B7%D0%BE%D0%B2%D0%B5%D1%86%D0%BA%D0%B8%D0%B9","image_url":"http://commons.wikimedia.org/wiki/Special:FilePath/Grodzisk%20Maz.%2C%20zdj.110%2C%20plac%20Zygmunta%20Starego%2C%20po%20prawej%20plac%20Wolno%C5%9Bci%20i%20ul.%20H.%C5%9Aienkiewicza.jpg","source":"Викиданные","source_id":"Q924078","license":"CC0 (Викиданные)","confidence":"ok"}},{"type":"Feature","id":"settlements_wd:17655eb952c9","geometry":{"type":"Point","coordinates":[31.455833,49.744722]},"properties":{"uid":"settlements_wd:17655eb952c9","layer":"settlements_wd","layer_title":"Населённые места: год основания","group":"admin","title":"Канев","category":"посёлок городского типа","place_text":"Черкасская область","region":"Черкасская область","year_from":1078,"year_to":1960,"date_precision":"open","date_approx":true,"period_raw":"с 1078","summary":"город в Черкасском районе Черкасской области Украины","url":"https://ru.wikipedia.org/wiki/%D0%9A%D0%B0%D0%BD%D0%B5%D0%B2","image_url":"http://commons.wikimedia.org/wiki/Special:FilePath/Heorhiivskyi%20%28Uspenskyi%29%20Cathedral%2C%20Kaniv.jpg","source":"Викиданные","source_id":"Q925340","license":"CC0 (Викиданные)","confidence":"ok"}},{"type":"Feature","id":"settlements_wd:ff203465e4de","geometry":{"type":"Point","coordinates":[21.551111,51.585556]},"properties":{"uid":"settlements_wd:ff203465e4de","layer":"settlements_wd","layer_title":"Населённые места: год основания","group":"admin","title":"Козенице","category":"город","place_text":"Козенице","region":"Козенице","year_from":1206,"year_to":1960,"date_precision":"open","date_approx":true,"period_raw":"с 1206","summary":"город в Польше, входит в Мазовецкое воеводство, Козеницкий повят","url":"https://ru.wikipedia.org/wiki/%D0%9A%D0%BE%D0%B7%D0%B5%D0%BD%D0%B8%D1%86%D0%B5","image_url":"http://commons.wikimedia.org/wiki/Special:FilePath/Kozienice.Zesp%C3%B3%C5%82%20pa%C5%82acowy%2001.jpg","source":"Викиданные","source_id":"Q990651","license":"CC0 (Викиданные)","confidence":"ok"}},{"type":"Feature","id":"settlements_wd:7b5a9020f09d","geometry":{"type":"Point","coordinates":[20.948333,49.624444]},"properties":{"uid":"settlements_wd:7b5a9020f09d","layer":"settlements_wd","layer_title":"Населённые места: год основания","group":"admin","title":"Грыбув","category":"городская гмина","place_text":"Новосонченский повет","region":"Новосонченский повет","year_from":1340,"year_to":1960,"date_precision":"open","date_approx":true,"period_raw":"с 1340","summary":"город в Польше, входит в Новосонченский повят Малопольского воеводства","url":"https://ru.wikipedia.org/wiki/%D0%93%D1%80%D1%8B%D0%B1%D1%83%D0%B2","image_url":"http://commons.wikimedia.org/wiki/Special:FilePath/Jaworze%20%28szczyt%29%20%2C%20widok%20na%20Gryb%C3%B3w%20%28HB7%29.jpg","source":"Викиданные","source_id":"Q990669","license":"CC0 (Викиданные)","confidence":"ok"}},{"type":"Feature","id":"settlements_wd:f0c75f45305a","geometry":{"type":"Point","coordinates":[19.751667,53.505]},"properties":{"uid":"settlements_wd:f0c75f45305a","layer":"settlements_wd","layer_title":"Населённые места: год основания","group":"admin","title":"Любава","category":"городская гмина","place_text":"Любава","region":"Любава","year_from":1216,"year_to":1960,"date_precision":"open","date_approx":true,"period_raw":"с 1216","summary":"город в Польше, входит в Илавский повят Варминьско-Мазурскщгщ воеводства","url":"https://ru.wikipedia.org/wiki/%D0%9B%D1%8E%D0%B1%D0%B0%D0%B2%D0%B0","image_url":"http://commons.wikimedia.org/wiki/Special:FilePath/Fontanna%20na%20rynku%20w%20Lubawie%201.jpg","source":"Викиданные","source_id":"Q987188","license":"CC0 (Викиданные)","confidence":"ok"}},{"type":"Feature","id":"settlements_wd:5500830ca15a","geometry":{"type":"Point","coordinates":[38.897389,49.282861]},"properties":{"uid":"settlements_wd:5500830ca15a","layer":"settlements_wd","layer_title":"Населённые места: год основания","group":"admin","title":"Старобельск","category":"город","place_text":"Старобельский район","region":"Старобельский район","year_from":1686,"year_to":1960,"date_precision":"open","date_approx":true,"period_raw":"с 1686","summary":"город в Луганской области Украины","url":"https://ru.wikipedia.org/wiki/%D0%A1%D1%82%D0%B0%D1%80%D0%BE%D0%B1%D0%B5%D0%BB%D1%8C%D1%81%D0%BA","image_url":"http://commons.wikimedia.org/wiki/Special:FilePath/Starobilsk%20university.jpg","source":"Викиданные","source_id":"Q987345","license":"CC0 (Викиданные)","confidence":"ok"}},{"type":"Feature","id":"settlements_wd:34b87eea2fbe","geometry":{"type":"Point","coordinates":[21.248611,51.308889]},"properties":{"uid":"settlements_wd:34b87eea2fbe","layer":"settlements_wd","layer_title":"Населённые места: год основания","group":"admin","title":"Скарышев","category":"город","place_text":"Скарышев","region":"Скарышев","year_from":1198,"year_to":1960,"date_precision":"open","date_approx":true,"period_raw":"с 1198","summary":"город в Польше, входит в Радомский повят Мазовецкого воеводства","url":"https://ru.wikipedia.org/wiki/%D0%A1%D0%BA%D0%B0%D1%80%D1%8B%D1%88%D0%B5%D0%B2","image_url":"http://commons.wikimedia.org/wiki/Special:FilePath/Skaryszew%20-%20mazowieckie%20%281%29.JPG","source":"Викиданные","source_id":"Q991895","license":"CC0 (Викиданные)","confidence":"ok"}},{"type":"Feature","id":"settlements_wd:c3beec4f6bad","geometry":{"type":"Point","coordinates":[20.46229,50.80021]},"properties":{"uid":"settlements_wd:c3beec4f6bad","layer":"settlements_wd","layer_title":"Населённые места: год основания","group":"admin","title":"Хенцины","category":"город","place_text":"Хенцины","region":"Хенцины","year_from":1275,"year_to":1960,"date_precision":"open","date_approx":true,"period_raw":"с 1275","summary":"город в Польше, входит в Келецкий повят Свентокшиского воеводства","url":"https://ru.wikipedia.org/wiki/%D0%A5%D0%B5%D0%BD%D1%86%D0%B8%D0%BD%D1%8B","image_url":"http://commons.wikimedia.org/wiki/Special:FilePath/20180817%20Ch%C4%99ciny%20-%20widok%20z%20zamku%20-%201122%209051%20DxO.jpg","source":"Викиданные","source_id":"Q991924","license":"CC0 (Викиданные)","confidence":"ok"}},{"type":"Feature","id":"settlements_wd:2df105781f1c","geometry":{"type":"Point","coordinates":[20.749722,50.611667]},"properties":{"uid":"settlements_wd:2df105781f1c","layer":"settlements_wd","layer_title":"Населённые места: год основания","group":"admin","title":"Хмельник","category":"город","place_text":"Хмельник","region":"Хмельник","year_from":1551,"year_to":1960,"date_precision":"open","date_approx":true,"period_raw":"с 1551","summary":"город в Польше, Свентокшиское воеводство, Келецкий повят, Хмельник","url":"https://ru.wikipedia.org/wiki/%D0%A5%D0%BC%D0%B5%D0%BB%D1%8C%D0%BD%D0%B8%D0%BA_(%D0%9F%D0%BE%D0%BB%D1%8C%D1%88%D0%B0)","image_url":"http://commons.wikimedia.org/wiki/Special:FilePath/Market%20Square%20in%20Chmielnik%20%283%29.jpg","source":"Викиданные","source_id":"Q991973","license":"CC0 (Викиданные)","confidence":"ok"}},{"type":"Feature","id":"settlements_wd:e9d68071d6a5","geometry":{"type":"Point","coordinates":[19.316667,50.116667]},"properties":{"uid":"settlements_wd:e9d68071d6a5","layer":"settlements_wd","layer_title":"Населённые места: год основания","group":"admin","title":"Либёнж","category":"город","place_text":"Либёнж","region":"Либёнж","year_from":1243,"year_to":1960,"date_precision":"open","date_approx":true,"period_raw":"с 1243","summary":"город в Польше, входит в Хшанувский повят Малопольского воеводства","url":"https://ru.wikipedia.org/wiki/%D0%9B%D0%B8%D0%B1%D1%91%D0%BD%D0%B6","image_url":"http://commons.wikimedia.org/wiki/Special:FilePath/Libi%C4%85%C5%BC%20-%20zegar%20fontanna.jpg","source":"Викиданные","source_id":"Q991998","license":"CC0 (Викиданные)","confidence":"ok"}},{"type":"Feature","id":"settlements_wd:e5481a610f80","geometry":{"type":"Point","coordinates":[35.516389,50.160833]},"properties":{"uid":"settlements_wd:e5481a610f80","layer":"settlements_wd","layer_title":"Населённые места: год основания","group":"admin","title":"Богодухов","category":"город Украины","place_text":"Богодуховский район","region":"Богодуховский район","year_from":1662,"year_to":1960,"date_precision":"open","date_approx":true,"period_raw":"с 1662","summary":"город в Харьковской области Украины, адм. центр Богодуховского района","url":"https://ru.wikipedia.org/wiki/%D0%91%D0%BE%D0%B3%D0%BE%D0%B4%D1%83%D1%85%D0%BE%D0%B2","image_url":"http://commons.wikimedia.org/wiki/Special:FilePath/Bohodukhiv%20%28railway%20station%29.jpg","source":"Викиданные","source_id":"Q889930","license":"CC0 (Викиданные)","confidence":"ok"}},{"type":"Feature","id":"settlements_wd:c8ad6b205096","geometry":{"type":"Point","coordinates":[28.610028,45.682833]},"properties":{"uid":"settlements_wd:c8ad6b205096","layer":"settlements_wd","layer_title":"Населённые места: год основания","group":"admin","title":"Болград","category":"город Украины","place_text":"Болградская городская община","region":"Болградская городская община","year_from":1821,"year_to":1960,"date_precision":"open","date_approx":true,"period_raw":"с 1821","summary":"город в Одесской области Украин, адм. центр Болградского района","url":"https://ru.wikipedia.org/wiki/%D0%91%D0%BE%D0%BB%D0%B3%D1%80%D0%B0%D0%B4","image_url":"http://commons.wikimedia.org/wiki/Special:FilePath/Rathaus%20Bolgrad%2003.jpg","source":"Викиданные","source_id":"Q890122","license":"CC0 (Викиданные)","confidence":"ok"}},{"type":"Feature","id":"settlements_wd:8ca62b1d42c4","geometry":{"type":"Point","coordinates":[19.964722,53.696667]},"properties":{"uid":"settlements_wd:8ca62b1d42c4","layer":"settlements_wd","layer_title":"Населённые места: год основания","group":"admin","title":"Оструда","category":"городская гмина","place_text":"Восточная Пруссия","region":"Восточная Пруссия","year_from":1329,"year_to":1960,"date_precision":"open","date_approx":true,"period_raw":"с 1329","summary":"город на севере Польши","url":"https://ru.wikipedia.org/wiki/%D0%9E%D1%81%D1%82%D1%80%D1%83%D0%B4%D0%B0","image_url":"http://commons.wikimedia.org/wiki/Special:FilePath/Skyline%20of%20Ostr%C3%B3da.jpg","source":"Викиданные","source_id":"Q899751","license":"CC0 (Викиданные)","confidence":"ok"}},{"type":"Feature","id":"settlements_wd:665bb0628a0c","geometry":{"type":"Point","coordinates":[46.3325,43.508889]},"properties":{"uid":"settlements_wd:665bb0628a0c","layer":"settlements_wd","layer_title":"Населённые места: год основания","group":"admin","title":"Шелковская","category":"город","place_text":"Шелковское сельское поселение","region":"Шелковское сельское поселение","year_from":1718,"year_to":1960,"date_precision":"open","date_approx":true,"period_raw":"с 1718","summary":"город в Чечне России, центр Шелковского района","url":"https://ru.wikipedia.org/wiki/%D0%A8%D0%B5%D0%BB%D0%BA%D0%BE%D0%B2%D1%81%D0%BA%D0%B0%D1%8F","image_url":"http://commons.wikimedia.org/wiki/Special:FilePath/%D0%A8%D0%B5%D0%BB%D0%BA%D0%BE%D0%B2%D1%81%D0%BA%D0%B5%D1%80%D0%B0%20%D0%BC%D0%B0%D1%8C%D0%B6%D0%B4%D0%B8%D0%B3%20%28%D1%84%D0%B0%D0%B9%D0%BB%202%29.jpg","source":"Викиданные","source_id":"Q906612","license":"CC0 (Викиданные)","confidence":"ok"}},{"type":"Feature","id":"settlements_wd:8517e1a25f63","geometry":{"type":"Point","coordinates":[36.468056,45.338611]},"properties":{"uid":"settlements_wd:8517e1a25f63","layer":"settlements_wd","layer_title":"Населённые места: год основания","group":"admin","title":"Пантикапей","category":"полис","place_text":"Керчь","region":"Керчь","date_precision":"unknown","date_approx":false,"summary":"милетская колония в Крыму, на месте современной Керчи","url":"https://ru.wikipedia.org/wiki/%D0%9F%D0%B0%D0%BD%D1%82%D0%B8%D0%BA%D0%B0%D0%BF%D0%B5%D0%B9","image_url":"http://commons.wikimedia.org/wiki/Special:FilePath/%D0%90%D1%80%D1%85%D1%96%D1%82%D0%B5%D0%BA%D1%82%D1%83%D1%80%D0%BD%D0%BE-%D0%B0%D1%80%D1%85%D0%B5%D0%BE%D0%BB%D0%BE%D0%B3%D1%96%D1%87%D0%BD%D0%B8%D0%B9%20%D0%BA%D0%BE%D0%BC%D0%BF%D0%BB%D0%B5%D0%BA%D1%81%20%C2%AB%D0%A1%D1%82%D0%B0%D1%80%D0%BE%D0%B4%D0%B0%D0%B2%D0%BD%D1%94%20%D0%BC%D1%96%D1%81%D1%82%D0%BE%20%D0%9F%D0%B0%D0%BD%D1%82%D1%96%D0%BA%D0%B0%D0%BF%D0%B5%D0%B9%C2%BB.JPG","source":"Викиданные","source_id":"Q906661","license":"CC0 (Викиданные)","confidence":"ok"}},{"type":"Feature","id":"settlements_wd:d38b78301480","geometry":{"type":"Point","coordinates":[20.283333,51.383333]},"properties":{"uid":"settlements_wd:d38b78301480","layer":"settlements_wd","layer_title":"Населённые места: год основания","group":"admin","title":"Опочно","category":"город","place_text":"Опочно","region":"Опочно","year_from":1400,"year_to":1960,"date_precision":"open","date_approx":true,"period_raw":"с 1400","summary":"город в Польше, входит в Лодзинское воеводство, центр Опочненского повята","url":"https://ru.wikipedia.org/wiki/%D0%9E%D0%BF%D0%BE%D1%87%D0%BD%D0%BE","image_url":"http://commons.wikimedia.org/wiki/Special:FilePath/Opoczno%20ko%C5%9Bcio%C5%82%20%C5%9Bw%20Bart%C5%82omieja%2006%2023.jpg","source":"Викиданные","source_id":"Q994271","license":"CC0 (Викиданные)","confidence":"ok"}},{"type":"Feature","id":"settlements_wd:677b39640b7d","geometry":{"type":"Point","coordinates":[33.375,46.755]},"properties":{"uid":"settlements_wd:677b39640b7d","layer":"settlements_wd","layer_title":"Населённые места: год основания","group":"admin","title":"Новая Каховка","category":"город Украины","place_text":"Новокаховская городская община","region":"Новокаховская городская община","year_from":1952,"year_to":1960,"date_precision":"open","date_approx":true,"period_raw":"с 1952","summary":"город в Херсонской области Украины","url":"https://ru.wikipedia.org/wiki/%D0%9D%D0%BE%D0%B2%D0%B0%D1%8F_%D0%9A%D0%B0%D1%85%D0%BE%D0%B2%D0%BA%D0%B0","image_url":"http://commons.wikimedia.org/wiki/Special:FilePath/View%20of%20Nova%20Kakhovka.jpg","source":"Викиданные","source_id":"Q987491","license":"CC0 (Викиданные)","confidence":"ok"}},{"type":"Feature","id":"settlements_wd:8c1722e047d5","geometry":{"type":"Point","coordinates":[20.283333,52.816667]},"properties":{"uid":"settlements_wd:8c1722e047d5","layer":"settlements_wd","layer_title":"Населённые места: год основания","group":"admin","title":"Глиноецк","category":"город","place_text":"Глиноецк","region":"Глиноецк","year_from":1400,"year_to":1960,"date_precision":"open","date_approx":true,"period_raw":"с 1400","summary":"город и гмина в Цеханувском повяте Мазовецкого воеводства Польши","url":"https://ru.wikipedia.org/wiki/%D0%93%D0%BB%D0%B8%D0%BD%D0%BE%D0%B5%D1%86%D0%BA","image_url":"http://commons.wikimedia.org/wiki/Special:FilePath/GLINOJECK%20001%20Ko%C5%9Bci%C3%B3%C5%82%20p.w.%20Chrystusa%20Odkupiciela.jpg","source":"Викиданные","source_id":"Q988185","license":"CC0 (Викиданные)","confidence":"ok"}},{"type":"Feature","id":"settlements_wd:f66dd6afd9af","geometry":{"type":"Point","coordinates":[36.616667,55.1]},"properties":{"uid":"settlements_wd:f66dd6afd9af","layer":"settlements_wd","layer_title":"Населённые места: год основания","group":"admin","title":"Обнинск","category":"город","place_text":"Городской округ город Обнинск","region":"Городской округ город Обнинск","year_from":1946,"year_to":1960,"date_precision":"open","date_approx":true,"period_raw":"с 1946","summary":"город в городском округе город Обнинск Калужской области России","url":"https://ru.wikipedia.org/wiki/%D0%9E%D0%B1%D0%BD%D0%B8%D0%BD%D1%81%D0%BA","image_url":"http://commons.wikimedia.org/wiki/Special:FilePath/Obninsk2016.jpg","source":"Викиданные","source_id":"Q175651","license":"CC0 (Викиданные)","confidence":"ok"}},{"type":"Feature","id":"settlements_wd:bca7778b9d5a","geometry":{"type":"Point","coordinates":[19.592778,53.423889]},"properties":{"uid":"settlements_wd:bca7778b9d5a","layer":"settlements_wd","layer_title":"Населённые места: год основания","group":"admin","title":"Нове-Място-Любавске","category":"городская гмина","place_text":"Новомястский повят","region":"Новомястский повят","year_from":1325,"year_to":1960,"date_precision":"open","date_approx":true,"period_raw":"с 1325","summary":"ород в Польше, входит в Варминьско-Мазурское воеводство, Новомястский повят","url":"https://ru.wikipedia.org/wiki/%D0%9D%D0%BE%D0%B2%D0%B5-%D0%9C%D1%8F%D1%81%D1%82%D0%BE-%D0%9B%D1%8E%D0%B1%D0%B0%D0%B2%D1%81%D0%BA%D0%B5","image_url":"http://commons.wikimedia.org/wiki/Special:FilePath/Rynek%20w%20Nowym%20Mie%C5%9Bcie%20Lubawskim.jpg","source":"Викиданные","source_id":"Q176229","license":"CC0 (Викиданные)","confidence":"ok"}},{"type":"Feature","id":"settlements_wd:9b9b6f9c1ac5","geometry":{"type":"Point","coordinates":[53.483333,54.483333]},"properties":{"uid":"settlements_wd:9b9b6f9c1ac5","layer":"settlements_wd","layer_title":"Населённые места: год основания","group":"admin","title":"Октябрьский","category":"большой город","place_text":"Городской округ город Октябрьский","region":"Городской округ город Октябрьский","year_from":1937,"year_to":1960,"date_precision":"open","date_approx":true,"period_raw":"с 1937","summary":"город в Башкортостане, Россия","url":"https://ru.wikipedia.org/wiki/%D0%9E%D0%BA%D1%82%D1%8F%D0%B1%D1%80%D1%8C%D1%81%D0%BA%D0%B8%D0%B9_(%D0%B3%D0%BE%D1%80%D0%BE%D0%B4)","image_url":"http://commons.wikimedia.org/wiki/Special:FilePath/1891744%20original.jpg","source":"Викиданные","source_id":"Q176325","license":"CC0 (Викиданные)","confidence":"ok"}},{"type":"Feature","id":"settlements_wd:eb3e4d57ec98","geometry":{"type":"Point","coordinates":[23.722111,56.9665]},"properties":{"uid":"settlements_wd:eb3e4d57ec98","layer":"settlements_wd","layer_title":"Населённые места: год основания","group":"admin","title":"Юрмала","category":"курортный город","place_text":"Латвия","region":"Латвия","year_from":1785,"year_to":1960,"date_precision":"open","date_approx":true,"period_raw":"с 1785","summary":"город республиканского подчинения в Латвии","url":"https://ru.wikipedia.org/wiki/%D0%AE%D1%80%D0%BC%D0%B0%D0%BB%D0%B0","image_url":"http://commons.wikimedia.org/wiki/Special:FilePath/Emilija%20Racene%20Former%20Establishment%2C%20Jurmala%2C%20Latvia.jpg","source":"Викиданные","source_id":"Q178382","license":"CC0 (Викиданные)","confidence":"ok"}},{"type":"Feature","id":"settlements_wd:fe0af7bff4f4","geometry":{"type":"Point","coordinates":[20.85,51.233333]},"properties":{"uid":"settlements_wd:fe0af7bff4f4","layer":"settlements_wd","layer_title":"Населённые места: год основания","group":"admin","title":"Шидловец","category":"город","place_text":"Шидловец","region":"Шидловец","year_from":1427,"year_to":1960,"date_precision":"open","date_approx":true,"period_raw":"с 1427","summary":"город в Польше, входит в Мазовецкое воеводство, Шидловецкий повят","url":"https://ru.wikipedia.org/wiki/%D0%A8%D0%B8%D0%B4%D0%BB%D0%BE%D0%B2%D0%B5%D1%86","image_url":"http://commons.wikimedia.org/wiki/Special:FilePath/Szydlowiec%20church%20town%20hall%20edited.jpg","source":"Викиданные","source_id":"Q974977","license":"CC0 (Викиданные)","confidence":"ok"}},{"type":"Feature","id":"settlements_wd:6e375c3c4106","geometry":{"type":"Point","coordinates":[20.366667,53.116667]},"properties":{"uid":"settlements_wd:6e375c3c4106","layer":"settlements_wd","layer_title":"Населённые места: год основания","group":"admin","title":"Млава","category":"город","place_text":"Млавский повят","region":"Млавский повят","year_from":1429,"year_to":1960,"date_precision":"open","date_approx":true,"period_raw":"с 1429","summary":"город в Польше, входит в Мазовецкое воеводство, Млавский повят","url":"https://ru.wikipedia.org/wiki/%D0%9C%D0%BB%D0%B0%D0%B2%D0%B0","image_url":"http://commons.wikimedia.org/wiki/Special:FilePath/Ratusz%20M%C5%82awa%20StaryRynek.jpg","source":"Викиданные","source_id":"Q983868","license":"CC0 (Викиданные)","confidence":"ok"}},{"type":"Feature","id":"settlements_wd:db5c53de2ead","geometry":{"type":"Point","coordinates":[19.53953,50.06056]},"properties":{"uid":"settlements_wd:db5c53de2ead","layer":"settlements_wd","layer_title":"Населённые места: год основания","group":"admin","title":"Альверня","category":"город","place_text":"Альверня","region":"Альверня","year_from":1616,"year_to":1960,"date_precision":"open","date_approx":true,"period_raw":"с 1616","summary":"город в Польше, входит в Хшанувский повят Малопольского воеводства","url":"https://ru.wikipedia.org/wiki/%D0%90%D0%BB%D1%8C%D0%B2%D0%B5%D1%80%D0%BD%D1%8F","image_url":"http://commons.wikimedia.org/wiki/Special:FilePath/A-664%20Alwernia%2C%20zesp%C3%B3%C5%82%20klasztorny%20bernardyn%C3%B3w%20-%20dom%20opata.jpg","source":"Викиданные","source_id":"Q983896","license":"CC0 (Викиданные)","confidence":"ok"}},{"type":"Feature","id":"settlements_wd:2c29eefda1b6","geometry":{"type":"Point","coordinates":[37.613913,49.711403]},"properties":{"uid":"settlements_wd:2c29eefda1b6","layer":"settlements_wd","layer_title":"Населённые места: год основания","group":"admin","title":"Купянск","category":"город областного значения Украины","place_text":"Купянская городская община","region":"Купянская городская община","year_from":1655,"year_to":1960,"date_precision":"open","date_approx":true,"period_raw":"с 1655","summary":"город в Харьковской области Украины адм. центр Купянского района","url":"https://ru.wikipedia.org/wiki/%D0%9A%D1%83%D0%BF%D1%8F%D0%BD%D1%81%D0%BA","image_url":"http://commons.wikimedia.org/wiki/Special:FilePath/Kupiansk%20St%20Nicholas%20Church.jpg","source":"Викиданные","source_id":"Q889555","license":"CC0 (Викиданные)","confidence":"ok"}},{"type":"Feature","id":"settlements_wd:4e7bc4cc4cef","geometry":{"type":"Point","coordinates":[32.5,47.683333]},"properties":{"uid":"settlements_wd:4e7bc4cc4cef","layer":"settlements_wd","layer_title":"Населённые места: год основания","group":"admin","title":"Новый Буг","category":"город Украины","place_text":"Новобужская городская община","region":"Новобужская городская община","year_from":1772,"year_to":1960,"date_precision":"open","date_approx":true,"period_raw":"с 1772","summary":"город в Баштанском районе Николаевской области Украины","url":"https://ru.wikipedia.org/wiki/%D0%9D%D0%BE%D0%B2%D1%8B%D0%B9_%D0%91%D1%83%D0%B3","image_url":"http://commons.wikimedia.org/wiki/Special:FilePath/%D0%9D%D0%BE%D0%B2%D0%B8%D0%B9%20%D0%91%D1%83%D0%B3%20%D0%B2%D1%83%D0%BB%D0%B8%D1%86%D1%8F.JPG","source":"Викиданные","source_id":"Q889563","license":"CC0 (Викиданные)","confidence":"ok"}},{"type":"Feature","id":"settlements_wd:587c6ceb027e","geometry":{"type":"Point","coordinates":[29.116667,48.1]},"properties":{"uid":"settlements_wd:587c6ceb027e","layer":"settlements_wd","layer_title":"Населённые места: год основания","group":"admin","title":"Кодыма","category":"город Украины","place_text":"Кодымская городская община","region":"Кодымская городская община","year_from":1754,"year_to":1960,"date_precision":"open","date_approx":true,"period_raw":"с 1754","summary":"город в Подольском районе Одесской области Украины","url":"https://ru.wikipedia.org/wiki/%D0%9A%D0%BE%D0%B4%D1%8B%D0%BC%D0%B0_(%D0%B3%D0%BE%D1%80%D0%BE%D0%B4)","image_url":"http://commons.wikimedia.org/wiki/Special:FilePath/%D0%A1%D0%BF%D0%B0%D1%81%D0%BE-%D0%9A%D1%80%D0%B5%D1%81%D1%82%D0%BE-%D0%92%D0%BE%D0%B7%D0%B4%D0%B2%D0%B8%D0%B6%D0%B5%D0%BD%D1%81%D0%BA%D0%B8%D0%B9%20%D1%85%D1%80%D0%B0%D0%BC.jpg","source":"Викиданные","source_id":"Q889573","license":"CC0 (Викиданные)","confidence":"ok"}},{"type":"Feature","id":"settlements_wd:a0f31edd7a37","geometry":{"type":"Point","coordinates":[36.214167,49.386944]},"properties":{"uid":"settlements_wd:a0f31edd7a37","layer":"settlements_wd","layer_title":"Населённые места: год основания","group":"admin","title":"Златополь","category":"город областного значения Украины","place_text":"Первомайская городская община","region":"Первомайская городская община","year_from":1869,"year_to":1960,"date_precision":"open","date_approx":true,"period_raw":"с 1869","summary":"город в Лозовском районе Харьковской области Украины","url":"https://ru.wikipedia.org/wiki/%D0%97%D0%BB%D0%B0%D1%82%D0%BE%D0%BF%D0%BE%D0%BB%D1%8C_(%D0%A5%D0%B0%D1%80%D1%8C%D0%BA%D0%BE%D0%B2%D1%81%D0%BA%D0%B0%D1%8F_%D0%BE%D0%B1%D0%BB%D0%B0%D1%81%D1%82%D1%8C)","image_url":"http://commons.wikimedia.org/wiki/Special:FilePath/Railway%20Station%20Pervomaiski.jpg","source":"Викиданные","source_id":"Q889579","license":"CC0 (Викиданные)","confidence":"ok"}},{"type":"Feature","id":"settlements_wd:c62926f113eb","geometry":{"type":"Point","coordinates":[21.385556,52.882778]},"properties":{"uid":"settlements_wd:c62926f113eb","layer":"settlements_wd","layer_title":"Населённые места: год основания","group":"admin","title":"Ружан","category":"город","place_text":"Ружан","region":"Ружан","year_from":1387,"year_to":1960,"date_precision":"open","date_approx":true,"period_raw":"с 1387","summary":"город в Польше, входит в Мазовецкое воеводство, Макувский повят","url":"https://ru.wikipedia.org/wiki/%D0%A0%D1%83%D0%B6%D0%B0%D0%BD","image_url":"http://commons.wikimedia.org/wiki/Special:FilePath/R%C3%B3%C5%BCan%20p.jpg","source":"Викиданные","source_id":"Q995141","license":"CC0 (Викиданные)","confidence":"ok"}},{"type":"Feature","id":"settlements_wd:b01685adf353","geometry":{"type":"Point","coordinates":[34.248813,48.481236]},"properties":{"uid":"settlements_wd:b01685adf353","layer":"settlements_wd","layer_title":"Населённые места: год основания","group":"admin","title":"Верховцево","category":"посёлок городского типа","place_text":"Каменский район","region":"Каменский район","year_from":1884,"year_to":1960,"date_precision":"open","date_approx":true,"period_raw":"с 1884","summary":"город в Каменском районе Днепропетровской области Украины","url":"https://ru.wikipedia.org/wiki/%D0%92%D0%B5%D1%80%D1%85%D0%BE%D0%B2%D1%86%D0%B5%D0%B2%D0%BE","image_url":"http://commons.wikimedia.org/wiki/Special:FilePath/%D0%91%D1%83%D0%B4%D0%B8%D0%BD%D0%BE%D0%BA%20%D0%B2%D0%BE%D0%BA%D0%B7%D0%B0%D0%BB%D1%83%200917.jpg","source":"Викиданные","source_id":"Q995147","license":"CC0 (Викиданные)","confidence":"ok"}},{"type":"Feature","id":"settlements_wd:cbae1afed36f","geometry":{"type":"Point","coordinates":[23.4,53.733333]},"properties":{"uid":"settlements_wd:cbae1afed36f","layer":"settlements_wd","layer_title":"Населённые места: год основания","group":"admin","title":"Липск","category":"город","place_text":"Липск","region":"Липск","year_from":1580,"year_to":1960,"date_precision":"open","date_approx":true,"period_raw":"с 1580","summary":"город на востоке Польши","url":"https://ru.wikipedia.org/wiki/%D0%9B%D0%B8%D0%BF%D1%81%D0%BA_(%D0%B3%D0%BE%D1%80%D0%BE%D0%B4)","image_url":"http://commons.wikimedia.org/wiki/Special:FilePath/Lipsk%20nad%20Biebrz%C4%85%2017.07.2009%20p.jpg","source":"Викиданные","source_id":"Q995145","license":"CC0 (Викиданные)","confidence":"ok"}},{"type":"Feature","id":"settlements_wd:7e3a54eec790","geometry":{"type":"Point","coordinates":[33.466667,46.8]},"properties":{"uid":"settlements_wd:7e3a54eec790","layer":"settlements_wd","layer_title":"Населённые места: год основания","group":"admin","title":"Каховка","category":"город Украины","place_text":"Каховская городская община","region":"Каховская городская община","year_from":1791,"year_to":1960,"date_precision":"open","date_approx":true,"period_raw":"с 1791","summary":"город в Херсонской области Украины","url":"https://ru.wikipedia.org/wiki/%D0%9A%D0%B0%D1%85%D0%BE%D0%B2%D0%BA%D0%B0","image_url":"http://commons.wikimedia.org/wiki/Special:FilePath/%D0%9A%D0%B0%D1%85%D0%BE%D0%B2%D0%BA%D0%B0.%20%D0%91%D1%83%D0%B4%D0%B8%D0%BD%D0%BE%D0%BA%20%D0%BA%D0%BE%D0%BB%D0%B8%D1%88%D0%BD%D1%8C%D0%BE%D1%97%20%D0%B6%D1%96%D0%BD%D0%BE%D1%87%D0%BE%D1%97%20%D0%B3%D1%96%D0%BC%D0%BD%D0%B0%D0%B7%D1%96%D1%97%2C%20%D0%B2%D1%83%D0%BB.%20%D0%9B%D1%83%D0%BD%D0%B0%D1%87%D0%B0%D1%80%D1%81%D1%8C%D0%BA%D0%BE%D0%B3%D0%BE%207.JPG","source":"Викиданные","source_id":"Q995152","license":"CC0 (Викиданные)","confidence":"ok"}},{"type":"Feature","id":"settlements_wd:c69e9e3846ea","geometry":{"type":"Point","coordinates":[22.591944,57.370556]},"properties":{"uid":"settlements_wd:c69e9e3846ea","layer":"settlements_wd","layer_title":"Населённые места: год основания","group":"admin","title":"Валдемарпилс","category":"город под муниципальной юрисдикцией Латвии","place_text":"Талсинский край","region":"Талсинский край","year_from":1917,"year_to":1960,"date_precision":"open","date_approx":true,"period_raw":"с 1917","summary":"город в Талсинском крае Латвии","url":"https://ru.wikipedia.org/wiki/%D0%92%D0%B0%D0%BB%D0%B4%D0%B5%D0%BC%D0%B0%D1%80%D0%BF%D0%B8%D0%BB%D1%81","image_url":"http://commons.wikimedia.org/wiki/Special:FilePath/Valdemarpils%20luteranu%20baznica%202.jpg","source":"Викиданные","source_id":"Q846341","license":"CC0 (Викиданные)","confidence":"ok"}},{"type":"Feature","id":"settlements_wd:e4a5e8ac634b","geometry":{"type":"Point","coordinates":[68.269167,43.301944]},"properties":{"uid":"settlements_wd:e4a5e8ac634b","layer":"settlements_wd","layer_title":"Населённые места: год основания","group":"admin","title":"Туркестан","category":"город","place_text":"Туркестанская городская администрация","region":"Туркестанская городская администрация","date_precision":"unknown","date_approx":false,"summary":"город и административный центр Туркестанской области Казахстана","url":"https://ru.wikipedia.org/wiki/%D0%A2%D1%83%D1%80%D0%BA%D0%B5%D1%81%D1%82%D0%B0%D0%BD_(%D0%B3%D0%BE%D1%80%D0%BE%D0%B4)","image_url":"http://commons.wikimedia.org/wiki/Special:FilePath/Turk22.jpg","source":"Викиданные","source_id":"Q848638","license":"CC0 (Викиданные)","confidence":"ok"}},{"type":"Feature","id":"settlements_wd:77c371daf04c","geometry":{"type":"Point","coordinates":[21.466667,49.733333]},"properties":{"uid":"settlements_wd:77c371daf04c","layer":"settlements_wd","layer_title":"Населённые места: год основания","group":"admin","title":"Ясло","category":"городская гмина","place_text":"Ясленский повет","region":"Ясленский повет","year_from":1365,"year_to":1960,"date_precision":"open","date_approx":true,"period_raw":"с 1365","summary":"город в Польше, входит в Подкарпатское воеводство, Ясленский повят","url":"https://ru.wikipedia.org/wiki/%D0%AF%D1%81%D0%BB%D0%BE","image_url":"http://commons.wikimedia.org/wiki/Special:FilePath/Jas%C5%82o%20collage1.JPG","source":"Викиданные","source_id":"Q848983","license":"CC0 (Викиданные)","confidence":"ok"}},{"type":"Feature","id":"settlements_wd:7b7349e3f496","geometry":{"type":"Point","coordinates":[25.721667,56.616111]},"properties":{"uid":"settlements_wd:7b7349e3f496","layer":"settlements_wd","layer_title":"Населённые места: год основания","group":"admin","title":"Плявиняс","category":"город под муниципальной юрисдикцией Латвии","place_text":"Айзкраукльский край","region":"Айзкраукльский край","year_from":1927,"year_to":1960,"date_precision":"open","date_approx":true,"period_raw":"с 1927","summary":"город в Латвии, административный центр Плявинского края","url":"https://ru.wikipedia.org/wiki/%D0%9F%D0%BB%D1%8F%D0%B2%D0%B8%D0%BD%D1%8F%D1%81","image_url":"http://commons.wikimedia.org/wiki/Special:FilePath/P%C4%BCavi%C5%86u%20luter%C4%81%C5%86u%20bazn%C4%ABca%20%283%29.jpg","source":"Викиданные","source_id":"Q567747","license":"CC0 (Викиданные)","confidence":"ok"}},{"type":"Feature","id":"settlements_wd:62761a5ecd35","geometry":{"type":"Point","coordinates":[66.833333,39.05]},"properties":{"uid":"settlements_wd:62761a5ecd35","layer":"settlements_wd","layer_title":"Населённые места: год основания","group":"admin","title":"Шахрисабз","category":"город","place_text":"Кашкадарьинская область","region":"Кашкадарьинская область","date_precision":"unknown","date_approx":false,"summary":"город в Кашкадарьинской области, Узбекистан","url":"https://ru.wikipedia.org/wiki/%D0%A8%D0%B0%D1%85%D1%80%D0%B8%D1%81%D0%B0%D0%B1%D0%B7","image_url":"http://commons.wikimedia.org/wiki/Special:FilePath/Ensemble%20Dorout%20Tilovat%20%28Shahrisabz%29%20%286018370667%29.jpg","source":"Викиданные","source_id":"Q569766","license":"CC0 (Викиданные)","confidence":"ok"}},{"type":"Feature","id":"settlements_wd:06c102af4e8e","geometry":{"type":"Point","coordinates":[20.2,52.391667]},"properties":{"uid":"settlements_wd:06c102af4e8e","layer":"settlements_wd","layer_title":"Населённые места: год основания","group":"admin","title":"Вышогруд","category":"город","place_text":"Вышогруд","region":"Вышогруд","year_from":1065,"year_to":1960,"date_precision":"open","date_approx":true,"period_raw":"с 1065","summary":"город в Польше, входит в Мазовецкое воеводство, Плоцкий повят","url":"https://ru.wikipedia.org/wiki/%D0%92%D1%8B%D1%88%D0%BE%D0%B3%D1%80%D1%83%D0%B4","image_url":"http://commons.wikimedia.org/wiki/Special:FilePath/Wyszogr%C3%B3d%20z%20drona.jpg","source":"Викиданные","source_id":"Q569804","license":"CC0 (Викиданные)","confidence":"ok"}},{"type":"Feature","id":"settlements_wd:d2eea3d1e852","geometry":{"type":"Point","coordinates":[19.821111,53.260278]},"properties":{"uid":"settlements_wd:d2eea3d1e852","layer":"settlements_wd","layer_title":"Населённые места: год основания","group":"admin","title":"Лидзбарк","category":"город","place_text":"Лидзбарк","region":"Лидзбарк","year_from":1301,"year_to":1960,"date_precision":"open","date_approx":true,"period_raw":"с 1301","summary":"город в Польше, входит в Дзялдовский повят Варминьско-Мазурского воеводства","url":"https://ru.wikipedia.org/wiki/%D0%9B%D0%B8%D0%B4%D0%B7%D0%B1%D0%B0%D1%80%D0%BA","image_url":"http://commons.wikimedia.org/wiki/Special:FilePath/Plac%20hallera%20w%20lidzbarku.jpg","source":"Викиданные","source_id":"Q1005464","license":"CC0 (Викиданные)","confidence":"ok"}},{"type":"Feature","id":"settlements_wd:da6e6e3f4089","geometry":{"type":"Point","coordinates":[23.228056,54.414722]},"properties":{"uid":"settlements_wd:da6e6e3f4089","layer":"settlements_wd","layer_title":"Населённые места: год основания","group":"admin","title":"Калвария","category":"город","place_text":"Калварийское старовство","region":"Калварийское старовство","year_from":1667,"year_to":1960,"date_precision":"open","date_approx":true,"period_raw":"с 1667","summary":"город в Литве","url":"https://ru.wikipedia.org/wiki/%D0%9A%D0%B0%D0%BB%D0%B2%D0%B0%D1%80%D0%B8%D1%8F","image_url":"http://commons.wikimedia.org/wiki/Special:FilePath/Kalvarija%20Church%2001.jpg","source":"Викиданные","source_id":"Q1004298","license":"CC0 (Викиданные)","confidence":"ok"}},{"type":"Feature","id":"settlements_wd:82b0002e328a","geometry":{"type":"Point","coordinates":[23.866667,54.816667]},"properties":{"uid":"settlements_wd:82b0002e328a","layer":"settlements_wd","layer_title":"Населённые места: год основания","group":"admin","title":"Гарлява","category":"город","place_text":"Каунасское районное самоуправление","region":"Каунасское районное самоуправление","year_from":1809,"year_to":1960,"date_precision":"open","date_approx":true,"period_raw":"с 1809","summary":"город в Литве","url":"https://ru.wikipedia.org/wiki/%D0%93%D0%B0%D1%80%D0%BB%D1%8F%D0%B2%D0%B0","image_url":"http://commons.wikimedia.org/wiki/Special:FilePath/La%20katolika%20kirko%20de%20Garliava%20a.jpg","source":"Викиданные","source_id":"Q1004312","license":"CC0 (Викиданные)","confidence":"ok"}},{"type":"Feature","id":"settlements_wd:c4552cb28dce","geometry":{"type":"Point","coordinates":[38.493792,48.742058]},"properties":{"uid":"settlements_wd:c4552cb28dce","layer":"settlements_wd","layer_title":"Населённые места: год основания","group":"admin","title":"Горское","category":"город","place_text":"Горская городская община","region":"Горская городская община","year_from":1898,"year_to":1960,"date_precision":"open","date_approx":true,"period_raw":"с 1898","summary":"город в Северодонецком районе Луганской области","url":"https://ru.wikipedia.org/wiki/%D0%93%D0%BE%D1%80%D1%81%D0%BA%D0%BE%D0%B5_(%D0%B3%D0%BE%D1%80%D0%BE%D0%B4)","image_url":"http://commons.wikimedia.org/wiki/Special:FilePath/44-238-0003%2C%20%D0%91%D1%80%D0%B0%D1%82%D1%81%D1%8C%D0%BA%D0%B0%20%D0%BC%D0%BE%D0%B3%D0%B8%D0%BB%D0%B0%20%D1%80%D0%B0%D0%B4%D1%8F%D0%BD%D1%81%D1%8C%D0%BA%D0%B8%D1%85%20%D0%B2%D0%BE%D1%97%D0%BD%D1%96%D0%B2%2C%20%D0%BC.%D0%93%D1%96%D1%80%D1%81%D1%8C%D0%BA%D0%B5%20%281%29.jpg","source":"Викиданные","source_id":"Q1004740","license":"CC0 (Викиданные)","confidence":"ok"}},{"type":"Feature","id":"settlements_wd:d27935cb5182","geometry":{"type":"Point","coordinates":[18.766667,49.916667]},"properties":{"uid":"settlements_wd:d27935cb5182","layer":"settlements_wd","layer_title":"Населённые места: год основания","group":"admin","title":"Струмень","category":"город","place_text":"Струмень","region":"Струмень","year_from":1223,"year_to":1960,"date_precision":"open","date_approx":true,"period_raw":"с 1223","summary":"город и гмина в Польше, входит в Цешинский повят Силезского воеводства","url":"https://ru.wikipedia.org/wiki/%D0%A1%D1%82%D1%80%D1%83%D0%BC%D0%B5%D0%BD%D1%8C","image_url":"http://commons.wikimedia.org/wiki/Special:FilePath/Strumie%C5%84%20Rynek%20z%20ratuszem.jpg","source":"Викиданные","source_id":"Q1005359","license":"CC0 (Викиданные)","confidence":"ok"}},{"type":"Feature","id":"settlements_wd:e4b4b6bc25da","geometry":{"type":"Point","coordinates":[28.843889,48.979444]},"properties":{"uid":"settlements_wd:e4b4b6bc25da","layer":"settlements_wd","layer_title":"Населённые места: год основания","group":"admin","title":"Немиров","category":"посёлок городского типа Украины","place_text":"Брацлавское воеводство","region":"Брацлавское воеводство","year_from":1506,"year_to":1960,"date_precision":"open","date_approx":true,"period_raw":"с 1506","summary":"город в Винницком районе Винницкой области Украины","url":"https://ru.wikipedia.org/wiki/%D0%9D%D0%B5%D0%BC%D0%B8%D1%80%D0%BE%D0%B2_(%D0%B3%D0%BE%D1%80%D0%BE%D0%B4)","image_url":"http://commons.wikimedia.org/wiki/Special:FilePath/Nemyriv2.jpg","source":"Викиданные","source_id":"Q997335","license":"CC0 (Викиданные)","confidence":"ok"}},{"type":"Feature","id":"settlements_wd:7b68e9271b76","geometry":{"type":"Point","coordinates":[23.616667,50.25]},"properties":{"uid":"settlements_wd:7b68e9271b76","layer":"settlements_wd","layer_title":"Населённые места: год основания","group":"admin","title":"Рава-Русская","category":"приграничный город","place_text":"Рава-Русская городская община","region":"Рава-Русская городская община","year_from":1455,"year_to":1960,"date_precision":"open","date_approx":true,"period_raw":"с 1455","summary":"город во Львовском районе Львовской области Украины","url":"https://ru.wikipedia.org/wiki/%D0%A0%D0%B0%D0%B2%D0%B0-%D0%A0%D1%83%D1%81%D1%81%D0%BA%D0%B0%D1%8F","image_url":"http://commons.wikimedia.org/wiki/Special:FilePath/22%20Hrushevskoho%20Street%2C%20Rava-Ruska%20%2801%29.jpg","source":"Викиданные","source_id":"Q997343","license":"CC0 (Викиданные)","confidence":"ok"}},{"type":"Feature","id":"settlements_wd:aa5745837f4f","geometry":{"type":"Point","coordinates":[26.64,50.33]},"properties":{"uid":"settlements_wd:aa5745837f4f","layer":"settlements_wd","layer_title":"Населённые места: год основания","group":"admin","title":"Нетешин","category":"город областного значения Украины","place_text":"Хмельницкая область","region":"Хмельницкая область","year_from":1542,"year_to":1960,"date_precision":"open","date_approx":true,"period_raw":"с 1542","summary":"город в Шепетовском районе Хмельницкой области Украины","url":"https://ru.wikipedia.org/wiki/%D0%9D%D0%B5%D1%82%D0%B5%D1%88%D0%B8%D0%BD","image_url":"http://commons.wikimedia.org/wiki/Special:FilePath/Netishyn%20Khmelnytskyi%20Oblast%20%28province%29.jpg","source":"Викиданные","source_id":"Q997371","license":"CC0 (Викиданные)","confidence":"ok"}},{"type":"Feature","id":"settlements_wd:455989fa325a","geometry":{"type":"Point","coordinates":[27.166667,50.616667]},"properties":{"uid":"settlements_wd:455989fa325a","layer":"settlements_wd","layer_title":"Населённые места: год основания","group":"admin","title":"Корец","category":"город Украины","place_text":"Волынское воеводство","region":"Волынское воеводство","year_from":1150,"year_to":1960,"date_precision":"open","date_approx":true,"period_raw":"с 1150","summary":"город в Ровненском районе Ровненской области Украины","url":"https://ru.wikipedia.org/wiki/%D0%9A%D0%BE%D1%80%D0%B5%D1%86","image_url":"http://commons.wikimedia.org/wiki/Special:FilePath/%D0%A6%D0%B5%D0%BD%D1%82%D1%80%D0%B0%D0%BB%D1%8C%D0%BD%D0%B0%20%D0%BF%D0%BB%D0%BE%D1%89%D0%B0%20%D0%9A%D0%BE%D1%80%D1%86%D1%8F.jpg","source":"Викиданные","source_id":"Q997398","license":"CC0 (Викиданные)","confidence":"ok"}},{"type":"Feature","id":"settlements_wd:aba1319c9dd5","geometry":{"type":"Point","coordinates":[86.109444,54.285278]},"properties":{"uid":"settlements_wd:aba1319c9dd5","layer":"settlements_wd","layer_title":"Населённые места: год основания","group":"admin","title":"Бачатский","category":"населённый пункт","place_text":"Беловский городской округ","region":"Беловский городской округ","year_from":1949,"year_to":1960,"date_precision":"open","date_approx":true,"period_raw":"с 1949","summary":"посёлок городского типа в Беловском городском округе Кемеровской области России","url":"https://ru.wikipedia.org/wiki/%D0%91%D0%B0%D1%87%D0%B0%D1%82%D1%81%D0%BA%D0%B8%D0%B9","image_url":"http://commons.wikimedia.org/wiki/Special:FilePath/Church%20in%20Bachatskiy.jpg","source":"Викиданные","source_id":"Q810890","license":"CC0 (Викиданные)","confidence":"ok"}},{"type":"Feature","id":"settlements_wd:0ee93f15a7e5","geometry":{"type":"Point","coordinates":[69.229167,40.225833]},"properties":{"uid":"settlements_wd:0ee93f15a7e5","layer":"settlements_wd","layer_title":"Населённые места: год основания","group":"admin","title":"Бекабад","category":"город","place_text":"Ташкентская область","region":"Ташкентская область","year_from":1899,"year_to":1960,"date_precision":"open","date_approx":true,"period_raw":"с 1899","summary":"город в Ташкентской области Узбекистана","url":"https://ru.wikipedia.org/wiki/%D0%91%D0%B5%D0%BA%D0%B0%D0%B1%D0%B0%D0%B4","image_url":"http://commons.wikimedia.org/wiki/Special:FilePath/Church%20in%20Bekobod%2001-01.JPG","source":"Викиданные","source_id":"Q815053","license":"CC0 (Викиданные)","confidence":"ok"}},{"type":"Feature","id":"settlements_wd:c27eb9bac297","geometry":{"type":"Point","coordinates":[30.907507,47.200204]},"properties":{"uid":"settlements_wd:c27eb9bac297","layer":"settlements_wd","layer_title":"Населённые места: год основания","group":"admin","title":"Березовка","category":"город Украины","place_text":"Березовская городская община","region":"Березовская городская община","year_from":1802,"year_to":1960,"date_precision":"open","date_approx":true,"period_raw":"с 1802","summary":"город на Украине, Одесская область, Березовский район","url":"https://ru.wikipedia.org/wiki/%D0%91%D0%B5%D1%80%D0%B5%D0%B7%D0%BE%D0%B2%D0%BA%D0%B0_(%D0%B3%D0%BE%D1%80%D0%BE%D0%B4,_%D0%A3%D0%BA%D1%80%D0%B0%D0%B8%D0%BD%D0%B0)","image_url":"http://commons.wikimedia.org/wiki/Special:FilePath/Morning%20in%20Berezivka.jpg","source":"Викиданные","source_id":"Q819103","license":"CC0 (Викиданные)","confidence":"ok"}},{"type":"Feature","id":"settlements_wd:4e3c7e5036f6","geometry":{"type":"Point","coordinates":[25.116667,50.35]},"properties":{"uid":"settlements_wd:4e3c7e5036f6","layer":"settlements_wd","layer_title":"Населённые места: год основания","group":"admin","title":"Берестечко","category":"город Украины","place_text":"Берестечковская городская община","region":"Берестечковская городская община","year_from":1445,"year_to":1960,"date_precision":"open","date_approx":true,"period_raw":"с 1445","summary":"город в Луцком районе Волынской области Украины","url":"https://ru.wikipedia.org/wiki/%D0%91%D0%B5%D1%80%D0%B5%D1%81%D1%82%D0%B5%D1%87%D0%BA%D0%BE","image_url":"http://commons.wikimedia.org/wiki/Special:FilePath/Berestechko%20Troyits%27ka%20Tserkva%2001%20%28YDS%207926%29.jpg","source":"Викиданные","source_id":"Q819126","license":"CC0 (Викиданные)","confidence":"ok"}},{"type":"Feature","id":"settlements_wd:9df5082c0082","geometry":{"type":"Point","coordinates":[29.5325,48.372778]},"properties":{"uid":"settlements_wd:9df5082c0082","layer":"settlements_wd","layer_title":"Населённые места: год основания","group":"admin","title":"Бершадь","category":"посёлок городского типа Украины","place_text":"Бершадский район","region":"Бершадский район","year_from":1459,"year_to":1960,"date_precision":"open","date_approx":true,"period_raw":"с 1459","summary":"город в Гайсинском районе Винницкой области Украины","url":"https://ru.wikipedia.org/wiki/%D0%91%D0%B5%D1%80%D1%88%D0%B0%D0%B4%D1%8C","image_url":"http://commons.wikimedia.org/wiki/Special:FilePath/1866233%20original%20Bershad.jpg","source":"Викиданные","source_id":"Q827229","license":"CC0 (Викиданные)","confidence":"ok"}},{"type":"Feature","id":"settlements_wd:553e123ce58c","geometry":{"type":"Point","coordinates":[34.018908,48.482411]},"properties":{"uid":"settlements_wd:553e123ce58c","layer":"settlements_wd","layer_title":"Населённые места: год основания","group":"admin","title":"Вольногорск","category":"город областного значения Украины","place_text":"Каменский район","region":"Каменский район","year_from":1956,"year_to":1960,"date_precision":"open","date_approx":true,"period_raw":"с 1956","summary":"город в Каменском районе Днепропетровской области Украины","url":"https://ru.wikipedia.org/wiki/%D0%92%D0%BE%D0%BB%D1%8C%D0%BD%D0%BE%D0%B3%D0%BE%D1%80%D1%81%D0%BA","image_url":"http://commons.wikimedia.org/wiki/Special:FilePath/Train%20station%20%28Vilnohirsk%29.jpg","source":"Викиданные","source_id":"Q577225","license":"CC0 (Викиданные)","confidence":"ok"}},{"type":"Feature","id":"settlements_wd:ea355389a82a","geometry":{"type":"Point","coordinates":[22.65,52.4]},"properties":{"uid":"settlements_wd:ea355389a82a","layer":"settlements_wd","layer_title":"Населённые места: год основания","group":"admin","title":"Дрохичин","category":"город","place_text":"Дрохичин","region":"Дрохичин","year_from":1498,"year_to":1960,"date_precision":"open","date_approx":true,"period_raw":"с 1498","summary":"город в Польше в составе Семятыченского повята Подляского воеводства","url":"https://ru.wikipedia.org/wiki/%D0%94%D1%80%D0%BE%D1%85%D0%B8%D1%87%D0%B8%D0%BD","image_url":"http://commons.wikimedia.org/wiki/Special:FilePath/Drohiczyn%20Zesp%C3%B3%C5%82%20klasztorny%20jezuit%C3%B3w%2006.jpg","source":"Викиданные","source_id":"Q769631","license":"CC0 (Викиданные)","confidence":"ok"}},{"type":"Feature","id":"settlements_wd:8188ffa1d615","geometry":{"type":"Point","coordinates":[19.22333,49.88214]},"properties":{"uid":"settlements_wd:8188ffa1d615","layer":"settlements_wd","layer_title":"Населённые места: год основания","group":"admin","title":"Кенты","category":"город","place_text":"Освенцимский повет","region":"Освенцимский повет","year_from":1238,"year_to":1960,"date_precision":"open","date_approx":true,"period_raw":"с 1238","summary":"город на юге Польши","url":"https://ru.wikipedia.org/wiki/%D0%9A%D0%B5%D0%BD%D1%82%D1%8B","image_url":"http://commons.wikimedia.org/wiki/Special:FilePath/Rynek%20w%20Ketach.JPG","source":"Викиданные","source_id":"Q773227","license":"CC0 (Викиданные)","confidence":"ok"}},{"type":"Feature","id":"settlements_wd:4c8edb9dd70d","geometry":{"type":"Point","coordinates":[20.791944,53.651111]},"properties":{"uid":"settlements_wd:4c8edb9dd70d","layer":"settlements_wd","layer_title":"Населённые места: год основания","group":"admin","title":"Пасым","category":"город","place_text":"Пасым","region":"Пасым","year_from":1386,"year_to":1960,"date_precision":"open","date_approx":true,"period_raw":"с 1386","summary":"город в Польше, входит в Варминьско-Мазурское воеводство, Щитненский повят","url":"https://ru.wikipedia.org/wiki/%D0%9F%D0%B0%D1%81%D1%8B%D0%BC","image_url":"http://commons.wikimedia.org/wiki/Special:FilePath/Town%20Hall%20in%20Pasym.jpg","source":"Викиданные","source_id":"Q1005483","license":"CC0 (Викиданные)","confidence":"ok"}},{"type":"Feature","id":"settlements_wd:df7dbfceeb21","geometry":{"type":"Point","coordinates":[35.598547,47.203786]},"properties":{"uid":"settlements_wd:df7dbfceeb21","layer":"settlements_wd","layer_title":"Населённые места: год основания","group":"admin","title":"Молочанск","category":"город Украины","place_text":"Молочанский городской совет","region":"Молочанский городской совет","year_from":1803,"year_to":1960,"date_precision":"open","date_approx":true,"period_raw":"с 1803","summary":"город в Пологовском районе Запорожской области","url":"https://ru.wikipedia.org/wiki/%D0%9C%D0%BE%D0%BB%D0%BE%D1%87%D0%B0%D0%BD%D1%81%D0%BA","image_url":"http://commons.wikimedia.org/wiki/Special:FilePath/Molochans%27k%20Nimets%27ka%20Shkola%2003%20Shevchenka%20%28YDS%208689%29.JPG","source":"Викиданные","source_id":"Q1006629","license":"CC0 (Викиданные)","confidence":"ok"}},{"type":"Feature","id":"settlements_wd:0a33cf08b2f7","geometry":{"type":"Point","coordinates":[20.069178,54.009114]},"properties":{"uid":"settlements_wd:0a33cf08b2f7","layer":"settlements_wd","layer_title":"Населённые места: год основания","group":"admin","title":"Милаково","category":"город","place_text":"Милаково","region":"Милаково","year_from":1315,"year_to":1960,"date_precision":"open","date_approx":true,"period_raw":"с 1315","summary":"город в Польше, входит в Острудский повят Варминьско-Мазурского воеводства","url":"https://ru.wikipedia.org/wiki/%D0%9C%D0%B8%D0%BB%D0%B0%D0%BA%D0%BE%D0%B2%D0%BE","image_url":"http://commons.wikimedia.org/wiki/Special:FilePath/MOs810%20WG%2023%202023%20Prusy%20Dolne%20%28Center%20of%20Mi%C5%82akowo%29%20%281%29.jpg","source":"Викиданные","source_id":"Q1006813","license":"CC0 (Викиданные)","confidence":"ok"}},{"type":"Feature","id":"settlements_wd:2ae8ca0928ca","geometry":{"type":"Point","coordinates":[24.309444,49.41]},"properties":{"uid":"settlements_wd:2ae8ca0928ca","layer":"settlements_wd","layer_title":"Населённые места: год основания","group":"admin","title":"Ходоров","category":"город Украины","place_text":"Ходоровская городская община","region":"Ходоровская городская община","year_from":1394,"year_to":1960,"date_precision":"open","date_approx":true,"period_raw":"с 1394","summary":"город в Стрыйском районе Львовской области Украины","url":"https://ru.wikipedia.org/wiki/%D0%A5%D0%BE%D0%B4%D0%BE%D1%80%D0%BE%D0%B2","image_url":"http://commons.wikimedia.org/wiki/Special:FilePath/Khodoriv.png","source":"Викиданные","source_id":"Q997404","license":"CC0 (Викиданные)","confidence":"ok"}},{"type":"Feature","id":"settlements_wd:61911d2f0753","geometry":{"type":"Point","coordinates":[30.321667,50.1775]},"properties":{"uid":"settlements_wd:61911d2f0753","layer":"settlements_wd","layer_title":"Населённые места: год основания","group":"admin","title":"Васильков","category":"посёлок городского типа Украины","place_text":"Киевская область","region":"Киевская область","date_precision":"unknown","date_approx":false,"summary":"город в Киевской области Украины","url":"https://ru.wikipedia.org/wiki/%D0%92%D0%B0%D1%81%D0%B8%D0%BB%D1%8C%D0%BA%D0%BE%D0%B2","image_url":"http://commons.wikimedia.org/wiki/Special:FilePath/%D0%9C%D0%B8%D0%BA%D0%BE%D0%BB%D0%B0%D1%97%D0%B2%D1%81%D1%8C%D0%BA%D0%B0%20%D1%86%D0%B5%D1%80%D0%BA%D0%B2%D0%B0.JPG","source":"Викиданные","source_id":"Q997421","license":"CC0 (Викиданные)","confidence":"ok"}},{"type":"Feature","id":"settlements_wd:c2e4cfae37ca","geometry":{"type":"Point","coordinates":[27.220833,49.755556]},"properties":{"uid":"settlements_wd:c2e4cfae37ca","layer":"settlements_wd","layer_title":"Населённые места: год основания","group":"admin","title":"Староконстантинов","category":"населённый пункт","place_text":"Староконстантиновский уезд","region":"Староконстантиновский уезд","year_from":1561,"year_to":1960,"date_precision":"open","date_approx":true,"period_raw":"с 1561","summary":"город в Хмельницком районе Хмельницкой области Украины","url":"https://ru.wikipedia.org/wiki/%D0%A1%D1%82%D0%B0%D1%80%D0%BE%D0%BA%D0%BE%D0%BD%D1%81%D1%82%D0%B0%D0%BD%D1%82%D0%B8%D0%BD%D0%BE%D0%B2","image_url":"http://commons.wikimedia.org/wiki/Special:FilePath/%D0%A6%D0%B5%D0%BD%D1%82%D1%80%D0%B0%D0%BB%D1%8C%D0%BD%D0%B0%20%D0%B2%D1%83%D0%BB%D0%B8%D1%86%D1%8F%20%D0%A1%D1%82%D0%B0%D1%80%D0%BE%D0%BA%D0%BE%D1%81%D1%82%D1%8F%D0%BD%D1%82%D0%B8%D0%BD%D0%BE%D0%B2%D0%B0.jpg","source":"Викиданные","source_id":"Q997429","license":"CC0 (Викиданные)","confidence":"ok"}},{"type":"Feature","id":"settlements_wd:91ad52643541","geometry":{"type":"Point","coordinates":[31.781667,50.256944]},"properties":{"uid":"settlements_wd:91ad52643541","layer":"settlements_wd","layer_title":"Населённые места: год основания","group":"admin","title":"Яготин","category":"посёлок городского типа","place_text":"Киевское воеводство","region":"Киевское воеводство","year_from":1552,"year_to":1960,"date_precision":"open","date_approx":true,"period_raw":"с 1552","summary":"город в Бориспольском районе Киевской области Украины","url":"https://ru.wikipedia.org/wiki/%D0%AF%D0%B3%D0%BE%D1%82%D0%B8%D0%BD","image_url":"http://commons.wikimedia.org/wiki/Special:FilePath/Train%20station%20in%20Yahotyn2.jpg","source":"Викиданные","source_id":"Q997434","license":"CC0 (Викиданные)","confidence":"ok"}},{"type":"Feature","id":"settlements_wd:3177e61733bd","geometry":{"type":"Point","coordinates":[22.30362,54.30631]},"properties":{"uid":"settlements_wd:3177e61733bd","layer":"settlements_wd","layer_title":"Населённые места: год основания","group":"admin","title":"Голдап","category":"город","place_text":"Голдап","region":"Голдап","year_from":1570,"year_to":1960,"date_precision":"open","date_approx":true,"period_raw":"с 1570","summary":"город в Польше, входит в Варминьско-Мазурское воеводство, Голдапский повят","url":"https://ru.wikipedia.org/wiki/%D0%93%D0%BE%D0%BB%D0%B4%D0%B0%D0%BF","image_url":"http://commons.wikimedia.org/wiki/Special:FilePath/Wie%C5%BCa%20ci%C5%9Bnie%C5%84%20w%20Go%C5%82dapi.jpg","source":"Викиданные","source_id":"Q947414","license":"CC0 (Викиданные)","confidence":"ok"}},{"type":"Feature","id":"settlements_wd:c7f019a81547","geometry":{"type":"Point","coordinates":[21.16035,49.65563]},"properties":{"uid":"settlements_wd:c7f019a81547","layer":"settlements_wd","layer_title":"Населённые места: год основания","group":"admin","title":"Горлице","category":"городская гмина","place_text":"Горлицкий повет","region":"Горлицкий повет","year_from":1354,"year_to":1960,"date_precision":"open","date_approx":true,"period_raw":"с 1354","summary":"город в Польше, входит в Малопольское воеводство, Горлицкий повет","url":"https://ru.wikipedia.org/wiki/%D0%93%D0%BE%D1%80%D0%BB%D0%B8%D1%86%D0%B5","image_url":"http://commons.wikimedia.org/wiki/Special:FilePath/Gorlice%20panorama.jpg","source":"Викиданные","source_id":"Q947521","license":"CC0 (Викиданные)","confidence":"ok"}},{"type":"Feature","id":"settlements_wd:5782b622f65e","geometry":{"type":"Point","coordinates":[19.15,49.9]},"properties":{"uid":"settlements_wd:5782b622f65e","layer":"settlements_wd","layer_title":"Населённые места: год основания","group":"admin","title":"Вилямовице","category":"город","place_text":"Вилямовице","region":"Вилямовице","year_from":1250,"year_to":1960,"date_precision":"open","date_approx":true,"period_raw":"с 1250","summary":"город в малопольской части Силезского воеводства, Польша","url":"https://ru.wikipedia.org/wiki/%D0%92%D0%B8%D0%BB%D1%8F%D0%BC%D0%BE%D0%B2%D0%B8%D1%86%D0%B5","image_url":"http://commons.wikimedia.org/wiki/Special:FilePath/Rynek%20w%20Wilamowicach%2002.jpg","source":"Викиданные","source_id":"Q948267","license":"CC0 (Викиданные)","confidence":"ok"}},{"type":"Feature","id":"settlements_wd:04b05f720836","geometry":{"type":"Point","coordinates":[63.116667,52.966667]},"properties":{"uid":"settlements_wd:04b05f720836","layer":"settlements_wd","layer_title":"Населённые места: год основания","group":"admin","title":"Рудный","category":"город","place_text":"Рудненская городская администрация","region":"Рудненская городская администрация","year_from":1955,"year_to":1960,"date_precision":"open","date_approx":true,"period_raw":"с 1955","summary":"карьерно-промышленный город Костанайской области, Казахстана","url":"https://ru.wikipedia.org/wiki/%D0%A0%D1%83%D0%B4%D0%BD%D1%8B%D0%B9","image_url":"http://commons.wikimedia.org/wiki/Special:FilePath/%D0%A0%D0%98%D0%98.jpg","source":"Викиданные","source_id":"Q1008853","license":"CC0 (Викиданные)","confidence":"ok"}},{"type":"Feature","id":"settlements_wd:fa18172c6129","geometry":{"type":"Point","coordinates":[21.014444,54.268889]},"properties":{"uid":"settlements_wd:fa18172c6129","layer":"settlements_wd","layer_title":"Населённые места: год основания","group":"admin","title":"Семпополь","category":"город","place_text":"Семпополь","region":"Семпополь","year_from":1351,"year_to":1960,"date_precision":"open","date_approx":true,"period_raw":"с 1351","summary":"город в Польше, входит в Варминьско-Мазурское воеводство","url":"https://ru.wikipedia.org/wiki/%D0%A1%D0%B5%D0%BC%D0%BF%D0%BE%D0%BF%D0%BE%D0%BB%D1%8C","image_url":"http://commons.wikimedia.org/wiki/Special:FilePath/S%C4%99popol%2C%20ko%C5%9Bci%C3%B3%C5%82%20pw.%20%C5%9Bw.%20Micha%C5%82a%20Archanio%C5%82a.jpg","source":"Викиданные","source_id":"Q1010153","license":"CC0 (Викиданные)","confidence":"ok"}},{"type":"Feature","id":"settlements_wd:c289e0414d7d","geometry":{"type":"Point","coordinates":[30.626889,50.110917]},"properties":{"uid":"settlements_wd:c289e0414d7d","layer":"settlements_wd","layer_title":"Населённые места: год основания","group":"admin","title":"Обухов","category":"населённый пункт","place_text":"Киевская область","region":"Киевская область","year_from":1362,"year_to":1960,"date_precision":"open","date_approx":true,"period_raw":"с 1362","summary":"город в Киевской области Украины, адм. центр Обуховского района","url":"https://ru.wikipedia.org/wiki/%D0%9E%D0%B1%D1%83%D1%85%D0%BE%D0%B2_(%D0%B3%D0%BE%D1%80%D0%BE%D0%B4)","image_url":"http://commons.wikimedia.org/wiki/Special:FilePath/%D0%A6%D0%B5%D0%BD%D1%82%D1%80%20%D0%9E%D0%B1%D1%83%D1%85%D0%BE%D0%B2%D0%B0.jpg","source":"Викиданные","source_id":"Q1011303","license":"CC0 (Викиданные)","confidence":"ok"}},{"type":"Feature","id":"settlements_wd:d7d7af296fde","geometry":{"type":"Point","coordinates":[32.816278,51.181]},"properties":{"uid":"settlements_wd:d7d7af296fde","layer":"settlements_wd","layer_title":"Населённые места: год основания","group":"admin","title":"Бахмач","category":"город Украины","place_text":"Нежинский район","region":"Нежинский район","year_from":1781,"year_to":1960,"date_precision":"open","date_approx":true,"period_raw":"с 1781","summary":"город в Нежинском районе Черниговской области Украины","url":"https://ru.wikipedia.org/wiki/%D0%91%D0%B0%D1%85%D0%BC%D0%B0%D1%87","image_url":"http://commons.wikimedia.org/wiki/Special:FilePath/%D0%92%D0%BE%D0%BA%D0%B7%D0%B0%D0%BB%20%D0%91%D0%B0%D1%85%D0%BC%D0%B0%D1%87%D0%B0%2C%202020%20%D0%B3%D0%BE%D0%B4%2C%2006.jpg","source":"Викиданные","source_id":"Q149144","license":"CC0 (Викиданные)","confidence":"ok"}},{"type":"Feature","id":"settlements_wd:c938b4346919","geometry":{"type":"Point","coordinates":[21.7975,61.486667]},"properties":{"uid":"settlements_wd:c938b4346919","layer":"settlements_wd","layer_title":"Населённые места: год основания","group":"admin","title":"Пори","category":"город","place_text":"Сатакунта","region":"Сатакунта","year_from":1558,"year_to":1960,"date_precision":"open","date_approx":true,"period_raw":"с 1558","summary":"город на юго-западе Финляндии, административный центр области Сатакунта","url":"https://ru.wikipedia.org/wiki/%D0%9F%D0%BE%D1%80%D0%B8","image_url":"http://commons.wikimedia.org/wiki/Special:FilePath/Taavisilta.jpg","source":"Викиданные","source_id":"Q180233","license":"CC0 (Викиданные)","confidence":"ok"}},{"type":"Feature","id":"settlements_wd:f5cc94304d8c","geometry":{"type":"Point","coordinates":[27.330833,56.506667]},"properties":{"uid":"settlements_wd:f5cc94304d8c","layer":"settlements_wd","layer_title":"Населённые места: год основания","group":"admin","title":"Резекне","category":"государственный город Латвии","place_text":"Латвия","region":"Латвия","year_from":1773,"year_to":1960,"date_precision":"open","date_approx":true,"period_raw":"с 1773","summary":"город в Латвии, административный центр Резекненского края","url":"https://ru.wikipedia.org/wiki/%D0%A0%D0%B5%D0%B7%D0%B5%D0%BA%D0%BD%D0%B5","image_url":"http://commons.wikimedia.org/wiki/Special:FilePath/Rezekne%20castle%20ruins.jpg","source":"Викиданные","source_id":"Q180379","license":"CC0 (Викиданные)","confidence":"ok"}},{"type":"Feature","id":"settlements_wd:c374fc151260","geometry":{"type":"Point","coordinates":[27.966667,49.55]},"properties":{"uid":"settlements_wd:c374fc151260","layer":"settlements_wd","layer_title":"Населённые места: год основания","group":"admin","title":"Хмельник","category":"посёлок городского типа","place_text":"Винницкая область","region":"Винницкая область","year_from":1362,"year_to":1960,"date_precision":"open","date_approx":true,"period_raw":"с 1362","summary":"город в Винницкой области Украины, адм. центр Хмельникского района","url":"https://ru.wikipedia.org/wiki/%D0%A5%D0%BC%D0%B5%D0%BB%D1%8C%D0%BD%D0%B8%D0%BA_(%D0%B3%D0%BE%D1%80%D0%BE%D0%B4,_%D0%A3%D0%BA%D1%80%D0%B0%D0%B8%D0%BD%D0%B0)","image_url":"http://commons.wikimedia.org/wiki/Special:FilePath/%D0%92%D1%96%D0%BD%D0%BD%D0%B8%D1%86%D1%8C%D0%BA%D0%B0%20%D0%BE%D0%B1%D0%BB%D0%B0%D1%81%D1%82%D1%8C.%20%D0%A5%D0%BC%D1%96%D0%BB%D1%8C%D0%BD%D0%B8%D0%BA%20DSC%208066.jpg","source":"Викиданные","source_id":"Q1011310","license":"CC0 (Викиданные)","confidence":"ok"}},{"type":"Feature","id":"settlements_wd:b56e0f75d0a0","geometry":{"type":"Point","coordinates":[33.25,49.083333]},"properties":{"uid":"settlements_wd:b56e0f75d0a0","layer":"settlements_wd","layer_title":"Населённые места: год основания","group":"admin","title":"Светловодск","category":"город Украины","place_text":"Светловодская городская община","region":"Светловодская городская община","year_from":1954,"year_to":1960,"date_precision":"open","date_approx":true,"period_raw":"с 1954","summary":"город в Александрийском районе Кировоградской области Украины","url":"https://ru.wikipedia.org/wiki/%D0%A1%D0%B2%D0%B5%D1%82%D0%BB%D0%BE%D0%B2%D0%BE%D0%B4%D1%81%D0%BA","image_url":"http://commons.wikimedia.org/wiki/Special:FilePath/Svitlovodsk1.jpg","source":"Викиданные","source_id":"Q1011435","license":"CC0 (Викиданные)","confidence":"ok"}},{"type":"Feature","id":"settlements_wd:2eef70963d8a","geometry":{"type":"Point","coordinates":[39.366667,48.083333]},"properties":{"uid":"settlements_wd:2eef70963d8a","layer":"settlements_wd","layer_title":"Населённые места: год основания","group":"admin","title":"Ровеньки","category":"город Украины","place_text":"Ровеньковская городская община","region":"Ровеньковская городская община","year_from":1705,"year_to":1960,"date_precision":"open","date_approx":true,"period_raw":"с 1705","summary":"город в Луганской области Украины","url":"https://ru.wikipedia.org/wiki/%D0%A0%D0%BE%D0%B2%D0%B5%D0%BD%D1%8C%D0%BA%D0%B8","image_url":"http://commons.wikimedia.org/wiki/Special:FilePath/%D0%9C%D1%96%D1%81%D1%82%20%D0%A0%D0%BE%D0%B2%D0%B5%D0%BD%D1%8C%D0%BA%D0%B8.jpg","source":"Викиданные","source_id":"Q1012631","license":"CC0 (Викиданные)","confidence":"ok"}},{"type":"Feature","id":"settlements_wd:4e683022ea8b","geometry":{"type":"Point","coordinates":[28.830278,46.055]},"properties":{"uid":"settlements_wd:4e683022ea8b","layer":"settlements_wd","layer_title":"Населённые места: год основания","group":"admin","title":"Чадыр-Лунга","category":"город","place_text":"Гагаузия","region":"Гагаузия","year_from":1812,"year_to":1960,"date_precision":"open","date_approx":true,"period_raw":"с 1812","summary":"город в Гагаузия","url":"https://ru.wikipedia.org/wiki/%D0%A7%D0%B0%D0%B4%D1%8B%D1%80-%D0%9B%D1%83%D0%BD%D0%B3%D0%B0","image_url":"http://commons.wikimedia.org/wiki/Special:FilePath/MD.GE.Cead%C3%AEr-Lunga%20-%20r%C3%A2pele%20de%20la%20Cead%C3%AEr-Lunga%20-%20apr%202018%20-%2002.jpg","source":"Викиданные","source_id":"Q1012924","license":"CC0 (Викиданные)","confidence":"ok"}},{"type":"Feature","id":"settlements_wd:3eb8a5c3e897","geometry":{"type":"Point","coordinates":[45.630833,38.955833]},"properties":{"uid":"settlements_wd:3eb8a5c3e897","layer":"settlements_wd","layer_title":"Населённые места: год основания","group":"admin","title":"Джульфа","category":"город","place_text":"Джульфинский район","region":"Джульфинский район","date_precision":"unknown","date_approx":false,"summary":"город в Азербайджане","url":"https://ru.wikipedia.org/wiki/%D0%94%D0%B6%D1%83%D0%BB%D1%8C%D1%84%D0%B0_(%D0%90%D0%B7%D0%B5%D1%80%D0%B1%D0%B0%D0%B9%D0%B4%D0%B6%D0%B0%D0%BD)","image_url":"http://commons.wikimedia.org/wiki/Special:FilePath/Culfa%20%C5%9F%C9%99h%C9%99ri%20yol.jpg","source":"Викиданные","source_id":"Q1013454","license":"CC0 (Викиданные)","confidence":"ok"}},{"type":"Feature","id":"settlements_wd:11166f59e0d2","geometry":{"type":"Point","coordinates":[30.366667,50.383333]},"properties":{"uid":"settlements_wd:11166f59e0d2","layer":"settlements_wd","layer_title":"Населённые места: год основания","group":"admin","title":"Вишнёвое","category":"город Украины","place_text":"Киево-Святошинский район","region":"Киево-Святошинский район","year_from":1887,"year_to":1960,"date_precision":"open","date_approx":true,"period_raw":"с 1887","summary":"город в Бучанском районе Киевской области Украины","url":"https://ru.wikipedia.org/wiki/%D0%92%D0%B8%D1%88%D0%BD%D1%91%D0%B2%D0%BE%D0%B5_(%D0%B3%D0%BE%D1%80%D0%BE%D0%B4)","image_url":"http://commons.wikimedia.org/wiki/Special:FilePath/%D0%92%D0%B8%D1%88%D0%BD%D0%B5%D0%B2%D0%BE%D0%B5.jpg","source":"Викиданные","source_id":"Q997440","license":"CC0 (Викиданные)","confidence":"ok"}},{"type":"Feature","id":"settlements_wd:145407a77cba","geometry":{"type":"Point","coordinates":[27.783333,48.45]},"properties":{"uid":"settlements_wd:145407a77cba","layer":"settlements_wd","layer_title":"Населённые места: год основания","group":"admin","title":"Могилёв-Подольский","category":"населённый пункт","place_text":"Брацлавское наместничество","region":"Брацлавское наместничество","year_from":1595,"year_to":1960,"date_precision":"open","date_approx":true,"period_raw":"с 1595","summary":"город в Винницкой области Украины адм. центр Могилёв-Подольского района","url":"https://ru.wikipedia.org/wiki/%D0%9C%D0%BE%D0%B3%D0%B8%D0%BB%D1%91%D0%B2-%D0%9F%D0%BE%D0%B4%D0%BE%D0%BB%D1%8C%D1%81%D0%BA%D0%B8%D0%B9","image_url":"http://commons.wikimedia.org/wiki/Special:FilePath/MogilevPodolsky.JPG","source":"Викиданные","source_id":"Q997469","license":"CC0 (Викиданные)","confidence":"ok"}},{"type":"Feature","id":"settlements_wd:4a6bf38e96b5","geometry":{"type":"Point","coordinates":[31.65,48.783333]},"properties":{"uid":"settlements_wd:4a6bf38e96b5","layer":"settlements_wd","layer_title":"Населённые места: год основания","group":"admin","title":"Новомиргород","category":"город Украины","place_text":"Кировоградская область","region":"Кировоградская область","year_from":1740,"year_to":1960,"date_precision":"open","date_approx":true,"period_raw":"с 1740","summary":"город в Новоукраинском районе Кировоградской области Украины","url":"https://ru.wikipedia.org/wiki/%D0%9D%D0%BE%D0%B2%D0%BE%D0%BC%D0%B8%D1%80%D0%B3%D0%BE%D1%80%D0%BE%D0%B4","image_url":"http://commons.wikimedia.org/wiki/Special:FilePath/Entering%20Novomyrhorod.jpg","source":"Викиданные","source_id":"Q997478","license":"CC0 (Викиданные)","confidence":"ok"}},{"type":"Feature","id":"settlements_wd:963d2d3e7192","geometry":{"type":"Point","coordinates":[26.633056,51.326944]},"properties":{"uid":"settlements_wd:963d2d3e7192","layer":"settlements_wd","layer_title":"Населённые места: год основания","group":"admin","title":"Сарны","category":"город Украины","place_text":"Сарненская городская община","region":"Сарненская городская община","year_from":1648,"year_to":1960,"date_precision":"open","date_approx":true,"period_raw":"с 1648","summary":"город в Ровненской области Украины, адм. центр Сарненского района","url":"https://ru.wikipedia.org/wiki/%D0%A1%D0%B0%D1%80%D0%BD%D1%8B","image_url":"http://commons.wikimedia.org/wiki/Special:FilePath/%D0%94%D0%BE%D1%89%20%D0%BF%D1%80%D0%BE%D0%B9%D1%88%D0%BE%D0%B2%D1%81%D1%8F%20%D0%BF%D0%BE%20%D0%B2%D1%83%D0%BB%D0%B8%D1%86%D1%8F%D1%85%20%D0%A1%D0%B0%D1%80%D0%BD.jpg","source":"Викиданные","source_id":"Q997512","license":"CC0 (Викиданные)","confidence":"ok"}},{"type":"Feature","id":"settlements_wd:79ffaec9a84b","geometry":{"type":"Point","coordinates":[28.849722,48.674444]},"properties":{"uid":"settlements_wd:79ffaec9a84b","layer":"settlements_wd","layer_title":"Населённые места: год основания","group":"admin","title":"Тульчин","category":"город Украины","place_text":"Брацлавское наместничество","region":"Брацлавское наместничество","year_from":1607,"year_to":1960,"date_precision":"open","date_approx":true,"period_raw":"с 1607","summary":"город в Винницкой области Украины, адм. центр Тульчинского района","url":"https://ru.wikipedia.org/wiki/%D0%A2%D1%83%D0%BB%D1%8C%D1%87%D0%B8%D0%BD","image_url":"http://commons.wikimedia.org/wiki/Special:FilePath/Tulchyn.png","source":"Викиданные","source_id":"Q997568","license":"CC0 (Викиданные)","confidence":"ok"}},{"type":"Feature","id":"settlements_wd:28ce58e17842","geometry":{"type":"Point","coordinates":[19.884722,51.352778]},"properties":{"uid":"settlements_wd:28ce58e17842","layer":"settlements_wd","layer_title":"Населённые места: год основания","group":"admin","title":"Сулеюв","category":"город","place_text":"Сулеюв","region":"Сулеюв","year_from":1145,"year_to":1960,"date_precision":"open","date_approx":true,"period_raw":"с 1145","summary":"город в Польше, входит в Пётркувский повят Лодзинского воеводства","url":"https://ru.wikipedia.org/wiki/%D0%A1%D1%83%D0%BB%D0%B5%D1%8E%D0%B2","image_url":"http://commons.wikimedia.org/wiki/Special:FilePath/Sulej%C3%B3w-klasztor%20Cysters%C3%B3w.jpg","source":"Викиданные","source_id":"Q1015172","license":"CC0 (Викиданные)","confidence":"ok"}},{"type":"Feature","id":"settlements_wd:eef7a3dc4979","geometry":{"type":"Point","coordinates":[70.416667,40.283333]},"properties":{"uid":"settlements_wd:eef7a3dc4979","layer":"settlements_wd","layer_title":"Населённые места: год основания","group":"admin","title":"Канибадам","category":"город","place_text":"Согдийская область","region":"Согдийская область","date_precision":"unknown","date_approx":false,"summary":"город в Согдийской области Таджикистана","url":"https://ru.wikipedia.org/wiki/%D0%9A%D0%B0%D0%BD%D0%B8%D0%B1%D0%B0%D0%B4%D0%B0%D0%BC","image_url":"http://commons.wikimedia.org/wiki/Special:FilePath/Konibodom%2Cbazar.jpg","source":"Викиданные","source_id":"Q1015752","license":"CC0 (Викиданные)","confidence":"ok"}},{"type":"Feature","id":"settlements_wd:c3bc40bd4156","geometry":{"type":"Point","coordinates":[33.924467,44.741028]},"properties":{"uid":"settlements_wd:c3bc40bd4156","layer":"settlements_wd","layer_title":"Населённые места: год основания","group":"admin","title":"Чуфут-Кале","category":"крепость","place_text":"Бахчисарай","region":"Бахчисарай","date_precision":"unknown","date_approx":false,"summary":"средневековый крымскотатарский город-крепость в Крыму","url":"https://ru.wikipedia.org/wiki/%D0%A7%D1%83%D1%84%D1%83%D1%82-%D0%9A%D0%B0%D0%BB%D0%B5","image_url":"http://commons.wikimedia.org/wiki/Special:FilePath/Cave%20City.jpg","source":"Викиданные","source_id":"Q1017178","license":"CC0 (Викиданные)","confidence":"ok"}},{"type":"Feature","id":"settlements_wd:188d4db8f3e1","geometry":{"type":"Point","coordinates":[48.802778,41.468056]},"properties":{"uid":"settlements_wd:188d4db8f3e1","layer":"settlements_wd","layer_title":"Населённые места: год основания","group":"admin","title":"Хачмаз","category":"город","place_text":"Хачмазский район","region":"Хачмазский район","year_from":1938,"year_to":1960,"date_precision":"open","date_approx":true,"period_raw":"с 1938","summary":"город на севере Азербайджана, административный центр Хачмазского района","url":"https://ru.wikipedia.org/wiki/%D0%A5%D0%B0%D1%87%D0%BC%D0%B0%D0%B7","image_url":"http://commons.wikimedia.org/wiki/Special:FilePath/Xacmaz02252.jpg","source":"Викиданные","source_id":"Q1018160","license":"CC0 (Викиданные)","confidence":"ok"}},{"type":"Feature","id":"settlements_wd:9cf5974a87fc","geometry":{"type":"Point","coordinates":[72.587222,49.71]},"properties":{"uid":"settlements_wd:9cf5974a87fc","layer":"settlements_wd","layer_title":"Населённые места: год основания","group":"admin","title":"Шахтинск","category":"город","place_text":"Шахтинская городская администрация","region":"Шахтинская городская администрация","year_from":1955,"year_to":1960,"date_precision":"open","date_approx":true,"period_raw":"с 1955","summary":"город в Карагандинской области, Казахстан","url":"https://ru.wikipedia.org/wiki/%D0%A8%D0%B0%D1%85%D1%82%D0%B8%D0%BD%D1%81%D0%BA","source":"Викиданные","source_id":"Q1019377","license":"CC0 (Викиданные)","confidence":"ok"}},{"type":"Feature","id":"settlements_wd:c537b68fcb90","geometry":{"type":"Point","coordinates":[73.701947,46.030992]},"properties":{"uid":"settlements_wd:c537b68fcb90","layer":"settlements_wd","layer_title":"Населённые места: год основания","group":"admin","title":"Приозёрск","category":"город","place_text":"Q129730238","region":"Q129730238","year_from":1956,"year_to":1960,"date_precision":"open","date_approx":true,"period_raw":"с 1956","summary":"закрытый город в Карагандинской области Казахстана","url":"https://ru.wikipedia.org/wiki/%D0%9F%D1%80%D0%B8%D0%BE%D0%B7%D1%91%D1%80%D1%81%D0%BA","image_url":"http://commons.wikimedia.org/wiki/Special:FilePath/Priozersk%20Central%20Square.JPG","source":"Викиданные","source_id":"Q1019405","license":"CC0 (Викиданные)","confidence":"ok"}},{"type":"Feature","id":"settlements_wd:2ef962435e80","geometry":{"type":"Point","coordinates":[30.881111,50.948611]},"properties":{"uid":"settlements_wd:2ef962435e80","layer":"settlements_wd","layer_title":"Населённые места: год основания","group":"admin","title":"Остёр","category":"город Украины","place_text":"Черниговский район","region":"Черниговский район","year_from":1098,"year_to":1960,"date_precision":"open","date_approx":true,"period_raw":"с 1098","summary":"город на Украине, Черниговская область","url":"https://ru.wikipedia.org/wiki/%D0%9E%D1%81%D1%82%D1%91%D1%80_(%D0%A7%D0%B5%D1%80%D0%BD%D0%B8%D0%B3%D0%BE%D0%B2%D1%81%D0%BA%D0%B0%D1%8F_%D0%BE%D0%B1%D0%BB%D0%B0%D1%81%D1%82%D1%8C)","image_url":"http://commons.wikimedia.org/wiki/Special:FilePath/%D0%9E%D1%81%D1%82%D0%B5%D1%80%D1%81%D1%8C%D0%BA%D0%B0%20%D0%BC%D1%96%D1%81%D1%8C%D0%BA%D0%B0%20%D1%80%D0%B0%D0%B4%D0%B0.jpg","source":"Викиданные","source_id":"Q1019815","license":"CC0 (Викиданные)","confidence":"ok"}},{"type":"Feature","id":"settlements_wd:d9519570b491","geometry":{"type":"Point","coordinates":[24.2525,50.2946]},"properties":{"uid":"settlements_wd:d9519570b491","layer":"settlements_wd","layer_title":"Населённые места: год основания","group":"admin","title":"Сосновка","category":"город Украины","place_text":"Червоноградский городской совет","region":"Червоноградский городской совет","year_from":1955,"year_to":1960,"date_precision":"open","date_approx":true,"period_raw":"с 1955","summary":"город в Шептицком районе Львовской области Украины","url":"https://ru.wikipedia.org/wiki/%D0%A1%D0%BE%D1%81%D0%BD%D0%BE%D0%B2%D0%BA%D0%B0_(%D0%B3%D0%BE%D1%80%D0%BE%D0%B4,_%D0%9B%D1%8C%D0%B2%D0%BE%D0%B2%D1%81%D0%BA%D0%B0%D1%8F_%D0%BE%D0%B1%D0%BB%D0%B0%D1%81%D1%82%D1%8C)","image_url":"http://commons.wikimedia.org/wiki/Special:FilePath/Sosnivka.fw.png","source":"Викиданные","source_id":"Q1020055","license":"CC0 (Викиданные)","confidence":"ok"}},{"type":"Feature","id":"settlements_wd:efd55f2b5a50","geometry":{"type":"Point","coordinates":[31.595361,51.892444]},"properties":{"uid":"settlements_wd:efd55f2b5a50","layer":"settlements_wd","layer_title":"Населённые места: год основания","group":"admin","title":"Городня","category":"город Украины","place_text":"Городнянский район","region":"Городнянский район","year_from":1600,"year_to":1960,"date_precision":"open","date_approx":true,"period_raw":"с 1600","summary":"город в Черниговском районе Черниговской области Украины","url":"https://ru.wikipedia.org/wiki/%D0%93%D0%BE%D1%80%D0%BE%D0%B4%D0%BD%D1%8F_(%D0%B3%D0%BE%D1%80%D0%BE%D0%B4)","image_url":"http://commons.wikimedia.org/wiki/Special:FilePath/%D0%91%D1%83%D0%B4%D0%B8%D0%BD%D0%BE%D0%BA%20%D0%B6%D1%96%D0%BD%D0%BE%D1%87%D0%BE%D1%97%20%D0%B3%D1%96%D0%BC%D0%BD%D0%B0%D0%B7%D1%96%D1%97%20%D0%BA%D1%96%D0%BD.%20XIX%20%D1%81%D1%82.%2002.jpg","source":"Викиданные","source_id":"Q1020058","license":"CC0 (Викиданные)","confidence":"ok"}},{"type":"Feature","id":"settlements_wd:99217eb845e8","geometry":{"type":"Point","coordinates":[34.901559,50.307432]},"properties":{"uid":"settlements_wd:99217eb845e8","layer":"settlements_wd","layer_title":"Населённые места: год основания","group":"admin","title":"Ахтырка","category":"город Украины","place_text":"Сумская область","region":"Сумская область","year_from":1641,"year_to":1960,"date_precision":"open","date_approx":true,"period_raw":"с 1641","summary":"город в Сумской области Украины, адм. центр Ахтырского района","url":"https://ru.wikipedia.org/wiki/%D0%90%D1%85%D1%82%D1%8B%D1%80%D0%BA%D0%B0","image_url":"http://commons.wikimedia.org/wiki/Special:FilePath/Panoramio%20-%20V%26A%20Dudush%20-%20Pokrovskiy%20cathedral%20%D0%9F%D0%BE%D0%BA%D1%80%D0%BE%D0%B2%D1%81%D0%BA%D0%B8%D0%B9%20%D1%85%D1%80%D0%B0%D0%BC.jpg","source":"Викиданные","source_id":"Q1013471","license":"CC0 (Викиданные)","confidence":"ok"}},{"type":"Feature","id":"settlements_wd:e7bf10e46080","geometry":{"type":"Point","coordinates":[30.220833,50.548611]},"properties":{"uid":"settlements_wd:e7bf10e46080","layer":"settlements_wd","layer_title":"Населённые места: год основания","group":"admin","title":"Буча","category":"город областного значения Украины","place_text":"Бучанская городская община","region":"Бучанская городская община","year_from":1898,"year_to":1960,"date_precision":"open","date_approx":true,"period_raw":"с 1898","summary":"город в Киевской области Украины, адм. центр Бучанского района","url":"https://ru.wikipedia.org/wiki/%D0%91%D1%83%D1%87%D0%B0_(%D0%B3%D0%BE%D1%80%D0%BE%D0%B4)","image_url":"http://commons.wikimedia.org/wiki/Special:FilePath/%D0%91%D1%83%D1%87%D0%B0%20%D0%BF%D0%B0%D1%80%D0%BA1.JPG","source":"Викиданные","source_id":"Q1013474","license":"CC0 (Викиданные)","confidence":"ok"}},{"type":"Feature","id":"settlements_wd:67d9d4900509","geometry":{"type":"Point","coordinates":[33.656246,49.01066]},"properties":{"uid":"settlements_wd:67d9d4900509","layer":"settlements_wd","layer_title":"Населённые места: год основания","group":"admin","title":"Горишние Плавни","category":"город областного значения Украины","place_text":"Горишнеплавненский городской совет","region":"Горишнеплавненский городской совет","year_from":1960,"year_to":1960,"date_precision":"open","date_approx":true,"period_raw":"с 1960","summary":"город в Кременчугском районе Полтавской области Украины","url":"https://ru.wikipedia.org/wiki/%D0%93%D0%BE%D1%80%D0%B8%D1%88%D0%BD%D0%B8%D0%B5_%D0%9F%D0%BB%D0%B0%D0%B2%D0%BD%D0%B8","image_url":"http://commons.wikimedia.org/wiki/Special:FilePath/Saint%20Nicholas%20Cathedral%2C%20Horishni%20Plavni.jpg","source":"Викиданные","source_id":"Q998227","license":"CC0 (Викиданные)","confidence":"ok"}},{"type":"Feature","id":"settlements_wd:b5812fe5f48f","geometry":{"type":"Point","coordinates":[18.0853,52.80178]},"properties":{"uid":"settlements_wd:b5812fe5f48f","layer":"settlements_wd","layer_title":"Населённые места: год основания","group":"admin","title":"Пакость","category":"город","place_text":"Пакость","region":"Пакость","year_from":1243,"year_to":1960,"date_precision":"open","date_approx":true,"period_raw":"с 1243","summary":"город и гмина в Иновроцлавском повяте Куявско-Поморского воеводства Польши","url":"https://ru.wikipedia.org/wiki/%D0%9F%D0%B0%D0%BA%D0%BE%D1%81%D1%86%D1%8C","image_url":"http://commons.wikimedia.org/wiki/Special:FilePath/Monastery%20in%20Pako%C5%9B%C4%87%28WLZ12%29.jpg","source":"Викиданные","source_id":"Q999632","license":"CC0 (Викиданные)","confidence":"ok"}},{"type":"Feature","id":"settlements_wd:3b172407ffe4","geometry":{"type":"Point","coordinates":[32.4,50.6]},"properties":{"uid":"settlements_wd:3b172407ffe4","layer":"settlements_wd","layer_title":"Населённые места: год основания","group":"admin","title":"Прилуки","category":"населённый пункт","place_text":"Прилукский район","region":"Прилукский район","year_from":1085,"year_to":1960,"date_precision":"open","date_approx":true,"period_raw":"с 1085","summary":"город в Черниговской области Украины, адм. центр Прилукского района","url":"https://ru.wikipedia.org/wiki/%D0%9F%D1%80%D0%B8%D0%BB%D1%83%D0%BA%D0%B8","image_url":"http://commons.wikimedia.org/wiki/Special:FilePath/Pryluky%20Mykola%20Church.jpg","source":"Викиданные","source_id":"Q1000404","license":"CC0 (Викиданные)","confidence":"ok"}},{"type":"Feature","id":"settlements_wd:2ba1972b8c01","geometry":{"type":"Point","coordinates":[37.183333,48.283333]},"properties":{"uid":"settlements_wd:2ba1972b8c01","layer":"settlements_wd","layer_title":"Населённые места: год основания","group":"admin","title":"Покровск","category":"город Украины","place_text":"Покровская городская община (Донецкая область)","region":"Покровская городская община (Донецкая область)","year_from":1880,"year_to":1960,"date_precision":"open","date_approx":true,"period_raw":"с 1880","summary":"город областного значения в Донецкой области Украины","url":"https://ru.wikipedia.org/wiki/%D0%9F%D0%BE%D0%BA%D1%80%D0%BE%D0%B2%D1%81%D0%BA_(%D0%A3%D0%BA%D1%80%D0%B0%D0%B8%D0%BD%D0%B0)","image_url":"http://commons.wikimedia.org/wiki/Special:FilePath/Chervonoarmijsk%20city%20center%20%283%29.JPG","source":"Викиданные","source_id":"Q1000446","license":"CC0 (Викиданные)","confidence":"ok"}},{"type":"Feature","id":"settlements_wd:3e8b46d94150","geometry":{"type":"Point","coordinates":[33.4766,51.8657]},"properties":{"uid":"settlements_wd:3e8b46d94150","layer":"settlements_wd","layer_title":"Населённые места: год основания","group":"admin","title":"Шостка","category":"населённый пункт","place_text":"Сумская область","region":"Сумская область","year_from":1739,"year_to":1960,"date_precision":"open","date_approx":true,"period_raw":"с 1739","summary":"город в Сумской области Украины, адм. центр Шосткинского района","url":"https://ru.wikipedia.org/wiki/%D0%A8%D0%BE%D1%81%D1%82%D0%BA%D0%B0","image_url":"http://commons.wikimedia.org/wiki/Special:FilePath/%D0%92%D0%BE%D0%BB%D0%BE%D0%B4%D0%B8%D0%BC%D0%B8%D1%80%D0%B0%20%D1%81%D0%B2.%20%D1%86%D0%B5%D1%80%D0%BA%D0%B2%D0%B0.jpg","source":"Викиданные","source_id":"Q1000454","license":"CC0 (Викиданные)","confidence":"ok"}},{"type":"Feature","id":"settlements_wd:1a16da430892","geometry":{"type":"Point","coordinates":[24.283333,50.483333]},"properties":{"uid":"settlements_wd:1a16da430892","layer":"settlements_wd","layer_title":"Населённые места: год основания","group":"admin","title":"Сокаль","category":"город Украины","place_text":"Сокальский район","region":"Сокальский район","year_from":1424,"year_to":1960,"date_precision":"open","date_approx":true,"period_raw":"с 1424","summary":"ород в Шептицком районе Львовской области Украины","url":"https://ru.wikipedia.org/wiki/%D0%A1%D0%BE%D0%BA%D0%B0%D0%BB%D1%8C","image_url":"http://commons.wikimedia.org/wiki/Special:FilePath/2015%20Sokal%2C%20Kamienice%20na%20placu%20w%20centrum%20miasta.JPG","source":"Викиданные","source_id":"Q1000927","license":"CC0 (Викиданные)","confidence":"ok"}},{"type":"Feature","id":"settlements_wd:89af3e0e1386","geometry":{"type":"Point","coordinates":[18.51806,50.455106]},"properties":{"uid":"settlements_wd:89af3e0e1386","layer":"settlements_wd","layer_title":"Населённые места: год основания","group":"admin","title":"Тошек","category":"город","place_text":"Тошек","region":"Тошек","year_from":1163,"year_to":1960,"date_precision":"open","date_approx":true,"period_raw":"с 1163","summary":"город в Польше, входит в Гливицкий повят Силезского воеводства","url":"https://ru.wikipedia.org/wiki/%D0%A2%D0%BE%D1%88%D0%B5%D0%BA","image_url":"http://commons.wikimedia.org/wiki/Special:FilePath/Toszek%20-%20Zamek%2001.jpg","source":"Викиданные","source_id":"Q1000938","license":"CC0 (Викиданные)","confidence":"ok"}},{"type":"Feature","id":"settlements_wd:e4bd304ae2d8","geometry":{"type":"Point","coordinates":[37.833333,48.116667]},"properties":{"uid":"settlements_wd:e4bd304ae2d8","layer":"settlements_wd","layer_title":"Населённые места: год основания","group":"admin","title":"Ясиноватая","category":"город","place_text":"Yasynuvata Hromada","region":"Yasynuvata Hromada","year_from":1872,"year_to":1960,"date_precision":"open","date_approx":true,"period_raw":"с 1872","summary":"город в Донецкой области Украины","url":"https://ru.wikipedia.org/wiki/%D0%AF%D1%81%D0%B8%D0%BD%D0%BE%D0%B2%D0%B0%D1%82%D0%B0%D1%8F","image_url":"http://commons.wikimedia.org/wiki/Special:FilePath/%D0%92%D0%BE%D0%BA%D0%B7%D0%B0%D0%BB%20%D1%81%D1%82%D0%B0%D0%BD%D1%86%D1%96%D1%97%20%D0%AF%D1%81%D0%B8%D0%BD%D1%83%D0%B2%D0%B0%D1%82%D0%B0-%D0%9F%D0%B0%D1%81%D0%B0%D0%B6%D0%B8%D1%80%D1%81%D1%8C%D0%BA%D0%B0.jpg","source":"Викиданные","source_id":"Q1020077","license":"CC0 (Викиданные)","confidence":"ok"}},{"type":"Feature","id":"settlements_wd:6549351e5d38","geometry":{"type":"Point","coordinates":[37.565833,49.035833]},"properties":{"uid":"settlements_wd:6549351e5d38","layer":"settlements_wd","layer_title":"Населённые места: год основания","group":"admin","title":"Святогорск","category":"город","place_text":"Славянский район","region":"Славянский район","year_from":1571,"year_to":1960,"date_precision":"open","date_approx":true,"period_raw":"с 1571","summary":"город в Краматорском районе Донецкой области","url":"https://ru.wikipedia.org/wiki/%D0%A1%D0%B2%D1%8F%D1%82%D0%BE%D0%B3%D0%BE%D1%80%D1%81%D0%BA","image_url":"http://commons.wikimedia.org/wiki/Special:FilePath/%D0%A1%D0%B2%D1%8F%D1%82%D0%BE%D0%B3%D0%BE%D1%80%D1%8C%D0%B5-01.jpg","source":"Викиданные","source_id":"Q1020087","license":"CC0 (Викиданные)","confidence":"ok"}},{"type":"Feature","id":"settlements_wd:85358024e8e6","geometry":{"type":"Point","coordinates":[25.7,49.3]},"properties":{"uid":"settlements_wd:85358024e8e6","layer":"settlements_wd","layer_title":"Населённые места: год основания","group":"admin","title":"Теребовля","category":"город Украины","place_text":"Тарнопольское воеводство","region":"Тарнопольское воеводство","year_from":1097,"year_to":1960,"date_precision":"open","date_approx":true,"period_raw":"с 1097","summary":"город в Тернопольском районе Тернопольской области Украины","url":"https://ru.wikipedia.org/wiki/%D0%A2%D0%B5%D1%80%D0%B5%D0%B1%D0%BE%D0%B2%D0%BB%D1%8F","image_url":"http://commons.wikimedia.org/wiki/Special:FilePath/%D0%92%D0%B8%D0%B3%D0%BB%D1%8F%D0%B4%20%D0%BD%D0%B0%20%D0%A2%D0%B5%D1%80%D0%B5%D0%B1%D0%BE%D0%B2%D0%BB%D1%8F%D0%BD%D1%81%D1%8C%D0%BA%D0%B8%D0%B9%20%D0%B7%D0%B0%D0%BC%D0%BE%D0%BA%20%D0%B7%20%D0%B2%D0%B8%D1%81%D0%BE%D1%82%D0%B8.jpg","source":"Викиданные","source_id":"Q1020091","license":"CC0 (Викиданные)","confidence":"ok"}},{"type":"Feature","id":"settlements_wd:c4267d1a49b1","geometry":{"type":"Point","coordinates":[31.58,50.93]},"properties":{"uid":"settlements_wd:c4267d1a49b1","layer":"settlements_wd","layer_title":"Населённые места: год основания","group":"admin","title":"Носовка","category":"город Украины","place_text":"Нежинский район","region":"Нежинский район","year_from":1147,"year_to":1960,"date_precision":"open","date_approx":true,"period_raw":"с 1147","summary":"город в Нежинском районе Черниговской области Украины","url":"https://ru.wikipedia.org/wiki/%D0%9D%D0%BE%D1%81%D0%BE%D0%B2%D0%BA%D0%B0","image_url":"http://commons.wikimedia.org/wiki/Special:FilePath/%D0%9D%D0%BE%D1%81%D1%96%D0%B2%D0%BA%D0%B0%2C%20%D1%86%D0%B5%D0%BD%D1%82%D1%80.jpg","source":"Викиданные","source_id":"Q1020112","license":"CC0 (Викиданные)","confidence":"ok"}},{"type":"Feature","id":"settlements_wd:e0a63653a6da","geometry":{"type":"Point","coordinates":[72.96464,50.05494]},"properties":{"uid":"settlements_wd:e0a63653a6da","layer":"settlements_wd","layer_title":"Населённые места: год основания","group":"admin","title":"Темиртау","category":"город-спутник","place_text":"Темиртауская городская администрация","region":"Темиртауская городская администрация","year_from":1909,"year_to":1960,"date_precision":"open","date_approx":true,"period_raw":"с 1909","summary":"город в Карагандинской области Казахстана","url":"https://ru.wikipedia.org/wiki/%D0%A2%D0%B5%D0%BC%D0%B8%D1%80%D1%82%D0%B0%D1%83","image_url":"http://commons.wikimedia.org/wiki/Special:FilePath/Palace%20of%20culture%20in%20Temirtau-1.jpg","source":"Викиданные","source_id":"Q1001104","license":"CC0 (Викиданные)","confidence":"ok"}},{"type":"Feature","id":"settlements_wd:9b7cb5857473","geometry":{"type":"Point","coordinates":[19.606118,53.845877]},"properties":{"uid":"settlements_wd:9b7cb5857473","layer":"settlements_wd","layer_title":"Населённые места: год основания","group":"admin","title":"Залево","category":"город","place_text":"Залево","region":"Залево","year_from":1299,"year_to":1960,"date_precision":"open","date_approx":true,"period_raw":"с 1299","summary":"город и гмина в Илавском повяте Варминьско-Мазурского воеводства Польши","url":"https://ru.wikipedia.org/wiki/%D0%97%D0%B0%D0%BB%D0%B5%D0%B2%D0%BE","image_url":"http://commons.wikimedia.org/wiki/Special:FilePath/Zalewo.jpg","source":"Викиданные","source_id":"Q1001571","license":"CC0 (Викиданные)","confidence":"ok"}},{"type":"Feature","id":"settlements_wd:daccbe81e6b4","geometry":{"type":"Point","coordinates":[19.683333,50.783333]},"properties":{"uid":"settlements_wd:daccbe81e6b4","layer":"settlements_wd","layer_title":"Населённые места: год основания","group":"admin","title":"Конецполь","category":"город","place_text":"Конецполь","region":"Конецполь","year_from":1386,"year_to":1960,"date_precision":"open","date_approx":true,"period_raw":"с 1386","summary":"город в малопольской части Силезского воеводства, Польша","url":"https://ru.wikipedia.org/wiki/%D0%9A%D0%BE%D0%BD%D0%B5%D1%86%D0%BF%D0%BE%D0%BB%D1%8C","image_url":"http://commons.wikimedia.org/wiki/Special:FilePath/Pa%C5%82ac%20Koniecpol%20hjg4.JPG","source":"Викиданные","source_id":"Q1003267","license":"CC0 (Викиданные)","confidence":"ok"}},{"type":"Feature","id":"settlements_wd:effe63e55d1e","geometry":{"type":"Point","coordinates":[38.15,48.033333]},"properties":{"uid":"settlements_wd:effe63e55d1e","layer":"settlements_wd","layer_title":"Населённые места: год основания","group":"admin","title":"Харцызск","category":"город Украины","place_text":"Харцызская городская община","region":"Харцызская городская община","year_from":1869,"year_to":1960,"date_precision":"open","date_approx":true,"period_raw":"с 1869","summary":"город в Донецком районе Донецкой области","url":"https://ru.wikipedia.org/wiki/%D0%A5%D0%B0%D1%80%D1%86%D1%8B%D0%B7%D1%81%D0%BA","image_url":"http://commons.wikimedia.org/wiki/Special:FilePath/Ab%20foto%202005%20harcizsk%2001.jpg","source":"Викиданные","source_id":"Q1003757","license":"CC0 (Викиданные)","confidence":"ok"}},{"type":"Feature","id":"settlements_wd:5d7cf330316e","geometry":{"type":"Point","coordinates":[23.7,49.633333]},"properties":{"uid":"settlements_wd:5d7cf330316e","layer":"settlements_wd","layer_title":"Населённые места: год основания","group":"admin","title":"Комарно","category":"город Украины","place_text":"Комарновская городская община","region":"Комарновская городская община","year_from":1471,"year_to":1960,"date_precision":"open","date_approx":true,"period_raw":"с 1471","summary":"город во Львовском районе Львовской области Украины","url":"https://ru.wikipedia.org/wiki/%D0%9A%D0%BE%D0%BC%D0%B0%D1%80%D0%BD%D0%BE_(%D0%A3%D0%BA%D1%80%D0%B0%D0%B8%D0%BD%D0%B0)","image_url":"http://commons.wikimedia.org/wiki/Special:FilePath/Komarno.png","source":"Викиданные","source_id":"Q1004265","license":"CC0 (Викиданные)","confidence":"ok"}},{"type":"Feature","id":"settlements_wd:73801ea0e389","geometry":{"type":"Point","coordinates":[21.533333,56.266667]},"properties":{"uid":"settlements_wd:73801ea0e389","layer":"settlements_wd","layer_title":"Населённые места: год основания","group":"admin","title":"Скуодас","category":"город","place_text":"Скуодасское староство","region":"Скуодасское староство","year_from":1253,"year_to":1960,"date_precision":"open","date_approx":true,"period_raw":"с 1253","summary":"город в Литве","url":"https://ru.wikipedia.org/wiki/%D0%A1%D0%BA%D1%83%D0%BE%D0%B4%D0%B0%D1%81","image_url":"http://commons.wikimedia.org/wiki/Special:FilePath/Pamiklas%20Skoudo%20savivaldyb%C4%97s%20%C4%AFk%C5%ABr%C4%97jui.JPG","source":"Викиданные","source_id":"Q1004290","license":"CC0 (Викиданные)","confidence":"ok"}},{"type":"Feature","id":"settlements_wd:e1b1a6603695","geometry":{"type":"Point","coordinates":[22.854444,49.535556]},"properties":{"uid":"settlements_wd:e1b1a6603695","layer":"settlements_wd","layer_title":"Населённые места: год основания","group":"admin","title":"Хыров","category":"город Украины","place_text":"Самборский район","region":"Самборский район","year_from":1374,"year_to":1960,"date_precision":"open","date_approx":true,"period_raw":"с 1374","summary":"город в Самборском районе Львовской области Украины","url":"https://ru.wikipedia.org/wiki/%D0%A5%D1%8B%D1%80%D0%BE%D0%B2","image_url":"http://commons.wikimedia.org/wiki/Special:FilePath/Khyriv%20montage.png","source":"Викиданные","source_id":"Q1020128","license":"CC0 (Викиданные)","confidence":"ok"}},{"type":"Feature","id":"settlements_wd:b44e05d5736c","geometry":{"type":"Point","coordinates":[67.533333,47.9]},"properties":{"uid":"settlements_wd:b44e05d5736c","layer":"settlements_wd","layer_title":"Населённые места: год основания","group":"admin","title":"Сатпаев","category":"город","place_text":"Сатпаевская городская администрация","region":"Сатпаевская городская администрация","year_from":1954,"year_to":1960,"date_precision":"open","date_approx":true,"period_raw":"с 1954","summary":"город в Улытауской области, Казахстан","url":"https://ru.wikipedia.org/wiki/%D0%A1%D0%B0%D1%82%D0%BF%D0%B0%D0%B5%D0%B2_(%D0%B3%D0%BE%D1%80%D0%BE%D0%B4)","image_url":"http://commons.wikimedia.org/wiki/Special:FilePath/%D0%A1%D3%99%D1%82%D0%B1%D0%B0%D0%B5%D0%B2%20%D2%9B%D0%B0%D0%BB%D0%B0%D1%81%D1%8B%D0%BD%D1%8B%D2%A3%20%D0%BE%D1%80%D1%82%D0%B0%D0%BB%D1%8B%D2%9B%D1%82%D0%B0%D0%BD%D0%B4%D1%8B%D1%80%D1%8B%D0%BB%D2%93%D0%B0%D0%BD%20%D0%BA%D1%96%D1%82%D0%B0%D0%BF%D1%85%D0%B0%D0%BD%D0%B0%D1%81%D1%8B.JPG","source":"Викиданные","source_id":"Q1020484","license":"CC0 (Викиданные)","confidence":"ok"}},{"type":"Feature","id":"settlements_wd:987051773a57","geometry":{"type":"Point","coordinates":[27.553643,47.956088]},"properties":{"uid":"settlements_wd:987051773a57","layer":"settlements_wd","layer_title":"Населённые места: год основания","group":"admin","title":"Рышканы","category":"город","place_text":"Рышканский район","region":"Рышканский район","year_from":1602,"year_to":1960,"date_precision":"open","date_approx":true,"period_raw":"с 1602","summary":"город в Молдавии, центр Рышканского района","url":"https://ru.wikipedia.org/wiki/%D0%A0%D1%8B%D1%88%D0%BA%D0%B0%D0%BD%D1%8B","image_url":"http://commons.wikimedia.org/wiki/Special:FilePath/R%C3%AE%C5%9Fcani%20003.jpg","source":"Викиданные","source_id":"Q1022131","license":"CC0 (Викиданные)","confidence":"ok"}},{"type":"Feature","id":"settlements_wd:98af35a79541","geometry":{"type":"Point","coordinates":[30.85,48.05]},"properties":{"uid":"settlements_wd:98af35a79541","layer":"settlements_wd","layer_title":"Населённые места: год основания","group":"admin","title":"Первомайск","category":"город Украины","place_text":"Первомайская городская община","region":"Первомайская городская община","year_from":1676,"year_to":1960,"date_precision":"open","date_approx":true,"period_raw":"с 1676","summary":"Посёлок городского типа в Николаевской области Украины, адм. центр Первомайского района","url":"https://ru.wikipedia.org/wiki/%D0%9F%D0%B5%D1%80%D0%B2%D0%BE%D0%BC%D0%B0%D0%B9%D1%81%D0%BA_(%D0%9D%D0%B8%D0%BA%D0%BE%D0%BB%D0%B0%D0%B5%D0%B2%D1%81%D0%BA%D0%B0%D1%8F_%D0%BE%D0%B1%D0%BB%D0%B0%D1%81%D1%82%D1%8C)","image_url":"http://commons.wikimedia.org/wiki/Special:FilePath/%D0%9F%D0%B5%D1%80%D0%B2%D0%BE%D0%BC%D0%B0%D0%B9%D1%81%D1%8C%D0%BA.%20%D0%9C%D0%B8%D0%BA%D0%BE%D0%BB%D0%B0%D1%97%D0%B2%D1%81%D1%8C%D0%BA%D0%B0%20%D0%BE%D0%B1%D0%BB.%20%D0%91.%D0%BA%D1%83%D0%BB%D1%8C%D1%82%D1%83%D1%80%D0%B8%20%D1%96%D0%BC.%20%D0%84.%D0%97%D0%B0%D1%80%D0%BD%D0%B8%D1%86%D1%8C%D0%BA%D0%BE%D1%97%2C%201905.JPG","source":"Викиданные","source_id":"Q1025181","license":"CC0 (Викиданные)","confidence":"ok"}},{"type":"Feature","id":"settlements_wd:6f2a37922939","geometry":{"type":"Point","coordinates":[23.05,50.483333]},"properties":{"uid":"settlements_wd:6f2a37922939","layer":"settlements_wd","layer_title":"Населённые места: год основания","group":"admin","title":"Юзефув","category":"город","place_text":"Юзефув","region":"Юзефув","year_from":1725,"year_to":1960,"date_precision":"open","date_approx":true,"period_raw":"с 1725","summary":"город в Польше, входит в Билгорайский повят Люблинского воеводства","url":"https://ru.wikipedia.org/wiki/%D0%AE%D0%B7%D0%B5%D1%84%D1%83%D0%B2_(%D0%9B%D1%8E%D0%B1%D0%BB%D0%B8%D0%BD%D1%81%D0%BA%D0%BE%D0%B5_%D0%B2%D0%BE%D0%B5%D0%B2%D0%BE%D0%B4%D1%81%D1%82%D0%B2%D0%BE)","image_url":"http://commons.wikimedia.org/wiki/Special:FilePath/J%C3%B3zef%C3%B3w%20kamienio%C5%82omy%20panorama.jpg","source":"Викиданные","source_id":"Q1025336","license":"CC0 (Викиданные)","confidence":"ok"}},{"type":"Feature","id":"settlements_wd:066c28b50cd0","geometry":{"type":"Point","coordinates":[38.260528,48.31275]},"properties":{"uid":"settlements_wd:066c28b50cd0","layer":"settlements_wd","layer_title":"Населённые места: год основания","group":"admin","title":"Углегорск","category":"город Украины","place_text":"Vuhlehirsk Hromada","region":"Vuhlehirsk Hromada","year_from":1879,"year_to":1960,"date_precision":"open","date_approx":true,"period_raw":"с 1879","summary":"город районного значения в Бахмутском районе Донецкой области, Украина","url":"https://ru.wikipedia.org/wiki/%D0%A3%D0%B3%D0%BB%D0%B5%D0%B3%D0%BE%D1%80%D1%81%D0%BA_(%D0%A3%D0%BA%D1%80%D0%B0%D0%B8%D0%BD%D0%B0)","image_url":"http://commons.wikimedia.org/wiki/Special:FilePath/Wuhlehirsk-06.jpg","source":"Викиданные","source_id":"Q1025478","license":"CC0 (Викиданные)","confidence":"ok"}},{"type":"Feature","id":"settlements_wd:3bb92fd4a168","geometry":{"type":"Point","coordinates":[38.066667,47.666667]},"properties":{"uid":"settlements_wd:3bb92fd4a168","layer":"settlements_wd","layer_title":"Населённые места: год основания","group":"admin","title":"Кальмиусское","category":"город Украины","place_text":"Kalmiuske Hromada","region":"Kalmiuske Hromada","year_from":1933,"year_to":1960,"date_precision":"open","date_approx":true,"period_raw":"с 1933","summary":"город районного значения в Старобешевском районе Донецкой области","url":"https://ru.wikipedia.org/wiki/%D0%9A%D0%BE%D0%BC%D1%81%D0%BE%D0%BC%D0%BE%D0%BB%D1%8C%D1%81%D0%BA%D0%BE%D0%B5_(%D0%B3%D0%BE%D1%80%D0%BE%D0%B4)","image_url":"http://commons.wikimedia.org/wiki/Special:FilePath/Koms%205%20school.jpeg","source":"Викиданные","source_id":"Q1025487","license":"CC0 (Викиданные)","confidence":"ok"}},{"type":"Feature","id":"settlements_wd:127ebf0ee5fc","geometry":{"type":"Point","coordinates":[46.3239,40.5905]},"properties":{"uid":"settlements_wd:127ebf0ee5fc","layer":"settlements_wd","layer_title":"Населённые места: год основания","group":"admin","title":"Гёйгёль","category":"город","place_text":"Гёйгёльский район","region":"Гёйгёльский район","year_from":1819,"year_to":1960,"date_precision":"open","date_approx":true,"period_raw":"с 1819","summary":"город в Азербайджане, административный центр Гёйгёльского района","url":"https://ru.wikipedia.org/wiki/%D0%93%D1%91%D0%B9%D0%B3%D1%91%D0%BB%D1%8C_(%D0%B3%D0%BE%D1%80%D0%BE%D0%B4)","image_url":"http://commons.wikimedia.org/wiki/Special:FilePath/Helenendorf%20HAliyevStreet%20004%204412.jpg","source":"Викиданные","source_id":"Q1026631","license":"CC0 (Викиданные)","confidence":"ok"}},{"type":"Feature","id":"settlements_wd:04cc50f38eca","geometry":{"type":"Point","coordinates":[61.0,41.55]},"properties":{"uid":"settlements_wd:04cc50f38eca","layer":"settlements_wd","layer_title":"Населённые места: год основания","group":"admin","title":"Турткуль","category":"город","place_text":"Турткульский район","region":"Турткульский район","year_from":1873,"year_to":1960,"date_precision":"open","date_approx":true,"period_raw":"с 1873","summary":"город в Республике Каракалпакстан, Узбекистан","url":"https://ru.wikipedia.org/wiki/%D0%A2%D1%83%D1%80%D1%82%D0%BA%D1%83%D0%BB%D1%8C","image_url":"http://commons.wikimedia.org/wiki/Special:FilePath/%D0%93%D0%BE%D1%80%D0%BE%D0%B4%20%D0%A2%D1%83%D1%80%D1%82%D0%BA%D1%83%D0%BB%D1%8C.%20%D0%9C%D0%B5%D1%87%D0%B5%D1%82%D1%8C.jpg","source":"Викиданные","source_id":"Q1027623","license":"CC0 (Викиданные)","confidence":"ok"}},{"type":"Feature","id":"settlements_wd:eab830831ada","geometry":{"type":"Point","coordinates":[25.816667,50.716667]},"properties":{"uid":"settlements_wd:eab830831ada","layer":"settlements_wd","layer_title":"Населённые места: год основания","group":"admin","title":"Олыка","category":"посёлок городского типа Украины","place_text":"Олыкская поселковая община","region":"Олыкская поселковая община","year_from":1564,"year_to":1960,"date_precision":"open","date_approx":true,"period_raw":"с 1564","summary":"город в Луцком районе Волынской области Украины","url":"https://ru.wikipedia.org/wiki/%D0%9E%D0%BB%D1%8B%D0%BA%D0%B0","image_url":"http://commons.wikimedia.org/wiki/Special:FilePath/Olyka%20collage.jpg","source":"Викиданные","source_id":"Q1050383","license":"CC0 (Викиданные)","confidence":"ok"}},{"type":"Feature","id":"settlements_wd:c8a3da21b176","geometry":{"type":"Point","coordinates":[20.838333,49.957778]},"properties":{"uid":"settlements_wd:c8a3da21b176","layer":"settlements_wd","layer_title":"Населённые места: год основания","group":"admin","title":"Войнич","category":"город","place_text":"Войнич","region":"Войнич","year_from":1278,"year_to":1960,"date_precision":"open","date_approx":true,"period_raw":"с 1278","summary":"город в Польше, входит в Тарнувский повят Малопольского воеводства","url":"https://ru.wikipedia.org/wiki/%D0%92%D0%BE%D0%B9%D0%BD%D0%B8%D1%87_(%D0%9F%D0%BE%D0%BB%D1%8C%D1%88%D0%B0)","image_url":"http://commons.wikimedia.org/wiki/Special:FilePath/Pa%C5%82ac%20D%C4%85mbskich%20w%20Wojniczu%20%28fot.%202%29.jpg","source":"Викиданные","source_id":"Q1089052","license":"CC0 (Викиданные)","confidence":"ok"}},{"type":"Feature","id":"settlements_wd:d6e5f5ecb85a","geometry":{"type":"Point","coordinates":[35.621667,49.838611]},"properties":{"uid":"settlements_wd:d6e5f5ecb85a","layer":"settlements_wd","layer_title":"Населённые места: год основания","group":"admin","title":"Валки","category":"город Украины","place_text":"Богодуховский район","region":"Богодуховский район","year_from":1642,"year_to":1960,"date_precision":"open","date_approx":true,"period_raw":"с 1642","summary":"город в Богодуховском районе Харьковской области Украины","url":"https://ru.wikipedia.org/wiki/%D0%92%D0%B0%D0%BB%D0%BA%D0%B8_(%D0%B3%D0%BE%D1%80%D0%BE%D0%B4)","image_url":"http://commons.wikimedia.org/wiki/Special:FilePath/The%20house%20where%20the%20doctor%20Danilo%20Ivanov%20lived%20in%20Valky%20%285%29.jpg","source":"Викиданные","source_id":"Q1104747","license":"CC0 (Викиданные)","confidence":"ok"}},{"type":"Feature","id":"settlements_wd:b67958e45862","geometry":{"type":"Point","coordinates":[20.63496,49.56364]},"properties":{"uid":"settlements_wd:b67958e45862","layer":"settlements_wd","layer_title":"Населённые места: год основания","group":"admin","title":"Старый Сонч","category":"город","place_text":"Стары-Сонч","region":"Стары-Сонч","year_from":1257,"year_to":1960,"date_precision":"open","date_approx":true,"period_raw":"с 1257","summary":"город в Польше, входит в Малопольское воеводство, Новосонченский повят","url":"https://ru.wikipedia.org/wiki/%D0%A1%D1%82%D0%B0%D1%80%D1%8B-%D0%A1%D0%BE%D0%BD%D1%87","image_url":"http://commons.wikimedia.org/wiki/Special:FilePath/Zalozenie%20urbanistyczne%20miasta%20Stary%20Sacz%20ffolas%2001.jpg","source":"Викиданные","source_id":"Q1280257","license":"CC0 (Викиданные)","confidence":"ok"}},{"type":"Feature","id":"settlements_wd:0e28187bb004","geometry":{"type":"Point","coordinates":[19.866667,50.233333]},"properties":{"uid":"settlements_wd:0e28187bb004","layer":"settlements_wd","layer_title":"Населённые места: год основания","group":"admin","title":"Скала","category":"город","place_text":"Скала","region":"Скала","year_from":1267,"year_to":1960,"date_precision":"open","date_approx":true,"period_raw":"с 1267","summary":"город в Польше, входит в Краковский повят Малопольского воеводства","url":"https://ru.wikipedia.org/wiki/%D0%A1%D0%BA%D0%B0%D0%BB%D0%B0_(%D0%B3%D0%BE%D1%80%D0%BE%D0%B4)","image_url":"http://commons.wikimedia.org/wiki/Special:FilePath/Skala%20kosciol%2020080412%202882.jpg","source":"Викиданные","source_id":"Q1280559","license":"CC0 (Викиданные)","confidence":"ok"}},{"type":"Feature","id":"settlements_wd:cfacd456fc85","geometry":{"type":"Point","coordinates":[20.711389,49.435278]},"properties":{"uid":"settlements_wd:cfacd456fc85","layer":"settlements_wd","layer_title":"Населённые места: год основания","group":"admin","title":"Пивнична-Здруй","category":"город","place_text":"Пивнична-Здруй","region":"Пивнична-Здруй","year_from":1348,"year_to":1960,"date_precision":"open","date_approx":true,"period_raw":"с 1348","summary":"город в Польше, входит в Малопольское воеводство, Новосонченский повят.","url":"https://ru.wikipedia.org/wiki/%D0%9F%D0%B8%D0%B2%D0%BD%D0%B8%D1%87%D0%BD%D0%B0-%D0%97%D0%B4%D1%80%D1%83%D0%B9","image_url":"http://commons.wikimedia.org/wiki/Special:FilePath/Popradzki%20park.jpg","source":"Викиданные","source_id":"Q1280603","license":"CC0 (Викиданные)","confidence":"ok"}},{"type":"Feature","id":"settlements_wd:b445fb206ed1","geometry":{"type":"Point","coordinates":[19.437778,49.995833]},"properties":{"uid":"settlements_wd:b445fb206ed1","layer":"settlements_wd","layer_title":"Населённые места: год основания","group":"admin","title":"Затор","category":"город","place_text":"Затор","region":"Затор","year_from":1101,"year_to":1960,"date_precision":"open","date_approx":true,"period_raw":"с 1101","summary":"город на юге Польши, в Освенцимском повяте Малопольского воеводства","url":"https://ru.wikipedia.org/wiki/%D0%97%D0%B0%D1%82%D0%BE%D1%80_(%D0%B3%D0%BE%D1%80%D0%BE%D0%B4)","image_url":"http://commons.wikimedia.org/wiki/Special:FilePath/Zator%20town%20hall%202021.jpg","source":"Викиданные","source_id":"Q1281557","license":"CC0 (Викиданные)","confidence":"ok"}},{"type":"Feature","id":"settlements_wd:dd23bde41b92","geometry":{"type":"Point","coordinates":[36.946111,50.288056]},"properties":{"uid":"settlements_wd:dd23bde41b92","layer":"settlements_wd","layer_title":"Населённые места: год основания","group":"admin","title":"Волчанск","category":"приграничный город","place_text":"Волчанская городская община","region":"Волчанская городская община","year_from":1674,"year_to":1960,"date_precision":"open","date_approx":true,"period_raw":"с 1674","summary":"город в Харьковской области Украины","url":"https://ru.wikipedia.org/wiki/%D0%92%D0%BE%D0%BB%D1%87%D0%B0%D0%BD%D1%81%D0%BA_(%D0%A3%D0%BA%D1%80%D0%B0%D0%B8%D0%BD%D0%B0)","image_url":"http://commons.wikimedia.org/wiki/Special:FilePath/%D0%9B%D0%B5%D0%BD%D1%96%D0%BD%D0%B0%2C%2075.%D0%92%D0%BE%D0%B2%D1%87%D0%B0%D0%BD%D1%81%D1%8C%D0%BA.JPG","source":"Викиданные","source_id":"Q1104773","license":"CC0 (Викиданные)","confidence":"ok"}},{"type":"Feature","id":"settlements_wd:b1fd331cec21","geometry":{"type":"Point","coordinates":[36.355833,49.687778]},"properties":{"uid":"settlements_wd:b1fd331cec21","layer":"settlements_wd","layer_title":"Населённые места: год основания","group":"admin","title":"Змиёв","category":"город Украины","place_text":"Чугуевский район","region":"Чугуевский район","year_from":1640,"year_to":1960,"date_precision":"open","date_approx":true,"period_raw":"с 1640","summary":"город в Чугуевском районе Харьковской области Украины","url":"https://ru.wikipedia.org/wiki/%D0%97%D0%BC%D0%B8%D1%91%D0%B2","image_url":"http://commons.wikimedia.org/wiki/Special:FilePath/%D0%97%D0%BC%D1%96%D1%97%D0%B2%20-%2007.JPG","source":"Викиданные","source_id":"Q1106097","license":"CC0 (Викиданные)","confidence":"ok"}},{"type":"Feature","id":"settlements_wd:c601ae126083","geometry":{"type":"Point","coordinates":[66.404167,51.955556]},"properties":{"uid":"settlements_wd:c601ae126083","layer":"settlements_wd","layer_title":"Населённые места: год основания","group":"admin","title":"Есиль","category":"город","place_text":"Есильский район","region":"Есильский район","year_from":1939,"year_to":1960,"date_precision":"open","date_approx":true,"period_raw":"с 1939","summary":"город в Акмолинской области, Казахстан","url":"https://ru.wikipedia.org/wiki/%D0%95%D1%81%D0%B8%D0%BB%D1%8C","image_url":"http://commons.wikimedia.org/wiki/Special:FilePath/Esil2.jpg","source":"Викиданные","source_id":"Q1238323","license":"CC0 (Викиданные)","confidence":"ok"}},{"type":"Feature","id":"settlements_wd:0c871339426e","geometry":{"type":"Point","coordinates":[20.395833,53.9875]},"properties":{"uid":"settlements_wd:0c871339426e","layer":"settlements_wd","layer_title":"Населённые места: год основания","group":"admin","title":"Добре-Място","category":"город","place_text":"Добре-Място","region":"Добре-Място","year_from":1326,"year_to":1960,"date_precision":"open","date_approx":true,"period_raw":"с 1326","summary":"город в Польше, входит в Варминьско-Мазурское воеводство, Ольштынский повят","url":"https://ru.wikipedia.org/wiki/%D0%94%D0%BE%D0%B1%D1%80%D0%B5-%D0%9C%D1%8F%D1%81%D1%82%D0%BE","image_url":"http://commons.wikimedia.org/wiki/Special:FilePath/Kolegiata%20Dobre%20Miasto%201.JPG","source":"Викиданные","source_id":"Q1505099","license":"CC0 (Викиданные)","confidence":"ok"}},{"type":"Feature","id":"settlements_wd:b01a1004a7d2","geometry":{"type":"Point","coordinates":[21.933889,53.410556]},"properties":{"uid":"settlements_wd:b01a1004a7d2","layer":"settlements_wd","layer_title":"Населённые места: год основания","group":"admin","title":"Кольно","category":"городская гмина","place_text":"Кольненский повят","region":"Кольненский повят","year_from":1425,"year_to":1960,"date_precision":"open","date_approx":true,"period_raw":"с 1425","summary":"город в Польше, входит в Подляское воеводство, Кольненский повят","url":"https://ru.wikipedia.org/wiki/%D0%9A%D0%BE%D0%BB%D1%8C%D0%BD%D0%BE_(%D0%B3%D0%BE%D1%80%D0%BE%D0%B4)","image_url":"http://commons.wikimedia.org/wiki/Special:FilePath/Kolno%20-%20widok%20z%20wie%C5%BCy%20stra%C5%BCackiej.JPG","source":"Викиданные","source_id":"Q1614791","license":"CC0 (Викиданные)","confidence":"ok"}},{"type":"Feature","id":"settlements_wd:52c9b88394f8","geometry":{"type":"Point","coordinates":[38.205278,48.231111]},"properties":{"uid":"settlements_wd:52c9b88394f8","layer":"settlements_wd","layer_title":"Населённые места: год основания","group":"admin","title":"Енакиево","category":"город Украины","place_text":"Yenakiieve urban hromada","region":"Yenakiieve urban hromada","year_from":1782,"year_to":1960,"date_precision":"open","date_approx":true,"period_raw":"с 1782","summary":"город в Горловском районе Донецкой области","url":"https://ru.wikipedia.org/wiki/%D0%95%D0%BD%D0%B0%D0%BA%D0%B8%D0%B5%D0%B2%D0%BE","image_url":"http://commons.wikimedia.org/wiki/Special:FilePath/Yenakievo%20sq%20lenin.jpg","source":"Викиданные","source_id":"Q1686835","license":"CC0 (Викиданные)","confidence":"ok"}},{"type":"Feature","id":"settlements_wd:eb629db8200a","geometry":{"type":"Point","coordinates":[115.726667,49.9]},"properties":{"uid":"settlements_wd:eb629db8200a","layer":"settlements_wd","layer_title":"Населённые места: год основания","group":"admin","title":"Соловьёвск","category":"село","place_text":"Сельское поселение «Соловьёвское»","region":"Сельское поселение «Соловьёвское»","year_from":1923,"year_to":1960,"date_precision":"open","date_approx":true,"period_raw":"с 1923","summary":"село в Борзинском районе Забайкальского края России","url":"https://ru.wikipedia.org/wiki/%D0%A1%D0%BE%D0%BB%D0%BE%D0%B2%D1%8C%D1%91%D0%B2%D1%81%D0%BA_(%D0%97%D0%B0%D0%B1%D0%B0%D0%B9%D0%BA%D0%B0%D0%BB%D1%8C%D1%81%D0%BA%D0%B8%D0%B9_%D0%BA%D1%80%D0%B0%D0%B9)","source":"Викиданные","source_id":"Q1708444","license":"CC0 (Викиданные)","confidence":"ok"}},{"type":"Feature","id":"settlements_wd:08cbd1ca85d8","geometry":{"type":"Point","coordinates":[24.363889,55.725]},"properties":{"uid":"settlements_wd:08cbd1ca85d8","layer":"settlements_wd","layer_title":"Населённые места: год основания","group":"admin","title":"Паневежис","category":"город","place_text":"Паневежское городское самоуправление","region":"Паневежское городское самоуправление","year_from":1503,"year_to":1960,"date_precision":"open","date_approx":true,"period_raw":"с 1503","summary":"город в Литве, административный центр Паневежского уезда и Паневежского района","url":"https://ru.wikipedia.org/wiki/%D0%9F%D0%B0%D0%BD%D0%B5%D0%B2%D0%B5%D0%B6%D0%B8%D1%81","image_url":"http://commons.wikimedia.org/wiki/Special:FilePath/Pnv2%20by%20Augustas%20Didzgalvis.jpg","source":"Викиданные","source_id":"Q1719466","license":"CC0 (Викиданные)","confidence":"ok"}},{"type":"Feature","id":"settlements_wd:536079d991f6","geometry":{"type":"Point","coordinates":[38.766667,48.016667]},"properties":{"uid":"settlements_wd:536079d991f6","layer":"settlements_wd","layer_title":"Населённые места: год основания","group":"admin","title":"Снежное","category":"город Украины","place_text":"Snizhne Hromada","region":"Snizhne Hromada","year_from":1784,"year_to":1960,"date_precision":"open","date_approx":true,"period_raw":"с 1784","summary":"город в Донецкой области","url":"https://ru.wikipedia.org/wiki/%D0%A1%D0%BD%D0%B5%D0%B6%D0%BD%D0%BE%D0%B5","image_url":"http://commons.wikimedia.org/wiki/Special:FilePath/Snezhnoe%20011.jpg","source":"Викиданные","source_id":"Q1749424","license":"CC0 (Викиданные)","confidence":"ok"}},{"type":"Feature","id":"settlements_wd:f70408642506","geometry":{"type":"Point","coordinates":[23.333333,53.016667]},"properties":{"uid":"settlements_wd:f70408642506","layer":"settlements_wd","layer_title":"Населённые места: год основания","group":"admin","title":"Заблудув","category":"город","place_text":"Заблудув","region":"Заблудув","year_from":1553,"year_to":1960,"date_precision":"open","date_approx":true,"period_raw":"с 1553","summary":"город и гимна, входит в Белостокский повят Подляского воеводства Польши","url":"https://ru.wikipedia.org/wiki/%D0%97%D0%B0%D0%B1%D0%BB%D1%83%D0%B4%D1%83%D0%B2","image_url":"http://commons.wikimedia.org/wiki/Special:FilePath/Kosciol%20w%20Zabludowie%20front.jpg","source":"Викиданные","source_id":"Q1906311","license":"CC0 (Викиданные)","confidence":"ok"}},{"type":"Feature","id":"settlements_wd:93872fd20352","geometry":{"type":"Point","coordinates":[23.333333,53.216667]},"properties":{"uid":"settlements_wd:93872fd20352","layer":"settlements_wd","layer_title":"Населённые места: год основания","group":"admin","title":"Супрасль","category":"город","place_text":"Супрасль","region":"Супрасль","year_from":1500,"year_to":1960,"date_precision":"open","date_approx":true,"period_raw":"с 1500","summary":"город в Польше, в Белостокском повете Подляского воеводства","url":"https://ru.wikipedia.org/wiki/%D0%A1%D1%83%D0%BF%D1%80%D0%B0%D1%81%D0%BB%D1%8C","image_url":"http://commons.wikimedia.org/wiki/Special:FilePath/Supra%C5%9Bl%20Karczma%20632981.jpg","source":"Викиданные","source_id":"Q1906334","license":"CC0 (Викиданные)","confidence":"ok"}},{"type":"Feature","id":"settlements_wd:1b7d6a6c5891","geometry":{"type":"Point","coordinates":[22.59381,49.4304]},"properties":{"uid":"settlements_wd:1b7d6a6c5891","layer":"settlements_wd","layer_title":"Населённые места: год основания","group":"admin","title":"Устшики-Дольне","category":"город","place_text":"Устшики-Дольне","region":"Устшики-Дольне","year_from":1509,"year_to":1960,"date_precision":"open","date_approx":true,"period_raw":"с 1509","summary":"город в Польше, входит в Бещадский повят Подкарпатского воеводства","url":"https://ru.wikipedia.org/wiki/%D0%A3%D1%81%D1%82%D1%88%D0%B8%D0%BA%D0%B8-%D0%94%D0%BE%D0%BB%D1%8C%D0%BD%D0%B5_(%D0%B3%D0%BE%D1%80%D0%BE%D0%B4)","image_url":"http://commons.wikimedia.org/wiki/Special:FilePath/Ustrzyki%20Dolne-widok%20og%C3%B3lny.jpg","source":"Викиданные","source_id":"Q1906346","license":"CC0 (Викиданные)","confidence":"ok"}},{"type":"Feature","id":"settlements_wd:6ccf49f8ded9","geometry":{"type":"Point","coordinates":[18.444444,50.727778]},"properties":{"uid":"settlements_wd:6ccf49f8ded9","layer":"settlements_wd","layer_title":"Населённые места: год основания","group":"admin","title":"Добродзень","category":"город","place_text":"Добродзень","region":"Добродзень","year_from":1279,"year_to":1960,"date_precision":"open","date_approx":true,"period_raw":"с 1279","summary":"город в Польше, входит в Опольское воеводство, Олесненский повят","url":"https://ru.wikipedia.org/wiki/%D0%94%D0%BE%D0%B1%D1%80%D0%BE%D0%B4%D0%B7%D0%B5%D0%BD%D1%8C","image_url":"http://commons.wikimedia.org/wiki/Special:FilePath/SM%20Dobrodzie%C5%84%20Ko%C5%9Bci%C3%B3%C5%82%20%C5%9Bw.%20Walentego%20%280%29%20ID%20627699.jpg","source":"Викиданные","source_id":"Q1780345","license":"CC0 (Викиданные)","confidence":"ok"}},{"type":"Feature","id":"settlements_wd:4ad7881eaa2f","geometry":{"type":"Point","coordinates":[26.803889,48.265278]},"properties":{"uid":"settlements_wd:4ad7881eaa2f","layer":"settlements_wd","layer_title":"Населённые места: год основания","group":"admin","title":"Липканы","category":"город","place_text":"Бричанский район","region":"Бричанский район","year_from":1699,"year_to":1960,"date_precision":"open","date_approx":true,"period_raw":"с 1699","summary":"город в Молдавии","url":"https://ru.wikipedia.org/wiki/%D0%9B%D0%B8%D0%BF%D0%BA%D0%B0%D0%BD%D1%8B","image_url":"http://commons.wikimedia.org/wiki/Special:FilePath/Lipcani%2C%20r-n%20Briceni%2C%20Republica%20Moldova%20St%20Katherine%20Church%2C%20Lipcani%2C%20Briceni%20Region%2C%20Republic%20of%20Moldova%20%2850950938838%29.jpg","source":"Викиданные","source_id":"Q1827367","license":"CC0 (Викиданные)","confidence":"ok"}},{"type":"Feature","id":"settlements_wd:a44be73399c9","geometry":{"type":"Point","coordinates":[38.561944,48.629722]},"properties":{"uid":"settlements_wd:a44be73399c9","layer":"settlements_wd","layer_title":"Населённые места: год основания","group":"admin","title":"Первомайск","category":"город Украины","place_text":"Kadiivka urban hromada","region":"Kadiivka urban hromada","year_from":1765,"year_to":1960,"date_precision":"open","date_approx":true,"period_raw":"с 1765","summary":"город на Украине, Луганская область, Первомайский городской совет","url":"https://ru.wikipedia.org/wiki/%D0%9F%D0%B5%D1%80%D0%B2%D0%BE%D0%BC%D0%B0%D0%B9%D1%81%D0%BA_(%D0%B3%D0%BE%D1%80%D0%BE%D0%B4,_%D0%9B%D1%83%D0%B3%D0%B0%D0%BD%D1%81%D0%BA%D0%B0%D1%8F_%D0%BE%D0%B1%D0%BB%D0%B0%D1%81%D1%82%D1%8C)","image_url":"http://commons.wikimedia.org/wiki/Special:FilePath/%D0%9F%D0%B5%D1%80%D0%B2%D0%BE%D0%BC%D0%B0%D0%B9%D1%81%D0%BA%20%D1%83%D0%BB.%D0%A2%D1%80%D1%83%D0%B4%D0%BE%D0%B2%D0%B0%D1%8F%20%281%29.jpg","source":"Викиданные","source_id":"Q1844446","license":"CC0 (Викиданные)","confidence":"ok"}},{"type":"Feature","id":"settlements_wd:d4c0b803c5e7","geometry":{"type":"Point","coordinates":[21.58768,51.35542]},"properties":{"uid":"settlements_wd:d4c0b803c5e7","layer":"settlements_wd","layer_title":"Населённые места: год основания","group":"admin","title":"Зволень","category":"город","place_text":"Зволень","region":"Зволень","year_from":1425,"year_to":1960,"date_precision":"open","date_approx":true,"period_raw":"с 1425","summary":"город в Польше, входит в Мазовецкое воеводство, центр Зволенского повята","url":"https://ru.wikipedia.org/wiki/%D0%97%D0%B2%D0%BE%D0%BB%D0%B5%D0%BD%D1%8C","image_url":"http://commons.wikimedia.org/wiki/Special:FilePath/Plac%20kochanowskiego%20zwole%C5%84.jpg","source":"Викиданные","source_id":"Q1897640","license":"CC0 (Викиданные)","confidence":"ok"}},{"type":"Feature","id":"settlements_wd:c655dd369d5e","geometry":{"type":"Point","coordinates":[23.245,51.119444]},"properties":{"uid":"settlements_wd:c655dd369d5e","layer":"settlements_wd","layer_title":"Населённые места: год основания","group":"admin","title":"Реёвец-Фабрычны","category":"городская гмина","place_text":"Хелмский повет","region":"Хелмский повет","year_from":1958,"year_to":1960,"date_precision":"open","date_approx":true,"period_raw":"с 1958","summary":"город и гмина в Хелмском повяте Люблинского воеводства Польши","url":"https://ru.wikipedia.org/wiki/%D0%A0%D0%B5%D1%91%D0%B2%D0%B5%D1%86-%D0%A4%D0%B0%D0%B1%D1%80%D1%8B%D1%87%D0%BD%D1%8B","image_url":"http://commons.wikimedia.org/wiki/Special:FilePath/The%20Kiwerski%20Manor%20in%20Rejowiec%20Fabryczny.jpg","source":"Викиданные","source_id":"Q1906301","license":"CC0 (Викиданные)","confidence":"ok"}},{"type":"Feature","id":"settlements_wd:5a4179432c7a","geometry":{"type":"Point","coordinates":[22.216667,51.283333]},"properties":{"uid":"settlements_wd:5a4179432c7a","layer":"settlements_wd","layer_title":"Населённые места: год основания","group":"admin","title":"Наленчув","category":"город","place_text":"Наленчув","region":"Наленчув","year_from":1772,"year_to":1960,"date_precision":"open","date_approx":true,"period_raw":"с 1772","summary":"город в Польше, входит в Люблинское воеводство, Пулавский повят","url":"https://ru.wikipedia.org/wiki/%D0%9D%D0%B0%D0%BB%D0%B5%D0%BD%D1%87%D1%83%D0%B2","image_url":"http://commons.wikimedia.org/wiki/Special:FilePath/Na%C5%82%C4%99cz%C3%B3w%2C%20Park%20Zdrojowy%2C%202016.jpg","source":"Викиданные","source_id":"Q1916952","license":"CC0 (Викиданные)","confidence":"ok"}},{"type":"Feature","id":"settlements_wd:777d579a0041","geometry":{"type":"Point","coordinates":[21.05,49.9]},"properties":{"uid":"settlements_wd:777d579a0041","layer":"settlements_wd","layer_title":"Населённые места: год основания","group":"admin","title":"Тухув","category":"город","place_text":"Тухув","region":"Тухув","year_from":1105,"year_to":1960,"date_precision":"open","date_approx":true,"period_raw":"с 1105","summary":"город в Польше, входит в Малопольское воеводство, Тарнувский повят","url":"https://ru.wikipedia.org/wiki/%D0%A2%D1%83%D1%85%D1%83%D0%B2","image_url":"http://commons.wikimedia.org/wiki/Special:FilePath/Tuchow%20Furmaniec%20widok%203.jpg","source":"Викиданные","source_id":"Q1922294","license":"CC0 (Викиданные)","confidence":"ok"}},{"type":"Feature","id":"settlements_wd:4de1314055d5","geometry":{"type":"Point","coordinates":[21.933333,51.633333]},"properties":{"uid":"settlements_wd:4de1314055d5","layer":"settlements_wd","layer_title":"Населённые места: год основания","group":"admin","title":"Рыки","category":"город","place_text":"Рыки","region":"Рыки","year_from":1442,"year_to":1960,"date_precision":"open","date_approx":true,"period_raw":"с 1442","summary":"город в Польше, входит в Люблинское воеводство, Рыцкий повят","url":"https://ru.wikipedia.org/wiki/%D0%A0%D1%8B%D0%BA%D0%B8","image_url":"http://commons.wikimedia.org/wiki/Special:FilePath/Ryki%2C%20Urz%C4%85d%20Stanu%20Cywilnego%2C%20Miejska%20Biblioteka%2C%20Miejski%20O%C5%9Brodek%20Kultury%20-%20fotopolska.eu%20%28337652%29.jpg","source":"Викиданные","source_id":"Q1922307","license":"CC0 (Викиданные)","confidence":"ok"}},{"type":"Feature","id":"settlements_wd:d0a3807e43cb","geometry":{"type":"Point","coordinates":[68.504444,43.516944]},"properties":{"uid":"settlements_wd:d0a3807e43cb","layer":"settlements_wd","layer_title":"Населённые места: год основания","group":"admin","title":"Кентау","category":"город","place_text":"Кентауская городская администрация","region":"Кентауская городская администрация","year_from":1955,"year_to":1960,"date_precision":"open","date_approx":true,"period_raw":"с 1955","summary":"город в Казахстане","url":"https://ru.wikipedia.org/wiki/%D0%9A%D0%B5%D0%BD%D1%82%D0%B0%D1%83","image_url":"http://commons.wikimedia.org/wiki/Special:FilePath/%D0%9A%D0%B5%D0%BD%D1%82%D0%B0%D1%83.%20%D0%92%D0%B8%D0%B4%20006.%202007.10.JPG","source":"Викиданные","source_id":"Q1315249","license":"CC0 (Викиданные)","confidence":"ok"}},{"type":"Feature","id":"settlements_wd:9b23a9f3eafd","geometry":{"type":"Point","coordinates":[23.354444,54.556667]},"properties":{"uid":"settlements_wd:9b23a9f3eafd","layer":"settlements_wd","layer_title":"Населённые места: год основания","group":"admin","title":"Мариямполе","category":"город","place_text":"Мариямпольское самоуправление","region":"Мариямпольское самоуправление","year_from":1667,"year_to":1960,"date_precision":"open","date_approx":true,"period_raw":"с 1667","summary":"город в Литве, административный центр Мариямпольского уезда","url":"https://ru.wikipedia.org/wiki/%D0%9C%D0%B0%D1%80%D0%B8%D1%8F%D0%BC%D0%BF%D0%BE%D0%BB%D0%B5","image_url":"http://commons.wikimedia.org/wiki/Special:FilePath/Marijampole%20city.jpg","source":"Викиданные","source_id":"Q1351046","license":"CC0 (Викиданные)","confidence":"ok"}},{"type":"Feature","id":"settlements_wd:1ce8f0452a6d","geometry":{"type":"Point","coordinates":[21.23979,51.16313]},"properties":{"uid":"settlements_wd:1ce8f0452a6d","layer":"settlements_wd","layer_title":"Населённые места: год основания","group":"admin","title":"Илжа","category":"город","place_text":"Илжа","region":"Илжа","year_from":1239,"year_to":1960,"date_precision":"open","date_approx":true,"period_raw":"с 1239","summary":"город в Польше, входит в Радомский повят Мазовецкого воеводства","url":"https://ru.wikipedia.org/wiki/%D0%98%D0%BB%D0%B6%D0%B0","image_url":"http://commons.wikimedia.org/wiki/Special:FilePath/20150519%206532%20I%C5%82%C5%BCa.jpg","source":"Викиданные","source_id":"Q1355984","license":"CC0 (Викиданные)","confidence":"ok"}},{"type":"Feature","id":"settlements_wd:de67b230443a","geometry":{"type":"Point","coordinates":[59.536111,41.800833]},"properties":{"uid":"settlements_wd:de67b230443a","layer":"settlements_wd","layer_title":"Населённые места: год основания","group":"admin","title":"Калалыгыр","category":"археологический памятник","date_precision":"unknown","date_approx":false,"summary":"античный город, располагавшийся на территории левобережного Хорезма","url":"https://ru.wikipedia.org/wiki/%D0%9A%D0%B0%D0%BB%D0%B0%D0%BB%D1%8B%D0%B3%D1%8B%D1%80","source":"Викиданные","source_id":"Q1375359","license":"CC0 (Викиданные)","confidence":"ok"}},{"type":"Feature","id":"settlements_wd:c22083ce13ca","geometry":{"type":"Point","coordinates":[22.855,51.491111]},"properties":{"uid":"settlements_wd:c22083ce13ca","layer":"settlements_wd","layer_title":"Населённые места: год основания","group":"admin","title":"Острув-Любельский","category":"город","place_text":"Острув-Любельский","region":"Острув-Любельский","year_from":1500,"year_to":1960,"date_precision":"open","date_approx":true,"period_raw":"с 1500","summary":"город в Польше, входит в Люблинское воеводство, Любартувский повят","url":"https://ru.wikipedia.org/wiki/%D0%9E%D1%81%D1%82%D1%80%D1%83%D0%B2-%D0%9B%D1%8E%D0%B1%D0%B5%D0%BB%D1%8C%D1%81%D0%BA%D0%B8","image_url":"http://commons.wikimedia.org/wiki/Special:FilePath/Ko%C5%9Bci%C3%B3%C5%82%20Niepokalanego%20Pocz%C4%99cia%20Naj%C5%9Bwi%C4%99tszej%20Maryi%20Panny.jpg","source":"Викиданные","source_id":"Q1946017","license":"CC0 (Викиданные)","confidence":"ok"}},{"type":"Feature","id":"settlements_wd:f1294db800cc","geometry":{"type":"Point","coordinates":[22.266667,49.516667]},"properties":{"uid":"settlements_wd:f1294db800cc","layer":"settlements_wd","layer_title":"Населённые места: год основания","group":"admin","title":"Загуж","category":"город","place_text":"Загуж","region":"Загуж","year_from":1412,"year_to":1960,"date_precision":"open","date_approx":true,"period_raw":"с 1412","summary":"город в Польше, входит в Санокский повят Подкарпатского воеводства","url":"https://ru.wikipedia.org/wiki/%D0%97%D0%B0%D0%B3%D1%83%D0%B6","image_url":"http://commons.wikimedia.org/wiki/Special:FilePath/Oslawa%20bei%20Mariemont%2C%20Zag%C3%B3rz%2C%205.JPG","source":"Викиданные","source_id":"Q1946049","license":"CC0 (Викиданные)","confidence":"ok"}},{"type":"Feature","id":"settlements_wd:c9e2c1268cc8","geometry":{"type":"Point","coordinates":[22.966667,50.616667]},"properties":{"uid":"settlements_wd:c9e2c1268cc8","layer":"settlements_wd","layer_title":"Населённые места: год основания","group":"admin","title":"Звежинец","category":"город","place_text":"Звежинец","region":"Звежинец","year_from":1593,"year_to":1960,"date_precision":"open","date_approx":true,"period_raw":"с 1593","summary":"город в Польше, входит в Замойский повят Люблинского воеводства","url":"https://ru.wikipedia.org/wiki/%D0%97%D0%B2%D0%B5%D0%B6%D0%B8%D0%BD%D0%B5%D1%86_(%D0%B3%D0%BE%D1%80%D0%BE%D0%B4)","image_url":"http://commons.wikimedia.org/wiki/Special:FilePath/Zwierzyniec%20-%20ko%C5%9Bci%C3%B3%C5%82%20%22na%20wyspie%22.jpg","source":"Викиданные","source_id":"Q1946056","license":"CC0 (Викиданные)","confidence":"ok"}},{"type":"Feature","id":"settlements_wd:cacc053aa87f","geometry":{"type":"Point","coordinates":[22.03398,49.96384]},"properties":{"uid":"settlements_wd:cacc053aa87f","layer":"settlements_wd","layer_title":"Населённые места: год основания","group":"admin","title":"Тычин","category":"город","place_text":"Тычин","region":"Тычин","year_from":1368,"year_to":1960,"date_precision":"open","date_approx":true,"period_raw":"с 1368","summary":"город в Польше, входит в Жешувский повят Подкарпатского воеводства","url":"https://ru.wikipedia.org/wiki/%D0%A2%D1%8B%D1%87%D0%B8%D0%BD","image_url":"http://commons.wikimedia.org/wiki/Special:FilePath/TYCZYN%20pa%C5%82ac%20%2810%29.JPG","source":"Викиданные","source_id":"Q1946067","license":"CC0 (Викиданные)","confidence":"ok"}},{"type":"Feature","id":"settlements_wd:435a03dd1bc8","geometry":{"type":"Point","coordinates":[21.66658,50.88798]},"properties":{"uid":"settlements_wd:435a03dd1bc8","layer":"settlements_wd","layer_title":"Населённые места: год основания","group":"admin","title":"Ожарув","category":"город","place_text":"Ожарув","region":"Ожарув","year_from":1569,"year_to":1960,"date_precision":"open","date_approx":true,"period_raw":"с 1569","summary":"город в Опатувском повяте Свентокшиского воеводства Польши","url":"https://ru.wikipedia.org/wiki/%D0%9E%D0%B6%D0%B0%D1%80%D1%83%D0%B2","image_url":"http://commons.wikimedia.org/wiki/Special:FilePath/Ozarow%20%28Swietokrzyski%29%20z%20lotu%20ptaka.jpg","source":"Викиданные","source_id":"Q1922317","license":"CC0 (Викиданные)","confidence":"ok"}},{"type":"Feature","id":"settlements_wd:c80ef4f62938","geometry":{"type":"Point","coordinates":[30.883333,49.55]},"properties":{"uid":"settlements_wd:c80ef4f62938","layer":"settlements_wd","layer_title":"Населённые места: год основания","group":"admin","title":"Богуслав","category":"город Украины","place_text":"Белоцерковский район","region":"Белоцерковский район","year_from":1032,"year_to":1960,"date_precision":"open","date_approx":true,"period_raw":"с 1032","summary":"город в Киевской области","url":"https://ru.wikipedia.org/wiki/%D0%91%D0%BE%D0%B3%D1%83%D1%81%D0%BB%D0%B0%D0%B2_(%D0%B3%D0%BE%D1%80%D0%BE%D0%B4)","image_url":"http://commons.wikimedia.org/wiki/Special:FilePath/%D0%91%D0%BE%D0%B3%D1%83%D1%81%D0%BB%D0%B0%D0%B2%20%D1%96%D0%B7%20%D0%BF%D1%80%D0%B0%D0%B2%D0%BE%D0%B3%D0%BE%20%D0%B1%D0%B5%D1%80%D0%B5%D0%B3%D0%B0%20%D0%A0%D0%BE%D1%81%D1%96.%20%D0%A4%D0%BE%D1%82%D0%BE%20%D0%A0%D0%BE%D0%BC%D0%B0%D0%BD%D0%B0%20%D0%9C%D0%B0%D0%BB%D0%B5%D0%BD%D0%BA%D0%BE%D0%B2%D0%B0.jpg","source":"Викиданные","source_id":"Q1936339","license":"CC0 (Викиданные)","confidence":"ok"}},{"type":"Feature","id":"settlements_wd:2e3b2160ff25","geometry":{"type":"Point","coordinates":[38.083333,48.866667]},"properties":{"uid":"settlements_wd:2e3b2160ff25","layer":"settlements_wd","layer_title":"Населённые места: год основания","group":"admin","title":"Северск","category":"город Украины","place_text":"Северская городская община","region":"Северская городская община","year_from":1913,"year_to":1960,"date_precision":"open","date_approx":true,"period_raw":"с 1913","summary":"город в Бахмутском районе Донецкой области","url":"https://ru.wikipedia.org/wiki/%D0%A1%D0%B5%D0%B2%D0%B5%D1%80%D1%81%D0%BA_(%D0%A3%D0%BA%D1%80%D0%B0%D0%B8%D0%BD%D0%B0)","image_url":"http://commons.wikimedia.org/wiki/Special:FilePath/%D0%A1%D1%96%D0%B2%D0%B5%D1%80%D1%81%D1%8C%D0%BA%282012-08-19%29-8.jpg","source":"Викиданные","source_id":"Q1940853","license":"CC0 (Викиданные)","confidence":"ok"}},{"type":"Feature","id":"settlements_wd:0617a804e81a","geometry":{"type":"Point","coordinates":[39.183333,48.583333]},"properties":{"uid":"settlements_wd:0617a804e81a","layer":"settlements_wd","layer_title":"Населённые места: год основания","group":"admin","title":"Александровск","category":"город","place_text":"Луганская городская община","region":"Луганская городская община","year_from":1772,"year_to":1960,"date_precision":"open","date_approx":true,"period_raw":"с 1772","summary":"пригород Луганска","url":"https://ru.wikipedia.org/wiki/%D0%90%D0%BB%D0%B5%D0%BA%D1%81%D0%B0%D0%BD%D0%B4%D1%80%D0%BE%D0%B2%D1%81%D0%BA_(%D0%9B%D1%83%D0%B3%D0%B0%D0%BD%D1%81%D0%BA%D0%B0%D1%8F_%D0%BE%D0%B1%D0%BB%D0%B0%D1%81%D1%82%D1%8C)","image_url":"http://commons.wikimedia.org/wiki/Special:FilePath/Oleksandrivsk%20church.jpg","source":"Викиданные","source_id":"Q1945882","license":"CC0 (Викиданные)","confidence":"ok"}},{"type":"Feature","id":"settlements_wd:a4b08f4e1f74","geometry":{"type":"Point","coordinates":[20.89718,49.35661]},"properties":{"uid":"settlements_wd:a4b08f4e1f74","layer":"settlements_wd","layer_title":"Населённые места: год основания","group":"admin","title":"Мушина","category":"город","place_text":"Мушина","region":"Мушина","year_from":1209,"year_to":1960,"date_precision":"open","date_approx":true,"period_raw":"с 1209","summary":"город в Польше, входит в Малопольское воеводство, Новосонченский повят","url":"https://ru.wikipedia.org/wiki/%D0%9C%D1%83%D1%88%D0%B8%D0%BD%D0%B0","image_url":"http://commons.wikimedia.org/wiki/Special:FilePath/Panorama%20Muszyny.jpg","source":"Викиданные","source_id":"Q1642884","license":"CC0 (Викиданные)","confidence":"ok"}},{"type":"Feature","id":"settlements_wd:c4d33e08f504","geometry":{"type":"Point","coordinates":[86.441667,54.433333]},"properties":{"uid":"settlements_wd:c4d33e08f504","layer":"settlements_wd","layer_title":"Населённые места: год основания","group":"admin","title":"Инской","category":"населённый пункт","place_text":"Беловский городской округ","region":"Беловский городской округ","year_from":1956,"year_to":1960,"date_precision":"open","date_approx":true,"period_raw":"с 1956","summary":"посёлок городского типа в Беловском городском округе Кемеровской области России","url":"https://ru.wikipedia.org/wiki/%D0%98%D0%BD%D1%81%D0%BA%D0%BE%D0%B9","image_url":"http://commons.wikimedia.org/wiki/Special:FilePath/%D0%981.jpg","source":"Викиданные","source_id":"Q1644681","license":"CC0 (Викиданные)","confidence":"ok"}},{"type":"Feature","id":"settlements_wd:438d280ee641","geometry":{"type":"Point","coordinates":[46.2,38.866667]},"properties":{"uid":"settlements_wd:438d280ee641","layer":"settlements_wd","layer_title":"Населённые места: год основания","group":"admin","title":"Агарак","category":"приграничный город","place_text":"Мегри (община)","region":"Мегри (община)","year_from":1949,"year_to":1960,"date_precision":"open","date_approx":true,"period_raw":"с 1949","summary":"город в Армении","url":"https://ru.wikipedia.org/wiki/%D0%90%D0%B3%D0%B0%D1%80%D0%B0%D0%BA","image_url":"http://commons.wikimedia.org/wiki/Special:FilePath/Agarak%20town%20Armenia.jpg","source":"Викиданные","source_id":"Q1647453","license":"CC0 (Викиданные)","confidence":"ok"}},{"type":"Feature","id":"settlements_wd:47c0ccf6e404","geometry":{"type":"Point","coordinates":[64.551667,39.722778]},"properties":{"uid":"settlements_wd:47c0ccf6e404","layer":"settlements_wd","layer_title":"Населённые места: год основания","group":"admin","title":"Каган","category":"город","place_text":"Бухарская народная советская республика","region":"Бухарская народная советская республика","year_from":1888,"year_to":1960,"date_precision":"open","date_approx":true,"period_raw":"с 1888","summary":"город в Бухарской области, Узбекистан. Административный центр Каганского района","url":"https://ru.wikipedia.org/wiki/%D0%9A%D0%B0%D0%B3%D0%B0%D0%BD_(%D0%B3%D0%BE%D1%80%D0%BE%D0%B4)","image_url":"http://commons.wikimedia.org/wiki/Special:FilePath/Travel%20Palace%20south%20Kogon%2001.jpg","source":"Викиданные","source_id":"Q1658752","license":"CC0 (Викиданные)","confidence":"ok"}},{"type":"Feature","id":"settlements_wd:8fc52139b9a1","geometry":{"type":"Point","coordinates":[38.643056,48.513333]},"properties":{"uid":"settlements_wd:8fc52139b9a1","layer":"settlements_wd","layer_title":"Населённые места: год основания","group":"admin","title":"Брянка","category":"город Украины","place_text":"Луганская Народная Республика","region":"Луганская Народная Республика","year_from":1889,"year_to":1960,"date_precision":"open","date_approx":true,"period_raw":"с 1889","summary":"город в Алчевском районе Луганской области","url":"https://ru.wikipedia.org/wiki/%D0%91%D1%80%D1%8F%D0%BD%D0%BA%D0%B0","image_url":"http://commons.wikimedia.org/wiki/Special:FilePath/%D0%94%D0%B2%D0%BE%D1%80%D0%B5%D1%86%20%D0%BA%D1%83%D0%BB%D1%8C%D1%82%D1%83%D1%80%D1%8B%20%D0%B8%D0%BC.%20%D0%9E%D0%BA%D1%82%D1%8F%D0%B1%D1%80%D1%8C%D1%81%D0%BA%D0%BE%D0%B9%20%D1%80%D0%B5%D0%B2%D0%BE%D0%BB%D1%8E%D1%86%D0%B8%D0%B8.JPG","source":"Викиданные","source_id":"Q1659768","license":"CC0 (Викиданные)","confidence":"ok"}},{"type":"Feature","id":"settlements_wd:b9cb3e4d5699","geometry":{"type":"Point","coordinates":[48.392778,40.570833]},"properties":{"uid":"settlements_wd:b9cb3e4d5699","layer":"settlements_wd","layer_title":"Населённые места: год основания","group":"admin","title":"Ахсу","category":"город","place_text":"Ахсуйский район","region":"Ахсуйский район","year_from":1735,"year_to":1960,"date_precision":"open","date_approx":true,"period_raw":"с 1735","summary":"город в Азербайджане","url":"https://ru.wikipedia.org/wiki/%D0%90%D1%85%D1%81%D1%83","image_url":"http://commons.wikimedia.org/wiki/Special:FilePath/A%C4%9Fsu.jpg","source":"Викиданные","source_id":"Q1983868","license":"CC0 (Викиданные)","confidence":"ok"}},{"type":"Feature","id":"settlements_wd:b073dc8e99ca","geometry":{"type":"Point","coordinates":[47.4502,40.048939]},"properties":{"uid":"settlements_wd:b073dc8e99ca","layer":"settlements_wd","layer_title":"Населённые места: год основания","group":"admin","title":"Агджабеди","category":"город","place_text":"Агдамский район","region":"Агдамский район","year_from":1593,"year_to":1960,"date_precision":"open","date_approx":true,"period_raw":"с 1593","summary":"город в центральной части Азербайджана, у Верхнекарабахского канала; административный центр Агджабединского района","url":"https://ru.wikipedia.org/wiki/%D0%90%D0%B3%D0%B4%D0%B6%D0%B0%D0%B1%D0%B5%D0%B4%D0%B8","image_url":"http://commons.wikimedia.org/wiki/Special:FilePath/A%C4%9Fcab%C9%99di%20O%C4%B0K%20-%208.jpg","source":"Викиданные","source_id":"Q1983875","license":"CC0 (Викиданные)","confidence":"ok"}},{"type":"Feature","id":"settlements_wd:1ddf7f08285c","geometry":{"type":"Point","coordinates":[47.483333,40.65]},"properties":{"uid":"settlements_wd:1ddf7f08285c","layer":"settlements_wd","layer_title":"Населённые места: год основания","group":"admin","title":"Агдаш","category":"город","place_text":"Агдашский район","region":"Агдашский район","year_from":1900,"year_to":1960,"date_precision":"open","date_approx":true,"period_raw":"с 1900","summary":"город в центральной части Азербайджана, на Ширванской равнине; административный центр одноимённого района","url":"https://ru.wikipedia.org/wiki/%D0%90%D0%B3%D0%B4%D0%B0%D1%88","image_url":"http://commons.wikimedia.org/wiki/Special:FilePath/A%C4%9Fda%C5%9F%20%C3%96z%C9%99l%20T%C3%BCrk%20Liseyi.jpg","source":"Викиданные","source_id":"Q1983932","license":"CC0 (Викиданные)","confidence":"ok"}},{"type":"Feature","id":"settlements_wd:684fa9416a4f","geometry":{"type":"Point","coordinates":[47.143056,39.600278]},"properties":{"uid":"settlements_wd:684fa9416a4f","layer":"settlements_wd","layer_title":"Населённые места: год основания","group":"admin","title":"Физули","category":"город","place_text":"Физулинский район","region":"Физулинский район","year_from":1827,"year_to":1960,"date_precision":"open","date_approx":true,"period_raw":"с 1827","summary":"город в Азербайджане, административный центр Физулинского района","url":"https://ru.wikipedia.org/wiki/%D0%A4%D0%B8%D0%B7%D1%83%D0%BB%D0%B8_(%D0%B3%D0%BE%D1%80%D0%BE%D0%B4)","image_url":"http://commons.wikimedia.org/wiki/Special:FilePath/The%20city%20of%20Fuzuli%2C%20October%202023%20%E2%80%94%202.jpg","source":"Викиданные","source_id":"Q1996181","license":"CC0 (Викиданные)","confidence":"ok"}},{"type":"Feature","id":"settlements_wd:de63416acc97","geometry":{"type":"Point","coordinates":[38.480092,47.795803]},"properties":{"uid":"settlements_wd:de63416acc97","layer":"settlements_wd","layer_title":"Населённые места: год основания","group":"admin","title":"Амвросиевка","category":"город","place_text":"Амвросиевская городская община","region":"Амвросиевская городская община","year_from":1869,"year_to":1960,"date_precision":"open","date_approx":true,"period_raw":"с 1869","summary":"город в Донецком районе Донецкой области","url":"https://ru.wikipedia.org/wiki/%D0%90%D0%BC%D0%B2%D1%80%D0%BE%D1%81%D0%B8%D0%B5%D0%B2%D0%BA%D0%B0","image_url":"http://commons.wikimedia.org/wiki/Special:FilePath/%D0%A6%D0%B5%D0%BD%D1%82%D1%80%D0%B0%D0%BB%D1%8C%D0%BD%D0%B0%D1%8F%20%D0%BF%D0%BB%D0%BE%D1%89%D0%B0%D0%B4%D1%8C%20%28%D0%90%D0%BC%D0%B2%D1%80%D0%BE%D1%81%D0%B8%D0%B5%D0%B2%D0%BA%D0%B0%29%28%D1%84%D0%BE%D1%82%D0%BE%20%D0%B8%D0%B7%20%D0%B0%D1%80%D1%85%D0%B8%D0%B2%D0%B0%20%D0%AF%D1%80%D0%BE%D1%81%D0%BB%D0%B0%D0%B2%D0%B0%20%D0%9F%D0%BE%D0%BF%D0%BE%D0%B2%D0%B0%29.jpg","source":"Викиданные","source_id":"Q1996358","license":"CC0 (Викиданные)","confidence":"ok"}},{"type":"Feature","id":"settlements_wd:b5e7c9e01974","geometry":{"type":"Point","coordinates":[48.06,39.869722]},"properties":{"uid":"settlements_wd:b5e7c9e01974","layer":"settlements_wd","layer_title":"Населённые места: год основания","group":"admin","title":"Имишли","category":"город","place_text":"Имишлинский район","region":"Имишлинский район","year_from":1930,"year_to":1960,"date_precision":"open","date_approx":true,"period_raw":"с 1930","summary":"город в Азербайджане, административный центр Имишлинского района","url":"https://ru.wikipedia.org/wiki/%D0%98%D0%BC%D0%B8%D1%88%D0%BB%D0%B8","image_url":"http://commons.wikimedia.org/wiki/Special:FilePath/Imishli%20city%2C%20Aerial%203.jpg","source":"Викиданные","source_id":"Q1996815","license":"CC0 (Викиданные)","confidence":"ok"}},{"type":"Feature","id":"settlements_wd:a72ed2894ec8","geometry":{"type":"Point","coordinates":[27.812643,48.030766]},"properties":{"uid":"settlements_wd:a72ed2894ec8","layer":"settlements_wd","layer_title":"Населённые места: год основания","group":"admin","title":"Дрокия","category":"город","place_text":"Дрокиевский район","region":"Дрокиевский район","year_from":1889,"year_to":1960,"date_precision":"open","date_approx":true,"period_raw":"с 1889","summary":"город в Молдавии, административный центр Дрокиевского района","url":"https://ru.wikipedia.org/wiki/%D0%94%D1%80%D0%BE%D0%BA%D0%B8%D1%8F","image_url":"http://commons.wikimedia.org/wiki/Special:FilePath/%D0%94%D1%80%D0%BE%D0%BA%D0%B8%D1%8F%2C%20%D0%B4%D0%BE%D0%BC%20%D0%BA%D1%83%D0%BB%D1%8C%D1%82%D1%83%D1%80%D1%8B%20Casa%20raionala%20de%20cultura%20din%20Drochia%20Drochia%20House%20of%20Culture%20%2843533051121%29.jpg","source":"Викиданные","source_id":"Q2006112","license":"CC0 (Викиданные)","confidence":"ok"}},{"type":"Feature","id":"settlements_wd:fe3e98ad2e63","geometry":{"type":"Point","coordinates":[34.121658,44.428336]},"properties":{"uid":"settlements_wd:fe3e98ad2e63","layer":"settlements_wd","layer_title":"Населённые места: год основания","group":"admin","title":"Харакс","category":"каструм","place_text":"Гаспра","region":"Гаспра","date_precision":"unknown","date_approx":false,"summary":"бывшая древнеримская крепость на Южном Побережье Крыма","url":"https://ru.wikipedia.org/wiki/%D0%A5%D0%B0%D1%80%D0%B0%D0%BA%D1%81","image_url":"http://commons.wikimedia.org/wiki/Special:FilePath/Charax1.JPG","source":"Викиданные","source_id":"Q2026601","license":"CC0 (Викиданные)","confidence":"ok"}},{"type":"Feature","id":"settlements_wd:b3613534c8fa","geometry":{"type":"Point","coordinates":[23.6,54.883333]},"properties":{"uid":"settlements_wd:b3613534c8fa","layer":"settlements_wd","layer_title":"Населённые места: год основания","group":"admin","title":"Эжерелис","category":"город","place_text":"Ežerėlis Eldership","region":"Ežerėlis Eldership","year_from":1915,"year_to":1960,"date_precision":"open","date_approx":true,"period_raw":"с 1915","summary":"город в Литве","url":"https://ru.wikipedia.org/wiki/%D0%AD%D0%B6%D0%B5%D1%80%D0%B5%D0%BB%D0%B8%D1%81","image_url":"http://commons.wikimedia.org/wiki/Special:FilePath/E%C5%BEer%C4%97lis.%20Aik%C5%A1t%C4%97.JPG","source":"Викиданные","source_id":"Q2044597","license":"CC0 (Викиданные)","confidence":"ok"}},{"type":"Feature","id":"settlements_wd:3aff7cbe404b","geometry":{"type":"Point","coordinates":[71.333333,39.933333]},"properties":{"uid":"settlements_wd:3aff7cbe404b","layer":"settlements_wd","layer_title":"Населённые места: год основания","group":"admin","title":"Айдаркен","category":"город","place_text":"Кадамжайский район","region":"Кадамжайский район","year_from":1941,"year_to":1960,"date_precision":"open","date_approx":true,"period_raw":"с 1941","summary":"город Кадамжайском районе Баткенской области Кыргызстана","url":"https://ru.wikipedia.org/wiki/%D0%90%D0%B9%D0%B4%D0%B0%D1%80%D0%BA%D0%B5%D0%BD","image_url":"http://commons.wikimedia.org/wiki/Special:FilePath/Alai%20Mountains.jpg","source":"Викиданные","source_id":"Q2045904","license":"CC0 (Викиданные)","confidence":"ok"}},{"type":"Feature","id":"settlements_wd:1b88d3fcc900","geometry":{"type":"Point","coordinates":[49.2486,39.3791]},"properties":{"uid":"settlements_wd:1b88d3fcc900","layer":"settlements_wd","layer_title":"Населённые места: год основания","group":"admin","title":"Нефтечала","category":"город","place_text":"Нефтечалинский район","region":"Нефтечалинский район","year_from":1959,"year_to":1960,"date_precision":"open","date_approx":true,"period_raw":"с 1959","summary":"город в Азербайджане, административный центр Нефтечалинского района","url":"https://ru.wikipedia.org/wiki/%D0%9D%D0%B5%D1%84%D1%82%D0%B5%D1%87%D0%B0%D0%BB%D0%B0","image_url":"http://commons.wikimedia.org/wiki/Special:FilePath/T%C3%BCrk%20%C5%9F%C9%99hidl%C9%99rinin%20abid%C9%99si%20%28Neft%C3%A7ala%29-3.jpg","source":"Викиданные","source_id":"Q2087800","license":"CC0 (Викиданные)","confidence":"ok"}},{"type":"Feature","id":"settlements_wd:190fc03c248a","geometry":{"type":"Point","coordinates":[84.271944,49.738611]},"properties":{"uid":"settlements_wd:190fc03c248a","layer":"settlements_wd","layer_title":"Населённые места: год основания","group":"admin","title":"Алтай","category":"город","place_text":"Zyryanovsk Qalasy","region":"Zyryanovsk Qalasy","year_from":1791,"year_to":1960,"date_precision":"open","date_approx":true,"period_raw":"с 1791","summary":"город в Восточно-Казахстанской области, Казахстан","url":"https://ru.wikipedia.org/wiki/%D0%90%D0%BB%D1%82%D0%B0%D0%B9_(%D0%B3%D0%BE%D1%80%D0%BE%D0%B4,_%D0%9A%D0%B0%D0%B7%D0%B0%D1%85%D1%81%D1%82%D0%B0%D0%BD)","image_url":"http://commons.wikimedia.org/wiki/Special:FilePath/Zyryanovsk%2C%20East%20Kazakhstan%20-%20panoramio.jpg","source":"Викиданные","source_id":"Q2139924","license":"CC0 (Викиданные)","confidence":"ok"}},{"type":"Feature","id":"settlements_wd:bb8c5e10a3b6","geometry":{"type":"Point","coordinates":[48.471944,40.005278]},"properties":{"uid":"settlements_wd:bb8c5e10a3b6","layer":"settlements_wd","layer_title":"Населённые места: год основания","group":"admin","title":"Сабирабад","category":"город","place_text":"Сабирабадский район","region":"Сабирабадский район","year_from":1888,"year_to":1960,"date_precision":"open","date_approx":true,"period_raw":"с 1888","summary":"город в Азербайджане, административный центр Сабирабадского района","url":"https://ru.wikipedia.org/wiki/%D0%A1%D0%B0%D0%B1%D0%B8%D1%80%D0%B0%D0%B1%D0%B0%D0%B4","image_url":"http://commons.wikimedia.org/wiki/Special:FilePath/Sabirabad%20%C5%9F%C9%99h%C9%99ri.png","source":"Викиданные","source_id":"Q2148635","license":"CC0 (Викиданные)","confidence":"ok"}},{"type":"Feature","id":"settlements_wd:27ef246a1aca","geometry":{"type":"Point","coordinates":[20.723056,51.689722]},"properties":{"uid":"settlements_wd:27ef246a1aca","layer":"settlements_wd","layer_title":"Населённые места: год основания","group":"admin","title":"Могельница","category":"город","place_text":"Могельница","region":"Могельница","year_from":1249,"year_to":1960,"date_precision":"open","date_approx":true,"period_raw":"с 1249","summary":"город в Польше, входит в Груецкий повят Мазовецкого воеводства","url":"https://ru.wikipedia.org/wiki/%D0%9C%D0%BE%D0%B3%D0%B5%D0%BB%D1%8C%D0%BD%D0%B8%D1%86%D0%B0","image_url":"http://commons.wikimedia.org/wiki/Special:FilePath/Center%20of%20Mogielnica%20%281%29.jpg","source":"Викиданные","source_id":"Q2160056","license":"CC0 (Викиданные)","confidence":"ok"}},{"type":"Feature","id":"settlements_wd:edd237535d01","geometry":{"type":"Point","coordinates":[72.481389,41.035833]},"properties":{"uid":"settlements_wd:edd237535d01","layer":"settlements_wd","layer_title":"Населённые места: год основания","group":"admin","title":"Кочкор-Ата","category":"город","place_text":"Нарынская область","region":"Нарынская область","year_from":1952,"year_to":1960,"date_precision":"open","date_approx":true,"period_raw":"с 1952","summary":"город в Ноокенском районе Джалал-Абадской области Кыргызстана","url":"https://ru.wikipedia.org/wiki/%D0%9A%D0%BE%D1%87%D0%BA%D0%BE%D1%80-%D0%90%D1%82%D0%B0","image_url":"http://commons.wikimedia.org/wiki/Special:FilePath/Kirghizistan%202018%20-%20Ext%C3%A9rieur%20du%20bazar%20de%20Kotchkor-Ata.jpg","source":"Викиданные","source_id":"Q2224040","license":"CC0 (Викиданные)","confidence":"ok"}},{"type":"Feature","id":"settlements_wd:64613ad5c3f9","geometry":{"type":"Point","coordinates":[80.006667,44.166667]},"properties":{"uid":"settlements_wd:64613ad5c3f9","layer":"settlements_wd","layer_title":"Населённые места: год основания","group":"admin","title":"Жаркент","category":"город","place_text":"Джаркентский уезд","region":"Джаркентский уезд","year_from":1882,"year_to":1960,"date_precision":"open","date_approx":true,"period_raw":"с 1882","summary":"город в Жетысуской области Казахстана","url":"https://ru.wikipedia.org/wiki/%D0%96%D0%B0%D1%80%D0%BA%D0%B5%D0%BD%D1%82","image_url":"http://commons.wikimedia.org/wiki/Special:FilePath/Zharkent%20Mosque%202.jpg","source":"Викиданные","source_id":"Q2231416","license":"CC0 (Викиданные)","confidence":"ok"}},{"type":"Feature","id":"settlements_wd:809d1734cd12","geometry":{"type":"Point","coordinates":[38.583333,48.516667]},"properties":{"uid":"settlements_wd:809d1734cd12","layer":"settlements_wd","layer_title":"Населённые места: год основания","group":"admin","title":"Алмазная","category":"город","place_text":"Kadiivka urban hromada","region":"Kadiivka urban hromada","year_from":1870,"year_to":1960,"date_precision":"open","date_approx":true,"period_raw":"с 1870","summary":"город в Луганской области, подчинён Стахановскому горсовету","url":"https://ru.wikipedia.org/wiki/%D0%90%D0%BB%D0%BC%D0%B0%D0%B7%D0%BD%D0%B0%D1%8F","image_url":"http://commons.wikimedia.org/wiki/Special:FilePath/%D0%97%D0%B4%D0%B0%D0%BD%D0%B8%D0%B5%20%D0%B2%D0%BE%D0%BA%D0%B7%D0%B0%D0%BB%D0%B0%20%D0%A1%D1%82%D0%B0%D1%85%D0%B0%D0%BD%D0%BE%D0%B2.jpg","source":"Викиданные","source_id":"Q2234586","license":"CC0 (Викиданные)","confidence":"ok"}},{"type":"Feature","id":"settlements_wd:3a613da07ecd","geometry":{"type":"Point","coordinates":[38.643333,48.6375]},"properties":{"uid":"settlements_wd:3a613da07ecd","layer":"settlements_wd","layer_title":"Населённые места: год основания","group":"admin","title":"Голубовка","category":"город Украины","place_text":"Kadiivka urban hromada","region":"Kadiivka urban hromada","year_from":1764,"year_to":1960,"date_precision":"open","date_approx":true,"period_raw":"с 1764","summary":"город в Алчевском районе районе Луганской области Украины","url":"https://ru.wikipedia.org/wiki/%D0%9A%D0%B8%D1%80%D0%BE%D0%B2%D1%81%D0%BA_(%D0%9B%D1%83%D0%B3%D0%B0%D0%BD%D1%81%D0%BA%D0%B0%D1%8F_%D0%BE%D0%B1%D0%BB%D0%B0%D1%81%D1%82%D1%8C)","image_url":"http://commons.wikimedia.org/wiki/Special:FilePath/%D0%A1%D0%BA%D0%B2%D0%B5%D1%80%D0%B8%D0%BA%20%D0%B2%20%D1%86%D0%B5%D0%BD%D1%82%D1%80%D0%B5..JPG","source":"Викиданные","source_id":"Q2234599","license":"CC0 (Викиданные)","confidence":"ok"}},{"type":"Feature","id":"settlements_wd:3c9f71dc9057","geometry":{"type":"Point","coordinates":[37.8111,48.9861]},"properties":{"uid":"settlements_wd:3c9f71dc9057","layer":"settlements_wd","layer_title":"Населённые места: год основания","group":"admin","title":"Лиман","category":"город Украины","place_text":"Лиманская городская община","region":"Лиманская городская община","year_from":1667,"year_to":1960,"date_precision":"open","date_approx":true,"period_raw":"с 1667","summary":"город в Донецкой области Украины","url":"https://ru.wikipedia.org/wiki/%D0%9B%D0%B8%D0%BC%D0%B0%D0%BD_(%D0%B3%D0%BE%D1%80%D0%BE%D0%B4,_%D0%A3%D0%BA%D1%80%D0%B0%D0%B8%D0%BD%D0%B0)","image_url":"http://commons.wikimedia.org/wiki/Special:FilePath/%D0%97%D0%B0%D0%BB%D1%96%D0%B7%D0%BD%D0%B8%D1%87%D0%BD%D0%B8%D0%B9%20%D0%B2%D0%BE%D0%BA%D0%B7%D0%B0%D0%BB%20%D0%BC.%20%D0%9B%D0%B8%D0%BC%D0%B0%D0%BD%20%D0%BF%D1%96%D1%81%D0%BB%D1%8F%20%D1%80%D0%B5%D1%81%D1%82%D0%B0%D0%B2%D1%80%D0%B0%D1%86%D1%96%D1%97.jpg","source":"Викиданные","source_id":"Q2234641","license":"CC0 (Викиданные)","confidence":"ok"}},{"type":"Feature","id":"settlements_wd:def3b14aaa65","geometry":{"type":"Point","coordinates":[33.382509,51.552868]},"properties":{"uid":"settlements_wd:def3b14aaa65","layer":"settlements_wd","layer_title":"Населённые места: год основания","group":"admin","title":"Кролевец","category":"город Украины","place_text":"Конотопский район","region":"Конотопский район","year_from":1601,"year_to":1960,"date_precision":"open","date_approx":true,"period_raw":"с 1601","summary":"город в Конотопском районе Сумской области Украины","url":"https://ru.wikipedia.org/wiki/%D0%9A%D1%80%D0%BE%D0%BB%D0%B5%D0%B2%D0%B5%D1%86","image_url":"http://commons.wikimedia.org/wiki/Special:FilePath/%D0%96%D0%B5%D0%BB%D0%B5%D0%B7%D0%BD%D0%BE%D0%B4%D0%BE%D1%80%D0%BE%D0%B6%D0%BD%D1%8B%D0%B9%20%D0%B2%D0%BE%D0%BA%D0%B7%D0%B0%D0%BB%202870171.jpg","source":"Викиданные","source_id":"Q2235501","license":"CC0 (Викиданные)","confidence":"ok"}},{"type":"Feature","id":"settlements_wd:bfdc3861dbe3","geometry":{"type":"Point","coordinates":[39.658333,48.344444]},"properties":{"uid":"settlements_wd:bfdc3861dbe3","layer":"settlements_wd","layer_title":"Населённые места: год основания","group":"admin","title":"Молодогвардейск","category":"город","place_text":"Молодогвардейская городская община","region":"Молодогвардейская городская община","year_from":1954,"year_to":1960,"date_precision":"open","date_approx":true,"period_raw":"с 1954","summary":"город в Луганской области, Украина","url":"https://ru.wikipedia.org/wiki/%D0%9C%D0%BE%D0%BB%D0%BE%D0%B4%D0%BE%D0%B3%D0%B2%D0%B0%D1%80%D0%B4%D0%B5%D0%B9%D1%81%D0%BA","image_url":"http://commons.wikimedia.org/wiki/Special:FilePath/%D0%94%D0%B2%D0%BE%D1%80%D0%B5%D1%86%20%D0%BA%D1%83%D0%BB%D1%8C%D1%82%D1%83%D1%80%D1%8B%20%22%D0%AE%D0%BD%D0%BE%D1%81%D1%82%D1%8C%22.jpg","source":"Викиданные","source_id":"Q2238005","license":"CC0 (Викиданные)","confidence":"ok"}},{"type":"Feature","id":"settlements_wd:185c8d3cebcb","geometry":{"type":"Point","coordinates":[77.240833,43.303611]},"properties":{"uid":"settlements_wd:185c8d3cebcb","layer":"settlements_wd","layer_title":"Населённые места: год основания","group":"admin","title":"Талгар","category":"город","place_text":"Талгарская городская администрация","region":"Талгарская городская администрация","year_from":1858,"year_to":1960,"date_precision":"open","date_approx":true,"period_raw":"с 1858","summary":"город в Алма-Атинской области, Казахстан. Административный центр Талгарского района.","url":"https://ru.wikipedia.org/wiki/%D0%A2%D0%B0%D0%BB%D0%B3%D0%B0%D1%80","image_url":"http://commons.wikimedia.org/wiki/Special:FilePath/Talgar1.jpg","source":"Викиданные","source_id":"Q2302162","license":"CC0 (Викиданные)","confidence":"ok"}},{"type":"Feature","id":"settlements_wd:64b361711c92","geometry":{"type":"Point","coordinates":[78.83089,44.83322]},"properties":{"uid":"settlements_wd:64b361711c92","layer":"settlements_wd","layer_title":"Населённые места: год основания","group":"admin","title":"Текели","category":"город","place_text":"Текелийская городская администрация","region":"Текелийская городская администрация","year_from":1937,"year_to":1960,"date_precision":"open","date_approx":true,"period_raw":"с 1937","summary":"город в Жетысуской области, Казахстан","url":"https://ru.wikipedia.org/wiki/%D0%A2%D0%B5%D0%BA%D0%B5%D0%BB%D0%B8","image_url":"http://commons.wikimedia.org/wiki/Special:FilePath/Nowruz%202013%20in%20Tekeli.JPG","source":"Викиданные","source_id":"Q2302185","license":"CC0 (Викиданные)","confidence":"ok"}},{"type":"Feature","id":"settlements_wd:bef25df6035e","geometry":{"type":"Point","coordinates":[22.11667,50.76667]},"properties":{"uid":"settlements_wd:bef25df6035e","layer":"settlements_wd","layer_title":"Населённые места: год основания","group":"admin","title":"Закликув","category":"город","place_text":"Закликув","region":"Закликув","year_from":1565,"year_to":1960,"date_precision":"open","date_approx":true,"period_raw":"с 1565","summary":"город в Сталёвовольском повяте Подкарпатского воеводства Польши","url":"https://ru.wikipedia.org/wiki/%D0%97%D0%B0%D0%BA%D0%BB%D0%B8%D0%BA%D1%83%D0%B2_(%D0%B3%D0%BE%D1%80%D0%BE%D0%B4)","image_url":"http://commons.wikimedia.org/wiki/Special:FilePath/Zaklik%C3%B3w%2C%20ko%C5%9Bci%C3%B3%C5%82%20%C5%9Awi%C4%99tej%20Tr%C3%B3jcy%20%281%29.jpg","source":"Викиданные","source_id":"Q2319835","license":"CC0 (Викиданные)","confidence":"ok"}},{"type":"Feature","id":"settlements_wd:4a3fe36d6667","geometry":{"type":"Point","coordinates":[20.944722,49.708611]},"properties":{"uid":"settlements_wd:4a3fe36d6667","layer":"settlements_wd","layer_title":"Населённые места: год основания","group":"admin","title":"Бобова","category":"город","place_text":"Бобова","region":"Бобова","year_from":1339,"year_to":1960,"date_precision":"open","date_approx":true,"period_raw":"с 1339","summary":"город в Польше, входит в Горлицкий повят Малопольского воеводства","url":"https://ru.wikipedia.org/wiki/%D0%91%D0%BE%D0%B1%D0%BE%D0%B2%D0%B0_(%D0%B3%D0%BE%D1%80%D0%BE%D0%B4)","image_url":"http://commons.wikimedia.org/wiki/Special:FilePath/Bobowa%2C%20widok%20na%20miasto%20%28HB1%29.jpg","source":"Викиданные","source_id":"Q2341034","license":"CC0 (Викиданные)","confidence":"ok"}},{"type":"Feature","id":"settlements_wd:351378dc2b11","geometry":{"type":"Point","coordinates":[22.866667,51.633333]},"properties":{"uid":"settlements_wd:351378dc2b11","layer":"settlements_wd","layer_title":"Населённые места: год основания","group":"admin","title":"Парчев","category":"город","place_text":"Парчев","region":"Парчев","year_from":1401,"year_to":1960,"date_precision":"open","date_approx":true,"period_raw":"с 1401","summary":"город в Польше, входит в Люблинское воеводство, Парчевский повят","url":"https://ru.wikipedia.org/wiki/%D0%9F%D0%B0%D1%80%D1%87%D0%B5%D0%B2","image_url":"http://commons.wikimedia.org/wiki/Special:FilePath/Parczew%20Bazylika%20Mniejsza.JPG","source":"Викиданные","source_id":"Q2343396","license":"CC0 (Викиданные)","confidence":"ok"}},{"type":"Feature","id":"settlements_wd:aa802961d164","geometry":{"type":"Point","coordinates":[72.116667,40.25]},"properties":{"uid":"settlements_wd:aa802961d164","layer":"settlements_wd","layer_title":"Населённые места: год основания","group":"admin","title":"Кызыл-Кыя","category":"город","place_text":"Баткенская область","region":"Баткенская область","year_from":1898,"year_to":1960,"date_precision":"open","date_approx":true,"period_raw":"с 1898","summary":"город в Баткенской области Кыргызстана","url":"https://ru.wikipedia.org/wiki/%D0%9A%D1%8B%D0%B7%D1%8B%D0%BB-%D0%9A%D0%B8%D1%8F","source":"Викиданные","source_id":"Q2347569","license":"CC0 (Викиданные)","confidence":"ok"}},{"type":"Feature","id":"settlements_wd:5bb42be8cd51","geometry":{"type":"Point","coordinates":[38.216667,49.05]},"properties":{"uid":"settlements_wd:5bb42be8cd51","layer":"settlements_wd","layer_title":"Населённые места: год основания","group":"admin","title":"Кременная","category":"город","place_text":"Кременская городская община","region":"Кременская городская община","year_from":1680,"year_to":1960,"date_precision":"open","date_approx":true,"period_raw":"с 1680","summary":"город в Северодонецком районе Луганской области","url":"https://ru.wikipedia.org/wiki/%D0%9A%D1%80%D0%B5%D0%BC%D0%B5%D0%BD%D0%BD%D0%B0%D1%8F","image_url":"http://commons.wikimedia.org/wiki/Special:FilePath/%D0%9A%D1%80%D0%B5%D0%BC%D1%96%D0%BD%D0%BD%D0%B0.png","source":"Викиданные","source_id":"Q2350295","license":"CC0 (Викиданные)","confidence":"ok"}},{"type":"Feature","id":"settlements_wd:85972106a619","geometry":{"type":"Point","coordinates":[38.742222,48.440278]},"properties":{"uid":"settlements_wd:85972106a619","layer":"settlements_wd","layer_title":"Населённые места: год основания","group":"admin","title":"Артёмовск","category":"город","place_text":"Алчевское городская община","region":"Алчевское городская община","year_from":1910,"year_to":1960,"date_precision":"open","date_approx":true,"period_raw":"с 1910","summary":"город в Луганской области Украины","url":"https://ru.wikipedia.org/wiki/%D0%90%D1%80%D1%82%D1%91%D0%BC%D0%BE%D0%B2%D1%81%D0%BA_(%D0%9B%D1%83%D0%B3%D0%B0%D0%BD%D1%81%D0%BA%D0%B0%D1%8F_%D0%BE%D0%B1%D0%BB%D0%B0%D1%81%D1%82%D1%8C)","image_url":"http://commons.wikimedia.org/wiki/Special:FilePath/%D0%9A%D0%B8%D0%BF%D1%83%D1%87%D0%B5.%20%D0%92%D0%B8%D0%B3%D0%BB%D1%8F%D0%B4%20%D0%BD%D0%B0%20%D0%91%D0%9A%20%D1%96%D0%BC%D0%B5%D0%BD%D1%96%20%D0%9B%D0%B5%D0%BD%D1%96%D0%BD%D0%B0.png","source":"Викиданные","source_id":"Q2350829","license":"CC0 (Викиданные)","confidence":"ok"}},{"type":"Feature","id":"settlements_wd:317709c05780","geometry":{"type":"Point","coordinates":[37.058611,48.536667]},"properties":{"uid":"settlements_wd:317709c05780","layer":"settlements_wd","layer_title":"Населённые места: год основания","group":"admin","title":"Белозёрское","category":"город Украины","place_text":"Bilozerske urban hromada","region":"Bilozerske urban hromada","year_from":1913,"year_to":1960,"date_precision":"open","date_approx":true,"period_raw":"с 1913","summary":"город в Донецкой области, Украина. Подчинён Добропольскому городскому совету.","url":"https://ru.wikipedia.org/wiki/%D0%91%D0%B5%D0%BB%D0%BE%D0%B7%D1%91%D1%80%D1%81%D0%BA%D0%BE%D0%B5","image_url":"http://commons.wikimedia.org/wiki/Special:FilePath/Bilozerske%2003.JPG","source":"Викиданные","source_id":"Q2351983","license":"CC0 (Викиданные)","confidence":"ok"}},{"type":"Feature","id":"settlements_wd:01d9ce7f244a","geometry":{"type":"Point","coordinates":[34.030833,52.186944]},"properties":{"uid":"settlements_wd:01d9ce7f244a","layer":"settlements_wd","layer_title":"Населённые места: год основания","group":"admin","title":"Середина-Буда","category":"город Украины","place_text":"Середино-Будский район","region":"Середино-Будский район","year_from":1650,"year_to":1960,"date_precision":"open","date_approx":true,"period_raw":"с 1650","summary":"город в Шосткинском районе Сумской области России","url":"https://ru.wikipedia.org/wiki/%D0%A1%D0%B5%D1%80%D0%B5%D0%B4%D0%B8%D0%BD%D0%B0-%D0%91%D1%83%D0%B4%D0%B0","image_url":"http://commons.wikimedia.org/wiki/Special:FilePath/%D0%9C%D0%B8%D0%BA%D0%BE%D0%BB%D0%B0%D1%97%D0%B2%D1%81%D1%8C%D0%BA%D0%B0%20%D1%86%D0%B5%D1%80%D0%BA%D0%B2%D0%B0%20%D0%A1%D0%B5%D1%80%D0%B5%D0%B4%D0%B8%D0%BD%D0%B0-%D0%91%D1%83%D0%B4%D0%B0.jpg","source":"Викиданные","source_id":"Q2353496","license":"CC0 (Викиданные)","confidence":"ok"}},{"type":"Feature","id":"settlements_wd:c2fe18740db6","geometry":{"type":"Point","coordinates":[38.083333,47.116667]},"properties":{"uid":"settlements_wd:c2fe18740db6","layer":"settlements_wd","layer_title":"Населённые места: год основания","group":"admin","title":"Новоазовск","category":"город","place_text":"Новоазовская городская община","region":"Новоазовская городская община","year_from":1849,"year_to":1960,"date_precision":"open","date_approx":true,"period_raw":"с 1849","summary":"город в Кальмиусском районе Донецкой области Украины","url":"https://ru.wikipedia.org/wiki/%D0%9D%D0%BE%D0%B2%D0%BE%D0%B0%D0%B7%D0%BE%D0%B2%D1%81%D0%BA","image_url":"http://commons.wikimedia.org/wiki/Special:FilePath/Novoazovsk%2C%202007.jpg","source":"Викиданные","source_id":"Q2353526","license":"CC0 (Викиданные)","confidence":"ok"}},{"type":"Feature","id":"settlements_wd:1359a18cf59d","geometry":{"type":"Point","coordinates":[39.7167,48.35]},"properties":{"uid":"settlements_wd:1359a18cf59d","layer":"settlements_wd","layer_title":"Населённые места: год основания","group":"admin","title":"Суходольск","category":"город","place_text":"Краснодонская городская община","region":"Краснодонская городская община","year_from":1914,"year_to":1960,"date_precision":"open","date_approx":true,"period_raw":"с 1914","summary":"город в Должанском районе Луганской области","url":"https://ru.wikipedia.org/wiki/%D0%A1%D1%83%D1%85%D0%BE%D0%B4%D0%BE%D0%BB%D1%8C%D1%81%D0%BA","image_url":"http://commons.wikimedia.org/wiki/Special:FilePath/%D0%A8%D0%BA%D0%BE%D0%BB%D0%B0%20%E2%84%9617%20-%20panoramio.jpg","source":"Викиданные","source_id":"Q2354470","license":"CC0 (Викиданные)","confidence":"ok"}},{"type":"Feature","id":"settlements_wd:c3958abd8bc4","geometry":{"type":"Point","coordinates":[37.179639,48.408583]},"properties":{"uid":"settlements_wd:c3958abd8bc4","layer":"settlements_wd","layer_title":"Населённые места: год основания","group":"admin","title":"Белицкое","category":"город","place_text":"Добропольская городская община","region":"Добропольская городская община","year_from":1909,"year_to":1960,"date_precision":"open","date_approx":true,"period_raw":"с 1909","summary":"город в Покровском районе Донецкой области","url":"https://ru.wikipedia.org/wiki/%D0%91%D0%B5%D0%BB%D0%B8%D1%86%D0%BA%D0%BE%D0%B5","image_url":"http://commons.wikimedia.org/wiki/Special:FilePath/%D0%9C%D0%B5%D0%BC%D0%BE%D1%80%D1%96%D0%B0%D0%BB%20%D0%BD%D0%B0%20%D1%87%D0%B5%D1%81%D1%82%D1%8C%20%D1%80%D0%B0%D0%B4%D1%8F%D0%BD%D1%81%D1%8C%D0%BA%D0%B8%D1%85%20%D0%B2%D0%BE%D1%97%D0%BD%D1%96%D0%B2%20%D0%9F%D1%96%D0%B2%D0%B4%D0%B5%D0%BD%D0%BD%D0%BE-%D0%97%D0%B0%D1%85%D1%96%D0%B4%D0%BD%D0%BE%D0%B3%D0%BE%20%D1%84%D1%80%D0%BE%D0%BD%D1%82%D1%83%20%D1%96%20%D0%B2%D0%BE%D1%97%D0%BD%D1%96%D0%B2-%D0%B7%D0%B5%D0%BC%D0%BB%D1%8F%D0%BA%D1%96%D0%B2.jpg","source":"Викиданные","source_id":"Q2354480","license":"CC0 (Викиданные)","confidence":"ok"}},{"type":"Feature","id":"settlements_wd:f5cc1382a08d","geometry":{"type":"Point","coordinates":[38.816667,48.433333]},"properties":{"uid":"settlements_wd:f5cc1382a08d","layer":"settlements_wd","layer_title":"Населённые места: год основания","group":"admin","title":"Перевальск","category":"город","place_text":"Алчевское городская община","region":"Алчевское городская община","year_from":1902,"year_to":1960,"date_precision":"open","date_approx":true,"period_raw":"с 1902","summary":"город в Луганской области","url":"https://ru.wikipedia.org/wiki/%D0%9F%D0%B5%D1%80%D0%B5%D0%B2%D0%B0%D0%BB%D1%8C%D1%81%D0%BA","image_url":"http://commons.wikimedia.org/wiki/Special:FilePath/City%20administration%20of%20Pereval%27sk.JPG","source":"Викиданные","source_id":"Q2354490","license":"CC0 (Викиданные)","confidence":"ok"}},{"type":"Feature","id":"settlements_wd:d005f4a29596","geometry":{"type":"Point","coordinates":[24.169444,56.025]},"properties":{"uid":"settlements_wd:d005f4a29596","layer":"settlements_wd","layer_title":"Населённые места: год основания","group":"admin","title":"Ионишкелис","category":"город","place_text":"Пасвальское районное самоуправление","region":"Пасвальское районное самоуправление","year_from":1685,"year_to":1960,"date_precision":"open","date_approx":true,"period_raw":"с 1685","summary":"город в Литве","url":"https://ru.wikipedia.org/wiki/%D0%98%D0%BE%D0%BD%D0%B8%D1%88%D0%BA%D0%B5%D0%BB%D0%B8%D1%81","image_url":"http://commons.wikimedia.org/wiki/Special:FilePath/Joniskelis.JPG","source":"Викиданные","source_id":"Q2356424","license":"CC0 (Викиданные)","confidence":"ok"}},{"type":"Feature","id":"settlements_wd:e86093219eb4","geometry":{"type":"Point","coordinates":[18.54,54.5175]},"properties":{"uid":"settlements_wd:e86093219eb4","layer":"settlements_wd","layer_title":"Населённые места: год основания","group":"admin","title":"Гдыня","category":"город","place_text":"Поморское воеводство","region":"Поморское воеводство","year_from":1253,"year_to":1960,"date_precision":"open","date_approx":true,"period_raw":"с 1253","summary":"город в Поморском воеводстве Польши","url":"https://ru.wikipedia.org/wiki/%D0%93%D0%B4%D1%8B%D0%BD%D1%8F","image_url":"http://commons.wikimedia.org/wiki/Special:FilePath/00%20sea%20towers%20%28April%202018%29.jpg","source":"Викиданные","source_id":"Q385","license":"CC0 (Викиданные)","confidence":"ok"}},{"type":"Feature","id":"settlements_wd:462c94e0ecfa","geometry":{"type":"Point","coordinates":[19.466667,51.75]},"properties":{"uid":"settlements_wd:462c94e0ecfa","layer":"settlements_wd","layer_title":"Населённые места: год основания","group":"admin","title":"Лодзь","category":"город","place_text":"Лодзинское воеводство","region":"Лодзинское воеводство","year_from":1423,"year_to":1960,"date_precision":"open","date_approx":true,"period_raw":"с 1423","summary":"город в Польше, административный центр Лодзинского воеводства","url":"https://ru.wikipedia.org/wiki/%D0%9B%D0%BE%D0%B4%D0%B7%D1%8C","image_url":"http://commons.wikimedia.org/wiki/Special:FilePath/%C5%81%C3%B3d%C5%BA%20Fabryczna%2C%202017.jpg","source":"Викиданные","source_id":"Q580","license":"CC0 (Викиданные)","confidence":"ok"}},{"type":"Feature","id":"settlements_wd:4500a861a8d5","geometry":{"type":"Point","coordinates":[19.0,50.25]},"properties":{"uid":"settlements_wd:4500a861a8d5","layer":"settlements_wd","layer_title":"Населённые места: год основания","group":"admin","title":"Катовице","category":"город","place_text":"Силезское воеводство","region":"Силезское воеводство","year_from":1598,"year_to":1960,"date_precision":"open","date_approx":true,"period_raw":"с 1598","summary":"город на правах повята, административный центр Силезского воеводства Польши","url":"https://ru.wikipedia.org/wiki/%D0%9A%D0%B0%D1%82%D0%BE%D0%B2%D0%B8%D1%86%D0%B5","image_url":"http://commons.wikimedia.org/wiki/Special:FilePath/Katowice%20Rynek.jpg","source":"Викиданные","source_id":"Q588","license":"CC0 (Викиданные)","confidence":"ok"}},{"type":"Feature","id":"settlements_wd:e59b40c54dc6","geometry":{"type":"Point","coordinates":[21.998889,50.041111]},"properties":{"uid":"settlements_wd:e59b40c54dc6","layer":"settlements_wd","layer_title":"Населённые места: год основания","group":"admin","title":"Жешув","category":"город","place_text":"Подкарпатское воеводство","region":"Подкарпатское воеводство","year_from":1354,"year_to":1960,"date_precision":"open","date_approx":true,"period_raw":"с 1354","summary":"город в Польше, административный центр Подкарпатского воеводства","url":"https://ru.wikipedia.org/wiki/%D0%96%D0%B5%D1%88%D1%83%D0%B2","image_url":"http://commons.wikimedia.org/wiki/Special:FilePath/PL%20Rzesz%C3%B3w%2C%20ratusz%202021-05-04--11-00-20%20%28cropped%29.jpg","source":"Викиданные","source_id":"Q598","license":"CC0 (Викиданные)","confidence":"ok"}},{"type":"Feature","id":"settlements_wd:e6f0c34ed592","geometry":{"type":"Point","coordinates":[30.316667,59.95]},"properties":{"uid":"settlements_wd:e6f0c34ed592","layer":"settlements_wd","layer_title":"Населённые места: год основания","group":"admin","title":"Санкт-Петербург","category":"субъект Российской Федерации","place_text":"Россия","region":"Россия","year_from":1703,"year_to":1960,"date_precision":"open","date_approx":true,"period_raw":"с 1703","summary":"город федерального значения Российской Федерации","url":"https://ru.wikipedia.org/wiki/%D0%A1%D0%B0%D0%BD%D0%BA%D1%82-%D0%9F%D0%B5%D1%82%D0%B5%D1%80%D0%B1%D1%83%D1%80%D0%B3","image_url":"http://commons.wikimedia.org/wiki/Special:FilePath/Peter%20%26%20Paul%20fortress%20in%20SPB%2003.jpg","source":"Викиданные","source_id":"Q656","license":"CC0 (Викиданные)","confidence":"ok"}},{"type":"Feature","id":"settlements_wd:76d00b1f702f","geometry":{"type":"Point","coordinates":[23.168672,53.132356]},"properties":{"uid":"settlements_wd:76d00b1f702f","layer":"settlements_wd","layer_title":"Населённые места: год основания","group":"admin","title":"Белосток","category":"город","place_text":"Подляское воеводство","region":"Подляское воеводство","year_from":1691,"year_to":1960,"date_precision":"open","date_approx":true,"period_raw":"с 1691","summary":"город в Польше, административный центр Подляского воеводства","url":"https://ru.wikipedia.org/wiki/%D0%91%D0%B5%D0%BB%D0%BE%D1%81%D1%82%D0%BE%D0%BA","image_url":"http://commons.wikimedia.org/wiki/Special:FilePath/Bazylika%20w%20Bia%C5%82ymstoku%20-%20Emilia%20Ernst.jpg","source":"Викиданные","source_id":"Q761","license":"CC0 (Викиданные)","confidence":"ok"}},{"type":"Feature","id":"settlements_wd:7364eec4d6be","geometry":{"type":"Point","coordinates":[20.695556,49.625]},"properties":{"uid":"settlements_wd:7364eec4d6be","layer":"settlements_wd","layer_title":"Населённые места: год основания","group":"admin","title":"Новы-Сонч","category":"город","place_text":"Малопольское воеводство","region":"Малопольское воеводство","year_from":1292,"year_to":1960,"date_precision":"open","date_approx":true,"period_raw":"с 1292","summary":"город в Малопольском воеводстве Польши, имеет статус городского повята","url":"https://ru.wikipedia.org/wiki/%D0%9D%D0%BE%D0%B2%D1%8B-%D0%A1%D0%BE%D0%BD%D1%87","image_url":"http://commons.wikimedia.org/wiki/Special:FilePath/Nowy%20S%C4%85cz%20ratusz.jpg","source":"Викиданные","source_id":"Q802","license":"CC0 (Викиданные)","confidence":"ok"}},{"type":"Feature","id":"settlements_wd:b98c8c3ddc14","geometry":{"type":"Point","coordinates":[91.416667,53.716667]},"properties":{"uid":"settlements_wd:b98c8c3ddc14","layer":"settlements_wd","layer_title":"Населённые места: год основания","group":"admin","title":"Абакан","category":"город","place_text":"Хакасия","region":"Хакасия","year_from":1800,"year_to":1960,"date_precision":"open","date_approx":true,"period_raw":"с 1800","summary":"город в азиатской части России, на юге Сибири, расположен на р. Абакан у её впадения в Енисей; административный центр Республики Хакасия","url":"https://ru.wikipedia.org/wiki/%D0%90%D0%B1%D0%B0%D0%BA%D0%B0%D0%BD","image_url":"http://commons.wikimedia.org/wiki/Special:FilePath/Abakan%20017.jpg","source":"Викиданные","source_id":"Q875","license":"CC0 (Викиданные)","confidence":"ok"}},{"type":"Feature","id":"settlements_wd:8a1363c65b01","geometry":{"type":"Point","coordinates":[44.0075,56.326944]},"properties":{"uid":"settlements_wd:8a1363c65b01","layer":"settlements_wd","layer_title":"Населённые места: год основания","group":"admin","title":"Нижний Новгород","category":"большой город","place_text":"Город Нижний Новгород","region":"Город Нижний Новгород","year_from":1221,"year_to":1960,"date_precision":"open","date_approx":true,"period_raw":"с 1221","summary":"город в России, административный центр Приволжского федерального округа и Нижегородской области","url":"https://ru.wikipedia.org/wiki/%D0%9D%D0%B8%D0%B6%D0%BD%D0%B8%D0%B9_%D0%9D%D0%BE%D0%B2%D0%B3%D0%BE%D1%80%D0%BE%D0%B4","image_url":"http://commons.wikimedia.org/wiki/Special:FilePath/Nizhny%20Novgorod%202025-04-29%20Minin%20and%20Pozharsky%20square%2001.jpg","source":"Викиданные","source_id":"Q891","license":"CC0 (Викиданные)","confidence":"ok"}},{"type":"Feature","id":"settlements_wd:0b78f1d80710","geometry":{"type":"Point","coordinates":[50.116667,53.183333]},"properties":{"uid":"settlements_wd:0b78f1d80710","layer":"settlements_wd","layer_title":"Населённые места: год основания","group":"admin","title":"Самара","category":"большой город","place_text":"Городской округ Самара","region":"Городской округ Самара","year_from":1586,"year_to":1960,"date_precision":"open","date_approx":true,"period_raw":"с 1586","summary":"город в России, административный центр Самарской области","url":"https://ru.wikipedia.org/wiki/%D0%A1%D0%B0%D0%BC%D0%B0%D1%80%D0%B0","image_url":"http://commons.wikimedia.org/wiki/Special:FilePath/Samara%20-%20Port%20%282008-07-13%29.jpg","source":"Викиданные","source_id":"Q894","license":"CC0 (Викиданные)","confidence":"ok"}},{"type":"Feature","id":"settlements_wd:8119544a0bce","geometry":{"type":"Point","coordinates":[82.916667,55.033333]},"properties":{"uid":"settlements_wd:8119544a0bce","layer":"settlements_wd","layer_title":"Населённые места: год основания","group":"admin","title":"Новосибирск","category":"большой город","place_text":"Новосибирская область","region":"Новосибирская область","year_from":1893,"year_to":1960,"date_precision":"open","date_approx":true,"period_raw":"с 1893","summary":"город в России, административный центр Сибирского федерального округа","url":"https://ru.wikipedia.org/wiki/%D0%9D%D0%BE%D0%B2%D0%BE%D1%81%D0%B8%D0%B1%D0%B8%D1%80%D1%81%D0%BA","image_url":"http://commons.wikimedia.org/wiki/Special:FilePath/Novosibirsk%20view.jpg","source":"Викиданные","source_id":"Q883","license":"CC0 (Викиданные)","confidence":"ok"}},{"type":"Feature","id":"settlements_wd:8cd16c01b886","geometry":{"type":"Point","coordinates":[60.612778,56.835556]},"properties":{"uid":"settlements_wd:8cd16c01b886","layer":"settlements_wd","layer_title":"Населённые места: год основания","group":"admin","title":"Екатеринбург","category":"большой город","place_text":"город Екатеринбург","region":"город Екатеринбург","year_from":1723,"year_to":1960,"date_precision":"open","date_approx":true,"period_raw":"с 1723","summary":"город в России, административный центр Уральского федерального округа и Свердловской области","url":"https://ru.wikipedia.org/wiki/%D0%95%D0%BA%D0%B0%D1%82%D0%B5%D1%80%D0%B8%D0%BD%D0%B1%D1%83%D1%80%D0%B3","image_url":"http://commons.wikimedia.org/wiki/Special:FilePath/Views%20of%20Yekaterinburg%20from%20Vysotsky%20viewpoint%20-%2012.jpg","source":"Викиданные","source_id":"Q887","license":"CC0 (Викиданные)","confidence":"ok"}},{"type":"Feature","id":"settlements_wd:aa24aef97629","geometry":{"type":"Point","coordinates":[73.383333,54.966667]},"properties":{"uid":"settlements_wd:aa24aef97629","layer":"settlements_wd","layer_title":"Населённые места: год основания","group":"admin","title":"Омск","category":"большой город","place_text":"РСФСР","region":"РСФСР","year_from":1716,"year_to":1960,"date_precision":"open","date_approx":true,"period_raw":"с 1716","summary":"город в России, административный центр Омской области","url":"https://ru.wikipedia.org/wiki/%D0%9E%D0%BC%D1%81%D0%BA","image_url":"http://commons.wikimedia.org/wiki/Special:FilePath/Omsk%20Collage%202016.png","source":"Викиданные","source_id":"Q898","license":"CC0 (Викиданные)","confidence":"ok"}},{"type":"Feature","id":"settlements_wd:1c0b6f9232e6","geometry":{"type":"Point","coordinates":[49.114444,55.790833]},"properties":{"uid":"settlements_wd:1c0b6f9232e6","layer":"settlements_wd","layer_title":"Населённые места: год основания","group":"admin","title":"Казань","category":"административно-территориальная единица","place_text":"Татарстан","region":"Татарстан","year_from":1005,"year_to":1960,"date_precision":"open","date_approx":true,"period_raw":"с 1005","summary":"город в России, столица Республики Татарстан","url":"https://ru.wikipedia.org/wiki/%D0%9A%D0%B0%D0%B7%D0%B0%D0%BD%D1%8C","image_url":"http://commons.wikimedia.org/wiki/Special:FilePath/KAZ%20Collage%202015.png","source":"Викиданные","source_id":"Q900","license":"CC0 (Викиданные)","confidence":"ok"}},{"type":"Feature","id":"settlements_wd:f16bfdcf18f3","geometry":{"type":"Point","coordinates":[39.71,47.2225]},"properties":{"uid":"settlements_wd:f16bfdcf18f3","layer":"settlements_wd","layer_title":"Населённые места: год основания","group":"admin","title":"Ростов-на-Дону","category":"мегаполис","place_text":"Ростовская область","region":"Ростовская область","year_from":1749,"year_to":1960,"date_precision":"open","date_approx":true,"period_raw":"с 1749","summary":"город в России, административный центр Ростовской области и Южного федерального округа","url":"https://ru.wikipedia.org/wiki/%D0%A0%D0%BE%D1%81%D1%82%D0%BE%D0%B2-%D0%BD%D0%B0-%D0%94%D0%BE%D0%BD%D1%83","image_url":"http://commons.wikimedia.org/wiki/Special:FilePath/Rostov-on-Don%2C%20%D0%A0%D0%BE%D1%81%D1%82%D0%BE%D0%B2-%D0%BD%D0%B0-%D0%94%D0%BE%D0%BD%D1%83%202%2C%20Russia.jpg","source":"Викиданные","source_id":"Q908","license":"CC0 (Викиданные)","confidence":"ok"}},{"type":"Feature","id":"settlements_wd:b2747459ef63","geometry":{"type":"Point","coordinates":[44.514722,48.708611]},"properties":{"uid":"settlements_wd:b2747459ef63","layer":"settlements_wd","layer_title":"Населённые места: год основания","group":"admin","title":"Волгоград","category":"большой город","place_text":"город Волгоград","region":"город Волгоград","year_from":1589,"year_to":1960,"date_precision":"open","date_approx":true,"period_raw":"с 1589","summary":"город в России, административный центр Волгоградской области","url":"https://ru.wikipedia.org/wiki/%D0%92%D0%BE%D0%BB%D0%B3%D0%BE%D0%B3%D1%80%D0%B0%D0%B4","image_url":"http://commons.wikimedia.org/wiki/Special:FilePath/Volgograd%20Montage%202016.png","source":"Викиданные","source_id":"Q914","license":"CC0 (Викиданные)","confidence":"ok"}},{"type":"Feature","id":"settlements_wd:db161f8b3619","geometry":{"type":"Point","coordinates":[24.106944,56.9475]},"properties":{"uid":"settlements_wd:db161f8b3619","layer":"settlements_wd","layer_title":"Населённые места: год основания","group":"admin","title":"Рига","category":"ганзейский город","place_text":"Латвия","region":"Латвия","year_from":1201,"year_to":1960,"date_precision":"open","date_approx":true,"period_raw":"с 1201","summary":"столица Латвии, крупнейший город, экономический и культурный центр страны","url":"https://ru.wikipedia.org/wiki/%D0%A0%D0%B8%D0%B3%D0%B0","image_url":"http://commons.wikimedia.org/wiki/Special:FilePath/Vistas%20desde%20la%20iglesia%20de%20San%20Pedro%2C%20Riga%2C%20Letonia%2C%202012-08-07%2C%20DD%2012.JPG","source":"Викиданные","source_id":"Q1773","license":"CC0 (Викиданные)","confidence":"ok"}},{"type":"Feature","id":"settlements_wd:d0b19a5c4e7a","geometry":{"type":"Point","coordinates":[18.654023,54.348291]},"properties":{"uid":"settlements_wd:d0b19a5c4e7a","layer":"settlements_wd","layer_title":"Населённые места: год основания","group":"admin","title":"Гданьск","category":"ганзейский город","place_text":"Поморское воеводство","region":"Поморское воеводство","date_precision":"unknown","date_approx":false,"summary":"город в Польше, административный центр Поморского воеводства","url":"https://ru.wikipedia.org/wiki/%D0%93%D0%B4%D0%B0%D0%BD%D1%8C%D1%81%D0%BA","image_url":"http://commons.wikimedia.org/wiki/Special:FilePath/Calle%20Dlugie%20Pobrzeze%2C%20Gdansk%2C%20Polonia%2C%202013-05-20%2C%20DD%2005.jpg","source":"Викиданные","source_id":"Q1792","license":"CC0 (Викиданные)","confidence":"ok"}},{"type":"Feature","id":"settlements_wd:94711444a561","geometry":{"type":"Point","coordinates":[24.9375,60.170833]},"properties":{"uid":"settlements_wd:94711444a561","layer":"settlements_wd","layer_title":"Населённые места: год основания","group":"admin","title":"Хельсинки","category":"город","place_text":"Уусимаа","region":"Уусимаа","year_from":1550,"year_to":1960,"date_precision":"open","date_approx":true,"period_raw":"с 1550","summary":"столица и крупнейший город Финляндии, центр области Уусимаа","url":"https://ru.wikipedia.org/wiki/%D0%A5%D0%B5%D0%BB%D1%8C%D1%81%D0%B8%D0%BD%D0%BA%D0%B8","image_url":"http://commons.wikimedia.org/wiki/Special:FilePath/Helsinki%20Lutheran%20Cathedral%20%28panoraaman%C3%A4k%C3%B6ala%29-2%20%28s%C3%A4%C3%A4t%C3%B6%29.jpg","source":"Викиданные","source_id":"Q1757","license":"CC0 (Викиданные)","confidence":"ok"}},{"type":"Feature","id":"settlements_wd:0f717d659ea2","geometry":{"type":"Point","coordinates":[131.885278,43.115]},"properties":{"uid":"settlements_wd:0f717d659ea2","layer":"settlements_wd","layer_title":"Населённые места: год основания","group":"admin","title":"Владивосток","category":"город","place_text":"Владивостокский городской округ","region":"Владивостокский городской округ","year_from":1860,"year_to":1960,"date_precision":"open","date_approx":true,"period_raw":"с 1860","summary":"город в России, административный центр Дальневосточного федерального округа и Приморского края","url":"https://ru.wikipedia.org/wiki/%D0%92%D0%BB%D0%B0%D0%B4%D0%B8%D0%B2%D0%BE%D1%81%D1%82%D0%BE%D0%BA","image_url":"http://commons.wikimedia.org/wiki/Special:FilePath/Views%20of%20Vladivostok%20%28October%202024%29-0%203.jpg","source":"Викиданные","source_id":"Q959","license":"CC0 (Викиданные)","confidence":"ok"}},{"type":"Feature","id":"settlements_wd:0a26ea631f42","geometry":{"type":"Point","coordinates":[84.952222,56.488611]},"properties":{"uid":"settlements_wd:0a26ea631f42","layer":"settlements_wd","layer_title":"Населённые места: год основания","group":"admin","title":"Томск","category":"большой город","place_text":"Городской округ город Томск","region":"Городской округ город Томск","year_from":1604,"year_to":1960,"date_precision":"open","date_approx":true,"period_raw":"с 1604","summary":"город в России, административный центр Томской области","url":"https://ru.wikipedia.org/wiki/%D0%A2%D0%BE%D0%BC%D1%81%D0%BA","image_url":"http://commons.wikimedia.org/wiki/Special:FilePath/Tomsk%2C%20view%20from%20the%20fire-observation%20tower.jpg","source":"Викиданные","source_id":"Q976","license":"CC0 (Викиданные)","confidence":"ok"}},{"type":"Feature","id":"settlements_wd:e277e8b89817","geometry":{"type":"Point","coordinates":[44.7925,41.7225]},"properties":{"uid":"settlements_wd:e277e8b89817","layer":"settlements_wd","layer_title":"Населённые места: год основания","group":"admin","title":"Тбилиси","category":"город","place_text":"Грузия","region":"Грузия","date_precision":"unknown","date_approx":false,"summary":"столица Грузии","url":"https://ru.wikipedia.org/wiki/%D0%A2%D0%B1%D0%B8%D0%BB%D0%B8%D1%81%D0%B8","image_url":"http://commons.wikimedia.org/wiki/Special:FilePath/View%20of%20Tbilisi%20from%20Tabori%20Church%202023-10-08-2.jpg","source":"Викиданные","source_id":"Q994","license":"CC0 (Викиданные)","confidence":"ok"}},{"type":"Feature","id":"settlements_wd:b87c47e4dbcb","geometry":{"type":"Point","coordinates":[49.416667,53.516667]},"properties":{"uid":"settlements_wd:b87c47e4dbcb","layer":"settlements_wd","layer_title":"Населённые места: год основания","group":"admin","title":"Тольятти","category":"город","place_text":"Городской округ Тольятти","region":"Городской округ Тольятти","year_from":1737,"year_to":1960,"date_precision":"open","date_approx":true,"period_raw":"с 1737","summary":"город в Самарской области России","url":"https://ru.wikipedia.org/wiki/%D0%A2%D0%BE%D0%BB%D1%8C%D1%8F%D1%82%D1%82%D0%B8","image_url":"http://commons.wikimedia.org/wiki/Special:FilePath/Komsomolsky%20district%2C%20Tolyatti%2C%20Russia.JPG","source":"Викиданные","source_id":"Q1341","license":"CC0 (Викиданные)","confidence":"ok"}},{"type":"Feature","id":"settlements_wd:bcba7f4c1676","geometry":{"type":"Point","coordinates":[56.248889,58.013889]},"properties":{"uid":"settlements_wd:bcba7f4c1676","layer":"settlements_wd","layer_title":"Населённые места: год основания","group":"admin","title":"Пермь","category":"большой город","place_text":"Пермский край","region":"Пермский край","year_from":1723,"year_to":1960,"date_precision":"open","date_approx":true,"period_raw":"с 1723","summary":"город в России, административный центр Пермского края","url":"https://ru.wikipedia.org/wiki/%D0%9F%D0%B5%D1%80%D0%BC%D1%8C","image_url":"http://commons.wikimedia.org/wiki/Special:FilePath/Perm%20Russia.jpg","source":"Викиданные","source_id":"Q915","license":"CC0 (Викиданные)","confidence":"ok"}},{"type":"Feature","id":"settlements_wd:226a385ce75c","geometry":{"type":"Point","coordinates":[92.871944,56.008889]},"properties":{"uid":"settlements_wd:226a385ce75c","layer":"settlements_wd","layer_title":"Населённые места: год основания","group":"admin","title":"Красноярск","category":"большой город","place_text":"Городской округ город Красноярск","region":"Городской округ город Красноярск","year_from":1628,"year_to":1960,"date_precision":"open","date_approx":true,"period_raw":"с 1628","summary":"город, административный центр Красноярского края России","url":"https://ru.wikipedia.org/wiki/%D0%9A%D1%80%D0%B0%D1%81%D0%BD%D0%BE%D1%8F%D1%80%D1%81%D0%BA","image_url":"http://commons.wikimedia.org/wiki/Special:FilePath/Aerial%20view%20of%20Krasnoyarsk%201.jpg","source":"Викиданные","source_id":"Q919","license":"CC0 (Викиданные)","confidence":"ok"}},{"type":"Feature","id":"settlements_wd:7bc172957a14","geometry":{"type":"Point","coordinates":[50.816667,61.666667]},"properties":{"uid":"settlements_wd:7bc172957a14","layer":"settlements_wd","layer_title":"Населённые места: год основания","group":"admin","title":"Сыктывкар","category":"большой город","place_text":"Сыктывкар","region":"Сыктывкар","year_from":1780,"year_to":1960,"date_precision":"open","date_approx":true,"period_raw":"с 1780","summary":"город в России, столица Республики Коми","url":"https://ru.wikipedia.org/wiki/%D0%A1%D1%8B%D0%BA%D1%82%D1%8B%D0%B2%D0%BA%D0%B0%D1%80","image_url":"http://commons.wikimedia.org/wiki/Special:FilePath/%D0%A1%D1%8B%D0%BA%D1%82%D1%8B%D0%B2%D0%BA%D0%B0%D1%80%20-%20panoramio%20%281%29.jpg","source":"Викиданные","source_id":"Q2143","license":"CC0 (Викиданные)","confidence":"ok"}},{"type":"Feature","id":"settlements_wd:ac82e35e30fe","geometry":{"type":"Point","coordinates":[44.514444,40.181389]},"properties":{"uid":"settlements_wd:ac82e35e30fe","layer":"settlements_wd","layer_title":"Населённые места: год основания","group":"admin","title":"Ереван","category":"большой город","place_text":"Армения","region":"Армения","date_precision":"unknown","date_approx":false,"summary":"столица и крупнейший город Армении","url":"https://ru.wikipedia.org/wiki/%D0%95%D1%80%D0%B5%D0%B2%D0%B0%D0%BD","image_url":"http://commons.wikimedia.org/wiki/Special:FilePath/Mount%20Ararat%20and%20the%20Yerevan%20skyline%20in%20spring%20%2828mm%29.jpg","source":"Викиданные","source_id":"Q1953","license":"CC0 (Викиданные)","confidence":"ok"}},{"type":"Feature","id":"settlements_wd:658e2324250f","geometry":{"type":"Point","coordinates":[20.5,54.716667]},"properties":{"uid":"settlements_wd:658e2324250f","layer":"settlements_wd","layer_title":"Населённые места: год основания","group":"admin","title":"Калининград","category":"большой город","place_text":"Городской округ Калининград","region":"Городской округ Калининград","year_from":1255,"year_to":1960,"date_precision":"open","date_approx":true,"period_raw":"с 1255","summary":"город и городской округ в России, административный центр Калининградской области","url":"https://ru.wikipedia.org/wiki/%D0%9A%D0%B0%D0%BB%D0%B8%D0%BD%D0%B8%D0%BD%D0%B3%D1%80%D0%B0%D0%B4","image_url":"http://commons.wikimedia.org/wiki/Special:FilePath/Old%20cathedral%20of%20Kaliningrad%20in%20Russia.jpg","source":"Викиданные","source_id":"Q1829","license":"CC0 (Викиданные)","confidence":"ok"}},{"type":"Feature","id":"settlements_wd:2520b9adc23d","geometry":{"type":"Point","coordinates":[30.523611,50.45]},"properties":{"uid":"settlements_wd:2520b9adc23d","layer":"settlements_wd","layer_title":"Населённые места: год основания","group":"admin","title":"Киев","category":"туристическая достопримечательность","place_text":"Украина","region":"Украина","date_precision":"unknown","date_approx":false,"summary":"столица и крупнейший город Украины","url":"https://ru.wikipedia.org/wiki/%D0%9A%D0%B8%D0%B5%D0%B2","image_url":"http://commons.wikimedia.org/wiki/Special:FilePath/Kyiv%20%28234807751%29.jpeg","source":"Викиданные","source_id":"Q1899","license":"CC0 (Викиданные)","confidence":"ok"}},{"type":"Feature","id":"settlements_wd:907a42ecbbd9","geometry":{"type":"Point","coordinates":[28.333333,57.816667]},"properties":{"uid":"settlements_wd:907a42ecbbd9","layer":"settlements_wd","layer_title":"Населённые места: год основания","group":"admin","title":"Псков","category":"ганзейский город","place_text":"Псковская область","region":"Псковская область","date_precision":"unknown","date_approx":false,"summary":"город в России, административный центр Псковской области","url":"https://ru.wikipedia.org/wiki/%D0%9F%D1%81%D0%BA%D0%BE%D0%B2","image_url":"http://commons.wikimedia.org/wiki/Special:FilePath/Pskov%20asv07-2018%20Kremlin%20before%20sunset.jpg","source":"Викиданные","source_id":"Q2214","license":"CC0 (Викиданные)","confidence":"ok"}},{"type":"Feature","id":"settlements_wd:045241c73981","geometry":{"type":"Point","coordinates":[71.433333,51.133333]},"properties":{"uid":"settlements_wd:045241c73981","layer":"settlements_wd","layer_title":"Населённые места: год основания","group":"admin","title":"Астана","category":"большой город","place_text":"Казахстан","region":"Казахстан","year_from":1830,"year_to":1960,"date_precision":"open","date_approx":true,"period_raw":"с 1830","summary":"столица Казахстана","url":"https://ru.wikipedia.org/wiki/%D0%90%D1%81%D1%82%D0%B0%D0%BD%D0%B0","image_url":"http://commons.wikimedia.org/wiki/Special:FilePath/Trip%20to%20Astana%20%282015-10-24%29%2001.jpg","source":"Викиданные","source_id":"Q1520","license":"CC0 (Викиданные)","confidence":"ok"}},{"type":"Feature","id":"settlements_wd:58df26f4b5e1","geometry":{"type":"Point","coordinates":[31.27579,58.52099]},"properties":{"uid":"settlements_wd:58df26f4b5e1","layer":"settlements_wd","layer_title":"Населённые места: год основания","group":"admin","title":"Великий Новгород","category":"большой город","place_text":"Новгородская область","region":"Новгородская область","date_precision":"unknown","date_approx":false,"summary":"город на северо-западе России, административный центр Новгородской области и Новгородского района","url":"https://ru.wikipedia.org/wiki/%D0%92%D0%B5%D0%BB%D0%B8%D0%BA%D0%B8%D0%B9_%D0%9D%D0%BE%D0%B2%D0%B3%D0%BE%D1%80%D0%BE%D0%B4","image_url":"http://commons.wikimedia.org/wiki/Special:FilePath/Veliky%20Novgorod%20montage%20%282015%29.png","source":"Викиданные","source_id":"Q2235","license":"CC0 (Викиданные)","confidence":"ok"}},{"type":"Feature","id":"settlements_wd:16b3cebe77af","geometry":{"type":"Point","coordinates":[35.921928,56.857828]},"properties":{"uid":"settlements_wd:16b3cebe77af","layer":"settlements_wd","layer_title":"Населённые места: год основания","group":"admin","title":"Тверь","category":"большой город","place_text":"Тверская область","region":"Тверская область","year_from":1135,"year_to":1960,"date_precision":"open","date_approx":true,"period_raw":"с 1135","summary":"город в России, административный центр Тверской области","url":"https://ru.wikipedia.org/wiki/%D0%A2%D0%B2%D0%B5%D1%80%D1%8C","image_url":"http://commons.wikimedia.org/wiki/Special:FilePath/%D0%9F%D0%BB%D0%BE%D1%89%D0%B0%D0%B4%D1%8C%20%D0%9C%D0%B8%D1%85%D0%B0%D0%B8%D0%BB%D0%B0%20%D0%A2%D0%B2%D0%B5%D1%80%D1%81%D0%BA%D0%BE%D0%B3%D0%BE.jpg","source":"Викиданные","source_id":"Q2288","license":"CC0 (Викиданные)","confidence":"ok"}},{"type":"Feature","id":"settlements_wd:cc79a26189e7","geometry":{"type":"Point","coordinates":[32.045278,54.782778]},"properties":{"uid":"settlements_wd:cc79a26189e7","layer":"settlements_wd","layer_title":"Населённые места: год основания","group":"admin","title":"Смоленск","category":"большой город","place_text":"Смоленская область","region":"Смоленская область","date_precision":"unknown","date_approx":false,"summary":"город в России, административный центр Смоленской области, Город-герой","url":"https://ru.wikipedia.org/wiki/%D0%A1%D0%BC%D0%BE%D0%BB%D0%B5%D0%BD%D1%81%D0%BA","image_url":"http://commons.wikimedia.org/wiki/Special:FilePath/Assumption%20Cathedral%20in%20Smolensk.jpg","source":"Викиданные","source_id":"Q2337","license":"CC0 (Викиданные)","confidence":"ok"}},{"type":"Feature","id":"settlements_wd:0ad3298a74e4","geometry":{"type":"Point","coordinates":[40.405833,56.128611]},"properties":{"uid":"settlements_wd:0ad3298a74e4","layer":"settlements_wd","layer_title":"Населённые места: год основания","group":"admin","title":"Владимир","category":"большой город","place_text":"город Владимир","region":"город Владимир","date_precision":"unknown","date_approx":false,"summary":"город, центр Владимирской области России","url":"https://ru.wikipedia.org/wiki/%D0%92%D0%BB%D0%B0%D0%B4%D0%B8%D0%BC%D0%B8%D1%80_(%D0%B3%D0%BE%D1%80%D0%BE%D0%B4,_%D0%A0%D0%BE%D1%81%D1%81%D0%B8%D1%8F)","image_url":"http://commons.wikimedia.org/wiki/Special:FilePath/%D0%92%D0%BB%D0%B0%D0%B4%D0%B8%D0%BC%D0%B8%D1%80%2C%20%D0%B2%D0%B8%D0%B4%20%D0%BD%D0%B0%20%D0%A3%D1%81%D0%BF%D0%B5%D0%BD%D1%81%D0%BA%D0%B8%D0%B9%20%D1%81%D0%BE%D0%B1%D0%BE%D1%80.JPG","source":"Викиданные","source_id":"Q2684","license":"CC0 (Викиданные)","confidence":"ok"}},{"type":"Feature","id":"settlements_wd:af727b72f128","geometry":{"type":"Point","coordinates":[20.143004,51.956858]},"properties":{"uid":"settlements_wd:af727b72f128","layer":"settlements_wd","layer_title":"Населённые места: год основания","group":"admin","title":"Скерневице","category":"город","place_text":"Лодзинское воеводство","region":"Лодзинское воеводство","year_from":1457,"year_to":1960,"date_precision":"open","date_approx":true,"period_raw":"с 1457","summary":"город в Польше","url":"https://ru.wikipedia.org/wiki/%D0%A1%D0%BA%D0%B5%D1%80%D0%BD%D0%B5%D0%B2%D0%B8%D1%86%D0%B5","image_url":"http://commons.wikimedia.org/wiki/Special:FilePath/Skierniewice%20Rynek.jpg","source":"Викиданные","source_id":"Q2734","license":"CC0 (Викиданные)","confidence":"ok"}},{"type":"Feature","id":"settlements_wd:f6e500c91189","geometry":{"type":"Point","coordinates":[30.73262,46.47747]},"properties":{"uid":"settlements_wd:f6e500c91189","layer":"settlements_wd","layer_title":"Населённые места: год основания","group":"admin","title":"Одесса","category":"город Украины","place_text":"Одесская городская община","region":"Одесская городская община","year_from":1500,"year_to":1960,"date_precision":"open","date_approx":true,"period_raw":"с 1500","summary":"город на юге Украины, административный центр Одесской области","url":"https://ru.wikipedia.org/wiki/%D0%9E%D0%B4%D0%B5%D1%81%D1%81%D0%B0","image_url":"http://commons.wikimedia.org/wiki/Special:FilePath/Odesa-Montage-2016.png","source":"Викиданные","source_id":"Q1874","license":"CC0 (Викиданные)","confidence":"ok"}},{"type":"Feature","id":"settlements_wd:61cf3c66e729","geometry":{"type":"Point","coordinates":[39.7425,54.63]},"properties":{"uid":"settlements_wd:61cf3c66e729","layer":"settlements_wd","layer_title":"Населённые места: год основания","group":"admin","title":"Рязань","category":"административно-территориальная единица России","place_text":"Рязанская область","region":"Рязанская область","year_from":1095,"year_to":1960,"date_precision":"open","date_approx":true,"period_raw":"с 1095","summary":"город в России, центр Рязанской области","url":"https://ru.wikipedia.org/wiki/%D0%A0%D1%8F%D0%B7%D0%B0%D0%BD%D1%8C","image_url":"http://commons.wikimedia.org/wiki/Special:FilePath/%D0%A4%D0%B5%D1%81%D1%82%D0%B8%D0%B2%D0%B0%D0%BB%D1%8C%20%D0%B2%D0%BE%D0%B7%D0%B4%D1%83%D1%85%D0%BE%D0%BF%D0%BB%D0%B0%D0%B2%D0%B0%D0%BD%D0%B8%D1%8F%20%D0%B2%20%D0%A0%D1%8F%D0%B7%D0%B0%D0%BD%D0%B8.jpg","source":"Викиданные","source_id":"Q2746","license":"CC0 (Викиданные)","confidence":"ok"}},{"type":"Feature","id":"settlements_wd:05c670f3ab05","geometry":{"type":"Point","coordinates":[39.893333,57.626389]},"properties":{"uid":"settlements_wd:05c670f3ab05","layer":"settlements_wd","layer_title":"Населённые места: год основания","group":"admin","title":"Ярославль","category":"большой город","place_text":"Ярославская область","region":"Ярославская область","year_from":1010,"year_to":1960,"date_precision":"open","date_approx":true,"period_raw":"с 1010","summary":"город в России, административный центр Ярославской области","url":"https://ru.wikipedia.org/wiki/%D0%AF%D1%80%D0%BE%D1%81%D0%BB%D0%B0%D0%B2%D0%BB%D1%8C","image_url":"http://commons.wikimedia.org/wiki/Special:FilePath/Yarolslav%20colage.png","source":"Викиданные","source_id":"Q2423","license":"CC0 (Викиданные)","confidence":"ok"}},{"type":"Feature","id":"settlements_wd:03b9068a40df","geometry":{"type":"Point","coordinates":[30.983333,52.441667]},"properties":{"uid":"settlements_wd:03b9068a40df","layer":"settlements_wd","layer_title":"Населённые места: год основания","group":"admin","title":"Гомель","category":"большой город","place_text":"Гомельская область","region":"Гомельская область","year_from":1142,"year_to":1960,"date_precision":"open","date_approx":true,"period_raw":"с 1142","summary":"город в Беларуси, административный центр Гомельской области и Гомельского района","url":"https://ru.wikipedia.org/wiki/%D0%93%D0%BE%D0%BC%D0%B5%D0%BB%D1%8C","image_url":"http://commons.wikimedia.org/wiki/Special:FilePath/DJI%200137%20Edit%20%2851152843462%29.jpg","source":"Викиданные","source_id":"Q2678","license":"CC0 (Викиданные)","confidence":"ok"}},{"type":"Feature","id":"settlements_wd:c123a9774c88","geometry":{"type":"Point","coordinates":[38.155,49.415]},"properties":{"uid":"settlements_wd:c123a9774c88","layer":"settlements_wd","layer_title":"Населённые места: год основания","group":"admin","title":"Сватово","category":"город","place_text":"Сватовская городская община","region":"Сватовская городская община","year_from":1660,"year_to":1960,"date_precision":"open","date_approx":true,"period_raw":"с 1660","summary":"город в Луганской области Украины, адм. центр Сватовского района","url":"https://ru.wikipedia.org/wiki/%D0%A1%D0%B2%D0%B0%D1%82%D0%BE%D0%B2%D0%BE","image_url":"http://commons.wikimedia.org/wiki/Special:FilePath/%D0%90%D0%BD%D0%B4%D1%80%D1%96%D1%97%D0%B2%D1%81%D1%8C%D0%BA%D0%B0%20%D1%86%D0%B5%D1%80%D0%BA%D0%B2%D0%B0%202.jpg","source":"Викиданные","source_id":"Q2414524","license":"CC0 (Викиданные)","confidence":"ok"}},{"type":"Feature","id":"settlements_wd:613d18aa72e3","geometry":{"type":"Point","coordinates":[38.9002,48.072733]},"properties":{"uid":"settlements_wd:613d18aa72e3","layer":"settlements_wd","layer_title":"Населённые места: год основания","group":"admin","title":"Миусинск","category":"город","place_text":"Khrustalnyi urban hromada","region":"Khrustalnyi urban hromada","year_from":1923,"year_to":1960,"date_precision":"open","date_approx":true,"period_raw":"с 1923","summary":"город в Луганской области, Украина","url":"https://ru.wikipedia.org/wiki/%D0%9C%D0%B8%D1%83%D1%81%D0%B8%D0%BD%D1%81%D0%BA","image_url":"http://commons.wikimedia.org/wiki/Special:FilePath/%D0%9C%D1%96%D1%83%D1%81%D0%B8%D0%BD%D1%81%D1%8C%D0%BA%D0%B8%D0%B9%20%D0%B7%D0%B0%D0%BA%D0%B0%D0%B7%D0%BD%D0%B8%D0%BA.jpg","source":"Викиданные","source_id":"Q2415287","license":"CC0 (Викиданные)","confidence":"ok"}},{"type":"Feature","id":"settlements_wd:0a843ff3662e","geometry":{"type":"Point","coordinates":[38.878056,48.3]},"properties":{"uid":"settlements_wd:0a843ff3662e","layer":"settlements_wd","layer_title":"Населённые места: год основания","group":"admin","title":"Петрово-Красноселье","category":"город","place_text":"Khrustalnyi urban hromada","region":"Khrustalnyi urban hromada","year_from":1895,"year_to":1960,"date_precision":"open","date_approx":true,"period_raw":"с 1895","summary":"город в Ровеньковском районе Луганской области","url":"https://ru.wikipedia.org/wiki/%D0%9F%D0%B5%D1%82%D1%80%D0%BE%D0%B2%D1%81%D0%BA%D0%BE%D0%B5_(%D0%B3%D0%BE%D1%80%D0%BE%D0%B4)","image_url":"http://commons.wikimedia.org/wiki/Special:FilePath/Center%20of%20Petrovo-Krasnosillia%20-%20panoramio.jpg","source":"Викиданные","source_id":"Q2415307","license":"CC0 (Викиданные)","confidence":"ok"}},{"type":"Feature","id":"settlements_wd:150a1ae097cf","geometry":{"type":"Point","coordinates":[38.195,47.925]},"properties":{"uid":"settlements_wd:150a1ae097cf","layer":"settlements_wd","layer_title":"Населённые места: год основания","group":"admin","title":"Иловайск","category":"город","place_text":"Ilovaisk Hromada","region":"Ilovaisk Hromada","year_from":1869,"year_to":1960,"date_precision":"open","date_approx":true,"period_raw":"с 1869","summary":"город в Донецкой области, Украина","url":"https://ru.wikipedia.org/wiki/%D0%98%D0%BB%D0%BE%D0%B2%D0%B0%D0%B9%D1%81%D0%BA","image_url":"http://commons.wikimedia.org/wiki/Special:FilePath/Kamen%20Ilovaysk.JPG","source":"Викиданные","source_id":"Q2415345","license":"CC0 (Викиданные)","confidence":"ok"}},{"type":"Feature","id":"settlements_wd:8d257ddb60aa","geometry":{"type":"Point","coordinates":[37.504056,48.011556]},"properties":{"uid":"settlements_wd:8d257ddb60aa","layer":"settlements_wd","layer_title":"Населённые места: год основания","group":"admin","title":"Красногоровка","category":"город","place_text":"Марьинская городская община","region":"Марьинская городская община","year_from":1938,"year_to":1960,"date_precision":"open","date_approx":true,"period_raw":"с 1938","summary":"город в Покровском районе Донецкой области","url":"https://ru.wikipedia.org/wiki/%D0%9A%D1%80%D0%B0%D1%81%D0%BD%D0%BE%D0%B3%D0%BE%D1%80%D0%BE%D0%B2%D0%BA%D0%B0_(%D0%B3%D0%BE%D1%80%D0%BE%D0%B4)","image_url":"http://commons.wikimedia.org/wiki/Special:FilePath/%D0%A1%D1%82%D0%B0%D0%BD%D1%86%D1%96%D1%8F%20%D0%9A%D1%80%D0%B0%D1%81%D0%BD%D0%BE%D0%B3%D0%BE%D1%80%D1%96%D0%B2%D0%BA%D0%B0%2C%20%D0%B2%D0%BE%D0%BA%D0%B7%D0%B0%D0%BB%2C%20%D0%B2%D0%B8%D0%B4%20%D0%B7%20%D0%BF%D0%B5%D1%80%D0%BE%D0%BD%D1%83.jpg","source":"Викиданные","source_id":"Q2415374","license":"CC0 (Викиданные)","confidence":"ok"}},{"type":"Feature","id":"settlements_wd:f8da71c56c87","geometry":{"type":"Point","coordinates":[37.783333,48.85]},"properties":{"uid":"settlements_wd:f8da71c56c87","layer":"settlements_wd","layer_title":"Населённые места: год основания","group":"admin","title":"Николаевка","category":"город","place_text":"Славянский район","region":"Славянский район","year_from":1730,"year_to":1960,"date_precision":"open","date_approx":true,"period_raw":"с 1730","summary":"город в Краматорском районе Донецкой области","url":"https://ru.wikipedia.org/wiki/%D0%9D%D0%B8%D0%BA%D0%BE%D0%BB%D0%B0%D0%B5%D0%B2%D0%BA%D0%B0_(%D0%B3%D0%BE%D1%80%D0%BE%D0%B4)","image_url":"http://commons.wikimedia.org/wiki/Special:FilePath/%D0%9A%D0%BB%D1%83%D0%B1%20%D0%A1%D0%BB%D0%BE%D0%B2%27%D1%8F%D0%BD%D1%81%D1%8C%D0%BA%D0%BE%D1%97%20%D0%A2%D0%95%D0%A1.jpg","source":"Викиданные","source_id":"Q2415962","license":"CC0 (Викиданные)","confidence":"ok"}},{"type":"Feature","id":"settlements_wd:41394e77c700","geometry":{"type":"Point","coordinates":[34.35,61.783333]},"properties":{"uid":"settlements_wd:41394e77c700","layer":"settlements_wd","layer_title":"Населённые места: год основания","group":"admin","title":"Петрозаводск","category":"большой город","place_text":"Петрозаводский городской округ","region":"Петрозаводский городской округ","year_from":1703,"year_to":1960,"date_precision":"open","date_approx":true,"period_raw":"с 1703","summary":"город на северо-западе России, столица Республики Карелии","url":"https://ru.wikipedia.org/wiki/%D0%9F%D0%B5%D1%82%D1%80%D0%BE%D0%B7%D0%B0%D0%B2%D0%BE%D0%B4%D1%81%D0%BA","image_url":"http://commons.wikimedia.org/wiki/Special:FilePath/Petrozavodsk%2006-2017%20img37%20Railway%20station.jpg","source":"Викиданные","source_id":"Q1895","license":"CC0 (Викиданные)","confidence":"ok"}},{"type":"Feature","id":"settlements_wd:4e18c597bd4c","geometry":{"type":"Point","coordinates":[69.566667,39.933333]},"properties":{"uid":"settlements_wd:4e18c597bd4c","layer":"settlements_wd","layer_title":"Населённые места: год основания","group":"admin","title":"Сулюкта","category":"город","place_text":"Баткенская область","region":"Баткенская область","year_from":1868,"year_to":1960,"date_precision":"open","date_approx":true,"period_raw":"с 1868","summary":"город в Баткенской области Кыргызстана","url":"https://ru.wikipedia.org/wiki/%D0%A1%D1%83%D0%BB%D1%8E%D0%BA%D1%82%D0%B0","image_url":"http://commons.wikimedia.org/wiki/Special:FilePath/The%20Sulyukta%20Sign.JPG","source":"Викиданные","source_id":"Q2357921","license":"CC0 (Викиданные)","confidence":"ok"}},{"type":"Feature","id":"settlements_wd:ab8735b9268e","geometry":{"type":"Point","coordinates":[36.522064,45.352754]},"properties":{"uid":"settlements_wd:ab8735b9268e","layer":"settlements_wd","layer_title":"Населённые места: год основания","group":"admin","title":"Мирмекий","category":"полис","place_text":"Керчь","region":"Керчь","date_precision":"unknown","date_approx":false,"summary":"античный город в Крыму","url":"https://ru.wikipedia.org/wiki/%D0%9C%D0%B8%D1%80%D0%BC%D0%B5%D0%BA%D0%B8%D0%B9","image_url":"http://commons.wikimedia.org/wiki/Special:FilePath/%D0%9C%D1%96%D1%80%D0%BC%D0%B5%D0%BA%D1%96%D0%B9.JPG","source":"Викиданные","source_id":"Q2360763","license":"CC0 (Викиданные)","confidence":"ok"}},{"type":"Feature","id":"settlements_wd:f96716c8b573","geometry":{"type":"Point","coordinates":[38.427778,48.341111]},"properties":{"uid":"settlements_wd:f96716c8b573","layer":"settlements_wd","layer_title":"Населённые места: год основания","group":"admin","title":"Дебальцево","category":"город Украины","place_text":"Дебальцевская городская община","region":"Дебальцевская городская община","year_from":1878,"year_to":1960,"date_precision":"open","date_approx":true,"period_raw":"с 1878","summary":"город в Горловском районе Донецкой области Украины","url":"https://ru.wikipedia.org/wiki/%D0%94%D0%B5%D0%B1%D0%B0%D0%BB%D1%8C%D1%86%D0%B5%D0%B2%D0%BE","image_url":"http://commons.wikimedia.org/wiki/Special:FilePath/%D0%96%D0%B5%D0%BB%D0%B5%D0%B7%D0%BD%D0%BE%D0%B4%D0%BE%D1%80%D0%BE%D0%B6%D0%BD%D1%8B%D0%B9%20%D0%B2%D0%BE%D0%BA%D0%B7%D0%B0%D0%BB%20%D0%B3%D0%BE%D1%80%D0%BE%D0%B4%D0%B0%20%D0%94%D0%B5%D0%B1%D0%B0%D0%BB%D1%8C%D1%86%D0%B5%D0%B2%D0%BE%2C%202019%20%D0%B3%D0%BE%D0%B4.jpg","source":"Викиданные","source_id":"Q2371760","license":"CC0 (Викиданные)","confidence":"ok"}},{"type":"Feature","id":"settlements_wd:fc8cc6f4ed57","geometry":{"type":"Point","coordinates":[27.598611,48.4075]},"properties":{"uid":"settlements_wd:fc8cc6f4ed57","layer":"settlements_wd","layer_title":"Населённые места: год основания","group":"admin","title":"Фрунзе","category":"город","place_text":"Окницкий район","region":"Окницкий район","year_from":1925,"year_to":1960,"date_precision":"open","date_approx":true,"period_raw":"с 1925","summary":"город в Молдавии, Окницкий район","url":"https://ru.wikipedia.org/wiki/%D0%A4%D1%80%D1%83%D0%BD%D0%B7%D0%B5_(%D0%9C%D0%BE%D0%BB%D0%B4%D0%BE%D0%B2%D0%B0)","source":"Викиданные","source_id":"Q2377728","license":"CC0 (Викиданные)","confidence":"ok"}},{"type":"Feature","id":"settlements_wd:8639f06c7d69","geometry":{"type":"Point","coordinates":[68.327222,40.775278]},"properties":{"uid":"settlements_wd:8639f06c7d69","layer":"settlements_wd","layer_title":"Населённые места: год основания","group":"admin","title":"Жетысай","category":"город","place_text":"Мактааральский район","region":"Мактааральский район","year_from":1951,"year_to":1960,"date_precision":"open","date_approx":true,"period_raw":"с 1951","summary":"город в Южно-Казахстанской области, Казахстан","url":"https://ru.wikipedia.org/wiki/%D0%96%D0%B5%D1%82%D1%8B%D1%81%D0%B0%D0%B9","image_url":"http://commons.wikimedia.org/wiki/Special:FilePath/Do%27stlik%20channel3.jpg","source":"Викиданные","source_id":"Q2378055","license":"CC0 (Викиданные)","confidence":"ok"}},{"type":"Feature","id":"settlements_wd:46f3f272eb79","geometry":{"type":"Point","coordinates":[34.366667,53.2425]},"properties":{"uid":"settlements_wd:46f3f272eb79","layer":"settlements_wd","layer_title":"Населённые места: год основания","group":"admin","title":"Брянск","category":"административно-территориальная единица России","place_text":"Городской округ город Брянск","region":"Городской округ город Брянск","date_precision":"unknown","date_approx":false,"summary":"город в России, административный центр Брянской области","url":"https://ru.wikipedia.org/wiki/%D0%91%D1%80%D1%8F%D0%BD%D1%81%D0%BA","image_url":"http://commons.wikimedia.org/wiki/Special:FilePath/%D0%9F%D0%B5%D1%82%D1%80%D0%BE%D0%B2%D1%81%D0%BA%D0%B0%D1%8F%20%D0%B3%D0%BE%D1%80%D0%B0%20%28%D0%BA%D0%BE%D0%BC%D0%BF%D0%BB%D0%B5%D0%BA%D1%81%20%D0%B7%D0%B4%D0%B0%D0%BD%D0%B8%D0%B9%29%20-%201.jpg","source":"Викиданные","source_id":"Q2801","license":"CC0 (Викиданные)","confidence":"ok"}},{"type":"Feature","id":"settlements_wd:fb720f66472a","geometry":{"type":"Point","coordinates":[37.082222,48.470278]},"properties":{"uid":"settlements_wd:fb720f66472a","layer":"settlements_wd","layer_title":"Населённые места: год основания","group":"admin","title":"Доброполье","category":"город","place_text":"Добропольская городская община","region":"Добропольская городская община","year_from":1840,"year_to":1960,"date_precision":"open","date_approx":true,"period_raw":"с 1840","summary":"город в Покровском районе Донецкой области Украины","url":"https://ru.wikipedia.org/wiki/%D0%94%D0%BE%D0%B1%D1%80%D0%BE%D0%BF%D0%BE%D0%BB%D1%8C%D0%B5","image_url":"http://commons.wikimedia.org/wiki/Special:FilePath/%D0%94%D0%BE%D0%B1%D1%80%D0%BE%D0%BF%D1%96%D0%BB%D0%BB%D1%8F.jpg","source":"Викиданные","source_id":"Q2415973","license":"CC0 (Викиданные)","confidence":"ok"}},{"type":"Feature","id":"settlements_wd:f0f26f5d0c3d","geometry":{"type":"Point","coordinates":[39.210278,48.401944]},"properties":{"uid":"settlements_wd:f0f26f5d0c3d","layer":"settlements_wd","layer_title":"Населённые места: год основания","group":"admin","title":"Лутугино","category":"город","place_text":"Лутугинская городская община","region":"Лутугинская городская община","year_from":1897,"year_to":1960,"date_precision":"open","date_approx":true,"period_raw":"с 1897","summary":"город в Луганской области Украины","url":"https://ru.wikipedia.org/wiki/%D0%9B%D1%83%D1%82%D1%83%D0%B3%D0%B8%D0%BD%D0%BE","image_url":"http://commons.wikimedia.org/wiki/Special:FilePath/%D0%9B%D1%83%D1%82%D1%83%D0%B3%D0%B8%D0%BD%D0%B54.JPG","source":"Викиданные","source_id":"Q2415989","license":"CC0 (Викиданные)","confidence":"ok"}},{"type":"Feature","id":"settlements_wd:428d82b54853","geometry":{"type":"Point","coordinates":[37.833333,48.4]},"properties":{"uid":"settlements_wd:428d82b54853","layer":"settlements_wd","layer_title":"Населённые места: год основания","group":"admin","title":"Торецк","category":"город Украины","place_text":"Торецкая городская община","region":"Торецкая городская община","year_from":1806,"year_to":1960,"date_precision":"open","date_approx":true,"period_raw":"с 1806","summary":"город в Бахмутском районе Донецкой области","url":"https://ru.wikipedia.org/wiki/%D0%A2%D0%BE%D1%80%D0%B5%D1%86%D0%BA","image_url":"http://commons.wikimedia.org/wiki/Special:FilePath/%22%D0%A2%D0%BE%D1%80%D0%B5%D1%86%D1%8C%D0%BA%20-%20%D0%BC%D1%96%D1%81%D1%82%D0%BE%20%D1%88%D0%B0%D1%85%D1%82%D0%B0%D1%80%D1%96%D0%B2%22%20-%20%D0%BD%D0%B0%D0%BF%D0%B8%D1%81%20%D0%BD%D0%B0%20%D0%BF%D0%B0%D0%B3%D0%BE%D1%80%D0%B1%D1%96%20%D0%BF%D0%B5%D1%80%D0%B5%D0%B4%20%D1%88%D0%B0%D1%85%D1%82%D0%BE%D1%8E%20%D1%96%D0%BC%D0%B5%D0%BD%D1%96%20%D0%94%D0%B7%D0%B5%D1%80%D0%B6%D0%B8%D0%BD%D1%81%D1%8C%D0%BA%D0%BE%D0%B3%D0%BE.jpg","source":"Викиданные","source_id":"Q2416525","license":"CC0 (Викиданные)","confidence":"ok"}},{"type":"Feature","id":"settlements_wd:bccd7c467aae","geometry":{"type":"Point","coordinates":[37.21,48.353056]},"properties":{"uid":"settlements_wd:bccd7c467aae","layer":"settlements_wd","layer_title":"Населённые места: год основания","group":"admin","title":"Родинское","category":"город","place_text":"Покровская городская община (Донецкая область)","region":"Покровская городская община (Донецкая область)","year_from":1950,"year_to":1960,"date_precision":"open","date_approx":true,"period_raw":"с 1950","summary":"город в Донецкой области, Украина","url":"https://ru.wikipedia.org/wiki/%D0%A0%D0%BE%D0%B4%D0%B8%D0%BD%D1%81%D0%BA%D0%BE%D0%B5","image_url":"http://commons.wikimedia.org/wiki/Special:FilePath/%D0%9B%D0%B5%D0%BD%D0%B8%D0%BD%20%D1%80%D0%BE%D0%B4%D0%B8%D0%BD%D1%81%D0%BA%D0%BE%D0%B5.jpg%201.jpg","source":"Викиданные","source_id":"Q2416543","license":"CC0 (Викиданные)","confidence":"ok"}},{"type":"Feature","id":"settlements_wd:e2ae3fb19527","geometry":{"type":"Point","coordinates":[37.671556,47.750583]},"properties":{"uid":"settlements_wd:e2ae3fb19527","layer":"settlements_wd","layer_title":"Населённые места: год основания","group":"admin","title":"Докучаевск","category":"город Украины","place_text":"Dokuchaievsk Hromada","region":"Dokuchaievsk Hromada","year_from":1912,"year_to":1960,"date_precision":"open","date_approx":true,"period_raw":"с 1912","summary":"город в Кальмиусском районе Донецкой области","url":"https://ru.wikipedia.org/wiki/%D0%94%D0%BE%D0%BA%D1%83%D1%87%D0%B0%D0%B5%D0%B2%D1%81%D0%BA","image_url":"http://commons.wikimedia.org/wiki/Special:FilePath/Dokuchaevsk%20006.jpg","source":"Викиданные","source_id":"Q2416554","license":"CC0 (Викиданные)","confidence":"ok"}},{"type":"Feature","id":"settlements_wd:4e0c1f1e7d6a","geometry":{"type":"Point","coordinates":[28.087206,49.325525]},"properties":{"uid":"settlements_wd:4e0c1f1e7d6a","layer":"settlements_wd","layer_title":"Населённые места: год основания","group":"admin","title":"Литин","category":"населённый пункт","place_text":"Литинский район","region":"Литинский район","year_from":1391,"year_to":1960,"date_precision":"open","date_approx":true,"period_raw":"с 1391","summary":"посёлок городского типа в Винницком районе Винницкой области Украины","url":"https://ru.wikipedia.org/wiki/%D0%9B%D0%B8%D1%82%D0%B8%D0%BD_(%D0%92%D0%B8%D0%BD%D0%BD%D0%B8%D1%86%D0%BA%D0%B0%D1%8F_%D0%BE%D0%B1%D0%BB%D0%B0%D1%81%D1%82%D1%8C)","image_url":"http://commons.wikimedia.org/wiki/Special:FilePath/%D0%A3%20%D1%86%D0%B5%D0%BD%D1%82%D1%80%D1%96%20%D1%81%D0%BC%D1%82%20%D0%9B%D1%96%D1%82%D0%B8%D0%BD%20%D0%92%D1%96%D0%BD%D0%BD%D0%B8%D1%86%D1%8C%D0%BA%D0%BE%D1%97%20%D0%BE%D0%B1%D0%BB%D0%B0%D1%81%D1%82%D1%96.jpg","source":"Викиданные","source_id":"Q2473421","license":"CC0 (Викиданные)","confidence":"ok"}},{"type":"Feature","id":"settlements_wd:89958c3b4749","geometry":{"type":"Point","coordinates":[37.503611,47.941944]},"properties":{"uid":"settlements_wd:89958c3b4749","layer":"settlements_wd","layer_title":"Населённые места: год основания","group":"admin","title":"Марьинка","category":"город","place_text":"Марьинская городская община","region":"Марьинская городская община","year_from":1844,"year_to":1960,"date_precision":"open","date_approx":true,"period_raw":"с 1844","summary":"город в Покровском районе Донецкой области Украины","url":"https://ru.wikipedia.org/wiki/%D0%9C%D0%B0%D1%80%D1%8C%D0%B8%D0%BD%D0%BA%D0%B0","image_url":"http://commons.wikimedia.org/wiki/Special:FilePath/Maryinka014.jpg","source":"Викиданные","source_id":"Q2494365","license":"CC0 (Викиданные)","confidence":"ok"}},{"type":"Feature","id":"settlements_wd:34bb09145f53","geometry":{"type":"Point","coordinates":[37.366667,48.1]},"properties":{"uid":"settlements_wd:34bb09145f53","layer":"settlements_wd","layer_title":"Населённые места: год основания","group":"admin","title":"Украинск","category":"город","place_text":"Селидовский городской совет","region":"Селидовский городской совет","year_from":1952,"year_to":1960,"date_precision":"open","date_approx":true,"period_raw":"с 1952","summary":"город на Украине, Донецкая область, Селидовский городской совет","url":"https://ru.wikipedia.org/wiki/%D0%A3%D0%BA%D1%80%D0%B0%D0%B8%D0%BD%D1%81%D0%BA","image_url":"http://commons.wikimedia.org/wiki/Special:FilePath/%D0%A5%D0%BC%D0%B5%D0%BB%D1%8C%D0%BD%D0%B8%D1%86%D1%8C%D0%BA%D0%B8%D0%B9%20%D0%91-%D0%97.%20%D0%BC.%D0%A3%D0%BA%D1%80%D0%B0%D1%97%D0%BD%D1%81%D1%8C%D0%BA.jpg","source":"Викиданные","source_id":"Q2496842","license":"CC0 (Викиданные)","confidence":"ok"}},{"type":"Feature","id":"settlements_wd:df5efbb98b97","geometry":{"type":"Point","coordinates":[34.12056,44.94278]},"properties":{"uid":"settlements_wd:df5efbb98b97","layer":"settlements_wd","layer_title":"Населённые места: год основания","group":"admin","title":"Неаполь Скифский","category":"археологический памятник","place_text":"Симферополь","region":"Симферополь","date_precision":"unknown","date_approx":false,"summary":"древний город, одна из скифских царских крепостей в Крыму, столица позднескифского государства (III век до н. э. — III век н. э.)","url":"https://ru.wikipedia.org/wiki/%D0%9D%D0%B5%D0%B0%D0%BF%D0%BE%D0%BB%D1%8C_%D0%A1%D0%BA%D0%B8%D1%84%D1%81%D0%BA%D0%B8%D0%B9","image_url":"http://commons.wikimedia.org/wiki/Special:FilePath/Simferopol%2C%20Scythian%20Neapolis%2C%202016.06.17%20%2805%29%20%2829689226505%29.jpg","source":"Викиданные","source_id":"Q2621094","license":"CC0 (Викиданные)","confidence":"ok"}},{"type":"Feature","id":"settlements_wd:3e4e02c740cd","geometry":{"type":"Point","coordinates":[37.366667,48.05]},"properties":{"uid":"settlements_wd:3e4e02c740cd","layer":"settlements_wd","layer_title":"Населённые места: год основания","group":"admin","title":"Горняк","category":"город Украины","place_text":"Кураховская городская община","region":"Кураховская городская община","year_from":1938,"year_to":1960,"date_precision":"open","date_approx":true,"period_raw":"с 1938","summary":"город на Украине, Донецкая область, Селидовский городской совет","url":"https://ru.wikipedia.org/wiki/%D0%93%D0%BE%D1%80%D0%BD%D1%8F%D0%BA_(%D0%B3%D0%BE%D1%80%D0%BE%D0%B4,_%D0%A3%D0%BA%D1%80%D0%B0%D0%B8%D0%BD%D0%B0)","image_url":"http://commons.wikimedia.org/wiki/Special:FilePath/%D0%93%D1%96%D1%80%D0%BD%D0%B8%D0%BA.jpg","source":"Викиданные","source_id":"Q2621513","license":"CC0 (Викиданные)","confidence":"ok"}},{"type":"Feature","id":"settlements_wd:14981d8e56b3","geometry":{"type":"Point","coordinates":[48.595278,39.116667]},"properties":{"uid":"settlements_wd:14981d8e56b3","layer":"settlements_wd","layer_title":"Населённые места: год основания","group":"admin","title":"Гёйтепе","category":"город","place_text":"Джалилабадский район","region":"Джалилабадский район","year_from":1840,"year_to":1960,"date_precision":"open","date_approx":true,"period_raw":"с 1840","summary":"город в Джалилабадском районе Азербайджана","url":"https://ru.wikipedia.org/wiki/%D0%93%D1%91%D0%B9%D1%82%D0%B5%D0%BF%D0%B5","image_url":"http://commons.wikimedia.org/wiki/Special:FilePath/Goytapa%20irada.JPG","source":"Викиданные","source_id":"Q2656617","license":"CC0 (Викиданные)","confidence":"ok"}},{"type":"Feature","id":"settlements_wd:4c4dc0d667c4","geometry":{"type":"Point","coordinates":[48.813889,38.873333]},"properties":{"uid":"settlements_wd:4c4dc0d667c4","layer":"settlements_wd","layer_title":"Населённые места: год основания","group":"admin","title":"Лиман","category":"город","place_text":"Ленкоранский район","region":"Ленкоранский район","year_from":1921,"year_to":1960,"date_precision":"open","date_approx":true,"period_raw":"с 1921","summary":"город в Азербайджане","url":"https://ru.wikipedia.org/wiki/%D0%9B%D0%B8%D0%BC%D0%B0%D0%BD_(%D0%90%D0%B7%D0%B5%D1%80%D0%B1%D0%B0%D0%B9%D0%B4%D0%B6%D0%B0%D0%BD)","image_url":"http://commons.wikimedia.org/wiki/Special:FilePath/Port-Ilich.jpg","source":"Викиданные","source_id":"Q2671684","license":"CC0 (Викиданные)","confidence":"ok"}},{"type":"Feature","id":"settlements_wd:75ef67c07566","geometry":{"type":"Point","coordinates":[69.696667,40.238611]},"properties":{"uid":"settlements_wd:75ef67c07566","layer":"settlements_wd","layer_title":"Населённые места: год основания","group":"admin","title":"Бустон","category":"город","place_text":"Согдийская область","region":"Согдийская область","year_from":1946,"year_to":1960,"date_precision":"open","date_approx":true,"period_raw":"с 1946","summary":"город в Согдийской области Таджикистана","url":"https://ru.wikipedia.org/wiki/%D0%91%D1%83%D1%81%D1%82%D0%BE%D0%BD_(%D0%B3%D0%BE%D1%80%D0%BE%D0%B4)","image_url":"http://commons.wikimedia.org/wiki/Special:FilePath/The%20Buston%20sign.jpg","source":"Викиданные","source_id":"Q2997217","license":"CC0 (Викиданные)","confidence":"ok"}},{"type":"Feature","id":"settlements_wd:e1d449515a0a","geometry":{"type":"Point","coordinates":[20.630556,52.656111]},"properties":{"uid":"settlements_wd:e1d449515a0a","layer":"settlements_wd","layer_title":"Населённые места: год основания","group":"admin","title":"Нове-Място","category":"город","place_text":"Нове-Място","region":"Нове-Място","year_from":1420,"year_to":1960,"date_precision":"open","date_approx":true,"period_raw":"с 1420","summary":"город и гимна в Польше","url":"https://www.wikidata.org/wiki/Q3077833","image_url":"http://commons.wikimedia.org/wiki/Special:FilePath/Nowe%20Miasto%2C%20ko%C5%9Bci%C3%B3%C5%82%20par.%20p.w.%20%C5%9Awi%C4%99tej%20Tr%C3%B3jcy%2001%3B%20Kot.JPG","source":"Викиданные","source_id":"Q3077833","license":"CC0 (Викиданные)","confidence":"ok"}},{"type":"Feature","id":"settlements_wd:cde39fc51e92","geometry":{"type":"Point","coordinates":[60.058333,42.123611]},"properties":{"uid":"settlements_wd:cde39fc51e92","layer":"settlements_wd","layer_title":"Населённые места: год основания","group":"admin","title":"Мангит","category":"городок","place_text":"Амударьинский район","region":"Амударьинский район","year_from":1957,"year_to":1960,"date_precision":"open","date_approx":true,"period_raw":"с 1957","summary":"город в Республике Каракалпакстан, Узбекистан","url":"https://ru.wikipedia.org/wiki/%D0%9C%D0%B0%D0%BD%D0%B3%D0%B8%D1%82_(%D0%9A%D0%B0%D1%80%D0%B0%D0%BA%D0%B0%D0%BB%D0%BF%D0%B0%D0%BA%D1%81%D1%82%D0%B0%D0%BD)","source":"Викиданные","source_id":"Q3544447","license":"CC0 (Викиданные)","confidence":"ok"}},{"type":"Feature","id":"settlements_wd:30c4ed3c478c","geometry":{"type":"Point","coordinates":[37.499861,47.599361]},"properties":{"uid":"settlements_wd:30c4ed3c478c","layer":"settlements_wd","layer_title":"Населённые места: год основания","group":"admin","title":"Волноваха","category":"город","place_text":"Волновахская городская община","region":"Волновахская городская община","year_from":1881,"year_to":1960,"date_precision":"open","date_approx":true,"period_raw":"с 1881","summary":"город на юго-западе Донецкой области России, адм. центр Волновахского района","url":"https://ru.wikipedia.org/wiki/%D0%92%D0%BE%D0%BB%D0%BD%D0%BE%D0%B2%D0%B0%D1%85%D0%B0","image_url":"http://commons.wikimedia.org/wiki/Special:FilePath/Volnovaha%20train%20station.JPG","source":"Викиданные","source_id":"Q3562943","license":"CC0 (Викиданные)","confidence":"ok"}},{"type":"Feature","id":"settlements_wd:a7af3d0f9a43","geometry":{"type":"Point","coordinates":[69.194167,40.811111]},"properties":{"uid":"settlements_wd:a7af3d0f9a43","layer":"settlements_wd","layer_title":"Населённые места: год основания","group":"admin","title":"Бука","category":"город","place_text":"Букинский район","region":"Букинский район","year_from":1943,"year_to":1960,"date_precision":"open","date_approx":true,"period_raw":"с 1943","summary":"город в Узбекистане, Ташкентская область, административный центр Букинского района","url":"https://ru.wikipedia.org/wiki/%D0%91%D1%83%D0%BA%D0%B0_(%D0%A3%D0%B7%D0%B1%D0%B5%D0%BA%D0%B8%D1%81%D1%82%D0%B0%D0%BD)","image_url":"http://commons.wikimedia.org/wiki/Special:FilePath/%D0%92%D0%B8%D0%B4%20%D1%81%20%D1%85%D0%BE%D0%BB%D0%BC%D0%B0%20%D0%BD%D0%B0%20%D0%B3%D0%BE%D1%80%D0%BE%D0%B4.png","source":"Викиданные","source_id":"Q3814773","license":"CC0 (Викиданные)","confidence":"ok"}},{"type":"Feature","id":"settlements_wd:2f98169a9ff0","geometry":{"type":"Point","coordinates":[36.266667,54.533333]},"properties":{"uid":"settlements_wd:2f98169a9ff0","layer":"settlements_wd","layer_title":"Населённые места: год основания","group":"admin","title":"Калуга","category":"административно-территориальная единица России","place_text":"городской округ Калуга","region":"городской округ Калуга","year_from":1371,"year_to":1960,"date_precision":"open","date_approx":true,"period_raw":"с 1371","summary":"город в европейской части России, административный центр Калужской области","url":"https://ru.wikipedia.org/wiki/%D0%9A%D0%B0%D0%BB%D1%83%D0%B3%D0%B0","image_url":"http://commons.wikimedia.org/wiki/Special:FilePath/Kaluga%202012%20MainSquare%2003%201TM.jpg","source":"Викиданные","source_id":"Q2837","license":"CC0 (Викиданные)","confidence":"ok"}},{"type":"Feature","id":"settlements_wd:040db58c77d2","geometry":{"type":"Point","coordinates":[64.435556,40.160278]},"properties":{"uid":"settlements_wd:040db58c77d2","layer":"settlements_wd","layer_title":"Населённые места: год основания","group":"admin","title":"Варданзи","category":"покинутый город","place_text":"Шафирканский район","region":"Шафирканский район","date_precision":"unknown","date_approx":false,"summary":"древний город возле Бухары","url":"https://ru.wikipedia.org/wiki/%D0%92%D0%B0%D1%80%D0%B4%D0%B0%D0%BD%D0%B7%D0%B8","image_url":"http://commons.wikimedia.org/wiki/Special:FilePath/%D0%9A%D1%80%D0%B5%D0%BF%D0%BE%D1%81%D1%82%D1%8C%20%D0%92%D0%B0%D1%80%D0%B4%D0%B0%D0%BD%D0%B7%D0%B8%20%D0%B2%D0%BE%D1%81%D1%82%D0%BE%D1%87%D0%BD%D0%B0%D1%8F%20%D1%81%D1%82%D0%BE%D1%80%D0%BE%D0%BD%D0%B0.jpg","source":"Викиданные","source_id":"Q4103696","license":"CC0 (Викиданные)","confidence":"ok"}},{"type":"Feature","id":"settlements_wd:2c541cc6abaf","geometry":{"type":"Point","coordinates":[35.4001,45.022035]},"properties":{"uid":"settlements_wd:2c541cc6abaf","layer":"settlements_wd","layer_title":"Населённые места: год основания","group":"admin","title":"Генуэзская крепость (Феодосия)","category":"крепость","place_text":"Феодосия","region":"Феодосия","year_from":1266,"year_to":1960,"date_precision":"open","date_approx":true,"period_raw":"с 1266","summary":"средневековые укрепления в городе Феодосия (Крым)","url":"https://ru.wikipedia.org/wiki/%D0%93%D0%B5%D0%BD%D1%83%D1%8D%D0%B7%D1%81%D0%BA%D0%B0%D1%8F_%D0%BA%D1%80%D0%B5%D0%BF%D0%BE%D1%81%D1%82%D1%8C_(%D0%A4%D0%B5%D0%BE%D0%B4%D0%BE%D1%81%D0%B8%D1%8F)","image_url":"http://commons.wikimedia.org/wiki/Special:FilePath/Theodosia%20castle.JPG","source":"Викиданные","source_id":"Q4135566","license":"CC0 (Викиданные)","confidence":"ok"}},{"type":"Feature","id":"settlements_wd:442aa54ffa63","geometry":{"type":"Point","coordinates":[39.834444,48.847222]},"properties":{"uid":"settlements_wd:442aa54ffa63","layer":"settlements_wd","layer_title":"Населённые места: год основания","group":"admin","title":"Красная Таловка","category":"приграничный город","place_text":"Широковская сельская община","region":"Широковская сельская община","year_from":1913,"year_to":1960,"date_precision":"open","date_approx":true,"period_raw":"с 1913","summary":"село в Станично-Луганском районе Луганской области, Украина","url":"https://ru.wikipedia.org/wiki/%D0%9A%D1%80%D0%B0%D1%81%D0%BD%D0%B0%D1%8F_%D0%A2%D0%B0%D0%BB%D0%BE%D0%B2%D0%BA%D0%B0","source":"Викиданные","source_id":"Q4238074","license":"CC0 (Викиданные)","confidence":"ok"}},{"type":"Feature","id":"settlements_wd:07b920328c59","geometry":{"type":"Point","coordinates":[39.916111,43.433611]},"properties":{"uid":"settlements_wd:07b920328c59","layer":"settlements_wd","layer_title":"Населённые места: год основания","group":"admin","title":"Адлерский район","category":"приграничный город","place_text":"Краснодарский край","region":"Краснодарский край","year_from":1934,"year_to":1960,"date_precision":"open","date_approx":true,"period_raw":"с 1934","summary":"городской район города Сочи в Краснодарском крае России","url":"https://ru.wikipedia.org/wiki/%D0%90%D0%B4%D0%BB%D0%B5%D1%80%D1%81%D0%BA%D0%B8%D0%B9_%D1%80%D0%B0%D0%B9%D0%BE%D0%BD","image_url":"http://commons.wikimedia.org/wiki/Special:FilePath/Adlerkurort.jpg","source":"Викиданные","source_id":"Q4262671","license":"CC0 (Викиданные)","confidence":"ok"}},{"type":"Feature","id":"settlements_wd:1c1a2820622f","geometry":{"type":"Point","coordinates":[24.450278,51.186667]},"properties":{"uid":"settlements_wd:1c1a2820622f","layer":"settlements_wd","layer_title":"Населённые места: год основания","group":"admin","title":"Миляновичи","category":"Royal city in Polish-Lithuanian Commonwealth","place_text":"Волынское воеводство","region":"Волынское воеводство","year_from":1511,"year_to":1960,"date_precision":"open","date_approx":true,"period_raw":"с 1511","summary":"село в Ковельском районе Волынской области Украины","url":"https://ru.wikipedia.org/wiki/%D0%9C%D0%B8%D0%BB%D1%8F%D0%BD%D0%BE%D0%B2%D0%B8%D1%87%D0%B8","source":"Викиданные","source_id":"Q4293895","license":"CC0 (Викиданные)","confidence":"ok"}},{"type":"Feature","id":"settlements_wd:b428fa328495","geometry":{"type":"Point","coordinates":[30.891944,50.100694]},"properties":{"uid":"settlements_wd:b428fa328495","layer":"settlements_wd","layer_title":"Населённые места: год основания","group":"admin","title":"Святополч","category":"городище","place_text":"Витачов","region":"Витачов","year_from":1096,"year_to":1960,"date_precision":"open","date_approx":true,"period_raw":"с 1096","summary":"древний город, основанный Святополком Изяславичем","url":"https://ru.wikipedia.org/wiki/%D0%A1%D0%B2%D1%8F%D1%82%D0%BE%D0%BF%D0%BE%D0%BB%D1%87","image_url":"http://commons.wikimedia.org/wiki/Special:FilePath/%D0%93%D0%BE%D1%80%D0%BE%D0%B4%D0%B8%D1%89%D0%B5.%D0%92%D0%B8%D1%82%D0%B0%D1%87%D1%96%D0%B2..jpg","source":"Викиданные","source_id":"Q4411622","license":"CC0 (Викиданные)","confidence":"ok"}},{"type":"Feature","id":"settlements_wd:87510d4598bb","geometry":{"type":"Point","coordinates":[83.289167,49.6925]},"properties":{"uid":"settlements_wd:87510d4598bb","layer":"settlements_wd","layer_title":"Населённые места: год основания","group":"admin","title":"Серебрянск","category":"город","place_text":"Алтайский район","region":"Алтайский район","year_from":1952,"year_to":1960,"date_precision":"open","date_approx":true,"period_raw":"с 1952","summary":"город в Алтайском районе Восточно-Казахстанской области Казахстана","url":"https://ru.wikipedia.org/wiki/%D0%A1%D0%B5%D1%80%D0%B5%D0%B1%D1%80%D1%8F%D0%BD%D1%81%D0%BA","source":"Викиданные","source_id":"Q4417399","license":"CC0 (Викиданные)","confidence":"ok"}},{"type":"Feature","id":"settlements_wd:6e810fe72161","geometry":{"type":"Point","coordinates":[45.159444,43.311667]},"properties":{"uid":"settlements_wd:6e810fe72161","layer":"settlements_wd","layer_title":"Населённые места: год основания","group":"admin","title":"Серноводское","category":"город","place_text":"Серноводский район","region":"Серноводский район","year_from":1846,"year_to":1960,"date_precision":"open","date_approx":true,"period_raw":"с 1846","summary":"город в Серноводском районе Чечни России","url":"https://ru.wikipedia.org/wiki/%D0%A1%D0%B5%D1%80%D0%BD%D0%BE%D0%B2%D0%BE%D0%B4%D1%81%D0%BA%D0%BE%D0%B5_(%D0%A7%D0%B5%D1%87%D0%BD%D1%8F)","image_url":"http://commons.wikimedia.org/wiki/Special:FilePath/Sernovodsk-Kavkazskii-2016.jpg","source":"Викиданные","source_id":"Q4417705","license":"CC0 (Викиданные)","confidence":"ok"}},{"type":"Feature","id":"settlements_wd:f46b36959c83","geometry":{"type":"Point","coordinates":[39.198333,51.552778]},"properties":{"uid":"settlements_wd:f46b36959c83","layer":"settlements_wd","layer_title":"Населённые места: год основания","group":"admin","title":"Таврово","category":"город","place_text":"Левобережный район","region":"Левобережный район","year_from":1705,"year_to":1960,"date_precision":"open","date_approx":true,"period_raw":"с 1705","summary":"бывший город и село, ныне часть города Воронежа","url":"https://ru.wikipedia.org/wiki/%D0%A2%D0%B0%D0%B2%D1%80%D0%BE%D0%B2%D0%BE_(%D0%92%D0%BE%D1%80%D0%BE%D0%BD%D0%B5%D0%B6%D1%81%D0%BA%D0%B0%D1%8F_%D0%BE%D0%B1%D0%BB%D0%B0%D1%81%D1%82%D1%8C)","image_url":"http://commons.wikimedia.org/wiki/Special:FilePath/Pram%20from%20Tavrov.JPG","source":"Викиданные","source_id":"Q4449499","license":"CC0 (Викиданные)","confidence":"ok"}},{"type":"Feature","id":"settlements_wd:4f8c0ac53a67","geometry":{"type":"Point","coordinates":[36.187222,51.737222]},"properties":{"uid":"settlements_wd:4f8c0ac53a67","layer":"settlements_wd","layer_title":"Населённые места: год основания","group":"admin","title":"Курск","category":"большой город","place_text":"Курская область","region":"Курская область","year_from":1032,"year_to":1960,"date_precision":"open","date_approx":true,"period_raw":"с 1032","summary":"город в России, административный центр Курской области","url":"https://ru.wikipedia.org/wiki/%D0%9A%D1%83%D1%80%D1%81%D0%BA","image_url":"http://commons.wikimedia.org/wiki/Special:FilePath/%D0%97%D0%BD%D0%B0%D0%BC%D0%B5%D0%BD%D1%81%D0%BA%D0%B8%D0%B9%20%D0%A1%D0%BE%D0%B1%D0%BE%D1%80%20%D0%9A%D1%83%D1%80%D1%81%D0%BA%20%28cropped%29.jpg","source":"Викиданные","source_id":"Q3159","license":"CC0 (Викиданные)","confidence":"ok"}},{"type":"Feature","id":"settlements_wd:532f65b8290c","geometry":{"type":"Point","coordinates":[21.829167,51.040833]},"properties":{"uid":"settlements_wd:532f65b8290c","layer":"settlements_wd","layer_title":"Населённые места: год основания","group":"admin","title":"Юзефов посад","category":"город","place_text":"Юзефув-над-Вислой","region":"Юзефув-над-Вислой","year_from":1687,"year_to":1960,"date_precision":"open","date_approx":true,"period_raw":"с 1687","summary":"город в Люблинском воеводстве на реке Висле","url":"https://ru.wikipedia.org/wiki/%D0%AE%D0%B7%D0%B5%D1%84%D1%83%D0%B2-%D0%BD%D0%B0%D0%B4-%D0%92%D0%B8%D1%81%D0%BB%D0%BE%D0%BD","image_url":"http://commons.wikimedia.org/wiki/Special:FilePath/Pa%C5%82ac%20w%20J%C3%B3zefowie%20nad%20Wis%C5%82%C4%85.jpg","source":"Викиданные","source_id":"Q4534209","license":"CC0 (Викиданные)","confidence":"ok"}},{"type":"Feature","id":"settlements_wd:5a3d0ecf4256","geometry":{"type":"Point","coordinates":[36.4686,45.3508]},"properties":{"uid":"settlements_wd:5a3d0ecf4256","layer":"settlements_wd","layer_title":"Населённые места: год основания","group":"admin","title":"Тиритака","category":"полис","place_text":"Керчь","region":"Керчь","date_precision":"unknown","date_approx":false,"summary":"античное городище на Керченском полуострове в Крыму","url":"https://ru.wikipedia.org/wiki/%D0%A2%D0%B8%D1%80%D0%B8%D1%82%D0%B0%D0%BA%D0%B0","image_url":"http://commons.wikimedia.org/wiki/Special:FilePath/%D0%A0%D1%8B%D0%B1%D0%BE%D0%B7%D0%B0%D1%81%D0%BE%D0%BB%D0%BE%D1%87%D0%BD%D1%8B%D0%B5%20%D0%B2%D0%B0%D0%BD%D0%BD%D1%8B%20%D0%BD%D0%B0%20%D0%A2%D0%B8%D1%80%D0%B8%D1%82%D0%B0%D0%BA%D0%B5.jpg","source":"Викиданные","source_id":"Q7861533","license":"CC0 (Викиданные)","confidence":"ok"}},{"type":"Feature","id":"settlements_wd:2f1047598189","geometry":{"type":"Point","coordinates":[19.1875,50.3028]},"properties":{"uid":"settlements_wd:2f1047598189","layer":"settlements_wd","layer_title":"Населённые места: год основания","group":"admin","title":"Загуж","category":"город","place_text":"Сосновец","region":"Сосновец","year_from":1228,"year_to":1960,"date_precision":"open","date_approx":true,"period_raw":"с 1228","summary":"Сосновецкий район - юг Польши (с 1975 г.), город (1967 - 1975 г.), поселение с 13 века.","url":"https://www.wikidata.org/wiki/Q8064579","source":"Викиданные","source_id":"Q8064579","license":"CC0 (Викиданные)","confidence":"ok"}},{"type":"Feature","id":"settlements_wd:1984af2bd79e","geometry":{"type":"Point","coordinates":[36.837823,45.314944]},"properties":{"uid":"settlements_wd:1984af2bd79e","layer":"settlements_wd","layer_title":"Населённые места: год основания","group":"admin","title":"Патрей","category":"археологический памятник","place_text":"Гаркуша","region":"Гаркуша","date_precision":"unknown","date_approx":false,"summary":"Российский город","url":"https://ru.wikipedia.org/wiki/%D0%9F%D0%B0%D1%82%D1%80%D0%B5%D0%B9","source":"Викиданные","source_id":"Q11940493","license":"CC0 (Викиданные)","confidence":"ok"}},{"type":"Feature","id":"settlements_wd:a6ab86f4d06c","geometry":{"type":"Point","coordinates":[36.292222,45.285278]},"properties":{"uid":"settlements_wd:a6ab86f4d06c","layer":"settlements_wd","layer_title":"Населённые места: год основания","group":"admin","title":"Илурат","category":"крепость","place_text":"Ленинский район","region":"Ленинский район","date_precision":"unknown","date_approx":false,"summary":"античный город-крепость в Крымской части Боспорского царства","url":"https://ru.wikipedia.org/wiki/%D0%98%D0%BB%D1%83%D1%80%D0%B0%D1%82","image_url":"http://commons.wikimedia.org/wiki/Special:FilePath/Illurat-fortress%201.jpg","source":"Викиданные","source_id":"Q12074238","license":"CC0 (Викиданные)","confidence":"ok"}},{"type":"Feature","id":"settlements_wd:c53dc9943647","geometry":{"type":"Point","coordinates":[44.505556,41.507222]},"properties":{"uid":"settlements_wd:c53dc9943647","layer":"settlements_wd","layer_title":"Населённые места: год основания","group":"admin","title":"Самшвилде","category":"укреплённый город","place_text":"Тетрицкаройский муниципалитет","region":"Тетрицкаройский муниципалитет","date_precision":"unknown","date_approx":false,"summary":"руины крепости на юге Грузии","url":"https://ru.wikipedia.org/wiki/%D0%A1%D0%B0%D0%BC%D1%88%D0%B2%D0%B8%D0%BB%D0%B4%D0%B5","image_url":"http://commons.wikimedia.org/wiki/Special:FilePath/Samshvilde%20fortress%20%28Photo%20A.%20Muhranoff%2C%202010%29.jpg","source":"Викиданные","source_id":"Q12868759","license":"CC0 (Викиданные)","confidence":"ok"}},{"type":"Feature","id":"settlements_wd:183792036a8e","geometry":{"type":"Point","coordinates":[59.718056,41.731667]},"properties":{"uid":"settlements_wd:183792036a8e","layer":"settlements_wd","layer_title":"Населённые места: год основания","group":"admin","title":"Замахшар","category":"покинутый город","place_text":"Дашогузский велаят","region":"Дашогузский велаят","date_precision":"unknown","date_approx":false,"summary":"древнее селение в Средней Азии","url":"https://ru.wikipedia.org/wiki/%D0%97%D0%B0%D0%BC%D0%B0%D1%85%D1%88%D0%B0%D1%80","source":"Викиданные","source_id":"Q16653067","license":"CC0 (Викиданные)","confidence":"ok"}},{"type":"Feature","id":"settlements_wd:60ee61fe2bbe","geometry":{"type":"Point","coordinates":[33.6091,44.6029]},"properties":{"uid":"settlements_wd:60ee61fe2bbe","layer":"settlements_wd","layer_title":"Населённые места: год основания","group":"admin","title":"Каламита","category":"крепость","place_text":"Инкерман","region":"Инкерман","date_precision":"unknown","date_approx":false,"summary":"средневековая византийская крепость в Севастополе","url":"https://ru.wikipedia.org/wiki/%D0%9A%D0%B0%D0%BB%D0%B0%D0%BC%D0%B8%D1%82%D0%B0","image_url":"http://commons.wikimedia.org/wiki/Special:FilePath/Inkerman%20Kalamita%2013.jpg","source":"Викиданные","source_id":"Q19660003","license":"CC0 (Викиданные)","confidence":"ok"}},{"type":"Feature","id":"settlements_wd:26ad65423926","geometry":{"type":"Point","coordinates":[32.863889,45.366667]},"properties":{"uid":"settlements_wd:26ad65423926","layer":"settlements_wd","layer_title":"Населённые места: год основания","group":"admin","title":"Кульчукское городище","category":"городище","place_text":"Громово","region":"Громово","date_precision":"unknown","date_approx":false,"summary":"греко-скифское древнее городище в Крыму","url":"https://ru.wikipedia.org/wiki/%D0%9A%D1%83%D0%BB%D1%8C%D1%87%D1%83%D0%BA%D1%81%D0%BA%D0%BE%D0%B5_%D0%B3%D0%BE%D1%80%D0%BE%D0%B4%D0%B8%D1%89%D0%B5","image_url":"http://commons.wikimedia.org/wiki/Special:FilePath/%5EAntique%20Kulchuk%20-%20panoramio.jpg","source":"Викиданные","source_id":"Q25421638","license":"CC0 (Викиданные)","confidence":"ok"}},{"type":"Feature","id":"settlements_wd:0ff6d374e419","geometry":{"type":"Point","coordinates":[74.273997,56.92033]},"properties":{"uid":"settlements_wd:0ff6d374e419","layer":"settlements_wd","layer_title":"Населённые места: год основания","group":"admin","title":"Чекрушево","category":"село","place_text":"Чекрушанское сельское поселение","region":"Чекрушанское сельское поселение","year_from":1600,"year_to":1960,"date_precision":"open","date_approx":true,"period_raw":"с 1600","summary":"село в Тарском районе Омской области России","url":"https://ru.wikipedia.org/wiki/%D0%A7%D0%B5%D0%BA%D1%80%D1%83%D1%88%D0%B5%D0%B2%D0%BE","image_url":"http://commons.wikimedia.org/wiki/Special:FilePath/%D0%A7%D0%B5%D0%BA%D1%80%D1%83%D1%88%D0%B5%D0%B2%D0%BE%2C%20%D0%BE%D0%B1%D1%89%D0%B8%D0%B9%20%D0%B2%D0%B8%D0%B4.jpg","source":"Викиданные","source_id":"Q25726630","license":"CC0 (Викиданные)","confidence":"ok"}},{"type":"Feature","id":"settlements_wd:488bc5c9d64f","geometry":{"type":"Point","coordinates":[37.77278,55.04944]},"properties":{"uid":"settlements_wd:488bc5c9d64f","layer":"settlements_wd","layer_title":"Населённые места: год основания","group":"admin","title":"Дальняя дача","category":"здание","place_text":"Семёновское","region":"Семёновское","year_from":1939,"year_to":1960,"date_precision":"open","date_approx":true,"period_raw":"с 1939","summary":"правительственная резиденция","url":"https://ru.wikipedia.org/wiki/%D0%94%D0%B0%D0%BB%D1%8C%D0%BD%D1%8F%D1%8F_%D0%B4%D0%B0%D1%87%D0%B0","source":"Викиданные","source_id":"Q104417871","license":"CC0 (Викиданные)","confidence":"ok"}},{"type":"Feature","id":"settlements_wd:15851c1c5e6a","geometry":{"type":"Point","coordinates":[36.6,50.6]},"properties":{"uid":"settlements_wd:15851c1c5e6a","layer":"settlements_wd","layer_title":"Населённые места: год основания","group":"admin","title":"Белгород","category":"большой город","place_text":"Городской округ город Белгород","region":"Городской округ город Белгород","year_from":1596,"year_to":1960,"date_precision":"open","date_approx":true,"period_raw":"с 1596","summary":"город в России, административный центр Белгородской области","url":"https://ru.wikipedia.org/wiki/%D0%91%D0%B5%D0%BB%D0%B3%D0%BE%D1%80%D0%BE%D0%B4","image_url":"http://commons.wikimedia.org/wiki/Special:FilePath/%D0%91%D0%B5%D0%BB%D0%B3%D0%BE%D1%80%D0%BE%D0%B4%20%D1%81%20%D0%B0%D1%8D%D1%80%D0%BE%D1%81%D1%82%D0%B0%D1%82%D0%B0%205%20%D0%B0%D0%B2%D0%B3%D1%83%D1%81%D1%82%D0%B0%202014%2010.jpg","source":"Викиданные","source_id":"Q3323","license":"CC0 (Викиданные)","confidence":"ok"}},{"type":"Feature","id":"settlements_wd:2ead8c79e392","geometry":{"type":"Point","coordinates":[39.210556,51.671667]},"properties":{"uid":"settlements_wd:2ead8c79e392","layer":"settlements_wd","layer_title":"Населённые места: год основания","group":"admin","title":"Воронеж","category":"большой город","place_text":"город Воронеж","region":"город Воронеж","year_from":1586,"year_to":1960,"date_precision":"open","date_approx":true,"period_raw":"с 1586","summary":"город в России, административный центр Воронежской области","url":"https://ru.wikipedia.org/wiki/%D0%92%D0%BE%D1%80%D0%BE%D0%BD%D0%B5%D0%B6","image_url":"http://commons.wikimedia.org/wiki/Special:FilePath/%D0%93%D0%BB%D0%B0%D0%B2%D0%BD%D0%BE%D0%B5%20%D0%B7%D0%B4%D0%B0%D0%BD%D0%B8%D0%B5%20%D1%83%D0%BF%D1%80%D0%B0%D0%B2%D0%BB%D0%B5%D0%BD%D0%B8%D1%8F%20%D0%AE%D0%92%D0%96%D0%94.jpg","source":"Викиданные","source_id":"Q3426","license":"CC0 (Викиданные)","confidence":"ok"}},{"type":"Feature","id":"settlements_wd:0a932ad5fe9a","geometry":{"type":"Point","coordinates":[25.28,54.687222]},"properties":{"uid":"settlements_wd:0a932ad5fe9a","layer":"settlements_wd","layer_title":"Населённые места: год основания","group":"admin","title":"Вильнюс","category":"город","place_text":"Вильнюсское городское самоуправление","region":"Вильнюсское городское самоуправление","year_from":1201,"year_to":1960,"date_precision":"open","date_approx":true,"period_raw":"с 1201","summary":"столица Литвы","url":"https://ru.wikipedia.org/wiki/%D0%92%D0%B8%D0%BB%D1%8C%D0%BD%D1%8E%D1%81","image_url":"http://commons.wikimedia.org/wiki/Special:FilePath/Gedimino%20pilis%20by%20Augustas%20Didzgalvis.jpg","source":"Викиданные","source_id":"Q216","license":"CC0 (Викиданные)","confidence":"ok"}},{"type":"Feature","id":"settlements_wd:2b0415cc6a3e","geometry":{"type":"Point","coordinates":[41.453889,52.723056]},"properties":{"uid":"settlements_wd:2b0415cc6a3e","layer":"settlements_wd","layer_title":"Населённые места: год основания","group":"admin","title":"Тамбов","category":"большой город","place_text":"Тамбовский район","region":"Тамбовский район","year_from":1636,"year_to":1960,"date_precision":"open","date_approx":true,"period_raw":"с 1636","summary":"город в России, административный центр Тамбовской области","url":"https://ru.wikipedia.org/wiki/%D0%A2%D0%B0%D0%BC%D0%B1%D0%BE%D0%B2","image_url":"http://commons.wikimedia.org/wiki/Special:FilePath/Tambov%20TransgfigurationCathedral%20101%200477.jpg","source":"Викиданные","source_id":"Q3544","license":"CC0 (Викиданные)","confidence":"ok"}},{"type":"Feature","id":"settlements_wd:4da4f54cd049","geometry":{"type":"Point","coordinates":[38.983333,45.033333]},"properties":{"uid":"settlements_wd:4da4f54cd049","layer":"settlements_wd","layer_title":"Населённые места: год основания","group":"admin","title":"Краснодар","category":"столица","place_text":"муниципальное образование город Краснодар","region":"муниципальное образование город Краснодар","year_from":1793,"year_to":1960,"date_precision":"open","date_approx":true,"period_raw":"с 1793","summary":"город в России, административный центр Краснодарского края","url":"https://ru.wikipedia.org/wiki/%D0%9A%D1%80%D0%B0%D1%81%D0%BD%D0%BE%D0%B4%D0%B0%D1%80","image_url":"http://commons.wikimedia.org/wiki/Special:FilePath/%D0%9A%D1%80%D0%B0%D1%81%D0%BD%D0%BE%D0%B4%D0%B0%D1%80.png","source":"Викиданные","source_id":"Q3646","license":"CC0 (Викиданные)","confidence":"ok"}},{"type":"Feature","id":"settlements_wd:3925c83d767e","geometry":{"type":"Point","coordinates":[40.083333,44.6]},"properties":{"uid":"settlements_wd:3925c83d767e","layer":"settlements_wd","layer_title":"Населённые места: год основания","group":"admin","title":"Майкоп","category":"город","place_text":"Городской округ Майкоп","region":"Городской округ Майкоп","year_from":1857,"year_to":1960,"date_precision":"open","date_approx":true,"period_raw":"с 1857","summary":"город на юге России, административный центр Республики Адыгея и городского округа Город Майкоп","url":"https://ru.wikipedia.org/wiki/%D0%9C%D0%B0%D0%B9%D0%BA%D0%BE%D0%BF","image_url":"http://commons.wikimedia.org/wiki/Special:FilePath/%D0%92%D0%BE%D0%BA%D0%B7%D0%B0%D0%BB%20%D0%9C%D0%B0%D0%B9%D0%BA%D0%BE%D0%BF%D0%B0.JPG","source":"Викиданные","source_id":"Q3752","license":"CC0 (Викиданные)","confidence":"ok"}},{"type":"Feature","id":"settlements_wd:3056c6d6f355","geometry":{"type":"Point","coordinates":[48.035,46.35]},"properties":{"uid":"settlements_wd:3056c6d6f355","layer":"settlements_wd","layer_title":"Населённые места: год основания","group":"admin","title":"Астрахань","category":"большой город","place_text":"Городской округ город Астрахань","region":"Городской округ город Астрахань","year_from":1558,"year_to":1960,"date_precision":"open","date_approx":true,"period_raw":"с 1558","summary":"крупный город в Нижнем Поволжье России, административный центр Астраханской области","url":"https://ru.wikipedia.org/wiki/%D0%90%D1%81%D1%82%D1%80%D0%B0%D1%85%D0%B0%D0%BD%D1%8C","image_url":"http://commons.wikimedia.org/wiki/Special:FilePath/Panarama%20astrakhan%202009.jpg","source":"Викиданные","source_id":"Q3927","license":"CC0 (Викиданные)","confidence":"ok"}},{"type":"Feature","id":"settlements_wd:c0a852587f48","geometry":{"type":"Point","coordinates":[44.266667,46.316667]},"properties":{"uid":"settlements_wd:c0a852587f48","layer":"settlements_wd","layer_title":"Населённые места: год основания","group":"admin","title":"Элиста","category":"административно-территориальная единица России","place_text":"Городской округ город Элиста","region":"Городской округ город Элиста","year_from":1865,"year_to":1960,"date_precision":"open","date_approx":true,"period_raw":"с 1865","summary":"город в России, столица Республики Калмыкия","url":"https://ru.wikipedia.org/wiki/%D0%AD%D0%BB%D0%B8%D1%81%D1%82%D0%B0","image_url":"http://commons.wikimedia.org/wiki/Special:FilePath/Chess%20Set%20in%20Elista.jpg","source":"Викиданные","source_id":"Q3977","license":"CC0 (Викиданные)","confidence":"ok"}},{"type":"Feature","id":"settlements_wd:5abf9c2e71dc","geometry":{"type":"Point","coordinates":[135.066667,48.483333]},"properties":{"uid":"settlements_wd:5abf9c2e71dc","layer":"settlements_wd","layer_title":"Населённые места: год основания","group":"admin","title":"Хабаровск","category":"большой город","place_text":"Городской округ город Хабаровск","region":"Городской округ город Хабаровск","year_from":1858,"year_to":1960,"date_precision":"open","date_approx":true,"period_raw":"с 1858","summary":"город на Дальнем Востоке России, административный центр Хабаровского края","url":"https://ru.wikipedia.org/wiki/%D0%A5%D0%B0%D0%B1%D0%B0%D1%80%D0%BE%D0%B2%D1%81%D0%BA","image_url":"http://commons.wikimedia.org/wiki/Special:FilePath/%D0%A3%D1%81%D1%81%D1%83%D1%80%D0%B8%D0%B9%D1%81%D0%BA%D0%B8%D0%B9%20%D0%B1%D1%83%D0%BB%D1%8C%D0%B2%D0%B0%D1%80.jpg","source":"Викиданные","source_id":"Q4454","license":"CC0 (Викиданные)","confidence":"ok"}},{"type":"Feature","id":"settlements_wd:eb54dbe377fe","geometry":{"type":"Point","coordinates":[47.505,42.9825]},"properties":{"uid":"settlements_wd:eb54dbe377fe","layer":"settlements_wd","layer_title":"Населённые места: год основания","group":"admin","title":"Махачкала","category":"город","place_text":"Дагестан","region":"Дагестан","year_from":1844,"year_to":1960,"date_precision":"open","date_approx":true,"period_raw":"с 1844","summary":"город в России, столица Республики Дагестан","url":"https://ru.wikipedia.org/wiki/%D0%9C%D0%B0%D1%85%D0%B0%D1%87%D0%BA%D0%B0%D0%BB%D0%B0","image_url":"http://commons.wikimedia.org/wiki/Special:FilePath/Montage-of-Makhachkala-%282016%29.png","source":"Викиданные","source_id":"Q5168","license":"CC0 (Викиданные)","confidence":"ok"}},{"type":"Feature","id":"settlements_wd:c9e221d17283","geometry":{"type":"Point","coordinates":[45.698611,43.3125]},"properties":{"uid":"settlements_wd:c9e221d17283","layer":"settlements_wd","layer_title":"Населённые места: год основания","group":"admin","title":"Грозный","category":"большой город","place_text":"Чечня","region":"Чечня","year_from":1818,"year_to":1960,"date_precision":"open","date_approx":true,"period_raw":"с 1818","summary":"столица и крупнейший город Чеченской Республики в составе России","url":"https://ru.wikipedia.org/wiki/%D0%93%D1%80%D0%BE%D0%B7%D0%BD%D1%8B%D0%B9","image_url":"http://commons.wikimedia.org/wiki/Special:FilePath/%D0%9C%D0%B5%D1%87%D0%B5%D1%82%D1%8C%20%22%D0%A1%D0%B5%D1%80%D0%B4%D1%86%D0%B5%20%D0%A7%D0%B5%D1%87%D0%BD%D0%B8%22.jpg","source":"Викиданные","source_id":"Q5196","license":"CC0 (Викиданные)","confidence":"ok"}},{"type":"Feature","id":"settlements_wd:09bc0ad0507a","geometry":{"type":"Point","coordinates":[41.983333,45.05]},"properties":{"uid":"settlements_wd:09bc0ad0507a","layer":"settlements_wd","layer_title":"Населённые места: год основания","group":"admin","title":"Ставрополь","category":"административно-территориальная единица России","place_text":"Город Ставрополь","region":"Город Ставрополь","year_from":1777,"year_to":1960,"date_precision":"open","date_approx":true,"period_raw":"с 1777","summary":"город, центр Ставропольского края России","url":"https://ru.wikipedia.org/wiki/%D0%A1%D1%82%D0%B0%D0%B2%D1%80%D0%BE%D0%BF%D0%BE%D0%BB%D1%8C","image_url":"http://commons.wikimedia.org/wiki/Special:FilePath/%D0%A6%D0%B5%D0%BD%D1%82%D1%80%20%D0%A1%D1%82%D0%B0%D0%B2%D1%80%D0%BE%D0%BF%D0%BE%D0%BB%D1%8F.jpg","source":"Викиданные","source_id":"Q5206","license":"CC0 (Викиданные)","confidence":"ok"}},{"type":"Feature","id":"settlements_wd:2c4ca15373e9","geometry":{"type":"Point","coordinates":[42.0575,44.222222]},"properties":{"uid":"settlements_wd:2c4ca15373e9","layer":"settlements_wd","layer_title":"Населённые места: год основания","group":"admin","title":"Черкесск","category":"административно-территориальная единица России","place_text":"Карачаево-Черкесия","region":"Карачаево-Черкесия","year_from":1825,"year_to":1960,"date_precision":"open","date_approx":true,"period_raw":"с 1825","summary":"город в России, столица Карачаево-Черкесской Республики","url":"https://ru.wikipedia.org/wiki/%D0%A7%D0%B5%D1%80%D0%BA%D0%B5%D1%81%D1%81%D0%BA","image_url":"http://commons.wikimedia.org/wiki/Special:FilePath/%D0%97%D0%B5%D0%BB%D1%91%D0%BD%D1%8B%D0%B9%20%D0%BE%D1%81%D1%82%D1%80%D0%BE%D0%B2.jpg","source":"Викиданные","source_id":"Q5326","license":"CC0 (Викиданные)","confidence":"ok"}},{"type":"Feature","id":"settlements_wd:70127763ddef","geometry":{"type":"Point","coordinates":[46.035,51.53]},"properties":{"uid":"settlements_wd:70127763ddef","layer":"settlements_wd","layer_title":"Населённые места: год основания","group":"admin","title":"Саратов","category":"большой город","place_text":"Саратовская область","region":"Саратовская область","year_from":1590,"year_to":1960,"date_precision":"open","date_approx":true,"period_raw":"с 1590","summary":"город на юго-востоке европейской части России, центр Саратовской области","url":"https://ru.wikipedia.org/wiki/%D0%A1%D0%B0%D1%80%D0%B0%D1%82%D0%BE%D0%B2","image_url":"http://commons.wikimedia.org/wiki/Special:FilePath/%D0%9A%D1%80%D1%8B%D1%82%D1%8B%D0%B9%20%D1%80%D1%8B%D0%BD%D0%BE%D0%BA.%20%D0%A1%D0%B0%D1%80%D0%B0%D1%82%D0%BE%D0%B2.jpg","source":"Викиданные","source_id":"Q5332","license":"CC0 (Викиданные)","confidence":"ok"}},{"type":"Feature","id":"settlements_wd:00a6db71ab03","geometry":{"type":"Point","coordinates":[55.1,51.766667]},"properties":{"uid":"settlements_wd:00a6db71ab03","layer":"settlements_wd","layer_title":"Населённые места: год основания","group":"admin","title":"Оренбург","category":"административно-территориальная единица России","place_text":"Городской округ \"Город Оренбург\"","region":"Городской округ \"Город Оренбург\"","year_from":1743,"year_to":1960,"date_precision":"open","date_approx":true,"period_raw":"с 1743","summary":"город в России, административный центр Оренбургской области","url":"https://ru.wikipedia.org/wiki/%D0%9E%D1%80%D0%B5%D0%BD%D0%B1%D1%83%D1%80%D0%B3","image_url":"http://commons.wikimedia.org/wiki/Special:FilePath/%D0%92%D0%B8%D0%B4%20%D1%81%20%D0%BD%D0%BE%D0%B2%D0%BE%D1%81%D1%82%D1%80%D0%BE%D0%B9%D0%BA%D0%B8%20%D0%BD%D0%B0%20%D0%A3%D0%BB%20%D0%A7%D0%BA%D0%B0%D0%BB%D0%BE%D0%B2%D0%B0%20%28263014995%29%20%28cropped%29.jpeg","source":"Викиданные","source_id":"Q5337","license":"CC0 (Викиданные)","confidence":"ok"}},{"type":"Feature","id":"settlements_wd:1ac351a5c06c","geometry":{"type":"Point","coordinates":[47.895833,56.632778]},"properties":{"uid":"settlements_wd:1ac351a5c06c","layer":"settlements_wd","layer_title":"Населённые места: год основания","group":"admin","title":"Йошкар-Ола","category":"большой город","place_text":"город Йошкар-Ола","region":"город Йошкар-Ола","year_from":1584,"year_to":1960,"date_precision":"open","date_approx":true,"period_raw":"с 1584","summary":"город в России, столица Республики Марий Эл","url":"https://ru.wikipedia.org/wiki/%D0%99%D0%BE%D1%88%D0%BA%D0%B0%D1%80-%D0%9E%D0%BB%D0%B0","image_url":"http://commons.wikimedia.org/wiki/Special:FilePath/%D0%9F%D0%BB%D0%BE%D1%89%D0%B0%D0%B4%D1%8C%20%D0%9E%D0%B1%D0%BE%D0%BB%D0%B5%D0%BD%D1%81%D0%BA%D0%BE%D0%B3%D0%BE-%D0%9D%D0%BE%D0%B3%D0%BE%D1%82%D0%BA%D0%BE%D0%B2%D0%B0.jpg","source":"Викиданные","source_id":"Q5449","license":"CC0 (Викиданные)","confidence":"ok"}},{"type":"Feature","id":"settlements_wd:beb8748ce911","geometry":{"type":"Point","coordinates":[47.25,56.133333]},"properties":{"uid":"settlements_wd:beb8748ce911","layer":"settlements_wd","layer_title":"Населённые места: год основания","group":"admin","title":"Чебоксары","category":"административно-территориальная единица России","place_text":"Чувашия","region":"Чувашия","year_from":1469,"year_to":1960,"date_precision":"open","date_approx":true,"period_raw":"с 1469","summary":"город в России, столица Чувашской Республики","url":"https://ru.wikipedia.org/wiki/%D0%A7%D0%B5%D0%B1%D0%BE%D0%BA%D1%81%D0%B0%D1%80%D1%8B","image_url":"http://commons.wikimedia.org/wiki/Special:FilePath/Cheboksary.%20View%20of%20downtown.jpg","source":"Викиданные","source_id":"Q5470","license":"CC0 (Викиданные)","confidence":"ok"}},{"type":"Feature","id":"settlements_wd:00e267df86df","geometry":{"type":"Point","coordinates":[45.0,53.2]},"properties":{"uid":"settlements_wd:00e267df86df","layer":"settlements_wd","layer_title":"Населённые места: год основания","group":"admin","title":"Пенза","category":"административно-территориальная единица России","place_text":"Пензенская область","region":"Пензенская область","year_from":1663,"year_to":1960,"date_precision":"open","date_approx":true,"period_raw":"с 1663","summary":"город в России, административный центр Пензенской области","url":"https://ru.wikipedia.org/wiki/%D0%9F%D0%B5%D0%BD%D0%B7%D0%B0","image_url":"http://commons.wikimedia.org/wiki/Special:FilePath/Penza%20from%20Ferris%20wheel.JPG","source":"Викиданные","source_id":"Q5540","license":"CC0 (Викиданные)","confidence":"ok"}},{"type":"Feature","id":"settlements_wd:9ad14bfb44a5","geometry":{"type":"Point","coordinates":[48.366667,54.316667]},"properties":{"uid":"settlements_wd:9ad14bfb44a5","layer":"settlements_wd","layer_title":"Населённые места: год основания","group":"admin","title":"Ульяновск","category":"большой город","place_text":"Ульяновская область","region":"Ульяновская область","year_from":1648,"year_to":1960,"date_precision":"open","date_approx":true,"period_raw":"с 1648","summary":"крупный город в Среднем Поволжье России, административный центр Ульяновской области","url":"https://ru.wikipedia.org/wiki/%D0%A3%D0%BB%D1%8C%D1%8F%D0%BD%D0%BE%D0%B2%D1%81%D0%BA","image_url":"http://commons.wikimedia.org/wiki/Special:FilePath/The%20city%20of%20Ulyanovsk%2C%20Russia.jpg","source":"Викиданные","source_id":"Q5627","license":"CC0 (Викиданные)","confidence":"ok"}},{"type":"Feature","id":"settlements_wd:1136227492b9","geometry":{"type":"Point","coordinates":[19.916667,54.65]},"properties":{"uid":"settlements_wd:1136227492b9","layer":"settlements_wd","layer_title":"Населённые места: год основания","group":"admin","title":"Балтийск","category":"портовый город","place_text":"Балтийское городское поселение","region":"Балтийское городское поселение","year_from":1626,"year_to":1960,"date_precision":"open","date_approx":true,"period_raw":"с 1626","summary":"город в Калининградской области России, центр Балтийского городского округа","url":"https://ru.wikipedia.org/wiki/%D0%91%D0%B0%D0%BB%D1%82%D0%B8%D0%B9%D1%81%D0%BA","image_url":"http://commons.wikimedia.org/wiki/Special:FilePath/BaltiyskPillau%2005-2017%20img07%20aerial%20photo.jpg","source":"Викиданные","source_id":"Q5660","license":"CC0 (Викиданные)","confidence":"ok"}},{"type":"Feature","id":"settlements_wd:31ddbd9c7084","geometry":{"type":"Point","coordinates":[20.133333,54.683333]},"properties":{"uid":"settlements_wd:31ddbd9c7084","layer":"settlements_wd","layer_title":"Населённые места: год основания","group":"admin","title":"Светлый","category":"портовый город","place_text":"Светловский городской округ","region":"Светловский городской округ","year_from":1640,"year_to":1960,"date_precision":"open","date_approx":true,"period_raw":"с 1640","summary":"город в Калининградской области России, центр Светловского городского округа","url":"https://ru.wikipedia.org/wiki/%D0%A1%D0%B2%D0%B5%D1%82%D0%BB%D1%8B%D0%B9_(%D0%9A%D0%B0%D0%BB%D0%B8%D0%BD%D0%B8%D0%BD%D0%B3%D1%80%D0%B0%D0%B4%D1%81%D0%BA%D0%B0%D1%8F_%D0%BE%D0%B1%D0%BB%D0%B0%D1%81%D1%82%D1%8C)","image_url":"http://commons.wikimedia.org/wiki/Special:FilePath/Svetly%202315.JPG","source":"Викиданные","source_id":"Q5665","license":"CC0 (Викиданные)","confidence":"ok"}},{"type":"Feature","id":"settlements_wd:4cfa6ee969f9","geometry":{"type":"Point","coordinates":[61.833333,37.6]},"properties":{"uid":"settlements_wd:4cfa6ee969f9","layer":"settlements_wd","layer_title":"Населённые места: год основания","group":"admin","title":"Мары","category":"список городов Туркменистана","place_text":"Туркменская ССР","region":"Туркменская ССР","year_from":1884,"year_to":1960,"date_precision":"open","date_approx":true,"period_raw":"с 1884","summary":"город в Туркменистане","url":"https://ru.wikipedia.org/wiki/%D0%9C%D0%B0%D1%80%D1%8B","image_url":"http://commons.wikimedia.org/wiki/Special:FilePath/Mary%20with%20Hajji%20Gurbanguly%20Mosque%20%2831161481347%29.jpg","source":"Викиданные","source_id":"Q5713","license":"CC0 (Викиданные)","confidence":"ok"}},{"type":"Feature","id":"settlements_wd:042160e5eb6d","geometry":{"type":"Point","coordinates":[45.183333,54.183333]},"properties":{"uid":"settlements_wd:042160e5eb6d","layer":"settlements_wd","layer_title":"Населённые места: год основания","group":"admin","title":"Саранск","category":"административно-территориальная единица России","place_text":"Мордовия","region":"Мордовия","year_from":1641,"year_to":1960,"date_precision":"open","date_approx":true,"period_raw":"с 1641","summary":"город в России, столица Республики Мордовия","url":"https://ru.wikipedia.org/wiki/%D0%A1%D0%B0%D1%80%D0%B0%D0%BD%D1%81%D0%BA","image_url":"http://commons.wikimedia.org/wiki/Special:FilePath/Saransk.jpg","source":"Викиданные","source_id":"Q5343","license":"CC0 (Викиданные)","confidence":"ok"}},{"type":"Feature","id":"settlements_wd:e9047ed5eeca","geometry":{"type":"Point","coordinates":[53.216667,56.85]},"properties":{"uid":"settlements_wd:e9047ed5eeca","layer":"settlements_wd","layer_title":"Населённые места: год основания","group":"admin","title":"Ижевск","category":"административно-территориальная единица России","place_text":"Удмуртия","region":"Удмуртия","year_from":1760,"year_to":1960,"date_precision":"open","date_approx":true,"period_raw":"с 1760","summary":"город, центр Удмуртской Республики в составе России","url":"https://ru.wikipedia.org/wiki/%D0%98%D0%B6%D0%B5%D0%B2%D1%81%D0%BA","image_url":"http://commons.wikimedia.org/wiki/Special:FilePath/Aerial%20photographs%20of%20Izhevsk-108.jpg","source":"Викиданные","source_id":"Q5426","license":"CC0 (Викиданные)","confidence":"ok"}},{"type":"Feature","id":"settlements_wd:6f52ff02136c","geometry":{"type":"Point","coordinates":[66.975833,39.654722]},"properties":{"uid":"settlements_wd:6f52ff02136c","layer":"settlements_wd","layer_title":"Населённые места: год основания","group":"admin","title":"Самарканд","category":"административно-территориальная единица","place_text":"Самаркандская область","region":"Самаркандская область","date_precision":"unknown","date_approx":false,"summary":"город, центр Самаркандской области Узбекистана","url":"https://ru.wikipedia.org/wiki/%D0%A1%D0%B0%D0%BC%D0%B0%D1%80%D0%BA%D0%B0%D0%BD%D0%B4","image_url":"http://commons.wikimedia.org/wiki/Special:FilePath/Sherdor%20madrasah%203.jpg","source":"Викиданные","source_id":"Q5753","license":"CC0 (Викиданные)","confidence":"ok"}},{"type":"Feature","id":"settlements_wd:31c2082606bb","geometry":{"type":"Point","coordinates":[83.787222,53.356667]},"properties":{"uid":"settlements_wd:31c2082606bb","layer":"settlements_wd","layer_title":"Населённые места: год основания","group":"admin","title":"Барнаул","category":"большой город","place_text":"город Барнаул","region":"город Барнаул","year_from":1730,"year_to":1960,"date_precision":"open","date_approx":true,"period_raw":"с 1730","summary":"город в России, административный центр Алтайского края","url":"https://ru.wikipedia.org/wiki/%D0%91%D0%B0%D1%80%D0%BD%D0%B0%D1%83%D0%BB","image_url":"http://commons.wikimedia.org/wiki/Special:FilePath/Barnaul%20%282021%29-1.jpeg","source":"Викиданные","source_id":"Q6014","license":"CC0 (Викиданные)","confidence":"ok"}},{"type":"Feature","id":"settlements_wd:f3b43073b854","geometry":{"type":"Point","coordinates":[104.28,52.289167]},"properties":{"uid":"settlements_wd:f3b43073b854","layer":"settlements_wd","layer_title":"Населённые места: год основания","group":"admin","title":"Иркутск","category":"город","place_text":"Городской округ «город Иркутск»","region":"Городской округ «город Иркутск»","year_from":1661,"year_to":1960,"date_precision":"open","date_approx":true,"period_raw":"с 1661","summary":"город в России, административный центр Иркутской области","url":"https://ru.wikipedia.org/wiki/%D0%98%D1%80%D0%BA%D1%83%D1%82%D1%81%D0%BA","image_url":"http://commons.wikimedia.org/wiki/Special:FilePath/%D0%98%D1%80%D0%BA%D1%83%D1%82%D1%81%D0%BA.%20%D0%9D%D0%B8%D0%B6%D0%BD%D1%8F%D1%8F%20%D0%9D%D0%B0%D0%B1%D0%B5%D1%80%D0%B5%D0%B6%D0%BD%D0%B0%D1%8F.JPG","source":"Викиданные","source_id":"Q6576","license":"CC0 (Викиданные)","confidence":"ok"}},{"type":"Feature","id":"settlements_wd:a6b259b58bf4","geometry":{"type":"Point","coordinates":[107.606389,51.827222]},"properties":{"uid":"settlements_wd:a6b259b58bf4","layer":"settlements_wd","layer_title":"Населённые места: год основания","group":"admin","title":"Улан-Удэ","category":"большой город","place_text":"Городской округ город Улан-Удэ","region":"Городской округ город Улан-Удэ","year_from":1666,"year_to":1960,"date_precision":"open","date_approx":true,"period_raw":"с 1666","summary":"город в России, столица Республики Бурятия","url":"https://ru.wikipedia.org/wiki/%D0%A3%D0%BB%D0%B0%D0%BD-%D0%A3%D0%B4%D1%8D","image_url":"http://commons.wikimedia.org/wiki/Special:FilePath/Ulan-Ude%20Lenina%20st-2.JPG","source":"Викиданные","source_id":"Q6816","license":"CC0 (Викиданные)","confidence":"ok"}},{"type":"Feature","id":"settlements_wd:cffb4febe155","geometry":{"type":"Point","coordinates":[19.221389,50.038056]},"properties":{"uid":"settlements_wd:cffb4febe155","layer":"settlements_wd","layer_title":"Населённые места: год основания","group":"admin","title":"Освенцим","category":"городская гмина","place_text":"Освенцимский повет","region":"Освенцимский повет","year_from":1101,"year_to":1960,"date_precision":"open","date_approx":true,"period_raw":"с 1101","summary":"город в Польше, Малопольское воеводство Освенцимская гмина","url":"https://ru.wikipedia.org/wiki/%D0%9E%D1%81%D0%B2%D0%B5%D0%BD%D1%86%D0%B8%D0%BC_(%D0%B3%D0%BE%D1%80%D0%BE%D0%B4)","image_url":"http://commons.wikimedia.org/wiki/Special:FilePath/O%C5%9Bwi%C4%99cim%20-%20Uk%C5%82ad%20urbanistyczny%20AL05.JPG","source":"Викиданные","source_id":"Q7342","license":"CC0 (Викиданные)","confidence":"ok"}},{"type":"Feature","id":"settlements_wd:8d778b13d7f9","geometry":{"type":"Point","coordinates":[86.066667,55.333333]},"properties":{"uid":"settlements_wd:8d778b13d7f9","layer":"settlements_wd","layer_title":"Населённые места: год основания","group":"admin","title":"Кемерово","category":"населённый пункт","place_text":"Кузнецкий округ","region":"Кузнецкий округ","year_from":1701,"year_to":1960,"date_precision":"open","date_approx":true,"period_raw":"с 1701","summary":"город областного подчинения в России, административный центр Кемеровской области — Кузбасса","url":"https://ru.wikipedia.org/wiki/%D0%9A%D0%B5%D0%BC%D0%B5%D1%80%D0%BE%D0%B2%D0%BE","image_url":"http://commons.wikimedia.org/wiki/Special:FilePath/Kemerovo%20City%20Council.jpg","source":"Викиданные","source_id":"Q6066","license":"CC0 (Викиданные)","confidence":"ok"}},{"type":"Feature","id":"settlements_wd:bc4c95c01721","geometry":{"type":"Point","coordinates":[22.840278,62.790278]},"properties":{"uid":"settlements_wd:bc4c95c01721","layer":"settlements_wd","layer_title":"Населённые места: год основания","group":"admin","title":"Сейняйоки","category":"город","place_text":"Южная Остроботния","region":"Южная Остроботния","year_from":1868,"year_to":1960,"date_precision":"open","date_approx":true,"period_raw":"с 1868","summary":"город на западе Финляндии, административный центр области Южной Остроботнии","url":"https://ru.wikipedia.org/wiki/%D0%A1%D0%B5%D0%B9%D0%BD%D1%8F%D0%B9%D0%BE%D0%BA%D0%B8","image_url":"http://commons.wikimedia.org/wiki/Special:FilePath/Sein%C3%A4joki%20city%20centre.jpg","source":"Викиданные","source_id":"Q6157","license":"CC0 (Викиданные)","confidence":"ok"}},{"type":"Feature","id":"settlements_wd:7406a9630cfd","geometry":{"type":"Point","coordinates":[63.555556,42.156667]},"properties":{"uid":"settlements_wd:7406a9630cfd","layer":"settlements_wd","layer_title":"Населённые места: год основания","group":"admin","title":"Учкудук","category":"город","place_text":"Учкудукский район","region":"Учкудукский район","year_from":1958,"year_to":1960,"date_precision":"open","date_approx":true,"period_raw":"с 1958","summary":"город в Навоийской области Узбекистана","url":"https://ru.wikipedia.org/wiki/%D0%A3%D1%87%D0%BA%D1%83%D0%B4%D1%83%D0%BA","image_url":"http://commons.wikimedia.org/wiki/Special:FilePath/Uchkuduk%201983.jpg","source":"Викиданные","source_id":"Q6364","license":"CC0 (Викиданные)","confidence":"ok"}},{"type":"Feature","id":"settlements_wd:0ece88f78d57","geometry":{"type":"Point","coordinates":[33.5225,44.605]},"properties":{"uid":"settlements_wd:0ece88f78d57","layer":"settlements_wd","layer_title":"Населённые места: год основания","group":"admin","title":"Севастополь","category":"субъект Российской Федерации","place_text":"РСФСР","region":"РСФСР","year_from":1783,"year_to":1960,"date_precision":"open","date_approx":true,"period_raw":"с 1783","summary":"город на юго-западе Крымского полуострова, Город-герой","url":"https://ru.wikipedia.org/wiki/%D0%A1%D0%B5%D0%B2%D0%B0%D1%81%D1%82%D0%BE%D0%BF%D0%BE%D0%BB%D1%8C","image_url":"http://commons.wikimedia.org/wiki/Special:FilePath/Sevastopol%20Collage%202015.png","source":"Викиданные","source_id":"Q7525","license":"CC0 (Викиданные)","confidence":"ok"}},{"type":"Feature","id":"settlements_wd:afc2c6811860","geometry":{"type":"Point","coordinates":[34.9725,44.851389]},"properties":{"uid":"settlements_wd:afc2c6811860","layer":"settlements_wd","layer_title":"Населённые места: год основания","group":"admin","title":"Судак","category":"город","place_text":"Судакский городской совет","region":"Судакский городской совет","date_precision":"unknown","date_approx":false,"summary":"город в Крыму","url":"https://ru.wikipedia.org/wiki/%D0%A1%D1%83%D0%B4%D0%B0%D0%BA_(%D0%B3%D0%BE%D1%80%D0%BE%D0%B4)","image_url":"http://commons.wikimedia.org/wiki/Special:FilePath/View%20of%20Sudak%20from%20Genoese%20Fortress.jpg","source":"Викиданные","source_id":"Q7830","license":"CC0 (Викиданные)","confidence":"ok"}},{"type":"Feature","id":"settlements_wd:a703de6520cc","geometry":{"type":"Point","coordinates":[142.733333,46.95]},"properties":{"uid":"settlements_wd:a703de6520cc","layer":"settlements_wd","layer_title":"Населённые места: год основания","group":"admin","title":"Южно-Сахалинск","category":"административно-территориальная единица России","place_text":"Городской округ «Южно-Сахалинск»","region":"Городской округ «Южно-Сахалинск»","year_from":1882,"year_to":1960,"date_precision":"open","date_approx":true,"period_raw":"с 1882","summary":"город, центр Сахалинской области России","url":"https://ru.wikipedia.org/wiki/%D0%AE%D0%B6%D0%BD%D0%BE-%D0%A1%D0%B0%D1%85%D0%B0%D0%BB%D0%B8%D0%BD%D1%81%D0%BA","image_url":"http://commons.wikimedia.org/wiki/Special:FilePath/Yuzhno-Sakhalinsk%20overview.jpg","source":"Викиданные","source_id":"Q7859","license":"CC0 (Викиданные)","confidence":"ok"}},{"type":"Feature","id":"settlements_wd:bfefaacab487","geometry":{"type":"Point","coordinates":[19.565556,53.596389]},"properties":{"uid":"settlements_wd:bfefaacab487","layer":"settlements_wd","layer_title":"Населённые места: год основания","group":"admin","title":"Илава","category":"городская гмина","place_text":"Илавский повят","region":"Илавский повят","year_from":1305,"year_to":1960,"date_precision":"open","date_approx":true,"period_raw":"с 1305","summary":"город в Польше","url":"https://ru.wikipedia.org/wiki/%D0%98%D0%BB%D0%B0%D0%B2%D0%B0_(%D0%9F%D0%BE%D0%BB%D1%8C%D1%88%D0%B0)","image_url":"http://commons.wikimedia.org/wiki/Special:FilePath/I%C5%82awa%20-%20ko%C5%9Bci%C3%B3%C5%82%20Przemienienia%20Pa%C5%84skiego%20%28widok%20od%20strony%20Ma%C5%82ego%20Jezioraka%29.jpg","source":"Викиданные","source_id":"Q8194","license":"CC0 (Викиданные)","confidence":"ok"}},{"type":"Feature","id":"settlements_wd:f68e6e595442","geometry":{"type":"Point","coordinates":[74.566667,42.866667]},"properties":{"uid":"settlements_wd:f68e6e595442","layer":"settlements_wd","layer_title":"Населённые места: год основания","group":"admin","title":"Бишкек","category":"большой город","place_text":"Кыргызстан","region":"Кыргызстан","year_from":1825,"year_to":1960,"date_precision":"open","date_approx":true,"period_raw":"с 1825","summary":"столица Кыргызстана","url":"https://ru.wikipedia.org/wiki/%D0%91%D0%B8%D1%88%D0%BA%D0%B5%D0%BA","image_url":"http://commons.wikimedia.org/wiki/Special:FilePath/Bishkek%20City%27s%20business%20center.jpg","source":"Викиданные","source_id":"Q9361","license":"CC0 (Викиданные)","confidence":"ok"}},{"type":"Feature","id":"settlements_wd:6a92f6730841","geometry":{"type":"Point","coordinates":[68.786389,38.573056]},"properties":{"uid":"settlements_wd:6a92f6730841","layer":"settlements_wd","layer_title":"Населённые места: год основания","group":"admin","title":"Душанбе","category":"столица","place_text":"Таджикистан","region":"Таджикистан","year_from":1700,"year_to":1960,"date_precision":"open","date_approx":true,"period_raw":"с 1700","summary":"столица Таджикистана, город республиканского значения","url":"https://ru.wikipedia.org/wiki/%D0%94%D1%83%D1%88%D0%B0%D0%BD%D0%B1%D0%B5","image_url":"http://commons.wikimedia.org/wiki/Special:FilePath/Tehron%20Street%20Dushanbe.jpg","source":"Викиданные","source_id":"Q9365","license":"CC0 (Викиданные)","confidence":"ok"}},{"type":"Feature","id":"settlements_wd:e61290c16413","geometry":{"type":"Point","coordinates":[18.986667,50.123611]},"properties":{"uid":"settlements_wd:e61290c16413","layer":"settlements_wd","layer_title":"Населённые места: год основания","group":"admin","title":"Тыхы","category":"город","place_text":"Силезское воеводство","region":"Силезское воеводство","year_from":1467,"year_to":1960,"date_precision":"open","date_approx":true,"period_raw":"с 1467","summary":"город в Польше, в Силезском воеводстве","url":"https://ru.wikipedia.org/wiki/%D0%A2%D1%8B%D1%85%D1%8B","image_url":"http://commons.wikimedia.org/wiki/Special:FilePath/Tychy.%20Ko%C5%9Bci%C3%B3%C5%82%20p.w.%20%C5%9Bw.%20Magdaleny1.JPG","source":"Викиданные","source_id":"Q11977","license":"CC0 (Викиданные)","confidence":"ok"}},{"type":"Feature","id":"settlements_wd:486e528a04cc","geometry":{"type":"Point","coordinates":[38.166667,44.866667]},"properties":{"uid":"settlements_wd:486e528a04cc","layer":"settlements_wd","layer_title":"Населённые места: год основания","group":"admin","title":"Абинск","category":"город","place_text":"Абинский район","region":"Абинский район","year_from":1863,"year_to":1960,"date_precision":"open","date_approx":true,"period_raw":"с 1863","summary":"город на юге европейской части России, на юго-западе Краснодарского края; административный центр Абинского района","url":"https://ru.wikipedia.org/wiki/%D0%90%D0%B1%D0%B8%D0%BD%D1%81%D0%BA","image_url":"http://commons.wikimedia.org/wiki/Special:FilePath/Center%20of%20Abinsk.%20August%202014.%20-%20%D0%A6%D0%B5%D0%BD%D1%82%D1%80%20%D0%90%D0%B1%D0%B8%D0%BD%D1%81%D0%BA%D0%B0.%20%D0%90%D0%B2%D0%B3%D1%83%D1%81%D1%82%202014.%20-%20panoramio.jpg","source":"Викиданные","source_id":"Q15762","license":"CC0 (Викиданные)","confidence":"ok"}},{"type":"Feature","id":"settlements_wd:6a613c40ef1e","geometry":{"type":"Point","coordinates":[37.766667,44.716667]},"properties":{"uid":"settlements_wd:6a613c40ef1e","layer":"settlements_wd","layer_title":"Населённые места: год основания","group":"admin","title":"Новороссийск","category":"большой город","place_text":"Муниципальное образование город Новороссийск","region":"Муниципальное образование город Новороссийск","year_from":1838,"year_to":1960,"date_precision":"open","date_approx":true,"period_raw":"с 1838","summary":"город в Краснодарском крае России, Город-герой","url":"https://ru.wikipedia.org/wiki/%D0%9D%D0%BE%D0%B2%D0%BE%D1%80%D0%BE%D1%81%D1%81%D0%B8%D0%B9%D1%81%D0%BA","image_url":"http://commons.wikimedia.org/wiki/Special:FilePath/Cruiser%20MikhailKutuzov1.JPG","source":"Викиданные","source_id":"Q15760","license":"CC0 (Викиданные)","confidence":"ok"}},{"type":"Feature","id":"settlements_wd:a7549d76bfe5","geometry":{"type":"Point","coordinates":[41.116667,45.0]},"properties":{"uid":"settlements_wd:a7549d76bfe5","layer":"settlements_wd","layer_title":"Населённые места: год основания","group":"admin","title":"Армавир","category":"большой город","place_text":"Краснодарский край","region":"Краснодарский край","year_from":1839,"year_to":1960,"date_precision":"open","date_approx":true,"period_raw":"с 1839","summary":"город в Краснодарском крае России","url":"https://ru.wikipedia.org/wiki/%D0%90%D1%80%D0%BC%D0%B0%D0%B2%D0%B8%D1%80_(%D0%A0%D0%BE%D1%81%D1%81%D0%B8%D1%8F)","image_url":"http://commons.wikimedia.org/wiki/Special:FilePath/%D0%A6%D0%B5%D0%BD%D1%82%D1%80%D0%B0%D0%BB%D1%8C%D0%BD%D1%8B%D0%B9%20%D0%BF%D0%B0%D1%80%D0%BA%20%D0%B3.%D0%90%D1%80%D0%BC%D0%B0%D0%B2%D0%B8%D1%80%D0%B0.jpg","source":"Викиданные","source_id":"Q15767","license":"CC0 (Викиданные)","confidence":"ok"}},{"type":"Feature","id":"settlements_wd:92ecb075fd30","geometry":{"type":"Point","coordinates":[38.0,44.933333]},"properties":{"uid":"settlements_wd:92ecb075fd30","layer":"settlements_wd","layer_title":"Населённые места: год основания","group":"admin","title":"Крымск","category":"город","place_text":"Крымский район","region":"Крымский район","year_from":1862,"year_to":1960,"date_precision":"open","date_approx":true,"period_raw":"с 1862","summary":"город в Крымском районе Краснодарского края России","url":"https://ru.wikipedia.org/wiki/%D0%9A%D1%80%D1%8B%D0%BC%D1%81%D0%BA","image_url":"http://commons.wikimedia.org/wiki/Special:FilePath/KRYMSK%2C%20KRASNODAR%20REGION.jpg","source":"Викиданные","source_id":"Q16978","license":"CC0 (Викиданные)","confidence":"ok"}},{"type":"Feature","id":"settlements_wd:7a2c25069fc9","geometry":{"type":"Point","coordinates":[65.341111,55.440833]},"properties":{"uid":"settlements_wd:7a2c25069fc9","layer":"settlements_wd","layer_title":"Населённые места: год основания","group":"admin","title":"Курган","category":"большой город","place_text":"Городской округ город Курган","region":"Городской округ город Курган","year_from":1679,"year_to":1960,"date_precision":"open","date_approx":true,"period_raw":"с 1679","summary":"город в России, административный центр Курганской области","url":"https://ru.wikipedia.org/wiki/%D0%9A%D1%83%D1%80%D0%B3%D0%B0%D0%BD_(%D0%B3%D0%BE%D1%80%D0%BE%D0%B4)","image_url":"http://commons.wikimedia.org/wiki/Special:FilePath/Okn-073-1.jpg","source":"Викиданные","source_id":"Q13379","license":"CC0 (Викиданные)","confidence":"ok"}},{"type":"Feature","id":"settlements_wd:6a77725e9553","geometry":{"type":"Point","coordinates":[37.316667,44.894444]},"properties":{"uid":"settlements_wd:6a77725e9553","layer":"settlements_wd","layer_title":"Населённые места: год основания","group":"admin","title":"Анапа","category":"морской курорт","place_text":"Муниципальное образование город-курорт Анапа","region":"Муниципальное образование город-курорт Анапа","year_from":1781,"year_to":1960,"date_precision":"open","date_approx":true,"period_raw":"с 1781","summary":"город в Краснодарском крае на юге России, административный центр муниципального округа Анапы","url":"https://ru.wikipedia.org/wiki/%D0%90%D0%BD%D0%B0%D0%BF%D0%B0","image_url":"http://commons.wikimedia.org/wiki/Special:FilePath/Anapa%27s%20harbor%20-%20panoramio%20-%20Konstantin%20K%C4%8D.jpg","source":"Викиданные","source_id":"Q15758","license":"CC0 (Викиданные)","confidence":"ok"}},{"type":"Feature","id":"settlements_wd:78bf6d56dc12","geometry":{"type":"Point","coordinates":[37.383333,45.266667]},"properties":{"uid":"settlements_wd:78bf6d56dc12","layer":"settlements_wd","layer_title":"Населённые места: год основания","group":"admin","title":"Темрюк","category":"портовый город","place_text":"Темрюкское городское поселение","region":"Темрюкское городское поселение","year_from":1556,"year_to":1960,"date_precision":"open","date_approx":true,"period_raw":"с 1556","summary":"город в Темрюкском районе Краснодарского края России","url":"https://ru.wikipedia.org/wiki/%D0%A2%D0%B5%D0%BC%D1%80%D1%8E%D0%BA","image_url":"http://commons.wikimedia.org/wiki/Special:FilePath/%D0%A2%D0%B5%D0%BC%D1%80%D1%8E%D0%BA.%D0%A5%D1%80%D0%B0%D0%BC.JPG","source":"Викиданные","source_id":"Q15759","license":"CC0 (Викиданные)","confidence":"ok"}},{"type":"Feature","id":"settlements_wd:04922aaf1879","geometry":{"type":"Point","coordinates":[59.95,56.916667]},"properties":{"uid":"settlements_wd:04922aaf1879","layer":"settlements_wd","layer_title":"Населённые места: год основания","group":"admin","title":"Первоуральск","category":"большой город","place_text":"Свердловская область","region":"Свердловская область","year_from":1732,"year_to":1960,"date_precision":"open","date_approx":true,"period_raw":"с 1732","summary":"город в Свердловской области России","url":"https://ru.wikipedia.org/wiki/%D0%9F%D0%B5%D1%80%D0%B2%D0%BE%D1%83%D1%80%D0%B0%D0%BB%D1%8C%D1%81%D0%BA","image_url":"http://commons.wikimedia.org/wiki/Special:FilePath/Pervouralsk%20citysign.jpg","source":"Викиданные","source_id":"Q19157","license":"CC0 (Викиданные)","confidence":"ok"}},{"type":"Feature","id":"settlements_wd:6e7fd91bfd23","geometry":{"type":"Point","coordinates":[28.51198,54.22429]},"properties":{"uid":"settlements_wd:6e7fd91bfd23","layer":"settlements_wd","layer_title":"Населённые места: год основания","group":"admin","title":"Борисов","category":"большой город","place_text":"Борисовский район","region":"Борисовский район","year_from":1102,"year_to":1960,"date_precision":"open","date_approx":true,"period_raw":"с 1102","summary":"город в Минской области Беларуси, административный центр Борисовского района","url":"https://ru.wikipedia.org/wiki/%D0%91%D0%BE%D1%80%D0%B8%D1%81%D0%BE%D0%B2_(%D0%B3%D0%BE%D1%80%D0%BE%D0%B4)","image_url":"http://commons.wikimedia.org/wiki/Special:FilePath/%D0%91%D0%B0%D1%80%D1%8B%D1%81%D0%B0%D1%9E%D1%81%D0%BA%D1%96%20%D0%92%D0%B0%D1%81%D0%BA%D1%80%D0%B0%D1%81%D0%B5%D0%BD%D1%81%D0%BA%D1%96%20%D1%81%D0%B0%D0%B1%D0%BE%D1%80%2008.JPG","source":"Викиданные","source_id":"Q19313","license":"CC0 (Викиданные)","confidence":"ok"}},{"type":"Feature","id":"settlements_wd:8641925e2284","geometry":{"type":"Point","coordinates":[34.100039,44.948376]},"properties":{"uid":"settlements_wd:8641925e2284","layer":"settlements_wd","layer_title":"Населённые места: год основания","group":"admin","title":"Симферополь","category":"большой город","place_text":"городской округ Симферополь","region":"городской округ Симферополь","year_from":1784,"year_to":1960,"date_precision":"open","date_approx":true,"period_raw":"с 1784","summary":"город в Крыму","url":"https://ru.wikipedia.org/wiki/%D0%A1%D0%B8%D0%BC%D1%84%D0%B5%D1%80%D0%BE%D0%BF%D0%BE%D0%BB%D1%8C","image_url":"http://commons.wikimedia.org/wiki/Special:FilePath/Simferopol%2C%20Cathedral%20of%20Peter%20and%20Paul%2C%202016.06.21%20%2806%29%20%2829653802846%29.jpg","source":"Викиданные","source_id":"Q19566","license":"CC0 (Викиданные)","confidence":"ok"}},{"type":"Feature","id":"settlements_wd:857ba01dc9d9","geometry":{"type":"Point","coordinates":[21.683333,50.583333]},"properties":{"uid":"settlements_wd:857ba01dc9d9","layer":"settlements_wd","layer_title":"Населённые места: год основания","group":"admin","title":"Тарнобжег","category":"город","place_text":"Подкарпатское воеводство","region":"Подкарпатское воеводство","year_from":1593,"year_to":1960,"date_precision":"open","date_approx":true,"period_raw":"с 1593","summary":"город в Польше, в Подкарпатском воеводстве","url":"https://ru.wikipedia.org/wiki/%D0%A2%D0%B0%D1%80%D0%BD%D0%BE%D0%B1%D0%B6%D0%B5%D0%B3","image_url":"http://commons.wikimedia.org/wiki/Special:FilePath/%D0%94%D0%B2%D0%BE%D1%80%D0%B5%D1%86%20%D0%A2%D0%B0%D1%80%D0%BD%D0%BE%D0%B2%D1%81%D0%BA%D0%B8%D1%85.jpg","source":"Викиданные","source_id":"Q28516","license":"CC0 (Викиданные)","confidence":"ok"}},{"type":"Feature","id":"settlements_wd:806a38ee4651","geometry":{"type":"Point","coordinates":[38.483333,48.033333]},"properties":{"uid":"settlements_wd:806a38ee4651","layer":"settlements_wd","layer_title":"Населённые места: год основания","group":"admin","title":"Шахтёрск","category":"город Украины","place_text":"Шахтёрский район","region":"Шахтёрский район","year_from":1764,"year_to":1960,"date_precision":"open","date_approx":true,"period_raw":"с 1764","summary":"город, центр Шахтёрского района Украины","url":"https://ru.wikipedia.org/wiki/%D0%A8%D0%B0%D1%85%D1%82%D1%91%D1%80%D1%81%D0%BA","image_url":"http://commons.wikimedia.org/wiki/Special:FilePath/%D0%91%D1%80%D0%B0%D1%82%D1%81%D1%8C%D0%BA%D0%B0%20%D0%BC%D0%BE%D0%B3%D0%B8%D0%BB%D0%B0%20%D1%80%D0%B0%D0%B4%D1%8F%D0%BD%D1%81%D1%8C%D0%BA%D0%B8%D1%85%20%D0%B2%D0%BE%D1%97%D0%BD%D1%96%D0%B2%20%D0%9F%D1%96%D0%B2%D0%B4%D0%B5%D0%BD%D0%BD%D0%BE%D0%B3%D0%BE%20%D1%84%D1%80%D0%BE%D0%BD%D1%82%D1%83%201.JPG","source":"Викиданные","source_id":"Q29756","license":"CC0 (Викиданные)","confidence":"ok"}},{"type":"Feature","id":"settlements_wd:53cf8e359d16","geometry":{"type":"Point","coordinates":[38.430556,48.916944]},"properties":{"uid":"settlements_wd:53cf8e359d16","layer":"settlements_wd","layer_title":"Населённые места: год основания","group":"admin","title":"Лисичанск","category":"город","place_text":"Лисичанская городская община","region":"Лисичанская городская община","year_from":1710,"year_to":1960,"date_precision":"open","date_approx":true,"period_raw":"с 1710","summary":"город в Северодонецком районе Луганской области","url":"https://ru.wikipedia.org/wiki/%D0%9B%D0%B8%D1%81%D0%B8%D1%87%D0%B0%D0%BD%D1%81%D0%BA","image_url":"http://commons.wikimedia.org/wiki/Special:FilePath/Street%20in%20Lisichansk.jpg","source":"Викиданные","source_id":"Q33280","license":"CC0 (Викиданные)","confidence":"ok"}},{"type":"Feature","id":"settlements_wd:11829bf3907b","geometry":{"type":"Point","coordinates":[58.383333,37.95]},"properties":{"uid":"settlements_wd:11829bf3907b","layer":"settlements_wd","layer_title":"Населённые места: год основания","group":"admin","title":"Ашхабад","category":"список городов Туркменистана","place_text":"Туркменистан","region":"Туркменистан","year_from":1881,"year_to":1960,"date_precision":"open","date_approx":true,"period_raw":"с 1881","summary":"столица Туркменистана, город с правами велаята (области)","url":"https://ru.wikipedia.org/wiki/%D0%90%D1%88%D1%85%D0%B0%D0%B1%D0%B0%D0%B4","image_url":"http://commons.wikimedia.org/wiki/Special:FilePath/Neutrality-Road-Ashgabat-2015.JPG","source":"Викиданные","source_id":"Q23438","license":"CC0 (Викиданные)","confidence":"ok"}},{"type":"Feature","id":"settlements_wd:62f8e184f737","geometry":{"type":"Point","coordinates":[37.310251,44.892209]},"properties":{"uid":"settlements_wd:62f8e184f737","layer":"settlements_wd","layer_title":"Населённые места: год основания","group":"admin","title":"Горгиппия","category":"полис","place_text":"Анапа","region":"Анапа","date_precision":"unknown","date_approx":false,"summary":"античный город на побережье Чёрного моря, на месте современного города Анапа в России","url":"https://ru.wikipedia.org/wiki/%D0%93%D0%BE%D1%80%D0%B3%D0%B8%D0%BF%D0%BF%D0%B8%D1%8F","image_url":"http://commons.wikimedia.org/wiki/Special:FilePath/Gorgippia.JPG","source":"Викиданные","source_id":"Q23742","license":"CC0 (Викиданные)","confidence":"ok"}},{"type":"Feature","id":"settlements_wd:00199998501c","geometry":{"type":"Point","coordinates":[117.326944,49.651389]},"properties":{"uid":"settlements_wd:00199998501c","layer":"settlements_wd","layer_title":"Населённые места: год основания","group":"admin","title":"Забайкальск","category":"административно-территориальная единица России","place_text":"Борзинский район","region":"Борзинский район","year_from":1904,"year_to":1960,"date_precision":"open","date_approx":true,"period_raw":"с 1904","summary":"посёлок городского типа в Забайкальском районе Забайкальского края России","url":"https://ru.wikipedia.org/wiki/%D0%97%D0%B0%D0%B1%D0%B0%D0%B9%D0%BA%D0%B0%D0%BB%D1%8C%D1%81%D0%BA","image_url":"http://commons.wikimedia.org/wiki/Special:FilePath/Zabaikalsk%20break%20of%20railway%20gauge.JPG","source":"Викиданные","source_id":"Q24690","license":"CC0 (Викиданные)","confidence":"ok"}},{"type":"Feature","id":"settlements_wd:f678d11fefcf","geometry":{"type":"Point","coordinates":[27.672222,57.184167]},"properties":{"uid":"settlements_wd:f678d11fefcf","layer":"settlements_wd","layer_title":"Населённые места: год основания","group":"admin","title":"Виляка","category":"город под муниципальной юрисдикцией Латвии","place_text":"Балвский край","region":"Балвский край","year_from":1945,"year_to":1960,"date_precision":"open","date_approx":true,"period_raw":"с 1945","summary":"город в Латвии","url":"https://ru.wikipedia.org/wiki/%D0%92%D0%B8%D0%BB%D1%8F%D0%BA%D0%B0","image_url":"http://commons.wikimedia.org/wiki/Special:FilePath/Vilaka%20no%20Semenovas.JPG","source":"Викиданные","source_id":"Q26441","license":"CC0 (Викиданные)","confidence":"ok"}},{"type":"Feature","id":"settlements_wd:f6f3fac39b7b","geometry":{"type":"Point","coordinates":[28.835278,47.022778]},"properties":{"uid":"settlements_wd:f6f3fac39b7b","layer":"settlements_wd","layer_title":"Населённые места: год основания","group":"admin","title":"Кишинёв","category":"город","place_text":"Кишинёв","region":"Кишинёв","year_from":1436,"year_to":1960,"date_precision":"open","date_approx":true,"period_raw":"с 1436","summary":"столица и крупнейший город Молдовы","url":"https://ru.wikipedia.org/wiki/%D0%9A%D0%B8%D1%88%D0%B8%D0%BD%D1%91%D0%B2","image_url":"http://commons.wikimedia.org/wiki/Special:FilePath/Arch%20of%20Triumph%2C%20Chisinau%2C%20Republic%20of%20Moldova%20%2851160304626%20cropped%29.jpg","source":"Викиданные","source_id":"Q21197","license":"CC0 (Викиданные)","confidence":"ok"}},{"type":"Feature","id":"settlements_wd:330e1e96a70f","geometry":{"type":"Point","coordinates":[37.733333,55.916667]},"properties":{"uid":"settlements_wd:330e1e96a70f","layer":"settlements_wd","layer_title":"Населённые места: год основания","group":"admin","title":"Мытищи","category":"большой город","place_text":"Городской округ Мытищи","region":"Городской округ Мытищи","year_from":1460,"year_to":1960,"date_precision":"open","date_approx":true,"period_raw":"с 1460","summary":"город в Московской области России, центр городского округа Мытищ","url":"https://ru.wikipedia.org/wiki/%D0%9C%D1%8B%D1%82%D0%B8%D1%89%D0%B8","image_url":"http://commons.wikimedia.org/wiki/Special:FilePath/4%20%28site%201%29%20Sharapovskaya%20Street%2C%20Mytishchi.jpg","source":"Викиданные","source_id":"Q23185","license":"CC0 (Викиданные)","confidence":"ok"}},{"type":"Feature","id":"settlements_wd:26c0f3b9358a","geometry":{"type":"Point","coordinates":[18.145833,50.335278]},"properties":{"uid":"settlements_wd:26c0f3b9358a","layer":"settlements_wd","layer_title":"Населённые места: год основания","group":"admin","title":"Козле","category":"город","place_text":"Кендзежин-Козле","region":"Кендзежин-Козле","year_from":1104,"year_to":1960,"date_precision":"open","date_approx":true,"period_raw":"с 1104","url":"https://www.wikidata.org/wiki/Q364601","image_url":"http://commons.wikimedia.org/wiki/Special:FilePath/Ko%C5%BAle.jpg","source":"Викиданные","source_id":"Q364601","license":"CC0 (Викиданные)","confidence":"ok"}},{"type":"Feature","id":"settlements_wd:83d5b334c202","geometry":{"type":"Point","coordinates":[18.700556,50.045]},"properties":{"uid":"settlements_wd:83d5b334c202","layer":"settlements_wd","layer_title":"Населённые места: год основания","group":"admin","title":"Жоры","category":"город","place_text":"Силезское воеводство","region":"Силезское воеводство","year_from":1272,"year_to":1960,"date_precision":"open","date_approx":true,"period_raw":"с 1272","url":"https://ru.wikipedia.org/wiki/%D0%96%D0%BE%D1%80%D1%8B","image_url":"http://commons.wikimedia.org/wiki/Special:FilePath/%C5%BBory%20Stare%20Miasto%20aerial%202026.jpg","source":"Викиданные","source_id":"Q393171","license":"CC0 (Викиданные)","confidence":"ok"}},{"type":"Feature","id":"settlements_wd:5bd2166feb79","geometry":{"type":"Point","coordinates":[20.433333,52.05]},"properties":{"uid":"settlements_wd:5bd2166feb79","layer":"settlements_wd","layer_title":"Населённые места: год основания","group":"admin","title":"Жирардув","category":"городская гмина","place_text":"Жирардувский повят","region":"Жирардувский повят","year_from":1830,"year_to":1960,"date_precision":"open","date_approx":true,"period_raw":"с 1830","url":"https://ru.wikipedia.org/wiki/%D0%96%D0%B8%D1%80%D0%B0%D1%80%D0%B4%D1%83%D0%B2","image_url":"http://commons.wikimedia.org/wiki/Special:FilePath/Stara%20Prz%C4%99dzalnia.jpg","source":"Викиданные","source_id":"Q393251","license":"CC0 (Викиданные)","confidence":"ok"}},{"type":"Feature","id":"settlements_wd:6b2b73d068b7","geometry":{"type":"Point","coordinates":[18.533333,53.966667]},"properties":{"uid":"settlements_wd:6b2b73d068b7","layer":"settlements_wd","layer_title":"Населённые места: год основания","group":"admin","title":"Старогард-Гданьский","category":"городская гмина","place_text":"Старогардский повят","region":"Старогардский повят","year_from":1198,"year_to":1960,"date_precision":"open","date_approx":true,"period_raw":"с 1198","url":"https://ru.wikipedia.org/wiki/%D0%A1%D1%82%D0%B0%D1%80%D0%BE%D0%B3%D0%B0%D1%80%D0%B4-%D0%93%D0%B4%D0%B0%D0%BD%D1%8C%D1%81%D0%BA%D0%B8%D0%B9","image_url":"http://commons.wikimedia.org/wiki/Special:FilePath/6.%20Panorama%20STG.jpg","source":"Викиданные","source_id":"Q503146","license":"CC0 (Викиданные)","confidence":"ok"}},{"type":"Feature","id":"settlements_wd:f0be6d6b565d","geometry":{"type":"Point","coordinates":[42.341667,42.1625]},"properties":{"uid":"settlements_wd:f0be6d6b565d","layer":"settlements_wd","layer_title":"Населённые места: год основания","group":"admin","title":"Самтредиа","category":"город","place_text":"Самтредский муниципалитет","region":"Самтредский муниципалитет","year_from":1880,"year_to":1960,"date_precision":"open","date_approx":true,"period_raw":"с 1880","url":"https://ru.wikipedia.org/wiki/%D0%A1%D0%B0%D0%BC%D1%82%D1%80%D0%B5%D0%B4%D0%B8%D0%B0","image_url":"http://commons.wikimedia.org/wiki/Special:FilePath/Samtredia%20Theatre.jpg","source":"Викиданные","source_id":"Q513727","license":"CC0 (Викиданные)","confidence":"ok"}},{"type":"Feature","id":"settlements_wd:9ecbbc8c57d8","geometry":{"type":"Point","coordinates":[19.588611,49.740278]},"properties":{"uid":"settlements_wd:9ecbbc8c57d8","layer":"settlements_wd","layer_title":"Населённые места: год основания","group":"admin","title":"Суха-Бескидзка","category":"туристическая достопримечательность","place_text":"Сухский повят","region":"Сухский повят","year_from":1405,"year_to":1960,"date_precision":"open","date_approx":true,"period_raw":"с 1405","url":"https://ru.wikipedia.org/wiki/%D0%A1%D1%83%D1%85%D0%B0-%D0%91%D0%B5%D1%81%D0%BA%D0%B8%D0%B4%D0%B7%D0%BA%D0%B0","image_url":"http://commons.wikimedia.org/wiki/Special:FilePath/Jeziorko%20Sucha%20B.jpg","source":"Викиданные","source_id":"Q745005","license":"CC0 (Викиданные)","confidence":"ok"}},{"type":"Feature","id":"settlements_wd:2047920c0f0f","geometry":{"type":"Point","coordinates":[21.533333,50.5]},"properties":{"uid":"settlements_wd:2047920c0f0f","layer":"settlements_wd","layer_title":"Населённые места: год основания","group":"admin","title":"Баранув-Сандомерский","category":"город","place_text":"Баранув-Сандомерский","region":"Баранув-Сандомерский","year_from":1135,"year_to":1960,"date_precision":"open","date_approx":true,"period_raw":"с 1135","url":"https://ru.wikipedia.org/wiki/%D0%91%D0%B0%D1%80%D0%B0%D0%BD%D1%83%D0%B2-%D0%A1%D0%B0%D0%BD%D0%B4%D0%BE%D0%BC%D0%B5%D1%80%D1%81%D0%BA%D0%B8%D0%B9","image_url":"http://commons.wikimedia.org/wiki/Special:FilePath/Zamek%20w%20Baranowie%20Sandomierskim%20z%20lotu%20ptaka%20panorama.jpg","source":"Викиданные","source_id":"Q807271","license":"CC0 (Викиданные)","confidence":"ok"}},{"type":"Feature","id":"settlements_wd:9b7e571cd1b8","geometry":{"type":"Point","coordinates":[43.598611,41.9975]},"properties":{"uid":"settlements_wd:9b7e571cd1b8","layer":"settlements_wd","layer_title":"Населённые места: год основания","group":"admin","title":"Хашури","category":"город","place_text":"Хашурский муниципалитет","region":"Хашурский муниципалитет","year_from":1872,"year_to":1960,"date_precision":"open","date_approx":true,"period_raw":"с 1872","url":"https://ru.wikipedia.org/wiki/%D0%A5%D0%B0%D1%88%D1%83%D1%80%D0%B8","image_url":"http://commons.wikimedia.org/wiki/Special:FilePath/Khashuri%20%28G.N.%202009%29.jpg","source":"Викиданные","source_id":"Q932901","license":"CC0 (Викиданные)","confidence":"ok"}},{"type":"Feature","id":"settlements_wd:c4182b437119","geometry":{"type":"Point","coordinates":[22.4,50.7]},"properties":{"uid":"settlements_wd:c4182b437119","layer":"settlements_wd","layer_title":"Населённые места: год основания","group":"admin","title":"Янув-Любельский","category":"город","place_text":"Янув-Любельский","region":"Янув-Любельский","year_from":1245,"year_to":1960,"date_precision":"open","date_approx":true,"period_raw":"с 1245","url":"https://ru.wikipedia.org/wiki/%D0%AF%D0%BD%D1%83%D0%B2-%D0%9B%D1%8E%D0%B1%D0%B5%D0%BB%D1%8C%D1%81%D0%BA%D0%B8","image_url":"http://commons.wikimedia.org/wiki/Special:FilePath/Panorama%20-%20Jan%C3%B3w%20Lubelski.jpg","source":"Викиданные","source_id":"Q991840","license":"CC0 (Викиданные)","confidence":"ok"}},{"type":"Feature","id":"settlements_wd:0f335ccfa9eb","geometry":{"type":"Point","coordinates":[20.576111,51.619444]},"properties":{"uid":"settlements_wd:0f335ccfa9eb","layer":"settlements_wd","layer_title":"Населённые места: год основания","group":"admin","title":"Нове-Място-над-Пилицей","category":"город","place_text":"Нове-Място-над-Пилицей","region":"Нове-Място-над-Пилицей","year_from":1400,"year_to":1960,"date_precision":"open","date_approx":true,"period_raw":"с 1400","url":"https://ru.wikipedia.org/wiki/%D0%9D%D0%BE%D0%B2%D0%B5-%D0%9C%D1%8F%D1%81%D1%82%D0%BE-%D0%BD%D0%B0%D0%B4-%D0%9F%D0%B8%D0%BB%D0%B8%D1%86%D0%BE%D0%BD","image_url":"http://commons.wikimedia.org/wiki/Special:FilePath/Market%20Square%20in%20Nowe%20Miasto%20nad%20Pilica%20%285%29.jpg","source":"Викиданные","source_id":"Q1019505","license":"CC0 (Викиданные)","confidence":"ok"}},{"type":"Feature","id":"settlements_wd:c2f664a1e9d0","geometry":{"type":"Point","coordinates":[31.901597,46.691895]},"properties":{"uid":"settlements_wd:c2f664a1e9d0","layer":"settlements_wd","layer_title":"Населённые места: год основания","group":"admin","title":"Ольвия","category":"полис","place_text":"Куцурубская сельская община","region":"Куцурубская сельская община","date_precision":"unknown","date_approx":false,"url":"https://ru.wikipedia.org/wiki/%D0%9E%D0%BB%D1%8C%D0%B2%D0%B8%D1%8F","image_url":"http://commons.wikimedia.org/wiki/Special:FilePath/AncientTownOlvia.jpg","source":"Викиданные","source_id":"Q1143233","license":"CC0 (Викиданные)","confidence":"ok"}},{"type":"Feature","id":"settlements_wd:44789d00aa24","geometry":{"type":"Point","coordinates":[44.207505,41.966664]},"properties":{"uid":"settlements_wd:44789d00aa24","layer":"settlements_wd","layer_title":"Населённые места: год основания","group":"admin","title":"Уплисцихе","category":"археологический памятник","date_precision":"unknown","date_approx":false,"url":"https://ru.wikipedia.org/wiki/%D0%A3%D0%BF%D0%BB%D0%B8%D1%81%D1%86%D0%B8%D1%85%D0%B5","image_url":"http://commons.wikimedia.org/wiki/Special:FilePath/Uplistsikhe41.jpg","source":"Викиданные","source_id":"Q1351318","license":"CC0 (Викиданные)","confidence":"ok"}},{"type":"Feature","id":"settlements_wd:acad46c636a5","geometry":{"type":"Point","coordinates":[18.167778,53.1475]},"properties":{"uid":"settlements_wd:acad46c636a5","layer":"settlements_wd","layer_title":"Населённые места: год основания","group":"admin","title":"Fordon","category":"городок","place_text":"Быдгощ","region":"Быдгощ","year_from":1382,"year_to":1960,"date_precision":"open","date_approx":true,"period_raw":"с 1382","url":"https://www.wikidata.org/wiki/Q1437058","image_url":"http://commons.wikimedia.org/wiki/Special:FilePath/Panorama%20Fordonu%202023.jpg","source":"Викиданные","source_id":"Q1437058","license":"CC0 (Викиданные)","confidence":"ok"}},{"type":"Feature","id":"settlements_wd:8c0029bcf76e","geometry":{"type":"Point","coordinates":[25.966667,48.35]},"properties":{"uid":"settlements_wd:8c0029bcf76e","layer":"settlements_wd","layer_title":"Населённые места: год основания","group":"admin","title":"Садгора","category":"город","place_text":"Черновцы","region":"Черновцы","year_from":1771,"year_to":1960,"date_precision":"open","date_approx":true,"period_raw":"с 1771","url":"https://ru.wikipedia.org/wiki/%D0%A1%D0%B0%D0%B4%D0%B3%D0%BE%D1%80%D0%B0","image_url":"http://commons.wikimedia.org/wiki/Special:FilePath/%D0%A1%D0%B8%D0%BD%D0%B0%D0%B3%D0%BE%D0%B3%D0%B0%20%D1%83%20%D0%A1%D0%B0%D0%B4%D0%B3%D0%BE%D1%80%D1%96%2C%20%D0%B0%D0%B1%D0%BE%20%D1%80%D0%B5%D0%B7%D0%B8%D0%B4%D0%B5%D0%BD%D1%86%D1%96%D1%8F%20%C2%AB%D0%A7%D1%83%D0%B4%D0%BE%D0%B4%D1%96%D0%B9%D0%BD%D0%BE%D0%B3%D0%BE%20%D1%80%D0%B0%D0%B1%D0%B8%D0%BD%D0%B0%C2%BB.jpg","source":"Викиданные","source_id":"Q2005381","license":"CC0 (Викиданные)","confidence":"ok"}},{"type":"Feature","id":"settlements_wd:3ef2bb54e62b","geometry":{"type":"Point","coordinates":[30.350539,46.200948]},"properties":{"uid":"settlements_wd:3ef2bb54e62b","layer":"settlements_wd","layer_title":"Населённые места: год основания","group":"admin","title":"Тира","category":"полис","place_text":"Белгород-Днестровский","region":"Белгород-Днестровский","date_precision":"unknown","date_approx":false,"url":"https://ru.wikipedia.org/wiki/%D0%A2%D0%B8%D1%80%D0%B0_(%D0%B4%D1%80%D0%B5%D0%B2%D0%BD%D0%B8%D0%B9_%D0%B3%D0%BE%D1%80%D0%BE%D0%B4)","image_url":"http://commons.wikimedia.org/wiki/Special:FilePath/Tyras4.jpg","source":"Викиданные","source_id":"Q2019115","license":"CC0 (Викиданные)","confidence":"ok"}},{"type":"Feature","id":"settlements_wd:8d48b8f72216","geometry":{"type":"Point","coordinates":[24.977,49.926]},"properties":{"uid":"settlements_wd:8d48b8f72216","layer":"settlements_wd","layer_title":"Населённые места: год основания","group":"admin","title":"Плеснеск","category":"городище","place_text":"Львовская область","region":"Львовская область","year_from":1300,"year_to":1300,"date_precision":"open","date_approx":true,"period_raw":"до 1300","url":"https://ru.wikipedia.org/wiki/%D0%9F%D0%BB%D0%B5%D1%81%D0%BD%D0%B5%D1%81%D0%BA","image_url":"http://commons.wikimedia.org/wiki/Special:FilePath/Plisnesko-Pidhirtsi%20Brodivskyi%20Lvivska-gorodysche-board.jpg","source":"Викиданные","source_id":"Q4364878","license":"CC0 (Викиданные)","confidence":"ok"}},{"type":"Feature","id":"settlements_wd:84a83df04507","geometry":{"type":"Point","coordinates":[19.0528,53.1089]},"properties":{"uid":"settlements_wd:84a83df04507","layer":"settlements_wd","layer_title":"Населённые места: год основания","group":"admin","title":"Dobrzyń","category":"городок","place_text":"Голюб-Добжинь","region":"Голюб-Добжинь","year_from":1789,"year_to":1960,"date_precision":"open","date_approx":true,"period_raw":"с 1789","url":"https://www.wikidata.org/wiki/Q9208396","image_url":"http://commons.wikimedia.org/wiki/Special:FilePath/Dobrzyn%20Plac%20Tysiaclecia.jpg","source":"Викиданные","source_id":"Q9208396","license":"CC0 (Викиданные)","confidence":"ok"}},{"type":"Feature","id":"settlements_wd:66867a4f7eb2","geometry":{"type":"Point","coordinates":[19.0547,53.1133]},"properties":{"uid":"settlements_wd:66867a4f7eb2","layer":"settlements_wd","layer_title":"Населённые места: год основания","group":"admin","title":"Q9274399","category":"городок","place_text":"Голюб-Добжинь","region":"Голюб-Добжинь","year_from":1300,"year_to":1960,"date_precision":"open","date_approx":true,"period_raw":"с 1300","url":"https://www.wikidata.org/wiki/Q9274399","image_url":"http://commons.wikimedia.org/wiki/Special:FilePath/Golub%20panorama.jpg","source":"Викиданные","source_id":"Q9274399","license":"CC0 (Викиданные)","confidence":"ok"}},{"type":"Feature","id":"settlements_wd:d9b4f0cf2085","geometry":{"type":"Point","coordinates":[40.39914,56.125498]},"properties":{"uid":"settlements_wd:d9b4f0cf2085","layer":"settlements_wd","layer_title":"Населённые места: год основания","group":"admin","title":"Исторический центр города Владимира (Владимир)","category":"исторические поселения России","place_text":"Владимир","region":"Владимир","date_precision":"unknown","date_approx":false,"url":"https://www.wikidata.org/wiki/Q123943520","image_url":"http://commons.wikimedia.org/wiki/Special:FilePath/%D0%92%D0%BB%D0%B0%D0%B4%D0%B8%D0%BC%D0%B8%D1%80%2C%20%D0%93%D0%B5%D0%BE%D1%80%D0%B3%D0%B8%D0%B5%D0%B2%D1%81%D0%BA%D0%B0%D1%8F%20%D1%83%D0%BB%D0%B8%D1%86%D0%B0.jpg","source":"Викиданные","source_id":"Q123943520","license":"CC0 (Викиданные)","confidence":"ok"}},{"type":"Feature","id":"settlements_wd:c10a25388408","geometry":{"type":"Point","coordinates":[73.876527,54.657366]},"properties":{"uid":"settlements_wd:c10a25388408","layer":"settlements_wd","layer_title":"Населённые места: год основания","group":"admin","title":"Ачаирский форпост - одно из первых основанных русскими поселений в районе (Ачаир)","category":"памятник истории","place_text":"Ачаир","region":"Ачаир","year_from":1720,"year_to":1960,"date_precision":"open","date_approx":true,"period_raw":"с 1720","url":"https://www.wikidata.org/wiki/Q124810516","image_url":"http://commons.wikimedia.org/wiki/Special:FilePath/%D0%90%D1%87%D0%B0%D0%B8%D1%80%2C%20%D0%97%D0%B5%D0%BB%D1%91%D0%BD%D0%B0%D1%8F%20%D1%83%D0%BB%D0%B8%D1%86%D0%B0.jpg","source":"Викиданные","source_id":"Q124810516","license":"CC0 (Викиданные)","confidence":"ok"}},{"type":"Feature","id":"settlements_wd:40a095ee3765","geometry":{"type":"Point","coordinates":[73.018388,55.235498]},"properties":{"uid":"settlements_wd:40a095ee3765","layer":"settlements_wd","layer_title":"Населённые места: год основания","group":"admin","title":"Чернолуцкая слобода - одно из первых поселений края (Чернолучье)","category":"памятник истории","place_text":"Чернолучье","region":"Чернолучье","year_from":1718,"year_to":1960,"date_precision":"open","date_approx":true,"period_raw":"с 1718","url":"https://www.wikidata.org/wiki/Q124810522","image_url":"http://commons.wikimedia.org/wiki/Special:FilePath/%D0%A7%D0%B5%D1%80%D0%BD%D0%BE%D0%BB%D1%83%D1%87%D1%8C%D0%B5%2C%20%D1%83%D0%BB%D0%B8%D1%86%D0%B0%2050%20%D0%BB%D0%B5%D1%82%20%D0%9E%D0%BA%D1%82%D1%8F%D0%B1%D1%80%D1%8F.jpg","source":"Викиданные","source_id":"Q124810522","license":"CC0 (Викиданные)","confidence":"ok"}},{"type":"Feature","id":"settlements_wd:24c9821dc548","geometry":{"type":"Point","coordinates":[73.603229,54.765597]},"properties":{"uid":"settlements_wd:24c9821dc548","layer":"settlements_wd","layer_title":"Населённые места: год основания","group":"admin","title":"Усть-Заостровский станец - одно из первых русских поселений края (Усть-Заостровка)","category":"памятник истории","place_text":"Усть-Заостровка","region":"Усть-Заостровка","year_from":1721,"year_to":1960,"date_precision":"open","date_approx":true,"period_raw":"с 1721","url":"https://www.wikidata.org/wiki/Q124810521","image_url":"http://commons.wikimedia.org/wiki/Special:FilePath/%D0%A3%D1%81%D1%82%D1%8C-%D0%97%D0%B0%D0%BE%D1%81%D1%82%D1%80%D0%BE%D0%B2%D0%BA%D0%B0%2C%20%D0%BE%D0%B1%D1%89%D0%B8%D0%B9%20%D0%B2%D0%B8%D0%B4.jpg","source":"Викиданные","source_id":"Q124810521","license":"CC0 (Викиданные)","confidence":"ok"}},{"type":"Feature","id":"settlements_wd:e343f28cbad4","geometry":{"type":"Point","coordinates":[74.68424,56.246266]},"properties":{"uid":"settlements_wd:e343f28cbad4","layer":"settlements_wd","layer_title":"Населённые места: год основания","group":"admin","title":"Такмыкская слобода - одно из первых основанных русскими поселений Приобья (Такмык)","category":"исторические поселения России","place_text":"Такмык","region":"Такмык","year_from":1682,"year_to":1960,"date_precision":"open","date_approx":true,"period_raw":"с 1682","url":"https://www.wikidata.org/wiki/Q124814121","image_url":"http://commons.wikimedia.org/wiki/Special:FilePath/%D0%A2%D0%B0%D0%BA%D0%BC%D1%8B%D0%BA%2C%20%D1%83%D0%BB%D0%B8%D1%86%D0%B0%20%D0%A0%D0%B0%D0%B4%D0%B8%D1%89%D0%B5%D0%B2%D0%B0.jpg","source":"Викиданные","source_id":"Q124814121","license":"CC0 (Викиданные)","confidence":"ok"}},{"type":"Feature","id":"settlements_wd:da4be4099e0b","geometry":{"type":"Point","coordinates":[18.930861,50.285472]},"properties":{"uid":"settlements_wd:da4be4099e0b","layer":"settlements_wd","layer_title":"Населённые места: год основания","group":"admin","title":"Свентохловице","category":"город","place_text":"Силезское воеводство","region":"Силезское воеводство","year_from":1313,"year_to":1960,"date_precision":"open","date_approx":true,"period_raw":"с 1313","url":"https://ru.wikipedia.org/wiki/%D0%A1%D0%B2%D0%B5%D0%BD%D1%82%D0%BE%D1%85%D0%BB%D0%BE%D0%B2%D0%B8%D1%86%D0%B5","image_url":"http://commons.wikimedia.org/wiki/Special:FilePath/Muzeum%20Powsta%C5%84%20%C5%9Al%C4%85skich%20SW.jpg","source":"Викиданные","source_id":"Q45197","license":"CC0 (Викиданные)","confidence":"ok"}},{"type":"Feature","id":"settlements_wd:b4a0e90c5095","geometry":{"type":"Point","coordinates":[36.788889,46.755556]},"properties":{"uid":"settlements_wd:b4a0e90c5095","layer":"settlements_wd","layer_title":"Населённые места: год основания","group":"admin","title":"Бердянск","category":"большой город","place_text":"Запорожская область","region":"Запорожская область","year_from":1827,"year_to":1960,"date_precision":"open","date_approx":true,"period_raw":"с 1827","summary":"город в Запорожской области Украины, административный центр Бердянского района","url":"https://ru.wikipedia.org/wiki/%D0%91%D0%B5%D1%80%D0%B4%D1%8F%D0%BD%D1%81%D0%BA","image_url":"http://commons.wikimedia.org/wiki/Special:FilePath/Berdyansk%20The%20Heart%20Of%20Azov.jpg","source":"Викиданные","source_id":"Q33292","license":"CC0 (Викиданные)","confidence":"ok"}},{"type":"Feature","id":"settlements_wd:95f0ea43ed0d","geometry":{"type":"Point","coordinates":[30.116667,49.795556]},"properties":{"uid":"settlements_wd:95f0ea43ed0d","layer":"settlements_wd","layer_title":"Населённые места: год основания","group":"admin","title":"Белая Церковь","category":"город областного значения Украины","place_text":"Белоцерковская городская громада","region":"Белоцерковская городская громада","year_from":1032,"year_to":1960,"date_precision":"open","date_approx":true,"period_raw":"с 1032","summary":"город в Киевской области Украины","url":"https://ru.wikipedia.org/wiki/%D0%91%D0%B5%D0%BB%D0%B0%D1%8F_%D0%A6%D0%B5%D1%80%D0%BA%D0%BE%D0%B2%D1%8C","image_url":"http://commons.wikimedia.org/wiki/Special:FilePath/Bila%20Tserkva%20Montage.png","source":"Викиданные","source_id":"Q33342","license":"CC0 (Викиданные)","confidence":"ok"}},{"type":"Feature","id":"settlements_wd:e1955aab561e","geometry":{"type":"Point","coordinates":[35.3675,46.848889]},"properties":{"uid":"settlements_wd:e1955aab561e","layer":"settlements_wd","layer_title":"Населённые места: год основания","group":"admin","title":"Мелитополь","category":"город областного значения Украины","place_text":"Днепропетровская область","region":"Днепропетровская область","year_from":1784,"year_to":1960,"date_precision":"open","date_approx":true,"period_raw":"с 1784","summary":"город в Запорожской области Украины","url":"https://ru.wikipedia.org/wiki/%D0%9C%D0%B5%D0%BB%D0%B8%D1%82%D0%BE%D0%BF%D0%BE%D0%BB%D1%8C","image_url":"http://commons.wikimedia.org/wiki/Special:FilePath/Melitopol.jpg","source":"Викиданные","source_id":"Q33349","license":"CC0 (Викиданные)","confidence":"ok"}},{"type":"Feature","id":"settlements_wd:1676a4c58d8e","geometry":{"type":"Point","coordinates":[37.605889,48.85325]},"properties":{"uid":"settlements_wd:1676a4c58d8e","layer":"settlements_wd","layer_title":"Населённые места: год основания","group":"admin","title":"Славянск","category":"город","place_text":"Славянская городская община","region":"Славянская городская община","year_from":1645,"year_to":1960,"date_precision":"open","date_approx":true,"period_raw":"с 1645","summary":"город в Донецкой области Украины","url":"https://ru.wikipedia.org/wiki/%D0%A1%D0%BB%D0%B0%D0%B2%D1%8F%D0%BD%D1%81%D0%BA","image_url":"http://commons.wikimedia.org/wiki/Special:FilePath/%D0%A6%D0%B5%D1%80%D0%BA%D0%B2%D0%B0%20%D0%9E%D0%BB%D0%B5%D0%BA%D1%81%D0%B0%D0%BD%D0%B4%D1%80%D0%B0%20%D0%9D%D0%B5%D0%B2%D1%81%D1%8C%D0%BA%D0%BE%D0%B3%D0%BE%20%D0%A1%D0%BB%D0%BE%D0%B2%27%D1%8F%D0%BD%D1%81%D1%8C%D0%BA%20DJI%200096.jpg","source":"Викиданные","source_id":"Q33581","license":"CC0 (Викиданные)","confidence":"ok"}},{"type":"Feature","id":"settlements_wd:bf407be90514","geometry":{"type":"Point","coordinates":[37.583889,48.739167]},"properties":{"uid":"settlements_wd:bf407be90514","layer":"settlements_wd","layer_title":"Населённые места: год основания","group":"admin","title":"Краматорск","category":"город","place_text":"Донецкая область","region":"Донецкая область","year_from":1868,"year_to":1960,"date_precision":"open","date_approx":true,"period_raw":"с 1868","summary":"город в Донецкой области Украины","url":"https://ru.wikipedia.org/wiki/%D0%9A%D1%80%D0%B0%D0%BC%D0%B0%D1%82%D0%BE%D1%80%D1%81%D0%BA","image_url":"http://commons.wikimedia.org/wiki/Special:FilePath/Myru%20Square%20in%20Kramatorsk.jpg","source":"Викиданные","source_id":"Q33613","license":"CC0 (Викиданные)","confidence":"ok"}},{"type":"Feature","id":"settlements_wd:273999a691db","geometry":{"type":"Point","coordinates":[22.8,51.983333]},"properties":{"uid":"settlements_wd:273999a691db","layer":"settlements_wd","layer_title":"Населённые места: год основания","group":"admin","title":"Мендзыжец-Подляский","category":"городская гмина","place_text":"Бяльский повет","region":"Бяльский повет","year_from":1174,"year_to":1960,"date_precision":"open","date_approx":true,"period_raw":"с 1174","summary":"город в Польше, в Бяло-Подляском повяте Люблинском воеводстве","url":"https://ru.wikipedia.org/wiki/%D0%9C%D0%B5%D0%BD%D0%B4%D0%B7%D1%8B%D0%B6%D0%B5%D1%86-%D0%9F%D0%BE%D0%B4%D0%BB%D1%8F%D1%81%D0%BA%D0%B8","image_url":"http://commons.wikimedia.org/wiki/Special:FilePath/Mi%C4%99dzyrzec%20Podlaski%20DJI%200519.jpg","source":"Викиданные","source_id":"Q34267","license":"CC0 (Викиданные)","confidence":"ok"}},{"type":"Feature","id":"settlements_wd:9ed49d4843a1","geometry":{"type":"Point","coordinates":[76.915,43.24]},"properties":{"uid":"settlements_wd:9ed49d4843a1","layer":"settlements_wd","layer_title":"Населённые места: год основания","group":"admin","title":"Алма-Ата","category":"город","place_text":"Казахстан","region":"Казахстан","year_from":1854,"year_to":1960,"date_precision":"open","date_approx":true,"period_raw":"с 1854","summary":"крупнейший город Казахстана, город республиканского значения","url":"https://ru.wikipedia.org/wiki/%D0%90%D0%BB%D0%BC%D0%B0-%D0%90%D1%82%D0%B0","image_url":"http://commons.wikimedia.org/wiki/Special:FilePath/13%20%D0%92%D0%B8%D0%B4%20%D0%BD%D0%B0%20%D0%90%D0%BB%D0%BC%D0%B0-%D0%90%D1%82%D1%83%20%D1%81%20%D0%B3%D0%BE%D1%80%D1%8B%20%D0%9A%D0%BE%D0%BA%20%D0%A2%D1%8E%D0%B1%D0%B5.jpg","source":"Викиданные","source_id":"Q35493","license":"CC0 (Викиданные)","confidence":"ok"}},{"type":"Feature","id":"settlements_wd:8c5e5e3834fd","geometry":{"type":"Point","coordinates":[24.031592,49.841952]},"properties":{"uid":"settlements_wd:8c5e5e3834fd","layer":"settlements_wd","layer_title":"Населённые места: год основания","group":"admin","title":"Львов","category":"магдебургское право","place_text":"Львовская городская община","region":"Львовская городская община","year_from":1256,"year_to":1960,"date_precision":"open","date_approx":true,"period_raw":"с 1256","summary":"город на западе Украины, административный центр Львовской области","url":"https://ru.wikipedia.org/wiki/%D0%9B%D1%8C%D0%B2%D0%BE%D0%B2","image_url":"http://commons.wikimedia.org/wiki/Special:FilePath/Lw%C3%B3w%20-%20Widok%20z%20wie%C5%BCy%20ratuszowej%2001.jpg","source":"Викиданные","source_id":"Q36036","license":"CC0 (Викиданные)","confidence":"ok"}},{"type":"Feature","id":"settlements_wd:d41cce6e65d7","geometry":{"type":"Point","coordinates":[37.563889,47.130556]},"properties":{"uid":"settlements_wd:d41cce6e65d7","layer":"settlements_wd","layer_title":"Населённые места: год основания","group":"admin","title":"Мариуполь","category":"город Украины","place_text":"Мариупольская городская община","region":"Мариупольская городская община","date_precision":"unknown","date_approx":false,"summary":"город на юге Донецкой области","url":"https://ru.wikipedia.org/wiki/%D0%9C%D0%B0%D1%80%D0%B8%D1%83%D0%BF%D0%BE%D0%BB%D1%8C","image_url":"http://commons.wikimedia.org/wiki/Special:FilePath/%D0%A1%D1%82%D0%B0%D1%80%D0%B0%20%D0%B2%D0%B5%D0%B6%D0%B0%20%28%D0%9C%D0%B0%D1%80%D1%96%D1%83%D0%BF%D0%BE%D0%BB%D1%8C%29%201.jpg","source":"Викиданные","source_id":"Q37133","license":"CC0 (Викиданные)","confidence":"ok"}},{"type":"Feature","id":"settlements_wd:5d7220088311","geometry":{"type":"Point","coordinates":[22.566667,51.25]},"properties":{"uid":"settlements_wd:5d7220088311","layer":"settlements_wd","layer_title":"Населённые места: год основания","group":"admin","title":"Люблин","category":"город","place_text":"Люблинское воеводство","region":"Люблинское воеводство","year_from":1317,"year_to":1960,"date_precision":"open","date_approx":true,"period_raw":"с 1317","summary":"город в Польше, административный центр Люблинского воеводства","url":"https://ru.wikipedia.org/wiki/%D0%9B%D1%8E%D0%B1%D0%BB%D0%B8%D0%BD","image_url":"http://commons.wikimedia.org/wiki/Special:FilePath/Lublin%20PanoramaStaregoMiasta.JPG","source":"Викиданные","source_id":"Q37333","license":"CC0 (Викиданные)","confidence":"ok"}},{"type":"Feature","id":"settlements_wd:a6f41feddf2c","geometry":{"type":"Point","coordinates":[18.0,53.116667]},"properties":{"uid":"settlements_wd:a6f41feddf2c","layer":"settlements_wd","layer_title":"Населённые места: год основания","group":"admin","title":"Быдгощ","category":"город","place_text":"Куявско-Поморское воеводство","region":"Куявско-Поморское воеводство","year_from":1038,"year_to":1960,"date_precision":"open","date_approx":true,"period_raw":"с 1038","summary":"город в Польше, административный центр Куявско-Поморского воеводства","url":"https://ru.wikipedia.org/wiki/%D0%91%D1%8B%D0%B4%D0%B3%D0%BE%D1%89","image_url":"http://commons.wikimedia.org/wiki/Special:FilePath/Stary%20Rynek%20w%20Bydgoszczy%20edit.jpg","source":"Викиданные","source_id":"Q41252","license":"CC0 (Викиданные)","confidence":"ok"}},{"type":"Feature","id":"settlements_wd:532b95b5df6e","geometry":{"type":"Point","coordinates":[31.995,46.975]},"properties":{"uid":"settlements_wd:532b95b5df6e","layer":"settlements_wd","layer_title":"Населённые места: год основания","group":"admin","title":"Николаев","category":"город Украины","place_text":"Николаевская городская община","region":"Николаевская городская община","year_from":1789,"year_to":1960,"date_precision":"open","date_approx":true,"period_raw":"с 1789","summary":"город на юге Украины; административный центр Николаевской области","url":"https://ru.wikipedia.org/wiki/%D0%9D%D0%B8%D0%BA%D0%BE%D0%BB%D0%B0%D0%B5%D0%B2","image_url":"http://commons.wikimedia.org/wiki/Special:FilePath/%D0%91%D1%83%D0%B4%D0%B8%D0%BD%D0%BE%D0%BA%20%D1%88%D1%82%D0%B0%D0%B1%D1%83%20%D1%84%D0%BB%D0%BE%D1%82%D1%83%201796%20%D1%80%D0%BE%D0%BA%D1%83%204.jpg","source":"Викиданные","source_id":"Q41572","license":"CC0 (Викиданные)","confidence":"ok"}},{"type":"Feature","id":"settlements_wd:990d6831ac12","geometry":{"type":"Point","coordinates":[37.261389,48.302222]},"properties":{"uid":"settlements_wd:990d6831ac12","layer":"settlements_wd","layer_title":"Населённые места: год основания","group":"admin","title":"Мирноград","category":"город Украины","place_text":"Мирноградская городская община","region":"Мирноградская городская община","year_from":1911,"year_to":1960,"date_precision":"open","date_approx":true,"period_raw":"с 1911","summary":"город в Донецкой области, Украина","url":"https://ru.wikipedia.org/wiki/%D0%9C%D0%B8%D1%80%D0%BD%D0%BE%D0%B3%D1%80%D0%B0%D0%B4","image_url":"http://commons.wikimedia.org/wiki/Special:FilePath/Stakhanov%20Coal%20Mine.%20Administrative%20Building.JPG","source":"Викиданные","source_id":"Q45872","license":"CC0 (Викиданные)","confidence":"ok"}},{"type":"Feature","id":"settlements_wd:278a1f254450","geometry":{"type":"Point","coordinates":[26.485972,48.507778]},"properties":{"uid":"settlements_wd:278a1f254450","layer":"settlements_wd","layer_title":"Населённые места: год основания","group":"admin","title":"Хотин","category":"город Украины","place_text":"Хотинская городская община","region":"Хотинская городская община","year_from":1002,"year_to":1960,"date_precision":"open","date_approx":true,"period_raw":"с 1002","summary":"город в Днестровском районе Черновицкой области Украины","url":"https://ru.wikipedia.org/wiki/%D0%A5%D0%BE%D1%82%D0%B8%D0%BD","image_url":"http://commons.wikimedia.org/wiki/Special:FilePath/Chocim%20stronghold.jpg","source":"Викиданные","source_id":"Q45883","license":"CC0 (Викиданные)","confidence":"ok"}},{"type":"Feature","id":"settlements_wd:ee22c7f7b2cd","geometry":{"type":"Point","coordinates":[34.397778,44.667222]},"properties":{"uid":"settlements_wd:ee22c7f7b2cd","layer":"settlements_wd","layer_title":"Населённые места: год основания","group":"admin","title":"Алушта","category":"населённый пункт","place_text":"Алуштинский городской совет","region":"Алуштинский городской совет","date_precision":"unknown","date_approx":false,"summary":"город в Крыму","url":"https://ru.wikipedia.org/wiki/%D0%90%D0%BB%D1%83%D1%88%D1%82%D0%B0","image_url":"http://commons.wikimedia.org/wiki/Special:FilePath/AlushtaPanorama%20banner.jpg","source":"Викиданные","source_id":"Q46001","license":"CC0 (Викиданные)","confidence":"ok"}},{"type":"Feature","id":"settlements_wd:5417c6025adb","geometry":{"type":"Point","coordinates":[37.802778,48.015833]},"properties":{"uid":"settlements_wd:5417c6025adb","layer":"settlements_wd","layer_title":"Населённые места: год основания","group":"admin","title":"Донецк","category":"город","place_text":"Донецкая городская община","region":"Донецкая городская община","year_from":1869,"year_to":1960,"date_precision":"open","date_approx":true,"period_raw":"с 1869","summary":"город на Украине, административный центр Донецкой области","url":"https://ru.wikipedia.org/wiki/%D0%94%D0%BE%D0%BD%D0%B5%D1%86%D0%BA","image_url":"http://commons.wikimedia.org/wiki/Special:FilePath/%D0%92%D0%B8%D0%B4%20%D0%B8%D0%B7%20%D0%94%D0%BE%D0%BD%D0%B5%D1%86%D0%BA%D0%BE%D0%B9%20%D0%BE%D0%B1%D0%BB%D0%B0%D1%81%D1%82%D0%BD%D0%BE%D0%B9%20%D0%B0%D0%B4%D0%BC%D0%B8%D0%BD%D0%B8%D1%81%D1%82%D1%80%D0%B0%D1%86%D0%B8%D0%B8%20003.jpg","source":"Викиданные","source_id":"Q43070","license":"CC0 (Викиданные)","confidence":"ok"}},{"type":"Feature","id":"settlements_wd:89bb5e43812c","geometry":{"type":"Point","coordinates":[25.595556,58.363333]},"properties":{"uid":"settlements_wd:89bb5e43812c","layer":"settlements_wd","layer_title":"Населённые места: год основания","group":"admin","title":"Вильянди","category":"ганзейский город","place_text":"Вильянди","region":"Вильянди","year_from":1263,"year_to":1960,"date_precision":"open","date_approx":true,"period_raw":"с 1263","summary":"город на юге Эстонии, центр Вильяндиского уезда","url":"https://ru.wikipedia.org/wiki/%D0%92%D0%B8%D0%BB%D1%8C%D1%8F%D0%BD%D0%B4%D0%B8","image_url":"http://commons.wikimedia.org/wiki/Special:FilePath/Viljandi%20town%20hall.jpg","source":"Викиданные","source_id":"Q44840","license":"CC0 (Викиданные)","confidence":"ok"}},{"type":"Feature","id":"settlements_wd:ce37fe10dd1d","geometry":{"type":"Point","coordinates":[36.231111,49.9925]},"properties":{"uid":"settlements_wd:ce37fe10dd1d","layer":"settlements_wd","layer_title":"Населённые места: год основания","group":"admin","title":"Харьков","category":"город Украины","place_text":"Харьковский район","region":"Харьковский район","year_from":1654,"year_to":1960,"date_precision":"open","date_approx":true,"period_raw":"с 1654","summary":"город в Украине, административный центр Харьковской области","url":"https://ru.wikipedia.org/wiki/%D0%A5%D0%B0%D1%80%D1%8C%D0%BA%D0%BE%D0%B2","image_url":"http://commons.wikimedia.org/wiki/Special:FilePath/%D0%A3%D1%81%D0%BF%D0%B5%D0%BD%D1%81%D1%8C%D0%BA%D0%B8%D0%B9%20%D1%81%D0%BE%D0%B1%D0%BE%D1%80%20%D0%B2%D0%B7%D0%B8%D0%BC%D0%BA%D1%83%2C%20%D0%B0%D0%B5%D1%80%D0%BE%D1%84%D0%BE%D1%82%D0%BE.jpg","source":"Викиданные","source_id":"Q42308","license":"CC0 (Викиданные)","confidence":"ok"}},{"type":"Feature","id":"settlements_wd:123ac3adaa46","geometry":{"type":"Point","coordinates":[25.033333,48.516667]},"properties":{"uid":"settlements_wd:123ac3adaa46","layer":"settlements_wd","layer_title":"Населённые места: год основания","group":"admin","title":"Коломыя","category":"населённый пункт","place_text":"Коломыйская городская териториальная община","region":"Коломыйская городская териториальная община","year_from":1300,"year_to":1960,"date_precision":"open","date_approx":true,"period_raw":"с 1300","summary":"город в Ивано-Франковской области Украины адм. центр Коломыйского района","url":"https://ru.wikipedia.org/wiki/%D0%9A%D0%BE%D0%BB%D0%BE%D0%BC%D1%8B%D1%8F","image_url":"http://commons.wikimedia.org/wiki/Special:FilePath/%D0%9A%D0%BE%D0%BB%D0%BE%D0%BC%D0%B8%D1%8F%20-%20%D0%B2%D1%83%D0%BB.%20%D0%A1%D1%82%D0%B0%D1%80%D0%B0%20%D0%B4%D0%BE%D1%80%D0%BE%D0%B3%D0%B0%2C%201-1.jpg","source":"Викиданные","source_id":"Q52193","license":"CC0 (Викиданные)","confidence":"ok"}},{"type":"Feature","id":"settlements_wd:f19e93a8d94b","geometry":{"type":"Point","coordinates":[18.261389,52.2275]},"properties":{"uid":"settlements_wd:f19e93a8d94b","layer":"settlements_wd","layer_title":"Населённые места: год основания","group":"admin","title":"Конин","category":"город","place_text":"Великопольское воеводство","region":"Великопольское воеводство","year_from":1283,"year_to":1960,"date_precision":"open","date_approx":true,"period_raw":"с 1283","summary":"город в Польше","url":"https://ru.wikipedia.org/wiki/%D0%9A%D0%BE%D0%BD%D0%B8%D0%BD","image_url":"http://commons.wikimedia.org/wiki/Special:FilePath/Rynek%20w%20Koninie.jpg","source":"Викиданные","source_id":"Q52845","license":"CC0 (Викиданные)","confidence":"ok"}},{"type":"Feature","id":"settlements_wd:446024fb3ad6","geometry":{"type":"Point","coordinates":[58.4681,51.229]},"properties":{"uid":"settlements_wd:446024fb3ad6","layer":"settlements_wd","layer_title":"Населённые места: год основания","group":"admin","title":"Орск","category":"город","place_text":"Оренбургская область","region":"Оренбургская область","year_from":1735,"year_to":1960,"date_precision":"open","date_approx":true,"period_raw":"с 1735","summary":"город в Оренбургской области России","url":"https://ru.wikipedia.org/wiki/%D0%9E%D1%80%D1%81%D0%BA","image_url":"http://commons.wikimedia.org/wiki/Special:FilePath/Orsk%20from%20viewpoint%2005.jpg","source":"Викиданные","source_id":"Q47166","license":"CC0 (Викиданные)","confidence":"ok"}},{"type":"Feature","id":"settlements_wd:bd5e8e5671da","geometry":{"type":"Point","coordinates":[18.6014,53.0144]},"properties":{"uid":"settlements_wd:bd5e8e5671da","layer":"settlements_wd","layer_title":"Населённые места: год основания","group":"admin","title":"Торунь","category":"город","place_text":"Куявско-Поморское воеводство","region":"Куявско-Поморское воеводство","year_from":1234,"year_to":1960,"date_precision":"open","date_approx":true,"period_raw":"с 1234","summary":"город на севере Польши","url":"https://ru.wikipedia.org/wiki/%D0%A2%D0%BE%D1%80%D1%83%D0%BD%D1%8C","image_url":"http://commons.wikimedia.org/wiki/Special:FilePath/Torun%20panorama%20zza%20Wisly%202.jpg","source":"Викиданные","source_id":"Q47554","license":"CC0 (Викиданные)","confidence":"ok"}},{"type":"Feature","id":"settlements_wd:8bd8585f8a10","geometry":{"type":"Point","coordinates":[113.500893,52.033409]},"properties":{"uid":"settlements_wd:8bd8585f8a10","layer":"settlements_wd","layer_title":"Населённые места: год основания","group":"admin","title":"Чита","category":"большой город","place_text":"Городской округ Чита","region":"Городской округ Чита","year_from":1653,"year_to":1960,"date_precision":"open","date_approx":true,"period_raw":"с 1653","summary":"город в России, административный центр Забайкальского края","url":"https://ru.wikipedia.org/wiki/%D0%A7%D0%B8%D1%82%D0%B0","image_url":"http://commons.wikimedia.org/wiki/Special:FilePath/Views%20of%20Chita%20from%20Titovskaya%20Hill%20%282026-06-10%29%20-%200.jpg","source":"Викиданные","source_id":"Q53139","license":"CC0 (Викиданные)","confidence":"ok"}},{"type":"Feature","id":"settlements_wd:8b9b69eaf534","geometry":{"type":"Point","coordinates":[35.04,48.4675]},"properties":{"uid":"settlements_wd:8b9b69eaf534","layer":"settlements_wd","layer_title":"Населённые места: год основания","group":"admin","title":"Днепр","category":"большой город","place_text":"Днепровский район","region":"Днепровский район","year_from":1526,"year_to":1960,"date_precision":"open","date_approx":true,"period_raw":"с 1526","summary":"город на Украине, административный центр Днепропетровской области и Днепровского района","url":"https://ru.wikipedia.org/wiki/%D0%94%D0%BD%D0%B5%D0%BF%D1%80_(%D0%B3%D0%BE%D1%80%D0%BE%D0%B4)","image_url":"http://commons.wikimedia.org/wiki/Special:FilePath/Collage%20of%20Dnipro%20city%20images.jpg","source":"Викиданные","source_id":"Q48256","license":"CC0 (Викиданные)","confidence":"ok"}},{"type":"Feature","id":"settlements_wd:79e3df732a42","geometry":{"type":"Point","coordinates":[80.2275,50.411111]},"properties":{"uid":"settlements_wd:79e3df732a42","layer":"settlements_wd","layer_title":"Населённые места: год основания","group":"admin","title":"Семей","category":"город","place_text":"Semey Qalasy","region":"Semey Qalasy","year_from":1718,"year_to":1960,"date_precision":"open","date_approx":true,"period_raw":"с 1718","summary":"административный центр Абайской области","url":"https://ru.wikipedia.org/wiki/%D0%A1%D0%B5%D0%BC%D0%B5%D0%B9","source":"Викиданные","source_id":"Q61944","license":"CC0 (Викиданные)","confidence":"ok"}},{"type":"Feature","id":"settlements_wd:f44a4a6eff94","geometry":{"type":"Point","coordinates":[23.978889,49.524722]},"properties":{"uid":"settlements_wd:f44a4a6eff94","layer":"settlements_wd","layer_title":"Населённые места: год основания","group":"admin","title":"Николаев","category":"город Украины","place_text":"Стрыйский район","region":"Стрыйский район","year_from":1570,"year_to":1960,"date_precision":"open","date_approx":true,"period_raw":"с 1570","summary":"город в Стрыйском районе Львовской области Украины","url":"https://ru.wikipedia.org/wiki/%D0%9D%D0%B8%D0%BA%D0%BE%D0%BB%D0%B0%D0%B5%D0%B2_(%D0%B3%D0%BE%D1%80%D0%BE%D0%B4,_%D0%9B%D1%8C%D0%B2%D0%BE%D0%B2%D1%81%D0%BA%D0%B0%D1%8F_%D0%BE%D0%B1%D0%BB%D0%B0%D1%81%D1%82%D1%8C)","image_url":"http://commons.wikimedia.org/wiki/Special:FilePath/Church%20of%20Saint%20Nicholas%2C%20Mykolaiv%2C%20Lviv%20Oblast%20%281%29.jpg","source":"Викиданные","source_id":"Q58475","license":"CC0 (Викиданные)","confidence":"ok"}},{"type":"Feature","id":"settlements_wd:7eb93e38d35d","geometry":{"type":"Point","coordinates":[25.905556,56.003611]},"properties":{"uid":"settlements_wd:7eb93e38d35d","layer":"settlements_wd","layer_title":"Населённые места: год основания","group":"admin","title":"Субате","category":"город под муниципальной юрисдикцией Латвии","place_text":"Аугшдаугавский край","region":"Аугшдаугавский край","year_from":1917,"year_to":1960,"date_precision":"open","date_approx":true,"period_raw":"с 1917","summary":"город в Латвии","url":"https://ru.wikipedia.org/wiki/%D0%A1%D1%83%D0%B1%D0%B0%D1%82%D0%B5","image_url":"http://commons.wikimedia.org/wiki/Special:FilePath/Tirgus%20laukuma%20apb%C5%ABve%2C%2030.05.2015.jpg","source":"Викиданные","source_id":"Q60044","license":"CC0 (Викиданные)","confidence":"ok"}},{"type":"Feature","id":"settlements_wd:8afa8c7a8574","geometry":{"type":"Point","coordinates":[22.35,53.816667]},"properties":{"uid":"settlements_wd:8afa8c7a8574","layer":"settlements_wd","layer_title":"Населённые места: год основания","group":"admin","title":"Элк","category":"городская гмина","place_text":"Lyck District","region":"Lyck District","year_from":1237,"year_to":1960,"date_precision":"open","date_approx":true,"period_raw":"с 1237","summary":"город в Польше","url":"https://ru.wikipedia.org/wiki/%D0%AD%D0%BB%D0%BA","image_url":"http://commons.wikimedia.org/wiki/Special:FilePath/E%C5%82k%2013.05.2018%20As%2008.jpg","source":"Викиданные","source_id":"Q61480","license":"CC0 (Викиданные)","confidence":"ok"}},{"type":"Feature","id":"settlements_wd:4880578b2150","geometry":{"type":"Point","coordinates":[21.615278,63.095833]},"properties":{"uid":"settlements_wd:4880578b2150","layer":"settlements_wd","layer_title":"Населённые места: год основания","group":"admin","title":"Вааса","category":"город","place_text":"Остроботния","region":"Остроботния","year_from":1606,"year_to":1960,"date_precision":"open","date_approx":true,"period_raw":"с 1606","summary":"двуязычный город на западе Финляндии, административный центр области Остроботнии","url":"https://ru.wikipedia.org/wiki/%D0%92%D0%B0%D0%B0%D1%81%D0%B0","image_url":"http://commons.wikimedia.org/wiki/Special:FilePath/Vaasa%20Church%20from%20water%20tower.jpg","source":"Викиданные","source_id":"Q125080","license":"CC0 (Викиданные)","confidence":"ok"}},{"type":"Feature","id":"settlements_wd:dc71198f7f48","geometry":{"type":"Point","coordinates":[25.040278,60.294444]},"properties":{"uid":"settlements_wd:dc71198f7f48","layer":"settlements_wd","layer_title":"Населённые места: год основания","group":"admin","title":"Вантаа","category":"город","place_text":"Уусимаа","region":"Уусимаа","year_from":1428,"year_to":1960,"date_precision":"open","date_approx":true,"period_raw":"с 1428","summary":"двуязычный город в области Уусимаа на юге Финляндии, входящий в столичную агломерацию","url":"https://ru.wikipedia.org/wiki/%D0%92%D0%B0%D0%BD%D1%82%D0%B0%D0%B0","image_url":"http://commons.wikimedia.org/wiki/Special:FilePath/Alepa%20bicycles%20at%20Ulrikankuja%20in%20Asola%2C%20Vantaa%2C%20Finland%2C%202021%20May.jpg","source":"Викиданные","source_id":"Q127623","license":"CC0 (Викиданные)","confidence":"ok"}},{"type":"Feature","id":"settlements_wd:cdecff057dc1","geometry":{"type":"Point","coordinates":[25.654988,60.980381]},"properties":{"uid":"settlements_wd:cdecff057dc1","layer":"settlements_wd","layer_title":"Населённые места: год основания","group":"admin","title":"Лахти","category":"город","place_text":"Пяйят-Хяме","region":"Пяйят-Хяме","year_from":1905,"year_to":1960,"date_precision":"open","date_approx":true,"period_raw":"с 1905","summary":"город на юге Финляндии, административный центр области Пяйят-Хяме","url":"https://ru.wikipedia.org/wiki/%D0%9B%D0%B0%D1%85%D1%82%D0%B8","image_url":"http://commons.wikimedia.org/wiki/Special:FilePath/Lahti%20view%207.jpg","source":"Викиданные","source_id":"Q28911","license":"CC0 (Викиданные)","confidence":"ok"}},{"type":"Feature","id":"settlements_wd:e0273ab2789d","geometry":{"type":"Point","coordinates":[22.266944,60.451667]},"properties":{"uid":"settlements_wd:e0273ab2789d","layer":"settlements_wd","layer_title":"Населённые места: год основания","group":"admin","title":"Турку","category":"город","place_text":"Варсинайс-Суоми","region":"Варсинайс-Суоми","year_from":1229,"year_to":1960,"date_precision":"open","date_approx":true,"period_raw":"с 1229","summary":"старейший город Финляндии, административный центр юго-западной области Варсинайс-Суоми","url":"https://ru.wikipedia.org/wiki/%D0%A2%D1%83%D1%80%D0%BA%D1%83","image_url":"http://commons.wikimedia.org/wiki/Special:FilePath/Turku%20Cathedral%20Park%202020.jpg","source":"Викиданные","source_id":"Q38511","license":"CC0 (Викиданные)","confidence":"ok"}},{"type":"Feature","id":"settlements_wd:fca2964b58df","geometry":{"type":"Point","coordinates":[23.76,61.498056]},"properties":{"uid":"settlements_wd:fca2964b58df","layer":"settlements_wd","layer_title":"Населённые места: год основания","group":"admin","title":"Тампере","category":"город","place_text":"Пирканмаа","region":"Пирканмаа","year_from":1779,"year_to":1960,"date_precision":"open","date_approx":true,"period_raw":"с 1779","summary":"город на юго-западе Финляндии, административный центр области Пирканмаа","url":"https://ru.wikipedia.org/wiki/%D0%A2%D0%B0%D0%BC%D0%BF%D0%B5%D1%80%D0%B5","image_url":"http://commons.wikimedia.org/wiki/Special:FilePath/Tammerkoski%202021.jpg","source":"Викиданные","source_id":"Q40840","license":"CC0 (Викиданные)","confidence":"ok"}},{"type":"Feature","id":"settlements_wd:01be3a16f188","geometry":{"type":"Point","coordinates":[24.655556,60.205556]},"properties":{"uid":"settlements_wd:01be3a16f188","layer":"settlements_wd","layer_title":"Населённые места: год основания","group":"admin","title":"Эспоо","category":"город","place_text":"Уусимаа","region":"Уусимаа","year_from":1458,"year_to":1960,"date_precision":"open","date_approx":true,"period_raw":"с 1458","summary":"двуязычный город в области Уусимаа на юге Финляндии, входящий в столичную агломерацию","url":"https://ru.wikipedia.org/wiki/%D0%AD%D1%81%D0%BF%D0%BE%D0%BE","image_url":"http://commons.wikimedia.org/wiki/Special:FilePath/Keilaniemi%20ranta%20Espoo%20191021.png","source":"Викиданные","source_id":"Q47034","license":"CC0 (Викиданные)","confidence":"ok"}},{"type":"Feature","id":"settlements_wd:132b2efad2dc","geometry":{"type":"Point","coordinates":[25.471944,65.014167]},"properties":{"uid":"settlements_wd:132b2efad2dc","layer":"settlements_wd","layer_title":"Населённые места: год основания","group":"admin","title":"Оулу","category":"город","place_text":"Северная Остроботния","region":"Северная Остроботния","year_from":1605,"year_to":1960,"date_precision":"open","date_approx":true,"period_raw":"с 1605","summary":"город на северо-западе Финляндии, административный центр области Северной Остроботнии","url":"https://ru.wikipedia.org/wiki/%D0%9E%D1%83%D0%BB%D1%83","image_url":"http://commons.wikimedia.org/wiki/Special:FilePath/Oulu%20City%20Hall%202018.jpg","source":"Викиданные","source_id":"Q47048","license":"CC0 (Викиданные)","confidence":"ok"}},{"type":"Feature","id":"settlements_wd:4cca94c5583e","geometry":{"type":"Point","coordinates":[25.744444,62.240278]},"properties":{"uid":"settlements_wd:4cca94c5583e","layer":"settlements_wd","layer_title":"Населённые места: год основания","group":"admin","title":"Йювяскюля","category":"город","place_text":"Центральная Финляндия","region":"Центральная Финляндия","year_from":1837,"year_to":1960,"date_precision":"open","date_approx":true,"period_raw":"с 1837","summary":"город в Финляндии, административный центр области Центральной Финляндии","url":"https://ru.wikipedia.org/wiki/%D0%99%D1%8E%D0%B2%D1%8F%D1%81%D0%BA%D1%8E%D0%BB%D1%8F","image_url":"http://commons.wikimedia.org/wiki/Special:FilePath/Lutakko%20panorama2.jpg","source":"Викиданные","source_id":"Q134620","license":"CC0 (Викиданные)","confidence":"ok"}},{"type":"Feature","id":"settlements_wd:d9902fa69353","geometry":{"type":"Point","coordinates":[28.886111,61.868056]},"properties":{"uid":"settlements_wd:d9902fa69353","layer":"settlements_wd","layer_title":"Населённые места: год основания","group":"admin","title":"Савонлинна","category":"город","place_text":"Южное Саво","region":"Южное Саво","year_from":1639,"year_to":1960,"date_precision":"open","date_approx":true,"period_raw":"с 1639","summary":"город в области Южном Саво на юго-востоке Финляндии, в городе сохранился замок XV века","url":"https://ru.wikipedia.org/wiki/%D0%A1%D0%B0%D0%B2%D0%BE%D0%BD%D0%BB%D0%B8%D0%BD%D0%BD%D0%B0","image_url":"http://commons.wikimedia.org/wiki/Special:FilePath/View%20at%20the%20Savonlinnas%20Cathedral.jpg","source":"Викиданные","source_id":"Q683512","license":"CC0 (Викиданные)","confidence":"ok"}},{"type":"Feature","id":"settlements_wd:df932286c332","geometry":{"type":"Point","coordinates":[28.182791,61.06589]},"properties":{"uid":"settlements_wd:df932286c332","layer":"settlements_wd","layer_title":"Населённые места: год основания","group":"admin","title":"Крепость Лаппеэнранты","category":"крепость","place_text":"Лаппеэнранта","region":"Лаппеэнранта","year_from":1721,"year_to":1960,"date_precision":"open","date_approx":true,"period_raw":"с 1721","url":"https://ru.wikipedia.org/wiki/%D0%92%D0%B8%D0%BB%D1%8C%D0%BC%D0%B0%D0%BD%D1%81%D1%82%D1%80%D0%B0%D0%BD%D0%B4%D1%81%D0%BA%D0%B0%D1%8F_%D0%BA%D1%80%D0%B5%D0%BF%D0%BE%D1%81%D1%82%D1%8C","image_url":"http://commons.wikimedia.org/wiki/Special:FilePath/De%20Bange%2090%20mm%20Lappeenranta%201.JPG","source":"Викиданные","source_id":"Q11874684","license":"CC0 (Викиданные)","confidence":"ok"}}]}